# WaveFront *.obj file (generated by Autodesk ATF)

mtllib fbca780a-b1b9-4538-879d-5af70baa65b7.mtl

g Body1

v -25.000000 -0.000000 8.000000
v -24.453690 5.197792 8.000000
v -22.838636 10.168416 8.000000
v -20.225425 14.694631 8.000000
v -16.728265 18.578621 8.000000
v -12.500000 21.650635 8.000000
v -7.725425 23.776413 8.000000
v -2.613212 24.863047 8.000000
v 2.613212 24.863047 8.000000
v 7.725425 23.776413 8.000000
v 12.500000 21.650635 8.000000
v 16.728265 18.578621 8.000000
v 20.225425 14.694631 8.000000
v 22.838636 10.168416 8.000000
v 24.453690 5.197792 8.000000
v 25.000000 0.000000 8.000000
v 24.453690 -5.197792 8.000000
v 22.838636 -10.168416 8.000000
v 20.225425 -14.694631 8.000000
v 16.728265 -18.578621 8.000000
v 12.500000 -21.650635 8.000000
v 7.725425 -23.776413 8.000000
v 2.613212 -24.863047 8.000000
v -2.613212 -24.863047 8.000000
v -7.725425 -23.776413 8.000000
v -12.500000 -21.650635 8.000000
v -16.728265 -18.578621 8.000000
v -20.225425 -14.694631 8.000000
v -22.838636 -10.168416 8.000000
v -24.453690 -5.197792 8.000000
v -25.000000 -0.000000 5.000000
v -24.453690 -5.197792 5.000000
v -22.838636 -10.168416 5.000000
v -20.225425 -14.694631 5.000000
v -16.728265 -18.578621 5.000000
v -12.500000 -21.650635 5.000000
v -7.725425 -23.776413 5.000000
v -2.613212 -24.863047 5.000000
v 2.613212 -24.863047 5.000000
v 7.725425 -23.776413 5.000000
v 12.500000 -21.650635 5.000000
v 16.728265 -18.578621 5.000000
v 20.225425 -14.694631 5.000000
v 22.838636 -10.168416 5.000000
v 24.453690 -5.197792 5.000000
v 25.000000 0.000000 5.000000
v 24.453690 5.197792 5.000000
v 22.838636 10.168416 5.000000
v 20.225425 14.694631 5.000000
v 16.728265 18.578621 5.000000
v 12.500000 21.650635 5.000000
v 7.725425 23.776413 5.000000
v 2.613212 24.863047 5.000000
v -2.613212 24.863047 5.000000
v -7.725425 23.776413 5.000000
v -12.500000 21.650635 5.000000
v -16.728265 18.578621 5.000000
v -20.225425 14.694631 5.000000
v -22.838636 10.168416 5.000000
v -24.453690 5.197792 5.000000
v -18.000000 -0.000000 8.000000
v -17.476953 4.307682 8.000000
v -15.938208 8.365017 8.000000
v -13.473193 11.936208 8.000000
v -10.225165 14.813710 8.000000
v -6.382888 16.830292 8.000000
v -2.169660 17.868760 8.000000
v 2.169660 17.868760 8.000000
v 6.382888 16.830292 8.000000
v 10.225165 14.813710 8.000000
v 13.473193 11.936208 8.000000
v 15.938208 8.365017 8.000000
v 17.476953 4.307682 8.000000
v 18.000000 0.000000 8.000000
v 17.476953 -4.307682 8.000000
v 15.938208 -8.365017 8.000000
v 13.473193 -11.936208 8.000000
v 10.225165 -14.813710 8.000000
v 6.382888 -16.830292 8.000000
v 2.169660 -17.868760 8.000000
v -2.169660 -17.868760 8.000000
v -6.382888 -16.830292 8.000000
v -10.225165 -14.813710 8.000000
v -13.473193 -11.936208 8.000000
v -15.938208 -8.365017 8.000000
v -17.476953 -4.307682 8.000000
v 25.310889 17.500000 5.000000
v 25.481260 16.205905 5.000000
v 25.980762 15.000000 5.000000
v 26.775355 13.964466 5.000000
v 27.810889 13.169873 5.000000
v 29.016794 12.670371 5.000000
v 30.310889 12.500000 5.000000
v 31.604984 12.670371 5.000000
v 32.810889 13.169873 5.000000
v 33.846423 13.964466 5.000000
v 34.641016 15.000000 5.000000
v 35.140518 16.205905 5.000000
v 35.310889 17.500000 5.000000
v 35.140518 18.794095 5.000000
v 34.641016 20.000000 5.000000
v 33.846423 21.035534 5.000000
v 32.810889 21.830127 5.000000
v 31.604984 22.329629 5.000000
v 30.310889 22.500000 5.000000
v 29.016794 22.329629 5.000000
v 27.810889 21.830127 5.000000
v 26.775355 21.035534 5.000000
v 25.980762 20.000000 5.000000
v 25.481260 18.794095 5.000000
v 25.310889 17.500000 0.000000
v 25.481260 18.794095 0.000000
v 25.980762 20.000000 0.000000
v 26.775355 21.035534 0.000000
v 27.810889 21.830127 0.000000
v 29.016794 22.329629 0.000000
v 30.310889 22.500000 0.000000
v 31.604984 22.329629 0.000000
v 32.810889 21.830127 0.000000
v 33.846423 21.035534 0.000000
v 34.641016 20.000000 0.000000
v 35.140518 18.794095 0.000000
v 35.310889 17.500000 0.000000
v 35.140518 16.205905 0.000000
v 34.641016 15.000000 0.000000
v 33.846423 13.964466 0.000000
v 32.810889 13.169873 0.000000
v 31.604984 12.670371 0.000000
v 30.310889 12.500000 0.000000
v 29.016794 12.670371 0.000000
v 27.810889 13.169873 0.000000
v 26.775355 13.964466 0.000000
v 25.980762 15.000000 0.000000
v 25.481260 16.205905 0.000000
v 25.310889 -17.500000 5.000000
v 25.481260 -18.794095 5.000000
v 25.980762 -20.000000 5.000000
v 26.775355 -21.035534 5.000000
v 27.810889 -21.830127 5.000000
v 29.016794 -22.329629 5.000000
v 30.310889 -22.500000 5.000000
v 31.604984 -22.329629 5.000000
v 32.810889 -21.830127 5.000000
v 33.846423 -21.035534 5.000000
v 34.641016 -20.000000 5.000000
v 35.140518 -18.794095 5.000000
v 35.310889 -17.500000 5.000000
v 35.140518 -16.205905 5.000000
v 34.641016 -15.000000 5.000000
v 33.846423 -13.964466 5.000000
v 32.810889 -13.169873 5.000000
v 31.604984 -12.670371 5.000000
v 30.310889 -12.500000 5.000000
v 29.016794 -12.670371 5.000000
v 27.810889 -13.169873 5.000000
v 26.775355 -13.964466 5.000000
v 25.980762 -15.000000 5.000000
v 25.481260 -16.205905 5.000000
v 25.310889 -17.500000 0.000000
v 25.481260 -16.205905 0.000000
v 25.980762 -15.000000 0.000000
v 26.775355 -13.964466 0.000000
v 27.810889 -13.169873 0.000000
v 29.016794 -12.670371 0.000000
v 30.310889 -12.500000 0.000000
v 31.604984 -12.670371 0.000000
v 32.810889 -13.169873 0.000000
v 33.846423 -13.964466 0.000000
v 34.641016 -15.000000 0.000000
v 35.140518 -16.205905 0.000000
v 35.310889 -17.500000 0.000000
v 35.140518 -18.794095 0.000000
v 34.641016 -20.000000 0.000000
v 33.846423 -21.035534 0.000000
v 32.810889 -21.830127 0.000000
v 31.604984 -22.329629 0.000000
v 30.310889 -22.500000 0.000000
v 29.016794 -22.329629 0.000000
v 27.810889 -21.830127 0.000000
v 26.775355 -21.035534 0.000000
v 25.980762 -20.000000 0.000000
v 25.481260 -18.794095 0.000000
v -5.000000 -35.000000 5.000000
v -4.829629 -36.294095 5.000000
v -4.330127 -37.500000 5.000000
v -3.535534 -38.535534 5.000000
v -2.500000 -39.330127 5.000000
v -1.294095 -39.829629 5.000000
v -0.000000 -40.000000 5.000000
v 1.294095 -39.829629 5.000000
v 2.500000 -39.330127 5.000000
v 3.535534 -38.535534 5.000000
v 4.330127 -37.500000 5.000000
v 4.829629 -36.294095 5.000000
v 5.000000 -35.000000 5.000000
v 4.829629 -33.705905 5.000000
v 4.330127 -32.500000 5.000000
v 3.535534 -31.464466 5.000000
v 2.500000 -30.669873 5.000000
v 1.294095 -30.170371 5.000000
v -0.000000 -30.000000 5.000000
v -1.294095 -30.170371 5.000000
v -2.500000 -30.669873 5.000000
v -3.535534 -31.464466 5.000000
v -4.330127 -32.500000 5.000000
v -4.829629 -33.705905 5.000000
v -5.000000 -35.000000 0.000000
v -4.829629 -33.705905 0.000000
v -4.330127 -32.500000 0.000000
v -3.535534 -31.464466 0.000000
v -2.500000 -30.669873 0.000000
v -1.294095 -30.170371 0.000000
v -0.000000 -30.000000 0.000000
v 1.294095 -30.170371 0.000000
v 2.500000 -30.669873 0.000000
v 3.535534 -31.464466 0.000000
v 4.330127 -32.500000 0.000000
v 4.829629 -33.705905 0.000000
v 5.000000 -35.000000 0.000000
v 4.829629 -36.294095 0.000000
v 4.330127 -37.500000 0.000000
v 3.535534 -38.535534 0.000000
v 2.500000 -39.330127 0.000000
v 1.294095 -39.829629 0.000000
v -0.000000 -40.000000 0.000000
v -1.294095 -39.829629 0.000000
v -2.500000 -39.330127 0.000000
v -3.535534 -38.535534 0.000000
v -4.330127 -37.500000 0.000000
v -4.829629 -36.294095 0.000000
v -35.310889 17.500000 5.000000
v -35.140518 16.205905 5.000000
v -34.641016 15.000000 5.000000
v -33.846423 13.964466 5.000000
v -32.810889 13.169873 5.000000
v -31.604984 12.670371 5.000000
v -30.310889 12.500000 5.000000
v -29.016794 12.670371 5.000000
v -27.810889 13.169873 5.000000
v -26.775355 13.964466 5.000000
v -25.980762 15.000000 5.000000
v -25.481260 16.205905 5.000000
v -25.310889 17.500000 5.000000
v -25.481260 18.794095 5.000000
v -25.980762 20.000000 5.000000
v -26.775355 21.035534 5.000000
v -27.810889 21.830127 5.000000
v -29.016794 22.329629 5.000000
v -30.310889 22.500000 5.000000
v -31.604984 22.329629 5.000000
v -32.810889 21.830127 5.000000
v -33.846423 21.035534 5.000000
v -34.641016 20.000000 5.000000
v -35.140518 18.794095 5.000000
v -35.310889 17.500000 0.000000
v -35.140518 18.794095 0.000000
v -34.641016 20.000000 0.000000
v -33.846423 21.035534 0.000000
v -32.810889 21.830127 0.000000
v -31.604984 22.329629 0.000000
v -30.310889 22.500000 0.000000
v -29.016794 22.329629 0.000000
v -27.810889 21.830127 0.000000
v -26.775355 21.035534 0.000000
v -25.980762 20.000000 0.000000
v -25.481260 18.794095 0.000000
v -25.310889 17.500000 0.000000
v -25.481260 16.205905 0.000000
v -25.980762 15.000000 0.000000
v -26.775355 13.964466 0.000000
v -27.810889 13.169873 0.000000
v -29.016794 12.670371 0.000000
v -30.310889 12.500000 0.000000
v -31.604984 12.670371 0.000000
v -32.810889 13.169873 0.000000
v -33.846423 13.964466 0.000000
v -34.641016 15.000000 0.000000
v -35.140518 16.205905 0.000000
v -18.000000 -0.000000 0.000000
v -17.476953 4.307682 0.000000
v -15.938208 8.365017 0.000000
v -13.473193 11.936208 0.000000
v -10.225165 14.813710 0.000000
v -6.382888 16.830292 0.000000
v -2.169660 17.868760 0.000000
v 2.169660 17.868760 0.000000
v 6.382888 16.830292 0.000000
v 10.225165 14.813710 0.000000
v 13.473193 11.936208 0.000000
v 15.938208 8.365017 0.000000
v 17.476953 4.307682 0.000000
v 18.000000 0.000000 0.000000
v 17.476953 -4.307682 0.000000
v 15.938208 -8.365017 0.000000
v 13.473193 -11.936208 0.000000
v 10.225165 -14.813710 0.000000
v 6.382888 -16.830292 0.000000
v 2.169660 -17.868760 0.000000
v -2.169660 -17.868760 0.000000
v -6.382888 -16.830292 0.000000
v -10.225165 -14.813710 0.000000
v -13.473193 -11.936208 0.000000
v -15.938208 -8.365017 0.000000
v -17.476953 -4.307682 0.000000
v -35.310889 -17.500000 5.000000
v -35.140518 -18.794095 5.000000
v -34.641016 -20.000000 5.000000
v -33.846423 -21.035534 5.000000
v -32.810889 -21.830127 5.000000
v -31.604984 -22.329629 5.000000
v -30.310889 -22.500000 5.000000
v -29.016794 -22.329629 5.000000
v -27.810889 -21.830127 5.000000
v -26.775355 -21.035534 5.000000
v -25.980762 -20.000000 5.000000
v -25.481260 -18.794095 5.000000
v -25.310889 -17.500000 5.000000
v -25.481260 -16.205905 5.000000
v -25.980762 -15.000000 5.000000
v -26.775355 -13.964466 5.000000
v -27.810889 -13.169873 5.000000
v -29.016794 -12.670371 5.000000
v -30.310889 -12.500000 5.000000
v -31.604984 -12.670371 5.000000
v -32.810889 -13.169873 5.000000
v -33.846423 -13.964466 5.000000
v -34.641016 -15.000000 5.000000
v -35.140518 -16.205905 5.000000
v -35.310889 -17.500000 0.000000
v -35.140518 -16.205905 0.000000
v -34.641016 -15.000000 0.000000
v -33.846423 -13.964466 0.000000
v -32.810889 -13.169873 0.000000
v -31.604984 -12.670371 0.000000
v -30.310889 -12.500000 0.000000
v -29.016794 -12.670371 0.000000
v -27.810889 -13.169873 0.000000
v -26.775355 -13.964466 0.000000
v -25.980762 -15.000000 0.000000
v -25.481260 -16.205905 0.000000
v -25.310889 -17.500000 0.000000
v -25.481260 -18.794095 0.000000
v -25.980762 -20.000000 0.000000
v -26.775355 -21.035534 0.000000
v -27.810889 -21.830127 0.000000
v -29.016794 -22.329629 0.000000
v -30.310889 -22.500000 0.000000
v -31.604984 -22.329629 0.000000
v -32.810889 -21.830127 0.000000
v -33.846423 -21.035534 0.000000
v -34.641016 -20.000000 0.000000
v -35.140518 -18.794095 0.000000
v -5.000000 35.000000 5.000000
v -4.829629 33.705905 5.000000
v -4.330127 32.500000 5.000000
v -3.535534 31.464466 5.000000
v -2.500000 30.669873 5.000000
v -1.294095 30.170371 5.000000
v 0.000000 30.000000 5.000000
v 1.294095 30.170371 5.000000
v 2.500000 30.669873 5.000000
v 3.535534 31.464466 5.000000
v 4.330127 32.500000 5.000000
v 4.829629 33.705905 5.000000
v 5.000000 35.000000 5.000000
v 4.829629 36.294095 5.000000
v 4.330127 37.500000 5.000000
v 3.535534 38.535534 5.000000
v 2.500000 39.330127 5.000000
v 1.294095 39.829629 5.000000
v 0.000000 40.000000 5.000000
v -1.294095 39.829629 5.000000
v -2.500000 39.330127 5.000000
v -3.535534 38.535534 5.000000
v -4.330127 37.500000 5.000000
v -4.829629 36.294095 5.000000
v -5.000000 35.000000 0.000000
v -4.829629 36.294095 0.000000
v -4.330127 37.500000 0.000000
v -3.535534 38.535534 0.000000
v -2.500000 39.330127 0.000000
v -1.294095 39.829629 0.000000
v 0.000000 40.000000 0.000000
v 1.294095 39.829629 0.000000
v 2.500000 39.330127 0.000000
v 3.535534 38.535534 0.000000
v 4.330127 37.500000 0.000000
v 4.829629 36.294095 0.000000
v 5.000000 35.000000 0.000000
v 4.829629 33.705905 0.000000
v 4.330127 32.500000 0.000000
v 3.535534 31.464466 0.000000
v 2.500000 30.669873 0.000000
v 1.294095 30.170371 0.000000
v 0.000000 30.000000 0.000000
v -1.294095 30.170371 0.000000
v -2.500000 30.669873 0.000000
v -3.535534 31.464466 0.000000
v -4.330127 32.500000 0.000000
v -4.829629 33.705905 0.000000
v 40.063831 24.163805 0.000000
v 41.918607 25.511378 0.000000
v 41.918607 25.511378 5.000000
v 40.063831 24.163805 5.000000
v 39.484533 21.586376 0.000000
v 39.306542 22.031909 0.000000
v 39.239777 22.507012 0.000000
v 39.288081 22.984346 0.000000
v 39.448673 23.436441 0.000000
v 39.712314 23.837283 0.000000
v 39.712314 23.837283 5.000000
v 39.448673 23.436441 5.000000
v 39.288081 22.984346 5.000000
v 39.239777 22.507012 5.000000
v 39.306542 22.031909 5.000000
v 39.484533 21.586376 5.000000
v 40.672172 19.255505 0.000000
v 40.291376 20.040086 0.000000
v 39.895447 20.817141 0.000000
v 39.895447 20.817141 5.000000
v 40.291376 20.040086 5.000000
v 40.672172 19.255505 5.000000
v 43.097858 18.209192 0.000000
v 42.627080 18.116733 0.000000
v 42.147828 18.139053 0.000000
v 41.687681 18.274865 0.000000
v 41.273118 18.516356 0.000000
v 40.927995 18.849629 0.000000
v 40.927995 18.849629 5.000000
v 41.273118 18.516356 5.000000
v 41.687681 18.274865 5.000000
v 42.147828 18.139053 5.000000
v 42.627080 18.116733 5.000000
v 43.097858 18.209192 5.000000
v 45.278277 18.917653 0.000000
v 45.278277 18.917653 5.000000
v 46.517647 18.333262 0.000000
v 46.397079 18.553323 0.000000
v 46.225524 18.736443 0.000000
v 46.013783 18.871089 0.000000
v 45.775189 18.948786 0.000000
v 45.524765 18.964640 0.000000
v 45.524765 18.964640 5.000000
v 45.775189 18.948786 5.000000
v 46.013783 18.871089 5.000000
v 46.225524 18.736443 5.000000
v 46.397079 18.553323 5.000000
v 46.517647 18.333262 5.000000
v 48.409588 12.510467 0.000000
v 47.858410 14.476623 0.000000
v 47.227412 16.418634 0.000000
v 47.227412 16.418634 5.000000
v 47.858410 14.476623 5.000000
v 48.409588 12.510467 5.000000
v 47.750413 11.309201 0.000000
v 47.977444 11.416070 0.000000
v 48.170723 11.576092 0.000000
v 48.318081 11.779191 0.000000
v 48.410239 12.012581 0.000000
v 48.441396 12.261565 0.000000
v 48.441396 12.261565 5.000000
v 48.410239 12.012581 5.000000
v 48.318081 11.779191 5.000000
v 48.170723 11.576092 5.000000
v 47.977444 11.416070 5.000000
v 47.750413 11.309201 5.000000
v 45.569994 10.600740 0.000000
v 45.569994 10.600740 5.000000
v 44.222580 8.328472 0.000000
v 44.190977 8.807202 0.000000
v 44.274295 9.279683 0.000000
v 44.467739 9.718727 0.000000
v 44.760177 10.099070 0.000000
v 45.134781 10.398824 0.000000
v 45.134781 10.398824 5.000000
v 44.760177 10.099070 5.000000
v 44.467739 9.718727 5.000000
v 44.274295 9.279683 5.000000
v 44.190977 8.807202 5.000000
v 44.222580 8.328472 5.000000
v 44.631812 5.744681 0.000000
v 44.512103 6.608535 0.000000
v 44.375675 7.469906 0.000000
v 44.375675 7.469906 5.000000
v 44.512103 6.608535 5.000000
v 44.631812 5.744681 5.000000
v 46.615448 4.000000 0.000000
v 46.139140 4.057545 0.000000
v 45.690242 4.226869 0.000000
v 45.294584 4.498228 0.000000
v 44.974936 4.856007 0.000000
v 44.749692 5.279616 0.000000
v 44.749692 5.279616 5.000000
v 44.974936 4.856007 5.000000
v 45.294584 4.498228 5.000000
v 45.690242 4.226869 5.000000
v 46.139140 4.057545 5.000000
v 46.615448 4.000000 5.000000
v 48.908077 4.000000 0.000000
v 48.908077 4.000000 5.000000
v 49.906201 3.061224 0.000000
v 49.859537 3.307773 0.000000
v 49.752965 3.534943 0.000000
v 49.593196 3.728431 0.000000
v 49.390289 3.876055 0.000000
v 49.157020 3.968518 0.000000
v 49.157020 3.968518 5.000000
v 49.390289 3.876055 5.000000
v 49.593196 3.728431 5.000000
v 49.752965 3.534943 5.000000
v 49.859537 3.307773 5.000000
v 49.906201 3.061224 5.000000
v 49.906201 -3.061225 0.000000
v 49.989575 -1.020976 0.000000
v 49.989575 1.020976 0.000000
v 49.989575 1.020976 5.000000
v 49.989575 -1.020976 5.000000
v 49.906201 -3.061225 5.000000
v 48.908077 -4.000000 0.000000
v 49.157020 -3.968518 0.000000
v 49.390289 -3.876055 0.000000
v 49.593196 -3.728431 0.000000
v 49.752965 -3.534943 0.000000
v 49.859537 -3.307773 0.000000
v 49.859537 -3.307773 5.000000
v 49.752965 -3.534943 5.000000
v 49.593196 -3.728431 5.000000
v 49.390289 -3.876055 5.000000
v 49.157020 -3.968518 5.000000
v 48.908077 -4.000000 5.000000
v 46.615448 -4.000000 0.000000
v 46.615448 -4.000000 5.000000
v 44.631812 -5.744681 0.000000
v 44.749692 -5.279616 0.000000
v 44.974936 -4.856007 0.000000
v 45.294584 -4.498228 0.000000
v 45.690242 -4.226869 0.000000
v 46.139140 -4.057545 0.000000
v 46.139140 -4.057545 5.000000
v 45.690242 -4.226869 5.000000
v 45.294584 -4.498228 5.000000
v 44.974936 -4.856007 5.000000
v 44.749692 -5.279616 5.000000
v 44.631812 -5.744681 5.000000
v 44.222580 -8.328472 0.000000
v 44.375675 -7.469906 0.000000
v 44.512103 -6.608535 0.000000
v 44.512103 -6.608535 5.000000
v 44.375675 -7.469906 5.000000
v 44.222580 -8.328472 5.000000
v 45.569994 -10.600740 0.000000
v 45.134780 -10.398824 0.000000
v 44.760177 -10.099070 0.000000
v 44.467739 -9.718727 0.000000
v 44.274295 -9.279683 0.000000
v 44.190977 -8.807202 0.000000
v 44.190977 -8.807202 5.000000
v 44.274295 -9.279683 5.000000
v 44.467739 -9.718727 5.000000
v 44.760177 -10.099070 5.000000
v 45.134780 -10.398824 5.000000
v 45.569994 -10.600740 5.000000
v 47.750413 -11.309201 0.000000
v 47.750413 -11.309201 5.000000
v 48.409588 -12.510467 0.000000
v 48.441396 -12.261565 0.000000
v 48.410239 -12.012581 0.000000
v 48.318081 -11.779191 0.000000
v 48.170723 -11.576092 0.000000
v 47.977444 -11.416070 0.000000
v 47.977444 -11.416070 5.000000
v 48.170723 -11.576092 5.000000
v 48.318081 -11.779191 5.000000
v 48.410239 -12.012581 5.000000
v 48.441396 -12.261565 5.000000
v 48.409588 -12.510467 5.000000
v 46.517647 -18.333262 0.000000
v 47.227412 -16.418634 0.000000
v 47.858410 -14.476623 0.000000
v 47.858410 -14.476623 5.000000
v 47.227412 -16.418634 5.000000
v 46.517647 -18.333262 5.000000
v 45.278277 -18.917653 0.000000
v 45.524765 -18.964640 0.000000
v 45.775189 -18.948786 0.000000
v 46.013783 -18.871089 0.000000
v 46.225524 -18.736443 0.000000
v 46.397079 -18.553323 0.000000
v 46.397079 -18.553323 5.000000
v 46.225524 -18.736443 5.000000
v 46.013783 -18.871089 5.000000
v 45.775189 -18.948786 5.000000
v 45.524765 -18.964640 5.000000
v 45.278277 -18.917653 5.000000
v 43.097858 -18.209192 0.000000
v 43.097858 -18.209192 5.000000
v 40.672172 -19.255505 0.000000
v 40.927995 -18.849629 0.000000
v 41.273118 -18.516356 0.000000
v 41.687681 -18.274865 0.000000
v 42.147828 -18.139053 0.000000
v 42.627080 -18.116733 0.000000
v 42.627080 -18.116733 5.000000
v 42.147828 -18.139053 5.000000
v 41.687681 -18.274865 5.000000
v 41.273118 -18.516356 5.000000
v 40.927995 -18.849629 5.000000
v 40.672172 -19.255505 5.000000
v 39.484533 -21.586376 0.000000
v 39.895447 -20.817141 0.000000
v 40.291376 -20.040086 0.000000
v 40.291376 -20.040086 5.000000
v 39.895447 -20.817141 5.000000
v 39.484533 -21.586376 5.000000
v 40.063831 -24.163805 0.000000
v 39.712314 -23.837283 0.000000
v 39.448673 -23.436441 0.000000
v 39.288081 -22.984346 0.000000
v 39.239777 -22.507012 0.000000
v 39.306542 -22.031909 0.000000
v 39.306542 -22.031909 5.000000
v 39.239777 -22.507012 5.000000
v 39.288081 -22.984346 5.000000
v 39.448673 -23.436441 5.000000
v 39.712314 -23.837283 5.000000
v 40.063831 -24.163805 5.000000
v 41.918607 -25.511378 0.000000
v 41.918607 -25.511378 5.000000
v 42.174307 -26.857546 0.000000
v 42.281473 -26.630656 0.000000
v 42.328782 -26.384230 0.000000
v 42.313255 -26.133785 0.000000
v 42.235871 -25.895089 0.000000
v 42.101501 -25.683173 0.000000
v 42.101501 -25.683173 5.000000
v 42.235871 -25.895089 5.000000
v 42.313255 -26.133785 5.000000
v 42.328782 -26.384230 5.000000
v 42.281473 -26.630656 5.000000
v 42.174307 -26.857546 5.000000
v 38.575622 -31.810712 0.000000
v 39.842301 -30.209122 0.000000
v 41.042530 -28.557148 0.000000
v 41.042530 -28.557148 5.000000
v 39.842301 -30.209122 5.000000
v 38.575622 -31.810712 5.000000
v 37.216324 -31.983514 0.000000
v 37.436228 -32.104370 0.000000
v 37.679295 -32.166678 0.000000
v 37.930221 -32.166513 0.000000
v 38.173207 -32.103888 0.000000
v 38.392952 -31.982745 0.000000
v 38.392952 -31.982745 5.000000
v 38.173207 -32.103888 5.000000
v 37.930221 -32.166513 5.000000
v 37.679295 -32.166678 5.000000
v 37.436228 -32.104370 5.000000
v 37.216324 -31.983514 5.000000
v 35.361549 -30.635941 0.000000
v 35.361549 -30.635941 5.000000
v 32.731256 -30.881465 0.000000
v 33.099980 -30.574508 0.000000
v 33.531199 -30.364196 0.000000
v 34.000096 -30.262632 0.000000
v 34.479691 -30.275659 0.000000
v 34.942383 -30.402529 0.000000
v 34.942383 -30.402529 5.000000
v 34.479691 -30.275659 5.000000
v 34.000096 -30.262632 5.000000
v 33.531199 -30.364196 5.000000
v 33.099980 -30.574508 5.000000
v 32.731256 -30.881465 5.000000
v 30.881465 -32.731256 0.000000
v 31.509974 -32.126648 0.000000
v 32.126648 -31.509974 0.000000
v 32.126648 -31.509974 5.000000
v 31.509974 -32.126648 5.000000
v 30.881465 -32.731256 5.000000
v 30.635941 -35.361549 0.000000
v 30.402529 -34.942383 0.000000
v 30.275659 -34.479691 0.000000
v 30.262632 -34.000096 0.000000
v 30.364196 -33.531199 0.000000
v 30.574508 -33.099980 0.000000
v 30.574508 -33.099980 5.000000
v 30.364196 -33.531199 5.000000
v 30.262632 -34.000096 5.000000
v 30.275659 -34.479691 5.000000
v 30.402529 -34.942383 5.000000
v 30.635941 -35.361549 5.000000
v 31.983514 -37.216324 0.000000
v 31.983514 -37.216324 5.000000
v 31.810712 -38.575622 0.000000
v 31.982745 -38.392952 0.000000
v 32.103888 -38.173207 0.000000
v 32.166513 -37.930221 0.000000
v 32.166678 -37.679295 0.000000
v 32.104370 -37.436228 0.000000
v 32.104370 -37.436228 5.000000
v 32.166678 -37.679295 5.000000
v 32.166513 -37.930221 5.000000
v 32.103888 -38.173207 5.000000
v 31.982745 -38.392952 5.000000
v 31.810712 -38.575622 5.000000
v 26.857546 -42.174307 0.000000
v 28.557148 -41.042530 0.000000
v 30.209122 -39.842301 0.000000
v 30.209122 -39.842301 5.000000
v 28.557148 -41.042530 5.000000
v 26.857546 -42.174307 5.000000
v 25.511378 -41.918607 0.000000
v 25.683173 -42.101501 0.000000
v 25.895089 -42.235871 0.000000
v 26.133785 -42.313255 0.000000
v 26.384230 -42.328782 0.000000
v 26.630656 -42.281473 0.000000
v 26.630656 -42.281473 5.000000
v 26.384230 -42.328782 5.000000
v 26.133785 -42.313255 5.000000
v 25.895089 -42.235871 5.000000
v 25.683173 -42.101501 5.000000
v 25.511378 -41.918607 5.000000
v 24.163805 -40.063831 0.000000
v 24.163805 -40.063831 5.000000
v 21.586376 -39.484533 0.000000
v 22.031909 -39.306542 0.000000
v 22.507012 -39.239777 0.000000
v 22.984346 -39.288081 0.000000
v 23.436441 -39.448673 0.000000
v 23.837283 -39.712314 0.000000
v 23.837283 -39.712314 5.000000
v 23.436441 -39.448673 5.000000
v 22.984346 -39.288081 5.000000
v 22.507012 -39.239777 5.000000
v 22.031909 -39.306542 5.000000
v 21.586376 -39.484533 5.000000
v 19.255505 -40.672172 0.000000
v 20.040086 -40.291376 0.000000
v 20.817141 -39.895447 0.000000
v 20.817141 -39.895447 5.000000
v 20.040086 -40.291376 5.000000
v 19.255505 -40.672172 5.000000
v 18.209192 -43.097858 0.000000
v 18.116733 -42.627080 0.000000
v 18.139053 -42.147828 0.000000
v 18.274865 -41.687681 0.000000
v 18.516356 -41.273118 0.000000
v 18.849629 -40.927995 0.000000
v 18.849629 -40.927995 5.000000
v 18.516356 -41.273118 5.000000
v 18.274865 -41.687681 5.000000
v 18.139053 -42.147828 5.000000
v 18.116733 -42.627080 5.000000
v 18.209192 -43.097858 5.000000
v 18.917653 -45.278277 0.000000
v 18.917653 -45.278277 5.000000
v 18.333262 -46.517647 0.000000
v 18.553323 -46.397079 0.000000
v 18.736443 -46.225524 0.000000
v 18.871089 -46.013783 0.000000
v 18.948786 -45.775189 0.000000
v 18.964640 -45.524765 0.000000
v 18.964640 -45.524765 5.000000
v 18.948786 -45.775189 5.000000
v 18.871089 -46.013783 5.000000
v 18.736443 -46.225524 5.000000
v 18.553323 -46.397079 5.000000
v 18.333262 -46.517647 5.000000
v 12.510467 -48.409588 0.000000
v 14.476623 -47.858410 0.000000
v 16.418634 -47.227412 0.000000
v 16.418634 -47.227412 5.000000
v 14.476623 -47.858410 5.000000
v 12.510467 -48.409588 5.000000
v 11.309201 -47.750413 0.000000
v 11.416070 -47.977444 0.000000
v 11.576092 -48.170723 0.000000
v 11.779191 -48.318081 0.000000
v 12.012581 -48.410239 0.000000
v 12.261565 -48.441396 0.000000
v 12.261565 -48.441396 5.000000
v 12.012581 -48.410239 5.000000
v 11.779191 -48.318081 5.000000
v 11.576092 -48.170723 5.000000
v 11.416070 -47.977444 5.000000
v 11.309201 -47.750413 5.000000
v 10.600740 -45.569994 0.000000
v 10.600740 -45.569994 5.000000
v 8.328472 -44.222580 0.000000
v 8.807202 -44.190977 0.000000
v 9.279683 -44.274295 0.000000
v 9.718727 -44.467739 0.000000
v 10.099070 -44.760177 0.000000
v 10.398824 -45.134781 0.000000
v 10.398824 -45.134781 5.000000
v 10.099070 -44.760177 5.000000
v 9.718727 -44.467739 5.000000
v 9.279683 -44.274295 5.000000
v 8.807202 -44.190977 5.000000
v 8.328472 -44.222580 5.000000
v 5.744681 -44.631812 0.000000
v 6.608535 -44.512103 0.000000
v 7.469906 -44.375675 0.000000
v 7.469906 -44.375675 5.000000
v 6.608535 -44.512103 5.000000
v 5.744681 -44.631812 5.000000
v 4.000000 -46.615448 0.000000
v 4.057545 -46.139140 0.000000
v 4.226869 -45.690242 0.000000
v 4.498228 -45.294584 0.000000
v 4.856007 -44.974936 0.000000
v 5.279616 -44.749692 0.000000
v 5.279616 -44.749692 5.000000
v 4.856007 -44.974936 5.000000
v 4.498228 -45.294584 5.000000
v 4.226869 -45.690242 5.000000
v 4.057545 -46.139140 5.000000
v 4.000000 -46.615448 5.000000
v 4.000000 -48.908077 0.000000
v 4.000000 -48.908077 5.000000
v 3.061224 -49.906201 0.000000
v 3.307773 -49.859537 0.000000
v 3.534943 -49.752965 0.000000
v 3.728431 -49.593196 0.000000
v 3.876055 -49.390289 0.000000
v 3.968518 -49.157020 0.000000
v 3.968518 -49.157020 5.000000
v 3.876055 -49.390289 5.000000
v 3.728431 -49.593196 5.000000
v 3.534943 -49.752965 5.000000
v 3.307773 -49.859537 5.000000
v 3.061224 -49.906201 5.000000
v -3.061225 -49.906201 0.000000
v -1.020976 -49.989575 0.000000
v 1.020976 -49.989575 0.000000
v 1.020976 -49.989575 5.000000
v -1.020976 -49.989575 5.000000
v -3.061225 -49.906201 5.000000
v -4.000000 -48.908077 0.000000
v -3.968518 -49.157020 0.000000
v -3.876055 -49.390289 0.000000
v -3.728431 -49.593196 0.000000
v -3.534943 -49.752965 0.000000
v -3.307773 -49.859537 0.000000
v -3.307773 -49.859537 5.000000
v -3.534943 -49.752965 5.000000
v -3.728431 -49.593196 5.000000
v -3.876055 -49.390289 5.000000
v -3.968518 -49.157020 5.000000
v -4.000000 -48.908077 5.000000
v -4.000000 -46.615448 0.000000
v -4.000000 -46.615448 5.000000
v -5.744681 -44.631812 0.000000
v -5.279616 -44.749692 0.000000
v -4.856007 -44.974936 0.000000
v -4.498228 -45.294584 0.000000
v -4.226869 -45.690242 0.000000
v -4.057545 -46.139140 0.000000
v -4.057545 -46.139140 5.000000
v -4.226869 -45.690242 5.000000
v -4.498228 -45.294584 5.000000
v -4.856007 -44.974936 5.000000
v -5.279616 -44.749692 5.000000
v -5.744681 -44.631812 5.000000
v -8.328472 -44.222580 0.000000
v -7.469906 -44.375675 0.000000
v -6.608535 -44.512103 0.000000
v -6.608535 -44.512103 5.000000
v -7.469906 -44.375675 5.000000
v -8.328472 -44.222580 5.000000
v -10.600740 -45.569994 0.000000
v -10.398824 -45.134780 0.000000
v -10.099070 -44.760177 0.000000
v -9.718727 -44.467739 0.000000
v -9.279683 -44.274295 0.000000
v -8.807202 -44.190977 0.000000
v -8.807202 -44.190977 5.000000
v -9.279683 -44.274295 5.000000
v -9.718727 -44.467739 5.000000
v -10.099070 -44.760177 5.000000
v -10.398824 -45.134780 5.000000
v -10.600740 -45.569994 5.000000
v -11.309201 -47.750413 0.000000
v -11.309201 -47.750413 5.000000
v -12.510467 -48.409588 0.000000
v -12.261565 -48.441396 0.000000
v -12.012581 -48.410239 0.000000
v -11.779191 -48.318081 0.000000
v -11.576092 -48.170723 0.000000
v -11.416070 -47.977444 0.000000
v -11.416070 -47.977444 5.000000
v -11.576092 -48.170723 5.000000
v -11.779191 -48.318081 5.000000
v -12.012581 -48.410239 5.000000
v -12.261565 -48.441396 5.000000
v -12.510467 -48.409588 5.000000
v -18.333262 -46.517647 0.000000
v -16.418634 -47.227412 0.000000
v -14.476623 -47.858410 0.000000
v -14.476623 -47.858410 5.000000
v -16.418634 -47.227412 5.000000
v -18.333262 -46.517647 5.000000
v -18.917653 -45.278277 0.000000
v -18.964640 -45.524765 0.000000
v -18.948786 -45.775189 0.000000
v -18.871089 -46.013783 0.000000
v -18.736443 -46.225524 0.000000
v -18.553323 -46.397079 0.000000
v -18.553323 -46.397079 5.000000
v -18.736443 -46.225524 5.000000
v -18.871089 -46.013783 5.000000
v -18.948786 -45.775189 5.000000
v -18.964640 -45.524765 5.000000
v -18.917653 -45.278277 5.000000
v -18.209192 -43.097858 0.000000
v -18.209192 -43.097858 5.000000
v -19.255505 -40.672172 0.000000
v -18.849629 -40.927995 0.000000
v -18.516356 -41.273118 0.000000
v -18.274865 -41.687681 0.000000
v -18.139053 -42.147828 0.000000
v -18.116733 -42.627080 0.000000
v -18.116733 -42.627080 5.000000
v -18.139053 -42.147828 5.000000
v -18.274865 -41.687681 5.000000
v -18.516356 -41.273118 5.000000
v -18.849629 -40.927995 5.000000
v -19.255505 -40.672172 5.000000
v -21.586376 -39.484533 0.000000
v -20.817141 -39.895447 0.000000
v -20.040086 -40.291376 0.000000
v -20.040086 -40.291376 5.000000
v -20.817141 -39.895447 5.000000
v -21.586376 -39.484533 5.000000
v -24.163805 -40.063831 0.000000
v -23.837283 -39.712314 0.000000
v -23.436441 -39.448673 0.000000
v -22.984346 -39.288081 0.000000
v -22.507012 -39.239777 0.000000
v -22.031909 -39.306542 0.000000
v -22.031909 -39.306542 5.000000
v -22.507012 -39.239777 5.000000
v -22.984346 -39.288081 5.000000
v -23.436441 -39.448673 5.000000
v -23.837283 -39.712314 5.000000
v -24.163805 -40.063831 5.000000
v -25.511378 -41.918607 0.000000
v -25.511378 -41.918607 5.000000
v -26.857546 -42.174307 0.000000
v -26.630656 -42.281473 0.000000
v -26.384230 -42.328782 0.000000
v -26.133785 -42.313255 0.000000
v -25.895089 -42.235871 0.000000
v -25.683173 -42.101501 0.000000
v -25.683173 -42.101501 5.000000
v -25.895089 -42.235871 5.000000
v -26.133785 -42.313255 5.000000
v -26.384230 -42.328782 5.000000
v -26.630656 -42.281473 5.000000
v -26.857546 -42.174307 5.000000
v -31.810712 -38.575622 0.000000
v -30.209122 -39.842301 0.000000
v -28.557148 -41.042530 0.000000
v -28.557148 -41.042530 5.000000
v -30.209122 -39.842301 5.000000
v -31.810712 -38.575622 5.000000
v -31.983514 -37.216324 0.000000
v -32.104370 -37.436228 0.000000
v -32.166678 -37.679295 0.000000
v -32.166513 -37.930221 0.000000
v -32.103888 -38.173207 0.000000
v -31.982745 -38.392952 0.000000
v -31.982745 -38.392952 5.000000
v -32.103888 -38.173207 5.000000
v -32.166513 -37.930221 5.000000
v -32.166678 -37.679295 5.000000
v -32.104370 -37.436228 5.000000
v -31.983514 -37.216324 5.000000
v -30.635941 -35.361549 0.000000
v -30.635941 -35.361549 5.000000
v -30.881465 -32.731256 0.000000
v -30.574508 -33.099980 0.000000
v -30.364196 -33.531199 0.000000
v -30.262632 -34.000096 0.000000
v -30.275659 -34.479691 0.000000
v -30.402529 -34.942383 0.000000
v -30.402529 -34.942383 5.000000
v -30.275659 -34.479691 5.000000
v -30.262632 -34.000096 5.000000
v -30.364196 -33.531199 5.000000
v -30.574508 -33.099980 5.000000
v -30.881465 -32.731256 5.000000
v -32.731256 -30.881465 0.000000
v -32.126648 -31.509974 0.000000
v -31.509974 -32.126648 0.000000
v -31.509974 -32.126648 5.000000
v -32.126648 -31.509974 5.000000
v -32.731256 -30.881465 5.000000
v -35.361549 -30.635941 0.000000
v -34.942383 -30.402529 0.000000
v -34.479691 -30.275659 0.000000
v -34.000096 -30.262632 0.000000
v -33.531199 -30.364196 0.000000
v -33.099980 -30.574508 0.000000
v -33.099980 -30.574508 5.000000
v -33.531199 -30.364196 5.000000
v -34.000096 -30.262632 5.000000
v -34.479691 -30.275659 5.000000
v -34.942383 -30.402529 5.000000
v -35.361549 -30.635941 5.000000
v -37.216324 -31.983514 0.000000
v -37.216324 -31.983514 5.000000
v -38.575622 -31.810712 0.000000
v -38.392952 -31.982745 0.000000
v -38.173207 -32.103888 0.000000
v -37.930221 -32.166513 0.000000
v -37.679295 -32.166678 0.000000
v -37.436228 -32.104370 0.000000
v -37.436228 -32.104370 5.000000
v -37.679295 -32.166678 5.000000
v -37.930221 -32.166513 5.000000
v -38.173207 -32.103888 5.000000
v -38.392952 -31.982745 5.000000
v -38.575622 -31.810712 5.000000
v -42.174307 -26.857546 0.000000
v -41.042530 -28.557148 0.000000
v -39.842301 -30.209122 0.000000
v -39.842301 -30.209122 5.000000
v -41.042530 -28.557148 5.000000
v -42.174307 -26.857546 5.000000
v -41.918607 -25.511378 0.000000
v -42.101501 -25.683173 0.000000
v -42.235871 -25.895089 0.000000
v -42.313255 -26.133785 0.000000
v -42.328782 -26.384230 0.000000
v -42.281473 -26.630656 0.000000
v -42.281473 -26.630656 5.000000
v -42.328782 -26.384230 5.000000
v -42.313255 -26.133785 5.000000
v -42.235871 -25.895089 5.000000
v -42.101501 -25.683173 5.000000
v -41.918607 -25.511378 5.000000
v -40.063831 -24.163805 0.000000
v -40.063831 -24.163805 5.000000
v -39.484533 -21.586376 0.000000
v -39.306542 -22.031909 0.000000
v -39.239777 -22.507012 0.000000
v -39.288081 -22.984346 0.000000
v -39.448673 -23.436441 0.000000
v -39.712314 -23.837283 0.000000
v -39.712314 -23.837283 5.000000
v -39.448673 -23.436441 5.000000
v -39.288081 -22.984346 5.000000
v -39.239777 -22.507012 5.000000
v -39.306542 -22.031909 5.000000
v -39.484533 -21.586376 5.000000
v -40.672172 -19.255505 0.000000
v -40.291376 -20.040086 0.000000
v -39.895447 -20.817141 0.000000
v -39.895447 -20.817141 5.000000
v -40.291376 -20.040086 5.000000
v -40.672172 -19.255505 5.000000
v -43.097858 -18.209192 0.000000
v -42.627080 -18.116733 0.000000
v -42.147828 -18.139053 0.000000
v -41.687681 -18.274865 0.000000
v -41.273118 -18.516356 0.000000
v -40.927995 -18.849629 0.000000
v -40.927995 -18.849629 5.000000
v -41.273118 -18.516356 5.000000
v -41.687681 -18.274865 5.000000
v -42.147828 -18.139053 5.000000
v -42.627080 -18.116733 5.000000
v -43.097858 -18.209192 5.000000
v -45.278277 -18.917653 0.000000
v -45.278277 -18.917653 5.000000
v -46.517647 -18.333262 0.000000
v -46.397079 -18.553323 0.000000
v -46.225524 -18.736443 0.000000
v -46.013783 -18.871089 0.000000
v -45.775189 -18.948786 0.000000
v -45.524765 -18.964640 0.000000
v -45.524765 -18.964640 5.000000
v -45.775189 -18.948786 5.000000
v -46.013783 -18.871089 5.000000
v -46.225524 -18.736443 5.000000
v -46.397079 -18.553323 5.000000
v -46.517647 -18.333262 5.000000
v -48.409588 -12.510467 0.000000
v -47.858410 -14.476623 0.000000
v -47.227412 -16.418634 0.000000
v -47.227412 -16.418634 5.000000
v -47.858410 -14.476623 5.000000
v -48.409588 -12.510467 5.000000
v -47.750413 -11.309201 0.000000
v -47.977444 -11.416070 0.000000
v -48.170723 -11.576092 0.000000
v -48.318081 -11.779191 0.000000
v -48.410239 -12.012581 0.000000
v -48.441396 -12.261565 0.000000
v -48.441396 -12.261565 5.000000
v -48.410239 -12.012581 5.000000
v -48.318081 -11.779191 5.000000
v -48.170723 -11.576092 5.000000
v -47.977444 -11.416070 5.000000
v -47.750413 -11.309201 5.000000
v -45.569994 -10.600740 0.000000
v -45.569994 -10.600740 5.000000
v -44.222580 -8.328472 0.000000
v -44.190977 -8.807202 0.000000
v -44.274295 -9.279683 0.000000
v -44.467739 -9.718727 0.000000
v -44.760177 -10.099070 0.000000
v -45.134781 -10.398824 0.000000
v -45.134781 -10.398824 5.000000
v -44.760177 -10.099070 5.000000
v -44.467739 -9.718727 5.000000
v -44.274295 -9.279683 5.000000
v -44.190977 -8.807202 5.000000
v -44.222580 -8.328472 5.000000
v -44.631812 -5.744681 0.000000
v -44.512103 -6.608535 0.000000
v -44.375675 -7.469906 0.000000
v -44.375675 -7.469906 5.000000
v -44.512103 -6.608535 5.000000
v -44.631812 -5.744681 5.000000
v -46.615448 -4.000000 0.000000
v -46.139140 -4.057545 0.000000
v -45.690242 -4.226869 0.000000
v -45.294584 -4.498228 0.000000
v -44.974936 -4.856007 0.000000
v -44.749692 -5.279616 0.000000
v -44.749692 -5.279616 5.000000
v -44.974936 -4.856007 5.000000
v -45.294584 -4.498228 5.000000
v -45.690242 -4.226869 5.000000
v -46.139140 -4.057545 5.000000
v -46.615448 -4.000000 5.000000
v -48.908077 -4.000000 0.000000
v -48.908077 -4.000000 5.000000
v -49.906201 -3.061224 0.000000
v -49.859537 -3.307773 0.000000
v -49.752965 -3.534943 0.000000
v -49.593196 -3.728431 0.000000
v -49.390289 -3.876055 0.000000
v -49.157020 -3.968518 0.000000
v -49.157020 -3.968518 5.000000
v -49.390289 -3.876055 5.000000
v -49.593196 -3.728431 5.000000
v -49.752965 -3.534943 5.000000
v -49.859537 -3.307773 5.000000
v -49.906201 -3.061224 5.000000
v -49.906201 3.061225 0.000000
v -49.989575 1.020976 0.000000
v -49.989575 -1.020976 0.000000
v -49.989575 -1.020976 5.000000
v -49.989575 1.020976 5.000000
v -49.906201 3.061225 5.000000
v -48.908077 4.000000 0.000000
v -49.157020 3.968518 0.000000
v -49.390289 3.876055 0.000000
v -49.593196 3.728431 0.000000
v -49.752965 3.534943 0.000000
v -49.859537 3.307773 0.000000
v -49.859537 3.307773 5.000000
v -49.752965 3.534943 5.000000
v -49.593196 3.728431 5.000000
v -49.390289 3.876055 5.000000
v -49.157020 3.968518 5.000000
v -48.908077 4.000000 5.000000
v -46.615448 4.000000 0.000000
v -46.615448 4.000000 5.000000
v -44.631812 5.744681 0.000000
v -44.749692 5.279616 0.000000
v -44.974936 4.856007 0.000000
v -45.294584 4.498228 0.000000
v -45.690242 4.226869 0.000000
v -46.139140 4.057545 0.000000
v -46.139140 4.057545 5.000000
v -45.690242 4.226869 5.000000
v -45.294584 4.498228 5.000000
v -44.974936 4.856007 5.000000
v -44.749692 5.279616 5.000000
v -44.631812 5.744681 5.000000
v -44.222580 8.328472 0.000000
v -44.375675 7.469906 0.000000
v -44.512103 6.608535 0.000000
v -44.512103 6.608535 5.000000
v -44.375675 7.469906 5.000000
v -44.222580 8.328472 5.000000
v -45.569994 10.600740 0.000000
v -45.134780 10.398824 0.000000
v -44.760177 10.099070 0.000000
v -44.467739 9.718727 0.000000
v -44.274295 9.279683 0.000000
v -44.190977 8.807202 0.000000
v -44.190977 8.807202 5.000000
v -44.274295 9.279683 5.000000
v -44.467739 9.718727 5.000000
v -44.760177 10.099070 5.000000
v -45.134780 10.398824 5.000000
v -45.569994 10.600740 5.000000
v -47.750413 11.309201 0.000000
v -47.750413 11.309201 5.000000
v -48.409588 12.510467 0.000000
v -48.441396 12.261565 0.000000
v -48.410239 12.012581 0.000000
v -48.318081 11.779191 0.000000
v -48.170723 11.576092 0.000000
v -47.977444 11.416070 0.000000
v -47.977444 11.416070 5.000000
v -48.170723 11.576092 5.000000
v -48.318081 11.779191 5.000000
v -48.410239 12.012581 5.000000
v -48.441396 12.261565 5.000000
v -48.409588 12.510467 5.000000
v -46.517647 18.333262 0.000000
v -47.227412 16.418634 0.000000
v -47.858410 14.476623 0.000000
v -47.858410 14.476623 5.000000
v -47.227412 16.418634 5.000000
v -46.517647 18.333262 5.000000
v -45.278277 18.917653 0.000000
v -45.524765 18.964640 0.000000
v -45.775189 18.948786 0.000000
v -46.013783 18.871089 0.000000
v -46.225524 18.736443 0.000000
v -46.397079 18.553323 0.000000
v -46.397079 18.553323 5.000000
v -46.225524 18.736443 5.000000
v -46.013783 18.871089 5.000000
v -45.775189 18.948786 5.000000
v -45.524765 18.964640 5.000000
v -45.278277 18.917653 5.000000
v -43.097858 18.209192 0.000000
v -43.097858 18.209192 5.000000
v -40.672172 19.255505 0.000000
v -40.927995 18.849629 0.000000
v -41.273118 18.516356 0.000000
v -41.687681 18.274865 0.000000
v -42.147828 18.139053 0.000000
v -42.627080 18.116733 0.000000
v -42.627080 18.116733 5.000000
v -42.147828 18.139053 5.000000
v -41.687681 18.274865 5.000000
v -41.273118 18.516356 5.000000
v -40.927995 18.849629 5.000000
v -40.672172 19.255505 5.000000
v -39.484533 21.586376 0.000000
v -39.895447 20.817141 0.000000
v -40.291376 20.040086 0.000000
v -40.291376 20.040086 5.000000
v -39.895447 20.817141 5.000000
v -39.484533 21.586376 5.000000
v -40.063831 24.163805 0.000000
v -39.712314 23.837283 0.000000
v -39.448673 23.436441 0.000000
v -39.288081 22.984346 0.000000
v -39.239777 22.507012 0.000000
v -39.306542 22.031909 0.000000
v -39.306542 22.031909 5.000000
v -39.239777 22.507012 5.000000
v -39.288081 22.984346 5.000000
v -39.448673 23.436441 5.000000
v -39.712314 23.837283 5.000000
v -40.063831 24.163805 5.000000
v -41.918607 25.511378 0.000000
v -41.918607 25.511378 5.000000
v -42.174307 26.857546 0.000000
v -42.281473 26.630656 0.000000
v -42.328782 26.384230 0.000000
v -42.313255 26.133785 0.000000
v -42.235871 25.895089 0.000000
v -42.101501 25.683173 0.000000
v -42.101501 25.683173 5.000000
v -42.235871 25.895089 5.000000
v -42.313255 26.133785 5.000000
v -42.328782 26.384230 5.000000
v -42.281473 26.630656 5.000000
v -42.174307 26.857546 5.000000
v -38.575622 31.810712 0.000000
v -39.842301 30.209122 0.000000
v -41.042530 28.557148 0.000000
v -41.042530 28.557148 5.000000
v -39.842301 30.209122 5.000000
v -38.575622 31.810712 5.000000
v -37.216324 31.983514 0.000000
v -37.436228 32.104370 0.000000
v -37.679295 32.166678 0.000000
v -37.930221 32.166513 0.000000
v -38.173207 32.103888 0.000000
v -38.392952 31.982745 0.000000
v -38.392952 31.982745 5.000000
v -38.173207 32.103888 5.000000
v -37.930221 32.166513 5.000000
v -37.679295 32.166678 5.000000
v -37.436228 32.104370 5.000000
v -37.216324 31.983514 5.000000
v -35.361549 30.635941 0.000000
v -35.361549 30.635941 5.000000
v -32.731256 30.881465 0.000000
v -33.099980 30.574508 0.000000
v -33.531199 30.364196 0.000000
v -34.000096 30.262632 0.000000
v -34.479691 30.275659 0.000000
v -34.942383 30.402529 0.000000
v -34.942383 30.402529 5.000000
v -34.479691 30.275659 5.000000
v -34.000096 30.262632 5.000000
v -33.531199 30.364196 5.000000
v -33.099980 30.574508 5.000000
v -32.731256 30.881465 5.000000
v -30.881465 32.731256 0.000000
v -31.509974 32.126648 0.000000
v -32.126648 31.509974 0.000000
v -32.126648 31.509974 5.000000
v -31.509974 32.126648 5.000000
v -30.881465 32.731256 5.000000
v -30.635941 35.361549 0.000000
v -30.402529 34.942383 0.000000
v -30.275659 34.479691 0.000000
v -30.262632 34.000096 0.000000
v -30.364196 33.531199 0.000000
v -30.574508 33.099980 0.000000
v -30.574508 33.099980 5.000000
v -30.364196 33.531199 5.000000
v -30.262632 34.000096 5.000000
v -30.275659 34.479691 5.000000
v -30.402529 34.942383 5.000000
v -30.635941 35.361549 5.000000
v -31.983514 37.216324 0.000000
v -31.983514 37.216324 5.000000
v -31.810712 38.575622 0.000000
v -31.982745 38.392952 0.000000
v -32.103888 38.173207 0.000000
v -32.166513 37.930221 0.000000
v -32.166678 37.679295 0.000000
v -32.104370 37.436228 0.000000
v -32.104370 37.436228 5.000000
v -32.166678 37.679295 5.000000
v -32.166513 37.930221 5.000000
v -32.103888 38.173207 5.000000
v -31.982745 38.392952 5.000000
v -31.810712 38.575622 5.000000
v -26.857546 42.174307 0.000000
v -28.557148 41.042530 0.000000
v -30.209122 39.842301 0.000000
v -30.209122 39.842301 5.000000
v -28.557148 41.042530 5.000000
v -26.857546 42.174307 5.000000
v -25.511378 41.918607 0.000000
v -25.683173 42.101501 0.000000
v -25.895089 42.235871 0.000000
v -26.133785 42.313255 0.000000
v -26.384230 42.328782 0.000000
v -26.630656 42.281473 0.000000
v -26.630656 42.281473 5.000000
v -26.384230 42.328782 5.000000
v -26.133785 42.313255 5.000000
v -25.895089 42.235871 5.000000
v -25.683173 42.101501 5.000000
v -25.511378 41.918607 5.000000
v -24.163805 40.063831 0.000000
v -24.163805 40.063831 5.000000
v -21.586376 39.484533 0.000000
v -22.031909 39.306542 0.000000
v -22.507012 39.239777 0.000000
v -22.984346 39.288081 0.000000
v -23.436441 39.448673 0.000000
v -23.837283 39.712314 0.000000
v -23.837283 39.712314 5.000000
v -23.436441 39.448673 5.000000
v -22.984346 39.288081 5.000000
v -22.507012 39.239777 5.000000
v -22.031909 39.306542 5.000000
v -21.586376 39.484533 5.000000
v -19.255505 40.672172 0.000000
v -20.040086 40.291376 0.000000
v -20.817141 39.895447 0.000000
v -20.817141 39.895447 5.000000
v -20.040086 40.291376 5.000000
v -19.255505 40.672172 5.000000
v -18.209192 43.097858 0.000000
v -18.116733 42.627080 0.000000
v -18.139053 42.147828 0.000000
v -18.274865 41.687681 0.000000
v -18.516356 41.273118 0.000000
v -18.849629 40.927995 0.000000
v -18.849629 40.927995 5.000000
v -18.516356 41.273118 5.000000
v -18.274865 41.687681 5.000000
v -18.139053 42.147828 5.000000
v -18.116733 42.627080 5.000000
v -18.209192 43.097858 5.000000
v -18.917653 45.278277 0.000000
v -18.917653 45.278277 5.000000
v -18.333262 46.517647 0.000000
v -18.553323 46.397079 0.000000
v -18.736443 46.225524 0.000000
v -18.871089 46.013783 0.000000
v -18.948786 45.775189 0.000000
v -18.964640 45.524765 0.000000
v -18.964640 45.524765 5.000000
v -18.948786 45.775189 5.000000
v -18.871089 46.013783 5.000000
v -18.736443 46.225524 5.000000
v -18.553323 46.397079 5.000000
v -18.333262 46.517647 5.000000
v -12.510467 48.409588 0.000000
v -14.476623 47.858410 0.000000
v -16.418634 47.227412 0.000000
v -16.418634 47.227412 5.000000
v -14.476623 47.858410 5.000000
v -12.510467 48.409588 5.000000
v -11.309201 47.750413 0.000000
v -11.416070 47.977444 0.000000
v -11.576092 48.170723 0.000000
v -11.779191 48.318081 0.000000
v -12.012581 48.410239 0.000000
v -12.261565 48.441396 0.000000
v -12.261565 48.441396 5.000000
v -12.012581 48.410239 5.000000
v -11.779191 48.318081 5.000000
v -11.576092 48.170723 5.000000
v -11.416070 47.977444 5.000000
v -11.309201 47.750413 5.000000
v -10.600740 45.569994 0.000000
v -10.600740 45.569994 5.000000
v -8.328472 44.222580 0.000000
v -8.807202 44.190977 0.000000
v -9.279683 44.274295 0.000000
v -9.718727 44.467739 0.000000
v -10.099070 44.760177 0.000000
v -10.398824 45.134781 0.000000
v -10.398824 45.134781 5.000000
v -10.099070 44.760177 5.000000
v -9.718727 44.467739 5.000000
v -9.279683 44.274295 5.000000
v -8.807202 44.190977 5.000000
v -8.328472 44.222580 5.000000
v -5.744681 44.631812 0.000000
v -6.608535 44.512103 0.000000
v -7.469906 44.375675 0.000000
v -7.469906 44.375675 5.000000
v -6.608535 44.512103 5.000000
v -5.744681 44.631812 5.000000
v -4.000000 46.615448 0.000000
v -4.057545 46.139140 0.000000
v -4.226869 45.690242 0.000000
v -4.498228 45.294584 0.000000
v -4.856007 44.974936 0.000000
v -5.279616 44.749692 0.000000
v -5.279616 44.749692 5.000000
v -4.856007 44.974936 5.000000
v -4.498228 45.294584 5.000000
v -4.226869 45.690242 5.000000
v -4.057545 46.139140 5.000000
v -4.000000 46.615448 5.000000
v -4.000000 48.908077 0.000000
v -4.000000 48.908077 5.000000
v -3.061224 49.906201 0.000000
v -3.307773 49.859537 0.000000
v -3.534943 49.752965 0.000000
v -3.728431 49.593196 0.000000
v -3.876055 49.390289 0.000000
v -3.968518 49.157020 0.000000
v -3.968518 49.157020 5.000000
v -3.876055 49.390289 5.000000
v -3.728431 49.593196 5.000000
v -3.534943 49.752965 5.000000
v -3.307773 49.859537 5.000000
v -3.061224 49.906201 5.000000
v 3.061225 49.906201 0.000000
v 1.020976 49.989575 0.000000
v -1.020976 49.989575 0.000000
v -1.020976 49.989575 5.000000
v 1.020976 49.989575 5.000000
v 3.061225 49.906201 5.000000
v 4.000000 48.908077 0.000000
v 3.968518 49.157020 0.000000
v 3.876055 49.390289 0.000000
v 3.728431 49.593196 0.000000
v 3.534943 49.752965 0.000000
v 3.307773 49.859537 0.000000
v 3.307773 49.859537 5.000000
v 3.534943 49.752965 5.000000
v 3.728431 49.593196 5.000000
v 3.876055 49.390289 5.000000
v 3.968518 49.157020 5.000000
v 4.000000 48.908077 5.000000
v 4.000000 46.615448 0.000000
v 4.000000 46.615448 5.000000
v 5.744681 44.631812 0.000000
v 5.279616 44.749692 0.000000
v 4.856007 44.974936 0.000000
v 4.498228 45.294584 0.000000
v 4.226869 45.690242 0.000000
v 4.057545 46.139140 0.000000
v 4.057545 46.139140 5.000000
v 4.226869 45.690242 5.000000
v 4.498228 45.294584 5.000000
v 4.856007 44.974936 5.000000
v 5.279616 44.749692 5.000000
v 5.744681 44.631812 5.000000
v 8.328472 44.222580 0.000000
v 7.469906 44.375675 0.000000
v 6.608535 44.512103 0.000000
v 6.608535 44.512103 5.000000
v 7.469906 44.375675 5.000000
v 8.328472 44.222580 5.000000
v 10.600740 45.569994 0.000000
v 10.398824 45.134780 0.000000
v 10.099070 44.760177 0.000000
v 9.718727 44.467739 0.000000
v 9.279683 44.274295 0.000000
v 8.807202 44.190977 0.000000
v 8.807202 44.190977 5.000000
v 9.279683 44.274295 5.000000
v 9.718727 44.467739 5.000000
v 10.099070 44.760177 5.000000
v 10.398824 45.134780 5.000000
v 10.600740 45.569994 5.000000
v 11.309201 47.750413 0.000000
v 11.309201 47.750413 5.000000
v 12.510467 48.409588 0.000000
v 12.261565 48.441396 0.000000
v 12.012581 48.410239 0.000000
v 11.779191 48.318081 0.000000
v 11.576092 48.170723 0.000000
v 11.416070 47.977444 0.000000
v 11.416070 47.977444 5.000000
v 11.576092 48.170723 5.000000
v 11.779191 48.318081 5.000000
v 12.012581 48.410239 5.000000
v 12.261565 48.441396 5.000000
v 12.510467 48.409588 5.000000
v 18.333262 46.517647 0.000000
v 16.418634 47.227412 0.000000
v 14.476623 47.858410 0.000000
v 14.476623 47.858410 5.000000
v 16.418634 47.227412 5.000000
v 18.333262 46.517647 5.000000
v 18.917653 45.278277 0.000000
v 18.964640 45.524765 0.000000
v 18.948786 45.775189 0.000000
v 18.871089 46.013783 0.000000
v 18.736443 46.225524 0.000000
v 18.553323 46.397079 0.000000
v 18.553323 46.397079 5.000000
v 18.736443 46.225524 5.000000
v 18.871089 46.013783 5.000000
v 18.948786 45.775189 5.000000
v 18.964640 45.524765 5.000000
v 18.917653 45.278277 5.000000
v 18.209192 43.097858 0.000000
v 18.209192 43.097858 5.000000
v 19.255505 40.672172 0.000000
v 18.849629 40.927995 0.000000
v 18.516356 41.273118 0.000000
v 18.274865 41.687681 0.000000
v 18.139053 42.147828 0.000000
v 18.116733 42.627080 0.000000
v 18.116733 42.627080 5.000000
v 18.139053 42.147828 5.000000
v 18.274865 41.687681 5.000000
v 18.516356 41.273118 5.000000
v 18.849629 40.927995 5.000000
v 19.255505 40.672172 5.000000
v 21.586376 39.484533 0.000000
v 20.817141 39.895447 0.000000
v 20.040086 40.291376 0.000000
v 20.040086 40.291376 5.000000
v 20.817141 39.895447 5.000000
v 21.586376 39.484533 5.000000
v 24.163805 40.063831 0.000000
v 23.837283 39.712314 0.000000
v 23.436441 39.448673 0.000000
v 22.984346 39.288081 0.000000
v 22.507012 39.239777 0.000000
v 22.031909 39.306542 0.000000
v 22.031909 39.306542 5.000000
v 22.507012 39.239777 5.000000
v 22.984346 39.288081 5.000000
v 23.436441 39.448673 5.000000
v 23.837283 39.712314 5.000000
v 24.163805 40.063831 5.000000
v 25.511378 41.918607 0.000000
v 25.511378 41.918607 5.000000
v 26.857546 42.174307 0.000000
v 26.630656 42.281473 0.000000
v 26.384230 42.328782 0.000000
v 26.133785 42.313255 0.000000
v 25.895089 42.235871 0.000000
v 25.683173 42.101501 0.000000
v 25.683173 42.101501 5.000000
v 25.895089 42.235871 5.000000
v 26.133785 42.313255 5.000000
v 26.384230 42.328782 5.000000
v 26.630656 42.281473 5.000000
v 26.857546 42.174307 5.000000
v 31.810712 38.575622 0.000000
v 30.209122 39.842301 0.000000
v 28.557148 41.042530 0.000000
v 28.557148 41.042530 5.000000
v 30.209122 39.842301 5.000000
v 31.810712 38.575622 5.000000
v 31.983514 37.216324 0.000000
v 32.104370 37.436228 0.000000
v 32.166678 37.679295 0.000000
v 32.166513 37.930221 0.000000
v 32.103888 38.173207 0.000000
v 31.982745 38.392952 0.000000
v 31.982745 38.392952 5.000000
v 32.103888 38.173207 5.000000
v 32.166513 37.930221 5.000000
v 32.166678 37.679295 5.000000
v 32.104370 37.436228 5.000000
v 31.983514 37.216324 5.000000
v 30.635941 35.361549 0.000000
v 30.635941 35.361549 5.000000
v 30.881465 32.731256 0.000000
v 30.574508 33.099980 0.000000
v 30.364196 33.531199 0.000000
v 30.262632 34.000096 0.000000
v 30.275659 34.479691 0.000000
v 30.402529 34.942383 0.000000
v 30.402529 34.942383 5.000000
v 30.275659 34.479691 5.000000
v 30.262632 34.000096 5.000000
v 30.364196 33.531199 5.000000
v 30.574508 33.099980 5.000000
v 30.881465 32.731256 5.000000
v 32.731256 30.881465 0.000000
v 32.126648 31.509974 0.000000
v 31.509974 32.126648 0.000000
v 31.509974 32.126648 5.000000
v 32.126648 31.509974 5.000000
v 32.731256 30.881465 5.000000
v 35.361549 30.635941 0.000000
v 34.942383 30.402529 0.000000
v 34.479691 30.275659 0.000000
v 34.000096 30.262632 0.000000
v 33.531199 30.364196 0.000000
v 33.099980 30.574508 0.000000
v 33.099980 30.574508 5.000000
v 33.531199 30.364196 5.000000
v 34.000096 30.262632 5.000000
v 34.479691 30.275659 5.000000
v 34.942383 30.402529 5.000000
v 35.361549 30.635941 5.000000
v 37.216324 31.983514 0.000000
v 37.216324 31.983514 5.000000
v 38.575622 31.810712 0.000000
v 38.392952 31.982745 0.000000
v 38.173207 32.103888 0.000000
v 37.930221 32.166513 0.000000
v 37.679295 32.166678 0.000000
v 37.436228 32.104370 0.000000
v 37.436228 32.104370 5.000000
v 37.679295 32.166678 5.000000
v 37.930221 32.166513 5.000000
v 38.173207 32.103888 5.000000
v 38.392952 31.982745 5.000000
v 38.575622 31.810712 5.000000
v 42.174307 26.857546 0.000000
v 41.042530 28.557148 0.000000
v 39.842301 30.209122 0.000000
v 39.842301 30.209122 5.000000
v 41.042530 28.557148 5.000000
v 42.174307 26.857546 5.000000
v 42.101501 25.683173 0.000000
v 42.235871 25.895089 0.000000
v 42.313255 26.133785 0.000000
v 42.328782 26.384230 0.000000
v 42.281473 26.630656 0.000000
v 42.281473 26.630656 5.000000
v 42.328782 26.384230 5.000000
v 42.313255 26.133785 5.000000
v 42.235871 25.895089 5.000000
v 42.101501 25.683173 5.000000
vt -0.300000 7.330383 0.000000
vt -0.000000 7.330383 0.000000
vt -0.300000 7.853982 0.000000
vt -0.000000 7.853982 0.000000
vt -0.300000 -7.853982 0.000000
vt -0.000000 -7.853982 0.000000
vt -0.300000 -7.330383 0.000000
vt -0.000000 -7.330383 0.000000
vt -0.300000 -6.806784 0.000000
vt -0.000000 -6.806784 0.000000
vt -0.300000 -6.283185 0.000000
vt -0.000000 -6.283185 0.000000
vt -0.300000 -5.759587 0.000000
vt -0.000000 -5.759587 0.000000
vt -0.300000 -5.235988 0.000000
vt -0.000000 -5.235988 0.000000
vt -0.300000 -4.712389 0.000000
vt -0.000000 -4.712389 0.000000
vt -0.300000 -4.188790 0.000000
vt -0.000000 -4.188790 0.000000
vt -0.300000 -3.665191 0.000000
vt -0.000000 -3.665191 0.000000
vt -0.300000 -3.141593 0.000000
vt -0.000000 -3.141593 0.000000
vt -0.300000 -2.617994 0.000000
vt -0.000000 -2.617994 0.000000
vt -0.300000 -2.094395 0.000000
vt -0.000000 -2.094395 0.000000
vt -0.300000 -1.570796 0.000000
vt -0.000000 -1.570796 0.000000
vt -0.300000 -1.047198 0.000000
vt -0.000000 -1.047198 0.000000
vt -0.300000 -0.523599 0.000000
vt -0.000000 -0.523599 0.000000
vt -0.300000 0.000000 0.000000
vt -0.000000 0.000000 0.000000
vt -0.300000 0.523599 0.000000
vt -0.000000 0.523599 0.000000
vt -0.300000 1.047198 0.000000
vt -0.000000 1.047198 0.000000
vt -0.300000 1.570796 0.000000
vt -0.000000 1.570796 0.000000
vt -0.300000 2.094395 0.000000
vt -0.000000 2.094395 0.000000
vt -0.300000 2.617994 0.000000
vt -0.000000 2.617994 0.000000
vt -0.300000 3.141593 0.000000
vt -0.000000 3.141593 0.000000
vt -0.300000 3.665191 0.000000
vt -0.000000 3.665191 0.000000
vt -0.300000 4.188790 0.000000
vt -0.000000 4.188790 0.000000
vt -0.300000 4.712389 0.000000
vt -0.000000 4.712389 0.000000
vt -0.300000 5.235988 0.000000
vt -0.000000 5.235988 0.000000
vt -0.300000 5.759587 0.000000
vt -0.000000 5.759587 0.000000
vt -0.300000 6.283185 0.000000
vt -0.000000 6.283185 0.000000
vt -0.300000 6.806784 0.000000
vt -0.000000 6.806784 0.000000
vt -1.747695 0.430768 0.000000
vt -2.445369 0.519779 0.000000
vt -1.800000 -0.000000 0.000000
vt -2.500000 -0.000000 0.000000
vt -2.445369 -0.519779 0.000000
vt -2.283864 1.016842 0.000000
vt -1.593821 0.836502 0.000000
vt -2.022542 1.469463 0.000000
vt -1.347319 1.193621 0.000000
vt -1.672827 1.857862 0.000000
vt -1.022517 1.481371 0.000000
vt -1.250000 2.165064 0.000000
vt -0.638289 1.683029 0.000000
vt -0.772542 2.377641 0.000000
vt -0.216966 1.786876 0.000000
vt -0.261321 2.486305 0.000000
vt 0.216966 1.786876 0.000000
vt 0.261321 2.486305 0.000000
vt 0.772542 2.377641 0.000000
vt 0.638289 1.683029 0.000000
vt 1.250000 2.165064 0.000000
vt 1.022517 1.481371 0.000000
vt 1.672827 1.857862 0.000000
vt 1.347319 1.193621 0.000000
vt 2.022542 1.469463 0.000000
vt 1.593821 0.836502 0.000000
vt 2.283864 1.016842 0.000000
vt 1.747695 0.430768 0.000000
vt 2.445369 0.519779 0.000000
vt 1.800000 0.000000 0.000000
vt 2.500000 0.000000 0.000000
vt 2.445369 -0.519779 0.000000
vt 1.747695 -0.430768 0.000000
vt 2.283864 -1.016842 0.000000
vt 1.593821 -0.836502 0.000000
vt 2.022542 -1.469463 0.000000
vt 1.347319 -1.193621 0.000000
vt 1.672827 -1.857862 0.000000
vt 1.022517 -1.481371 0.000000
vt 1.250000 -2.165064 0.000000
vt 0.638289 -1.683029 0.000000
vt 0.772542 -2.377641 0.000000
vt 0.216966 -1.786876 0.000000
vt 0.261321 -2.486305 0.000000
vt -0.216966 -1.786876 0.000000
vt -0.261321 -2.486305 0.000000
vt -0.772542 -2.377641 0.000000
vt -0.638289 -1.683029 0.000000
vt -1.250000 -2.165064 0.000000
vt -1.022517 -1.481371 0.000000
vt -1.672827 -1.857862 0.000000
vt -1.347319 -1.193621 0.000000
vt -2.022542 -1.469463 0.000000
vt -1.593821 -0.836502 0.000000
vt -2.283864 -1.016842 0.000000
vt -1.747695 -0.430768 0.000000
vt 0.500000 -1.439897 0.000000
vt 0.000000 -1.439897 0.000000
vt 0.500000 -1.570796 0.000000
vt 0.000000 -1.570796 0.000000
vt 0.500000 1.570796 0.000000
vt 0.000000 1.570796 0.000000
vt 0.500000 1.439897 0.000000
vt 0.000000 1.439897 0.000000
vt 0.500000 1.308997 0.000000
vt 0.000000 1.308997 0.000000
vt 0.500000 1.178097 0.000000
vt -0.000000 1.178097 0.000000
vt 0.500000 1.047198 0.000000
vt 0.000000 1.047198 0.000000
vt 0.500000 0.916298 0.000000
vt -0.000000 0.916298 0.000000
vt 0.500000 0.785398 0.000000
vt 0.000000 0.785398 0.000000
vt 0.500000 0.654498 0.000000
vt -0.000000 0.654498 0.000000
vt 0.500000 0.523599 0.000000
vt 0.000000 0.523599 0.000000
vt 0.500000 0.392699 0.000000
vt -0.000000 0.392699 0.000000
vt 0.500000 0.261799 0.000000
vt 0.000000 0.261799 0.000000
vt 0.500000 0.130900 0.000000
vt 0.000000 0.130900 0.000000
vt 0.500000 0.000000 0.000000
vt 0.000000 0.000000 0.000000
vt 0.500000 -0.130900 0.000000
vt -0.000000 -0.130900 0.000000
vt 0.500000 -0.261799 0.000000
vt 0.000000 -0.261799 0.000000
vt 0.500000 -0.392699 0.000000
vt 0.000000 -0.392699 0.000000
vt 0.500000 -0.523599 0.000000
vt 0.000000 -0.523599 0.000000
vt 0.500000 -0.654498 0.000000
vt 0.000000 -0.654498 0.000000
vt 0.500000 -0.785398 0.000000
vt 0.000000 -0.785398 0.000000
vt 0.500000 -0.916298 0.000000
vt -0.000000 -0.916298 0.000000
vt 0.500000 -1.047198 0.000000
vt 0.000000 -1.047198 0.000000
vt 0.500000 -1.178097 0.000000
vt -0.000000 -1.178097 0.000000
vt 0.500000 -1.308997 0.000000
vt 0.000000 -1.308997 0.000000
vt 0.500000 -1.439897 0.000000
vt 0.000000 -1.439897 0.000000
vt 0.500000 -1.570796 0.000000
vt 0.000000 -1.570796 0.000000
vt 0.500000 1.570796 0.000000
vt 0.000000 1.570796 0.000000
vt 0.500000 1.439897 0.000000
vt -0.000000 1.439897 0.000000
vt 0.500000 1.308997 0.000000
vt 0.000000 1.308997 0.000000
vt 0.500000 1.178097 0.000000
vt 0.000000 1.178097 0.000000
vt 0.500000 1.047198 0.000000
vt 0.000000 1.047198 0.000000
vt 0.500000 0.916298 0.000000
vt 0.000000 0.916298 0.000000
vt 0.500000 0.785398 0.000000
vt 0.000000 0.785398 0.000000
vt 0.500000 0.654498 0.000000
vt 0.000000 0.654498 0.000000
vt 0.500000 0.523599 0.000000
vt -0.000000 0.523599 0.000000
vt 0.500000 0.392699 0.000000
vt -0.000000 0.392699 0.000000
vt 0.500000 0.261799 0.000000
vt 0.000000 0.261799 0.000000
vt 0.500000 0.130900 0.000000
vt -0.000000 0.130900 0.000000
vt 0.500000 0.000000 0.000000
vt 0.000000 0.000000 0.000000
vt 0.500000 -0.130900 0.000000
vt -0.000000 -0.130900 0.000000
vt 0.500000 -0.261799 0.000000
vt 0.000000 -0.261799 0.000000
vt 0.500000 -0.392699 0.000000
vt 0.000000 -0.392699 0.000000
vt 0.500000 -0.523599 0.000000
vt 0.000000 -0.523599 0.000000
vt 0.500000 -0.654498 0.000000
vt 0.000000 -0.654498 0.000000
vt 0.500000 -0.785398 0.000000
vt 0.000000 -0.785398 0.000000
vt 0.500000 -0.916298 0.000000
vt -0.000000 -0.916298 0.000000
vt 0.500000 -1.047198 0.000000
vt 0.000000 -1.047198 0.000000
vt 0.500000 -1.178097 0.000000
vt 0.000000 -1.178097 0.000000
vt 0.500000 -1.308997 0.000000
vt 0.000000 -1.308997 0.000000
vt 0.500000 -1.439897 0.000000
vt 0.000000 -1.439897 0.000000
vt 0.500000 -1.570796 0.000000
vt 0.000000 -1.570796 0.000000
vt 0.500000 1.570796 0.000000
vt 0.000000 1.570796 0.000000
vt 0.500000 1.439897 0.000000
vt 0.000000 1.439897 0.000000
vt 0.500000 1.308997 0.000000
vt 0.000000 1.308997 0.000000
vt 0.500000 1.178097 0.000000
vt -0.000000 1.178097 0.000000
vt 0.500000 1.047198 0.000000
vt 0.000000 1.047198 0.000000
vt 0.500000 0.916298 0.000000
vt -0.000000 0.916298 0.000000
vt 0.500000 0.785398 0.000000
vt 0.000000 0.785398 0.000000
vt 0.500000 0.654498 0.000000
vt -0.000000 0.654498 0.000000
vt 0.500000 0.523599 0.000000
vt 0.000000 0.523599 0.000000
vt 0.500000 0.392699 0.000000
vt -0.000000 0.392699 0.000000
vt 0.500000 0.261799 0.000000
vt 0.000000 0.261799 0.000000
vt 0.500000 0.130900 0.000000
vt 0.000000 0.130900 0.000000
vt 0.500000 0.000000 0.000000
vt 0.000000 0.000000 0.000000
vt 0.500000 -0.130900 0.000000
vt 0.000000 -0.130900 0.000000
vt 0.500000 -0.261799 0.000000
vt 0.000000 -0.261799 0.000000
vt 0.500000 -0.392699 0.000000
vt 0.000000 -0.392699 0.000000
vt 0.500000 -0.523599 0.000000
vt 0.000000 -0.523599 0.000000
vt 0.500000 -0.654498 0.000000
vt 0.000000 -0.654498 0.000000
vt 0.500000 -0.785398 0.000000
vt 0.000000 -0.785398 0.000000
vt 0.500000 -0.916298 0.000000
vt -0.000000 -0.916298 0.000000
vt 0.500000 -1.047198 0.000000
vt -0.000000 -1.047198 0.000000
vt 0.500000 -1.178097 0.000000
vt -0.000000 -1.178097 0.000000
vt 0.500000 -1.308997 0.000000
vt 0.000000 -1.308997 0.000000
vt 0.500000 -1.439897 0.000000
vt 0.000000 -1.439897 0.000000
vt 0.500000 -1.570796 0.000000
vt 0.000000 -1.570796 0.000000
vt 0.500000 1.570796 0.000000
vt 0.000000 1.570796 0.000000
vt 0.500000 1.439897 0.000000
vt -0.000000 1.439897 0.000000
vt 0.500000 1.308997 0.000000
vt 0.000000 1.308997 0.000000
vt 0.500000 1.178097 0.000000
vt 0.000000 1.178097 0.000000
vt 0.500000 1.047198 0.000000
vt 0.000000 1.047198 0.000000
vt 0.500000 0.916298 0.000000
vt -0.000000 0.916298 0.000000
vt 0.500000 0.785398 0.000000
vt 0.000000 0.785398 0.000000
vt 0.500000 0.654498 0.000000
vt -0.000000 0.654498 0.000000
vt 0.500000 0.523599 0.000000
vt 0.000000 0.523599 0.000000
vt 0.500000 0.392699 0.000000
vt -0.000000 0.392699 0.000000
vt 0.500000 0.261799 0.000000
vt 0.000000 0.261799 0.000000
vt 0.500000 0.130900 0.000000
vt -0.000000 0.130900 0.000000
vt 0.500000 0.000000 0.000000
vt 0.000000 0.000000 0.000000
vt 0.500000 -0.130900 0.000000
vt -0.000000 -0.130900 0.000000
vt 0.500000 -0.261799 0.000000
vt 0.000000 -0.261799 0.000000
vt 0.500000 -0.392699 0.000000
vt 0.000000 -0.392699 0.000000
vt 0.500000 -0.523599 0.000000
vt 0.000000 -0.523599 0.000000
vt 0.500000 -0.654498 0.000000
vt 0.000000 -0.654498 0.000000
vt 0.500000 -0.785398 0.000000
vt 0.000000 -0.785398 0.000000
vt 0.500000 -0.916298 0.000000
vt -0.000000 -0.916298 0.000000
vt 0.500000 -1.047198 0.000000
vt 0.000000 -1.047198 0.000000
vt 0.500000 -1.178097 0.000000
vt 0.000000 -1.178097 0.000000
vt 0.500000 -1.308997 0.000000
vt 0.000000 -1.308997 0.000000
vt 0.800000 -5.219877 0.000000
vt 0.000000 -5.219877 0.000000
vt 0.800000 -5.654867 0.000000
vt 0.000000 -5.654867 0.000000
vt 0.800000 5.654867 0.000000
vt 0.000000 5.654867 0.000000
vt 0.800000 5.219877 0.000000
vt 0.000000 5.219877 0.000000
vt 0.000000 4.784887 0.000000
vt 0.800000 -4.784887 0.000000
vt 0.000000 -4.784887 0.000000
vt 0.800000 -4.349898 0.000000
vt 0.000000 -4.349898 0.000000
vt 0.800000 -3.914908 0.000000
vt 0.000000 -3.914908 0.000000
vt 0.800000 -3.479918 0.000000
vt -0.000000 -3.479918 0.000000
vt 0.800000 -3.044928 0.000000
vt 0.000000 -3.044928 0.000000
vt 0.800000 -2.609939 0.000000
vt 0.000000 -2.609939 0.000000
vt 0.800000 -2.174949 0.000000
vt 0.000000 -2.174949 0.000000
vt 0.800000 -1.739959 0.000000
vt 0.000000 -1.739959 0.000000
vt 0.800000 -1.304969 0.000000
vt 0.000000 -1.304969 0.000000
vt 0.800000 -0.869980 0.000000
vt -0.000000 -0.869980 0.000000
vt 0.800000 -0.434990 0.000000
vt 0.000000 -0.434990 0.000000
vt 0.800000 0.000000 0.000000
vt 0.000000 0.000000 0.000000
vt 0.800000 0.434990 0.000000
vt 0.000000 0.434990 0.000000
vt 0.800000 0.869980 0.000000
vt -0.000000 0.869980 0.000000
vt 0.800000 1.304969 0.000000
vt 0.000000 1.304969 0.000000
vt 0.800000 1.739959 0.000000
vt 0.000000 1.739959 0.000000
vt 0.800000 2.174949 0.000000
vt 0.000000 2.174949 0.000000
vt 0.800000 2.609939 0.000000
vt 0.000000 2.609939 0.000000
vt 0.800000 3.044928 0.000000
vt 0.000000 3.044928 0.000000
vt 0.800000 3.479918 0.000000
vt -0.000000 3.479918 0.000000
vt 0.800000 3.914908 0.000000
vt 0.000000 3.914908 0.000000
vt 0.800000 4.349898 0.000000
vt -0.000000 4.349898 0.000000
vt 0.800000 4.784887 0.000000
vt 0.500000 -1.439897 0.000000
vt 0.000000 -1.439897 0.000000
vt 0.500000 -1.570796 0.000000
vt 0.000000 -1.570796 0.000000
vt 0.500000 1.570796 0.000000
vt 0.000000 1.570796 0.000000
vt 0.500000 1.439897 0.000000
vt 0.000000 1.439897 0.000000
vt 0.500000 1.308997 0.000000
vt 0.000000 1.308997 0.000000
vt 0.500000 1.178097 0.000000
vt -0.000000 1.178097 0.000000
vt 0.500000 1.047198 0.000000
vt 0.000000 1.047198 0.000000
vt 0.500000 0.916298 0.000000
vt 0.000000 0.916298 0.000000
vt 0.500000 0.785398 0.000000
vt 0.000000 0.785398 0.000000
vt 0.500000 0.654498 0.000000
vt 0.000000 0.654498 0.000000
vt 0.500000 0.523599 0.000000
vt -0.000000 0.523599 0.000000
vt 0.500000 0.392699 0.000000
vt -0.000000 0.392699 0.000000
vt 0.500000 0.261799 0.000000
vt 0.000000 0.261799 0.000000
vt 0.500000 0.130900 0.000000
vt 0.000000 0.130900 0.000000
vt 0.500000 0.000000 0.000000
vt 0.000000 0.000000 0.000000
vt 0.500000 -0.130900 0.000000
vt -0.000000 -0.130900 0.000000
vt 0.500000 -0.261799 0.000000
vt 0.000000 -0.261799 0.000000
vt 0.500000 -0.392699 0.000000
vt 0.000000 -0.392699 0.000000
vt 0.500000 -0.523599 0.000000
vt 0.000000 -0.523599 0.000000
vt 0.500000 -0.654498 0.000000
vt 0.000000 -0.654498 0.000000
vt 0.500000 -0.785398 0.000000
vt 0.000000 -0.785398 0.000000
vt 0.500000 -0.916298 0.000000
vt -0.000000 -0.916298 0.000000
vt 0.500000 -1.047198 0.000000
vt 0.000000 -1.047198 0.000000
vt 0.500000 -1.178097 0.000000
vt -0.000000 -1.178097 0.000000
vt 0.500000 -1.308997 0.000000
vt 0.000000 -1.308997 0.000000
vt 0.500000 -1.439897 0.000000
vt 0.000000 -1.439897 0.000000
vt 0.500000 -1.570796 0.000000
vt 0.000000 -1.570796 0.000000
vt 0.500000 1.570796 0.000000
vt 0.000000 1.570796 0.000000
vt 0.500000 1.439897 0.000000
vt 0.000000 1.439897 0.000000
vt 0.500000 1.308997 0.000000
vt 0.000000 1.308997 0.000000
vt 0.500000 1.178097 0.000000
vt -0.000000 1.178097 0.000000
vt 0.500000 1.047198 0.000000
vt 0.000000 1.047198 0.000000
vt 0.500000 0.916298 0.000000
vt -0.000000 0.916298 0.000000
vt 0.500000 0.785398 0.000000
vt 0.000000 0.785398 0.000000
vt 0.500000 0.654498 0.000000
vt -0.000000 0.654498 0.000000
vt 0.500000 0.523599 0.000000
vt 0.000000 0.523599 0.000000
vt 0.500000 0.392699 0.000000
vt -0.000000 0.392699 0.000000
vt 0.500000 0.261799 0.000000
vt 0.000000 0.261799 0.000000
vt 0.500000 0.130900 0.000000
vt 0.000000 0.130900 0.000000
vt 0.500000 0.000000 0.000000
vt 0.000000 0.000000 0.000000
vt 0.500000 -0.130900 0.000000
vt 0.000000 -0.130900 0.000000
vt 0.500000 -0.261799 0.000000
vt 0.000000 -0.261799 0.000000
vt 0.500000 -0.392699 0.000000
vt 0.000000 -0.392699 0.000000
vt 0.500000 -0.523599 0.000000
vt 0.000000 -0.523599 0.000000
vt 0.500000 -0.654498 0.000000
vt 0.000000 -0.654498 0.000000
vt 0.500000 -0.785398 0.000000
vt 0.000000 -0.785398 0.000000
vt 0.500000 -0.916298 0.000000
vt -0.000000 -0.916298 0.000000
vt 0.500000 -1.047198 0.000000
vt -0.000000 -1.047198 0.000000
vt 0.500000 -1.178097 0.000000
vt -0.000000 -1.178097 0.000000
vt 0.500000 -1.308997 0.000000
vt 0.000000 -1.308997 0.000000
vt 0.000000 0.000000 0.000000
vt 0.229263 0.000000 0.000000
vt 0.000000 0.500000 0.000000
vt 0.229263 0.500000 0.000000
vt 0.500000 0.288557 0.000000
vt 0.000000 0.288557 0.000000
vt 0.500000 0.240465 0.000000
vt -0.000000 0.240465 0.000000
vt 0.500000 0.192372 0.000000
vt 0.000000 0.192372 0.000000
vt 0.500000 0.144279 0.000000
vt -0.000000 0.144279 0.000000
vt 0.500000 0.096186 0.000000
vt 0.000000 0.096186 0.000000
vt 0.500000 0.048093 0.000000
vt -0.000000 0.048093 0.000000
vt 0.500000 0.000000 0.000000
vt -0.000000 0.000000 0.000000
vt -0.500000 0.000000 0.000000
vt -0.000000 0.000000 0.000000
vt -0.500000 0.087212 0.000000
vt -0.000000 0.087212 0.000000
vt -0.500000 0.174424 0.000000
vt -0.000000 0.174424 0.000000
vt -0.500000 0.261637 0.000000
vt -0.000000 0.261637 0.000000
vt 0.500000 0.288557 0.000000
vt -0.000000 0.288557 0.000000
vt 0.500000 0.240465 0.000000
vt 0.000000 0.240465 0.000000
vt 0.500000 0.192372 0.000000
vt -0.000000 0.192372 0.000000
vt 0.500000 0.144279 0.000000
vt -0.000000 0.144279 0.000000
vt 0.500000 0.096186 0.000000
vt 0.000000 0.096186 0.000000
vt 0.500000 0.048093 0.000000
vt -0.000000 0.048093 0.000000
vt 0.500000 -0.000000 0.000000
vt 0.000000 -0.000000 0.000000
vt 0.000000 0.000000 0.000000
vt 0.229263 0.000000 0.000000
vt 0.000000 0.500000 0.000000
vt 0.229263 0.500000 0.000000
vt -0.500000 0.000000 0.000000
vt -0.000000 0.000000 0.000000
vt -0.500000 0.025159 0.000000
vt -0.000000 0.025159 0.000000
vt -0.500000 0.050318 0.000000
vt -0.000000 0.050318 0.000000
vt -0.500000 0.075477 0.000000
vt -0.000000 0.075477 0.000000
vt -0.500000 0.100636 0.000000
vt -0.000000 0.100636 0.000000
vt -0.500000 0.125794 0.000000
vt -0.000000 0.125794 0.000000
vt -0.500000 0.150953 0.000000
vt -0.000000 0.150953 0.000000
vt -0.500000 0.000000 0.000000
vt -0.000000 0.000000 0.000000
vt -0.500000 0.204209 0.000000
vt -0.000000 0.204209 0.000000
vt -0.500000 0.408419 0.000000
vt -0.000000 0.408419 0.000000
vt -0.500000 0.612628 0.000000
vt -0.000000 0.612628 0.000000
vt -0.500000 0.000000 0.000000
vt -0.000000 0.000000 0.000000
vt -0.500000 0.025159 0.000000
vt -0.000000 0.025159 0.000000
vt -0.500000 0.050318 0.000000
vt -0.000000 0.050318 0.000000
vt -0.500000 0.075477 0.000000
vt -0.000000 0.075477 0.000000
vt -0.500000 0.100636 0.000000
vt -0.000000 0.100636 0.000000
vt -0.500000 0.125794 0.000000
vt -0.000000 0.125794 0.000000
vt -0.500000 0.150953 0.000000
vt -0.000000 0.150953 0.000000
vt 0.000000 0.000000 0.000000
vt 0.229263 0.000000 0.000000
vt 0.000000 0.500000 0.000000
vt 0.229263 0.500000 0.000000
vt 0.500000 0.288557 0.000000
vt -0.000000 0.288557 0.000000
vt 0.500000 0.240465 0.000000
vt -0.000000 0.240465 0.000000
vt 0.500000 0.192372 0.000000
vt -0.000000 0.192372 0.000000
vt 0.500000 0.144279 0.000000
vt -0.000000 0.144279 0.000000
vt 0.500000 0.096186 0.000000
vt 0.000000 0.096186 0.000000
vt 0.500000 0.048093 0.000000
vt 0.000000 0.048093 0.000000
vt 0.500000 0.000000 0.000000
vt 0.000000 0.000000 0.000000
vt -0.500000 0.000000 0.000000
vt -0.000000 0.000000 0.000000
vt -0.500000 0.087212 0.000000
vt -0.000000 0.087212 0.000000
vt -0.500000 0.174424 0.000000
vt -0.000000 0.174424 0.000000
vt -0.500000 0.261637 0.000000
vt -0.000000 0.261637 0.000000
vt 0.500000 0.288557 0.000000
vt -0.000000 0.288557 0.000000
vt 0.500000 0.240465 0.000000
vt -0.000000 0.240465 0.000000
vt 0.500000 0.192372 0.000000
vt 0.000000 0.192372 0.000000
vt 0.500000 0.144279 0.000000
vt 0.000000 0.144279 0.000000
vt 0.500000 0.096186 0.000000
vt 0.000000 0.096186 0.000000
vt 0.500000 0.048093 0.000000
vt -0.000000 0.048093 0.000000
vt 0.500000 -0.000000 0.000000
vt -0.000000 0.000000 0.000000
vt 0.000000 0.000000 0.000000
vt 0.229263 0.000000 0.000000
vt 0.000000 0.500000 0.000000
vt 0.229263 0.500000 0.000000
vt -0.500000 0.000000 0.000000
vt -0.000000 0.000000 0.000000
vt -0.500000 0.025159 0.000000
vt -0.000000 0.025159 0.000000
vt -0.500000 0.050318 0.000000
vt -0.000000 0.050318 0.000000
vt -0.500000 0.075477 0.000000
vt -0.000000 0.075477 0.000000
vt -0.500000 0.100636 0.000000
vt -0.000000 0.100636 0.000000
vt -0.500000 0.125794 0.000000
vt -0.000000 0.125794 0.000000
vt -0.500000 0.150953 0.000000
vt -0.000000 0.150953 0.000000
vt -0.500000 0.000000 0.000000
vt -0.000000 0.000000 0.000000
vt -0.500000 0.204209 0.000000
vt -0.000000 0.204209 0.000000
vt -0.500000 0.408419 0.000000
vt -0.000000 0.408419 0.000000
vt -0.500000 0.612628 0.000000
vt -0.000000 0.612628 0.000000
vt -0.500000 -0.000000 0.000000
vt -0.000000 0.000000 0.000000
vt -0.500000 0.025159 0.000000
vt -0.000000 0.025159 0.000000
vt -0.500000 0.050318 0.000000
vt -0.000000 0.050318 0.000000
vt -0.500000 0.075477 0.000000
vt -0.000000 0.075477 0.000000
vt -0.500000 0.100636 0.000000
vt -0.000000 0.100636 0.000000
vt -0.500000 0.125794 0.000000
vt -0.000000 0.125794 0.000000
vt -0.500000 0.150953 0.000000
vt -0.000000 0.150953 0.000000
vt -0.000000 0.000000 0.000000
vt 0.229263 0.000000 0.000000
vt -0.000000 0.500000 0.000000
vt 0.229263 0.500000 0.000000
vt 0.500000 0.288557 0.000000
vt -0.000000 0.288557 0.000000
vt 0.500000 0.240465 0.000000
vt -0.000000 0.240465 0.000000
vt 0.500000 0.192372 0.000000
vt 0.000000 0.192372 0.000000
vt 0.500000 0.144279 0.000000
vt 0.000000 0.144279 0.000000
vt 0.500000 0.096186 0.000000
vt -0.000000 0.096186 0.000000
vt 0.500000 0.048093 0.000000
vt -0.000000 0.048093 0.000000
vt 0.500000 0.000000 0.000000
vt -0.000000 0.000000 0.000000
vt -0.500000 -0.000000 0.000000
vt -0.000000 0.000000 0.000000
vt -0.500000 0.087212 0.000000
vt -0.000000 0.087212 0.000000
vt -0.500000 0.174424 0.000000
vt -0.000000 0.174424 0.000000
vt -0.500000 0.261637 0.000000
vt -0.000000 0.261637 0.000000
vt 0.500000 0.288557 0.000000
vt -0.000000 0.288557 0.000000
vt 0.500000 0.240465 0.000000
vt 0.000000 0.240465 0.000000
vt 0.500000 0.192372 0.000000
vt -0.000000 0.192372 0.000000
vt 0.500000 0.144279 0.000000
vt 0.000000 0.144279 0.000000
vt 0.500000 0.096186 0.000000
vt 0.000000 0.096186 0.000000
vt 0.500000 0.048093 0.000000
vt -0.000000 0.048093 0.000000
vt 0.500000 0.000000 0.000000
vt 0.000000 0.000000 0.000000
vt 0.000000 0.000000 0.000000
vt 0.229263 0.000000 0.000000
vt 0.000000 0.500000 0.000000
vt 0.229263 0.500000 0.000000
vt -0.500000 0.000000 0.000000
vt -0.000000 0.000000 0.000000
vt -0.500000 0.025159 0.000000
vt -0.000000 0.025159 0.000000
vt -0.500000 0.050318 0.000000
vt -0.000000 0.050318 0.000000
vt -0.500000 0.075477 0.000000
vt -0.000000 0.075477 0.000000
vt -0.500000 0.100636 0.000000
vt -0.000000 0.100636 0.000000
vt -0.500000 0.125794 0.000000
vt -0.000000 0.125794 0.000000
vt -0.500000 0.150953 0.000000
vt -0.000000 0.150953 0.000000
vt -0.500000 -0.000000 0.000000
vt -0.000000 0.000000 0.000000
vt -0.500000 0.204209 0.000000
vt -0.000000 0.204209 0.000000
vt -0.500000 0.408419 0.000000
vt -0.000000 0.408419 0.000000
vt -0.500000 0.612628 0.000000
vt -0.000000 0.612628 0.000000
vt -0.500000 -0.000000 0.000000
vt -0.000000 -0.000000 0.000000
vt -0.500000 0.025159 0.000000
vt -0.000000 0.025159 0.000000
vt -0.500000 0.050318 0.000000
vt -0.000000 0.050318 0.000000
vt -0.500000 0.075477 0.000000
vt -0.000000 0.075477 0.000000
vt -0.500000 0.100636 0.000000
vt -0.000000 0.100636 0.000000
vt -0.500000 0.125794 0.000000
vt -0.000000 0.125794 0.000000
vt -0.500000 0.150953 0.000000
vt -0.000000 0.150953 0.000000
vt 0.000000 0.000000 0.000000
vt 0.229263 0.000000 0.000000
vt 0.000000 0.500000 0.000000
vt 0.229263 0.500000 0.000000
vt 0.500000 0.288557 0.000000
vt -0.000000 0.288557 0.000000
vt 0.500000 0.240465 0.000000
vt 0.000000 0.240465 0.000000
vt 0.500000 0.192372 0.000000
vt 0.000000 0.192372 0.000000
vt 0.500000 0.144279 0.000000
vt 0.000000 0.144279 0.000000
vt 0.500000 0.096186 0.000000
vt -0.000000 0.096186 0.000000
vt 0.500000 0.048093 0.000000
vt 0.000000 0.048093 0.000000
vt 0.500000 0.000000 0.000000
vt -0.000000 -0.000000 0.000000
vt -0.500000 -0.000000 0.000000
vt -0.000000 0.000000 0.000000
vt -0.500000 0.087212 0.000000
vt -0.000000 0.087212 0.000000
vt -0.500000 0.174424 0.000000
vt -0.000000 0.174424 0.000000
vt -0.500000 0.261637 0.000000
vt -0.000000 0.261637 0.000000
vt 0.500000 0.288557 0.000000
vt 0.000000 0.288557 0.000000
vt 0.500000 0.240465 0.000000
vt -0.000000 0.240465 0.000000
vt 0.500000 0.192372 0.000000
vt 0.000000 0.192372 0.000000
vt 0.500000 0.144279 0.000000
vt -0.000000 0.144279 0.000000
vt 0.500000 0.096186 0.000000
vt 0.000000 0.096186 0.000000
vt 0.500000 0.048093 0.000000
vt -0.000000 0.048093 0.000000
vt 0.500000 0.000000 0.000000
vt 0.000000 0.000000 0.000000
vt 0.000000 0.000000 0.000000
vt 0.229263 0.000000 0.000000
vt -0.000000 0.500000 0.000000
vt 0.229263 0.500000 0.000000
vt -0.500000 -0.000000 0.000000
vt -0.000000 -0.000000 0.000000
vt -0.500000 0.025159 0.000000
vt -0.000000 0.025159 0.000000
vt -0.500000 0.050318 0.000000
vt -0.000000 0.050318 0.000000
vt -0.500000 0.075477 0.000000
vt -0.000000 0.075477 0.000000
vt -0.500000 0.100636 0.000000
vt -0.000000 0.100636 0.000000
vt -0.500000 0.125794 0.000000
vt -0.000000 0.125794 0.000000
vt -0.500000 0.150953 0.000000
vt -0.000000 0.150953 0.000000
vt -0.500000 -0.000000 0.000000
vt -0.000000 0.000000 0.000000
vt -0.500000 0.204209 0.000000
vt -0.000000 0.204209 0.000000
vt -0.500000 0.408419 0.000000
vt -0.000000 0.408419 0.000000
vt -0.500000 0.612628 0.000000
vt -0.000000 0.612628 0.000000
vt -0.500000 0.000000 0.000000
vt -0.000000 0.000000 0.000000
vt -0.500000 0.025159 0.000000
vt -0.000000 0.025159 0.000000
vt -0.500000 0.050318 0.000000
vt -0.000000 0.050318 0.000000
vt -0.500000 0.075477 0.000000
vt -0.000000 0.075477 0.000000
vt -0.500000 0.100636 0.000000
vt -0.000000 0.100636 0.000000
vt -0.500000 0.125794 0.000000
vt -0.000000 0.125794 0.000000
vt -0.500000 0.150953 0.000000
vt -0.000000 0.150953 0.000000
vt -0.000000 0.000000 0.000000
vt 0.229263 0.000000 0.000000
vt -0.000000 0.500000 0.000000
vt 0.229263 0.500000 0.000000
vt 0.500000 0.288557 0.000000
vt 0.000000 0.288557 0.000000
vt 0.500000 0.240465 0.000000
vt -0.000000 0.240465 0.000000
vt 0.500000 0.192372 0.000000
vt -0.000000 0.192372 0.000000
vt 0.500000 0.144279 0.000000
vt -0.000000 0.144279 0.000000
vt 0.500000 0.096186 0.000000
vt -0.000000 0.096186 0.000000
vt 0.500000 0.048093 0.000000
vt 0.000000 0.048093 0.000000
vt 0.500000 0.000000 0.000000
vt 0.000000 0.000000 0.000000
vt -0.500000 0.000000 0.000000
vt -0.000000 0.000000 0.000000
vt -0.500000 0.087212 0.000000
vt -0.000000 0.087212 0.000000
vt -0.500000 0.174424 0.000000
vt -0.000000 0.174424 0.000000
vt -0.500000 0.261637 0.000000
vt -0.000000 0.261637 0.000000
vt 0.500000 0.288557 0.000000
vt -0.000000 0.288557 0.000000
vt 0.500000 0.240465 0.000000
vt -0.000000 0.240465 0.000000
vt 0.500000 0.192372 0.000000
vt 0.000000 0.192372 0.000000
vt 0.500000 0.144279 0.000000
vt 0.000000 0.144279 0.000000
vt 0.500000 0.096186 0.000000
vt -0.000000 0.096186 0.000000
vt 0.500000 0.048093 0.000000
vt -0.000000 0.048093 0.000000
vt 0.500000 0.000000 0.000000
vt 0.000000 0.000000 0.000000
vt 0.000000 0.000000 0.000000
vt 0.229263 0.000000 0.000000
vt 0.000000 0.500000 0.000000
vt 0.229263 0.500000 0.000000
vt -0.500000 -0.000000 0.000000
vt -0.000000 -0.000000 0.000000
vt -0.500000 0.025159 0.000000
vt -0.000000 0.025159 0.000000
vt -0.500000 0.050318 0.000000
vt -0.000000 0.050318 0.000000
vt -0.500000 0.075477 0.000000
vt -0.000000 0.075477 0.000000
vt -0.500000 0.100636 0.000000
vt -0.000000 0.100636 0.000000
vt -0.500000 0.125794 0.000000
vt -0.000000 0.125794 0.000000
vt -0.500000 0.150953 0.000000
vt -0.000000 0.150953 0.000000
vt -0.500000 0.000000 0.000000
vt -0.000000 0.000000 0.000000
vt -0.500000 0.204209 0.000000
vt -0.000000 0.204209 0.000000
vt -0.500000 0.408419 0.000000
vt -0.000000 0.408419 0.000000
vt -0.500000 0.612628 0.000000
vt -0.000000 0.612628 0.000000
vt -0.500000 0.000000 0.000000
vt -0.000000 0.000000 0.000000
vt -0.500000 0.025159 0.000000
vt -0.000000 0.025159 0.000000
vt -0.500000 0.050318 0.000000
vt -0.000000 0.050318 0.000000
vt -0.500000 0.075477 0.000000
vt -0.000000 0.075477 0.000000
vt -0.500000 0.100636 0.000000
vt -0.000000 0.100636 0.000000
vt -0.500000 0.125794 0.000000
vt -0.000000 0.125794 0.000000
vt -0.500000 0.150953 0.000000
vt -0.000000 0.150953 0.000000
vt 0.000000 0.000000 0.000000
vt 0.229263 0.000000 0.000000
vt 0.000000 0.500000 0.000000
vt 0.229263 0.500000 0.000000
vt 0.500000 0.288557 0.000000
vt -0.000000 0.288557 0.000000
vt 0.500000 0.240465 0.000000
vt 0.000000 0.240465 0.000000
vt 0.500000 0.192372 0.000000
vt 0.000000 0.192372 0.000000
vt 0.500000 0.144279 0.000000
vt -0.000000 0.144279 0.000000
vt 0.500000 0.096186 0.000000
vt 0.000000 0.096186 0.000000
vt 0.500000 0.048093 0.000000
vt 0.000000 0.048093 0.000000
vt 0.500000 0.000000 0.000000
vt 0.000000 0.000000 0.000000
vt -0.500000 0.000000 0.000000
vt -0.000000 0.000000 0.000000
vt -0.500000 0.087212 0.000000
vt -0.000000 0.087212 0.000000
vt -0.500000 0.174424 0.000000
vt -0.000000 0.174424 0.000000
vt -0.500000 0.261637 0.000000
vt -0.000000 0.261637 0.000000
vt 0.500000 0.288557 0.000000
vt -0.000000 0.288557 0.000000
vt 0.500000 0.240465 0.000000
vt 0.000000 0.240465 0.000000
vt 0.500000 0.192372 0.000000
vt -0.000000 0.192372 0.000000
vt 0.500000 0.144279 0.000000
vt 0.000000 0.144279 0.000000
vt 0.500000 0.096186 0.000000
vt 0.000000 0.096186 0.000000
vt 0.500000 0.048093 0.000000
vt -0.000000 0.048093 0.000000
vt 0.500000 -0.000000 0.000000
vt 0.000000 -0.000000 0.000000
vt 0.000000 0.000000 0.000000
vt 0.229263 0.000000 0.000000
vt 0.000000 0.500000 0.000000
vt 0.229263 0.500000 0.000000
vt -0.500000 0.000000 0.000000
vt -0.000000 0.000000 0.000000
vt -0.500000 0.025159 0.000000
vt -0.000000 0.025159 0.000000
vt -0.500000 0.050318 0.000000
vt -0.000000 0.050318 0.000000
vt -0.500000 0.075477 0.000000
vt -0.000000 0.075477 0.000000
vt -0.500000 0.100636 0.000000
vt -0.000000 0.100636 0.000000
vt -0.500000 0.125794 0.000000
vt -0.000000 0.125794 0.000000
vt -0.500000 0.150953 0.000000
vt -0.000000 0.150953 0.000000
vt -0.500000 0.000000 0.000000
vt -0.000000 0.000000 0.000000
vt -0.500000 0.204209 0.000000
vt -0.000000 0.204209 0.000000
vt -0.500000 0.408419 0.000000
vt -0.000000 0.408419 0.000000
vt -0.500000 0.612628 0.000000
vt -0.000000 0.612628 0.000000
vt -0.500000 0.000000 0.000000
vt -0.000000 0.000000 0.000000
vt -0.500000 0.025159 0.000000
vt -0.000000 0.025159 0.000000
vt -0.500000 0.050318 0.000000
vt -0.000000 0.050318 0.000000
vt -0.500000 0.075477 0.000000
vt -0.000000 0.075477 0.000000
vt -0.500000 0.100636 0.000000
vt -0.000000 0.100636 0.000000
vt -0.500000 0.125794 0.000000
vt -0.000000 0.125794 0.000000
vt -0.500000 0.150953 0.000000
vt -0.000000 0.150953 0.000000
vt 0.000000 0.000000 0.000000
vt 0.229263 0.000000 0.000000
vt 0.000000 0.500000 0.000000
vt 0.229263 0.500000 0.000000
vt 0.500000 0.288557 0.000000
vt 0.000000 0.288557 0.000000
vt 0.500000 0.240465 0.000000
vt 0.000000 0.240465 0.000000
vt 0.500000 0.192372 0.000000
vt 0.000000 0.192372 0.000000
vt 0.500000 0.144279 0.000000
vt 0.000000 0.144279 0.000000
vt 0.500000 0.096186 0.000000
vt 0.000000 0.096186 0.000000
vt 0.500000 0.048093 0.000000
vt -0.000000 0.048093 0.000000
vt 0.500000 -0.000000 0.000000
vt 0.000000 0.000000 0.000000
vt -0.500000 0.000000 0.000000
vt -0.000000 0.000000 0.000000
vt -0.500000 0.087212 0.000000
vt -0.000000 0.087212 0.000000
vt -0.500000 0.174424 0.000000
vt -0.000000 0.174424 0.000000
vt -0.500000 0.261637 0.000000
vt -0.000000 0.261637 0.000000
vt 0.500000 0.288557 0.000000
vt -0.000000 0.288557 0.000000
vt 0.500000 0.240465 0.000000
vt -0.000000 0.240465 0.000000
vt 0.500000 0.192372 0.000000
vt 0.000000 0.192372 0.000000
vt 0.500000 0.144279 0.000000
vt 0.000000 0.144279 0.000000
vt 0.500000 0.096186 0.000000
vt 0.000000 0.096186 0.000000
vt 0.500000 0.048093 0.000000
vt -0.000000 0.048093 0.000000
vt 0.500000 0.000000 0.000000
vt 0.000000 0.000000 0.000000
vt 0.000000 0.000000 0.000000
vt 0.229263 0.000000 0.000000
vt 0.000000 0.500000 0.000000
vt 0.229263 0.500000 0.000000
vt -0.500000 0.000000 0.000000
vt -0.000000 0.000000 0.000000
vt -0.500000 0.025159 0.000000
vt -0.000000 0.025159 0.000000
vt -0.500000 0.050318 0.000000
vt -0.000000 0.050318 0.000000
vt -0.500000 0.075477 0.000000
vt -0.000000 0.075477 0.000000
vt -0.500000 0.100636 0.000000
vt -0.000000 0.100636 0.000000
vt -0.500000 0.125794 0.000000
vt -0.000000 0.125794 0.000000
vt -0.500000 0.150953 0.000000
vt -0.000000 0.150953 0.000000
vt -0.500000 0.000000 0.000000
vt -0.000000 0.000000 0.000000
vt -0.500000 0.204209 0.000000
vt -0.000000 0.204209 0.000000
vt -0.500000 0.408419 0.000000
vt -0.000000 0.408419 0.000000
vt -0.500000 0.612628 0.000000
vt -0.000000 0.612628 0.000000
vt -0.500000 0.000000 0.000000
vt -0.000000 0.000000 0.000000
vt -0.500000 0.025159 0.000000
vt -0.000000 0.025159 0.000000
vt -0.500000 0.050318 0.000000
vt -0.000000 0.050318 0.000000
vt -0.500000 0.075477 0.000000
vt -0.000000 0.075477 0.000000
vt -0.500000 0.100636 0.000000
vt -0.000000 0.100636 0.000000
vt -0.500000 0.125794 0.000000
vt -0.000000 0.125794 0.000000
vt -0.500000 0.150953 0.000000
vt -0.000000 0.150953 0.000000
vt -0.000000 0.000000 0.000000
vt 0.229263 0.000000 0.000000
vt -0.000000 0.500000 0.000000
vt 0.229263 0.500000 0.000000
vt 0.500000 0.288557 0.000000
vt -0.000000 0.288557 0.000000
vt 0.500000 0.240465 0.000000
vt 0.000000 0.240465 0.000000
vt 0.500000 0.192372 0.000000
vt -0.000000 0.192372 0.000000
vt 0.500000 0.144279 0.000000
vt -0.000000 0.144279 0.000000
vt 0.500000 0.096186 0.000000
vt 0.000000 0.096186 0.000000
vt 0.500000 0.048093 0.000000
vt -0.000000 0.048093 0.000000
vt 0.500000 -0.000000 0.000000
vt 0.000000 -0.000000 0.000000
vt -0.500000 0.000000 0.000000
vt -0.000000 0.000000 0.000000
vt -0.500000 0.087212 0.000000
vt -0.000000 0.087212 0.000000
vt -0.500000 0.174424 0.000000
vt -0.000000 0.174424 0.000000
vt -0.500000 0.261637 0.000000
vt -0.000000 0.261637 0.000000
vt 0.500000 0.288557 0.000000
vt 0.000000 0.288557 0.000000
vt 0.500000 0.240465 0.000000
vt 0.000000 0.240465 0.000000
vt 0.500000 0.192372 0.000000
vt 0.000000 0.192372 0.000000
vt 0.500000 0.144279 0.000000
vt 0.000000 0.144279 0.000000
vt 0.500000 0.096186 0.000000
vt -0.000000 0.096186 0.000000
vt 0.500000 0.048093 0.000000
vt -0.000000 0.048093 0.000000
vt 0.500000 0.000000 0.000000
vt 0.000000 0.000000 0.000000
vt 0.000000 0.000000 0.000000
vt 0.229263 0.000000 0.000000
vt 0.000000 0.500000 0.000000
vt 0.229263 0.500000 0.000000
vt -0.500000 0.000000 0.000000
vt -0.000000 0.000000 0.000000
vt -0.500000 0.025159 0.000000
vt -0.000000 0.025159 0.000000
vt -0.500000 0.050318 0.000000
vt -0.000000 0.050318 0.000000
vt -0.500000 0.075477 0.000000
vt -0.000000 0.075477 0.000000
vt -0.500000 0.100636 0.000000
vt -0.000000 0.100636 0.000000
vt -0.500000 0.125794 0.000000
vt -0.000000 0.125794 0.000000
vt -0.500000 0.150953 0.000000
vt -0.000000 0.150953 0.000000
vt -0.500000 -0.000000 0.000000
vt -0.000000 0.000000 0.000000
vt -0.500000 0.204209 0.000000
vt -0.000000 0.204209 0.000000
vt -0.500000 0.408419 0.000000
vt -0.000000 0.408419 0.000000
vt -0.500000 0.612628 0.000000
vt -0.000000 0.612628 0.000000
vt -0.500000 0.000000 0.000000
vt -0.000000 0.000000 0.000000
vt -0.500000 0.025159 0.000000
vt -0.000000 0.025159 0.000000
vt -0.500000 0.050318 0.000000
vt -0.000000 0.050318 0.000000
vt -0.500000 0.075477 0.000000
vt -0.000000 0.075477 0.000000
vt -0.500000 0.100636 0.000000
vt -0.000000 0.100636 0.000000
vt -0.500000 0.125794 0.000000
vt -0.000000 0.125794 0.000000
vt -0.500000 0.150953 0.000000
vt -0.000000 0.150953 0.000000
vt -0.000000 0.000000 0.000000
vt 0.229263 0.000000 0.000000
vt -0.000000 0.500000 0.000000
vt 0.229263 0.500000 0.000000
vt 0.500000 0.288557 0.000000
vt -0.000000 0.288557 0.000000
vt 0.500000 0.240465 0.000000
vt 0.000000 0.240465 0.000000
vt 0.500000 0.192372 0.000000
vt -0.000000 0.192372 0.000000
vt 0.500000 0.144279 0.000000
vt 0.000000 0.144279 0.000000
vt 0.500000 0.096186 0.000000
vt 0.000000 0.096186 0.000000
vt 0.500000 0.048093 0.000000
vt 0.000000 0.048093 0.000000
vt 0.500000 0.000000 0.000000
vt 0.000000 0.000000 0.000000
vt -0.500000 -0.000000 0.000000
vt -0.000000 0.000000 0.000000
vt -0.500000 0.087212 0.000000
vt -0.000000 0.087212 0.000000
vt -0.500000 0.174424 0.000000
vt -0.000000 0.174424 0.000000
vt -0.500000 0.261637 0.000000
vt -0.000000 0.261637 0.000000
vt 0.500000 0.288557 0.000000
vt 0.000000 0.288557 0.000000
vt 0.500000 0.240465 0.000000
vt -0.000000 0.240465 0.000000
vt 0.500000 0.192372 0.000000
vt 0.000000 0.192372 0.000000
vt 0.500000 0.144279 0.000000
vt 0.000000 0.144279 0.000000
vt 0.500000 0.096186 0.000000
vt 0.000000 0.096186 0.000000
vt 0.500000 0.048093 0.000000
vt -0.000000 0.048093 0.000000
vt 0.500000 0.000000 0.000000
vt 0.000000 0.000000 0.000000
vt 0.000000 0.000000 0.000000
vt 0.229263 0.000000 0.000000
vt 0.000000 0.500000 0.000000
vt 0.229263 0.500000 0.000000
vt -0.500000 0.000000 0.000000
vt -0.000000 0.000000 0.000000
vt -0.500000 0.025159 0.000000
vt -0.000000 0.025159 0.000000
vt -0.500000 0.050318 0.000000
vt -0.000000 0.050318 0.000000
vt -0.500000 0.075477 0.000000
vt -0.000000 0.075477 0.000000
vt -0.500000 0.100636 0.000000
vt -0.000000 0.100636 0.000000
vt -0.500000 0.125794 0.000000
vt -0.000000 0.125794 0.000000
vt -0.500000 0.150953 0.000000
vt -0.000000 0.150953 0.000000
vt -0.500000 0.000000 0.000000
vt -0.000000 0.000000 0.000000
vt -0.500000 0.204209 0.000000
vt -0.000000 0.204209 0.000000
vt -0.500000 0.408419 0.000000
vt -0.000000 0.408419 0.000000
vt -0.500000 0.612628 0.000000
vt -0.000000 0.612628 0.000000
vt -0.500000 0.000000 0.000000
vt -0.000000 0.000000 0.000000
vt -0.500000 0.025159 0.000000
vt -0.000000 0.025159 0.000000
vt -0.500000 0.050318 0.000000
vt -0.000000 0.050318 0.000000
vt -0.500000 0.075477 0.000000
vt -0.000000 0.075477 0.000000
vt -0.500000 0.100636 0.000000
vt -0.000000 0.100636 0.000000
vt -0.500000 0.125794 0.000000
vt -0.000000 0.125794 0.000000
vt -0.500000 0.150953 0.000000
vt -0.000000 0.150953 0.000000
vt -0.000000 0.000000 0.000000
vt 0.229263 0.000000 0.000000
vt 0.000000 0.500000 0.000000
vt 0.229263 0.500000 0.000000
vt 0.500000 0.288557 0.000000
vt -0.000000 0.288557 0.000000
vt 0.500000 0.240465 0.000000
vt 0.000000 0.240465 0.000000
vt 0.500000 0.192372 0.000000
vt 0.000000 0.192372 0.000000
vt 0.500000 0.144279 0.000000
vt -0.000000 0.144279 0.000000
vt 0.500000 0.096186 0.000000
vt -0.000000 0.096186 0.000000
vt 0.500000 0.048093 0.000000
vt -0.000000 0.048093 0.000000
vt 0.500000 -0.000000 0.000000
vt 0.000000 0.000000 0.000000
vt -0.500000 0.000000 0.000000
vt -0.000000 0.000000 0.000000
vt -0.500000 0.087212 0.000000
vt -0.000000 0.087212 0.000000
vt -0.500000 0.174424 0.000000
vt -0.000000 0.174424 0.000000
vt -0.500000 0.261637 0.000000
vt -0.000000 0.261637 0.000000
vt 0.500000 0.288557 0.000000
vt -0.000000 0.288557 0.000000
vt 0.500000 0.240465 0.000000
vt -0.000000 0.240465 0.000000
vt 0.500000 0.192372 0.000000
vt -0.000000 0.192372 0.000000
vt 0.500000 0.144279 0.000000
vt -0.000000 0.144279 0.000000
vt 0.500000 0.096186 0.000000
vt -0.000000 0.096186 0.000000
vt 0.500000 0.048093 0.000000
vt -0.000000 0.048093 0.000000
vt 0.500000 0.000000 0.000000
vt -0.000000 0.000000 0.000000
vt 0.000000 0.000000 0.000000
vt 0.229263 0.000000 0.000000
vt 0.000000 0.500000 0.000000
vt 0.229263 0.500000 0.000000
vt -0.500000 0.000000 0.000000
vt -0.000000 -0.000000 0.000000
vt -0.500000 0.025159 0.000000
vt -0.000000 0.025159 0.000000
vt -0.500000 0.050318 0.000000
vt -0.000000 0.050318 0.000000
vt -0.500000 0.075477 0.000000
vt -0.000000 0.075477 0.000000
vt -0.500000 0.100636 0.000000
vt -0.000000 0.100636 0.000000
vt -0.500000 0.125794 0.000000
vt -0.000000 0.125794 0.000000
vt -0.500000 0.150953 0.000000
vt -0.000000 0.150953 0.000000
vt -0.500000 0.000000 0.000000
vt -0.000000 0.000000 0.000000
vt -0.500000 0.204209 0.000000
vt -0.000000 0.204209 0.000000
vt -0.500000 0.408419 0.000000
vt -0.000000 0.408419 0.000000
vt -0.500000 0.612628 0.000000
vt -0.000000 0.612628 0.000000
vt -0.500000 -0.000000 0.000000
vt -0.000000 -0.000000 0.000000
vt -0.500000 0.025159 0.000000
vt -0.000000 0.025159 0.000000
vt -0.500000 0.050318 0.000000
vt -0.000000 0.050318 0.000000
vt -0.500000 0.075477 0.000000
vt -0.000000 0.075477 0.000000
vt -0.500000 0.100636 0.000000
vt -0.000000 0.100636 0.000000
vt -0.500000 0.125794 0.000000
vt -0.000000 0.125794 0.000000
vt -0.500000 0.150953 0.000000
vt -0.000000 0.150953 0.000000
vt -0.000000 0.000000 0.000000
vt 0.229263 0.000000 0.000000
vt -0.000000 0.500000 0.000000
vt 0.229263 0.500000 0.000000
vt 0.500000 0.288557 0.000000
vt -0.000000 0.288557 0.000000
vt 0.500000 0.240465 0.000000
vt 0.000000 0.240465 0.000000
vt 0.500000 0.192372 0.000000
vt -0.000000 0.192372 0.000000
vt 0.500000 0.144279 0.000000
vt 0.000000 0.144279 0.000000
vt 0.500000 0.096186 0.000000
vt -0.000000 0.096186 0.000000
vt 0.500000 0.048093 0.000000
vt 0.000000 0.048093 0.000000
vt 0.500000 0.000000 0.000000
vt 0.000000 0.000000 0.000000
vt -0.500000 0.000000 0.000000
vt -0.000000 0.000000 0.000000
vt -0.500000 0.087212 0.000000
vt -0.000000 0.087212 0.000000
vt -0.500000 0.174424 0.000000
vt -0.000000 0.174424 0.000000
vt -0.500000 0.261637 0.000000
vt -0.000000 0.261637 0.000000
vt 0.500000 0.288557 0.000000
vt 0.000000 0.288557 0.000000
vt 0.500000 0.240465 0.000000
vt 0.000000 0.240465 0.000000
vt 0.500000 0.192372 0.000000
vt 0.000000 0.192372 0.000000
vt 0.500000 0.144279 0.000000
vt 0.000000 0.144279 0.000000
vt 0.500000 0.096186 0.000000
vt 0.000000 0.096186 0.000000
vt 0.500000 0.048093 0.000000
vt -0.000000 0.048093 0.000000
vt 0.500000 -0.000000 0.000000
vt -0.000000 0.000000 0.000000
vt 0.000000 0.000000 0.000000
vt 0.229263 0.000000 0.000000
vt -0.000000 0.500000 0.000000
vt 0.229263 0.500000 0.000000
vt -0.500000 0.000000 0.000000
vt -0.000000 0.000000 0.000000
vt -0.500000 0.025159 0.000000
vt -0.000000 0.025159 0.000000
vt -0.500000 0.050318 0.000000
vt -0.000000 0.050318 0.000000
vt -0.500000 0.075477 0.000000
vt -0.000000 0.075477 0.000000
vt -0.500000 0.100636 0.000000
vt -0.000000 0.100636 0.000000
vt -0.500000 0.125794 0.000000
vt -0.000000 0.125794 0.000000
vt -0.500000 0.150953 0.000000
vt -0.000000 0.150953 0.000000
vt -0.500000 0.000000 0.000000
vt -0.000000 0.000000 0.000000
vt -0.500000 0.204209 0.000000
vt -0.000000 0.204209 0.000000
vt -0.500000 0.408419 0.000000
vt -0.000000 0.408419 0.000000
vt -0.500000 0.612628 0.000000
vt -0.000000 0.612628 0.000000
vt -0.500000 -0.000000 0.000000
vt -0.000000 0.000000 0.000000
vt -0.500000 0.025159 0.000000
vt -0.000000 0.025159 0.000000
vt -0.500000 0.050318 0.000000
vt -0.000000 0.050318 0.000000
vt -0.500000 0.075477 0.000000
vt -0.000000 0.075477 0.000000
vt -0.500000 0.100636 0.000000
vt -0.000000 0.100636 0.000000
vt -0.500000 0.125794 0.000000
vt -0.000000 0.125794 0.000000
vt -0.500000 0.150953 0.000000
vt -0.000000 0.150953 0.000000
vt 0.000000 0.000000 0.000000
vt 0.229263 0.000000 0.000000
vt 0.000000 0.500000 0.000000
vt 0.229263 0.500000 0.000000
vt 0.500000 0.288557 0.000000
vt -0.000000 0.288557 0.000000
vt 0.500000 0.240465 0.000000
vt 0.000000 0.240465 0.000000
vt 0.500000 0.192372 0.000000
vt 0.000000 0.192372 0.000000
vt 0.500000 0.144279 0.000000
vt -0.000000 0.144279 0.000000
vt 0.500000 0.096186 0.000000
vt 0.000000 0.096186 0.000000
vt 0.500000 0.048093 0.000000
vt 0.000000 0.048093 0.000000
vt 0.500000 -0.000000 0.000000
vt 0.000000 0.000000 0.000000
vt -0.500000 0.000000 0.000000
vt -0.000000 0.000000 0.000000
vt -0.500000 0.087212 0.000000
vt -0.000000 0.087212 0.000000
vt -0.500000 0.174424 0.000000
vt -0.000000 0.174424 0.000000
vt -0.500000 0.261637 0.000000
vt -0.000000 0.261637 0.000000
vt 0.500000 0.288557 0.000000
vt -0.000000 0.288557 0.000000
vt 0.500000 0.240465 0.000000
vt 0.000000 0.240465 0.000000
vt 0.500000 0.192372 0.000000
vt 0.000000 0.192372 0.000000
vt 0.500000 0.144279 0.000000
vt 0.000000 0.144279 0.000000
vt 0.500000 0.096186 0.000000
vt 0.000000 0.096186 0.000000
vt 0.500000 0.048093 0.000000
vt -0.000000 0.048093 0.000000
vt 0.500000 -0.000000 0.000000
vt -0.000000 0.000000 0.000000
vt -0.000000 0.000000 0.000000
vt 0.229263 0.000000 0.000000
vt -0.000000 0.500000 0.000000
vt 0.229263 0.500000 0.000000
vt -0.500000 0.000000 0.000000
vt -0.000000 0.000000 0.000000
vt -0.500000 0.025159 0.000000
vt -0.000000 0.025159 0.000000
vt -0.500000 0.050318 0.000000
vt -0.000000 0.050318 0.000000
vt -0.500000 0.075477 0.000000
vt -0.000000 0.075477 0.000000
vt -0.500000 0.100636 0.000000
vt -0.000000 0.100636 0.000000
vt -0.500000 0.125794 0.000000
vt -0.000000 0.125794 0.000000
vt -0.500000 0.150953 0.000000
vt -0.000000 0.150953 0.000000
vt -0.500000 0.000000 0.000000
vt -0.000000 0.000000 0.000000
vt -0.500000 0.204209 0.000000
vt -0.000000 0.204209 0.000000
vt -0.500000 0.408419 0.000000
vt -0.000000 0.408419 0.000000
vt -0.500000 0.612628 0.000000
vt -0.000000 0.612628 0.000000
vt -0.500000 0.000000 0.000000
vt -0.000000 0.000000 0.000000
vt -0.500000 0.025159 0.000000
vt -0.000000 0.025159 0.000000
vt -0.500000 0.050318 0.000000
vt -0.000000 0.050318 0.000000
vt -0.500000 0.075477 0.000000
vt -0.000000 0.075477 0.000000
vt -0.500000 0.100636 0.000000
vt -0.000000 0.100636 0.000000
vt -0.500000 0.125794 0.000000
vt -0.000000 0.125794 0.000000
vt -0.500000 0.150953 0.000000
vt -0.000000 0.150953 0.000000
vt 0.000000 0.000000 0.000000
vt 0.229263 0.000000 0.000000
vt -0.000000 0.500000 0.000000
vt 0.229263 0.500000 0.000000
vt 0.500000 0.288557 0.000000
vt -0.000000 0.288557 0.000000
vt 0.500000 0.240465 0.000000
vt -0.000000 0.240465 0.000000
vt 0.500000 0.192372 0.000000
vt 0.000000 0.192372 0.000000
vt 0.500000 0.144279 0.000000
vt 0.000000 0.144279 0.000000
vt 0.500000 0.096186 0.000000
vt -0.000000 0.096186 0.000000
vt 0.500000 0.048093 0.000000
vt -0.000000 0.048093 0.000000
vt 0.500000 0.000000 0.000000
vt -0.000000 0.000000 0.000000
vt -0.500000 -0.000000 0.000000
vt -0.000000 -0.000000 0.000000
vt -0.500000 0.087212 0.000000
vt -0.000000 0.087212 0.000000
vt -0.500000 0.174424 0.000000
vt -0.000000 0.174424 0.000000
vt -0.500000 0.261637 0.000000
vt -0.000000 0.261637 0.000000
vt 0.500000 0.288557 0.000000
vt 0.000000 0.288557 0.000000
vt 0.500000 0.240465 0.000000
vt -0.000000 0.240465 0.000000
vt 0.500000 0.192372 0.000000
vt -0.000000 0.192372 0.000000
vt 0.500000 0.144279 0.000000
vt 0.000000 0.144279 0.000000
vt 0.500000 0.096186 0.000000
vt 0.000000 0.096186 0.000000
vt 0.500000 0.048093 0.000000
vt -0.000000 0.048093 0.000000
vt 0.500000 0.000000 0.000000
vt 0.000000 0.000000 0.000000
vt 0.000000 0.000000 0.000000
vt 0.229263 0.000000 0.000000
vt 0.000000 0.500000 0.000000
vt 0.229263 0.500000 0.000000
vt -0.500000 -0.000000 0.000000
vt -0.000000 -0.000000 0.000000
vt -0.500000 0.025159 0.000000
vt -0.000000 0.025159 0.000000
vt -0.500000 0.050318 0.000000
vt -0.000000 0.050318 0.000000
vt -0.500000 0.075477 0.000000
vt -0.000000 0.075477 0.000000
vt -0.500000 0.100636 0.000000
vt -0.000000 0.100636 0.000000
vt -0.500000 0.125794 0.000000
vt -0.000000 0.125794 0.000000
vt -0.500000 0.150953 0.000000
vt -0.000000 0.150953 0.000000
vt -0.500000 0.000000 0.000000
vt -0.000000 0.000000 0.000000
vt -0.500000 0.204209 0.000000
vt -0.000000 0.204209 0.000000
vt -0.500000 0.408419 0.000000
vt -0.000000 0.408419 0.000000
vt -0.500000 0.612628 0.000000
vt -0.000000 0.612628 0.000000
vt -0.500000 0.000000 0.000000
vt -0.000000 0.000000 0.000000
vt -0.500000 0.025159 0.000000
vt -0.000000 0.025159 0.000000
vt -0.500000 0.050318 0.000000
vt -0.000000 0.050318 0.000000
vt -0.500000 0.075477 0.000000
vt -0.000000 0.075477 0.000000
vt -0.500000 0.100636 0.000000
vt -0.000000 0.100636 0.000000
vt -0.500000 0.125794 0.000000
vt -0.000000 0.125794 0.000000
vt -0.500000 0.150953 0.000000
vt -0.000000 0.150953 0.000000
vt 0.000000 0.000000 0.000000
vt 0.229263 0.000000 0.000000
vt 0.000000 0.500000 0.000000
vt 0.229263 0.500000 0.000000
vt 0.500000 0.288557 0.000000
vt 0.000000 0.288557 0.000000
vt 0.500000 0.240465 0.000000
vt 0.000000 0.240465 0.000000
vt 0.500000 0.192372 0.000000
vt 0.000000 0.192372 0.000000
vt 0.500000 0.144279 0.000000
vt 0.000000 0.144279 0.000000
vt 0.500000 0.096186 0.000000
vt 0.000000 0.096186 0.000000
vt 0.500000 0.048093 0.000000
vt 0.000000 0.048093 0.000000
vt 0.500000 -0.000000 0.000000
vt 0.000000 -0.000000 0.000000
vt -0.500000 -0.000000 0.000000
vt -0.000000 -0.000000 0.000000
vt -0.500000 0.087212 0.000000
vt -0.000000 0.087212 0.000000
vt -0.500000 0.174424 0.000000
vt -0.000000 0.174424 0.000000
vt -0.500000 0.261637 0.000000
vt -0.000000 0.261637 0.000000
vt 0.500000 0.288557 0.000000
vt -0.000000 0.288557 0.000000
vt 0.500000 0.240465 0.000000
vt -0.000000 0.240465 0.000000
vt 0.500000 0.192372 0.000000
vt -0.000000 0.192372 0.000000
vt 0.500000 0.144279 0.000000
vt 0.000000 0.144279 0.000000
vt 0.500000 0.096186 0.000000
vt -0.000000 0.096186 0.000000
vt 0.500000 0.048093 0.000000
vt -0.000000 0.048093 0.000000
vt 0.500000 0.000000 0.000000
vt 0.000000 0.000000 0.000000
vt 0.000000 0.000000 0.000000
vt 0.229263 0.000000 0.000000
vt 0.000000 0.500000 0.000000
vt 0.229263 0.500000 0.000000
vt -0.500000 0.000000 0.000000
vt -0.000000 0.000000 0.000000
vt -0.500000 0.025159 0.000000
vt -0.000000 0.025159 0.000000
vt -0.500000 0.050318 0.000000
vt -0.000000 0.050318 0.000000
vt -0.500000 0.075477 0.000000
vt -0.000000 0.075477 0.000000
vt -0.500000 0.100636 0.000000
vt -0.000000 0.100636 0.000000
vt -0.500000 0.125794 0.000000
vt -0.000000 0.125794 0.000000
vt -0.500000 0.150953 0.000000
vt -0.000000 0.150953 0.000000
vt -0.500000 0.000000 0.000000
vt -0.000000 0.000000 0.000000
vt -0.500000 0.204209 0.000000
vt -0.000000 0.204209 0.000000
vt -0.500000 0.408419 0.000000
vt -0.000000 0.408419 0.000000
vt -0.500000 0.612628 0.000000
vt -0.000000 0.612628 0.000000
vt -0.500000 0.000000 0.000000
vt -0.000000 0.000000 0.000000
vt -0.500000 0.025159 0.000000
vt -0.000000 0.025159 0.000000
vt -0.500000 0.050318 0.000000
vt -0.000000 0.050318 0.000000
vt -0.500000 0.075477 0.000000
vt -0.000000 0.075477 0.000000
vt -0.500000 0.100636 0.000000
vt -0.000000 0.100636 0.000000
vt -0.500000 0.125794 0.000000
vt -0.000000 0.125794 0.000000
vt -0.500000 0.150953 0.000000
vt -0.000000 0.150953 0.000000
vt 0.000000 0.000000 0.000000
vt 0.229263 0.000000 0.000000
vt 0.000000 0.500000 0.000000
vt 0.229263 0.500000 0.000000
vt 0.500000 0.288557 0.000000
vt 0.000000 0.288557 0.000000
vt 0.500000 0.240465 0.000000
vt -0.000000 0.240465 0.000000
vt 0.500000 0.192372 0.000000
vt -0.000000 0.192372 0.000000
vt 0.500000 0.144279 0.000000
vt -0.000000 0.144279 0.000000
vt 0.500000 0.096186 0.000000
vt 0.000000 0.096186 0.000000
vt 0.500000 0.048093 0.000000
vt 0.000000 0.048093 0.000000
vt 0.500000 0.000000 0.000000
vt 0.000000 0.000000 0.000000
vt -0.500000 0.000000 0.000000
vt -0.000000 0.000000 0.000000
vt -0.500000 0.087212 0.000000
vt -0.000000 0.087212 0.000000
vt -0.500000 0.174424 0.000000
vt -0.000000 0.174424 0.000000
vt -0.500000 0.261637 0.000000
vt -0.000000 0.261637 0.000000
vt 0.500000 0.288557 0.000000
vt 0.000000 0.288557 0.000000
vt 0.500000 0.240465 0.000000
vt -0.000000 0.240465 0.000000
vt 0.500000 0.192372 0.000000
vt -0.000000 0.192372 0.000000
vt 0.500000 0.144279 0.000000
vt -0.000000 0.144279 0.000000
vt 0.500000 0.096186 0.000000
vt 0.000000 0.096186 0.000000
vt 0.500000 0.048093 0.000000
vt -0.000000 0.048093 0.000000
vt 0.500000 -0.000000 0.000000
vt 0.000000 -0.000000 0.000000
vt 0.000000 0.000000 0.000000
vt 0.229263 0.000000 0.000000
vt 0.000000 0.500000 0.000000
vt 0.229263 0.500000 0.000000
vt -0.500000 -0.000000 0.000000
vt -0.000000 -0.000000 0.000000
vt -0.500000 0.025159 0.000000
vt -0.000000 0.025159 0.000000
vt -0.500000 0.050318 0.000000
vt -0.000000 0.050318 0.000000
vt -0.500000 0.075477 0.000000
vt -0.000000 0.075477 0.000000
vt -0.500000 0.100636 0.000000
vt -0.000000 0.100636 0.000000
vt -0.500000 0.125794 0.000000
vt -0.000000 0.125794 0.000000
vt -0.500000 0.150953 0.000000
vt -0.000000 0.150953 0.000000
vt -0.500000 0.000000 0.000000
vt -0.000000 0.000000 0.000000
vt -0.500000 0.204209 0.000000
vt -0.000000 0.204209 0.000000
vt -0.500000 0.408419 0.000000
vt -0.000000 0.408419 0.000000
vt -0.500000 0.612628 0.000000
vt -0.000000 0.612628 0.000000
vt -0.500000 0.000000 0.000000
vt -0.000000 0.000000 0.000000
vt -0.500000 0.025159 0.000000
vt -0.000000 0.025159 0.000000
vt -0.500000 0.050318 0.000000
vt -0.000000 0.050318 0.000000
vt -0.500000 0.075477 0.000000
vt -0.000000 0.075477 0.000000
vt -0.500000 0.100636 0.000000
vt -0.000000 0.100636 0.000000
vt -0.500000 0.125794 0.000000
vt -0.000000 0.125794 0.000000
vt -0.500000 0.150953 0.000000
vt -0.000000 0.150953 0.000000
vt -0.000000 0.000000 0.000000
vt 0.229263 0.000000 0.000000
vt -0.000000 0.500000 0.000000
vt 0.229263 0.500000 0.000000
vt 0.500000 0.288557 0.000000
vt -0.000000 0.288557 0.000000
vt 0.500000 0.240465 0.000000
vt -0.000000 0.240465 0.000000
vt 0.500000 0.192372 0.000000
vt 0.000000 0.192372 0.000000
vt 0.500000 0.144279 0.000000
vt -0.000000 0.144279 0.000000
vt 0.500000 0.096186 0.000000
vt 0.000000 0.096186 0.000000
vt 0.500000 0.048093 0.000000
vt 0.000000 0.048093 0.000000
vt 0.500000 0.000000 0.000000
vt 0.000000 0.000000 0.000000
vt -0.500000 0.000000 0.000000
vt -0.000000 0.000000 0.000000
vt -0.500000 0.087212 0.000000
vt -0.000000 0.087212 0.000000
vt -0.500000 0.174424 0.000000
vt -0.000000 0.174424 0.000000
vt -0.500000 0.261637 0.000000
vt -0.000000 0.261637 0.000000
vt 0.500000 0.288557 0.000000
vt -0.000000 0.288557 0.000000
vt 0.500000 0.240465 0.000000
vt 0.000000 0.240465 0.000000
vt 0.500000 0.192372 0.000000
vt -0.000000 0.192372 0.000000
vt 0.500000 0.144279 0.000000
vt 0.000000 0.144279 0.000000
vt 0.500000 0.096186 0.000000
vt 0.000000 0.096186 0.000000
vt 0.500000 0.048093 0.000000
vt -0.000000 0.048093 0.000000
vt 0.500000 0.000000 0.000000
vt 0.000000 0.000000 0.000000
vt -0.000000 0.000000 0.000000
vt 0.229263 0.000000 0.000000
vt -0.000000 0.500000 0.000000
vt 0.229263 0.500000 0.000000
vt -0.500000 0.000000 0.000000
vt -0.000000 0.000000 0.000000
vt -0.500000 0.025159 0.000000
vt -0.000000 0.025159 0.000000
vt -0.500000 0.050318 0.000000
vt -0.000000 0.050318 0.000000
vt -0.500000 0.075477 0.000000
vt -0.000000 0.075477 0.000000
vt -0.500000 0.100636 0.000000
vt -0.000000 0.100636 0.000000
vt -0.500000 0.125794 0.000000
vt -0.000000 0.125794 0.000000
vt -0.500000 0.150953 0.000000
vt -0.000000 0.150953 0.000000
vt -0.500000 0.000000 0.000000
vt -0.000000 0.000000 0.000000
vt -0.500000 0.204209 0.000000
vt -0.000000 0.204209 0.000000
vt -0.500000 0.408419 0.000000
vt -0.000000 0.408419 0.000000
vt -0.500000 0.612628 0.000000
vt -0.000000 0.612628 0.000000
vt -0.500000 0.000000 0.000000
vt -0.000000 0.000000 0.000000
vt -0.500000 0.025159 0.000000
vt -0.000000 0.025159 0.000000
vt -0.500000 0.050318 0.000000
vt -0.000000 0.050318 0.000000
vt -0.500000 0.075477 0.000000
vt -0.000000 0.075477 0.000000
vt -0.500000 0.100636 0.000000
vt -0.000000 0.100636 0.000000
vt -0.500000 0.125794 0.000000
vt -0.000000 0.125794 0.000000
vt -0.500000 0.150953 0.000000
vt -0.000000 0.150953 0.000000
vt 0.000000 0.000000 0.000000
vt 0.229263 0.000000 0.000000
vt 0.000000 0.500000 0.000000
vt 0.229263 0.500000 0.000000
vt 0.500000 0.288557 0.000000
vt -0.000000 0.288557 0.000000
vt 0.500000 0.240465 0.000000
vt -0.000000 0.240465 0.000000
vt 0.500000 0.192372 0.000000
vt -0.000000 0.192372 0.000000
vt 0.500000 0.144279 0.000000
vt -0.000000 0.144279 0.000000
vt 0.500000 0.096186 0.000000
vt -0.000000 0.096186 0.000000
vt 0.500000 0.048093 0.000000
vt 0.000000 0.048093 0.000000
vt 0.500000 0.000000 0.000000
vt 0.000000 0.000000 0.000000
vt -0.500000 0.000000 0.000000
vt -0.000000 0.000000 0.000000
vt -0.500000 0.087212 0.000000
vt -0.000000 0.087212 0.000000
vt -0.500000 0.174424 0.000000
vt -0.000000 0.174424 0.000000
vt -0.500000 0.261637 0.000000
vt -0.000000 0.261637 0.000000
vt 0.500000 0.288557 0.000000
vt -0.000000 0.288557 0.000000
vt 0.500000 0.240465 0.000000
vt -0.000000 0.240465 0.000000
vt 0.500000 0.192372 0.000000
vt 0.000000 0.192372 0.000000
vt 0.500000 0.144279 0.000000
vt 0.000000 0.144279 0.000000
vt 0.500000 0.096186 0.000000
vt 0.000000 0.096186 0.000000
vt 0.500000 0.048093 0.000000
vt -0.000000 0.048093 0.000000
vt 0.500000 0.000000 0.000000
vt -0.000000 0.000000 0.000000
vt 0.000000 0.000000 0.000000
vt 0.229263 0.000000 0.000000
vt 0.000000 0.500000 0.000000
vt 0.229263 0.500000 0.000000
vt -0.500000 0.000000 0.000000
vt -0.000000 0.000000 0.000000
vt -0.500000 0.025159 0.000000
vt -0.000000 0.025159 0.000000
vt -0.500000 0.050318 0.000000
vt -0.000000 0.050318 0.000000
vt -0.500000 0.075477 0.000000
vt -0.000000 0.075477 0.000000
vt -0.500000 0.100636 0.000000
vt -0.000000 0.100636 0.000000
vt -0.500000 0.125794 0.000000
vt -0.000000 0.125794 0.000000
vt -0.500000 0.150953 0.000000
vt -0.000000 0.150953 0.000000
vt -0.500000 -0.000000 0.000000
vt -0.000000 -0.000000 0.000000
vt -0.500000 0.204209 0.000000
vt -0.000000 0.204209 0.000000
vt -0.500000 0.408419 0.000000
vt -0.000000 0.408419 0.000000
vt -0.500000 0.612628 0.000000
vt -0.000000 0.612628 0.000000
vt -0.500000 0.000000 0.000000
vt -0.000000 0.000000 0.000000
vt -0.500000 0.025159 0.000000
vt -0.000000 0.025159 0.000000
vt -0.500000 0.050318 0.000000
vt -0.000000 0.050318 0.000000
vt -0.500000 0.075477 0.000000
vt -0.000000 0.075477 0.000000
vt -0.500000 0.100636 0.000000
vt -0.000000 0.100636 0.000000
vt -0.500000 0.125794 0.000000
vt -0.000000 0.125794 0.000000
vt -0.500000 0.150953 0.000000
vt -0.000000 0.150953 0.000000
vt 0.000000 0.000000 0.000000
vt 0.229263 0.000000 0.000000
vt 0.000000 0.500000 0.000000
vt 0.229263 0.500000 0.000000
vt 0.500000 0.288557 0.000000
vt -0.000000 0.288557 0.000000
vt 0.500000 0.240465 0.000000
vt -0.000000 0.240465 0.000000
vt 0.500000 0.192372 0.000000
vt 0.000000 0.192372 0.000000
vt 0.500000 0.144279 0.000000
vt 0.000000 0.144279 0.000000
vt 0.500000 0.096186 0.000000
vt -0.000000 0.096186 0.000000
vt 0.500000 0.048093 0.000000
vt -0.000000 0.048093 0.000000
vt 0.500000 0.000000 0.000000
vt 0.000000 0.000000 0.000000
vt -0.500000 -0.000000 0.000000
vt -0.000000 0.000000 0.000000
vt -0.500000 0.087212 0.000000
vt -0.000000 0.087212 0.000000
vt -0.500000 0.174424 0.000000
vt -0.000000 0.174424 0.000000
vt -0.500000 0.261637 0.000000
vt -0.000000 0.261637 0.000000
vt 0.500000 0.288557 0.000000
vt 0.000000 0.288557 0.000000
vt 0.500000 0.240465 0.000000
vt 0.000000 0.240465 0.000000
vt 0.500000 0.192372 0.000000
vt 0.000000 0.192372 0.000000
vt 0.500000 0.144279 0.000000
vt 0.000000 0.144279 0.000000
vt 0.500000 0.096186 0.000000
vt 0.000000 0.096186 0.000000
vt 0.500000 0.048093 0.000000
vt -0.000000 0.048093 0.000000
vt 0.500000 0.000000 0.000000
vt 0.000000 0.000000 0.000000
vt 0.000000 0.000000 0.000000
vt 0.229263 0.000000 0.000000
vt 0.000000 0.500000 0.000000
vt 0.229263 0.500000 0.000000
vt -0.500000 -0.000000 0.000000
vt -0.000000 -0.000000 0.000000
vt -0.500000 0.025159 0.000000
vt -0.000000 0.025159 0.000000
vt -0.500000 0.050318 0.000000
vt -0.000000 0.050318 0.000000
vt -0.500000 0.075477 0.000000
vt -0.000000 0.075477 0.000000
vt -0.500000 0.100636 0.000000
vt -0.000000 0.100636 0.000000
vt -0.500000 0.125794 0.000000
vt -0.000000 0.125794 0.000000
vt -0.500000 0.150953 0.000000
vt -0.000000 0.150953 0.000000
vt -0.500000 0.000000 0.000000
vt -0.000000 0.000000 0.000000
vt -0.500000 0.204209 0.000000
vt -0.000000 0.204209 0.000000
vt -0.500000 0.408419 0.000000
vt -0.000000 0.408419 0.000000
vt -0.500000 0.612628 0.000000
vt -0.000000 0.612628 0.000000
vt -0.500000 0.000000 0.000000
vt -0.000000 -0.000000 0.000000
vt -0.500000 0.025159 0.000000
vt -0.000000 0.025159 0.000000
vt -0.500000 0.050318 0.000000
vt -0.000000 0.050318 0.000000
vt -0.500000 0.075477 0.000000
vt -0.000000 0.075477 0.000000
vt -0.500000 0.100636 0.000000
vt -0.000000 0.100636 0.000000
vt -0.500000 0.125794 0.000000
vt -0.000000 0.125794 0.000000
vt -0.500000 0.150953 0.000000
vt -0.000000 0.150953 0.000000
vt -0.000000 0.000000 0.000000
vt 0.229263 0.000000 0.000000
vt -0.000000 0.500000 0.000000
vt 0.229263 0.500000 0.000000
vt 0.500000 0.288557 0.000000
vt 0.000000 0.288557 0.000000
vt 0.500000 0.240465 0.000000
vt 0.000000 0.240465 0.000000
vt 0.500000 0.192372 0.000000
vt -0.000000 0.192372 0.000000
vt 0.500000 0.144279 0.000000
vt -0.000000 0.144279 0.000000
vt 0.500000 0.096186 0.000000
vt 0.000000 0.096186 0.000000
vt 0.500000 0.048093 0.000000
vt 0.000000 0.048093 0.000000
vt 0.500000 -0.000000 0.000000
vt 0.000000 -0.000000 0.000000
vt -0.500000 -0.000000 0.000000
vt -0.000000 -0.000000 0.000000
vt -0.500000 0.087212 0.000000
vt -0.000000 0.087212 0.000000
vt -0.500000 0.174424 0.000000
vt -0.000000 0.174424 0.000000
vt -0.500000 0.261637 0.000000
vt -0.000000 0.261637 0.000000
vt 0.500000 0.288557 0.000000
vt 0.000000 0.288557 0.000000
vt 0.500000 0.240465 0.000000
vt 0.000000 0.240465 0.000000
vt 0.500000 0.192372 0.000000
vt -0.000000 0.192372 0.000000
vt 0.500000 0.144279 0.000000
vt -0.000000 0.144279 0.000000
vt 0.500000 0.096186 0.000000
vt 0.000000 0.096186 0.000000
vt 0.500000 0.048093 0.000000
vt -0.000000 0.048093 0.000000
vt 0.500000 0.000000 0.000000
vt 0.000000 0.000000 0.000000
vt 0.000000 0.000000 0.000000
vt 0.229263 0.000000 0.000000
vt 0.000000 0.500000 0.000000
vt 0.229263 0.500000 0.000000
vt -0.500000 0.000000 0.000000
vt -0.000000 0.000000 0.000000
vt -0.500000 0.025159 0.000000
vt -0.000000 0.025159 0.000000
vt -0.500000 0.050318 0.000000
vt -0.000000 0.050318 0.000000
vt -0.500000 0.075477 0.000000
vt -0.000000 0.075477 0.000000
vt -0.500000 0.100636 0.000000
vt -0.000000 0.100636 0.000000
vt -0.500000 0.125794 0.000000
vt -0.000000 0.125794 0.000000
vt -0.500000 0.150953 0.000000
vt -0.000000 0.150953 0.000000
vt -0.500000 -0.000000 0.000000
vt -0.000000 -0.000000 0.000000
vt -0.500000 0.204209 0.000000
vt -0.000000 0.204209 0.000000
vt -0.500000 0.408419 0.000000
vt -0.000000 0.408419 0.000000
vt -0.500000 0.612628 0.000000
vt -0.000000 0.612628 0.000000
vt -0.500000 0.000000 0.000000
vt -0.000000 0.000000 0.000000
vt -0.500000 0.025159 0.000000
vt -0.000000 0.025159 0.000000
vt -0.500000 0.050318 0.000000
vt -0.000000 0.050318 0.000000
vt -0.500000 0.075477 0.000000
vt -0.000000 0.075477 0.000000
vt -0.500000 0.100636 0.000000
vt -0.000000 0.100636 0.000000
vt -0.500000 0.125794 0.000000
vt -0.000000 0.125794 0.000000
vt -0.500000 0.150953 0.000000
vt -0.000000 0.150953 0.000000
vt 0.000000 0.000000 0.000000
vt 0.229263 0.000000 0.000000
vt 0.000000 0.500000 0.000000
vt 0.229263 0.500000 0.000000
vt 0.500000 0.288557 0.000000
vt 0.000000 0.288557 0.000000
vt 0.500000 0.240465 0.000000
vt -0.000000 0.240465 0.000000
vt 0.500000 0.192372 0.000000
vt -0.000000 0.192372 0.000000
vt 0.500000 0.144279 0.000000
vt -0.000000 0.144279 0.000000
vt 0.500000 0.096186 0.000000
vt 0.000000 0.096186 0.000000
vt 0.500000 0.048093 0.000000
vt 0.000000 0.048093 0.000000
vt 0.500000 -0.000000 0.000000
vt 0.000000 -0.000000 0.000000
vt -0.500000 0.000000 0.000000
vt -0.000000 0.000000 0.000000
vt -0.500000 0.087212 0.000000
vt -0.000000 0.087212 0.000000
vt -0.500000 0.174424 0.000000
vt -0.000000 0.174424 0.000000
vt -0.500000 0.261637 0.000000
vt -0.000000 0.261637 0.000000
vt 0.500000 0.288557 0.000000
vt -0.000000 0.288557 0.000000
vt 0.500000 0.240465 0.000000
vt -0.000000 0.240465 0.000000
vt 0.500000 0.192372 0.000000
vt -0.000000 0.192372 0.000000
vt 0.500000 0.144279 0.000000
vt -0.000000 0.144279 0.000000
vt 0.500000 0.096186 0.000000
vt 0.000000 0.096186 0.000000
vt 0.500000 0.048093 0.000000
vt -0.000000 0.048093 0.000000
vt 0.500000 -0.000000 0.000000
vt 0.000000 -0.000000 0.000000
vt 0.000000 0.000000 0.000000
vt 0.229263 0.000000 0.000000
vt 0.000000 0.500000 0.000000
vt 0.229263 0.500000 0.000000
vt -0.500000 -0.000000 0.000000
vt -0.000000 -0.000000 0.000000
vt -0.500000 0.025159 0.000000
vt -0.000000 0.025159 0.000000
vt -0.500000 0.050318 0.000000
vt -0.000000 0.050318 0.000000
vt -0.500000 0.075477 0.000000
vt -0.000000 0.075477 0.000000
vt -0.500000 0.100636 0.000000
vt -0.000000 0.100636 0.000000
vt -0.500000 0.125794 0.000000
vt -0.000000 0.125794 0.000000
vt -0.500000 0.150953 0.000000
vt -0.000000 0.150953 0.000000
vt -0.500000 0.000000 0.000000
vt -0.000000 0.000000 0.000000
vt -0.500000 0.204209 0.000000
vt -0.000000 0.204209 0.000000
vt -0.500000 0.408419 0.000000
vt -0.000000 0.408419 0.000000
vt -0.500000 0.612628 0.000000
vt -0.000000 0.612628 0.000000
vt -0.500000 0.000000 0.000000
vt -0.000000 0.000000 0.000000
vt -0.500000 0.025159 0.000000
vt -0.000000 0.025159 0.000000
vt -0.500000 0.050318 0.000000
vt -0.000000 0.050318 0.000000
vt -0.500000 0.075477 0.000000
vt -0.000000 0.075477 0.000000
vt -0.500000 0.100636 0.000000
vt -0.000000 0.100636 0.000000
vt -0.500000 0.125794 0.000000
vt -0.000000 0.125794 0.000000
vt -0.500000 0.150953 0.000000
vt -0.000000 0.150953 0.000000
vt 4.210150 2.568317 0.000000
vt 4.217431 2.685755 0.000000
vt 4.191861 2.551138 0.000000
vt 4.104253 2.855715 0.000000
vt 4.006383 2.416380 0.000000
vt 3.984230 3.020912 0.000000
vt 3.536155 3.063594 0.000000
vt 3.721632 3.198351 0.000000
vt 3.857562 3.181071 0.000000
vt 3.839295 3.198275 0.000000
vt 4.223587 2.589509 0.000000
vt 4.231326 2.613378 0.000000
vt 4.232878 2.638423 0.000000
vt 4.228147 2.663066 0.000000
vt 3.817321 3.210389 0.000000
vt 3.743623 3.210437 0.000000
vt 3.793022 3.216651 0.000000
vt 3.767930 3.216668 0.000000
vt 3.971231 2.383728 0.000000
vt 3.494238 3.040253 0.000000
vt 3.944867 2.343644 0.000000
vt 3.447969 3.027566 0.000000
vt 3.281089 2.183013 0.000000
vt 3.400010 3.026263 0.000000
vt 3.160498 2.232963 0.000000
vt 3.353120 3.036420 0.000000
vt 3.031089 2.250000 0.000000
vt 3.309998 3.057451 0.000000
vt 3.273126 3.088147 0.000000
vt 2.901679 2.232963 0.000000
vt 3.212665 3.150997 0.000000
vt 3.150997 3.212665 0.000000
vt 3.088147 3.273126 0.000000
vt 2.781089 2.183013 0.000000
vt 3.057451 3.309998 0.000000
vt 3.036420 3.353120 0.000000
vt 3.026263 3.400010 0.000000
vt 2.298435 3.928808 0.000000
vt 2.250701 3.923978 0.000000
vt 1.250000 2.165064 0.000000
vt 2.203191 3.930654 0.000000
vt 2.158638 3.948453 0.000000
vt 2.343644 3.944867 0.000000
vt 3.027566 3.447969 0.000000
vt 2.383728 3.971231 0.000000
vt 3.040253 3.494238 0.000000
vt 2.416380 4.006383 0.000000
vt 3.063594 3.536155 0.000000
vt 2.855715 4.104253 0.000000
vt 3.020912 3.984230 0.000000
vt 3.198351 3.721632 0.000000
vt 3.181071 3.857562 0.000000
vt 3.210437 3.743623 0.000000
vt 3.216668 3.767930 0.000000
vt 3.216651 3.793022 0.000000
vt 3.210389 3.817321 0.000000
vt 3.198275 3.839295 0.000000
vt 2.551138 4.191861 0.000000
vt 2.685755 4.217431 0.000000
vt 2.568317 4.210150 0.000000
vt 2.589509 4.223587 0.000000
vt 2.663066 4.228147 0.000000
vt 2.613378 4.231326 0.000000
vt 2.638423 4.232878 0.000000
vt 2.081714 3.989545 0.000000
vt 2.004009 4.029138 0.000000
vt 1.925550 4.067217 0.000000
vt 1.884963 4.092799 0.000000
vt 0.482963 3.370590 0.000000
vt 0.772542 2.377641 0.000000
vt 0.500000 3.500000 0.000000
vt 1.851636 4.127312 0.000000
vt 0.482963 3.629410 0.000000
vt 0.927968 4.427429 0.000000
vt 0.880720 4.419098 0.000000
vt 0.971873 4.446774 0.000000
vt 1.827487 4.168768 0.000000
vt 1.009907 4.476018 0.000000
vt 1.813905 4.214783 0.000000
vt 1.039882 4.513478 0.000000
vt 1.811673 4.262708 0.000000
vt 1.060074 4.556999 0.000000
vt 1.820919 4.309786 0.000000
vt 1.447662 4.785841 0.000000
vt 1.641863 4.722741 0.000000
vt 1.891765 4.527828 0.000000
vt 1.833326 4.651765 0.000000
vt 1.896464 4.552476 0.000000
vt 1.894879 4.577519 0.000000
vt 1.887109 4.601378 0.000000
vt 1.873644 4.622552 0.000000
vt 1.855332 4.639708 0.000000
vt 1.130920 4.775041 0.000000
vt 1.251047 4.840959 0.000000
vt 1.141607 4.797744 0.000000
vt 1.157609 4.817072 0.000000
vt 1.177919 4.831808 0.000000
vt 1.201258 4.841024 0.000000
vt 1.226156 4.844140 0.000000
vt 0.433013 3.750000 0.000000
vt 0.832847 4.422258 0.000000
vt 0.746991 4.437567 0.000000
vt 0.353553 3.853553 0.000000
vt 0.660853 4.451210 0.000000
vt 0.574468 4.463181 0.000000
vt 0.250000 3.933013 0.000000
vt 0.527962 4.474969 0.000000
vt 0.485601 4.497494 0.000000
vt 0.129410 3.982963 0.000000
vt 0.449823 4.529458 0.000000
vt 0.422687 4.569024 0.000000
vt 0.000000 4.000000 0.000000
vt 0.405755 4.613914 0.000000
vt -0.405755 4.613914 0.000000
vt -0.400000 4.661545 0.000000
vt 0.400000 4.661545 0.000000
vt -0.102098 4.998958 0.000000
vt 0.102098 4.998958 0.000000
vt 0.400000 4.890808 0.000000
vt 0.306122 4.990620 0.000000
vt 0.396852 4.915702 0.000000
vt 0.387605 4.939029 0.000000
vt 0.372843 4.959320 0.000000
vt 0.353494 4.975296 0.000000
vt 0.330777 4.985954 0.000000
vt -0.400000 4.890808 0.000000
vt -0.306122 4.990620 0.000000
vt -0.396852 4.915702 0.000000
vt -0.387605 4.939029 0.000000
vt -0.372843 4.959320 0.000000
vt -0.353494 4.975297 0.000000
vt -0.330777 4.985954 0.000000
vt -0.422687 4.569024 0.000000
vt -0.129410 3.982963 0.000000
vt -0.449823 4.529458 0.000000
vt -0.485601 4.497494 0.000000
vt -0.250000 3.933013 0.000000
vt -0.527962 4.474969 0.000000
vt -0.574468 4.463181 0.000000
vt -0.353553 3.853553 0.000000
vt -0.660853 4.451210 0.000000
vt -0.746991 4.437567 0.000000
vt -0.433013 3.750000 0.000000
vt -0.832847 4.422258 0.000000
vt -0.880720 4.419098 0.000000
vt -0.482963 3.629410 0.000000
vt -0.927968 4.427429 0.000000
vt -1.851636 4.127312 0.000000
vt -1.827487 4.168768 0.000000
vt -0.971873 4.446774 0.000000
vt -1.813905 4.214783 0.000000
vt -1.009907 4.476018 0.000000
vt -1.811673 4.262708 0.000000
vt -1.039882 4.513478 0.000000
vt -1.820919 4.309786 0.000000
vt -1.060074 4.556999 0.000000
vt -1.641863 4.722741 0.000000
vt -1.447662 4.785841 0.000000
vt -1.130920 4.775041 0.000000
vt -1.251047 4.840959 0.000000
vt -1.141607 4.797744 0.000000
vt -1.157609 4.817072 0.000000
vt -1.177919 4.831808 0.000000
vt -1.201258 4.841024 0.000000
vt -1.226156 4.844140 0.000000
vt -1.891765 4.527828 0.000000
vt -1.833326 4.651765 0.000000
vt -1.896464 4.552476 0.000000
vt -1.894879 4.577519 0.000000
vt -1.887109 4.601378 0.000000
vt -1.873644 4.622552 0.000000
vt -1.855332 4.639708 0.000000
vt -0.500000 3.500000 0.000000
vt -1.884963 4.092799 0.000000
vt -0.482963 3.370590 0.000000
vt -1.925550 4.067217 0.000000
vt -0.772542 2.377641 0.000000
vt -1.250000 2.165064 0.000000
vt -2.004009 4.029138 0.000000
vt -2.081714 3.989545 0.000000
vt -2.158638 3.948453 0.000000
vt -2.203191 3.930654 0.000000
vt -2.250701 3.923978 0.000000
vt -2.298435 3.928808 0.000000
vt -3.026263 3.400010 0.000000
vt -3.036420 3.353120 0.000000
vt -2.677536 2.103553 0.000000
vt -1.672827 1.857862 0.000000
vt -2.598076 2.000000 0.000000
vt -2.548126 1.879410 0.000000
vt -3.027566 3.447969 0.000000
vt -2.343644 3.944867 0.000000
vt -3.040253 3.494238 0.000000
vt -2.383728 3.971231 0.000000
vt -3.063594 3.536155 0.000000
vt -2.416380 4.006383 0.000000
vt -3.020912 3.984230 0.000000
vt -2.855715 4.104253 0.000000
vt -2.551138 4.191861 0.000000
vt -2.685755 4.217431 0.000000
vt -2.568317 4.210150 0.000000
vt -2.589509 4.223587 0.000000
vt -2.663066 4.228147 0.000000
vt -2.613378 4.231326 0.000000
vt -2.638423 4.232878 0.000000
vt -3.198351 3.721632 0.000000
vt -3.181071 3.857562 0.000000
vt -3.210437 3.743623 0.000000
vt -3.216668 3.767930 0.000000
vt -3.216651 3.793022 0.000000
vt -3.210389 3.817321 0.000000
vt -3.198275 3.839295 0.000000
vt -2.781089 2.183013 0.000000
vt -3.057451 3.309998 0.000000
vt -3.088147 3.273126 0.000000
vt -2.901679 2.232963 0.000000
vt -3.150997 3.212665 0.000000
vt -3.212665 3.150997 0.000000
vt -3.273126 3.088147 0.000000
vt -3.031089 2.250000 0.000000
vt -3.309998 3.057451 0.000000
vt -3.353120 3.036420 0.000000
vt -3.160498 2.232963 0.000000
vt -3.400010 3.026263 0.000000
vt -3.281089 2.183013 0.000000
vt -3.447969 3.027566 0.000000
vt -3.944867 2.343644 0.000000
vt -3.971231 2.383728 0.000000
vt -3.494238 3.040253 0.000000
vt -4.006383 2.416380 0.000000
vt -3.536155 3.063594 0.000000
vt -4.104253 2.855715 0.000000
vt -3.984230 3.020912 0.000000
vt -3.721632 3.198351 0.000000
vt -3.857562 3.181071 0.000000
vt -3.839295 3.198275 0.000000
vt -3.817321 3.210389 0.000000
vt -3.743623 3.210437 0.000000
vt -3.793022 3.216651 0.000000
vt -3.767930 3.216668 0.000000
vt -4.191861 2.551138 0.000000
vt -4.217431 2.685755 0.000000
vt -4.210150 2.568317 0.000000
vt -4.223587 2.589509 0.000000
vt -4.231326 2.613378 0.000000
vt -4.232878 2.638423 0.000000
vt -4.228147 2.663066 0.000000
vt -3.928808 2.298435 0.000000
vt -3.384642 2.103553 0.000000
vt -3.923978 2.250701 0.000000
vt -3.464102 2.000000 0.000000
vt -3.930654 2.203191 0.000000
vt -3.948453 2.158638 0.000000
vt -3.514052 1.879410 0.000000
vt -3.989545 2.081714 0.000000
vt -4.029138 2.004009 0.000000
vt -3.531089 1.750000 0.000000
vt -4.067217 1.925550 0.000000
vt -4.092799 1.884963 0.000000
vt -3.514052 1.620590 0.000000
vt -4.127312 1.851636 0.000000
vt -4.168768 1.827487 0.000000
vt -4.214783 1.813905 0.000000
vt -4.476018 1.009907 0.000000
vt -4.446774 0.971873 0.000000
vt -3.464102 1.500000 0.000000
vt -4.427429 0.927968 0.000000
vt -3.384642 1.396447 0.000000
vt -4.419098 0.880720 0.000000
vt -3.281089 1.316987 0.000000
vt -4.422258 0.832847 0.000000
vt -4.437567 0.746991 0.000000
vt -4.513478 1.039882 0.000000
vt -4.262708 1.811673 0.000000
vt -4.556999 1.060074 0.000000
vt -4.309786 1.820919 0.000000
vt -4.785841 1.447662 0.000000
vt -4.722741 1.641863 0.000000
vt -4.527828 1.891765 0.000000
vt -4.651765 1.833326 0.000000
vt -4.639708 1.855332 0.000000
vt -4.622552 1.873644 0.000000
vt -4.601378 1.887109 0.000000
vt -4.577519 1.894879 0.000000
vt -4.552476 1.896464 0.000000
vt -4.775041 1.130920 0.000000
vt -4.840959 1.251047 0.000000
vt -4.844140 1.226156 0.000000
vt -4.841024 1.201258 0.000000
vt -4.831808 1.177919 0.000000
vt -4.817072 1.157609 0.000000
vt -4.797744 1.141607 0.000000
vt -4.451210 0.660853 0.000000
vt -4.463181 0.574468 0.000000
vt -3.160498 1.267037 0.000000
vt -2.445369 0.519779 0.000000
vt -3.031089 1.250000 0.000000
vt -2.901679 1.267037 0.000000
vt -2.283864 1.016842 0.000000
vt -2.781089 1.316987 0.000000
vt -2.677536 1.396447 0.000000
vt -2.598076 1.500000 0.000000
vt -2.022542 1.469463 0.000000
vt -2.548126 1.620590 0.000000
vt -2.531089 1.750000 0.000000
vt -2.500000 -0.000000 0.000000
vt -4.474969 0.527962 0.000000
vt -4.497494 0.485601 0.000000
vt -4.529458 0.449823 0.000000
vt -4.529458 -0.449823 0.000000
vt -4.497494 -0.485601 0.000000
vt -4.474969 -0.527962 0.000000
vt -4.463181 -0.574468 0.000000
vt -4.569024 -0.422687 0.000000
vt -4.569024 0.422687 0.000000
vt -4.613914 -0.405755 0.000000
vt -4.613914 0.405755 0.000000
vt -4.661545 -0.400000 0.000000
vt -4.661545 0.400000 0.000000
vt -4.998958 -0.102098 0.000000
vt -4.998958 0.102098 0.000000
vt -4.890808 0.400000 0.000000
vt -4.990620 0.306122 0.000000
vt -4.915702 0.396852 0.000000
vt -4.985954 0.330777 0.000000
vt -4.975296 0.353494 0.000000
vt -4.959320 0.372843 0.000000
vt -4.939029 0.387605 0.000000
vt -4.890808 -0.400000 0.000000
vt -4.990620 -0.306122 0.000000
vt -4.915702 -0.396852 0.000000
vt -4.939029 -0.387605 0.000000
vt -4.959320 -0.372843 0.000000
vt -4.975297 -0.353494 0.000000
vt -4.985954 -0.330777 0.000000
vt -4.451210 -0.660853 0.000000
vt -3.281089 -1.316987 0.000000
vt -3.160498 -1.267037 0.000000
vt -2.445369 -0.519779 0.000000
vt -3.031089 -1.250000 0.000000
vt -2.901679 -1.267037 0.000000
vt -4.437567 -0.746991 0.000000
vt -4.422258 -0.832847 0.000000
vt -4.419098 -0.880720 0.000000
vt -3.384642 -1.396447 0.000000
vt -4.427429 -0.927968 0.000000
vt -3.464102 -1.500000 0.000000
vt -4.446774 -0.971873 0.000000
vt -4.168768 -1.827487 0.000000
vt -4.214783 -1.813905 0.000000
vt -4.476018 -1.009907 0.000000
vt -4.262708 -1.811673 0.000000
vt -4.513478 -1.039882 0.000000
vt -4.309786 -1.820919 0.000000
vt -4.556999 -1.060074 0.000000
vt -4.722741 -1.641863 0.000000
vt -4.785841 -1.447662 0.000000
vt -4.775041 -1.130920 0.000000
vt -4.840959 -1.251047 0.000000
vt -4.844140 -1.226156 0.000000
vt -4.841024 -1.201258 0.000000
vt -4.831808 -1.177919 0.000000
vt -4.817072 -1.157609 0.000000
vt -4.797744 -1.141607 0.000000
vt -4.527828 -1.891765 0.000000
vt -4.651765 -1.833326 0.000000
vt -4.639708 -1.855332 0.000000
vt -4.622552 -1.873644 0.000000
vt -4.601378 -1.887109 0.000000
vt -4.577519 -1.894879 0.000000
vt -4.552476 -1.896464 0.000000
vt -3.514052 -1.620590 0.000000
vt -4.127312 -1.851636 0.000000
vt -4.092799 -1.884963 0.000000
vt -3.531089 -1.750000 0.000000
vt -4.067217 -1.925550 0.000000
vt -4.029138 -2.004009 0.000000
vt -3.514052 -1.879410 0.000000
vt -3.989545 -2.081714 0.000000
vt -3.948453 -2.158638 0.000000
vt -3.464102 -2.000000 0.000000
vt -3.930654 -2.203191 0.000000
vt -3.923978 -2.250701 0.000000
vt -3.384642 -2.103553 0.000000
vt -3.928808 -2.298435 0.000000
vt -3.281089 -2.183013 0.000000
vt -3.944867 -2.343644 0.000000
vt -3.447969 -3.027566 0.000000
vt -3.494238 -3.040253 0.000000
vt -3.971231 -2.383728 0.000000
vt -3.536155 -3.063594 0.000000
vt -4.006383 -2.416380 0.000000
vt -3.984230 -3.020912 0.000000
vt -4.104253 -2.855715 0.000000
vt -4.191861 -2.551138 0.000000
vt -4.217431 -2.685755 0.000000
vt -4.228147 -2.663066 0.000000
vt -4.232878 -2.638423 0.000000
vt -4.231326 -2.613378 0.000000
vt -4.223587 -2.589509 0.000000
vt -4.210150 -2.568317 0.000000
vt -3.721632 -3.198351 0.000000
vt -3.857562 -3.181071 0.000000
vt -3.839295 -3.198275 0.000000
vt -3.817321 -3.210389 0.000000
vt -3.743623 -3.210437 0.000000
vt -3.793022 -3.216651 0.000000
vt -3.767930 -3.216668 0.000000
vt -3.400010 -3.026263 0.000000
vt -3.160498 -2.232963 0.000000
vt -3.353120 -3.036420 0.000000
vt -3.031089 -2.250000 0.000000
vt -3.309998 -3.057451 0.000000
vt -3.273126 -3.088147 0.000000
vt -2.901679 -2.232963 0.000000
vt -3.212665 -3.150997 0.000000
vt -3.150997 -3.212665 0.000000
vt -3.088147 -3.273126 0.000000
vt -2.781089 -2.183013 0.000000
vt -3.057451 -3.309998 0.000000
vt -3.036420 -3.353120 0.000000
vt -3.026263 -3.400010 0.000000
vt -2.298435 -3.928808 0.000000
vt -2.250701 -3.923978 0.000000
vt -1.250000 -2.165064 0.000000
vt -2.203191 -3.930654 0.000000
vt -2.158638 -3.948453 0.000000
vt -2.343644 -3.944867 0.000000
vt -3.027566 -3.447969 0.000000
vt -2.383728 -3.971231 0.000000
vt -3.040253 -3.494238 0.000000
vt -2.416380 -4.006383 0.000000
vt -3.063594 -3.536155 0.000000
vt -2.855715 -4.104253 0.000000
vt -3.020912 -3.984230 0.000000
vt -3.198351 -3.721632 0.000000
vt -3.181071 -3.857562 0.000000
vt -3.198275 -3.839295 0.000000
vt -3.210389 -3.817321 0.000000
vt -3.216651 -3.793022 0.000000
vt -3.216668 -3.767930 0.000000
vt -3.210437 -3.743623 0.000000
vt -2.551138 -4.191861 0.000000
vt -2.685755 -4.217431 0.000000
vt -2.568317 -4.210150 0.000000
vt -2.589509 -4.223587 0.000000
vt -2.663066 -4.228147 0.000000
vt -2.613378 -4.231326 0.000000
vt -2.638423 -4.232878 0.000000
vt -2.081714 -3.989545 0.000000
vt -2.004009 -4.029138 0.000000
vt -1.925550 -4.067217 0.000000
vt -1.884963 -4.092799 0.000000
vt -0.482963 -3.370590 0.000000
vt -0.772542 -2.377641 0.000000
vt -0.500000 -3.500000 0.000000
vt -1.851636 -4.127312 0.000000
vt -0.482963 -3.629410 0.000000
vt -0.927968 -4.427429 0.000000
vt -0.880720 -4.419098 0.000000
vt -0.971873 -4.446774 0.000000
vt -1.827487 -4.168768 0.000000
vt -1.009907 -4.476018 0.000000
vt -1.813905 -4.214783 0.000000
vt -1.039882 -4.513478 0.000000
vt -1.811673 -4.262708 0.000000
vt -1.060074 -4.556999 0.000000
vt -1.820919 -4.309786 0.000000
vt -1.447662 -4.785841 0.000000
vt -1.641863 -4.722741 0.000000
vt -1.891765 -4.527828 0.000000
vt -1.833326 -4.651765 0.000000
vt -1.855332 -4.639708 0.000000
vt -1.873644 -4.622552 0.000000
vt -1.887109 -4.601378 0.000000
vt -1.894879 -4.577519 0.000000
vt -1.896464 -4.552476 0.000000
vt -1.130920 -4.775041 0.000000
vt -1.251047 -4.840959 0.000000
vt -1.141607 -4.797744 0.000000
vt -1.157609 -4.817072 0.000000
vt -1.177919 -4.831808 0.000000
vt -1.201258 -4.841024 0.000000
vt -1.226156 -4.844140 0.000000
vt -0.433013 -3.750000 0.000000
vt -0.832847 -4.422258 0.000000
vt -0.746991 -4.437567 0.000000
vt -0.353553 -3.853553 0.000000
vt -0.660853 -4.451210 0.000000
vt -0.574468 -4.463181 0.000000
vt -0.250000 -3.933013 0.000000
vt -0.527962 -4.474969 0.000000
vt -0.485601 -4.497494 0.000000
vt -0.129410 -3.982963 0.000000
vt -0.449823 -4.529458 0.000000
vt -0.422687 -4.569024 0.000000
vt 0.000000 -4.000000 0.000000
vt -0.405755 -4.613914 0.000000
vt 0.405755 -4.613914 0.000000
vt 0.400000 -4.661545 0.000000
vt -0.400000 -4.661545 0.000000
vt 0.102098 -4.998958 0.000000
vt -0.102098 -4.998958 0.000000
vt -0.400000 -4.890808 0.000000
vt -0.306122 -4.990620 0.000000
vt -0.330777 -4.985954 0.000000
vt -0.353494 -4.975296 0.000000
vt -0.372843 -4.959320 0.000000
vt -0.387605 -4.939029 0.000000
vt -0.396852 -4.915702 0.000000
vt 0.400000 -4.890808 0.000000
vt 0.306122 -4.990620 0.000000
vt 0.330777 -4.985954 0.000000
vt 0.353494 -4.975297 0.000000
vt 0.372843 -4.959320 0.000000
vt 0.387605 -4.939029 0.000000
vt 0.396852 -4.915702 0.000000
vt 0.422687 -4.569024 0.000000
vt 0.129410 -3.982963 0.000000
vt 0.449823 -4.529458 0.000000
vt 0.485601 -4.497494 0.000000
vt 0.250000 -3.933013 0.000000
vt 0.527962 -4.474969 0.000000
vt 0.574468 -4.463181 0.000000
vt 0.353553 -3.853553 0.000000
vt 0.660853 -4.451210 0.000000
vt 0.746991 -4.437567 0.000000
vt 0.433013 -3.750000 0.000000
vt 0.832847 -4.422258 0.000000
vt 0.880720 -4.419098 0.000000
vt 0.482963 -3.629410 0.000000
vt 0.927968 -4.427429 0.000000
vt 1.851636 -4.127312 0.000000
vt 1.827487 -4.168768 0.000000
vt 0.971873 -4.446774 0.000000
vt 1.813905 -4.214783 0.000000
vt 1.009907 -4.476018 0.000000
vt 1.811673 -4.262708 0.000000
vt 1.039882 -4.513478 0.000000
vt 1.820919 -4.309786 0.000000
vt 1.060074 -4.556999 0.000000
vt 1.641863 -4.722741 0.000000
vt 1.447662 -4.785841 0.000000
vt 1.130920 -4.775041 0.000000
vt 1.251047 -4.840959 0.000000
vt 1.141607 -4.797744 0.000000
vt 1.157609 -4.817072 0.000000
vt 1.177919 -4.831808 0.000000
vt 1.201258 -4.841024 0.000000
vt 1.226156 -4.844140 0.000000
vt 1.891765 -4.527828 0.000000
vt 1.833326 -4.651765 0.000000
vt 1.855332 -4.639708 0.000000
vt 1.873644 -4.622552 0.000000
vt 1.887109 -4.601378 0.000000
vt 1.894879 -4.577519 0.000000
vt 1.896464 -4.552476 0.000000
vt 0.500000 -3.500000 0.000000
vt 1.884963 -4.092799 0.000000
vt 0.482963 -3.370590 0.000000
vt 1.925550 -4.067217 0.000000
vt 0.772542 -2.377641 0.000000
vt 1.250000 -2.165064 0.000000
vt 2.004009 -4.029138 0.000000
vt 2.081714 -3.989545 0.000000
vt 2.158638 -3.948453 0.000000
vt 2.203191 -3.930654 0.000000
vt 2.250701 -3.923978 0.000000
vt 2.298435 -3.928808 0.000000
vt 3.026263 -3.400010 0.000000
vt 3.036420 -3.353120 0.000000
vt 2.677536 -2.103553 0.000000
vt 1.672827 -1.857862 0.000000
vt 2.598076 -2.000000 0.000000
vt 2.548126 -1.879410 0.000000
vt 3.027566 -3.447969 0.000000
vt 2.343644 -3.944867 0.000000
vt 3.040253 -3.494238 0.000000
vt 2.383728 -3.971231 0.000000
vt 3.063594 -3.536155 0.000000
vt 2.416380 -4.006383 0.000000
vt 3.020912 -3.984230 0.000000
vt 2.855715 -4.104253 0.000000
vt 2.551138 -4.191861 0.000000
vt 2.685755 -4.217431 0.000000
vt 2.568317 -4.210150 0.000000
vt 2.589509 -4.223587 0.000000
vt 2.663066 -4.228147 0.000000
vt 2.613378 -4.231326 0.000000
vt 2.638423 -4.232878 0.000000
vt 3.198351 -3.721632 0.000000
vt 3.181071 -3.857562 0.000000
vt 3.198275 -3.839295 0.000000
vt 3.210389 -3.817321 0.000000
vt 3.216651 -3.793022 0.000000
vt 3.216668 -3.767930 0.000000
vt 3.210437 -3.743623 0.000000
vt 2.781089 -2.183013 0.000000
vt 3.057451 -3.309998 0.000000
vt 3.088147 -3.273126 0.000000
vt 2.901679 -2.232963 0.000000
vt 3.150997 -3.212665 0.000000
vt 3.212665 -3.150997 0.000000
vt 3.273126 -3.088147 0.000000
vt 3.031089 -2.250000 0.000000
vt 3.309998 -3.057451 0.000000
vt 3.353120 -3.036420 0.000000
vt 3.160498 -2.232963 0.000000
vt 3.400010 -3.026263 0.000000
vt 3.281089 -2.183013 0.000000
vt 3.447969 -3.027566 0.000000
vt 3.944867 -2.343644 0.000000
vt 3.971231 -2.383728 0.000000
vt 3.494238 -3.040253 0.000000
vt 4.006383 -2.416380 0.000000
vt 3.536155 -3.063594 0.000000
vt 4.104253 -2.855715 0.000000
vt 3.984230 -3.020912 0.000000
vt 3.721632 -3.198351 0.000000
vt 3.857562 -3.181071 0.000000
vt 3.839295 -3.198275 0.000000
vt 3.817321 -3.210389 0.000000
vt 3.743623 -3.210437 0.000000
vt 3.793022 -3.216651 0.000000
vt 3.767930 -3.216668 0.000000
vt 4.191861 -2.551138 0.000000
vt 4.217431 -2.685755 0.000000
vt 4.228147 -2.663066 0.000000
vt 4.232878 -2.638423 0.000000
vt 4.231326 -2.613378 0.000000
vt 4.223587 -2.589509 0.000000
vt 4.210150 -2.568317 0.000000
vt 3.928808 -2.298435 0.000000
vt 3.384642 -2.103553 0.000000
vt 3.923978 -2.250701 0.000000
vt 3.464102 -2.000000 0.000000
vt 3.930654 -2.203191 0.000000
vt 3.948453 -2.158638 0.000000
vt 3.514052 -1.879410 0.000000
vt 3.989545 -2.081714 0.000000
vt 4.029138 -2.004009 0.000000
vt 3.531089 -1.750000 0.000000
vt 4.067217 -1.925550 0.000000
vt 4.092799 -1.884963 0.000000
vt 3.514052 -1.620590 0.000000
vt 4.127312 -1.851636 0.000000
vt 4.168768 -1.827487 0.000000
vt 4.214783 -1.813905 0.000000
vt 4.476018 -1.009907 0.000000
vt 4.446774 -0.971873 0.000000
vt 3.464102 -1.500000 0.000000
vt 4.427429 -0.927968 0.000000
vt 3.384642 -1.396447 0.000000
vt 4.419098 -0.880720 0.000000
vt 3.281089 -1.316987 0.000000
vt 4.422258 -0.832847 0.000000
vt 4.437567 -0.746991 0.000000
vt 4.513478 -1.039882 0.000000
vt 4.262708 -1.811673 0.000000
vt 4.556999 -1.060074 0.000000
vt 4.309786 -1.820919 0.000000
vt 4.785841 -1.447662 0.000000
vt 4.722741 -1.641863 0.000000
vt 4.527828 -1.891765 0.000000
vt 4.651765 -1.833326 0.000000
vt 4.639708 -1.855332 0.000000
vt 4.622552 -1.873644 0.000000
vt 4.601378 -1.887109 0.000000
vt 4.577519 -1.894879 0.000000
vt 4.552476 -1.896464 0.000000
vt 4.775041 -1.130920 0.000000
vt 4.840959 -1.251047 0.000000
vt 4.844140 -1.226156 0.000000
vt 4.841024 -1.201258 0.000000
vt 4.831808 -1.177919 0.000000
vt 4.817072 -1.157609 0.000000
vt 4.797744 -1.141607 0.000000
vt 4.451210 -0.660853 0.000000
vt 4.463181 -0.574468 0.000000
vt 3.160498 -1.267037 0.000000
vt 2.445369 -0.519779 0.000000
vt 3.031089 -1.250000 0.000000
vt 2.901679 -1.267037 0.000000
vt 2.283864 -1.016842 0.000000
vt 2.781089 -1.316987 0.000000
vt 2.677536 -1.396447 0.000000
vt 2.598076 -1.500000 0.000000
vt 2.022542 -1.469463 0.000000
vt 2.548126 -1.620590 0.000000
vt 2.531089 -1.750000 0.000000
vt 2.500000 0.000000 0.000000
vt 4.474969 -0.527962 0.000000
vt 4.497494 -0.485601 0.000000
vt 4.529458 -0.449823 0.000000
vt 4.529458 0.449823 0.000000
vt 4.497494 0.485601 0.000000
vt 4.474969 0.527962 0.000000
vt 4.463181 0.574468 0.000000
vt 4.569024 0.422687 0.000000
vt 4.569024 -0.422687 0.000000
vt 4.613914 0.405755 0.000000
vt 4.613914 -0.405755 0.000000
vt 4.661545 0.400000 0.000000
vt 4.661545 -0.400000 0.000000
vt 4.998958 0.102098 0.000000
vt 4.998958 -0.102098 0.000000
vt 4.890808 -0.400000 0.000000
vt 4.990620 -0.306122 0.000000
vt 4.915702 -0.396852 0.000000
vt 4.939029 -0.387605 0.000000
vt 4.959320 -0.372843 0.000000
vt 4.975296 -0.353494 0.000000
vt 4.985954 -0.330777 0.000000
vt 4.890808 0.400000 0.000000
vt 4.990620 0.306122 0.000000
vt 4.915702 0.396852 0.000000
vt 4.985954 0.330777 0.000000
vt 4.975297 0.353494 0.000000
vt 4.959320 0.372843 0.000000
vt 4.939029 0.387605 0.000000
vt 4.451210 0.660853 0.000000
vt 3.281089 1.316987 0.000000
vt 3.160498 1.267037 0.000000
vt 2.445369 0.519779 0.000000
vt 3.031089 1.250000 0.000000
vt 2.901679 1.267037 0.000000
vt 4.437567 0.746991 0.000000
vt 4.422258 0.832847 0.000000
vt 4.419098 0.880720 0.000000
vt 3.384642 1.396447 0.000000
vt 4.427429 0.927968 0.000000
vt 3.464102 1.500000 0.000000
vt 4.446774 0.971873 0.000000
vt 4.168768 1.827487 0.000000
vt 4.214783 1.813905 0.000000
vt 4.476018 1.009907 0.000000
vt 4.262708 1.811673 0.000000
vt 4.513478 1.039882 0.000000
vt 4.309786 1.820919 0.000000
vt 4.556999 1.060074 0.000000
vt 4.722741 1.641863 0.000000
vt 4.785841 1.447662 0.000000
vt 4.775041 1.130920 0.000000
vt 4.840959 1.251047 0.000000
vt 4.844140 1.226156 0.000000
vt 4.797744 1.141607 0.000000
vt 4.817072 1.157609 0.000000
vt 4.831808 1.177919 0.000000
vt 4.841024 1.201258 0.000000
vt 4.527828 1.891765 0.000000
vt 4.651765 1.833326 0.000000
vt 4.639708 1.855332 0.000000
vt 4.622552 1.873644 0.000000
vt 4.601378 1.887109 0.000000
vt 4.577519 1.894879 0.000000
vt 4.552476 1.896464 0.000000
vt 3.514052 1.620590 0.000000
vt 4.127312 1.851636 0.000000
vt 4.092799 1.884963 0.000000
vt 3.531089 1.750000 0.000000
vt 4.067217 1.925550 0.000000
vt 4.029138 2.004009 0.000000
vt 3.514052 1.879410 0.000000
vt 3.989545 2.081714 0.000000
vt 3.948453 2.158638 0.000000
vt 3.464102 2.000000 0.000000
vt 3.930654 2.203191 0.000000
vt 3.923978 2.250701 0.000000
vt 3.384642 2.103553 0.000000
vt 3.928808 2.298435 0.000000
vt 2.548126 1.620590 0.000000
vt 2.531089 1.750000 0.000000
vt 2.022542 1.469463 0.000000
vt 2.548126 1.879410 0.000000
vt 1.672827 1.857862 0.000000
vt 2.598076 2.000000 0.000000
vt 2.677536 2.103553 0.000000
vt 2.283864 1.016842 0.000000
vt 2.781089 1.316987 0.000000
vt 2.677536 1.396447 0.000000
vt 2.598076 1.500000 0.000000
vt -0.433013 -3.250000 0.000000
vt -0.353553 -3.146447 0.000000
vt -0.261321 -2.486305 0.000000
vt -0.250000 -3.066987 0.000000
vt -0.129410 -3.017037 0.000000
vt 0.000000 -3.000000 0.000000
vt 0.261321 -2.486305 0.000000
vt 0.129410 -3.017037 0.000000
vt 0.250000 -3.066987 0.000000
vt 0.353553 -3.146447 0.000000
vt 0.433013 -3.250000 0.000000
vt -2.283864 -1.016842 0.000000
vt -2.781089 -1.316987 0.000000
vt -2.677536 -1.396447 0.000000
vt -2.598076 -1.500000 0.000000
vt -2.022542 -1.469463 0.000000
vt -2.548126 -1.620590 0.000000
vt -2.531089 -1.750000 0.000000
vt -2.548126 -1.879410 0.000000
vt -1.672827 -1.857862 0.000000
vt -2.598076 -2.000000 0.000000
vt -2.677536 -2.103553 0.000000
vt 0.433013 3.250000 0.000000
vt 0.353553 3.146447 0.000000
vt 0.261321 2.486305 0.000000
vt 0.250000 3.066987 0.000000
vt 0.129410 3.017037 0.000000
vt 0.000000 3.000000 0.000000
vt -0.261321 2.486305 0.000000
vt -0.129410 3.017037 0.000000
vt -0.250000 3.066987 0.000000
vt -0.353553 3.146447 0.000000
vt -0.433013 3.250000 0.000000
vt 0.482963 3.370590 0.000000
vt 1.884963 4.092799 0.000000
vt 0.500000 3.500000 0.000000
vt 1.851636 4.127312 0.000000
vt 0.482963 3.629410 0.000000
vt 0.927968 4.427429 0.000000
vt 0.880720 4.419098 0.000000
vt 0.433013 3.250000 0.000000
vt 2.158638 3.948453 0.000000
vt 2.081714 3.989545 0.000000
vt 2.004009 4.029138 0.000000
vt 0.353553 3.146447 0.000000
vt 0.638289 1.683029 0.000000
vt 1.022517 1.481371 0.000000
vt 2.598076 2.000000 0.000000
vt 2.548126 1.879410 0.000000
vt 1.347319 1.193621 0.000000
vt 2.531089 1.750000 0.000000
vt 2.548126 1.620590 0.000000
vt 1.593821 0.836502 0.000000
vt 2.598076 1.500000 0.000000
vt 2.677536 1.396447 0.000000
vt 1.747695 0.430768 0.000000
vt 2.781089 1.316987 0.000000
vt 2.901679 1.267037 0.000000
vt 1.800000 -0.000000 0.000000
vt 3.031089 1.250000 0.000000
vt 4.497494 0.485601 0.000000
vt 4.474969 0.527962 0.000000
vt 0.250000 3.066987 0.000000
vt 0.216966 1.786876 0.000000
vt 0.129410 3.017037 0.000000
vt -0.000000 3.000000 0.000000
vt -0.216966 1.786876 0.000000
vt -0.129410 3.017037 0.000000
vt -0.250000 3.066987 0.000000
vt -0.638289 1.683029 0.000000
vt -0.353553 3.146447 0.000000
vt -0.433013 3.250000 0.000000
vt -0.482963 3.370590 0.000000
vt -2.158638 3.948453 0.000000
vt -2.598076 2.000000 0.000000
vt -1.022517 1.481371 0.000000
vt -2.548126 1.879410 0.000000
vt -1.347319 1.193621 0.000000
vt -2.531089 1.750000 0.000000
vt -2.548126 1.620590 0.000000
vt -0.500000 3.500000 0.000000
vt -1.884963 4.092799 0.000000
vt -1.925550 4.067217 0.000000
vt -2.004009 4.029138 0.000000
vt -1.851636 4.127312 0.000000
vt -0.482963 3.629410 0.000000
vt -0.927968 4.427429 0.000000
vt -0.880720 4.419098 0.000000
vt -0.433013 3.750000 0.000000
vt -0.832847 4.422258 0.000000
vt -0.746991 4.437567 0.000000
vt -0.353553 3.853553 0.000000
vt -0.660853 4.451210 0.000000
vt -0.574468 4.463181 0.000000
vt -0.250000 3.933013 0.000000
vt -0.527962 4.474969 0.000000
vt -0.485601 4.497494 0.000000
vt -0.129410 3.982963 0.000000
vt -0.449823 4.529458 0.000000
vt -0.422687 4.569024 0.000000
vt -0.000000 4.000000 0.000000
vt -0.405755 4.613914 0.000000
vt 0.405755 4.613914 0.000000
vt 0.400000 4.661545 0.000000
vt 0.422687 4.569024 0.000000
vt 0.129410 3.982963 0.000000
vt 0.449823 4.529458 0.000000
vt 0.485601 4.497494 0.000000
vt 0.250000 3.933013 0.000000
vt 0.527962 4.474969 0.000000
vt 0.574468 4.463181 0.000000
vt 0.353553 3.853553 0.000000
vt 0.660853 4.451210 0.000000
vt 0.746991 4.437567 0.000000
vt 0.433013 3.750000 0.000000
vt 0.832847 4.422258 0.000000
vt 3.514052 -1.879410 0.000000
vt 4.029138 -2.004009 0.000000
vt 3.531089 -1.750000 0.000000
vt 4.067217 -1.925550 0.000000
vt 4.092799 -1.884963 0.000000
vt 3.464102 -2.000000 0.000000
vt 3.948453 -2.158638 0.000000
vt 3.989545 -2.081714 0.000000
vt 3.384642 -2.103553 0.000000
vt 3.923978 -2.250701 0.000000
vt 3.930654 -2.203191 0.000000
vt 3.928808 -2.298435 0.000000
vt 3.281089 -2.183013 0.000000
vt 3.944867 -2.343644 0.000000
vt 3.447969 -3.027566 0.000000
vt 3.494238 -3.040253 0.000000
vt 3.400010 -3.026263 0.000000
vt 3.160498 -2.232963 0.000000
vt 3.353120 -3.036420 0.000000
vt 3.031089 -2.250000 0.000000
vt 3.309998 -3.057451 0.000000
vt 3.273126 -3.088147 0.000000
vt 2.901679 -2.232963 0.000000
vt 3.212665 -3.150997 0.000000
vt 3.150997 -3.212665 0.000000
vt 3.088147 -3.273126 0.000000
vt 2.781089 -2.183013 0.000000
vt 3.057451 -3.309998 0.000000
vt 3.036420 -3.353120 0.000000
vt 2.250701 -3.923978 0.000000
vt 2.298435 -3.928808 0.000000
vt 2.677536 -2.103553 0.000000
vt 2.203191 -3.930654 0.000000
vt 2.158638 -3.948453 0.000000
vt 2.598076 -2.000000 0.000000
vt 0.433013 -3.250000 0.000000
vt 1.022517 -1.481371 0.000000
vt 0.638289 -1.683029 0.000000
vt 2.548126 -1.879410 0.000000
vt 1.347319 -1.193621 0.000000
vt 2.531089 -1.750000 0.000000
vt 2.548126 -1.620590 0.000000
vt 1.593821 -0.836502 0.000000
vt 2.598076 -1.500000 0.000000
vt 2.677536 -1.396447 0.000000
vt 1.747695 -0.430768 0.000000
vt 2.781089 -1.316987 0.000000
vt 2.901679 -1.267037 0.000000
vt 3.031089 -1.250000 0.000000
vt 4.474969 -0.527962 0.000000
vt 3.160498 -1.267037 0.000000
vt 4.463181 -0.574468 0.000000
vt 3.281089 -1.316987 0.000000
vt 4.451210 -0.660853 0.000000
vt 4.437567 -0.746991 0.000000
vt 4.422258 -0.832847 0.000000
vt 4.419098 -0.880720 0.000000
vt 3.384642 -1.396447 0.000000
vt 4.427429 -0.927968 0.000000
vt 3.464102 -1.500000 0.000000
vt 4.446774 -0.971873 0.000000
vt 4.168768 -1.827487 0.000000
vt 4.214783 -1.813905 0.000000
vt 3.514052 -1.620590 0.000000
vt 4.127312 -1.851636 0.000000
vt 0.216966 -1.786876 0.000000
vt 0.250000 -3.066987 0.000000
vt 0.353553 -3.146447 0.000000
vt -0.216966 -1.786876 0.000000
vt -0.000000 -3.000000 0.000000
vt 0.129410 -3.017037 0.000000
vt -0.638289 -1.683029 0.000000
vt -0.250000 -3.066987 0.000000
vt -0.129410 -3.017037 0.000000
vt -1.022517 -1.481371 0.000000
vt -0.433013 -3.250000 0.000000
vt -0.353553 -3.146447 0.000000
vt -1.347319 -1.193621 0.000000
vt -2.548126 -1.879410 0.000000
vt -2.598076 -2.000000 0.000000
vt -2.158638 -3.948453 0.000000
vt -0.482963 -3.370590 0.000000
vt -2.081714 -3.989545 0.000000
vt -2.004009 -4.029138 0.000000
vt -1.593821 -0.836502 0.000000
vt -2.548126 -1.620590 0.000000
vt -2.531089 -1.750000 0.000000
vt -1.747695 -0.430768 0.000000
vt -2.677536 -1.396447 0.000000
vt -2.598076 -1.500000 0.000000
vt -1.800000 0.000000 0.000000
vt -2.901679 -1.267037 0.000000
vt -2.781089 -1.316987 0.000000
vt -1.747695 0.430768 0.000000
vt -2.901679 1.267037 0.000000
vt -3.031089 1.250000 0.000000
vt -4.497494 0.485601 0.000000
vt -4.474969 0.527962 0.000000
vt -3.160498 1.267037 0.000000
vt -4.463181 0.574468 0.000000
vt -3.281089 1.316987 0.000000
vt -4.451210 0.660853 0.000000
vt -4.437567 0.746991 0.000000
vt -4.422258 0.832847 0.000000
vt -4.419098 0.880720 0.000000
vt -3.384642 1.396447 0.000000
vt -4.427429 0.927968 0.000000
vt -3.464102 1.500000 0.000000
vt -4.446774 0.971873 0.000000
vt -4.168768 1.827487 0.000000
vt -4.214783 1.813905 0.000000
vt -1.593821 0.836502 0.000000
vt -2.677536 1.396447 0.000000
vt -2.781089 1.316987 0.000000
vt -2.598076 1.500000 0.000000
vt 3.514052 1.620590 0.000000
vt 4.092799 1.884963 0.000000
vt 3.531089 1.750000 0.000000
vt 4.067217 1.925550 0.000000
vt 4.029138 2.004009 0.000000
vt 3.464102 1.500000 0.000000
vt 4.168768 1.827487 0.000000
vt 4.127312 1.851636 0.000000
vt 3.384642 1.396447 0.000000
vt 4.427429 0.927968 0.000000
vt 4.446774 0.971873 0.000000
vt 4.476018 1.009907 0.000000
vt 4.214783 1.813905 0.000000
vt 4.513478 1.039882 0.000000
vt 4.262708 1.811673 0.000000
vt 4.556999 1.060074 0.000000
vt 4.309786 1.820919 0.000000
vt 4.785841 1.447662 0.000000
vt 4.722741 1.641863 0.000000
vt 4.419098 0.880720 0.000000
vt 3.281089 1.316987 0.000000
vt 4.422258 0.832847 0.000000
vt 4.437567 0.746991 0.000000
vt 4.451210 0.660853 0.000000
vt 4.463181 0.574468 0.000000
vt 3.160498 1.267037 0.000000
vt 2.677536 2.103553 0.000000
vt 2.203191 3.930654 0.000000
vt 2.250701 3.923978 0.000000
vt 2.781089 2.183013 0.000000
vt 3.036420 3.353120 0.000000
vt 3.057451 3.309998 0.000000
vt 3.088147 3.273126 0.000000
vt 2.901679 2.232963 0.000000
vt 3.150997 3.212665 0.000000
vt 3.212665 3.150997 0.000000
vt 3.273126 3.088147 0.000000
vt 3.031089 2.250000 0.000000
vt 3.309998 3.057451 0.000000
vt 3.353120 3.036420 0.000000
vt 3.160498 2.232963 0.000000
vt 3.400010 3.026263 0.000000
vt 3.281089 2.183013 0.000000
vt 3.447969 3.027566 0.000000
vt 3.944867 2.343644 0.000000
vt 3.971231 2.383728 0.000000
vt 3.928808 2.298435 0.000000
vt 3.384642 2.103553 0.000000
vt 3.923978 2.250701 0.000000
vt 3.464102 2.000000 0.000000
vt 3.930654 2.203191 0.000000
vt 3.948453 2.158638 0.000000
vt 3.514052 1.879410 0.000000
vt 3.989545 2.081714 0.000000
vt 0.482963 -3.629410 0.000000
vt 1.851636 -4.127312 0.000000
vt 0.500000 -3.500000 0.000000
vt 1.884963 -4.092799 0.000000
vt 0.482963 -3.370590 0.000000
vt 1.925550 -4.067217 0.000000
vt 2.004009 -4.029138 0.000000
vt 0.433013 -3.750000 0.000000
vt 0.880720 -4.419098 0.000000
vt 0.927968 -4.427429 0.000000
vt 0.971873 -4.446774 0.000000
vt 1.827487 -4.168768 0.000000
vt 1.009907 -4.476018 0.000000
vt 1.813905 -4.214783 0.000000
vt 1.039882 -4.513478 0.000000
vt 1.811673 -4.262708 0.000000
vt 1.060074 -4.556999 0.000000
vt 1.820919 -4.309786 0.000000
vt 1.447662 -4.785841 0.000000
vt 1.641863 -4.722741 0.000000
vt 0.353553 -3.853553 0.000000
vt 0.746991 -4.437567 0.000000
vt 0.832847 -4.422258 0.000000
vt 0.250000 -3.933013 0.000000
vt 0.574468 -4.463181 0.000000
vt 0.660853 -4.451210 0.000000
vt 0.129410 -3.982963 0.000000
vt 0.485601 -4.497494 0.000000
vt 0.527962 -4.474969 0.000000
vt -0.000000 -4.000000 0.000000
vt 0.422687 -4.569024 0.000000
vt 0.449823 -4.529458 0.000000
vt -0.129410 -3.982963 0.000000
vt -0.422687 -4.569024 0.000000
vt -0.405755 -4.613914 0.000000
vt 0.405755 -4.613914 0.000000
vt -0.400000 -4.661545 0.000000
vt 0.400000 -4.661545 0.000000
vt -0.102098 -4.998958 0.000000
vt 0.102098 -4.998958 0.000000
vt -0.250000 -3.933013 0.000000
vt -0.485601 -4.497494 0.000000
vt -0.449823 -4.529458 0.000000
vt -0.353553 -3.853553 0.000000
vt -0.574468 -4.463181 0.000000
vt -0.527962 -4.474969 0.000000
vt -0.433013 -3.750000 0.000000
vt -0.746991 -4.437567 0.000000
vt -0.660853 -4.451210 0.000000
vt -0.482963 -3.629410 0.000000
vt -0.880720 -4.419098 0.000000
vt -0.832847 -4.422258 0.000000
vt -0.500000 -3.500000 0.000000
vt -1.851636 -4.127312 0.000000
vt -0.927968 -4.427429 0.000000
vt -1.884963 -4.092799 0.000000
vt -1.925550 -4.067217 0.000000
vt 2.081714 -3.989545 0.000000
vt -2.677536 -2.103553 0.000000
vt -2.203191 -3.930654 0.000000
vt -2.250701 -3.923978 0.000000
vt -2.781089 -2.183013 0.000000
vt -3.036420 -3.353120 0.000000
vt -3.057451 -3.309998 0.000000
vt -3.088147 -3.273126 0.000000
vt -2.901679 -2.232963 0.000000
vt -3.150997 -3.212665 0.000000
vt -3.212665 -3.150997 0.000000
vt -3.273126 -3.088147 0.000000
vt -3.031089 -2.250000 0.000000
vt -3.309998 -3.057451 0.000000
vt -3.353120 -3.036420 0.000000
vt -3.160498 -2.232963 0.000000
vt -3.400010 -3.026263 0.000000
vt -3.281089 -2.183013 0.000000
vt -3.447969 -3.027566 0.000000
vt -3.944867 -2.343644 0.000000
vt -3.971231 -2.383728 0.000000
vt -3.928808 -2.298435 0.000000
vt -3.384642 -2.103553 0.000000
vt -3.923978 -2.250701 0.000000
vt -3.464102 -2.000000 0.000000
vt -3.930654 -2.203191 0.000000
vt -3.948453 -2.158638 0.000000
vt -3.514052 -1.879410 0.000000
vt -3.989545 -2.081714 0.000000
vt -4.029138 -2.004009 0.000000
vt -3.531089 -1.750000 0.000000
vt -4.067217 -1.925550 0.000000
vt -4.092799 -1.884963 0.000000
vt -3.514052 -1.620590 0.000000
vt -4.127312 -1.851636 0.000000
vt -4.168768 -1.827487 0.000000
vt -3.464102 -1.500000 0.000000
vt -4.446774 -0.971873 0.000000
vt -4.427429 -0.927968 0.000000
vt -3.384642 -1.396447 0.000000
vt -4.419098 -0.880720 0.000000
vt -3.281089 -1.316987 0.000000
vt -4.422258 -0.832847 0.000000
vt -4.437567 -0.746991 0.000000
vt -4.451210 -0.660853 0.000000
vt -4.463181 -0.574468 0.000000
vt -3.160498 -1.267037 0.000000
vt -4.474969 -0.527962 0.000000
vt -3.031089 -1.250000 0.000000
vt -3.514052 1.620590 0.000000
vt -4.127312 1.851636 0.000000
vt -4.092799 1.884963 0.000000
vt -3.531089 1.750000 0.000000
vt -4.067217 1.925550 0.000000
vt -4.029138 2.004009 0.000000
vt -3.514052 1.879410 0.000000
vt -3.989545 2.081714 0.000000
vt -3.948453 2.158638 0.000000
vt -3.464102 2.000000 0.000000
vt -3.930654 2.203191 0.000000
vt -3.923978 2.250701 0.000000
vt -3.384642 2.103553 0.000000
vt -3.928808 2.298435 0.000000
vt -3.281089 2.183013 0.000000
vt -3.944867 2.343644 0.000000
vt -3.447969 3.027566 0.000000
vt -3.494238 3.040253 0.000000
vt -3.400010 3.026263 0.000000
vt -3.160498 2.232963 0.000000
vt -3.353120 3.036420 0.000000
vt -3.031089 2.250000 0.000000
vt -3.309998 3.057451 0.000000
vt -3.273126 3.088147 0.000000
vt -2.901679 2.232963 0.000000
vt -3.212665 3.150997 0.000000
vt -3.150997 3.212665 0.000000
vt -3.088147 3.273126 0.000000
vt -2.781089 2.183013 0.000000
vt -3.057451 3.309998 0.000000
vt -3.036420 3.353120 0.000000
vt -2.250701 3.923978 0.000000
vt -2.298435 3.928808 0.000000
vt -2.677536 2.103553 0.000000
vt -2.203191 3.930654 0.000000
vt -4.228147 2.663066 0.000000
vt -4.232878 2.638423 0.000000
vt -4.217431 2.685755 0.000000
vt -4.231326 2.613378 0.000000
vt -4.223587 2.589509 0.000000
vt -4.210150 2.568317 0.000000
vt -4.191861 2.551138 0.000000
vt -4.104253 2.855715 0.000000
vt -4.006383 2.416380 0.000000
vt -3.984230 3.020912 0.000000
vt -3.536155 3.063594 0.000000
vt -3.721632 3.198351 0.000000
vt -3.971231 2.383728 0.000000
vt -4.476018 1.009907 0.000000
vt -4.262708 1.811673 0.000000
vt -4.513478 1.039882 0.000000
vt -4.309786 1.820919 0.000000
vt -4.556999 1.060074 0.000000
vt -4.722741 1.641863 0.000000
vt -4.785841 1.447662 0.000000
vt -4.527828 1.891765 0.000000
vt -4.651765 1.833326 0.000000
vt -4.639708 1.855332 0.000000
vt -4.622552 1.873644 0.000000
vt -4.601378 1.887109 0.000000
vt -4.577519 1.894879 0.000000
vt -4.552476 1.896464 0.000000
vt -4.775041 1.130920 0.000000
vt -4.840959 1.251047 0.000000
vt -4.844140 1.226156 0.000000
vt -4.841024 1.201258 0.000000
vt -4.831808 1.177919 0.000000
vt -4.817072 1.157609 0.000000
vt -4.797744 1.141607 0.000000
vt -4.529458 0.449823 0.000000
vt -4.497494 -0.485601 0.000000
vt -4.529458 -0.449823 0.000000
vt -4.569024 0.422687 0.000000
vt -4.569024 -0.422687 0.000000
vt -4.613914 0.405755 0.000000
vt -4.613914 -0.405755 0.000000
vt -4.661545 0.400000 0.000000
vt -4.661545 -0.400000 0.000000
vt -4.998958 0.102098 0.000000
vt -4.998958 -0.102098 0.000000
vt -4.890808 0.400000 0.000000
vt -4.990620 0.306122 0.000000
vt -4.985954 0.330777 0.000000
vt -4.975297 0.353494 0.000000
vt -4.959320 0.372843 0.000000
vt -4.939029 0.387605 0.000000
vt -4.915702 0.396852 0.000000
vt -4.890808 -0.400000 0.000000
vt -4.990620 -0.306122 0.000000
vt -4.915702 -0.396852 0.000000
vt -4.939029 -0.387605 0.000000
vt -4.959320 -0.372843 0.000000
vt -4.975296 -0.353494 0.000000
vt -4.985954 -0.330777 0.000000
vt -4.476018 -1.009907 0.000000
vt -4.214783 -1.813905 0.000000
vt -4.513478 -1.039882 0.000000
vt -4.262708 -1.811673 0.000000
vt -4.556999 -1.060074 0.000000
vt -4.309786 -1.820919 0.000000
vt -4.785841 -1.447662 0.000000
vt -4.722741 -1.641863 0.000000
vt -4.775041 -1.130920 0.000000
vt -4.840959 -1.251047 0.000000
vt -4.844140 -1.226156 0.000000
vt -4.841024 -1.201258 0.000000
vt -4.831808 -1.177919 0.000000
vt -4.817072 -1.157609 0.000000
vt -4.797744 -1.141607 0.000000
vt -4.527828 -1.891765 0.000000
vt -4.651765 -1.833326 0.000000
vt -4.639708 -1.855332 0.000000
vt -4.622552 -1.873644 0.000000
vt -4.601378 -1.887109 0.000000
vt -4.577519 -1.894879 0.000000
vt -4.552476 -1.896464 0.000000
vt -3.494238 -3.040253 0.000000
vt -4.006383 -2.416380 0.000000
vt -3.536155 -3.063594 0.000000
vt -4.104253 -2.855715 0.000000
vt -3.984230 -3.020912 0.000000
vt -4.191861 -2.551138 0.000000
vt -4.217431 -2.685755 0.000000
vt -4.228147 -2.663066 0.000000
vt -4.232878 -2.638423 0.000000
vt -4.231326 -2.613378 0.000000
vt -4.223587 -2.589509 0.000000
vt -4.210150 -2.568317 0.000000
vt -3.721632 -3.198351 0.000000
vt -3.857562 -3.181071 0.000000
vt -3.839295 -3.198275 0.000000
vt -3.817321 -3.210389 0.000000
vt -3.743623 -3.210437 0.000000
vt -3.793022 -3.216651 0.000000
vt -3.767930 -3.216668 0.000000
vt -3.026263 -3.400010 0.000000
vt -2.298435 -3.928808 0.000000
vt -3.027566 -3.447969 0.000000
vt -2.343644 -3.944867 0.000000
vt -3.040253 -3.494238 0.000000
vt -2.383728 -3.971231 0.000000
vt -3.063594 -3.536155 0.000000
vt -2.416380 -4.006383 0.000000
vt -3.020912 -3.984230 0.000000
vt -2.855715 -4.104253 0.000000
vt -3.198351 -3.721632 0.000000
vt -3.181071 -3.857562 0.000000
vt -3.198275 -3.839295 0.000000
vt -3.210389 -3.817321 0.000000
vt -3.216651 -3.793022 0.000000
vt -3.216668 -3.767930 0.000000
vt -3.210437 -3.743623 0.000000
vt -2.551138 -4.191861 0.000000
vt -2.685755 -4.217431 0.000000
vt -2.568317 -4.210150 0.000000
vt -2.589509 -4.223587 0.000000
vt -2.663066 -4.228147 0.000000
vt -2.613378 -4.231326 0.000000
vt -2.638423 -4.232878 0.000000
vt -1.827487 -4.168768 0.000000
vt -0.971873 -4.446774 0.000000
vt -1.813905 -4.214783 0.000000
vt -1.009907 -4.476018 0.000000
vt -1.811673 -4.262708 0.000000
vt -1.039882 -4.513478 0.000000
vt -1.820919 -4.309786 0.000000
vt -1.060074 -4.556999 0.000000
vt -1.641863 -4.722741 0.000000
vt -1.447662 -4.785841 0.000000
vt -1.891765 -4.527828 0.000000
vt -1.833326 -4.651765 0.000000
vt -1.855332 -4.639708 0.000000
vt -1.873644 -4.622552 0.000000
vt -1.887109 -4.601378 0.000000
vt -1.894879 -4.577519 0.000000
vt -1.896464 -4.552476 0.000000
vt -1.130920 -4.775041 0.000000
vt -1.251047 -4.840959 0.000000
vt -1.141607 -4.797744 0.000000
vt -1.157609 -4.817072 0.000000
vt -1.177919 -4.831808 0.000000
vt -1.201258 -4.841024 0.000000
vt -1.226156 -4.844140 0.000000
vt -0.400000 -4.890808 0.000000
vt -0.306122 -4.990620 0.000000
vt -0.330777 -4.985954 0.000000
vt -0.353494 -4.975297 0.000000
vt -0.372843 -4.959320 0.000000
vt -0.387605 -4.939029 0.000000
vt -0.396852 -4.915702 0.000000
vt 0.400000 -4.890808 0.000000
vt 0.306122 -4.990620 0.000000
vt 0.330777 -4.985954 0.000000
vt 0.353494 -4.975296 0.000000
vt 0.372843 -4.959320 0.000000
vt 0.387605 -4.939029 0.000000
vt 0.396852 -4.915702 0.000000
vt 1.130920 -4.775041 0.000000
vt 1.251047 -4.840959 0.000000
vt 1.141607 -4.797744 0.000000
vt 1.157609 -4.817072 0.000000
vt 1.177919 -4.831808 0.000000
vt 1.201258 -4.841024 0.000000
vt 1.226156 -4.844140 0.000000
vt 1.891765 -4.527828 0.000000
vt 1.833326 -4.651765 0.000000
vt 1.855332 -4.639708 0.000000
vt 1.873644 -4.622552 0.000000
vt 1.887109 -4.601378 0.000000
vt 1.894879 -4.577519 0.000000
vt 1.896464 -4.552476 0.000000
vt 3.026263 -3.400010 0.000000
vt 2.343644 -3.944867 0.000000
vt 3.027566 -3.447969 0.000000
vt 2.383728 -3.971231 0.000000
vt 3.040253 -3.494238 0.000000
vt 2.416380 -4.006383 0.000000
vt 3.063594 -3.536155 0.000000
vt 2.855715 -4.104253 0.000000
vt 3.020912 -3.984230 0.000000
vt 2.551138 -4.191861 0.000000
vt 2.685755 -4.217431 0.000000
vt 2.568317 -4.210150 0.000000
vt 2.589509 -4.223587 0.000000
vt 2.663066 -4.228147 0.000000
vt 2.613378 -4.231326 0.000000
vt 2.638423 -4.232878 0.000000
vt 3.198351 -3.721632 0.000000
vt 3.181071 -3.857562 0.000000
vt 3.198275 -3.839295 0.000000
vt 3.210389 -3.817321 0.000000
vt 3.216651 -3.793022 0.000000
vt 3.216668 -3.767930 0.000000
vt 3.210437 -3.743623 0.000000
vt 3.971231 -2.383728 0.000000
vt 3.536155 -3.063594 0.000000
vt 4.006383 -2.416380 0.000000
vt 3.984230 -3.020912 0.000000
vt 4.104253 -2.855715 0.000000
vt 3.721632 -3.198351 0.000000
vt 3.857562 -3.181071 0.000000
vt 3.839295 -3.198275 0.000000
vt 3.817321 -3.210389 0.000000
vt 3.743623 -3.210437 0.000000
vt 3.793022 -3.216651 0.000000
vt 3.767930 -3.216668 0.000000
vt 4.191861 -2.551138 0.000000
vt 4.217431 -2.685755 0.000000
vt 4.228147 -2.663066 0.000000
vt 4.232878 -2.638423 0.000000
vt 4.231326 -2.613378 0.000000
vt 4.223587 -2.589509 0.000000
vt 4.210150 -2.568317 0.000000
vt 4.476018 -1.009907 0.000000
vt 4.262708 -1.811673 0.000000
vt 4.513478 -1.039882 0.000000
vt 4.309786 -1.820919 0.000000
vt 4.556999 -1.060074 0.000000
vt 4.722741 -1.641863 0.000000
vt 4.785841 -1.447662 0.000000
vt 4.527828 -1.891765 0.000000
vt 4.651765 -1.833326 0.000000
vt 4.639708 -1.855332 0.000000
vt 4.622552 -1.873644 0.000000
vt 4.601378 -1.887109 0.000000
vt 4.577519 -1.894879 0.000000
vt 4.552476 -1.896464 0.000000
vt 4.775041 -1.130920 0.000000
vt 4.840959 -1.251047 0.000000
vt 4.844140 -1.226156 0.000000
vt 4.841024 -1.201258 0.000000
vt 4.831808 -1.177919 0.000000
vt 4.817072 -1.157609 0.000000
vt 4.797744 -1.141607 0.000000
vt 4.497494 -0.485601 0.000000
vt 4.529458 -0.449823 0.000000
vt 4.529458 0.449823 0.000000
vt 4.569024 -0.422687 0.000000
vt 4.569024 0.422687 0.000000
vt 4.613914 -0.405755 0.000000
vt 4.613914 0.405755 0.000000
vt 4.661545 -0.400000 0.000000
vt 4.661545 0.400000 0.000000
vt 4.998958 -0.102098 0.000000
vt 4.998958 0.102098 0.000000
vt 4.890808 -0.400000 0.000000
vt 4.990620 -0.306122 0.000000
vt 4.915702 -0.396852 0.000000
vt 4.939029 -0.387605 0.000000
vt 4.959320 -0.372843 0.000000
vt 4.975297 -0.353494 0.000000
vt 4.985954 -0.330777 0.000000
vt 4.890808 0.400000 0.000000
vt 4.990620 0.306122 0.000000
vt 4.915702 0.396852 0.000000
vt 4.985954 0.330777 0.000000
vt 4.975296 0.353494 0.000000
vt 4.959320 0.372843 0.000000
vt 4.939029 0.387605 0.000000
vt 4.775041 1.130920 0.000000
vt 4.840959 1.251047 0.000000
vt 4.844140 1.226156 0.000000
vt 4.797744 1.141607 0.000000
vt 4.817072 1.157609 0.000000
vt 4.831808 1.177919 0.000000
vt 4.841024 1.201258 0.000000
vt 4.527828 1.891765 0.000000
vt 4.651765 1.833326 0.000000
vt 4.639708 1.855332 0.000000
vt 4.622552 1.873644 0.000000
vt 4.601378 1.887109 0.000000
vt 4.577519 1.894879 0.000000
vt 4.552476 1.896464 0.000000
vt 3.494238 3.040253 0.000000
vt 4.006383 2.416380 0.000000
vt 3.536155 3.063594 0.000000
vt 4.104253 2.855715 0.000000
vt 3.984230 3.020912 0.000000
vt 4.191861 2.551138 0.000000
vt 4.217431 2.685755 0.000000
vt 4.210150 2.568317 0.000000
vt 4.223587 2.589509 0.000000
vt 4.231326 2.613378 0.000000
vt 4.232878 2.638423 0.000000
vt 4.228147 2.663066 0.000000
vt 3.721632 3.198351 0.000000
vt 3.857562 3.181071 0.000000
vt 3.839295 3.198275 0.000000
vt 3.817321 3.210389 0.000000
vt 3.743623 3.210437 0.000000
vt 3.793022 3.216651 0.000000
vt 3.767930 3.216668 0.000000
vt 3.026263 3.400010 0.000000
vt 2.298435 3.928808 0.000000
vt 3.027566 3.447969 0.000000
vt 2.343644 3.944867 0.000000
vt 3.040253 3.494238 0.000000
vt 2.383728 3.971231 0.000000
vt 3.063594 3.536155 0.000000
vt 2.416380 4.006383 0.000000
vt 3.020912 3.984230 0.000000
vt 2.855715 4.104253 0.000000
vt 3.198351 3.721632 0.000000
vt 3.181071 3.857562 0.000000
vt 3.210437 3.743623 0.000000
vt 3.216668 3.767930 0.000000
vt 3.216651 3.793022 0.000000
vt 3.210389 3.817321 0.000000
vt 3.198275 3.839295 0.000000
vt 2.551138 4.191861 0.000000
vt 2.685755 4.217431 0.000000
vt 2.568317 4.210150 0.000000
vt 2.589509 4.223587 0.000000
vt 2.663066 4.228147 0.000000
vt 2.613378 4.231326 0.000000
vt 2.638423 4.232878 0.000000
vt 1.925550 4.067217 0.000000
vt 1.827487 4.168768 0.000000
vt 0.971873 4.446774 0.000000
vt 1.813905 4.214783 0.000000
vt 1.009907 4.476018 0.000000
vt 1.811673 4.262708 0.000000
vt 1.039882 4.513478 0.000000
vt 1.820919 4.309786 0.000000
vt 1.060074 4.556999 0.000000
vt 1.641863 4.722741 0.000000
vt 1.447662 4.785841 0.000000
vt 1.891765 4.527828 0.000000
vt 1.833326 4.651765 0.000000
vt 1.896464 4.552476 0.000000
vt 1.894879 4.577519 0.000000
vt 1.887109 4.601378 0.000000
vt 1.873644 4.622552 0.000000
vt 1.855332 4.639708 0.000000
vt 1.130920 4.775041 0.000000
vt 1.251047 4.840959 0.000000
vt 1.141607 4.797744 0.000000
vt 1.157609 4.817072 0.000000
vt 1.177919 4.831808 0.000000
vt 1.201258 4.841024 0.000000
vt 1.226156 4.844140 0.000000
vt 0.400000 4.890808 0.000000
vt 0.102098 4.998958 0.000000
vt -0.400000 4.661545 0.000000
vt 0.306122 4.990620 0.000000
vt 0.396852 4.915702 0.000000
vt 0.387605 4.939029 0.000000
vt 0.372843 4.959320 0.000000
vt 0.353494 4.975297 0.000000
vt 0.330777 4.985954 0.000000
vt -0.102098 4.998958 0.000000
vt -0.400000 4.890808 0.000000
vt -0.306122 4.990620 0.000000
vt -0.396852 4.915702 0.000000
vt -0.387605 4.939029 0.000000
vt -0.372843 4.959320 0.000000
vt -0.353494 4.975296 0.000000
vt -0.330777 4.985954 0.000000
vt -0.971873 4.446774 0.000000
vt -1.827487 4.168768 0.000000
vt -1.009907 4.476018 0.000000
vt -1.813905 4.214783 0.000000
vt -1.039882 4.513478 0.000000
vt -1.811673 4.262708 0.000000
vt -1.060074 4.556999 0.000000
vt -1.820919 4.309786 0.000000
vt -1.447662 4.785841 0.000000
vt -1.641863 4.722741 0.000000
vt -1.130920 4.775041 0.000000
vt -1.251047 4.840959 0.000000
vt -1.141607 4.797744 0.000000
vt -1.157609 4.817072 0.000000
vt -1.177919 4.831808 0.000000
vt -1.201258 4.841024 0.000000
vt -1.226156 4.844140 0.000000
vt -1.891765 4.527828 0.000000
vt -1.833326 4.651765 0.000000
vt -1.896464 4.552476 0.000000
vt -1.894879 4.577519 0.000000
vt -1.887109 4.601378 0.000000
vt -1.873644 4.622552 0.000000
vt -1.855332 4.639708 0.000000
vt -2.081714 3.989545 0.000000
vt -3.026263 3.400010 0.000000
vt -2.343644 3.944867 0.000000
vt -3.027566 3.447969 0.000000
vt -2.383728 3.971231 0.000000
vt -3.040253 3.494238 0.000000
vt -2.416380 4.006383 0.000000
vt -3.063594 3.536155 0.000000
vt -2.855715 4.104253 0.000000
vt -3.020912 3.984230 0.000000
vt -2.551138 4.191861 0.000000
vt -2.685755 4.217431 0.000000
vt -2.568317 4.210150 0.000000
vt -2.589509 4.223587 0.000000
vt -2.663066 4.228147 0.000000
vt -2.613378 4.231326 0.000000
vt -2.638423 4.232878 0.000000
vt -3.198351 3.721632 0.000000
vt -3.181071 3.857562 0.000000
vt -3.210437 3.743623 0.000000
vt -3.216668 3.767930 0.000000
vt -3.216651 3.793022 0.000000
vt -3.210389 3.817321 0.000000
vt -3.198275 3.839295 0.000000
vt -3.743623 3.210437 0.000000
vt -3.817321 3.210389 0.000000
vt -3.839295 3.198275 0.000000
vt -3.857562 3.181071 0.000000
vt -3.767930 3.216668 0.000000
vt -3.793022 3.216651 0.000000
vn -0.097815 0.020791 -0.000000
vn -0.097815 0.020791 -0.000000
vn -0.100000 0.000000 -0.000000
vn -0.100000 0.000000 -0.000000
vn -0.097815 -0.020791 0.000000
vn -0.097815 -0.020791 0.000000
vn -0.091355 -0.040674 0.000000
vn -0.091355 -0.040674 0.000000
vn -0.080902 -0.058779 0.000000
vn -0.080902 -0.058779 0.000000
vn -0.066913 -0.074314 0.000000
vn -0.066913 -0.074314 0.000000
vn -0.050000 -0.086603 0.000000
vn -0.050000 -0.086603 0.000000
vn -0.030902 -0.095106 0.000000
vn -0.030902 -0.095106 0.000000
vn -0.010453 -0.099452 0.000000
vn -0.010453 -0.099452 0.000000
vn 0.010453 -0.099452 0.000000
vn 0.010453 -0.099452 0.000000
vn 0.030902 -0.095106 0.000000
vn 0.030902 -0.095106 0.000000
vn 0.050000 -0.086603 0.000000
vn 0.050000 -0.086603 0.000000
vn 0.066913 -0.074314 0.000000
vn 0.066913 -0.074314 0.000000
vn 0.080902 -0.058779 0.000000
vn 0.080902 -0.058779 0.000000
vn 0.091355 -0.040674 0.000000
vn 0.091355 -0.040674 0.000000
vn 0.097815 -0.020791 0.000000
vn 0.097815 -0.020791 0.000000
vn 0.100000 0.000000 0.000000
vn 0.100000 0.000000 0.000000
vn 0.097815 0.020791 0.000000
vn 0.097815 0.020791 0.000000
vn 0.091355 0.040674 0.000000
vn 0.091355 0.040674 0.000000
vn 0.080902 0.058779 0.000000
vn 0.080902 0.058779 0.000000
vn 0.066913 0.074314 0.000000
vn 0.066913 0.074314 0.000000
vn 0.050000 0.086603 0.000000
vn 0.050000 0.086603 0.000000
vn 0.030902 0.095106 0.000000
vn 0.030902 0.095106 0.000000
vn 0.010453 0.099452 0.000000
vn 0.010453 0.099452 0.000000
vn -0.010453 0.099452 -0.000000
vn -0.010453 0.099452 -0.000000
vn -0.030902 0.095106 -0.000000
vn -0.030902 0.095106 -0.000000
vn -0.050000 0.086603 -0.000000
vn -0.050000 0.086603 -0.000000
vn -0.066913 0.074314 -0.000000
vn -0.066913 0.074314 -0.000000
vn -0.080902 0.058779 -0.000000
vn -0.080902 0.058779 -0.000000
vn -0.091355 0.040674 -0.000000
vn -0.091355 0.040674 -0.000000
vn 0.000000 0.000000 0.100000
vn 0.000000 0.000000 0.100000
vn 0.000000 0.000000 0.100000
vn 0.000000 0.000000 0.100000
vn 0.000000 0.000000 0.100000
vn 0.000000 0.000000 0.100000
vn 0.000000 0.000000 0.100000
vn 0.000000 0.000000 0.100000
vn 0.000000 0.000000 0.100000
vn 0.000000 0.000000 0.100000
vn 0.000000 0.000000 0.100000
vn 0.000000 0.000000 0.100000
vn 0.000000 0.000000 0.100000
vn 0.000000 0.000000 0.100000
vn 0.000000 0.000000 0.100000
vn 0.000000 0.000000 0.100000
vn 0.000000 0.000000 0.100000
vn 0.000000 0.000000 0.100000
vn 0.000000 0.000000 0.100000
vn 0.000000 0.000000 0.100000
vn 0.000000 0.000000 0.100000
vn 0.000000 0.000000 0.100000
vn 0.000000 0.000000 0.100000
vn 0.000000 0.000000 0.100000
vn 0.000000 0.000000 0.100000
vn 0.000000 0.000000 0.100000
vn 0.000000 0.000000 0.100000
vn 0.000000 0.000000 0.100000
vn 0.000000 0.000000 0.100000
vn 0.000000 0.000000 0.100000
vn 0.000000 0.000000 0.100000
vn 0.000000 0.000000 0.100000
vn 0.000000 0.000000 0.100000
vn 0.000000 0.000000 0.100000
vn 0.000000 0.000000 0.100000
vn 0.000000 0.000000 0.100000
vn 0.000000 0.000000 0.100000
vn 0.000000 0.000000 0.100000
vn 0.000000 0.000000 0.100000
vn 0.000000 0.000000 0.100000
vn 0.000000 0.000000 0.100000
vn 0.000000 0.000000 0.100000
vn 0.000000 0.000000 0.100000
vn 0.000000 0.000000 0.100000
vn 0.000000 0.000000 0.100000
vn 0.000000 0.000000 0.100000
vn 0.000000 0.000000 0.100000
vn 0.000000 0.000000 0.100000
vn 0.000000 0.000000 0.100000
vn 0.000000 0.000000 0.100000
vn 0.000000 0.000000 0.100000
vn 0.000000 0.000000 0.100000
vn 0.000000 0.000000 0.100000
vn 0.000000 0.000000 0.100000
vn 0.000000 0.000000 0.100000
vn 0.000000 0.000000 0.100000
vn 0.096593 0.025882 0.000000
vn 0.096593 0.025882 0.000000
vn 0.100000 0.000000 0.000000
vn 0.100000 0.000000 0.000000
vn 0.096593 -0.025882 0.000000
vn 0.096593 -0.025882 0.000000
vn 0.086603 -0.050000 0.000000
vn 0.086603 -0.050000 0.000000
vn 0.070711 -0.070711 0.000000
vn 0.070711 -0.070711 0.000000
vn 0.050000 -0.086603 0.000000
vn 0.050000 -0.086603 0.000000
vn 0.025882 -0.096593 0.000000
vn 0.025882 -0.096593 0.000000
vn -0.000000 -0.100000 0.000000
vn -0.000000 -0.100000 0.000000
vn -0.025882 -0.096593 0.000000
vn -0.025882 -0.096593 0.000000
vn -0.050000 -0.086603 0.000000
vn -0.050000 -0.086603 0.000000
vn -0.070711 -0.070711 0.000000
vn -0.070711 -0.070711 0.000000
vn -0.086603 -0.050000 0.000000
vn -0.086603 -0.050000 0.000000
vn -0.096593 -0.025882 0.000000
vn -0.096593 -0.025882 0.000000
vn -0.100000 0.000000 0.000000
vn -0.100000 0.000000 0.000000
vn -0.096593 0.025882 0.000000
vn -0.096593 0.025882 0.000000
vn -0.086603 0.050000 0.000000
vn -0.086603 0.050000 0.000000
vn -0.070711 0.070711 0.000000
vn -0.070711 0.070711 0.000000
vn -0.050000 0.086603 0.000000
vn -0.050000 0.086603 0.000000
vn -0.025882 0.096593 0.000000
vn -0.025882 0.096593 0.000000
vn -0.000000 0.100000 0.000000
vn -0.000000 0.100000 0.000000
vn 0.025882 0.096593 0.000000
vn 0.025882 0.096593 0.000000
vn 0.050000 0.086603 0.000000
vn 0.050000 0.086603 0.000000
vn 0.070711 0.070711 0.000000
vn 0.070711 0.070711 0.000000
vn 0.086603 0.050000 0.000000
vn 0.086603 0.050000 0.000000
vn 0.096593 0.025882 0.000000
vn 0.096593 0.025882 0.000000
vn 0.100000 0.000000 0.000000
vn 0.100000 0.000000 0.000000
vn 0.096593 -0.025882 0.000000
vn 0.096593 -0.025882 0.000000
vn 0.086603 -0.050000 0.000000
vn 0.086603 -0.050000 0.000000
vn 0.070711 -0.070711 0.000000
vn 0.070711 -0.070711 0.000000
vn 0.050000 -0.086603 0.000000
vn 0.050000 -0.086603 0.000000
vn 0.025882 -0.096593 0.000000
vn 0.025882 -0.096593 0.000000
vn -0.000000 -0.100000 0.000000
vn -0.000000 -0.100000 0.000000
vn -0.025882 -0.096593 0.000000
vn -0.025882 -0.096593 0.000000
vn -0.050000 -0.086603 0.000000
vn -0.050000 -0.086603 0.000000
vn -0.070711 -0.070711 0.000000
vn -0.070711 -0.070711 0.000000
vn -0.086603 -0.050000 0.000000
vn -0.086603 -0.050000 0.000000
vn -0.096593 -0.025882 0.000000
vn -0.096593 -0.025882 0.000000
vn -0.100000 0.000000 0.000000
vn -0.100000 0.000000 0.000000
vn -0.096593 0.025882 0.000000
vn -0.096593 0.025882 0.000000
vn -0.086603 0.050000 0.000000
vn -0.086603 0.050000 0.000000
vn -0.070711 0.070711 0.000000
vn -0.070711 0.070711 0.000000
vn -0.050000 0.086603 0.000000
vn -0.050000 0.086603 0.000000
vn -0.025882 0.096593 0.000000
vn -0.025882 0.096593 0.000000
vn -0.000000 0.100000 0.000000
vn -0.000000 0.100000 0.000000
vn 0.025882 0.096593 0.000000
vn 0.025882 0.096593 0.000000
vn 0.050000 0.086603 0.000000
vn 0.050000 0.086603 0.000000
vn 0.070711 0.070711 0.000000
vn 0.070711 0.070711 0.000000
vn 0.086603 0.050000 0.000000
vn 0.086603 0.050000 0.000000
vn 0.096593 0.025882 0.000000
vn 0.096593 0.025882 0.000000
vn 0.100000 0.000000 0.000000
vn 0.100000 0.000000 0.000000
vn 0.096593 -0.025882 0.000000
vn 0.096593 -0.025882 0.000000
vn 0.086603 -0.050000 0.000000
vn 0.086603 -0.050000 0.000000
vn 0.070711 -0.070711 0.000000
vn 0.070711 -0.070711 0.000000
vn 0.050000 -0.086603 0.000000
vn 0.050000 -0.086603 0.000000
vn 0.025882 -0.096593 0.000000
vn 0.025882 -0.096593 0.000000
vn -0.000000 -0.100000 0.000000
vn -0.000000 -0.100000 0.000000
vn -0.025882 -0.096593 0.000000
vn -0.025882 -0.096593 0.000000
vn -0.050000 -0.086603 0.000000
vn -0.050000 -0.086603 0.000000
vn -0.070711 -0.070711 0.000000
vn -0.070711 -0.070711 0.000000
vn -0.086603 -0.050000 0.000000
vn -0.086603 -0.050000 0.000000
vn -0.096593 -0.025882 0.000000
vn -0.096593 -0.025882 0.000000
vn -0.100000 0.000000 0.000000
vn -0.100000 0.000000 0.000000
vn -0.096593 0.025882 0.000000
vn -0.096593 0.025882 0.000000
vn -0.086603 0.050000 0.000000
vn -0.086603 0.050000 0.000000
vn -0.070711 0.070711 0.000000
vn -0.070711 0.070711 0.000000
vn -0.050000 0.086603 0.000000
vn -0.050000 0.086603 0.000000
vn -0.025882 0.096593 0.000000
vn -0.025882 0.096593 0.000000
vn -0.000000 0.100000 0.000000
vn -0.000000 0.100000 0.000000
vn 0.025882 0.096593 0.000000
vn 0.025882 0.096593 0.000000
vn 0.050000 0.086603 0.000000
vn 0.050000 0.086603 0.000000
vn 0.070711 0.070711 0.000000
vn 0.070711 0.070711 0.000000
vn 0.086603 0.050000 0.000000
vn 0.086603 0.050000 0.000000
vn 0.096593 0.025882 0.000000
vn 0.096593 0.025882 0.000000
vn 0.100000 0.000000 0.000000
vn 0.100000 0.000000 0.000000
vn 0.096593 -0.025882 0.000000
vn 0.096593 -0.025882 0.000000
vn 0.086603 -0.050000 0.000000
vn 0.086603 -0.050000 0.000000
vn 0.070711 -0.070711 0.000000
vn 0.070711 -0.070711 0.000000
vn 0.050000 -0.086603 0.000000
vn 0.050000 -0.086603 0.000000
vn 0.025882 -0.096593 0.000000
vn 0.025882 -0.096593 0.000000
vn -0.000000 -0.100000 0.000000
vn -0.000000 -0.100000 0.000000
vn -0.025882 -0.096593 0.000000
vn -0.025882 -0.096593 0.000000
vn -0.050000 -0.086603 0.000000
vn -0.050000 -0.086603 0.000000
vn -0.070711 -0.070711 0.000000
vn -0.070711 -0.070711 0.000000
vn -0.086603 -0.050000 0.000000
vn -0.086603 -0.050000 0.000000
vn -0.096593 -0.025882 0.000000
vn -0.096593 -0.025882 0.000000
vn -0.100000 0.000000 0.000000
vn -0.100000 0.000000 0.000000
vn -0.096593 0.025882 0.000000
vn -0.096593 0.025882 0.000000
vn -0.086603 0.050000 0.000000
vn -0.086603 0.050000 0.000000
vn -0.070711 0.070711 0.000000
vn -0.070711 0.070711 0.000000
vn -0.050000 0.086603 0.000000
vn -0.050000 0.086603 0.000000
vn -0.025882 0.096593 0.000000
vn -0.025882 0.096593 0.000000
vn -0.000000 0.100000 0.000000
vn -0.000000 0.100000 0.000000
vn 0.025882 0.096593 0.000000
vn 0.025882 0.096593 0.000000
vn 0.050000 0.086603 0.000000
vn 0.050000 0.086603 0.000000
vn 0.070711 0.070711 0.000000
vn 0.070711 0.070711 0.000000
vn 0.086603 0.050000 0.000000
vn 0.086603 0.050000 0.000000
vn 0.097094 0.023932 0.000000
vn 0.097094 0.023932 0.000000
vn 0.100000 0.000000 0.000000
vn 0.100000 0.000000 0.000000
vn 0.097094 -0.023932 0.000000
vn 0.097094 -0.023932 0.000000
vn 0.088546 -0.046472 0.000000
vn 0.088546 0.046472 0.000000
vn 0.088546 0.046472 0.000000
vn 0.074851 0.066312 0.000000
vn 0.074851 0.066312 0.000000
vn 0.056806 0.082298 0.000000
vn 0.056806 0.082298 0.000000
vn 0.035460 0.093502 0.000000
vn 0.035460 0.093502 0.000000
vn 0.012054 0.099271 0.000000
vn 0.012054 0.099271 0.000000
vn -0.012054 0.099271 0.000000
vn -0.012054 0.099271 0.000000
vn -0.035460 0.093502 0.000000
vn -0.035460 0.093502 0.000000
vn -0.056806 0.082298 0.000000
vn -0.056806 0.082298 0.000000
vn -0.074851 0.066312 0.000000
vn -0.074851 0.066312 0.000000
vn -0.088546 0.046472 0.000000
vn -0.088546 0.046472 0.000000
vn -0.097094 0.023932 0.000000
vn -0.097094 0.023932 0.000000
vn -0.100000 0.000000 0.000000
vn -0.100000 0.000000 0.000000
vn -0.097094 -0.023932 0.000000
vn -0.097094 -0.023932 0.000000
vn -0.088546 -0.046472 0.000000
vn -0.088546 -0.046472 0.000000
vn -0.074851 -0.066312 0.000000
vn -0.074851 -0.066312 0.000000
vn -0.056806 -0.082298 0.000000
vn -0.056806 -0.082298 0.000000
vn -0.035460 -0.093502 0.000000
vn -0.035460 -0.093502 0.000000
vn -0.012054 -0.099271 0.000000
vn -0.012054 -0.099271 0.000000
vn 0.012054 -0.099271 0.000000
vn 0.012054 -0.099271 0.000000
vn 0.035460 -0.093502 0.000000
vn 0.035460 -0.093502 0.000000
vn 0.056806 -0.082298 0.000000
vn 0.056806 -0.082298 0.000000
vn 0.074851 -0.066312 0.000000
vn 0.074851 -0.066312 0.000000
vn 0.088546 -0.046472 0.000000
vn 0.096593 0.025882 0.000000
vn 0.096593 0.025882 0.000000
vn 0.100000 0.000000 0.000000
vn 0.100000 0.000000 0.000000
vn 0.096593 -0.025882 0.000000
vn 0.096593 -0.025882 0.000000
vn 0.086603 -0.050000 0.000000
vn 0.086603 -0.050000 0.000000
vn 0.070711 -0.070711 0.000000
vn 0.070711 -0.070711 0.000000
vn 0.050000 -0.086603 0.000000
vn 0.050000 -0.086603 0.000000
vn 0.025882 -0.096593 0.000000
vn 0.025882 -0.096593 0.000000
vn -0.000000 -0.100000 0.000000
vn -0.000000 -0.100000 0.000000
vn -0.025882 -0.096593 0.000000
vn -0.025882 -0.096593 0.000000
vn -0.050000 -0.086603 0.000000
vn -0.050000 -0.086603 0.000000
vn -0.070711 -0.070711 0.000000
vn -0.070711 -0.070711 0.000000
vn -0.086603 -0.050000 0.000000
vn -0.086603 -0.050000 0.000000
vn -0.096593 -0.025882 0.000000
vn -0.096593 -0.025882 0.000000
vn -0.100000 0.000000 0.000000
vn -0.100000 0.000000 0.000000
vn -0.096593 0.025882 0.000000
vn -0.096593 0.025882 0.000000
vn -0.086603 0.050000 0.000000
vn -0.086603 0.050000 0.000000
vn -0.070711 0.070711 0.000000
vn -0.070711 0.070711 0.000000
vn -0.050000 0.086603 0.000000
vn -0.050000 0.086603 0.000000
vn -0.025882 0.096593 0.000000
vn -0.025882 0.096593 0.000000
vn -0.000000 0.100000 0.000000
vn -0.000000 0.100000 0.000000
vn 0.025882 0.096593 0.000000
vn 0.025882 0.096593 0.000000
vn 0.050000 0.086603 0.000000
vn 0.050000 0.086603 0.000000
vn 0.070711 0.070711 0.000000
vn 0.070711 0.070711 0.000000
vn 0.086603 0.050000 0.000000
vn 0.086603 0.050000 0.000000
vn 0.096593 0.025882 0.000000
vn 0.096593 0.025882 0.000000
vn 0.100000 0.000000 0.000000
vn 0.100000 0.000000 0.000000
vn 0.096593 -0.025882 0.000000
vn 0.096593 -0.025882 0.000000
vn 0.086603 -0.050000 0.000000
vn 0.086603 -0.050000 0.000000
vn 0.070711 -0.070711 0.000000
vn 0.070711 -0.070711 0.000000
vn 0.050000 -0.086603 0.000000
vn 0.050000 -0.086603 0.000000
vn 0.025882 -0.096593 0.000000
vn 0.025882 -0.096593 0.000000
vn -0.000000 -0.100000 0.000000
vn -0.000000 -0.100000 0.000000
vn -0.025882 -0.096593 0.000000
vn -0.025882 -0.096593 0.000000
vn -0.050000 -0.086603 0.000000
vn -0.050000 -0.086603 0.000000
vn -0.070711 -0.070711 0.000000
vn -0.070711 -0.070711 0.000000
vn -0.086603 -0.050000 0.000000
vn -0.086603 -0.050000 0.000000
vn -0.096593 -0.025882 0.000000
vn -0.096593 -0.025882 0.000000
vn -0.100000 0.000000 0.000000
vn -0.100000 0.000000 0.000000
vn -0.096593 0.025882 0.000000
vn -0.096593 0.025882 0.000000
vn -0.086603 0.050000 0.000000
vn -0.086603 0.050000 0.000000
vn -0.070711 0.070711 0.000000
vn -0.070711 0.070711 0.000000
vn -0.050000 0.086603 0.000000
vn -0.050000 0.086603 0.000000
vn -0.025882 0.096593 0.000000
vn -0.025882 0.096593 0.000000
vn -0.000000 0.100000 0.000000
vn -0.000000 0.100000 0.000000
vn 0.025882 0.096593 0.000000
vn 0.025882 0.096593 0.000000
vn 0.050000 0.086603 0.000000
vn 0.050000 0.086603 0.000000
vn 0.070711 0.070711 0.000000
vn 0.070711 0.070711 0.000000
vn 0.086603 0.050000 0.000000
vn 0.086603 0.050000 0.000000
vn 0.058779 -0.080902 0.000000
vn 0.058779 -0.080902 0.000000
vn 0.058779 -0.080902 0.000000
vn 0.058779 -0.080902 0.000000
vn 0.087743 0.047970 0.000000
vn 0.087743 0.047970 0.000000
vn 0.096643 0.025693 0.000000
vn 0.096643 0.025693 0.000000
vn 0.099981 0.001938 0.000000
vn 0.099981 0.001938 0.000000
vn 0.097566 -0.021929 0.000000
vn 0.097566 -0.021929 0.000000
vn 0.089536 -0.044534 0.000000
vn 0.089536 -0.044534 0.000000
vn 0.076354 -0.064576 0.000000
vn 0.076354 -0.064576 0.000000
vn 0.090383 0.042790 0.000000
vn 0.090383 0.042790 0.000000
vn 0.089536 0.044534 0.000000
vn 0.089536 0.044534 0.000000
vn 0.088657 0.046260 0.000000
vn 0.088657 0.046260 0.000000
vn -0.030902 0.095106 0.000000
vn -0.030902 0.095106 0.000000
vn -0.007363 0.099729 0.000000
vn -0.007363 0.099729 0.000000
vn 0.016600 0.098613 0.000000
vn 0.016600 0.098613 0.000000
vn 0.039607 0.091822 0.000000
vn 0.039607 0.091822 0.000000
vn 0.060335 0.079747 0.000000
vn 0.060335 0.079747 0.000000
vn 0.077591 0.063084 0.000000
vn 0.077591 0.063084 0.000000
vn -0.030902 0.095106 0.000000
vn -0.030902 0.095106 0.000000
vn 0.093035 0.036667 0.000000
vn 0.093035 0.036667 0.000000
vn 0.080978 0.058673 0.000000
vn 0.080978 0.058673 0.000000
vn 0.063823 0.076985 0.000000
vn 0.063823 0.076985 0.000000
vn 0.042649 0.090449 0.000000
vn 0.042649 0.090449 0.000000
vn 0.018790 0.098219 0.000000
vn 0.018790 0.098219 0.000000
vn -0.006253 0.099804 -0.000000
vn -0.006253 0.099804 -0.000000
vn 0.096819 0.025021 0.000000
vn 0.096819 0.025021 0.000000
vn 0.095717 0.028953 0.000000
vn 0.095717 0.028953 0.000000
vn 0.094455 0.032837 0.000000
vn 0.094455 0.032837 0.000000
vn 0.030902 -0.095106 0.000000
vn 0.030902 -0.095106 0.000000
vn 0.053605 -0.084419 0.000000
vn 0.053605 -0.084419 0.000000
vn 0.072933 -0.068417 0.000000
vn 0.072933 -0.068417 0.000000
vn 0.087668 -0.048107 0.000000
vn 0.087668 -0.048107 0.000000
vn 0.096884 -0.024768 0.000000
vn 0.096884 -0.024768 0.000000
vn 0.100000 0.000131 0.000000
vn 0.100000 0.000131 0.000000
vn 0.030902 -0.095106 0.000000
vn 0.030902 -0.095106 0.000000
vn 0.098272 0.018508 0.000000
vn 0.098272 0.018508 0.000000
vn 0.099853 -0.005429 0.000000
vn 0.099853 -0.005429 0.000000
vn 0.095687 -0.029053 0.000000
vn 0.095687 -0.029053 0.000000
vn 0.086014 -0.051005 0.000000
vn 0.086014 -0.051005 0.000000
vn 0.071393 -0.070022 0.000000
vn 0.071393 -0.070022 0.000000
vn 0.052662 -0.085010 0.000000
vn 0.052662 -0.085010 0.000000
vn 0.099182 0.012766 0.000000
vn 0.099182 0.012766 0.000000
vn 0.098916 0.014686 0.000000
vn 0.098916 0.014686 0.000000
vn 0.098613 0.016600 0.000000
vn 0.098613 0.016600 0.000000
vn 0.000000 0.100000 0.000000
vn 0.000000 0.100000 0.000000
vn 0.023815 0.097123 0.000000
vn 0.023815 0.097123 0.000000
vn 0.046260 0.088657 0.000000
vn 0.046260 0.088657 0.000000
vn 0.066043 0.075089 0.000000
vn 0.066043 0.075089 0.000000
vn 0.082026 0.057200 0.000000
vn 0.082026 0.057200 0.000000
vn 0.093288 0.036019 0.000000
vn 0.093288 0.036019 0.000000
vn 0.000000 0.100000 0.000000
vn 0.000000 0.100000 0.000000
vn 0.099812 0.006122 0.000000
vn 0.099812 0.006122 0.000000
vn 0.095146 0.030777 0.000000
vn 0.095146 0.030777 0.000000
vn 0.084489 0.053494 0.000000
vn 0.084489 0.053494 0.000000
vn 0.068512 0.072843 0.000000
vn 0.068512 0.072843 0.000000
vn 0.048221 0.087605 0.000000
vn 0.048221 0.087605 0.000000
vn 0.024894 0.096852 0.000000
vn 0.024894 0.096852 0.000000
vn 0.099812 -0.006122 0.000000
vn 0.099812 -0.006122 0.000000
vn 0.099979 -0.002042 0.000000
vn 0.099979 -0.002042 0.000000
vn 0.099979 0.002042 0.000000
vn 0.099979 0.002042 0.000000
vn -0.000000 -0.100000 0.000000
vn -0.000000 -0.100000 0.000000
vn 0.024894 -0.096852 0.000000
vn 0.024894 -0.096852 0.000000
vn 0.048221 -0.087605 0.000000
vn 0.048221 -0.087605 0.000000
vn 0.068512 -0.072843 0.000000
vn 0.068512 -0.072843 0.000000
vn 0.084489 -0.053494 0.000000
vn 0.084489 -0.053494 0.000000
vn 0.095146 -0.030777 0.000000
vn 0.095146 -0.030777 0.000000
vn -0.000000 -0.100000 0.000000
vn -0.000000 -0.100000 0.000000
vn 0.099182 -0.012766 0.000000
vn 0.099182 -0.012766 0.000000
vn 0.093288 -0.036019 0.000000
vn 0.093288 -0.036019 0.000000
vn 0.082026 -0.057200 0.000000
vn 0.082026 -0.057200 0.000000
vn 0.066043 -0.075089 0.000000
vn 0.066043 -0.075089 0.000000
vn 0.046260 -0.088657 0.000000
vn 0.046260 -0.088657 0.000000
vn 0.023815 -0.097123 0.000000
vn 0.023815 -0.097123 0.000000
vn 0.098272 -0.018508 0.000000
vn 0.098272 -0.018508 0.000000
vn 0.098613 -0.016600 0.000000
vn 0.098613 -0.016600 0.000000
vn 0.098916 -0.014686 0.000000
vn 0.098916 -0.014686 0.000000
vn 0.030902 0.095106 0.000000
vn 0.030902 0.095106 0.000000
vn 0.052662 0.085010 0.000000
vn 0.052662 0.085010 0.000000
vn 0.071393 0.070022 0.000000
vn 0.071393 0.070022 0.000000
vn 0.086014 0.051005 0.000000
vn 0.086014 0.051005 0.000000
vn 0.095687 0.029053 0.000000
vn 0.095687 0.029053 0.000000
vn 0.099853 0.005429 0.000000
vn 0.099853 0.005429 0.000000
vn 0.030902 0.095106 0.000000
vn 0.030902 0.095106 0.000000
vn 0.096819 -0.025021 0.000000
vn 0.096819 -0.025021 0.000000
vn 0.100000 -0.000131 0.000000
vn 0.100000 -0.000131 0.000000
vn 0.096884 0.024768 0.000000
vn 0.096884 0.024768 0.000000
vn 0.087668 0.048107 0.000000
vn 0.087668 0.048107 0.000000
vn 0.072933 0.068417 0.000000
vn 0.072933 0.068417 0.000000
vn 0.053605 0.084419 0.000000
vn 0.053605 0.084419 0.000000
vn 0.093035 -0.036667 0.000000
vn 0.093035 -0.036667 0.000000
vn 0.094455 -0.032837 0.000000
vn 0.094455 -0.032837 0.000000
vn 0.095717 -0.028953 0.000000
vn 0.095717 -0.028953 0.000000
vn -0.030902 -0.095106 0.000000
vn -0.030902 -0.095106 0.000000
vn -0.006253 -0.099804 0.000000
vn -0.006253 -0.099804 0.000000
vn 0.018790 -0.098219 0.000000
vn 0.018790 -0.098219 0.000000
vn 0.042649 -0.090449 0.000000
vn 0.042649 -0.090449 0.000000
vn 0.063823 -0.076985 0.000000
vn 0.063823 -0.076985 0.000000
vn 0.080978 -0.058673 0.000000
vn 0.080978 -0.058673 0.000000
vn -0.030902 -0.095106 0.000000
vn -0.030902 -0.095106 0.000000
vn 0.090383 -0.042790 0.000000
vn 0.090383 -0.042790 0.000000
vn 0.077591 -0.063084 0.000000
vn 0.077591 -0.063084 0.000000
vn 0.060335 -0.079747 0.000000
vn 0.060335 -0.079747 0.000000
vn 0.039607 -0.091822 0.000000
vn 0.039607 -0.091822 0.000000
vn 0.016600 -0.098613 0.000000
vn 0.016600 -0.098613 0.000000
vn -0.007363 -0.099729 0.000000
vn -0.007363 -0.099729 0.000000
vn 0.087743 -0.047970 0.000000
vn 0.087743 -0.047970 0.000000
vn 0.088657 -0.046260 0.000000
vn 0.088657 -0.046260 0.000000
vn 0.089536 -0.044534 0.000000
vn 0.089536 -0.044534 0.000000
vn 0.058779 0.080902 0.000000
vn 0.058779 0.080902 0.000000
vn 0.076354 0.064576 0.000000
vn 0.076354 0.064576 0.000000
vn 0.089536 0.044534 0.000000
vn 0.089536 0.044534 0.000000
vn 0.097566 0.021929 0.000000
vn 0.097566 0.021929 0.000000
vn 0.099981 -0.001938 0.000000
vn 0.099981 -0.001938 0.000000
vn 0.096643 -0.025693 0.000000
vn 0.096643 -0.025693 0.000000
vn 0.058779 0.080902 0.000000
vn 0.058779 0.080902 0.000000
vn 0.084349 -0.053715 0.000000
vn 0.084349 -0.053715 0.000000
vn 0.095065 -0.031026 0.000000
vn 0.095065 -0.031026 0.000000
vn 0.099796 -0.006383 0.000000
vn 0.099796 -0.006383 0.000000
vn 0.098243 0.018661 0.000000
vn 0.098243 0.018661 0.000000
vn 0.090505 0.042531 0.000000
vn 0.090505 0.042531 0.000000
vn 0.077068 0.063722 0.000000
vn 0.077068 0.063722 0.000000
vn 0.077151 -0.063621 0.000000
vn 0.077151 -0.063621 0.000000
vn 0.079685 -0.060418 0.000000
vn 0.079685 -0.060418 0.000000
vn 0.082085 -0.057114 0.000000
vn 0.082085 -0.057114 0.000000
vn -0.058779 -0.080902 0.000000
vn -0.058779 -0.080902 0.000000
vn -0.036788 -0.092987 0.000000
vn -0.036788 -0.092987 0.000000
vn -0.012481 -0.099218 0.000000
vn -0.012481 -0.099218 0.000000
vn 0.012611 -0.099202 0.000000
vn 0.012611 -0.099202 0.000000
vn 0.036910 -0.092939 0.000000
vn 0.036910 -0.092939 0.000000
vn 0.058884 -0.080825 0.000000
vn 0.058884 -0.080825 0.000000
vn -0.058779 -0.080902 0.000000
vn -0.058779 -0.080902 0.000000
vn 0.072736 -0.068625 0.000000
vn 0.072736 -0.068625 0.000000
vn 0.054300 -0.083973 0.000000
vn 0.054300 -0.083973 0.000000
vn 0.032739 -0.094489 0.000000
vn 0.032739 -0.094489 0.000000
vn 0.009294 -0.099567 0.000000
vn 0.009294 -0.099567 0.000000
vn -0.014686 -0.098916 0.000000
vn -0.014686 -0.098916 0.000000
vn -0.037820 -0.092572 0.000000
vn -0.037820 -0.092572 0.000000
vn 0.068625 -0.072736 0.000000
vn 0.068625 -0.072736 0.000000
vn 0.070022 -0.071393 0.000000
vn 0.070022 -0.071393 0.000000
vn 0.071393 -0.070022 0.000000
vn 0.071393 -0.070022 0.000000
vn 0.080902 0.058779 0.000000
vn 0.080902 0.058779 0.000000
vn 0.092572 0.037820 0.000000
vn 0.092572 0.037820 0.000000
vn 0.098916 0.014686 0.000000
vn 0.098916 0.014686 0.000000
vn 0.099567 -0.009294 0.000000
vn 0.099567 -0.009294 0.000000
vn 0.094489 -0.032739 0.000000
vn 0.094489 -0.032739 0.000000
vn 0.083973 -0.054300 0.000000
vn 0.083973 -0.054300 0.000000
vn 0.080902 0.058779 0.000000
vn 0.080902 0.058779 0.000000
vn 0.063621 -0.077151 0.000000
vn 0.063621 -0.077151 0.000000
vn 0.080825 -0.058884 0.000000
vn 0.080825 -0.058884 0.000000
vn 0.092939 -0.036910 0.000000
vn 0.092939 -0.036910 0.000000
vn 0.099202 -0.012611 0.000000
vn 0.099202 -0.012611 0.000000
vn 0.099218 0.012481 0.000000
vn 0.099218 0.012481 0.000000
vn 0.092987 0.036788 0.000000
vn 0.092987 0.036788 0.000000
vn 0.053715 -0.084349 0.000000
vn 0.053715 -0.084349 0.000000
vn 0.057114 -0.082085 0.000000
vn 0.057114 -0.082085 0.000000
vn 0.060418 -0.079685 0.000000
vn 0.060418 -0.079685 0.000000
vn -0.080902 -0.058779 0.000000
vn -0.080902 -0.058779 0.000000
vn -0.063722 -0.077068 0.000000
vn -0.063722 -0.077068 0.000000
vn -0.042531 -0.090505 0.000000
vn -0.042531 -0.090505 0.000000
vn -0.018661 -0.098243 0.000000
vn -0.018661 -0.098243 0.000000
vn 0.006383 -0.099796 0.000000
vn 0.006383 -0.099796 0.000000
vn 0.031026 -0.095065 0.000000
vn 0.031026 -0.095065 0.000000
vn -0.080902 -0.058779 0.000000
vn -0.080902 -0.058779 0.000000
vn 0.047970 -0.087743 0.000000
vn 0.047970 -0.087743 0.000000
vn 0.025693 -0.096643 0.000000
vn 0.025693 -0.096643 0.000000
vn 0.001938 -0.099981 0.000000
vn 0.001938 -0.099981 0.000000
vn -0.021929 -0.097566 0.000000
vn -0.021929 -0.097566 0.000000
vn -0.044534 -0.089536 0.000000
vn -0.044534 -0.089536 0.000000
vn -0.064576 -0.076354 0.000000
vn -0.064576 -0.076354 0.000000
vn 0.042790 -0.090383 0.000000
vn 0.042790 -0.090383 0.000000
vn 0.044534 -0.089536 0.000000
vn 0.044534 -0.089536 0.000000
vn 0.046260 -0.088657 0.000000
vn 0.046260 -0.088657 0.000000
vn 0.095106 0.030902 0.000000
vn 0.095106 0.030902 0.000000
vn 0.099729 0.007363 0.000000
vn 0.099729 0.007363 0.000000
vn 0.098613 -0.016600 0.000000
vn 0.098613 -0.016600 0.000000
vn 0.091822 -0.039607 0.000000
vn 0.091822 -0.039607 0.000000
vn 0.079747 -0.060335 0.000000
vn 0.079747 -0.060335 0.000000
vn 0.063084 -0.077591 0.000000
vn 0.063084 -0.077591 0.000000
vn 0.095106 0.030902 0.000000
vn 0.095106 0.030902 0.000000
vn 0.036667 -0.093035 0.000000
vn 0.036667 -0.093035 0.000000
vn 0.058673 -0.080978 0.000000
vn 0.058673 -0.080978 0.000000
vn 0.076985 -0.063823 0.000000
vn 0.076985 -0.063823 0.000000
vn 0.090449 -0.042649 0.000000
vn 0.090449 -0.042649 0.000000
vn 0.098219 -0.018790 0.000000
vn 0.098219 -0.018790 0.000000
vn 0.099804 0.006253 0.000000
vn 0.099804 0.006253 0.000000
vn 0.025021 -0.096819 0.000000
vn 0.025021 -0.096819 0.000000
vn 0.028953 -0.095717 0.000000
vn 0.028953 -0.095717 0.000000
vn 0.032837 -0.094455 0.000000
vn 0.032837 -0.094455 0.000000
vn -0.095106 -0.030902 0.000000
vn -0.095106 -0.030902 0.000000
vn -0.084419 -0.053605 0.000000
vn -0.084419 -0.053605 0.000000
vn -0.068417 -0.072933 0.000000
vn -0.068417 -0.072933 0.000000
vn -0.048107 -0.087668 0.000000
vn -0.048107 -0.087668 0.000000
vn -0.024768 -0.096884 0.000000
vn -0.024768 -0.096884 0.000000
vn 0.000131 -0.100000 0.000000
vn 0.000131 -0.100000 0.000000
vn -0.095106 -0.030902 0.000000
vn -0.095106 -0.030902 0.000000
vn 0.018508 -0.098272 0.000000
vn 0.018508 -0.098272 0.000000
vn -0.005429 -0.099853 0.000000
vn -0.005429 -0.099853 0.000000
vn -0.029053 -0.095687 0.000000
vn -0.029053 -0.095687 0.000000
vn -0.051005 -0.086014 0.000000
vn -0.051005 -0.086014 0.000000
vn -0.070022 -0.071393 0.000000
vn -0.070022 -0.071393 0.000000
vn -0.085010 -0.052662 0.000000
vn -0.085010 -0.052662 0.000000
vn 0.012766 -0.099182 0.000000
vn 0.012766 -0.099182 0.000000
vn 0.014686 -0.098916 0.000000
vn 0.014686 -0.098916 0.000000
vn 0.016600 -0.098613 0.000000
vn 0.016600 -0.098613 0.000000
vn 0.100000 0.000000 0.000000
vn 0.100000 -0.000000 0.000000
vn 0.097123 -0.023815 0.000000
vn 0.097123 -0.023815 0.000000
vn 0.088657 -0.046260 0.000000
vn 0.088657 -0.046260 0.000000
vn 0.075089 -0.066043 0.000000
vn 0.075089 -0.066043 0.000000
vn 0.057200 -0.082026 0.000000
vn 0.057200 -0.082026 0.000000
vn 0.036019 -0.093288 0.000000
vn 0.036019 -0.093288 0.000000
vn 0.100000 -0.000000 0.000000
vn 0.100000 -0.000000 0.000000
vn 0.006122 -0.099812 0.000000
vn 0.006122 -0.099812 0.000000
vn 0.030777 -0.095146 0.000000
vn 0.030777 -0.095146 0.000000
vn 0.053494 -0.084489 0.000000
vn 0.053494 -0.084489 0.000000
vn 0.072843 -0.068512 0.000000
vn 0.072843 -0.068512 0.000000
vn 0.087605 -0.048221 0.000000
vn 0.087605 -0.048221 0.000000
vn 0.096852 -0.024894 0.000000
vn 0.096852 -0.024894 0.000000
vn -0.006122 -0.099812 0.000000
vn -0.006122 -0.099812 0.000000
vn -0.002042 -0.099979 0.000000
vn -0.002042 -0.099979 0.000000
vn 0.002042 -0.099979 0.000000
vn 0.002042 -0.099979 0.000000
vn -0.100000 0.000000 -0.000000
vn -0.100000 0.000000 -0.000000
vn -0.096852 -0.024894 0.000000
vn -0.096852 -0.024894 0.000000
vn -0.087605 -0.048221 0.000000
vn -0.087605 -0.048221 0.000000
vn -0.072843 -0.068512 0.000000
vn -0.072843 -0.068512 0.000000
vn -0.053494 -0.084489 0.000000
vn -0.053494 -0.084489 0.000000
vn -0.030777 -0.095146 0.000000
vn -0.030777 -0.095146 0.000000
vn -0.100000 0.000000 0.000000
vn -0.100000 0.000000 0.000000
vn -0.012766 -0.099182 0.000000
vn -0.012766 -0.099182 0.000000
vn -0.036019 -0.093288 0.000000
vn -0.036019 -0.093288 0.000000
vn -0.057200 -0.082026 0.000000
vn -0.057200 -0.082026 0.000000
vn -0.075089 -0.066043 0.000000
vn -0.075089 -0.066043 0.000000
vn -0.088657 -0.046260 0.000000
vn -0.088657 -0.046260 0.000000
vn -0.097123 -0.023815 0.000000
vn -0.097123 -0.023815 0.000000
vn -0.018508 -0.098272 0.000000
vn -0.018508 -0.098272 0.000000
vn -0.016600 -0.098613 0.000000
vn -0.016600 -0.098613 0.000000
vn -0.014686 -0.098916 0.000000
vn -0.014686 -0.098916 0.000000
vn 0.095106 -0.030902 0.000000
vn 0.095106 -0.030902 0.000000
vn 0.085010 -0.052662 0.000000
vn 0.085010 -0.052662 0.000000
vn 0.070022 -0.071393 0.000000
vn 0.070022 -0.071393 0.000000
vn 0.051005 -0.086014 0.000000
vn 0.051005 -0.086014 0.000000
vn 0.029053 -0.095687 0.000000
vn 0.029053 -0.095687 0.000000
vn 0.005429 -0.099853 0.000000
vn 0.005429 -0.099853 0.000000
vn 0.095106 -0.030902 0.000000
vn 0.095106 -0.030902 0.000000
vn -0.025021 -0.096819 0.000000
vn -0.025021 -0.096819 0.000000
vn -0.000131 -0.100000 0.000000
vn -0.000131 -0.100000 0.000000
vn 0.024768 -0.096884 0.000000
vn 0.024768 -0.096884 0.000000
vn 0.048107 -0.087668 0.000000
vn 0.048107 -0.087668 0.000000
vn 0.068417 -0.072933 0.000000
vn 0.068417 -0.072933 0.000000
vn 0.084419 -0.053605 0.000000
vn 0.084419 -0.053605 0.000000
vn -0.036667 -0.093035 0.000000
vn -0.036667 -0.093035 0.000000
vn -0.032837 -0.094455 0.000000
vn -0.032837 -0.094455 0.000000
vn -0.028953 -0.095717 0.000000
vn -0.028953 -0.095717 0.000000
vn -0.095106 0.030902 -0.000000
vn -0.095106 0.030902 -0.000000
vn -0.099804 0.006253 -0.000000
vn -0.099804 0.006253 -0.000000
vn -0.098219 -0.018790 0.000000
vn -0.098219 -0.018790 0.000000
vn -0.090449 -0.042649 0.000000
vn -0.090449 -0.042649 0.000000
vn -0.076985 -0.063823 0.000000
vn -0.076985 -0.063823 0.000000
vn -0.058673 -0.080978 0.000000
vn -0.058673 -0.080978 0.000000
vn -0.095106 0.030902 0.000000
vn -0.095106 0.030902 0.000000
vn -0.042790 -0.090383 0.000000
vn -0.042790 -0.090383 0.000000
vn -0.063084 -0.077591 0.000000
vn -0.063084 -0.077591 0.000000
vn -0.079747 -0.060335 0.000000
vn -0.079747 -0.060335 0.000000
vn -0.091822 -0.039607 0.000000
vn -0.091822 -0.039607 0.000000
vn -0.098613 -0.016600 0.000000
vn -0.098613 -0.016600 0.000000
vn -0.099729 0.007363 0.000000
vn -0.099729 0.007363 0.000000
vn -0.047970 -0.087743 0.000000
vn -0.047970 -0.087743 0.000000
vn -0.046260 -0.088657 0.000000
vn -0.046260 -0.088657 0.000000
vn -0.044534 -0.089536 0.000000
vn -0.044534 -0.089536 0.000000
vn 0.080902 -0.058779 0.000000
vn 0.080902 -0.058779 0.000000
vn 0.064576 -0.076354 0.000000
vn 0.064576 -0.076354 0.000000
vn 0.044534 -0.089536 0.000000
vn 0.044534 -0.089536 0.000000
vn 0.021929 -0.097566 0.000000
vn 0.021929 -0.097566 0.000000
vn -0.001938 -0.099981 0.000000
vn -0.001938 -0.099981 0.000000
vn -0.025693 -0.096643 0.000000
vn -0.025693 -0.096643 0.000000
vn 0.080902 -0.058779 0.000000
vn 0.080902 -0.058779 0.000000
vn -0.053715 -0.084349 0.000000
vn -0.053715 -0.084349 0.000000
vn -0.031026 -0.095065 0.000000
vn -0.031026 -0.095065 0.000000
vn -0.006383 -0.099796 0.000000
vn -0.006383 -0.099796 0.000000
vn 0.018661 -0.098243 0.000000
vn 0.018661 -0.098243 0.000000
vn 0.042531 -0.090505 0.000000
vn 0.042531 -0.090505 0.000000
vn 0.063722 -0.077068 0.000000
vn 0.063722 -0.077068 0.000000
vn -0.063621 -0.077151 0.000000
vn -0.063621 -0.077151 0.000000
vn -0.060418 -0.079685 0.000000
vn -0.060418 -0.079685 0.000000
vn -0.057114 -0.082085 0.000000
vn -0.057114 -0.082085 0.000000
vn -0.080902 0.058779 -0.000000
vn -0.080902 0.058779 -0.000000
vn -0.092987 0.036788 -0.000000
vn -0.092987 0.036788 -0.000000
vn -0.099218 0.012481 -0.000000
vn -0.099218 0.012481 -0.000000
vn -0.099202 -0.012611 0.000000
vn -0.099202 -0.012611 0.000000
vn -0.092939 -0.036910 0.000000
vn -0.092939 -0.036910 0.000000
vn -0.080825 -0.058884 0.000000
vn -0.080825 -0.058884 0.000000
vn -0.080902 0.058779 0.000000
vn -0.080902 0.058779 0.000000
vn -0.068625 -0.072736 0.000000
vn -0.068625 -0.072736 0.000000
vn -0.083973 -0.054300 0.000000
vn -0.083973 -0.054300 0.000000
vn -0.094489 -0.032739 0.000000
vn -0.094489 -0.032739 0.000000
vn -0.099567 -0.009294 0.000000
vn -0.099567 -0.009294 0.000000
vn -0.098916 0.014686 0.000000
vn -0.098916 0.014686 0.000000
vn -0.092572 0.037820 0.000000
vn -0.092572 0.037820 0.000000
vn -0.072736 -0.068625 0.000000
vn -0.072736 -0.068625 0.000000
vn -0.071393 -0.070022 0.000000
vn -0.071393 -0.070022 0.000000
vn -0.070022 -0.071393 0.000000
vn -0.070022 -0.071393 0.000000
vn 0.058779 -0.080902 0.000000
vn 0.058779 -0.080902 0.000000
vn 0.037820 -0.092572 0.000000
vn 0.037820 -0.092572 0.000000
vn 0.014686 -0.098916 0.000000
vn 0.014686 -0.098916 0.000000
vn -0.009294 -0.099567 0.000000
vn -0.009294 -0.099567 0.000000
vn -0.032739 -0.094489 0.000000
vn -0.032739 -0.094489 0.000000
vn -0.054300 -0.083973 0.000000
vn -0.054300 -0.083973 0.000000
vn 0.058779 -0.080902 0.000000
vn 0.058779 -0.080902 0.000000
vn -0.077151 -0.063621 0.000000
vn -0.077151 -0.063621 0.000000
vn -0.058884 -0.080825 0.000000
vn -0.058884 -0.080825 0.000000
vn -0.036910 -0.092939 0.000000
vn -0.036910 -0.092939 0.000000
vn -0.012611 -0.099202 0.000000
vn -0.012611 -0.099202 0.000000
vn 0.012481 -0.099218 0.000000
vn 0.012481 -0.099218 0.000000
vn 0.036788 -0.092987 0.000000
vn 0.036788 -0.092987 0.000000
vn -0.084349 -0.053715 0.000000
vn -0.084349 -0.053715 0.000000
vn -0.082085 -0.057114 0.000000
vn -0.082085 -0.057114 0.000000
vn -0.079685 -0.060418 0.000000
vn -0.079685 -0.060418 0.000000
vn -0.058779 0.080902 -0.000000
vn -0.058779 0.080902 -0.000000
vn -0.077068 0.063722 -0.000000
vn -0.077068 0.063722 -0.000000
vn -0.090505 0.042531 -0.000000
vn -0.090505 0.042531 -0.000000
vn -0.098243 0.018661 -0.000000
vn -0.098243 0.018661 -0.000000
vn -0.099796 -0.006383 0.000000
vn -0.099796 -0.006383 0.000000
vn -0.095065 -0.031026 0.000000
vn -0.095065 -0.031026 0.000000
vn -0.058779 0.080902 0.000000
vn -0.058779 0.080902 0.000000
vn -0.087743 -0.047970 0.000000
vn -0.087743 -0.047970 0.000000
vn -0.096643 -0.025693 0.000000
vn -0.096643 -0.025693 0.000000
vn -0.099981 -0.001938 0.000000
vn -0.099981 -0.001938 0.000000
vn -0.097566 0.021929 0.000000
vn -0.097566 0.021929 0.000000
vn -0.089536 0.044534 0.000000
vn -0.089536 0.044534 0.000000
vn -0.076354 0.064576 0.000000
vn -0.076354 0.064576 0.000000
vn -0.090383 -0.042790 0.000000
vn -0.090383 -0.042790 0.000000
vn -0.089536 -0.044534 0.000000
vn -0.089536 -0.044534 0.000000
vn -0.088657 -0.046260 0.000000
vn -0.088657 -0.046260 0.000000
vn 0.030902 -0.095106 0.000000
vn 0.030902 -0.095106 0.000000
vn 0.007363 -0.099729 0.000000
vn 0.007363 -0.099729 0.000000
vn -0.016600 -0.098613 0.000000
vn -0.016600 -0.098613 0.000000
vn -0.039607 -0.091822 0.000000
vn -0.039607 -0.091822 0.000000
vn -0.060335 -0.079747 0.000000
vn -0.060335 -0.079747 0.000000
vn -0.077591 -0.063084 0.000000
vn -0.077591 -0.063084 0.000000
vn 0.030902 -0.095106 0.000000
vn 0.030902 -0.095106 0.000000
vn -0.093035 -0.036667 0.000000
vn -0.093035 -0.036667 0.000000
vn -0.080978 -0.058673 0.000000
vn -0.080978 -0.058673 0.000000
vn -0.063823 -0.076985 0.000000
vn -0.063823 -0.076985 0.000000
vn -0.042649 -0.090449 0.000000
vn -0.042649 -0.090449 0.000000
vn -0.018790 -0.098219 0.000000
vn -0.018790 -0.098219 0.000000
vn 0.006253 -0.099804 0.000000
vn 0.006253 -0.099804 0.000000
vn -0.096819 -0.025021 0.000000
vn -0.096819 -0.025021 0.000000
vn -0.095717 -0.028953 0.000000
vn -0.095717 -0.028953 0.000000
vn -0.094455 -0.032837 0.000000
vn -0.094455 -0.032837 0.000000
vn -0.030902 0.095106 -0.000000
vn -0.030902 0.095106 -0.000000
vn -0.053605 0.084419 -0.000000
vn -0.053605 0.084419 -0.000000
vn -0.072933 0.068417 -0.000000
vn -0.072933 0.068417 -0.000000
vn -0.087668 0.048107 -0.000000
vn -0.087668 0.048107 -0.000000
vn -0.096884 0.024768 -0.000000
vn -0.096884 0.024768 -0.000000
vn -0.100000 -0.000131 0.000000
vn -0.100000 -0.000131 0.000000
vn -0.030902 0.095106 0.000000
vn -0.030902 0.095106 0.000000
vn -0.098272 -0.018508 0.000000
vn -0.098272 -0.018508 0.000000
vn -0.099853 0.005429 0.000000
vn -0.099853 0.005429 0.000000
vn -0.095687 0.029053 0.000000
vn -0.095687 0.029053 0.000000
vn -0.086014 0.051005 0.000000
vn -0.086014 0.051005 0.000000
vn -0.071393 0.070022 0.000000
vn -0.071393 0.070022 0.000000
vn -0.052662 0.085010 0.000000
vn -0.052662 0.085010 0.000000
vn -0.099182 -0.012766 0.000000
vn -0.099182 -0.012766 0.000000
vn -0.098916 -0.014686 0.000000
vn -0.098916 -0.014686 0.000000
vn -0.098613 -0.016600 0.000000
vn -0.098613 -0.016600 0.000000
vn -0.000000 -0.100000 0.000000
vn -0.000000 -0.100000 0.000000
vn -0.023815 -0.097123 0.000000
vn -0.023815 -0.097123 0.000000
vn -0.046260 -0.088657 0.000000
vn -0.046260 -0.088657 0.000000
vn -0.066043 -0.075089 0.000000
vn -0.066043 -0.075089 0.000000
vn -0.082026 -0.057200 0.000000
vn -0.082026 -0.057200 0.000000
vn -0.093288 -0.036019 0.000000
vn -0.093288 -0.036019 0.000000
vn 0.000000 -0.100000 0.000000
vn 0.000000 -0.100000 0.000000
vn -0.099812 -0.006122 0.000000
vn -0.099812 -0.006122 0.000000
vn -0.095146 -0.030777 0.000000
vn -0.095146 -0.030777 0.000000
vn -0.084489 -0.053494 0.000000
vn -0.084489 -0.053494 0.000000
vn -0.068512 -0.072843 0.000000
vn -0.068512 -0.072843 0.000000
vn -0.048221 -0.087605 0.000000
vn -0.048221 -0.087605 0.000000
vn -0.024894 -0.096852 0.000000
vn -0.024894 -0.096852 0.000000
vn -0.099812 0.006122 -0.000000
vn -0.099812 0.006122 -0.000000
vn -0.099979 0.002042 -0.000000
vn -0.099979 0.002042 -0.000000
vn -0.099979 -0.002042 0.000000
vn -0.099979 -0.002042 0.000000
vn 0.000000 0.100000 0.000000
vn 0.000000 0.100000 0.000000
vn -0.024894 0.096852 -0.000000
vn -0.024894 0.096852 -0.000000
vn -0.048221 0.087605 -0.000000
vn -0.048221 0.087605 -0.000000
vn -0.068512 0.072843 -0.000000
vn -0.068512 0.072843 -0.000000
vn -0.084489 0.053494 -0.000000
vn -0.084489 0.053494 -0.000000
vn -0.095146 0.030777 -0.000000
vn -0.095146 0.030777 -0.000000
vn 0.000000 0.100000 0.000000
vn 0.000000 0.100000 0.000000
vn -0.099182 0.012766 0.000000
vn -0.099182 0.012766 0.000000
vn -0.093288 0.036019 0.000000
vn -0.093288 0.036019 0.000000
vn -0.082026 0.057200 0.000000
vn -0.082026 0.057200 0.000000
vn -0.066043 0.075089 0.000000
vn -0.066043 0.075089 0.000000
vn -0.046260 0.088657 0.000000
vn -0.046260 0.088657 0.000000
vn -0.023815 0.097123 0.000000
vn -0.023815 0.097123 0.000000
vn -0.098272 0.018508 -0.000000
vn -0.098272 0.018508 -0.000000
vn -0.098613 0.016600 -0.000000
vn -0.098613 0.016600 -0.000000
vn -0.098916 0.014686 -0.000000
vn -0.098916 0.014686 -0.000000
vn -0.030902 -0.095106 0.000000
vn -0.030902 -0.095106 0.000000
vn -0.052662 -0.085010 0.000000
vn -0.052662 -0.085010 0.000000
vn -0.071393 -0.070022 0.000000
vn -0.071393 -0.070022 0.000000
vn -0.086014 -0.051005 0.000000
vn -0.086014 -0.051005 0.000000
vn -0.095687 -0.029053 0.000000
vn -0.095687 -0.029053 0.000000
vn -0.099853 -0.005429 0.000000
vn -0.099853 -0.005429 0.000000
vn -0.030902 -0.095106 0.000000
vn -0.030902 -0.095106 0.000000
vn -0.096819 0.025021 -0.000000
vn -0.096819 0.025021 -0.000000
vn -0.100000 0.000131 -0.000000
vn -0.100000 0.000131 -0.000000
vn -0.096884 -0.024768 0.000000
vn -0.096884 -0.024768 0.000000
vn -0.087668 -0.048107 0.000000
vn -0.087668 -0.048107 0.000000
vn -0.072933 -0.068417 0.000000
vn -0.072933 -0.068417 0.000000
vn -0.053605 -0.084419 0.000000
vn -0.053605 -0.084419 0.000000
vn -0.093035 0.036667 -0.000000
vn -0.093035 0.036667 -0.000000
vn -0.094455 0.032837 -0.000000
vn -0.094455 0.032837 -0.000000
vn -0.095717 0.028953 -0.000000
vn -0.095717 0.028953 -0.000000
vn 0.030902 0.095106 0.000000
vn 0.030902 0.095106 0.000000
vn 0.006253 0.099804 0.000000
vn 0.006253 0.099804 0.000000
vn -0.018790 0.098219 -0.000000
vn -0.018790 0.098219 -0.000000
vn -0.042649 0.090449 -0.000000
vn -0.042649 0.090449 -0.000000
vn -0.063823 0.076985 -0.000000
vn -0.063823 0.076985 -0.000000
vn -0.080978 0.058673 -0.000000
vn -0.080978 0.058673 -0.000000
vn 0.030902 0.095106 0.000000
vn 0.030902 0.095106 0.000000
vn -0.090383 0.042790 0.000000
vn -0.090383 0.042790 0.000000
vn -0.077591 0.063084 0.000000
vn -0.077591 0.063084 0.000000
vn -0.060335 0.079747 0.000000
vn -0.060335 0.079747 0.000000
vn -0.039607 0.091822 0.000000
vn -0.039607 0.091822 0.000000
vn -0.016600 0.098613 0.000000
vn -0.016600 0.098613 0.000000
vn 0.007363 0.099729 0.000000
vn 0.007363 0.099729 0.000000
vn -0.087743 0.047970 -0.000000
vn -0.087743 0.047970 -0.000000
vn -0.088657 0.046260 -0.000000
vn -0.088657 0.046260 -0.000000
vn -0.089536 0.044534 -0.000000
vn -0.089536 0.044534 -0.000000
vn -0.058779 -0.080902 0.000000
vn -0.058779 -0.080902 0.000000
vn -0.076354 -0.064576 0.000000
vn -0.076354 -0.064576 0.000000
vn -0.089536 -0.044534 0.000000
vn -0.089536 -0.044534 0.000000
vn -0.097566 -0.021929 0.000000
vn -0.097566 -0.021929 0.000000
vn -0.099981 0.001938 0.000000
vn -0.099981 0.001938 0.000000
vn -0.096643 0.025693 0.000000
vn -0.096643 0.025693 0.000000
vn -0.058779 -0.080902 0.000000
vn -0.058779 -0.080902 0.000000
vn -0.084349 0.053715 -0.000000
vn -0.084349 0.053715 -0.000000
vn -0.095065 0.031026 -0.000000
vn -0.095065 0.031026 -0.000000
vn -0.099796 0.006383 -0.000000
vn -0.099796 0.006383 -0.000000
vn -0.098243 -0.018661 0.000000
vn -0.098243 -0.018661 0.000000
vn -0.090505 -0.042531 0.000000
vn -0.090505 -0.042531 0.000000
vn -0.077068 -0.063722 0.000000
vn -0.077068 -0.063722 0.000000
vn -0.077151 0.063621 -0.000000
vn -0.077151 0.063621 -0.000000
vn -0.079685 0.060418 -0.000000
vn -0.079685 0.060418 -0.000000
vn -0.082085 0.057114 -0.000000
vn -0.082085 0.057114 -0.000000
vn 0.058779 0.080902 0.000000
vn 0.058779 0.080902 0.000000
vn 0.036788 0.092987 0.000000
vn 0.036788 0.092987 0.000000
vn 0.012481 0.099218 0.000000
vn 0.012481 0.099218 0.000000
vn -0.012611 0.099202 -0.000000
vn -0.012611 0.099202 -0.000000
vn -0.036910 0.092939 -0.000000
vn -0.036910 0.092939 -0.000000
vn -0.058884 0.080825 -0.000000
vn -0.058884 0.080825 -0.000000
vn 0.058779 0.080902 0.000000
vn 0.058779 0.080902 0.000000
vn -0.072736 0.068625 0.000000
vn -0.072736 0.068625 0.000000
vn -0.054300 0.083973 0.000000
vn -0.054300 0.083973 0.000000
vn -0.032739 0.094489 0.000000
vn -0.032739 0.094489 0.000000
vn -0.009294 0.099567 0.000000
vn -0.009294 0.099567 0.000000
vn 0.014686 0.098916 0.000000
vn 0.014686 0.098916 0.000000
vn 0.037820 0.092572 0.000000
vn 0.037820 0.092572 0.000000
vn -0.068625 0.072736 -0.000000
vn -0.068625 0.072736 -0.000000
vn -0.070022 0.071393 -0.000000
vn -0.070022 0.071393 -0.000000
vn -0.071393 0.070022 -0.000000
vn -0.071393 0.070022 -0.000000
vn -0.080902 -0.058779 0.000000
vn -0.080902 -0.058779 0.000000
vn -0.092572 -0.037820 0.000000
vn -0.092572 -0.037820 0.000000
vn -0.098916 -0.014686 0.000000
vn -0.098916 -0.014686 0.000000
vn -0.099567 0.009294 0.000000
vn -0.099567 0.009294 0.000000
vn -0.094489 0.032739 0.000000
vn -0.094489 0.032739 0.000000
vn -0.083973 0.054300 0.000000
vn -0.083973 0.054300 0.000000
vn -0.080902 -0.058779 0.000000
vn -0.080902 -0.058779 0.000000
vn -0.063621 0.077151 -0.000000
vn -0.063621 0.077151 -0.000000
vn -0.080825 0.058884 -0.000000
vn -0.080825 0.058884 -0.000000
vn -0.092939 0.036910 -0.000000
vn -0.092939 0.036910 -0.000000
vn -0.099202 0.012611 -0.000000
vn -0.099202 0.012611 -0.000000
vn -0.099218 -0.012481 0.000000
vn -0.099218 -0.012481 0.000000
vn -0.092987 -0.036788 0.000000
vn -0.092987 -0.036788 0.000000
vn -0.053715 0.084349 -0.000000
vn -0.053715 0.084349 -0.000000
vn -0.057114 0.082085 -0.000000
vn -0.057114 0.082085 -0.000000
vn -0.060418 0.079685 -0.000000
vn -0.060418 0.079685 -0.000000
vn 0.080902 0.058779 0.000000
vn 0.080902 0.058779 0.000000
vn 0.063722 0.077068 0.000000
vn 0.063722 0.077068 0.000000
vn 0.042531 0.090505 0.000000
vn 0.042531 0.090505 0.000000
vn 0.018661 0.098243 0.000000
vn 0.018661 0.098243 0.000000
vn -0.006383 0.099796 -0.000000
vn -0.006383 0.099796 -0.000000
vn -0.031026 0.095065 -0.000000
vn -0.031026 0.095065 -0.000000
vn 0.080902 0.058779 0.000000
vn 0.080902 0.058779 0.000000
vn -0.047970 0.087743 0.000000
vn -0.047970 0.087743 0.000000
vn -0.025693 0.096643 0.000000
vn -0.025693 0.096643 0.000000
vn -0.001938 0.099981 0.000000
vn -0.001938 0.099981 0.000000
vn 0.021929 0.097566 0.000000
vn 0.021929 0.097566 0.000000
vn 0.044534 0.089536 0.000000
vn 0.044534 0.089536 0.000000
vn 0.064576 0.076354 0.000000
vn 0.064576 0.076354 0.000000
vn -0.042790 0.090383 -0.000000
vn -0.042790 0.090383 -0.000000
vn -0.044534 0.089536 -0.000000
vn -0.044534 0.089536 -0.000000
vn -0.046260 0.088657 -0.000000
vn -0.046260 0.088657 -0.000000
vn -0.095106 -0.030902 0.000000
vn -0.095106 -0.030902 0.000000
vn -0.099729 -0.007363 0.000000
vn -0.099729 -0.007363 0.000000
vn -0.098613 0.016600 0.000000
vn -0.098613 0.016600 0.000000
vn -0.091822 0.039607 0.000000
vn -0.091822 0.039607 0.000000
vn -0.079747 0.060335 0.000000
vn -0.079747 0.060335 0.000000
vn -0.063084 0.077591 0.000000
vn -0.063084 0.077591 0.000000
vn -0.095106 -0.030902 0.000000
vn -0.095106 -0.030902 0.000000
vn -0.036667 0.093035 -0.000000
vn -0.036667 0.093035 -0.000000
vn -0.058673 0.080978 -0.000000
vn -0.058673 0.080978 -0.000000
vn -0.076985 0.063823 -0.000000
vn -0.076985 0.063823 -0.000000
vn -0.090449 0.042649 -0.000000
vn -0.090449 0.042649 -0.000000
vn -0.098219 0.018790 -0.000000
vn -0.098219 0.018790 -0.000000
vn -0.099804 -0.006253 0.000000
vn -0.099804 -0.006253 0.000000
vn -0.025021 0.096819 -0.000000
vn -0.025021 0.096819 -0.000000
vn -0.028953 0.095717 -0.000000
vn -0.028953 0.095717 -0.000000
vn -0.032837 0.094455 -0.000000
vn -0.032837 0.094455 -0.000000
vn 0.095106 0.030902 0.000000
vn 0.095106 0.030902 0.000000
vn 0.084419 0.053605 0.000000
vn 0.084419 0.053605 0.000000
vn 0.068417 0.072933 0.000000
vn 0.068417 0.072933 0.000000
vn 0.048107 0.087668 0.000000
vn 0.048107 0.087668 0.000000
vn 0.024768 0.096884 0.000000
vn 0.024768 0.096884 0.000000
vn -0.000131 0.100000 -0.000000
vn -0.000131 0.100000 -0.000000
vn 0.095106 0.030902 0.000000
vn 0.095106 0.030902 0.000000
vn -0.018508 0.098272 0.000000
vn -0.018508 0.098272 0.000000
vn 0.005429 0.099853 0.000000
vn 0.005429 0.099853 0.000000
vn 0.029053 0.095687 0.000000
vn 0.029053 0.095687 0.000000
vn 0.051005 0.086014 0.000000
vn 0.051005 0.086014 0.000000
vn 0.070022 0.071393 0.000000
vn 0.070022 0.071393 0.000000
vn 0.085010 0.052662 0.000000
vn 0.085010 0.052662 0.000000
vn -0.012766 0.099182 -0.000000
vn -0.012766 0.099182 -0.000000
vn -0.014686 0.098916 -0.000000
vn -0.014686 0.098916 -0.000000
vn -0.016600 0.098613 -0.000000
vn -0.016600 0.098613 -0.000000
vn -0.100000 0.000000 0.000000
vn -0.100000 0.000000 0.000000
vn -0.097123 0.023815 0.000000
vn -0.097123 0.023815 0.000000
vn -0.088657 0.046260 0.000000
vn -0.088657 0.046260 0.000000
vn -0.075089 0.066043 0.000000
vn -0.075089 0.066043 0.000000
vn -0.057200 0.082026 0.000000
vn -0.057200 0.082026 0.000000
vn -0.036019 0.093288 0.000000
vn -0.036019 0.093288 0.000000
vn -0.100000 0.000000 0.000000
vn -0.100000 0.000000 0.000000
vn -0.006122 0.099812 -0.000000
vn -0.006122 0.099812 -0.000000
vn -0.030777 0.095146 -0.000000
vn -0.030777 0.095146 -0.000000
vn -0.053494 0.084489 -0.000000
vn -0.053494 0.084489 -0.000000
vn -0.072843 0.068512 -0.000000
vn -0.072843 0.068512 -0.000000
vn -0.087605 0.048221 -0.000000
vn -0.087605 0.048221 -0.000000
vn -0.096852 0.024894 -0.000000
vn -0.096852 0.024894 -0.000000
vn 0.006122 0.099812 0.000000
vn 0.006122 0.099812 0.000000
vn 0.002042 0.099979 0.000000
vn 0.002042 0.099979 0.000000
vn -0.002042 0.099979 -0.000000
vn -0.002042 0.099979 -0.000000
vn 0.100000 -0.000000 0.000000
vn 0.100000 -0.000000 0.000000
vn 0.096852 0.024894 0.000000
vn 0.096852 0.024894 0.000000
vn 0.087605 0.048221 0.000000
vn 0.087605 0.048221 0.000000
vn 0.072843 0.068512 0.000000
vn 0.072843 0.068512 0.000000
vn 0.053494 0.084489 0.000000
vn 0.053494 0.084489 0.000000
vn 0.030777 0.095146 0.000000
vn 0.030777 0.095146 0.000000
vn 0.100000 -0.000000 0.000000
vn 0.100000 -0.000000 0.000000
vn 0.012766 0.099182 0.000000
vn 0.012766 0.099182 0.000000
vn 0.036019 0.093288 0.000000
vn 0.036019 0.093288 0.000000
vn 0.057200 0.082026 0.000000
vn 0.057200 0.082026 0.000000
vn 0.075089 0.066043 0.000000
vn 0.075089 0.066043 0.000000
vn 0.088657 0.046260 0.000000
vn 0.088657 0.046260 0.000000
vn 0.097123 0.023815 0.000000
vn 0.097123 0.023815 0.000000
vn 0.018508 0.098272 0.000000
vn 0.018508 0.098272 0.000000
vn 0.016600 0.098613 0.000000
vn 0.016600 0.098613 0.000000
vn 0.014686 0.098916 0.000000
vn 0.014686 0.098916 0.000000
vn -0.095106 0.030902 0.000000
vn -0.095106 0.030902 0.000000
vn -0.085010 0.052662 0.000000
vn -0.085010 0.052662 0.000000
vn -0.070022 0.071393 0.000000
vn -0.070022 0.071393 0.000000
vn -0.051005 0.086014 0.000000
vn -0.051005 0.086014 0.000000
vn -0.029053 0.095687 0.000000
vn -0.029053 0.095687 0.000000
vn -0.005429 0.099853 0.000000
vn -0.005429 0.099853 0.000000
vn -0.095106 0.030902 0.000000
vn -0.095106 0.030902 0.000000
vn 0.025021 0.096819 0.000000
vn 0.025021 0.096819 0.000000
vn 0.000131 0.100000 0.000000
vn 0.000131 0.100000 0.000000
vn -0.024768 0.096884 -0.000000
vn -0.024768 0.096884 -0.000000
vn -0.048107 0.087668 -0.000000
vn -0.048107 0.087668 -0.000000
vn -0.068417 0.072933 -0.000000
vn -0.068417 0.072933 -0.000000
vn -0.084419 0.053605 -0.000000
vn -0.084419 0.053605 -0.000000
vn 0.036667 0.093035 0.000000
vn 0.036667 0.093035 0.000000
vn 0.032837 0.094455 0.000000
vn 0.032837 0.094455 0.000000
vn 0.028953 0.095717 0.000000
vn 0.028953 0.095717 0.000000
vn 0.095106 -0.030902 0.000000
vn 0.095106 -0.030902 0.000000
vn 0.099804 -0.006253 0.000000
vn 0.099804 -0.006253 0.000000
vn 0.098219 0.018790 0.000000
vn 0.098219 0.018790 0.000000
vn 0.090449 0.042649 0.000000
vn 0.090449 0.042649 0.000000
vn 0.076985 0.063823 0.000000
vn 0.076985 0.063823 0.000000
vn 0.058673 0.080978 0.000000
vn 0.058673 0.080978 0.000000
vn 0.095106 -0.030902 0.000000
vn 0.095106 -0.030902 0.000000
vn 0.042790 0.090383 0.000000
vn 0.042790 0.090383 0.000000
vn 0.063084 0.077591 0.000000
vn 0.063084 0.077591 0.000000
vn 0.079747 0.060335 0.000000
vn 0.079747 0.060335 0.000000
vn 0.091822 0.039607 0.000000
vn 0.091822 0.039607 0.000000
vn 0.098613 0.016600 0.000000
vn 0.098613 0.016600 0.000000
vn 0.099729 -0.007363 0.000000
vn 0.099729 -0.007363 0.000000
vn 0.047970 0.087743 0.000000
vn 0.047970 0.087743 0.000000
vn 0.046260 0.088657 0.000000
vn 0.046260 0.088657 0.000000
vn 0.044534 0.089536 0.000000
vn 0.044534 0.089536 0.000000
vn -0.080902 0.058779 0.000000
vn -0.080902 0.058779 0.000000
vn -0.064576 0.076354 0.000000
vn -0.064576 0.076354 0.000000
vn -0.044534 0.089536 0.000000
vn -0.044534 0.089536 0.000000
vn -0.021929 0.097566 0.000000
vn -0.021929 0.097566 0.000000
vn 0.001938 0.099981 0.000000
vn 0.001938 0.099981 0.000000
vn 0.025693 0.096643 0.000000
vn 0.025693 0.096643 0.000000
vn -0.080902 0.058779 0.000000
vn -0.080902 0.058779 0.000000
vn 0.053715 0.084349 0.000000
vn 0.053715 0.084349 0.000000
vn 0.031026 0.095065 0.000000
vn 0.031026 0.095065 0.000000
vn 0.006383 0.099796 0.000000
vn 0.006383 0.099796 0.000000
vn -0.018661 0.098243 -0.000000
vn -0.018661 0.098243 -0.000000
vn -0.042531 0.090505 -0.000000
vn -0.042531 0.090505 -0.000000
vn -0.063722 0.077068 -0.000000
vn -0.063722 0.077068 -0.000000
vn 0.063621 0.077151 0.000000
vn 0.063621 0.077151 0.000000
vn 0.060418 0.079685 0.000000
vn 0.060418 0.079685 0.000000
vn 0.057114 0.082085 0.000000
vn 0.057114 0.082085 0.000000
vn 0.080902 -0.058779 0.000000
vn 0.080902 -0.058779 0.000000
vn 0.092987 -0.036788 0.000000
vn 0.092987 -0.036788 0.000000
vn 0.099218 -0.012481 0.000000
vn 0.099218 -0.012481 0.000000
vn 0.099202 0.012611 0.000000
vn 0.099202 0.012611 0.000000
vn 0.092939 0.036910 0.000000
vn 0.092939 0.036910 0.000000
vn 0.080825 0.058884 0.000000
vn 0.080825 0.058884 0.000000
vn 0.080902 -0.058779 0.000000
vn 0.080902 -0.058779 0.000000
vn 0.068625 0.072736 0.000000
vn 0.068625 0.072736 0.000000
vn 0.083973 0.054300 0.000000
vn 0.083973 0.054300 0.000000
vn 0.094489 0.032739 0.000000
vn 0.094489 0.032739 0.000000
vn 0.099567 0.009294 0.000000
vn 0.099567 0.009294 0.000000
vn 0.098916 -0.014686 0.000000
vn 0.098916 -0.014686 0.000000
vn 0.092572 -0.037820 0.000000
vn 0.092572 -0.037820 0.000000
vn 0.072736 0.068625 0.000000
vn 0.072736 0.068625 0.000000
vn 0.071393 0.070022 0.000000
vn 0.071393 0.070022 0.000000
vn 0.070022 0.071393 0.000000
vn 0.070022 0.071393 0.000000
vn -0.058779 0.080902 0.000000
vn -0.058779 0.080902 0.000000
vn -0.037820 0.092572 0.000000
vn -0.037820 0.092572 0.000000
vn -0.014686 0.098916 0.000000
vn -0.014686 0.098916 0.000000
vn 0.009294 0.099567 0.000000
vn 0.009294 0.099567 0.000000
vn 0.032739 0.094489 0.000000
vn 0.032739 0.094489 0.000000
vn 0.054300 0.083973 0.000000
vn 0.054300 0.083973 0.000000
vn -0.058779 0.080902 0.000000
vn -0.058779 0.080902 0.000000
vn 0.077151 0.063621 0.000000
vn 0.077151 0.063621 0.000000
vn 0.058884 0.080825 0.000000
vn 0.058884 0.080825 0.000000
vn 0.036910 0.092939 0.000000
vn 0.036910 0.092939 0.000000
vn 0.012611 0.099202 0.000000
vn 0.012611 0.099202 0.000000
vn -0.012481 0.099218 -0.000000
vn -0.012481 0.099218 -0.000000
vn -0.036788 0.092987 -0.000000
vn -0.036788 0.092987 -0.000000
vn 0.084349 0.053715 0.000000
vn 0.084349 0.053715 0.000000
vn 0.082085 0.057114 0.000000
vn 0.082085 0.057114 0.000000
vn 0.079685 0.060418 0.000000
vn 0.079685 0.060418 0.000000
vn 0.077068 -0.063722 0.000000
vn 0.077068 -0.063722 0.000000
vn 0.090505 -0.042531 0.000000
vn 0.090505 -0.042531 0.000000
vn 0.098243 -0.018661 0.000000
vn 0.098243 -0.018661 0.000000
vn 0.099796 0.006383 0.000000
vn 0.099796 0.006383 0.000000
vn 0.095065 0.031026 0.000000
vn 0.095065 0.031026 0.000000
vn 0.000000 0.000000 0.100000
vn 0.000000 0.000000 0.100000
vn 0.000000 0.000000 0.100000
vn 0.000000 0.000000 0.100000
vn 0.000000 0.000000 0.100000
vn 0.000000 0.000000 0.100000
vn 0.000000 0.000000 0.100000
vn 0.000000 0.000000 0.100000
vn 0.000000 0.000000 0.100000
vn 0.000000 0.000000 0.100000
vn 0.000000 0.000000 0.100000
vn 0.000000 0.000000 0.100000
vn 0.000000 0.000000 0.100000
vn 0.000000 0.000000 0.100000
vn 0.000000 0.000000 0.100000
vn 0.000000 0.000000 0.100000
vn 0.000000 0.000000 0.100000
vn 0.000000 0.000000 0.100000
vn 0.000000 0.000000 0.100000
vn 0.000000 0.000000 0.100000
vn 0.000000 0.000000 0.100000
vn 0.000000 0.000000 0.100000
vn 0.000000 0.000000 0.100000
vn 0.000000 0.000000 0.100000
vn 0.000000 0.000000 0.100000
vn 0.000000 0.000000 0.100000
vn 0.000000 0.000000 0.100000
vn 0.000000 0.000000 0.100000
vn 0.000000 0.000000 0.100000
vn 0.000000 0.000000 0.100000
vn 0.000000 0.000000 0.100000
vn 0.000000 0.000000 0.100000
vn 0.000000 0.000000 0.100000
vn 0.000000 0.000000 0.100000
vn 0.000000 0.000000 0.100000
vn 0.000000 0.000000 0.100000
vn 0.000000 0.000000 0.100000
vn 0.000000 0.000000 0.100000
vn 0.000000 0.000000 0.100000
vn 0.000000 0.000000 0.100000
vn 0.000000 0.000000 0.100000
vn 0.000000 0.000000 0.100000
vn 0.000000 0.000000 0.100000
vn 0.000000 0.000000 0.100000
vn 0.000000 0.000000 0.100000
vn 0.000000 0.000000 0.100000
vn 0.000000 0.000000 0.100000
vn 0.000000 0.000000 0.100000
vn 0.000000 0.000000 0.100000
vn 0.000000 0.000000 0.100000
vn 0.000000 0.000000 0.100000
vn 0.000000 0.000000 0.100000
vn 0.000000 0.000000 0.100000
vn 0.000000 0.000000 0.100000
vn 0.000000 0.000000 0.100000
vn 0.000000 0.000000 0.100000
vn 0.000000 0.000000 0.100000
vn 0.000000 0.000000 0.100000
vn 0.000000 0.000000 0.100000
vn 0.000000 0.000000 0.100000
vn 0.000000 0.000000 0.100000
vn 0.000000 0.000000 0.100000
vn 0.000000 0.000000 0.100000
vn 0.000000 0.000000 0.100000
vn 0.000000 0.000000 0.100000
vn 0.000000 0.000000 0.100000
vn 0.000000 0.000000 0.100000
vn 0.000000 0.000000 0.100000
vn 0.000000 0.000000 0.100000
vn 0.000000 0.000000 0.100000
vn 0.000000 0.000000 0.100000
vn 0.000000 0.000000 0.100000
vn 0.000000 0.000000 0.100000
vn 0.000000 0.000000 0.100000
vn 0.000000 0.000000 0.100000
vn 0.000000 0.000000 0.100000
vn 0.000000 0.000000 0.100000
vn 0.000000 0.000000 0.100000
vn 0.000000 0.000000 0.100000
vn 0.000000 0.000000 0.100000
vn 0.000000 0.000000 0.100000
vn 0.000000 0.000000 0.100000
vn 0.000000 0.000000 0.100000
vn 0.000000 0.000000 0.100000
vn 0.000000 0.000000 0.100000
vn 0.000000 0.000000 0.100000
vn 0.000000 0.000000 0.100000
vn 0.000000 0.000000 0.100000
vn 0.000000 0.000000 0.100000
vn 0.000000 0.000000 0.100000
vn 0.000000 0.000000 0.100000
vn 0.000000 0.000000 0.100000
vn 0.000000 0.000000 0.100000
vn 0.000000 0.000000 0.100000
vn 0.000000 0.000000 0.100000
vn 0.000000 0.000000 0.100000
vn 0.000000 0.000000 0.100000
vn 0.000000 0.000000 0.100000
vn 0.000000 0.000000 0.100000
vn 0.000000 0.000000 0.100000
vn 0.000000 0.000000 0.100000
vn 0.000000 0.000000 0.100000
vn 0.000000 0.000000 0.100000
vn 0.000000 0.000000 0.100000
vn 0.000000 0.000000 0.100000
vn 0.000000 0.000000 0.100000
vn 0.000000 0.000000 0.100000
vn 0.000000 0.000000 0.100000
vn 0.000000 0.000000 0.100000
vn 0.000000 0.000000 0.100000
vn 0.000000 0.000000 0.100000
vn 0.000000 0.000000 0.100000
vn 0.000000 0.000000 0.100000
vn 0.000000 0.000000 0.100000
vn 0.000000 0.000000 0.100000
vn 0.000000 0.000000 0.100000
vn 0.000000 0.000000 0.100000
vn 0.000000 0.000000 0.100000
vn 0.000000 0.000000 0.100000
vn 0.000000 0.000000 0.100000
vn 0.000000 0.000000 0.100000
vn 0.000000 0.000000 0.100000
vn 0.000000 0.000000 0.100000
vn 0.000000 0.000000 0.100000
vn 0.000000 0.000000 0.100000
vn 0.000000 0.000000 0.100000
vn 0.000000 0.000000 0.100000
vn 0.000000 0.000000 0.100000
vn 0.000000 0.000000 0.100000
vn 0.000000 0.000000 0.100000
vn 0.000000 0.000000 0.100000
vn 0.000000 0.000000 0.100000
vn 0.000000 0.000000 0.100000
vn 0.000000 0.000000 0.100000
vn 0.000000 0.000000 0.100000
vn 0.000000 0.000000 0.100000
vn 0.000000 0.000000 0.100000
vn 0.000000 0.000000 0.100000
vn 0.000000 0.000000 0.100000
vn 0.000000 0.000000 0.100000
vn 0.000000 0.000000 0.100000
vn 0.000000 0.000000 0.100000
vn 0.000000 0.000000 0.100000
vn 0.000000 0.000000 0.100000
vn 0.000000 0.000000 0.100000
vn 0.000000 0.000000 0.100000
vn 0.000000 0.000000 0.100000
vn 0.000000 0.000000 0.100000
vn 0.000000 0.000000 0.100000
vn 0.000000 0.000000 0.100000
vn 0.000000 0.000000 0.100000
vn 0.000000 0.000000 0.100000
vn 0.000000 0.000000 0.100000
vn 0.000000 0.000000 0.100000
vn 0.000000 0.000000 0.100000
vn 0.000000 0.000000 0.100000
vn 0.000000 0.000000 0.100000
vn 0.000000 0.000000 0.100000
vn 0.000000 0.000000 0.100000
vn 0.000000 0.000000 0.100000
vn 0.000000 0.000000 0.100000
vn 0.000000 0.000000 0.100000
vn 0.000000 0.000000 0.100000
vn 0.000000 0.000000 0.100000
vn 0.000000 0.000000 0.100000
vn 0.000000 0.000000 0.100000
vn 0.000000 0.000000 0.100000
vn 0.000000 0.000000 0.100000
vn 0.000000 0.000000 0.100000
vn 0.000000 0.000000 0.100000
vn 0.000000 0.000000 0.100000
vn 0.000000 0.000000 0.100000
vn 0.000000 0.000000 0.100000
vn 0.000000 0.000000 0.100000
vn 0.000000 0.000000 0.100000
vn 0.000000 0.000000 0.100000
vn 0.000000 0.000000 0.100000
vn 0.000000 0.000000 0.100000
vn 0.000000 0.000000 0.100000
vn 0.000000 0.000000 0.100000
vn 0.000000 0.000000 0.100000
vn 0.000000 0.000000 0.100000
vn 0.000000 0.000000 0.100000
vn 0.000000 0.000000 0.100000
vn 0.000000 0.000000 0.100000
vn 0.000000 0.000000 0.100000
vn 0.000000 0.000000 0.100000
vn 0.000000 0.000000 0.100000
vn 0.000000 0.000000 0.100000
vn 0.000000 0.000000 0.100000
vn 0.000000 0.000000 0.100000
vn 0.000000 0.000000 0.100000
vn 0.000000 0.000000 0.100000
vn 0.000000 0.000000 0.100000
vn 0.000000 0.000000 0.100000
vn 0.000000 0.000000 0.100000
vn 0.000000 0.000000 0.100000
vn 0.000000 0.000000 0.100000
vn 0.000000 0.000000 0.100000
vn 0.000000 0.000000 0.100000
vn 0.000000 0.000000 0.100000
vn 0.000000 0.000000 0.100000
vn 0.000000 0.000000 0.100000
vn 0.000000 0.000000 0.100000
vn 0.000000 0.000000 0.100000
vn 0.000000 0.000000 0.100000
vn 0.000000 0.000000 0.100000
vn 0.000000 0.000000 0.100000
vn 0.000000 0.000000 0.100000
vn 0.000000 0.000000 0.100000
vn 0.000000 0.000000 0.100000
vn 0.000000 0.000000 0.100000
vn 0.000000 0.000000 0.100000
vn 0.000000 0.000000 0.100000
vn 0.000000 0.000000 0.100000
vn 0.000000 0.000000 0.100000
vn 0.000000 0.000000 0.100000
vn 0.000000 0.000000 0.100000
vn 0.000000 0.000000 0.100000
vn 0.000000 0.000000 0.100000
vn 0.000000 0.000000 0.100000
vn 0.000000 0.000000 0.100000
vn 0.000000 0.000000 0.100000
vn 0.000000 0.000000 0.100000
vn 0.000000 0.000000 0.100000
vn 0.000000 0.000000 0.100000
vn 0.000000 0.000000 0.100000
vn 0.000000 0.000000 0.100000
vn 0.000000 0.000000 0.100000
vn 0.000000 0.000000 0.100000
vn 0.000000 0.000000 0.100000
vn 0.000000 0.000000 0.100000
vn 0.000000 0.000000 0.100000
vn 0.000000 0.000000 0.100000
vn 0.000000 0.000000 0.100000
vn 0.000000 0.000000 0.100000
vn 0.000000 0.000000 0.100000
vn 0.000000 0.000000 0.100000
vn 0.000000 0.000000 0.100000
vn 0.000000 0.000000 0.100000
vn 0.000000 0.000000 0.100000
vn 0.000000 0.000000 0.100000
vn 0.000000 0.000000 0.100000
vn 0.000000 0.000000 0.100000
vn 0.000000 0.000000 0.100000
vn 0.000000 0.000000 0.100000
vn 0.000000 0.000000 0.100000
vn 0.000000 0.000000 0.100000
vn 0.000000 0.000000 0.100000
vn 0.000000 0.000000 0.100000
vn 0.000000 0.000000 0.100000
vn 0.000000 0.000000 0.100000
vn 0.000000 0.000000 0.100000
vn 0.000000 0.000000 0.100000
vn 0.000000 0.000000 0.100000
vn 0.000000 0.000000 0.100000
vn 0.000000 0.000000 0.100000
vn 0.000000 0.000000 0.100000
vn 0.000000 0.000000 0.100000
vn 0.000000 0.000000 0.100000
vn 0.000000 0.000000 0.100000
vn 0.000000 0.000000 0.100000
vn 0.000000 0.000000 0.100000
vn 0.000000 0.000000 0.100000
vn 0.000000 0.000000 0.100000
vn 0.000000 0.000000 0.100000
vn 0.000000 0.000000 0.100000
vn 0.000000 0.000000 0.100000
vn 0.000000 0.000000 0.100000
vn 0.000000 0.000000 0.100000
vn 0.000000 0.000000 0.100000
vn 0.000000 0.000000 0.100000
vn 0.000000 0.000000 0.100000
vn 0.000000 0.000000 0.100000
vn 0.000000 0.000000 0.100000
vn 0.000000 0.000000 0.100000
vn 0.000000 0.000000 0.100000
vn 0.000000 0.000000 0.100000
vn 0.000000 0.000000 0.100000
vn 0.000000 0.000000 0.100000
vn 0.000000 0.000000 0.100000
vn 0.000000 0.000000 0.100000
vn 0.000000 0.000000 0.100000
vn 0.000000 0.000000 0.100000
vn 0.000000 0.000000 0.100000
vn 0.000000 0.000000 0.100000
vn 0.000000 0.000000 0.100000
vn 0.000000 0.000000 0.100000
vn 0.000000 0.000000 0.100000
vn 0.000000 0.000000 0.100000
vn 0.000000 0.000000 0.100000
vn 0.000000 0.000000 0.100000
vn 0.000000 0.000000 0.100000
vn 0.000000 0.000000 0.100000
vn 0.000000 0.000000 0.100000
vn 0.000000 0.000000 0.100000
vn 0.000000 0.000000 0.100000
vn 0.000000 0.000000 0.100000
vn 0.000000 0.000000 0.100000
vn 0.000000 0.000000 0.100000
vn 0.000000 0.000000 0.100000
vn 0.000000 0.000000 0.100000
vn 0.000000 0.000000 0.100000
vn 0.000000 0.000000 0.100000
vn 0.000000 0.000000 0.100000
vn 0.000000 0.000000 0.100000
vn 0.000000 0.000000 0.100000
vn 0.000000 0.000000 0.100000
vn 0.000000 0.000000 0.100000
vn 0.000000 0.000000 0.100000
vn 0.000000 0.000000 0.100000
vn 0.000000 0.000000 0.100000
vn 0.000000 0.000000 0.100000
vn 0.000000 0.000000 0.100000
vn 0.000000 0.000000 0.100000
vn 0.000000 0.000000 0.100000
vn 0.000000 0.000000 0.100000
vn 0.000000 0.000000 0.100000
vn 0.000000 0.000000 0.100000
vn 0.000000 0.000000 0.100000
vn 0.000000 0.000000 0.100000
vn 0.000000 0.000000 0.100000
vn 0.000000 0.000000 0.100000
vn 0.000000 0.000000 0.100000
vn 0.000000 0.000000 0.100000
vn 0.000000 0.000000 0.100000
vn 0.000000 0.000000 0.100000
vn 0.000000 0.000000 0.100000
vn 0.000000 0.000000 0.100000
vn 0.000000 0.000000 0.100000
vn 0.000000 0.000000 0.100000
vn 0.000000 0.000000 0.100000
vn 0.000000 0.000000 0.100000
vn 0.000000 0.000000 0.100000
vn 0.000000 0.000000 0.100000
vn 0.000000 0.000000 0.100000
vn 0.000000 0.000000 0.100000
vn 0.000000 0.000000 0.100000
vn 0.000000 0.000000 0.100000
vn 0.000000 0.000000 0.100000
vn 0.000000 0.000000 0.100000
vn 0.000000 0.000000 0.100000
vn 0.000000 0.000000 0.100000
vn 0.000000 0.000000 0.100000
vn 0.000000 0.000000 0.100000
vn 0.000000 0.000000 0.100000
vn 0.000000 0.000000 0.100000
vn 0.000000 0.000000 0.100000
vn 0.000000 0.000000 0.100000
vn 0.000000 0.000000 0.100000
vn 0.000000 0.000000 0.100000
vn 0.000000 0.000000 0.100000
vn 0.000000 0.000000 0.100000
vn 0.000000 0.000000 0.100000
vn 0.000000 0.000000 0.100000
vn 0.000000 0.000000 0.100000
vn 0.000000 0.000000 0.100000
vn 0.000000 0.000000 0.100000
vn 0.000000 0.000000 0.100000
vn 0.000000 0.000000 0.100000
vn 0.000000 0.000000 0.100000
vn 0.000000 0.000000 0.100000
vn 0.000000 0.000000 0.100000
vn 0.000000 0.000000 0.100000
vn 0.000000 0.000000 0.100000
vn 0.000000 0.000000 0.100000
vn 0.000000 0.000000 0.100000
vn 0.000000 0.000000 0.100000
vn 0.000000 0.000000 0.100000
vn 0.000000 0.000000 0.100000
vn 0.000000 0.000000 0.100000
vn 0.000000 0.000000 0.100000
vn 0.000000 0.000000 0.100000
vn 0.000000 0.000000 0.100000
vn 0.000000 0.000000 0.100000
vn 0.000000 0.000000 0.100000
vn 0.000000 0.000000 0.100000
vn 0.000000 0.000000 0.100000
vn 0.000000 0.000000 0.100000
vn 0.000000 0.000000 0.100000
vn 0.000000 0.000000 0.100000
vn 0.000000 0.000000 0.100000
vn 0.000000 0.000000 0.100000
vn 0.000000 0.000000 0.100000
vn 0.000000 0.000000 0.100000
vn 0.000000 0.000000 0.100000
vn 0.000000 0.000000 0.100000
vn 0.000000 0.000000 0.100000
vn 0.000000 0.000000 0.100000
vn 0.000000 0.000000 0.100000
vn 0.000000 0.000000 0.100000
vn 0.000000 0.000000 0.100000
vn 0.000000 0.000000 0.100000
vn 0.000000 0.000000 0.100000
vn 0.000000 0.000000 0.100000
vn 0.000000 0.000000 0.100000
vn 0.000000 0.000000 0.100000
vn 0.000000 0.000000 0.100000
vn 0.000000 0.000000 0.100000
vn 0.000000 0.000000 0.100000
vn 0.000000 0.000000 0.100000
vn 0.000000 0.000000 0.100000
vn 0.000000 0.000000 0.100000
vn 0.000000 0.000000 0.100000
vn 0.000000 0.000000 0.100000
vn 0.000000 0.000000 0.100000
vn 0.000000 0.000000 0.100000
vn 0.000000 0.000000 0.100000
vn 0.000000 0.000000 0.100000
vn 0.000000 0.000000 0.100000
vn 0.000000 0.000000 0.100000
vn 0.000000 0.000000 0.100000
vn 0.000000 0.000000 0.100000
vn 0.000000 0.000000 0.100000
vn 0.000000 0.000000 0.100000
vn 0.000000 0.000000 0.100000
vn 0.000000 0.000000 0.100000
vn 0.000000 0.000000 0.100000
vn 0.000000 0.000000 0.100000
vn 0.000000 0.000000 0.100000
vn 0.000000 0.000000 0.100000
vn 0.000000 0.000000 0.100000
vn 0.000000 0.000000 0.100000
vn 0.000000 0.000000 0.100000
vn 0.000000 0.000000 0.100000
vn 0.000000 0.000000 0.100000
vn 0.000000 0.000000 0.100000
vn 0.000000 0.000000 0.100000
vn 0.000000 0.000000 0.100000
vn 0.000000 0.000000 0.100000
vn 0.000000 0.000000 0.100000
vn 0.000000 0.000000 0.100000
vn 0.000000 0.000000 0.100000
vn 0.000000 0.000000 0.100000
vn 0.000000 0.000000 0.100000
vn 0.000000 0.000000 0.100000
vn 0.000000 0.000000 0.100000
vn 0.000000 0.000000 0.100000
vn 0.000000 0.000000 0.100000
vn 0.000000 0.000000 0.100000
vn 0.000000 0.000000 0.100000
vn 0.000000 0.000000 0.100000
vn 0.000000 0.000000 0.100000
vn 0.000000 0.000000 0.100000
vn 0.000000 0.000000 0.100000
vn 0.000000 0.000000 0.100000
vn 0.000000 0.000000 0.100000
vn 0.000000 0.000000 0.100000
vn 0.000000 0.000000 0.100000
vn 0.000000 0.000000 0.100000
vn 0.000000 0.000000 0.100000
vn 0.000000 0.000000 0.100000
vn 0.000000 0.000000 0.100000
vn 0.000000 0.000000 0.100000
vn 0.000000 0.000000 0.100000
vn 0.000000 0.000000 0.100000
vn 0.000000 0.000000 0.100000
vn 0.000000 0.000000 0.100000
vn 0.000000 0.000000 0.100000
vn 0.000000 0.000000 0.100000
vn 0.000000 0.000000 0.100000
vn 0.000000 0.000000 0.100000
vn 0.000000 0.000000 0.100000
vn 0.000000 0.000000 0.100000
vn 0.000000 0.000000 0.100000
vn 0.000000 0.000000 0.100000
vn 0.000000 0.000000 0.100000
vn 0.000000 0.000000 0.100000
vn 0.000000 0.000000 0.100000
vn 0.000000 0.000000 0.100000
vn 0.000000 0.000000 0.100000
vn 0.000000 0.000000 0.100000
vn 0.000000 0.000000 0.100000
vn 0.000000 0.000000 0.100000
vn 0.000000 0.000000 0.100000
vn 0.000000 0.000000 0.100000
vn 0.000000 0.000000 0.100000
vn 0.000000 0.000000 0.100000
vn 0.000000 0.000000 0.100000
vn 0.000000 0.000000 0.100000
vn 0.000000 0.000000 0.100000
vn 0.000000 0.000000 0.100000
vn 0.000000 0.000000 0.100000
vn 0.000000 0.000000 0.100000
vn 0.000000 0.000000 0.100000
vn 0.000000 0.000000 0.100000
vn 0.000000 0.000000 0.100000
vn 0.000000 0.000000 0.100000
vn 0.000000 0.000000 0.100000
vn 0.000000 0.000000 0.100000
vn 0.000000 0.000000 0.100000
vn 0.000000 0.000000 0.100000
vn 0.000000 0.000000 0.100000
vn 0.000000 0.000000 0.100000
vn 0.000000 0.000000 0.100000
vn 0.000000 0.000000 0.100000
vn 0.000000 0.000000 0.100000
vn 0.000000 0.000000 0.100000
vn 0.000000 0.000000 0.100000
vn 0.000000 0.000000 0.100000
vn 0.000000 0.000000 0.100000
vn 0.000000 0.000000 0.100000
vn 0.000000 0.000000 0.100000
vn 0.000000 0.000000 0.100000
vn 0.000000 0.000000 0.100000
vn 0.000000 0.000000 0.100000
vn 0.000000 0.000000 0.100000
vn 0.000000 0.000000 0.100000
vn 0.000000 0.000000 0.100000
vn 0.000000 0.000000 0.100000
vn 0.000000 0.000000 0.100000
vn 0.000000 0.000000 0.100000
vn 0.000000 0.000000 0.100000
vn 0.000000 0.000000 0.100000
vn 0.000000 0.000000 0.100000
vn 0.000000 0.000000 0.100000
vn 0.000000 0.000000 0.100000
vn 0.000000 0.000000 0.100000
vn 0.000000 0.000000 0.100000
vn 0.000000 0.000000 0.100000
vn 0.000000 0.000000 0.100000
vn 0.000000 0.000000 0.100000
vn 0.000000 0.000000 0.100000
vn 0.000000 0.000000 0.100000
vn 0.000000 0.000000 0.100000
vn 0.000000 0.000000 0.100000
vn 0.000000 0.000000 0.100000
vn 0.000000 0.000000 0.100000
vn 0.000000 0.000000 0.100000
vn 0.000000 0.000000 0.100000
vn 0.000000 0.000000 0.100000
vn 0.000000 0.000000 0.100000
vn 0.000000 0.000000 0.100000
vn 0.000000 0.000000 0.100000
vn 0.000000 0.000000 0.100000
vn 0.000000 0.000000 0.100000
vn 0.000000 0.000000 0.100000
vn 0.000000 0.000000 0.100000
vn 0.000000 0.000000 0.100000
vn 0.000000 0.000000 0.100000
vn 0.000000 0.000000 0.100000
vn 0.000000 0.000000 0.100000
vn 0.000000 0.000000 0.100000
vn 0.000000 0.000000 0.100000
vn 0.000000 0.000000 0.100000
vn 0.000000 0.000000 0.100000
vn 0.000000 0.000000 0.100000
vn 0.000000 0.000000 0.100000
vn 0.000000 0.000000 0.100000
vn 0.000000 0.000000 0.100000
vn 0.000000 0.000000 0.100000
vn 0.000000 0.000000 0.100000
vn 0.000000 0.000000 0.100000
vn 0.000000 0.000000 0.100000
vn 0.000000 0.000000 0.100000
vn 0.000000 0.000000 0.100000
vn 0.000000 0.000000 0.100000
vn 0.000000 0.000000 0.100000
vn 0.000000 0.000000 0.100000
vn 0.000000 0.000000 0.100000
vn 0.000000 0.000000 0.100000
vn 0.000000 0.000000 0.100000
vn 0.000000 0.000000 0.100000
vn 0.000000 0.000000 0.100000
vn 0.000000 0.000000 0.100000
vn 0.000000 0.000000 0.100000
vn 0.000000 0.000000 0.100000
vn 0.000000 0.000000 0.100000
vn 0.000000 0.000000 0.100000
vn 0.000000 0.000000 0.100000
vn 0.000000 0.000000 0.100000
vn 0.000000 0.000000 0.100000
vn 0.000000 0.000000 0.100000
vn 0.000000 0.000000 0.100000
vn 0.000000 0.000000 0.100000
vn 0.000000 0.000000 0.100000
vn 0.000000 0.000000 0.100000
vn 0.000000 0.000000 0.100000
vn 0.000000 0.000000 0.100000
vn 0.000000 0.000000 0.100000
vn 0.000000 0.000000 0.100000
vn 0.000000 0.000000 0.100000
vn 0.000000 0.000000 0.100000
vn 0.000000 0.000000 0.100000
vn 0.000000 0.000000 0.100000
vn 0.000000 0.000000 0.100000
vn 0.000000 0.000000 0.100000
vn 0.000000 0.000000 0.100000
vn 0.000000 0.000000 0.100000
vn 0.000000 0.000000 0.100000
vn 0.000000 0.000000 0.100000
vn 0.000000 0.000000 0.100000
vn 0.000000 0.000000 0.100000
vn 0.000000 0.000000 0.100000
vn 0.000000 0.000000 0.100000
vn 0.000000 0.000000 0.100000
vn 0.000000 0.000000 0.100000
vn 0.000000 0.000000 0.100000
vn 0.000000 0.000000 0.100000
vn 0.000000 0.000000 0.100000
vn 0.000000 0.000000 0.100000
vn 0.000000 0.000000 0.100000
vn 0.000000 0.000000 0.100000
vn 0.000000 0.000000 0.100000
vn 0.000000 0.000000 0.100000
vn 0.000000 0.000000 0.100000
vn 0.000000 0.000000 0.100000
vn 0.000000 0.000000 0.100000
vn 0.000000 0.000000 0.100000
vn 0.000000 0.000000 0.100000
vn 0.000000 0.000000 0.100000
vn 0.000000 0.000000 0.100000
vn 0.000000 0.000000 0.100000
vn 0.000000 0.000000 0.100000
vn 0.000000 0.000000 0.100000
vn 0.000000 0.000000 0.100000
vn 0.000000 0.000000 0.100000
vn 0.000000 0.000000 0.100000
vn 0.000000 0.000000 0.100000
vn 0.000000 0.000000 0.100000
vn 0.000000 0.000000 0.100000
vn 0.000000 0.000000 0.100000
vn 0.000000 0.000000 0.100000
vn 0.000000 0.000000 0.100000
vn 0.000000 0.000000 0.100000
vn 0.000000 0.000000 0.100000
vn 0.000000 0.000000 0.100000
vn 0.000000 0.000000 0.100000
vn 0.000000 0.000000 0.100000
vn 0.000000 0.000000 0.100000
vn 0.000000 0.000000 0.100000
vn 0.000000 0.000000 0.100000
vn 0.000000 0.000000 0.100000
vn 0.000000 0.000000 0.100000
vn 0.000000 0.000000 0.100000
vn 0.000000 0.000000 0.100000
vn 0.000000 0.000000 0.100000
vn 0.000000 0.000000 0.100000
vn 0.000000 0.000000 0.100000
vn 0.000000 0.000000 0.100000
vn 0.000000 0.000000 0.100000
vn 0.000000 0.000000 0.100000
vn 0.000000 0.000000 0.100000
vn 0.000000 0.000000 0.100000
vn 0.000000 0.000000 0.100000
vn 0.000000 0.000000 0.100000
vn 0.000000 0.000000 0.100000
vn 0.000000 0.000000 0.100000
vn 0.000000 0.000000 0.100000
vn 0.000000 0.000000 0.100000
vn 0.000000 0.000000 0.100000
vn 0.000000 0.000000 0.100000
vn 0.000000 0.000000 0.100000
vn 0.000000 0.000000 0.100000
vn 0.000000 0.000000 0.100000
vn 0.000000 0.000000 0.100000
vn 0.000000 0.000000 0.100000
vn 0.000000 0.000000 0.100000
vn 0.000000 0.000000 0.100000
vn 0.000000 0.000000 0.100000
vn 0.000000 0.000000 0.100000
vn 0.000000 0.000000 0.100000
vn 0.000000 0.000000 0.100000
vn 0.000000 0.000000 0.100000
vn 0.000000 0.000000 0.100000
vn 0.000000 0.000000 0.100000
vn 0.000000 0.000000 0.100000
vn 0.000000 0.000000 0.100000
vn 0.000000 0.000000 0.100000
vn 0.000000 0.000000 0.100000
vn 0.000000 0.000000 0.100000
vn 0.000000 0.000000 0.100000
vn 0.000000 0.000000 0.100000
vn 0.000000 0.000000 0.100000
vn 0.000000 0.000000 0.100000
vn 0.000000 0.000000 0.100000
vn 0.000000 0.000000 0.100000
vn 0.000000 0.000000 0.100000
vn 0.000000 0.000000 0.100000
vn 0.000000 0.000000 0.100000
vn 0.000000 0.000000 0.100000
vn 0.000000 0.000000 0.100000
vn 0.000000 0.000000 0.100000
vn 0.000000 0.000000 0.100000
vn 0.000000 0.000000 0.100000
vn 0.000000 0.000000 0.100000
vn 0.000000 0.000000 0.100000
vn 0.000000 0.000000 0.100000
vn 0.000000 0.000000 0.100000
vn 0.000000 0.000000 0.100000
vn 0.000000 0.000000 0.100000
vn 0.000000 0.000000 0.100000
vn 0.000000 0.000000 0.100000
vn 0.000000 0.000000 0.100000
vn 0.000000 0.000000 0.100000
vn 0.000000 0.000000 0.100000
vn 0.000000 0.000000 0.100000
vn 0.000000 0.000000 0.100000
vn 0.000000 0.000000 0.100000
vn 0.000000 0.000000 0.100000
vn 0.000000 0.000000 0.100000
vn 0.000000 0.000000 0.100000
vn 0.000000 0.000000 0.100000
vn 0.000000 0.000000 0.100000
vn 0.000000 0.000000 0.100000
vn 0.000000 0.000000 0.100000
vn 0.000000 0.000000 0.100000
vn 0.000000 0.000000 0.100000
vn 0.000000 0.000000 0.100000
vn 0.000000 0.000000 0.100000
vn 0.000000 0.000000 0.100000
vn 0.000000 0.000000 0.100000
vn 0.000000 0.000000 0.100000
vn 0.000000 0.000000 0.100000
vn 0.000000 0.000000 0.100000
vn 0.000000 0.000000 0.100000
vn 0.000000 0.000000 0.100000
vn 0.000000 0.000000 0.100000
vn 0.000000 0.000000 0.100000
vn 0.000000 0.000000 0.100000
vn 0.000000 0.000000 0.100000
vn 0.000000 0.000000 0.100000
vn 0.000000 0.000000 0.100000
vn 0.000000 0.000000 0.100000
vn 0.000000 0.000000 0.100000
vn 0.000000 0.000000 0.100000
vn 0.000000 0.000000 0.100000
vn 0.000000 0.000000 0.100000
vn 0.000000 0.000000 0.100000
vn 0.000000 0.000000 0.100000
vn 0.000000 0.000000 0.100000
vn 0.000000 0.000000 0.100000
vn 0.000000 0.000000 0.100000
vn 0.000000 0.000000 0.100000
vn 0.000000 0.000000 0.100000
vn 0.000000 0.000000 0.100000
vn 0.000000 0.000000 0.100000
vn 0.000000 0.000000 0.100000
vn 0.000000 0.000000 0.100000
vn 0.000000 0.000000 0.100000
vn 0.000000 0.000000 0.100000
vn 0.000000 0.000000 0.100000
vn 0.000000 0.000000 0.100000
vn 0.000000 0.000000 0.100000
vn 0.000000 0.000000 0.100000
vn 0.000000 0.000000 0.100000
vn 0.000000 0.000000 0.100000
vn 0.000000 0.000000 0.100000
vn 0.000000 0.000000 0.100000
vn 0.000000 0.000000 0.100000
vn 0.000000 0.000000 0.100000
vn 0.000000 0.000000 0.100000
vn 0.000000 0.000000 0.100000
vn 0.000000 0.000000 0.100000
vn 0.000000 0.000000 0.100000
vn 0.000000 0.000000 0.100000
vn 0.000000 0.000000 0.100000
vn 0.000000 0.000000 0.100000
vn 0.000000 0.000000 0.100000
vn 0.000000 0.000000 0.100000
vn 0.000000 0.000000 0.100000
vn 0.000000 0.000000 0.100000
vn 0.000000 0.000000 0.100000
vn 0.000000 0.000000 0.100000
vn 0.000000 0.000000 0.100000
vn 0.000000 0.000000 0.100000
vn 0.000000 0.000000 0.100000
vn 0.000000 0.000000 0.100000
vn 0.000000 0.000000 0.100000
vn 0.000000 0.000000 0.100000
vn 0.000000 0.000000 0.100000
vn 0.000000 0.000000 0.100000
vn 0.000000 0.000000 0.100000
vn 0.000000 0.000000 0.100000
vn 0.000000 0.000000 0.100000
vn 0.000000 0.000000 0.100000
vn 0.000000 0.000000 0.100000
vn 0.000000 0.000000 0.100000
vn 0.000000 0.000000 0.100000
vn 0.000000 0.000000 0.100000
vn 0.000000 0.000000 0.100000
vn 0.000000 0.000000 0.100000
vn 0.000000 0.000000 0.100000
vn 0.000000 0.000000 0.100000
vn 0.000000 0.000000 0.100000
vn 0.000000 0.000000 0.100000
vn 0.000000 0.000000 0.100000
vn 0.000000 0.000000 0.100000
vn 0.000000 0.000000 0.100000
vn 0.000000 0.000000 0.100000
vn 0.000000 0.000000 0.100000
vn 0.000000 0.000000 0.100000
vn 0.000000 0.000000 0.100000
vn 0.000000 0.000000 0.100000
vn 0.000000 0.000000 0.100000
vn 0.000000 0.000000 0.100000
vn 0.000000 0.000000 0.100000
vn 0.000000 0.000000 0.100000
vn 0.000000 0.000000 0.100000
vn 0.000000 0.000000 0.100000
vn 0.000000 0.000000 0.100000
vn 0.000000 0.000000 0.100000
vn 0.000000 0.000000 0.100000
vn 0.000000 0.000000 0.100000
vn 0.000000 0.000000 0.100000
vn 0.000000 0.000000 0.100000
vn 0.000000 0.000000 0.100000
vn 0.000000 0.000000 0.100000
vn 0.000000 0.000000 0.100000
vn 0.000000 0.000000 0.100000
vn 0.000000 0.000000 0.100000
vn 0.000000 0.000000 0.100000
vn 0.000000 0.000000 0.100000
vn 0.000000 0.000000 0.100000
vn 0.000000 0.000000 -0.100000
vn 0.000000 0.000000 -0.100000
vn 0.000000 0.000000 -0.100000
vn 0.000000 0.000000 -0.100000
vn 0.000000 0.000000 -0.100000
vn 0.000000 0.000000 -0.100000
vn 0.000000 0.000000 -0.100000
vn 0.000000 0.000000 -0.100000
vn 0.000000 0.000000 -0.100000
vn 0.000000 0.000000 -0.100000
vn 0.000000 0.000000 -0.100000
vn 0.000000 0.000000 -0.100000
vn 0.000000 0.000000 -0.100000
vn 0.000000 0.000000 -0.100000
vn 0.000000 0.000000 -0.100000
vn 0.000000 0.000000 -0.100000
vn 0.000000 0.000000 -0.100000
vn 0.000000 0.000000 -0.100000
vn 0.000000 0.000000 -0.100000
vn 0.000000 0.000000 -0.100000
vn 0.000000 0.000000 -0.100000
vn 0.000000 0.000000 -0.100000
vn 0.000000 0.000000 -0.100000
vn 0.000000 0.000000 -0.100000
vn 0.000000 0.000000 -0.100000
vn 0.000000 0.000000 -0.100000
vn 0.000000 0.000000 -0.100000
vn 0.000000 0.000000 -0.100000
vn 0.000000 0.000000 -0.100000
vn 0.000000 0.000000 -0.100000
vn 0.000000 0.000000 -0.100000
vn 0.000000 0.000000 -0.100000
vn 0.000000 0.000000 -0.100000
vn 0.000000 0.000000 -0.100000
vn 0.000000 0.000000 -0.100000
vn 0.000000 0.000000 -0.100000
vn 0.000000 0.000000 -0.100000
vn 0.000000 0.000000 -0.100000
vn 0.000000 0.000000 -0.100000
vn 0.000000 0.000000 -0.100000
vn 0.000000 0.000000 -0.100000
vn 0.000000 0.000000 -0.100000
vn 0.000000 0.000000 -0.100000
vn 0.000000 0.000000 -0.100000
vn 0.000000 0.000000 -0.100000
vn 0.000000 0.000000 -0.100000
vn 0.000000 0.000000 -0.100000
vn 0.000000 0.000000 -0.100000
vn 0.000000 0.000000 -0.100000
vn 0.000000 0.000000 -0.100000
vn 0.000000 0.000000 -0.100000
vn 0.000000 0.000000 -0.100000
vn 0.000000 0.000000 -0.100000
vn 0.000000 0.000000 -0.100000
vn 0.000000 0.000000 -0.100000
vn 0.000000 0.000000 -0.100000
vn 0.000000 0.000000 -0.100000
vn 0.000000 0.000000 -0.100000
vn 0.000000 0.000000 -0.100000
vn 0.000000 0.000000 -0.100000
vn 0.000000 0.000000 -0.100000
vn 0.000000 0.000000 -0.100000
vn 0.000000 0.000000 -0.100000
vn 0.000000 0.000000 -0.100000
vn 0.000000 0.000000 -0.100000
vn 0.000000 0.000000 -0.100000
vn 0.000000 0.000000 -0.100000
vn 0.000000 0.000000 -0.100000
vn 0.000000 0.000000 -0.100000
vn 0.000000 0.000000 -0.100000
vn 0.000000 0.000000 -0.100000
vn 0.000000 0.000000 -0.100000
vn 0.000000 0.000000 -0.100000
vn 0.000000 0.000000 -0.100000
vn 0.000000 0.000000 -0.100000
vn 0.000000 0.000000 -0.100000
vn 0.000000 0.000000 -0.100000
vn 0.000000 0.000000 -0.100000
vn 0.000000 0.000000 -0.100000
vn 0.000000 0.000000 -0.100000
vn 0.000000 0.000000 -0.100000
vn 0.000000 0.000000 -0.100000
vn 0.000000 0.000000 -0.100000
vn 0.000000 0.000000 -0.100000
vn 0.000000 0.000000 -0.100000
vn 0.000000 0.000000 -0.100000
vn 0.000000 0.000000 -0.100000
vn 0.000000 0.000000 -0.100000
vn 0.000000 0.000000 -0.100000
vn 0.000000 0.000000 -0.100000
vn 0.000000 0.000000 -0.100000
vn 0.000000 0.000000 -0.100000
vn 0.000000 0.000000 -0.100000
vn 0.000000 0.000000 -0.100000
vn 0.000000 0.000000 -0.100000
vn 0.000000 0.000000 -0.100000
vn 0.000000 0.000000 -0.100000
vn 0.000000 0.000000 -0.100000
vn 0.000000 0.000000 -0.100000
vn 0.000000 0.000000 -0.100000
vn 0.000000 0.000000 -0.100000
vn 0.000000 0.000000 -0.100000
vn 0.000000 0.000000 -0.100000
vn 0.000000 0.000000 -0.100000
vn 0.000000 0.000000 -0.100000
vn 0.000000 0.000000 -0.100000
vn 0.000000 0.000000 -0.100000
vn 0.000000 0.000000 -0.100000
vn 0.000000 0.000000 -0.100000
vn 0.000000 0.000000 -0.100000
vn 0.000000 0.000000 -0.100000
vn 0.000000 0.000000 -0.100000
vn 0.000000 0.000000 -0.100000
vn 0.000000 0.000000 -0.100000
vn 0.000000 0.000000 -0.100000
vn 0.000000 0.000000 -0.100000
vn 0.000000 0.000000 -0.100000
vn 0.000000 0.000000 -0.100000
vn 0.000000 0.000000 -0.100000
vn 0.000000 0.000000 -0.100000
vn 0.000000 0.000000 -0.100000
vn 0.000000 0.000000 -0.100000
vn 0.000000 0.000000 -0.100000
vn 0.000000 0.000000 -0.100000
vn 0.000000 0.000000 -0.100000
vn 0.000000 0.000000 -0.100000
vn 0.000000 0.000000 -0.100000
vn 0.000000 0.000000 -0.100000
vn 0.000000 0.000000 -0.100000
vn 0.000000 0.000000 -0.100000
vn 0.000000 0.000000 -0.100000
vn 0.000000 0.000000 -0.100000
vn 0.000000 0.000000 -0.100000
vn 0.000000 0.000000 -0.100000
vn 0.000000 0.000000 -0.100000
vn 0.000000 0.000000 -0.100000
vn 0.000000 0.000000 -0.100000
vn 0.000000 0.000000 -0.100000
vn 0.000000 0.000000 -0.100000
vn 0.000000 0.000000 -0.100000
vn 0.000000 0.000000 -0.100000
vn 0.000000 0.000000 -0.100000
vn 0.000000 0.000000 -0.100000
vn 0.000000 0.000000 -0.100000
vn 0.000000 0.000000 -0.100000
vn 0.000000 0.000000 -0.100000
vn 0.000000 0.000000 -0.100000
vn 0.000000 0.000000 -0.100000
vn 0.000000 0.000000 -0.100000
vn 0.000000 0.000000 -0.100000
vn 0.000000 0.000000 -0.100000
vn 0.000000 0.000000 -0.100000
vn 0.000000 0.000000 -0.100000
vn 0.000000 0.000000 -0.100000
vn 0.000000 0.000000 -0.100000
vn 0.000000 0.000000 -0.100000
vn 0.000000 0.000000 -0.100000
vn 0.000000 0.000000 -0.100000
vn 0.000000 0.000000 -0.100000
vn 0.000000 0.000000 -0.100000
vn 0.000000 0.000000 -0.100000
vn 0.000000 0.000000 -0.100000
vn 0.000000 0.000000 -0.100000
vn 0.000000 0.000000 -0.100000
vn 0.000000 0.000000 -0.100000
vn 0.000000 0.000000 -0.100000
vn 0.000000 0.000000 -0.100000
vn 0.000000 0.000000 -0.100000
vn 0.000000 0.000000 -0.100000
vn 0.000000 0.000000 -0.100000
vn 0.000000 0.000000 -0.100000
vn 0.000000 0.000000 -0.100000
vn 0.000000 0.000000 -0.100000
vn 0.000000 0.000000 -0.100000
vn 0.000000 0.000000 -0.100000
vn 0.000000 0.000000 -0.100000
vn 0.000000 0.000000 -0.100000
vn 0.000000 0.000000 -0.100000
vn 0.000000 0.000000 -0.100000
vn 0.000000 0.000000 -0.100000
vn 0.000000 0.000000 -0.100000
vn 0.000000 0.000000 -0.100000
vn 0.000000 0.000000 -0.100000
vn 0.000000 0.000000 -0.100000
vn 0.000000 0.000000 -0.100000
vn 0.000000 0.000000 -0.100000
vn 0.000000 0.000000 -0.100000
vn 0.000000 0.000000 -0.100000
vn 0.000000 0.000000 -0.100000
vn 0.000000 0.000000 -0.100000
vn 0.000000 0.000000 -0.100000
vn 0.000000 0.000000 -0.100000
vn 0.000000 0.000000 -0.100000
vn 0.000000 0.000000 -0.100000
vn 0.000000 0.000000 -0.100000
vn 0.000000 0.000000 -0.100000
vn 0.000000 0.000000 -0.100000
vn 0.000000 0.000000 -0.100000
vn 0.000000 0.000000 -0.100000
vn 0.000000 0.000000 -0.100000
vn 0.000000 0.000000 -0.100000
vn 0.000000 0.000000 -0.100000
vn 0.000000 0.000000 -0.100000
vn 0.000000 0.000000 -0.100000
vn 0.000000 0.000000 -0.100000
vn 0.000000 0.000000 -0.100000
vn 0.000000 0.000000 -0.100000
vn 0.000000 0.000000 -0.100000
vn 0.000000 0.000000 -0.100000
vn 0.000000 0.000000 -0.100000
vn 0.000000 0.000000 -0.100000
vn 0.000000 0.000000 -0.100000
vn 0.000000 0.000000 -0.100000
vn 0.000000 0.000000 -0.100000
vn 0.000000 0.000000 -0.100000
vn 0.000000 0.000000 -0.100000
vn 0.000000 0.000000 -0.100000
vn 0.000000 0.000000 -0.100000
vn 0.000000 0.000000 -0.100000
vn 0.000000 0.000000 -0.100000
vn 0.000000 0.000000 -0.100000
vn 0.000000 0.000000 -0.100000
vn 0.000000 0.000000 -0.100000
vn 0.000000 0.000000 -0.100000
vn 0.000000 0.000000 -0.100000
vn 0.000000 0.000000 -0.100000
vn 0.000000 0.000000 -0.100000
vn 0.000000 0.000000 -0.100000
vn 0.000000 0.000000 -0.100000
vn 0.000000 0.000000 -0.100000
vn 0.000000 0.000000 -0.100000
vn 0.000000 0.000000 -0.100000
vn 0.000000 0.000000 -0.100000
vn 0.000000 0.000000 -0.100000
vn 0.000000 0.000000 -0.100000
vn 0.000000 0.000000 -0.100000
vn 0.000000 0.000000 -0.100000
vn 0.000000 0.000000 -0.100000
vn 0.000000 0.000000 -0.100000
vn 0.000000 0.000000 -0.100000
vn 0.000000 0.000000 -0.100000
vn 0.000000 0.000000 -0.100000
vn 0.000000 0.000000 -0.100000
vn 0.000000 0.000000 -0.100000
vn 0.000000 0.000000 -0.100000
vn 0.000000 0.000000 -0.100000
vn 0.000000 0.000000 -0.100000
vn 0.000000 0.000000 -0.100000
vn 0.000000 0.000000 -0.100000
vn 0.000000 0.000000 -0.100000
vn 0.000000 0.000000 -0.100000
vn 0.000000 0.000000 -0.100000
vn 0.000000 0.000000 -0.100000
vn 0.000000 0.000000 -0.100000
vn 0.000000 0.000000 -0.100000
vn 0.000000 0.000000 -0.100000
vn 0.000000 0.000000 -0.100000
vn 0.000000 0.000000 -0.100000
vn 0.000000 0.000000 -0.100000
vn 0.000000 0.000000 -0.100000
vn 0.000000 0.000000 -0.100000
vn 0.000000 0.000000 -0.100000
vn 0.000000 0.000000 -0.100000
vn 0.000000 0.000000 -0.100000
vn 0.000000 0.000000 -0.100000
vn 0.000000 0.000000 -0.100000
vn 0.000000 0.000000 -0.100000
vn 0.000000 0.000000 -0.100000
vn 0.000000 0.000000 -0.100000
vn 0.000000 0.000000 -0.100000
vn 0.000000 0.000000 -0.100000
vn 0.000000 0.000000 -0.100000
vn 0.000000 0.000000 -0.100000
vn 0.000000 0.000000 -0.100000
vn 0.000000 0.000000 -0.100000
vn 0.000000 0.000000 -0.100000
vn 0.000000 0.000000 -0.100000
vn 0.000000 0.000000 -0.100000
vn 0.000000 0.000000 -0.100000
vn 0.000000 0.000000 -0.100000
vn 0.000000 0.000000 -0.100000
vn 0.000000 0.000000 -0.100000
vn 0.000000 0.000000 -0.100000
vn 0.000000 0.000000 -0.100000
vn 0.000000 0.000000 -0.100000
vn 0.000000 0.000000 -0.100000
vn 0.000000 0.000000 -0.100000
vn 0.000000 0.000000 -0.100000
vn 0.000000 0.000000 -0.100000
vn 0.000000 0.000000 -0.100000
vn 0.000000 0.000000 -0.100000
vn 0.000000 0.000000 -0.100000
vn 0.000000 0.000000 -0.100000
vn 0.000000 0.000000 -0.100000
vn 0.000000 0.000000 -0.100000
vn 0.000000 0.000000 -0.100000
vn 0.000000 0.000000 -0.100000
vn 0.000000 0.000000 -0.100000
vn 0.000000 0.000000 -0.100000
vn 0.000000 0.000000 -0.100000
vn 0.000000 0.000000 -0.100000
vn 0.000000 0.000000 -0.100000
vn 0.000000 0.000000 -0.100000
vn 0.000000 0.000000 -0.100000
vn 0.000000 0.000000 -0.100000
vn 0.000000 0.000000 -0.100000
vn 0.000000 0.000000 -0.100000
vn 0.000000 0.000000 -0.100000
vn 0.000000 0.000000 -0.100000
vn 0.000000 0.000000 -0.100000
vn 0.000000 0.000000 -0.100000
vn 0.000000 0.000000 -0.100000
vn 0.000000 0.000000 -0.100000
vn 0.000000 0.000000 -0.100000
vn 0.000000 0.000000 -0.100000
vn 0.000000 0.000000 -0.100000
vn 0.000000 0.000000 -0.100000
vn 0.000000 0.000000 -0.100000
vn 0.000000 0.000000 -0.100000
vn 0.000000 0.000000 -0.100000
vn 0.000000 0.000000 -0.100000
vn 0.000000 0.000000 -0.100000
vn 0.000000 0.000000 -0.100000
vn 0.000000 0.000000 -0.100000
vn 0.000000 0.000000 -0.100000
vn 0.000000 0.000000 -0.100000
vn 0.000000 0.000000 -0.100000
vn 0.000000 0.000000 -0.100000
vn 0.000000 0.000000 -0.100000
vn 0.000000 0.000000 -0.100000
vn 0.000000 0.000000 -0.100000
vn 0.000000 0.000000 -0.100000
vn 0.000000 0.000000 -0.100000
vn 0.000000 0.000000 -0.100000
vn 0.000000 0.000000 -0.100000
vn 0.000000 0.000000 -0.100000
vn 0.000000 0.000000 -0.100000
vn 0.000000 0.000000 -0.100000
vn 0.000000 0.000000 -0.100000
vn 0.000000 0.000000 -0.100000
vn 0.000000 0.000000 -0.100000
vn 0.000000 0.000000 -0.100000
vn 0.000000 0.000000 -0.100000
vn 0.000000 0.000000 -0.100000
vn 0.000000 0.000000 -0.100000
vn 0.000000 0.000000 -0.100000
vn 0.000000 0.000000 -0.100000
vn 0.000000 0.000000 -0.100000
vn 0.000000 0.000000 -0.100000
vn 0.000000 0.000000 -0.100000
vn 0.000000 0.000000 -0.100000
vn 0.000000 0.000000 -0.100000
vn 0.000000 0.000000 -0.100000
vn 0.000000 0.000000 -0.100000
vn 0.000000 0.000000 -0.100000
vn 0.000000 0.000000 -0.100000
vn 0.000000 0.000000 -0.100000
vn 0.000000 0.000000 -0.100000
vn 0.000000 0.000000 -0.100000
vn 0.000000 0.000000 -0.100000
vn 0.000000 0.000000 -0.100000
vn 0.000000 0.000000 -0.100000
vn 0.000000 0.000000 -0.100000
vn 0.000000 0.000000 -0.100000
vn 0.000000 0.000000 -0.100000
vn 0.000000 0.000000 -0.100000
vn 0.000000 0.000000 -0.100000
vn 0.000000 0.000000 -0.100000
vn 0.000000 0.000000 -0.100000
vn 0.000000 0.000000 -0.100000
vn 0.000000 0.000000 -0.100000
vn 0.000000 0.000000 -0.100000
vn 0.000000 0.000000 -0.100000
vn 0.000000 0.000000 -0.100000
vn 0.000000 0.000000 -0.100000
vn 0.000000 0.000000 -0.100000
vn 0.000000 0.000000 -0.100000
vn 0.000000 0.000000 -0.100000
vn 0.000000 0.000000 -0.100000
vn 0.000000 0.000000 -0.100000
vn 0.000000 0.000000 -0.100000
vn 0.000000 0.000000 -0.100000
vn 0.000000 0.000000 -0.100000
vn 0.000000 0.000000 -0.100000
vn 0.000000 0.000000 -0.100000
vn 0.000000 0.000000 -0.100000
vn 0.000000 0.000000 -0.100000
vn 0.000000 0.000000 -0.100000
vn 0.000000 0.000000 -0.100000
vn 0.000000 0.000000 -0.100000
vn 0.000000 0.000000 -0.100000
vn 0.000000 0.000000 -0.100000
vn 0.000000 0.000000 -0.100000
vn 0.000000 0.000000 -0.100000
vn 0.000000 0.000000 -0.100000
vn 0.000000 0.000000 -0.100000
vn 0.000000 0.000000 -0.100000
vn 0.000000 0.000000 -0.100000
vn 0.000000 0.000000 -0.100000
vn 0.000000 0.000000 -0.100000
vn 0.000000 0.000000 -0.100000
vn 0.000000 0.000000 -0.100000
vn 0.000000 0.000000 -0.100000
vn 0.000000 0.000000 -0.100000
vn 0.000000 0.000000 -0.100000
vn 0.000000 0.000000 -0.100000
vn 0.000000 0.000000 -0.100000
vn 0.000000 0.000000 -0.100000
vn 0.000000 0.000000 -0.100000
vn 0.000000 0.000000 -0.100000
vn 0.000000 0.000000 -0.100000
vn 0.000000 0.000000 -0.100000
vn 0.000000 0.000000 -0.100000
vn 0.000000 0.000000 -0.100000
vn 0.000000 0.000000 -0.100000
vn 0.000000 0.000000 -0.100000
vn 0.000000 0.000000 -0.100000
vn 0.000000 0.000000 -0.100000
vn 0.000000 0.000000 -0.100000
vn 0.000000 0.000000 -0.100000
vn 0.000000 0.000000 -0.100000
vn 0.000000 0.000000 -0.100000
vn 0.000000 0.000000 -0.100000
vn 0.000000 0.000000 -0.100000
vn 0.000000 0.000000 -0.100000
vn 0.000000 0.000000 -0.100000
vn 0.000000 0.000000 -0.100000
vn 0.000000 0.000000 -0.100000
vn 0.000000 0.000000 -0.100000
vn 0.000000 0.000000 -0.100000
vn 0.000000 0.000000 -0.100000
vn 0.000000 0.000000 -0.100000
vn 0.000000 0.000000 -0.100000
vn 0.000000 0.000000 -0.100000
vn 0.000000 0.000000 -0.100000
vn 0.000000 0.000000 -0.100000
vn 0.000000 0.000000 -0.100000
vn 0.000000 0.000000 -0.100000
vn 0.000000 0.000000 -0.100000
vn 0.000000 0.000000 -0.100000
vn 0.000000 0.000000 -0.100000
vn 0.000000 0.000000 -0.100000
vn 0.000000 0.000000 -0.100000
vn 0.000000 0.000000 -0.100000
vn 0.000000 0.000000 -0.100000
vn 0.000000 0.000000 -0.100000
vn 0.000000 0.000000 -0.100000
vn 0.000000 0.000000 -0.100000
vn 0.000000 0.000000 -0.100000
vn 0.000000 0.000000 -0.100000
vn 0.000000 0.000000 -0.100000
vn 0.000000 0.000000 -0.100000
vn 0.000000 0.000000 -0.100000
vn 0.000000 0.000000 -0.100000
vn 0.000000 0.000000 -0.100000
vn 0.000000 0.000000 -0.100000
vn 0.000000 0.000000 -0.100000
vn 0.000000 0.000000 -0.100000
vn 0.000000 0.000000 -0.100000
vn 0.000000 0.000000 -0.100000
vn 0.000000 0.000000 -0.100000
vn 0.000000 0.000000 -0.100000
vn 0.000000 0.000000 -0.100000
vn 0.000000 0.000000 -0.100000
vn 0.000000 0.000000 -0.100000
vn 0.000000 0.000000 -0.100000
vn 0.000000 0.000000 -0.100000
vn 0.000000 0.000000 -0.100000
vn 0.000000 0.000000 -0.100000
vn 0.000000 0.000000 -0.100000
vn 0.000000 0.000000 -0.100000
vn 0.000000 0.000000 -0.100000
vn 0.000000 0.000000 -0.100000
vn 0.000000 0.000000 -0.100000
vn 0.000000 0.000000 -0.100000
vn 0.000000 0.000000 -0.100000
vn 0.000000 0.000000 -0.100000
vn 0.000000 0.000000 -0.100000
vn 0.000000 0.000000 -0.100000
vn 0.000000 0.000000 -0.100000
vn 0.000000 0.000000 -0.100000
vn 0.000000 0.000000 -0.100000
vn 0.000000 0.000000 -0.100000
vn 0.000000 0.000000 -0.100000
vn 0.000000 0.000000 -0.100000
vn 0.000000 0.000000 -0.100000
vn 0.000000 0.000000 -0.100000
vn 0.000000 0.000000 -0.100000
vn 0.000000 0.000000 -0.100000
vn 0.000000 0.000000 -0.100000
vn 0.000000 0.000000 -0.100000
vn 0.000000 0.000000 -0.100000
vn 0.000000 0.000000 -0.100000
vn 0.000000 0.000000 -0.100000
vn 0.000000 0.000000 -0.100000
vn 0.000000 0.000000 -0.100000
vn 0.000000 0.000000 -0.100000
vn 0.000000 0.000000 -0.100000
vn 0.000000 0.000000 -0.100000
vn 0.000000 0.000000 -0.100000
vn 0.000000 0.000000 -0.100000
vn 0.000000 0.000000 -0.100000
vn 0.000000 0.000000 -0.100000
vn 0.000000 0.000000 -0.100000
vn 0.000000 0.000000 -0.100000
vn 0.000000 0.000000 -0.100000
vn 0.000000 0.000000 -0.100000
vn 0.000000 0.000000 -0.100000
vn 0.000000 0.000000 -0.100000
vn 0.000000 0.000000 -0.100000
vn 0.000000 0.000000 -0.100000
vn 0.000000 0.000000 -0.100000
vn 0.000000 0.000000 -0.100000
vn 0.000000 0.000000 -0.100000
vn 0.000000 0.000000 -0.100000
vn 0.000000 0.000000 -0.100000
vn 0.000000 0.000000 -0.100000
vn 0.000000 0.000000 -0.100000
vn 0.000000 0.000000 -0.100000
vn 0.000000 0.000000 -0.100000
vn 0.000000 0.000000 -0.100000
vn 0.000000 0.000000 -0.100000
vn 0.000000 0.000000 -0.100000
vn 0.000000 0.000000 -0.100000
vn 0.000000 0.000000 -0.100000
vn 0.000000 0.000000 -0.100000
vn 0.000000 0.000000 -0.100000
vn 0.000000 0.000000 -0.100000
vn 0.000000 0.000000 -0.100000
vn 0.000000 0.000000 -0.100000
vn 0.000000 0.000000 -0.100000
vn 0.000000 0.000000 -0.100000
vn 0.000000 0.000000 -0.100000
vn 0.000000 0.000000 -0.100000
vn 0.000000 0.000000 -0.100000
vn 0.000000 0.000000 -0.100000
vn 0.000000 0.000000 -0.100000
vn 0.000000 0.000000 -0.100000
vn 0.000000 0.000000 -0.100000
vn 0.000000 0.000000 -0.100000
vn 0.000000 0.000000 -0.100000
vn 0.000000 0.000000 -0.100000
vn 0.000000 0.000000 -0.100000
vn 0.000000 0.000000 -0.100000
vn 0.000000 0.000000 -0.100000
vn 0.000000 0.000000 -0.100000
vn 0.000000 0.000000 -0.100000
vn 0.000000 0.000000 -0.100000
vn 0.000000 0.000000 -0.100000
vn 0.000000 0.000000 -0.100000
vn 0.000000 0.000000 -0.100000
vn 0.000000 0.000000 -0.100000
vn 0.000000 0.000000 -0.100000
vn 0.000000 0.000000 -0.100000
vn 0.000000 0.000000 -0.100000
vn 0.000000 0.000000 -0.100000
vn 0.000000 0.000000 -0.100000
vn 0.000000 0.000000 -0.100000
vn 0.000000 0.000000 -0.100000
vn 0.000000 0.000000 -0.100000
vn 0.000000 0.000000 -0.100000
vn 0.000000 0.000000 -0.100000
vn 0.000000 0.000000 -0.100000
vn 0.000000 0.000000 -0.100000
vn 0.000000 0.000000 -0.100000
vn 0.000000 0.000000 -0.100000
vn 0.000000 0.000000 -0.100000
vn 0.000000 0.000000 -0.100000
vn 0.000000 0.000000 -0.100000
vn 0.000000 0.000000 -0.100000
vn 0.000000 0.000000 -0.100000
vn 0.000000 0.000000 -0.100000
vn 0.000000 0.000000 -0.100000
vn 0.000000 0.000000 -0.100000
vn 0.000000 0.000000 -0.100000
vn 0.000000 0.000000 -0.100000
vn 0.000000 0.000000 -0.100000
vn 0.000000 0.000000 -0.100000
vn 0.000000 0.000000 -0.100000
vn 0.000000 0.000000 -0.100000
vn 0.000000 0.000000 -0.100000
vn 0.000000 0.000000 -0.100000
vn 0.000000 0.000000 -0.100000
vn 0.000000 0.000000 -0.100000
vn 0.000000 0.000000 -0.100000
vn 0.000000 0.000000 -0.100000
vn 0.000000 0.000000 -0.100000
vn 0.000000 0.000000 -0.100000
vn 0.000000 0.000000 -0.100000
vn 0.000000 0.000000 -0.100000
vn 0.000000 0.000000 -0.100000
vn 0.000000 0.000000 -0.100000
vn 0.000000 0.000000 -0.100000
vn 0.000000 0.000000 -0.100000
vn 0.000000 0.000000 -0.100000
vn 0.000000 0.000000 -0.100000
vn 0.000000 0.000000 -0.100000
vn 0.000000 0.000000 -0.100000
vn 0.000000 0.000000 -0.100000
vn 0.000000 0.000000 -0.100000
vn 0.000000 0.000000 -0.100000
vn 0.000000 0.000000 -0.100000
vn 0.000000 0.000000 -0.100000
vn 0.000000 0.000000 -0.100000
vn 0.000000 0.000000 -0.100000
vn 0.000000 0.000000 -0.100000
vn 0.000000 0.000000 -0.100000
vn 0.000000 0.000000 -0.100000
vn 0.000000 0.000000 -0.100000
vn 0.000000 0.000000 -0.100000
vn 0.000000 0.000000 -0.100000
vn 0.000000 0.000000 -0.100000
vn 0.000000 0.000000 -0.100000
vn 0.000000 0.000000 -0.100000
vn 0.000000 0.000000 -0.100000
vn 0.000000 0.000000 -0.100000
vn 0.000000 0.000000 -0.100000
vn 0.000000 0.000000 -0.100000
vn 0.000000 0.000000 -0.100000
vn 0.000000 0.000000 -0.100000
vn 0.000000 0.000000 -0.100000
vn 0.000000 0.000000 -0.100000
vn 0.000000 0.000000 -0.100000
vn 0.000000 0.000000 -0.100000
vn 0.000000 0.000000 -0.100000
vn 0.000000 0.000000 -0.100000
vn 0.000000 0.000000 -0.100000
vn 0.000000 0.000000 -0.100000
vn 0.000000 0.000000 -0.100000
vn 0.000000 0.000000 -0.100000
vn 0.000000 0.000000 -0.100000
vn 0.000000 0.000000 -0.100000
vn 0.000000 0.000000 -0.100000
vn 0.000000 0.000000 -0.100000
vn 0.000000 0.000000 -0.100000
vn 0.000000 0.000000 -0.100000
vn 0.000000 0.000000 -0.100000
vn 0.000000 0.000000 -0.100000
vn 0.000000 0.000000 -0.100000
vn 0.000000 0.000000 -0.100000
vn 0.000000 0.000000 -0.100000
vn 0.000000 0.000000 -0.100000
vn 0.000000 0.000000 -0.100000
vn 0.000000 0.000000 -0.100000
vn 0.000000 0.000000 -0.100000
vn 0.000000 0.000000 -0.100000
vn 0.000000 0.000000 -0.100000
vn 0.000000 0.000000 -0.100000
vn 0.000000 0.000000 -0.100000
vn 0.000000 0.000000 -0.100000
vn 0.000000 0.000000 -0.100000
vn 0.000000 0.000000 -0.100000
vn 0.000000 0.000000 -0.100000
vn 0.000000 0.000000 -0.100000
vn 0.000000 0.000000 -0.100000
vn 0.000000 0.000000 -0.100000
vn 0.000000 0.000000 -0.100000
vn 0.000000 0.000000 -0.100000
vn 0.000000 0.000000 -0.100000
vn 0.000000 0.000000 -0.100000
vn 0.000000 0.000000 -0.100000
vn 0.000000 0.000000 -0.100000
vn 0.000000 0.000000 -0.100000
vn 0.000000 0.000000 -0.100000
vn 0.000000 0.000000 -0.100000
vn 0.000000 0.000000 -0.100000
vn 0.000000 0.000000 -0.100000
vn 0.000000 0.000000 -0.100000
vn 0.000000 0.000000 -0.100000
vn 0.000000 0.000000 -0.100000
vn 0.000000 0.000000 -0.100000
vn 0.000000 0.000000 -0.100000
vn 0.000000 0.000000 -0.100000
vn 0.000000 0.000000 -0.100000
vn 0.000000 0.000000 -0.100000
vn 0.000000 0.000000 -0.100000
vn 0.000000 0.000000 -0.100000
vn 0.000000 0.000000 -0.100000
vn 0.000000 0.000000 -0.100000
vn 0.000000 0.000000 -0.100000
vn 0.000000 0.000000 -0.100000
vn 0.000000 0.000000 -0.100000
vn 0.000000 0.000000 -0.100000
vn 0.000000 0.000000 -0.100000
vn 0.000000 0.000000 -0.100000
vn 0.000000 0.000000 -0.100000
vn 0.000000 0.000000 -0.100000
vn 0.000000 0.000000 -0.100000
vn 0.000000 0.000000 -0.100000
vn 0.000000 0.000000 -0.100000
vn 0.000000 0.000000 -0.100000
vn 0.000000 0.000000 -0.100000
vn 0.000000 0.000000 -0.100000
vn 0.000000 0.000000 -0.100000
vn 0.000000 0.000000 -0.100000
vn 0.000000 0.000000 -0.100000
vn 0.000000 0.000000 -0.100000
vn 0.000000 0.000000 -0.100000
vn 0.000000 0.000000 -0.100000
vn 0.000000 0.000000 -0.100000
vn 0.000000 0.000000 -0.100000
vn 0.000000 0.000000 -0.100000
vn 0.000000 0.000000 -0.100000
vn 0.000000 0.000000 -0.100000
vn 0.000000 0.000000 -0.100000
vn 0.000000 0.000000 -0.100000
vn 0.000000 0.000000 -0.100000
vn 0.000000 0.000000 -0.100000
vn 0.000000 0.000000 -0.100000
vn 0.000000 0.000000 -0.100000
vn 0.000000 0.000000 -0.100000
vn 0.000000 0.000000 -0.100000
vn 0.000000 0.000000 -0.100000
vn 0.000000 0.000000 -0.100000
vn 0.000000 0.000000 -0.100000
vn 0.000000 0.000000 -0.100000
vn 0.000000 0.000000 -0.100000
vn 0.000000 0.000000 -0.100000
vn 0.000000 0.000000 -0.100000
vn 0.000000 0.000000 -0.100000
vn 0.000000 0.000000 -0.100000
vn 0.000000 0.000000 -0.100000
vn 0.000000 0.000000 -0.100000
vn 0.000000 0.000000 -0.100000
vn 0.000000 0.000000 -0.100000
vn 0.000000 0.000000 -0.100000
vn 0.000000 0.000000 -0.100000
vn 0.000000 0.000000 -0.100000
vn 0.000000 0.000000 -0.100000
vn 0.000000 0.000000 -0.100000
vn 0.000000 0.000000 -0.100000
vn 0.000000 0.000000 -0.100000
vn 0.000000 0.000000 -0.100000
vn 0.000000 0.000000 -0.100000
vn 0.000000 0.000000 -0.100000
vn 0.000000 0.000000 -0.100000
vn 0.000000 0.000000 -0.100000
vn 0.000000 0.000000 -0.100000
vn 0.000000 0.000000 -0.100000
vn 0.000000 0.000000 -0.100000
vn 0.000000 0.000000 -0.100000
vn 0.000000 0.000000 -0.100000
vn 0.000000 0.000000 -0.100000
vn 0.000000 0.000000 -0.100000
vn 0.000000 0.000000 -0.100000
vn 0.000000 0.000000 -0.100000
vn 0.000000 0.000000 -0.100000
vn 0.000000 0.000000 -0.100000
vn 0.000000 0.000000 -0.100000
vn 0.000000 0.000000 -0.100000
vn 0.000000 0.000000 -0.100000
vn 0.000000 0.000000 -0.100000
vn 0.000000 0.000000 -0.100000
vn 0.000000 0.000000 -0.100000
vn 0.000000 0.000000 -0.100000
vn 0.000000 0.000000 -0.100000
vn 0.000000 0.000000 -0.100000
vn 0.000000 0.000000 -0.100000
vn 0.000000 0.000000 -0.100000
vn 0.000000 0.000000 -0.100000
vn 0.000000 0.000000 -0.100000
vn 0.000000 0.000000 -0.100000
vn 0.000000 0.000000 -0.100000
vn 0.000000 0.000000 -0.100000
vn 0.000000 0.000000 -0.100000
vn 0.000000 0.000000 -0.100000
vn 0.000000 0.000000 -0.100000
vn 0.000000 0.000000 -0.100000
vn 0.000000 0.000000 -0.100000
vn 0.000000 0.000000 -0.100000
vn 0.000000 0.000000 -0.100000
vn 0.000000 0.000000 -0.100000
vn 0.000000 0.000000 -0.100000
vn 0.000000 0.000000 -0.100000
vn 0.000000 0.000000 -0.100000
vn 0.000000 0.000000 -0.100000
vn 0.000000 0.000000 -0.100000
vn 0.000000 0.000000 -0.100000
vn 0.000000 0.000000 -0.100000
vn 0.000000 0.000000 -0.100000
vn 0.000000 0.000000 -0.100000
vn 0.000000 0.000000 -0.100000
vn 0.000000 0.000000 -0.100000
vn 0.000000 0.000000 -0.100000
vn 0.000000 0.000000 -0.100000
vn 0.000000 0.000000 -0.100000
vn 0.000000 0.000000 -0.100000
vn 0.000000 0.000000 -0.100000
vn 0.000000 0.000000 -0.100000
vn 0.000000 0.000000 -0.100000
vn 0.000000 0.000000 -0.100000
vn 0.000000 0.000000 -0.100000
vn 0.000000 0.000000 -0.100000
vn 0.000000 0.000000 -0.100000
vn 0.000000 0.000000 -0.100000
vn 0.000000 0.000000 -0.100000
vn 0.000000 0.000000 -0.100000
vn 0.000000 0.000000 -0.100000
vn 0.000000 0.000000 -0.100000
vn 0.000000 0.000000 -0.100000
vn 0.000000 0.000000 -0.100000
vn 0.000000 0.000000 -0.100000
vn 0.000000 0.000000 -0.100000
vn 0.000000 0.000000 -0.100000
vn 0.000000 0.000000 -0.100000
vn 0.000000 0.000000 -0.100000
vn 0.000000 0.000000 -0.100000
vn 0.000000 0.000000 -0.100000
vn 0.000000 0.000000 -0.100000
vn 0.000000 0.000000 -0.100000
usemtl Steel_-_Satin
f 2/1/1 60/2/2 1/3/3
f 1/3/3 60/2/2 31/4/4
f 1/5/3 31/6/4 30/7/5
f 30/7/5 31/6/4 32/8/6
f 30/7/5 32/8/6 29/9/7
f 29/9/7 32/8/6 33/10/8
f 29/9/7 33/10/8 28/11/9
f 28/11/9 33/10/8 34/12/10
f 28/11/9 34/12/10 27/13/11
f 27/13/11 34/12/10 35/14/12
f 27/13/11 35/14/12 26/15/13
f 26/15/13 35/14/12 36/16/14
f 26/15/13 36/16/14 25/17/15
f 25/17/15 36/16/14 37/18/16
f 25/17/15 37/18/16 24/19/17
f 24/19/17 37/18/16 38/20/18
f 24/19/17 38/20/18 23/21/19
f 23/21/19 38/20/18 39/22/20
f 23/21/19 39/22/20 22/23/21
f 22/23/21 39/22/20 40/24/22
f 22/23/21 40/24/22 21/25/23
f 21/25/23 40/24/22 41/26/24
f 21/25/23 41/26/24 20/27/25
f 20/27/25 41/26/24 42/28/26
f 20/27/25 42/28/26 19/29/27
f 19/29/27 42/28/26 43/30/28
f 19/29/27 43/30/28 18/31/29
f 18/31/29 43/30/28 44/32/30
f 18/31/29 44/32/30 17/33/31
f 17/33/31 44/32/30 45/34/32
f 17/33/31 45/34/32 16/35/33
f 16/35/33 45/34/32 46/36/34
f 16/35/33 46/36/34 15/37/35
f 15/37/35 46/36/34 47/38/36
f 15/37/35 47/38/36 14/39/37
f 14/39/37 47/38/36 48/40/38
f 14/39/37 48/40/38 13/41/39
f 13/41/39 48/40/38 49/42/40
f 13/41/39 49/42/40 12/43/41
f 12/43/41 49/42/40 50/44/42
f 12/43/41 50/44/42 11/45/43
f 11/45/43 50/44/42 51/46/44
f 11/45/43 51/46/44 10/47/45
f 10/47/45 51/46/44 52/48/46
f 10/47/45 52/48/46 9/49/47
f 9/49/47 52/48/46 53/50/48
f 9/49/47 53/50/48 8/51/49
f 8/51/49 53/50/48 54/52/50
f 8/51/49 54/52/50 7/53/51
f 7/53/51 54/52/50 55/54/52
f 7/53/51 55/54/52 6/55/53
f 6/55/53 55/54/52 56/56/54
f 6/55/53 56/56/54 5/57/55
f 5/57/55 56/56/54 57/58/56
f 5/57/55 57/58/56 4/59/57
f 4/59/57 57/58/56 58/60/58
f 4/59/57 58/60/58 3/61/59
f 3/61/59 58/60/58 59/62/60
f 3/61/59 59/62/60 2/1/1
f 2/1/1 59/62/60 60/2/2
f 62/63/61 2/64/62 61/65/63
f 61/65/63 2/64/62 1/66/64
f 61/65/63 1/66/64 30/67/65
f 2/64/62 62/63/61 3/68/66
f 3/68/66 62/63/61 63/69/67
f 3/68/66 63/69/67 4/70/68
f 4/70/68 63/69/67 64/71/69
f 4/70/68 64/71/69 5/72/70
f 5/72/70 64/71/69 65/73/71
f 5/72/70 65/73/71 6/74/72
f 6/74/72 65/73/71 66/75/73
f 6/74/72 66/75/73 7/76/74
f 7/76/74 66/75/73 67/77/75
f 7/76/74 67/77/75 8/78/76
f 8/78/76 67/77/75 68/79/77
f 8/78/76 68/79/77 9/80/78
f 9/80/78 68/79/77 10/81/79
f 10/81/79 68/79/77 69/82/80
f 10/81/79 69/82/80 11/83/81
f 11/83/81 69/82/80 70/84/82
f 11/83/81 70/84/82 12/85/83
f 12/85/83 70/84/82 71/86/84
f 12/85/83 71/86/84 13/87/85
f 13/87/85 71/86/84 72/88/86
f 13/87/85 72/88/86 14/89/87
f 14/89/87 72/88/86 73/90/88
f 14/89/87 73/90/88 15/91/89
f 15/91/89 73/90/88 74/92/90
f 15/91/89 74/92/90 16/93/91
f 16/93/91 74/92/90 17/94/92
f 17/94/92 74/92/90 75/95/93
f 17/94/92 75/95/93 18/96/94
f 18/96/94 75/95/93 76/97/95
f 18/96/94 76/97/95 19/98/96
f 19/98/96 76/97/95 77/99/97
f 19/98/96 77/99/97 20/100/98
f 20/100/98 77/99/97 78/101/99
f 20/100/98 78/101/99 21/102/100
f 21/102/100 78/101/99 79/103/101
f 21/102/100 79/103/101 22/104/102
f 22/104/102 79/103/101 80/105/103
f 22/104/102 80/105/103 23/106/104
f 23/106/104 80/105/103 81/107/105
f 23/106/104 81/107/105 24/108/106
f 24/108/106 81/107/105 25/109/107
f 25/109/107 81/107/105 82/110/108
f 25/109/107 82/110/108 26/111/109
f 26/111/109 82/110/108 83/112/110
f 26/111/109 83/112/110 27/113/111
f 27/113/111 83/112/110 84/114/112
f 27/113/111 84/114/112 28/115/113
f 28/115/113 84/114/112 85/116/114
f 28/115/113 85/116/114 29/117/115
f 29/117/115 85/116/114 86/118/116
f 29/117/115 86/118/116 30/67/65
f 30/67/65 86/118/116 61/65/63
f 88/119/117 134/120/118 87/121/119
f 87/121/119 134/120/118 111/122/120
f 87/123/119 111/124/120 110/125/121
f 110/125/121 111/124/120 112/126/122
f 110/125/121 112/126/122 109/127/123
f 109/127/123 112/126/122 113/128/124
f 109/127/123 113/128/124 108/129/125
f 108/129/125 113/128/124 114/130/126
f 108/129/125 114/130/126 107/131/127
f 107/131/127 114/130/126 115/132/128
f 107/131/127 115/132/128 106/133/129
f 106/133/129 115/132/128 116/134/130
f 106/133/129 116/134/130 105/135/131
f 105/135/131 116/134/130 117/136/132
f 105/135/131 117/136/132 104/137/133
f 104/137/133 117/136/132 118/138/134
f 104/137/133 118/138/134 103/139/135
f 103/139/135 118/138/134 119/140/136
f 103/139/135 119/140/136 102/141/137
f 102/141/137 119/140/136 120/142/138
f 102/141/137 120/142/138 101/143/139
f 101/143/139 120/142/138 121/144/140
f 101/143/139 121/144/140 100/145/141
f 100/145/141 121/144/140 122/146/142
f 100/145/141 122/146/142 99/147/143
f 99/147/143 122/146/142 123/148/144
f 99/147/143 123/148/144 98/149/145
f 98/149/145 123/148/144 124/150/146
f 98/149/145 124/150/146 97/151/147
f 97/151/147 124/150/146 125/152/148
f 97/151/147 125/152/148 96/153/149
f 96/153/149 125/152/148 126/154/150
f 96/153/149 126/154/150 95/155/151
f 95/155/151 126/154/150 127/156/152
f 95/155/151 127/156/152 94/157/153
f 94/157/153 127/156/152 128/158/154
f 94/157/153 128/158/154 93/159/155
f 93/159/155 128/158/154 129/160/156
f 93/159/155 129/160/156 92/161/157
f 92/161/157 129/160/156 130/162/158
f 92/161/157 130/162/158 91/163/159
f 91/163/159 130/162/158 131/164/160
f 91/163/159 131/164/160 90/165/161
f 90/165/161 131/164/160 132/166/162
f 90/165/161 132/166/162 89/167/163
f 89/167/163 132/166/162 133/168/164
f 89/167/163 133/168/164 88/119/117
f 88/119/117 133/168/164 134/120/118
f 136/169/165 182/170/166 135/171/167
f 135/171/167 182/170/166 159/172/168
f 135/173/167 159/174/168 158/175/169
f 158/175/169 159/174/168 160/176/170
f 158/175/169 160/176/170 157/177/171
f 157/177/171 160/176/170 161/178/172
f 157/177/171 161/178/172 156/179/173
f 156/179/173 161/178/172 162/180/174
f 156/179/173 162/180/174 155/181/175
f 155/181/175 162/180/174 163/182/176
f 155/181/175 163/182/176 154/183/177
f 154/183/177 163/182/176 164/184/178
f 154/183/177 164/184/178 153/185/179
f 153/185/179 164/184/178 165/186/180
f 153/185/179 165/186/180 152/187/181
f 152/187/181 165/186/180 166/188/182
f 152/187/181 166/188/182 151/189/183
f 151/189/183 166/188/182 167/190/184
f 151/189/183 167/190/184 150/191/185
f 150/191/185 167/190/184 168/192/186
f 150/191/185 168/192/186 149/193/187
f 149/193/187 168/192/186 169/194/188
f 149/193/187 169/194/188 148/195/189
f 148/195/189 169/194/188 170/196/190
f 148/195/189 170/196/190 147/197/191
f 147/197/191 170/196/190 171/198/192
f 147/197/191 171/198/192 146/199/193
f 146/199/193 171/198/192 172/200/194
f 146/199/193 172/200/194 145/201/195
f 145/201/195 172/200/194 173/202/196
f 145/201/195 173/202/196 144/203/197
f 144/203/197 173/202/196 174/204/198
f 144/203/197 174/204/198 143/205/199
f 143/205/199 174/204/198 175/206/200
f 143/205/199 175/206/200 142/207/201
f 142/207/201 175/206/200 176/208/202
f 142/207/201 176/208/202 141/209/203
f 141/209/203 176/208/202 177/210/204
f 141/209/203 177/210/204 140/211/205
f 140/211/205 177/210/204 178/212/206
f 140/211/205 178/212/206 139/213/207
f 139/213/207 178/212/206 179/214/208
f 139/213/207 179/214/208 138/215/209
f 138/215/209 179/214/208 180/216/210
f 138/215/209 180/216/210 137/217/211
f 137/217/211 180/216/210 181/218/212
f 137/217/211 181/218/212 136/169/165
f 136/169/165 181/218/212 182/170/166
f 184/219/213 230/220/214 183/221/215
f 183/221/215 230/220/214 207/222/216
f 183/223/215 207/224/216 206/225/217
f 206/225/217 207/224/216 208/226/218
f 206/225/217 208/226/218 205/227/219
f 205/227/219 208/226/218 209/228/220
f 205/227/219 209/228/220 204/229/221
f 204/229/221 209/228/220 210/230/222
f 204/229/221 210/230/222 203/231/223
f 203/231/223 210/230/222 211/232/224
f 203/231/223 211/232/224 202/233/225
f 202/233/225 211/232/224 212/234/226
f 202/233/225 212/234/226 201/235/227
f 201/235/227 212/234/226 213/236/228
f 201/235/227 213/236/228 200/237/229
f 200/237/229 213/236/228 214/238/230
f 200/237/229 214/238/230 199/239/231
f 199/239/231 214/238/230 215/240/232
f 199/239/231 215/240/232 198/241/233
f 198/241/233 215/240/232 216/242/234
f 198/241/233 216/242/234 197/243/235
f 197/243/235 216/242/234 217/244/236
f 197/243/235 217/244/236 196/245/237
f 196/245/237 217/244/236 218/246/238
f 196/245/237 218/246/238 195/247/239
f 195/247/239 218/246/238 219/248/240
f 195/247/239 219/248/240 194/249/241
f 194/249/241 219/248/240 220/250/242
f 194/249/241 220/250/242 193/251/243
f 193/251/243 220/250/242 221/252/244
f 193/251/243 221/252/244 192/253/245
f 192/253/245 221/252/244 222/254/246
f 192/253/245 222/254/246 191/255/247
f 191/255/247 222/254/246 223/256/248
f 191/255/247 223/256/248 190/257/249
f 190/257/249 223/256/248 224/258/250
f 190/257/249 224/258/250 189/259/251
f 189/259/251 224/258/250 225/260/252
f 189/259/251 225/260/252 188/261/253
f 188/261/253 225/260/252 226/262/254
f 188/261/253 226/262/254 187/263/255
f 187/263/255 226/262/254 227/264/256
f 187/263/255 227/264/256 186/265/257
f 186/265/257 227/264/256 228/266/258
f 186/265/257 228/266/258 185/267/259
f 185/267/259 228/266/258 229/268/260
f 185/267/259 229/268/260 184/219/213
f 184/219/213 229/268/260 230/220/214
f 232/269/261 278/270/262 231/271/263
f 231/271/263 278/270/262 255/272/264
f 231/273/263 255/274/264 254/275/265
f 254/275/265 255/274/264 256/276/266
f 254/275/265 256/276/266 253/277/267
f 253/277/267 256/276/266 257/278/268
f 253/277/267 257/278/268 252/279/269
f 252/279/269 257/278/268 258/280/270
f 252/279/269 258/280/270 251/281/271
f 251/281/271 258/280/270 259/282/272
f 251/281/271 259/282/272 250/283/273
f 250/283/273 259/282/272 260/284/274
f 250/283/273 260/284/274 249/285/275
f 249/285/275 260/284/274 261/286/276
f 249/285/275 261/286/276 248/287/277
f 248/287/277 261/286/276 262/288/278
f 248/287/277 262/288/278 247/289/279
f 247/289/279 262/288/278 263/290/280
f 247/289/279 263/290/280 246/291/281
f 246/291/281 263/290/280 264/292/282
f 246/291/281 264/292/282 245/293/283
f 245/293/283 264/292/282 265/294/284
f 245/293/283 265/294/284 244/295/285
f 244/295/285 265/294/284 266/296/286
f 244/295/285 266/296/286 243/297/287
f 243/297/287 266/296/286 267/298/288
f 243/297/287 267/298/288 242/299/289
f 242/299/289 267/298/288 268/300/290
f 242/299/289 268/300/290 241/301/291
f 241/301/291 268/300/290 269/302/292
f 241/301/291 269/302/292 240/303/293
f 240/303/293 269/302/292 270/304/294
f 240/303/293 270/304/294 239/305/295
f 239/305/295 270/304/294 271/306/296
f 239/305/295 271/306/296 238/307/297
f 238/307/297 271/306/296 272/308/298
f 238/307/297 272/308/298 237/309/299
f 237/309/299 272/308/298 273/310/300
f 237/309/299 273/310/300 236/311/301
f 236/311/301 273/310/300 274/312/302
f 236/311/301 274/312/302 235/313/303
f 235/313/303 274/312/302 275/314/304
f 235/313/303 275/314/304 234/315/305
f 234/315/305 275/314/304 276/316/306
f 234/315/305 276/316/306 233/317/307
f 233/317/307 276/316/306 277/318/308
f 233/317/307 277/318/308 232/269/261
f 232/269/261 277/318/308 278/270/262
f 86/319/309 304/320/310 61/321/311
f 61/321/311 304/320/310 279/322/312
f 61/323/311 279/324/312 62/325/313
f 62/325/313 279/324/312 280/326/314
f 62/325/313 280/326/314 281/327/315
f 86/319/309 85/328/316 304/320/310
f 304/320/310 85/328/316 303/329/317
f 303/329/317 85/328/316 84/330/318
f 303/329/317 84/330/318 302/331/319
f 302/331/319 84/330/318 83/332/320
f 302/331/319 83/332/320 301/333/321
f 301/333/321 83/332/320 82/334/322
f 301/333/321 82/334/322 300/335/323
f 300/335/323 82/334/322 81/336/324
f 300/335/323 81/336/324 299/337/325
f 299/337/325 81/336/324 80/338/326
f 299/337/325 80/338/326 298/339/327
f 298/339/327 80/338/326 79/340/328
f 298/339/327 79/340/328 297/341/329
f 297/341/329 79/340/328 78/342/330
f 297/341/329 78/342/330 296/343/331
f 296/343/331 78/342/330 77/344/332
f 296/343/331 77/344/332 295/345/333
f 295/345/333 77/344/332 76/346/334
f 295/345/333 76/346/334 294/347/335
f 294/347/335 76/346/334 75/348/336
f 294/347/335 75/348/336 293/349/337
f 293/349/337 75/348/336 74/350/338
f 293/349/337 74/350/338 292/351/339
f 292/351/339 74/350/338 73/352/340
f 292/351/339 73/352/340 291/353/341
f 291/353/341 73/352/340 72/354/342
f 291/353/341 72/354/342 290/355/343
f 290/355/343 72/354/342 71/356/344
f 290/355/343 71/356/344 289/357/345
f 289/357/345 71/356/344 70/358/346
f 289/357/345 70/358/346 288/359/347
f 288/359/347 70/358/346 69/360/348
f 288/359/347 69/360/348 287/361/349
f 287/361/349 69/360/348 68/362/350
f 287/361/349 68/362/350 286/363/351
f 286/363/351 68/362/350 67/364/352
f 286/363/351 67/364/352 285/365/353
f 285/365/353 67/364/352 66/366/354
f 285/365/353 66/366/354 284/367/355
f 284/367/355 66/366/354 65/368/356
f 284/367/355 65/368/356 283/369/357
f 283/369/357 65/368/356 64/370/358
f 283/369/357 64/370/358 282/371/359
f 282/371/359 64/370/358 63/372/360
f 282/371/359 63/372/360 281/327/315
f 281/327/315 63/372/360 62/325/313
f 306/373/361 352/374/362 305/375/363
f 305/375/363 352/374/362 329/376/364
f 305/377/363 329/378/364 328/379/365
f 328/379/365 329/378/364 330/380/366
f 328/379/365 330/380/366 327/381/367
f 327/381/367 330/380/366 331/382/368
f 327/381/367 331/382/368 326/383/369
f 326/383/369 331/382/368 332/384/370
f 326/383/369 332/384/370 325/385/371
f 325/385/371 332/384/370 333/386/372
f 325/385/371 333/386/372 324/387/373
f 324/387/373 333/386/372 334/388/374
f 324/387/373 334/388/374 323/389/375
f 323/389/375 334/388/374 335/390/376
f 323/389/375 335/390/376 322/391/377
f 322/391/377 335/390/376 336/392/378
f 322/391/377 336/392/378 321/393/379
f 321/393/379 336/392/378 337/394/380
f 321/393/379 337/394/380 320/395/381
f 320/395/381 337/394/380 338/396/382
f 320/395/381 338/396/382 319/397/383
f 319/397/383 338/396/382 339/398/384
f 319/397/383 339/398/384 318/399/385
f 318/399/385 339/398/384 340/400/386
f 318/399/385 340/400/386 317/401/387
f 317/401/387 340/400/386 341/402/388
f 317/401/387 341/402/388 316/403/389
f 316/403/389 341/402/388 342/404/390
f 316/403/389 342/404/390 315/405/391
f 315/405/391 342/404/390 343/406/392
f 315/405/391 343/406/392 314/407/393
f 314/407/393 343/406/392 344/408/394
f 314/407/393 344/408/394 313/409/395
f 313/409/395 344/408/394 345/410/396
f 313/409/395 345/410/396 312/411/397
f 312/411/397 345/410/396 346/412/398
f 312/411/397 346/412/398 311/413/399
f 311/413/399 346/412/398 347/414/400
f 311/413/399 347/414/400 310/415/401
f 310/415/401 347/414/400 348/416/402
f 310/415/401 348/416/402 309/417/403
f 309/417/403 348/416/402 349/418/404
f 309/417/403 349/418/404 308/419/405
f 308/419/405 349/418/404 350/420/406
f 308/419/405 350/420/406 307/421/407
f 307/421/407 350/420/406 351/422/408
f 307/421/407 351/422/408 306/373/361
f 306/373/361 351/422/408 352/374/362
f 354/423/409 400/424/410 353/425/411
f 353/425/411 400/424/410 377/426/412
f 353/427/411 377/428/412 376/429/413
f 376/429/413 377/428/412 378/430/414
f 376/429/413 378/430/414 375/431/415
f 375/431/415 378/430/414 379/432/416
f 375/431/415 379/432/416 374/433/417
f 374/433/417 379/432/416 380/434/418
f 374/433/417 380/434/418 373/435/419
f 373/435/419 380/434/418 381/436/420
f 373/435/419 381/436/420 372/437/421
f 372/437/421 381/436/420 382/438/422
f 372/437/421 382/438/422 371/439/423
f 371/439/423 382/438/422 383/440/424
f 371/439/423 383/440/424 370/441/425
f 370/441/425 383/440/424 384/442/426
f 370/441/425 384/442/426 369/443/427
f 369/443/427 384/442/426 385/444/428
f 369/443/427 385/444/428 368/445/429
f 368/445/429 385/444/428 386/446/430
f 368/445/429 386/446/430 367/447/431
f 367/447/431 386/446/430 387/448/432
f 367/447/431 387/448/432 366/449/433
f 366/449/433 387/448/432 388/450/434
f 366/449/433 388/450/434 365/451/435
f 365/451/435 388/450/434 389/452/436
f 365/451/435 389/452/436 364/453/437
f 364/453/437 389/452/436 390/454/438
f 364/453/437 390/454/438 363/455/439
f 363/455/439 390/454/438 391/456/440
f 363/455/439 391/456/440 362/457/441
f 362/457/441 391/456/440 392/458/442
f 362/457/441 392/458/442 361/459/443
f 361/459/443 392/458/442 393/460/444
f 361/459/443 393/460/444 360/461/445
f 360/461/445 393/460/444 394/462/446
f 360/461/445 394/462/446 359/463/447
f 359/463/447 394/462/446 395/464/448
f 359/463/447 395/464/448 358/465/449
f 358/465/449 395/464/448 396/466/450
f 358/465/449 396/466/450 357/467/451
f 357/467/451 396/466/450 397/468/452
f 357/467/451 397/468/452 356/469/453
f 356/469/453 397/468/452 398/470/454
f 356/469/453 398/470/454 355/471/455
f 355/471/455 398/470/454 399/472/456
f 355/471/455 399/472/456 354/423/409
f 354/423/409 399/472/456 400/424/410
f 401/473/457 402/474/458 404/475/459
f 404/475/459 402/474/458 403/476/460
f 416/477/461 405/478/462 415/479/463
f 415/479/463 405/478/462 406/480/464
f 415/479/463 406/480/464 414/481/465
f 414/481/465 406/480/464 407/482/466
f 414/481/465 407/482/466 413/483/467
f 413/483/467 407/482/466 408/484/468
f 413/483/467 408/484/468 412/485/469
f 412/485/469 408/484/468 409/486/470
f 412/485/469 409/486/470 411/487/471
f 411/487/471 409/486/470 410/488/472
f 411/487/471 410/488/472 404/489/459
f 404/489/459 410/488/472 401/490/457
f 422/491/473 417/492/474 421/493/475
f 421/493/475 417/492/474 418/494/476
f 421/493/475 418/494/476 420/495/477
f 420/495/477 418/494/476 419/496/478
f 420/495/477 419/496/478 416/497/461
f 416/497/461 419/496/478 405/498/462
f 434/499/479 423/500/480 433/501/481
f 433/501/481 423/500/480 424/502/482
f 433/501/481 424/502/482 432/503/483
f 432/503/483 424/502/482 425/504/484
f 432/503/483 425/504/484 431/505/485
f 431/505/485 425/504/484 426/506/486
f 431/505/485 426/506/486 430/507/487
f 430/507/487 426/506/486 427/508/488
f 430/507/487 427/508/488 429/509/489
f 429/509/489 427/508/488 428/510/490
f 429/509/489 428/510/490 422/511/473
f 422/511/473 428/510/490 417/512/474
f 435/513/491 423/514/480 436/515/492
f 436/515/492 423/514/480 434/516/479
f 448/517/493 437/518/494 447/519/495
f 447/519/495 437/518/494 438/520/496
f 447/519/495 438/520/496 446/521/497
f 446/521/497 438/520/496 439/522/498
f 446/521/497 439/522/498 445/523/499
f 445/523/499 439/522/498 440/524/500
f 445/523/499 440/524/500 444/525/501
f 444/525/501 440/524/500 441/526/502
f 444/525/501 441/526/502 443/527/503
f 443/527/503 441/526/502 442/528/504
f 443/527/503 442/528/504 436/529/492
f 436/529/492 442/528/504 435/530/491
f 454/531/505 449/532/506 453/533/507
f 453/533/507 449/532/506 450/534/508
f 453/533/507 450/534/508 452/535/509
f 452/535/509 450/534/508 451/536/510
f 452/535/509 451/536/510 448/537/493
f 448/537/493 451/536/510 437/538/494
f 466/539/511 455/540/512 465/541/513
f 465/541/513 455/540/512 456/542/514
f 465/541/513 456/542/514 464/543/515
f 464/543/515 456/542/514 457/544/516
f 464/543/515 457/544/516 463/545/517
f 463/545/517 457/544/516 458/546/518
f 463/545/517 458/546/518 462/547/519
f 462/547/519 458/546/518 459/548/520
f 462/547/519 459/548/520 461/549/521
f 461/549/521 459/548/520 460/550/522
f 461/549/521 460/550/522 454/551/505
f 454/551/505 460/550/522 449/552/506
f 467/553/523 455/554/512 468/555/524
f 468/555/524 455/554/512 466/556/511
f 480/557/525 469/558/526 479/559/527
f 479/559/527 469/558/526 470/560/528
f 479/559/527 470/560/528 478/561/529
f 478/561/529 470/560/528 471/562/530
f 478/561/529 471/562/530 477/563/531
f 477/563/531 471/562/530 472/564/532
f 477/563/531 472/564/532 476/565/533
f 476/565/533 472/564/532 473/566/534
f 476/565/533 473/566/534 475/567/535
f 475/567/535 473/566/534 474/568/536
f 475/567/535 474/568/536 468/569/524
f 468/569/524 474/568/536 467/570/523
f 486/571/537 481/572/538 485/573/539
f 485/573/539 481/572/538 482/574/540
f 485/573/539 482/574/540 484/575/541
f 484/575/541 482/574/540 483/576/542
f 484/575/541 483/576/542 480/577/525
f 480/577/525 483/576/542 469/578/526
f 498/579/543 487/580/544 497/581/545
f 497/581/545 487/580/544 488/582/546
f 497/581/545 488/582/546 496/583/547
f 496/583/547 488/582/546 489/584/548
f 496/583/547 489/584/548 495/585/549
f 495/585/549 489/584/548 490/586/550
f 495/585/549 490/586/550 494/587/551
f 494/587/551 490/586/550 491/588/552
f 494/587/551 491/588/552 493/589/553
f 493/589/553 491/588/552 492/590/554
f 493/589/553 492/590/554 486/591/537
f 486/591/537 492/590/554 481/592/538
f 499/593/555 487/594/544 500/595/556
f 500/595/556 487/594/544 498/596/543
f 512/597/557 501/598/558 511/599/559
f 511/599/559 501/598/558 502/600/560
f 511/599/559 502/600/560 510/601/561
f 510/601/561 502/600/560 503/602/562
f 510/601/561 503/602/562 509/603/563
f 509/603/563 503/602/562 504/604/564
f 509/603/563 504/604/564 508/605/565
f 508/605/565 504/604/564 505/606/566
f 508/605/565 505/606/566 507/607/567
f 507/607/567 505/606/566 506/608/568
f 507/607/567 506/608/568 500/609/556
f 500/609/556 506/608/568 499/610/555
f 518/611/569 513/612/570 517/613/571
f 517/613/571 513/612/570 514/614/572
f 517/613/571 514/614/572 516/615/573
f 516/615/573 514/614/572 515/616/574
f 516/615/573 515/616/574 512/617/557
f 512/617/557 515/616/574 501/618/558
f 530/619/575 519/620/576 529/621/577
f 529/621/577 519/620/576 520/622/578
f 529/621/577 520/622/578 528/623/579
f 528/623/579 520/622/578 521/624/580
f 528/623/579 521/624/580 527/625/581
f 527/625/581 521/624/580 522/626/582
f 527/625/581 522/626/582 526/627/583
f 526/627/583 522/626/582 523/628/584
f 526/627/583 523/628/584 525/629/585
f 525/629/585 523/628/584 524/630/586
f 525/629/585 524/630/586 518/631/569
f 518/631/569 524/630/586 513/632/570
f 531/633/587 519/634/576 532/635/588
f 532/635/588 519/634/576 530/636/575
f 544/637/589 533/638/590 543/639/591
f 543/639/591 533/638/590 534/640/592
f 543/639/591 534/640/592 542/641/593
f 542/641/593 534/640/592 535/642/594
f 542/641/593 535/642/594 541/643/595
f 541/643/595 535/642/594 536/644/596
f 541/643/595 536/644/596 540/645/597
f 540/645/597 536/644/596 537/646/598
f 540/645/597 537/646/598 539/647/599
f 539/647/599 537/646/598 538/648/600
f 539/647/599 538/648/600 532/649/588
f 532/649/588 538/648/600 531/650/587
f 550/651/601 545/652/602 549/653/603
f 549/653/603 545/652/602 546/654/604
f 549/653/603 546/654/604 548/655/605
f 548/655/605 546/654/604 547/656/606
f 548/655/605 547/656/606 544/657/589
f 544/657/589 547/656/606 533/658/590
f 562/659/607 551/660/608 561/661/609
f 561/661/609 551/660/608 552/662/610
f 561/661/609 552/662/610 560/663/611
f 560/663/611 552/662/610 553/664/612
f 560/663/611 553/664/612 559/665/613
f 559/665/613 553/664/612 554/666/614
f 559/665/613 554/666/614 558/667/615
f 558/667/615 554/666/614 555/668/616
f 558/667/615 555/668/616 557/669/617
f 557/669/617 555/668/616 556/670/618
f 557/669/617 556/670/618 550/671/601
f 550/671/601 556/670/618 545/672/602
f 563/673/619 551/674/608 564/675/620
f 564/675/620 551/674/608 562/676/607
f 576/677/621 565/678/622 575/679/623
f 575/679/623 565/678/622 566/680/624
f 575/679/623 566/680/624 574/681/625
f 574/681/625 566/680/624 567/682/626
f 574/681/625 567/682/626 573/683/627
f 573/683/627 567/682/626 568/684/628
f 573/683/627 568/684/628 572/685/629
f 572/685/629 568/684/628 569/686/630
f 572/685/629 569/686/630 571/687/631
f 571/687/631 569/686/630 570/688/632
f 571/687/631 570/688/632 564/689/620
f 564/689/620 570/688/632 563/690/619
f 582/691/633 577/692/634 581/693/635
f 581/693/635 577/692/634 578/694/636
f 581/693/635 578/694/636 580/695/637
f 580/695/637 578/694/636 579/696/638
f 580/695/637 579/696/638 576/697/621
f 576/697/621 579/696/638 565/698/622
f 594/699/639 583/700/640 593/701/641
f 593/701/641 583/700/640 584/702/642
f 593/701/641 584/702/642 592/703/643
f 592/703/643 584/702/642 585/704/644
f 592/703/643 585/704/644 591/705/645
f 591/705/645 585/704/644 586/706/646
f 591/705/645 586/706/646 590/707/647
f 590/707/647 586/706/646 587/708/648
f 590/707/647 587/708/648 589/709/649
f 589/709/649 587/708/648 588/710/650
f 589/709/649 588/710/650 582/711/633
f 582/711/633 588/710/650 577/712/634
f 595/713/651 583/714/640 596/715/652
f 596/715/652 583/714/640 594/716/639
f 608/717/653 597/718/654 607/719/655
f 607/719/655 597/718/654 598/720/656
f 607/719/655 598/720/656 606/721/657
f 606/721/657 598/720/656 599/722/658
f 606/721/657 599/722/658 605/723/659
f 605/723/659 599/722/658 600/724/660
f 605/723/659 600/724/660 604/725/661
f 604/725/661 600/724/660 601/726/662
f 604/725/661 601/726/662 603/727/663
f 603/727/663 601/726/662 602/728/664
f 603/727/663 602/728/664 596/729/652
f 596/729/652 602/728/664 595/730/651
f 614/731/665 609/732/666 613/733/667
f 613/733/667 609/732/666 610/734/668
f 613/733/667 610/734/668 612/735/669
f 612/735/669 610/734/668 611/736/670
f 612/735/669 611/736/670 608/737/653
f 608/737/653 611/736/670 597/738/654
f 626/739/671 615/740/672 625/741/673
f 625/741/673 615/740/672 616/742/674
f 625/741/673 616/742/674 624/743/675
f 624/743/675 616/742/674 617/744/676
f 624/743/675 617/744/676 623/745/677
f 623/745/677 617/744/676 618/746/678
f 623/745/677 618/746/678 622/747/679
f 622/747/679 618/746/678 619/748/680
f 622/747/679 619/748/680 621/749/681
f 621/749/681 619/748/680 620/750/682
f 621/749/681 620/750/682 614/751/665
f 614/751/665 620/750/682 609/752/666
f 627/753/683 615/754/672 628/755/684
f 628/755/684 615/754/672 626/756/671
f 640/757/685 629/758/686 639/759/687
f 639/759/687 629/758/686 630/760/688
f 639/759/687 630/760/688 638/761/689
f 638/761/689 630/760/688 631/762/690
f 638/761/689 631/762/690 637/763/691
f 637/763/691 631/762/690 632/764/692
f 637/763/691 632/764/692 636/765/693
f 636/765/693 632/764/692 633/766/694
f 636/765/693 633/766/694 635/767/695
f 635/767/695 633/766/694 634/768/696
f 635/767/695 634/768/696 628/769/684
f 628/769/684 634/768/696 627/770/683
f 646/771/697 641/772/698 645/773/699
f 645/773/699 641/772/698 642/774/700
f 645/773/699 642/774/700 644/775/701
f 644/775/701 642/774/700 643/776/702
f 644/775/701 643/776/702 640/777/685
f 640/777/685 643/776/702 629/778/686
f 658/779/703 647/780/704 657/781/705
f 657/781/705 647/780/704 648/782/706
f 657/781/705 648/782/706 656/783/707
f 656/783/707 648/782/706 649/784/708
f 656/783/707 649/784/708 655/785/709
f 655/785/709 649/784/708 650/786/710
f 655/785/709 650/786/710 654/787/711
f 654/787/711 650/786/710 651/788/712
f 654/787/711 651/788/712 653/789/713
f 653/789/713 651/788/712 652/790/714
f 653/789/713 652/790/714 646/791/697
f 646/791/697 652/790/714 641/792/698
f 659/793/715 647/794/704 660/795/716
f 660/795/716 647/794/704 658/796/703
f 672/797/717 661/798/718 671/799/719
f 671/799/719 661/798/718 662/800/720
f 671/799/719 662/800/720 670/801/721
f 670/801/721 662/800/720 663/802/722
f 670/801/721 663/802/722 669/803/723
f 669/803/723 663/802/722 664/804/724
f 669/803/723 664/804/724 668/805/725
f 668/805/725 664/804/724 665/806/726
f 668/805/725 665/806/726 667/807/727
f 667/807/727 665/806/726 666/808/728
f 667/807/727 666/808/728 660/809/716
f 660/809/716 666/808/728 659/810/715
f 678/811/729 673/812/730 677/813/731
f 677/813/731 673/812/730 674/814/732
f 677/813/731 674/814/732 676/815/733
f 676/815/733 674/814/732 675/816/734
f 676/815/733 675/816/734 672/817/717
f 672/817/717 675/816/734 661/818/718
f 690/819/735 679/820/736 689/821/737
f 689/821/737 679/820/736 680/822/738
f 689/821/737 680/822/738 688/823/739
f 688/823/739 680/822/738 681/824/740
f 688/823/739 681/824/740 687/825/741
f 687/825/741 681/824/740 682/826/742
f 687/825/741 682/826/742 686/827/743
f 686/827/743 682/826/742 683/828/744
f 686/827/743 683/828/744 685/829/745
f 685/829/745 683/828/744 684/830/746
f 685/829/745 684/830/746 678/831/729
f 678/831/729 684/830/746 673/832/730
f 691/833/747 679/834/736 692/835/748
f 692/835/748 679/834/736 690/836/735
f 704/837/749 693/838/750 703/839/751
f 703/839/751 693/838/750 694/840/752
f 703/839/751 694/840/752 702/841/753
f 702/841/753 694/840/752 695/842/754
f 702/841/753 695/842/754 701/843/755
f 701/843/755 695/842/754 696/844/756
f 701/843/755 696/844/756 700/845/757
f 700/845/757 696/844/756 697/846/758
f 700/845/757 697/846/758 699/847/759
f 699/847/759 697/846/758 698/848/760
f 699/847/759 698/848/760 692/849/748
f 692/849/748 698/848/760 691/850/747
f 710/851/761 705/852/762 709/853/763
f 709/853/763 705/852/762 706/854/764
f 709/853/763 706/854/764 708/855/765
f 708/855/765 706/854/764 707/856/766
f 708/855/765 707/856/766 704/857/749
f 704/857/749 707/856/766 693/858/750
f 722/859/767 711/860/768 721/861/769
f 721/861/769 711/860/768 712/862/770
f 721/861/769 712/862/770 720/863/771
f 720/863/771 712/862/770 713/864/772
f 720/863/771 713/864/772 719/865/773
f 719/865/773 713/864/772 714/866/774
f 719/865/773 714/866/774 718/867/775
f 718/867/775 714/866/774 715/868/776
f 718/867/775 715/868/776 717/869/777
f 717/869/777 715/868/776 716/870/778
f 717/869/777 716/870/778 710/871/761
f 710/871/761 716/870/778 705/872/762
f 723/873/779 711/874/768 724/875/780
f 724/875/780 711/874/768 722/876/767
f 736/877/781 725/878/782 735/879/783
f 735/879/783 725/878/782 726/880/784
f 735/879/783 726/880/784 734/881/785
f 734/881/785 726/880/784 727/882/786
f 734/881/785 727/882/786 733/883/787
f 733/883/787 727/882/786 728/884/788
f 733/883/787 728/884/788 732/885/789
f 732/885/789 728/884/788 729/886/790
f 732/885/789 729/886/790 731/887/791
f 731/887/791 729/886/790 730/888/792
f 731/887/791 730/888/792 724/889/780
f 724/889/780 730/888/792 723/890/779
f 742/891/793 737/892/794 741/893/795
f 741/893/795 737/892/794 738/894/796
f 741/893/795 738/894/796 740/895/797
f 740/895/797 738/894/796 739/896/798
f 740/895/797 739/896/798 736/897/781
f 736/897/781 739/896/798 725/898/782
f 754/899/799 743/900/800 753/901/801
f 753/901/801 743/900/800 744/902/802
f 753/901/801 744/902/802 752/903/803
f 752/903/803 744/902/802 745/904/804
f 752/903/803 745/904/804 751/905/805
f 751/905/805 745/904/804 746/906/806
f 751/905/805 746/906/806 750/907/807
f 750/907/807 746/906/806 747/908/808
f 750/907/807 747/908/808 749/909/809
f 749/909/809 747/908/808 748/910/810
f 749/909/809 748/910/810 742/911/793
f 742/911/793 748/910/810 737/912/794
f 755/913/811 743/914/800 756/915/812
f 756/915/812 743/914/800 754/916/799
f 768/917/813 757/918/814 767/919/815
f 767/919/815 757/918/814 758/920/816
f 767/919/815 758/920/816 766/921/817
f 766/921/817 758/920/816 759/922/818
f 766/921/817 759/922/818 765/923/819
f 765/923/819 759/922/818 760/924/820
f 765/923/819 760/924/820 764/925/821
f 764/925/821 760/924/820 761/926/822
f 764/925/821 761/926/822 763/927/823
f 763/927/823 761/926/822 762/928/824
f 763/927/823 762/928/824 756/929/812
f 756/929/812 762/928/824 755/930/811
f 774/931/825 769/932/826 773/933/827
f 773/933/827 769/932/826 770/934/828
f 773/933/827 770/934/828 772/935/829
f 772/935/829 770/934/828 771/936/830
f 772/935/829 771/936/830 768/937/813
f 768/937/813 771/936/830 757/938/814
f 786/939/831 775/940/832 785/941/833
f 785/941/833 775/940/832 776/942/834
f 785/941/833 776/942/834 784/943/835
f 784/943/835 776/942/834 777/944/836
f 784/943/835 777/944/836 783/945/837
f 783/945/837 777/944/836 778/946/838
f 783/945/837 778/946/838 782/947/839
f 782/947/839 778/946/838 779/948/840
f 782/947/839 779/948/840 781/949/841
f 781/949/841 779/948/840 780/950/842
f 781/949/841 780/950/842 774/951/825
f 774/951/825 780/950/842 769/952/826
f 787/953/843 775/954/832 788/955/844
f 788/955/844 775/954/832 786/956/831
f 800/957/845 789/958/846 799/959/847
f 799/959/847 789/958/846 790/960/848
f 799/959/847 790/960/848 798/961/849
f 798/961/849 790/960/848 791/962/850
f 798/961/849 791/962/850 797/963/851
f 797/963/851 791/962/850 792/964/852
f 797/963/851 792/964/852 796/965/853
f 796/965/853 792/964/852 793/966/854
f 796/965/853 793/966/854 795/967/855
f 795/967/855 793/966/854 794/968/856
f 795/967/855 794/968/856 788/969/844
f 788/969/844 794/968/856 787/970/843
f 806/971/857 801/972/858 805/973/859
f 805/973/859 801/972/858 802/974/860
f 805/973/859 802/974/860 804/975/861
f 804/975/861 802/974/860 803/976/862
f 804/975/861 803/976/862 800/977/845
f 800/977/845 803/976/862 789/978/846
f 818/979/863 807/980/864 817/981/865
f 817/981/865 807/980/864 808/982/866
f 817/981/865 808/982/866 816/983/867
f 816/983/867 808/982/866 809/984/868
f 816/983/867 809/984/868 815/985/869
f 815/985/869 809/984/868 810/986/870
f 815/985/869 810/986/870 814/987/871
f 814/987/871 810/986/870 811/988/872
f 814/987/871 811/988/872 813/989/873
f 813/989/873 811/988/872 812/990/874
f 813/989/873 812/990/874 806/991/857
f 806/991/857 812/990/874 801/992/858
f 819/993/875 807/994/864 820/995/876
f 820/995/876 807/994/864 818/996/863
f 832/997/877 821/998/878 831/999/879
f 831/999/879 821/998/878 822/1000/880
f 831/999/879 822/1000/880 830/1001/881
f 830/1001/881 822/1000/880 823/1002/882
f 830/1001/881 823/1002/882 829/1003/883
f 829/1003/883 823/1002/882 824/1004/884
f 829/1003/883 824/1004/884 828/1005/885
f 828/1005/885 824/1004/884 825/1006/886
f 828/1005/885 825/1006/886 827/1007/887
f 827/1007/887 825/1006/886 826/1008/888
f 827/1007/887 826/1008/888 820/1009/876
f 820/1009/876 826/1008/888 819/1010/875
f 838/1011/889 833/1012/890 837/1013/891
f 837/1013/891 833/1012/890 834/1014/892
f 837/1013/891 834/1014/892 836/1015/893
f 836/1015/893 834/1014/892 835/1016/894
f 836/1015/893 835/1016/894 832/1017/877
f 832/1017/877 835/1016/894 821/1018/878
f 850/1019/895 839/1020/896 849/1021/897
f 849/1021/897 839/1020/896 840/1022/898
f 849/1021/897 840/1022/898 848/1023/899
f 848/1023/899 840/1022/898 841/1024/900
f 848/1023/899 841/1024/900 847/1025/901
f 847/1025/901 841/1024/900 842/1026/902
f 847/1025/901 842/1026/902 846/1027/903
f 846/1027/903 842/1026/902 843/1028/904
f 846/1027/903 843/1028/904 845/1029/905
f 845/1029/905 843/1028/904 844/1030/906
f 845/1029/905 844/1030/906 838/1031/889
f 838/1031/889 844/1030/906 833/1032/890
f 851/1033/907 839/1034/896 852/1035/908
f 852/1035/908 839/1034/896 850/1036/895
f 864/1037/909 853/1038/910 863/1039/911
f 863/1039/911 853/1038/910 854/1040/912
f 863/1039/911 854/1040/912 862/1041/913
f 862/1041/913 854/1040/912 855/1042/914
f 862/1041/913 855/1042/914 861/1043/915
f 861/1043/915 855/1042/914 856/1044/916
f 861/1043/915 856/1044/916 860/1045/917
f 860/1045/917 856/1044/916 857/1046/918
f 860/1045/917 857/1046/918 859/1047/919
f 859/1047/919 857/1046/918 858/1048/920
f 859/1047/919 858/1048/920 852/1049/908
f 852/1049/908 858/1048/920 851/1050/907
f 870/1051/921 865/1052/922 869/1053/923
f 869/1053/923 865/1052/922 866/1054/924
f 869/1053/923 866/1054/924 868/1055/925
f 868/1055/925 866/1054/924 867/1056/926
f 868/1055/925 867/1056/926 864/1057/909
f 864/1057/909 867/1056/926 853/1058/910
f 882/1059/927 871/1060/928 881/1061/929
f 881/1061/929 871/1060/928 872/1062/930
f 881/1061/929 872/1062/930 880/1063/931
f 880/1063/931 872/1062/930 873/1064/932
f 880/1063/931 873/1064/932 879/1065/933
f 879/1065/933 873/1064/932 874/1066/934
f 879/1065/933 874/1066/934 878/1067/935
f 878/1067/935 874/1066/934 875/1068/936
f 878/1067/935 875/1068/936 877/1069/937
f 877/1069/937 875/1068/936 876/1070/938
f 877/1069/937 876/1070/938 870/1071/921
f 870/1071/921 876/1070/938 865/1072/922
f 883/1073/939 871/1074/928 884/1075/940
f 884/1075/940 871/1074/928 882/1076/927
f 896/1077/941 885/1078/942 895/1079/943
f 895/1079/943 885/1078/942 886/1080/944
f 895/1079/943 886/1080/944 894/1081/945
f 894/1081/945 886/1080/944 887/1082/946
f 894/1081/945 887/1082/946 893/1083/947
f 893/1083/947 887/1082/946 888/1084/948
f 893/1083/947 888/1084/948 892/1085/949
f 892/1085/949 888/1084/948 889/1086/950
f 892/1085/949 889/1086/950 891/1087/951
f 891/1087/951 889/1086/950 890/1088/952
f 891/1087/951 890/1088/952 884/1089/940
f 884/1089/940 890/1088/952 883/1090/939
f 902/1091/953 897/1092/954 901/1093/955
f 901/1093/955 897/1092/954 898/1094/956
f 901/1093/955 898/1094/956 900/1095/957
f 900/1095/957 898/1094/956 899/1096/958
f 900/1095/957 899/1096/958 896/1097/941
f 896/1097/941 899/1096/958 885/1098/942
f 914/1099/959 903/1100/960 913/1101/961
f 913/1101/961 903/1100/960 904/1102/962
f 913/1101/961 904/1102/962 912/1103/963
f 912/1103/963 904/1102/962 905/1104/964
f 912/1103/963 905/1104/964 911/1105/965
f 911/1105/965 905/1104/964 906/1106/966
f 911/1105/965 906/1106/966 910/1107/967
f 910/1107/967 906/1106/966 907/1108/968
f 910/1107/967 907/1108/968 909/1109/969
f 909/1109/969 907/1108/968 908/1110/970
f 909/1109/969 908/1110/970 902/1111/953
f 902/1111/953 908/1110/970 897/1112/954
f 915/1113/971 903/1114/960 916/1115/972
f 916/1115/972 903/1114/960 914/1116/959
f 928/1117/973 917/1118/974 927/1119/975
f 927/1119/975 917/1118/974 918/1120/976
f 927/1119/975 918/1120/976 926/1121/977
f 926/1121/977 918/1120/976 919/1122/978
f 926/1121/977 919/1122/978 925/1123/979
f 925/1123/979 919/1122/978 920/1124/980
f 925/1123/979 920/1124/980 924/1125/981
f 924/1125/981 920/1124/980 921/1126/982
f 924/1125/981 921/1126/982 923/1127/983
f 923/1127/983 921/1126/982 922/1128/984
f 923/1127/983 922/1128/984 916/1129/972
f 916/1129/972 922/1128/984 915/1130/971
f 934/1131/985 929/1132/986 933/1133/987
f 933/1133/987 929/1132/986 930/1134/988
f 933/1133/987 930/1134/988 932/1135/989
f 932/1135/989 930/1134/988 931/1136/990
f 932/1135/989 931/1136/990 928/1137/973
f 928/1137/973 931/1136/990 917/1138/974
f 946/1139/991 935/1140/992 945/1141/993
f 945/1141/993 935/1140/992 936/1142/994
f 945/1141/993 936/1142/994 944/1143/995
f 944/1143/995 936/1142/994 937/1144/996
f 944/1143/995 937/1144/996 943/1145/997
f 943/1145/997 937/1144/996 938/1146/998
f 943/1145/997 938/1146/998 942/1147/999
f 942/1147/999 938/1146/998 939/1148/1000
f 942/1147/999 939/1148/1000 941/1149/1001
f 941/1149/1001 939/1148/1000 940/1150/1002
f 941/1149/1001 940/1150/1002 934/1151/985
f 934/1151/985 940/1150/1002 929/1152/986
f 947/1153/1003 935/1154/992 948/1155/1004
f 948/1155/1004 935/1154/992 946/1156/991
f 960/1157/1005 949/1158/1006 959/1159/1007
f 959/1159/1007 949/1158/1006 950/1160/1008
f 959/1159/1007 950/1160/1008 958/1161/1009
f 958/1161/1009 950/1160/1008 951/1162/1010
f 958/1161/1009 951/1162/1010 957/1163/1011
f 957/1163/1011 951/1162/1010 952/1164/1012
f 957/1163/1011 952/1164/1012 956/1165/1013
f 956/1165/1013 952/1164/1012 953/1166/1014
f 956/1165/1013 953/1166/1014 955/1167/1015
f 955/1167/1015 953/1166/1014 954/1168/1016
f 955/1167/1015 954/1168/1016 948/1169/1004
f 948/1169/1004 954/1168/1016 947/1170/1003
f 966/1171/1017 961/1172/1018 965/1173/1019
f 965/1173/1019 961/1172/1018 962/1174/1020
f 965/1173/1019 962/1174/1020 964/1175/1021
f 964/1175/1021 962/1174/1020 963/1176/1022
f 964/1175/1021 963/1176/1022 960/1177/1005
f 960/1177/1005 963/1176/1022 949/1178/1006
f 978/1179/1023 967/1180/1024 977/1181/1025
f 977/1181/1025 967/1180/1024 968/1182/1026
f 977/1181/1025 968/1182/1026 976/1183/1027
f 976/1183/1027 968/1182/1026 969/1184/1028
f 976/1183/1027 969/1184/1028 975/1185/1029
f 975/1185/1029 969/1184/1028 970/1186/1030
f 975/1185/1029 970/1186/1030 974/1187/1031
f 974/1187/1031 970/1186/1030 971/1188/1032
f 974/1187/1031 971/1188/1032 973/1189/1033
f 973/1189/1033 971/1188/1032 972/1190/1034
f 973/1189/1033 972/1190/1034 966/1191/1017
f 966/1191/1017 972/1190/1034 961/1192/1018
f 979/1193/1035 967/1194/1024 980/1195/1036
f 980/1195/1036 967/1194/1024 978/1196/1023
f 992/1197/1037 981/1198/1038 991/1199/1039
f 991/1199/1039 981/1198/1038 982/1200/1040
f 991/1199/1039 982/1200/1040 990/1201/1041
f 990/1201/1041 982/1200/1040 983/1202/1042
f 990/1201/1041 983/1202/1042 989/1203/1043
f 989/1203/1043 983/1202/1042 984/1204/1044
f 989/1203/1043 984/1204/1044 988/1205/1045
f 988/1205/1045 984/1204/1044 985/1206/1046
f 988/1205/1045 985/1206/1046 987/1207/1047
f 987/1207/1047 985/1206/1046 986/1208/1048
f 987/1207/1047 986/1208/1048 980/1209/1036
f 980/1209/1036 986/1208/1048 979/1210/1035
f 998/1211/1049 993/1212/1050 997/1213/1051
f 997/1213/1051 993/1212/1050 994/1214/1052
f 997/1213/1051 994/1214/1052 996/1215/1053
f 996/1215/1053 994/1214/1052 995/1216/1054
f 996/1215/1053 995/1216/1054 992/1217/1037
f 992/1217/1037 995/1216/1054 981/1218/1038
f 1010/1219/1055 999/1220/1056 1009/1221/1057
f 1009/1221/1057 999/1220/1056 1000/1222/1058
f 1009/1221/1057 1000/1222/1058 1008/1223/1059
f 1008/1223/1059 1000/1222/1058 1001/1224/1060
f 1008/1223/1059 1001/1224/1060 1007/1225/1061
f 1007/1225/1061 1001/1224/1060 1002/1226/1062
f 1007/1225/1061 1002/1226/1062 1006/1227/1063
f 1006/1227/1063 1002/1226/1062 1003/1228/1064
f 1006/1227/1063 1003/1228/1064 1005/1229/1065
f 1005/1229/1065 1003/1228/1064 1004/1230/1066
f 1005/1229/1065 1004/1230/1066 998/1231/1049
f 998/1231/1049 1004/1230/1066 993/1232/1050
f 1011/1233/1067 999/1234/1056 1012/1235/1068
f 1012/1235/1068 999/1234/1056 1010/1236/1055
f 1024/1237/1069 1013/1238/1070 1023/1239/1071
f 1023/1239/1071 1013/1238/1070 1014/1240/1072
f 1023/1239/1071 1014/1240/1072 1022/1241/1073
f 1022/1241/1073 1014/1240/1072 1015/1242/1074
f 1022/1241/1073 1015/1242/1074 1021/1243/1075
f 1021/1243/1075 1015/1242/1074 1016/1244/1076
f 1021/1243/1075 1016/1244/1076 1020/1245/1077
f 1020/1245/1077 1016/1244/1076 1017/1246/1078
f 1020/1245/1077 1017/1246/1078 1019/1247/1079
f 1019/1247/1079 1017/1246/1078 1018/1248/1080
f 1019/1247/1079 1018/1248/1080 1012/1249/1068
f 1012/1249/1068 1018/1248/1080 1011/1250/1067
f 1030/1251/1081 1025/1252/1082 1029/1253/1083
f 1029/1253/1083 1025/1252/1082 1026/1254/1084
f 1029/1253/1083 1026/1254/1084 1028/1255/1085
f 1028/1255/1085 1026/1254/1084 1027/1256/1086
f 1028/1255/1085 1027/1256/1086 1024/1257/1069
f 1024/1257/1069 1027/1256/1086 1013/1258/1070
f 1042/1259/1087 1031/1260/1088 1041/1261/1089
f 1041/1261/1089 1031/1260/1088 1032/1262/1090
f 1041/1261/1089 1032/1262/1090 1040/1263/1091
f 1040/1263/1091 1032/1262/1090 1033/1264/1092
f 1040/1263/1091 1033/1264/1092 1039/1265/1093
f 1039/1265/1093 1033/1264/1092 1034/1266/1094
f 1039/1265/1093 1034/1266/1094 1038/1267/1095
f 1038/1267/1095 1034/1266/1094 1035/1268/1096
f 1038/1267/1095 1035/1268/1096 1037/1269/1097
f 1037/1269/1097 1035/1268/1096 1036/1270/1098
f 1037/1269/1097 1036/1270/1098 1030/1271/1081
f 1030/1271/1081 1036/1270/1098 1025/1272/1082
f 1043/1273/1099 1031/1274/1088 1044/1275/1100
f 1044/1275/1100 1031/1274/1088 1042/1276/1087
f 1056/1277/1101 1045/1278/1102 1055/1279/1103
f 1055/1279/1103 1045/1278/1102 1046/1280/1104
f 1055/1279/1103 1046/1280/1104 1054/1281/1105
f 1054/1281/1105 1046/1280/1104 1047/1282/1106
f 1054/1281/1105 1047/1282/1106 1053/1283/1107
f 1053/1283/1107 1047/1282/1106 1048/1284/1108
f 1053/1283/1107 1048/1284/1108 1052/1285/1109
f 1052/1285/1109 1048/1284/1108 1049/1286/1110
f 1052/1285/1109 1049/1286/1110 1051/1287/1111
f 1051/1287/1111 1049/1286/1110 1050/1288/1112
f 1051/1287/1111 1050/1288/1112 1044/1289/1100
f 1044/1289/1100 1050/1288/1112 1043/1290/1099
f 1062/1291/1113 1057/1292/1114 1061/1293/1115
f 1061/1293/1115 1057/1292/1114 1058/1294/1116
f 1061/1293/1115 1058/1294/1116 1060/1295/1117
f 1060/1295/1117 1058/1294/1116 1059/1296/1118
f 1060/1295/1117 1059/1296/1118 1056/1297/1101
f 1056/1297/1101 1059/1296/1118 1045/1298/1102
f 1074/1299/1119 1063/1300/1120 1073/1301/1121
f 1073/1301/1121 1063/1300/1120 1064/1302/1122
f 1073/1301/1121 1064/1302/1122 1072/1303/1123
f 1072/1303/1123 1064/1302/1122 1065/1304/1124
f 1072/1303/1123 1065/1304/1124 1071/1305/1125
f 1071/1305/1125 1065/1304/1124 1066/1306/1126
f 1071/1305/1125 1066/1306/1126 1070/1307/1127
f 1070/1307/1127 1066/1306/1126 1067/1308/1128
f 1070/1307/1127 1067/1308/1128 1069/1309/1129
f 1069/1309/1129 1067/1308/1128 1068/1310/1130
f 1069/1309/1129 1068/1310/1130 1062/1311/1113
f 1062/1311/1113 1068/1310/1130 1057/1312/1114
f 1075/1313/1131 1063/1314/1120 1076/1315/1132
f 1076/1315/1132 1063/1314/1120 1074/1316/1119
f 1088/1317/1133 1077/1318/1134 1087/1319/1135
f 1087/1319/1135 1077/1318/1134 1078/1320/1136
f 1087/1319/1135 1078/1320/1136 1086/1321/1137
f 1086/1321/1137 1078/1320/1136 1079/1322/1138
f 1086/1321/1137 1079/1322/1138 1085/1323/1139
f 1085/1323/1139 1079/1322/1138 1080/1324/1140
f 1085/1323/1139 1080/1324/1140 1084/1325/1141
f 1084/1325/1141 1080/1324/1140 1081/1326/1142
f 1084/1325/1141 1081/1326/1142 1083/1327/1143
f 1083/1327/1143 1081/1326/1142 1082/1328/1144
f 1083/1327/1143 1082/1328/1144 1076/1329/1132
f 1076/1329/1132 1082/1328/1144 1075/1330/1131
f 1094/1331/1145 1089/1332/1146 1093/1333/1147
f 1093/1333/1147 1089/1332/1146 1090/1334/1148
f 1093/1333/1147 1090/1334/1148 1092/1335/1149
f 1092/1335/1149 1090/1334/1148 1091/1336/1150
f 1092/1335/1149 1091/1336/1150 1088/1337/1133
f 1088/1337/1133 1091/1336/1150 1077/1338/1134
f 1106/1339/1151 1095/1340/1152 1105/1341/1153
f 1105/1341/1153 1095/1340/1152 1096/1342/1154
f 1105/1341/1153 1096/1342/1154 1104/1343/1155
f 1104/1343/1155 1096/1342/1154 1097/1344/1156
f 1104/1343/1155 1097/1344/1156 1103/1345/1157
f 1103/1345/1157 1097/1344/1156 1098/1346/1158
f 1103/1345/1157 1098/1346/1158 1102/1347/1159
f 1102/1347/1159 1098/1346/1158 1099/1348/1160
f 1102/1347/1159 1099/1348/1160 1101/1349/1161
f 1101/1349/1161 1099/1348/1160 1100/1350/1162
f 1101/1349/1161 1100/1350/1162 1094/1351/1145
f 1094/1351/1145 1100/1350/1162 1089/1352/1146
f 1107/1353/1163 1095/1354/1152 1108/1355/1164
f 1108/1355/1164 1095/1354/1152 1106/1356/1151
f 1120/1357/1165 1109/1358/1166 1119/1359/1167
f 1119/1359/1167 1109/1358/1166 1110/1360/1168
f 1119/1359/1167 1110/1360/1168 1118/1361/1169
f 1118/1361/1169 1110/1360/1168 1111/1362/1170
f 1118/1361/1169 1111/1362/1170 1117/1363/1171
f 1117/1363/1171 1111/1362/1170 1112/1364/1172
f 1117/1363/1171 1112/1364/1172 1116/1365/1173
f 1116/1365/1173 1112/1364/1172 1113/1366/1174
f 1116/1365/1173 1113/1366/1174 1115/1367/1175
f 1115/1367/1175 1113/1366/1174 1114/1368/1176
f 1115/1367/1175 1114/1368/1176 1108/1369/1164
f 1108/1369/1164 1114/1368/1176 1107/1370/1163
f 1126/1371/1177 1121/1372/1178 1125/1373/1179
f 1125/1373/1179 1121/1372/1178 1122/1374/1180
f 1125/1373/1179 1122/1374/1180 1124/1375/1181
f 1124/1375/1181 1122/1374/1180 1123/1376/1182
f 1124/1375/1181 1123/1376/1182 1120/1377/1165
f 1120/1377/1165 1123/1376/1182 1109/1378/1166
f 1138/1379/1183 1127/1380/1184 1137/1381/1185
f 1137/1381/1185 1127/1380/1184 1128/1382/1186
f 1137/1381/1185 1128/1382/1186 1136/1383/1187
f 1136/1383/1187 1128/1382/1186 1129/1384/1188
f 1136/1383/1187 1129/1384/1188 1135/1385/1189
f 1135/1385/1189 1129/1384/1188 1130/1386/1190
f 1135/1385/1189 1130/1386/1190 1134/1387/1191
f 1134/1387/1191 1130/1386/1190 1131/1388/1192
f 1134/1387/1191 1131/1388/1192 1133/1389/1193
f 1133/1389/1193 1131/1388/1192 1132/1390/1194
f 1133/1389/1193 1132/1390/1194 1126/1391/1177
f 1126/1391/1177 1132/1390/1194 1121/1392/1178
f 1139/1393/1195 1127/1394/1184 1140/1395/1196
f 1140/1395/1196 1127/1394/1184 1138/1396/1183
f 1152/1397/1197 1141/1398/1198 1151/1399/1199
f 1151/1399/1199 1141/1398/1198 1142/1400/1200
f 1151/1399/1199 1142/1400/1200 1150/1401/1201
f 1150/1401/1201 1142/1400/1200 1143/1402/1202
f 1150/1401/1201 1143/1402/1202 1149/1403/1203
f 1149/1403/1203 1143/1402/1202 1144/1404/1204
f 1149/1403/1203 1144/1404/1204 1148/1405/1205
f 1148/1405/1205 1144/1404/1204 1145/1406/1206
f 1148/1405/1205 1145/1406/1206 1147/1407/1207
f 1147/1407/1207 1145/1406/1206 1146/1408/1208
f 1147/1407/1207 1146/1408/1208 1140/1409/1196
f 1140/1409/1196 1146/1408/1208 1139/1410/1195
f 1158/1411/1209 1153/1412/1210 1157/1413/1211
f 1157/1413/1211 1153/1412/1210 1154/1414/1212
f 1157/1413/1211 1154/1414/1212 1156/1415/1213
f 1156/1415/1213 1154/1414/1212 1155/1416/1214
f 1156/1415/1213 1155/1416/1214 1152/1417/1197
f 1152/1417/1197 1155/1416/1214 1141/1418/1198
f 1170/1419/1215 1159/1420/1216 1169/1421/1217
f 1169/1421/1217 1159/1420/1216 1160/1422/1218
f 1169/1421/1217 1160/1422/1218 1168/1423/1219
f 1168/1423/1219 1160/1422/1218 1161/1424/1220
f 1168/1423/1219 1161/1424/1220 1167/1425/1221
f 1167/1425/1221 1161/1424/1220 1162/1426/1222
f 1167/1425/1221 1162/1426/1222 1166/1427/1223
f 1166/1427/1223 1162/1426/1222 1163/1428/1224
f 1166/1427/1223 1163/1428/1224 1165/1429/1225
f 1165/1429/1225 1163/1428/1224 1164/1430/1226
f 1165/1429/1225 1164/1430/1226 1158/1431/1209
f 1158/1431/1209 1164/1430/1226 1153/1432/1210
f 1171/1433/1227 1159/1434/1216 1172/1435/1228
f 1172/1435/1228 1159/1434/1216 1170/1436/1215
f 1184/1437/1229 1173/1438/1230 1183/1439/1231
f 1183/1439/1231 1173/1438/1230 1174/1440/1232
f 1183/1439/1231 1174/1440/1232 1182/1441/1233
f 1182/1441/1233 1174/1440/1232 1175/1442/1234
f 1182/1441/1233 1175/1442/1234 1181/1443/1235
f 1181/1443/1235 1175/1442/1234 1176/1444/1236
f 1181/1443/1235 1176/1444/1236 1180/1445/1237
f 1180/1445/1237 1176/1444/1236 1177/1446/1238
f 1180/1445/1237 1177/1446/1238 1179/1447/1239
f 1179/1447/1239 1177/1446/1238 1178/1448/1240
f 1179/1447/1239 1178/1448/1240 1172/1449/1228
f 1172/1449/1228 1178/1448/1240 1171/1450/1227
f 1190/1451/1241 1185/1452/1242 1189/1453/1243
f 1189/1453/1243 1185/1452/1242 1186/1454/1244
f 1189/1453/1243 1186/1454/1244 1188/1455/1245
f 1188/1455/1245 1186/1454/1244 1187/1456/1246
f 1188/1455/1245 1187/1456/1246 1184/1457/1229
f 1184/1457/1229 1187/1456/1246 1173/1458/1230
f 1202/1459/1247 1191/1460/1248 1201/1461/1249
f 1201/1461/1249 1191/1460/1248 1192/1462/1250
f 1201/1461/1249 1192/1462/1250 1200/1463/1251
f 1200/1463/1251 1192/1462/1250 1193/1464/1252
f 1200/1463/1251 1193/1464/1252 1199/1465/1253
f 1199/1465/1253 1193/1464/1252 1194/1466/1254
f 1199/1465/1253 1194/1466/1254 1198/1467/1255
f 1198/1467/1255 1194/1466/1254 1195/1468/1256
f 1198/1467/1255 1195/1468/1256 1197/1469/1257
f 1197/1469/1257 1195/1468/1256 1196/1470/1258
f 1197/1469/1257 1196/1470/1258 1190/1471/1241
f 1190/1471/1241 1196/1470/1258 1185/1472/1242
f 1203/1473/1259 1191/1474/1248 1204/1475/1260
f 1204/1475/1260 1191/1474/1248 1202/1476/1247
f 1216/1477/1261 1205/1478/1262 1215/1479/1263
f 1215/1479/1263 1205/1478/1262 1206/1480/1264
f 1215/1479/1263 1206/1480/1264 1214/1481/1265
f 1214/1481/1265 1206/1480/1264 1207/1482/1266
f 1214/1481/1265 1207/1482/1266 1213/1483/1267
f 1213/1483/1267 1207/1482/1266 1208/1484/1268
f 1213/1483/1267 1208/1484/1268 1212/1485/1269
f 1212/1485/1269 1208/1484/1268 1209/1486/1270
f 1212/1485/1269 1209/1486/1270 1211/1487/1271
f 1211/1487/1271 1209/1486/1270 1210/1488/1272
f 1211/1487/1271 1210/1488/1272 1204/1489/1260
f 1204/1489/1260 1210/1488/1272 1203/1490/1259
f 1222/1491/1273 1217/1492/1274 1221/1493/1275
f 1221/1493/1275 1217/1492/1274 1218/1494/1276
f 1221/1493/1275 1218/1494/1276 1220/1495/1277
f 1220/1495/1277 1218/1494/1276 1219/1496/1278
f 1220/1495/1277 1219/1496/1278 1216/1497/1261
f 1216/1497/1261 1219/1496/1278 1205/1498/1262
f 1234/1499/1279 1223/1500/1280 1233/1501/1281
f 1233/1501/1281 1223/1500/1280 1224/1502/1282
f 1233/1501/1281 1224/1502/1282 1232/1503/1283
f 1232/1503/1283 1224/1502/1282 1225/1504/1284
f 1232/1503/1283 1225/1504/1284 1231/1505/1285
f 1231/1505/1285 1225/1504/1284 1226/1506/1286
f 1231/1505/1285 1226/1506/1286 1230/1507/1287
f 1230/1507/1287 1226/1506/1286 1227/1508/1288
f 1230/1507/1287 1227/1508/1288 1229/1509/1289
f 1229/1509/1289 1227/1508/1288 1228/1510/1290
f 1229/1509/1289 1228/1510/1290 1222/1511/1273
f 1222/1511/1273 1228/1510/1290 1217/1512/1274
f 1235/1513/1291 1223/1514/1280 1236/1515/1292
f 1236/1515/1292 1223/1514/1280 1234/1516/1279
f 1248/1517/1293 1237/1518/1294 1247/1519/1295
f 1247/1519/1295 1237/1518/1294 1238/1520/1296
f 1247/1519/1295 1238/1520/1296 1246/1521/1297
f 1246/1521/1297 1238/1520/1296 1239/1522/1298
f 1246/1521/1297 1239/1522/1298 1245/1523/1299
f 1245/1523/1299 1239/1522/1298 1240/1524/1300
f 1245/1523/1299 1240/1524/1300 1244/1525/1301
f 1244/1525/1301 1240/1524/1300 1241/1526/1302
f 1244/1525/1301 1241/1526/1302 1243/1527/1303
f 1243/1527/1303 1241/1526/1302 1242/1528/1304
f 1243/1527/1303 1242/1528/1304 1236/1529/1292
f 1236/1529/1292 1242/1528/1304 1235/1530/1291
f 1254/1531/1305 1249/1532/1306 1253/1533/1307
f 1253/1533/1307 1249/1532/1306 1250/1534/1308
f 1253/1533/1307 1250/1534/1308 1252/1535/1309
f 1252/1535/1309 1250/1534/1308 1251/1536/1310
f 1252/1535/1309 1251/1536/1310 1248/1537/1293
f 1248/1537/1293 1251/1536/1310 1237/1538/1294
f 1266/1539/1311 1255/1540/1312 1265/1541/1313
f 1265/1541/1313 1255/1540/1312 1256/1542/1314
f 1265/1541/1313 1256/1542/1314 1264/1543/1315
f 1264/1543/1315 1256/1542/1314 1257/1544/1316
f 1264/1543/1315 1257/1544/1316 1263/1545/1317
f 1263/1545/1317 1257/1544/1316 1258/1546/1318
f 1263/1545/1317 1258/1546/1318 1262/1547/1319
f 1262/1547/1319 1258/1546/1318 1259/1548/1320
f 1262/1547/1319 1259/1548/1320 1261/1549/1321
f 1261/1549/1321 1259/1548/1320 1260/1550/1322
f 1261/1549/1321 1260/1550/1322 1254/1551/1305
f 1254/1551/1305 1260/1550/1322 1249/1552/1306
f 1267/1553/1323 1255/1554/1312 1268/1555/1324
f 1268/1555/1324 1255/1554/1312 1266/1556/1311
f 1280/1557/1325 1269/1558/1326 1279/1559/1327
f 1279/1559/1327 1269/1558/1326 1270/1560/1328
f 1279/1559/1327 1270/1560/1328 1278/1561/1329
f 1278/1561/1329 1270/1560/1328 1271/1562/1330
f 1278/1561/1329 1271/1562/1330 1277/1563/1331
f 1277/1563/1331 1271/1562/1330 1272/1564/1332
f 1277/1563/1331 1272/1564/1332 1276/1565/1333
f 1276/1565/1333 1272/1564/1332 1273/1566/1334
f 1276/1565/1333 1273/1566/1334 1275/1567/1335
f 1275/1567/1335 1273/1566/1334 1274/1568/1336
f 1275/1567/1335 1274/1568/1336 1268/1569/1324
f 1268/1569/1324 1274/1568/1336 1267/1570/1323
f 1286/1571/1337 1281/1572/1338 1285/1573/1339
f 1285/1573/1339 1281/1572/1338 1282/1574/1340
f 1285/1573/1339 1282/1574/1340 1284/1575/1341
f 1284/1575/1341 1282/1574/1340 1283/1576/1342
f 1284/1575/1341 1283/1576/1342 1280/1577/1325
f 1280/1577/1325 1283/1576/1342 1269/1578/1326
f 1298/1579/1343 1287/1580/1344 1297/1581/1345
f 1297/1581/1345 1287/1580/1344 1288/1582/1346
f 1297/1581/1345 1288/1582/1346 1296/1583/1347
f 1296/1583/1347 1288/1582/1346 1289/1584/1348
f 1296/1583/1347 1289/1584/1348 1295/1585/1349
f 1295/1585/1349 1289/1584/1348 1290/1586/1350
f 1295/1585/1349 1290/1586/1350 1294/1587/1351
f 1294/1587/1351 1290/1586/1350 1291/1588/1352
f 1294/1587/1351 1291/1588/1352 1293/1589/1353
f 1293/1589/1353 1291/1588/1352 1292/1590/1354
f 1293/1589/1353 1292/1590/1354 1286/1591/1337
f 1286/1591/1337 1292/1590/1354 1281/1592/1338
f 1299/1593/1355 1287/1594/1344 1300/1595/1356
f 1300/1595/1356 1287/1594/1344 1298/1596/1343
f 1312/1597/1357 1301/1598/1358 1311/1599/1359
f 1311/1599/1359 1301/1598/1358 1302/1600/1360
f 1311/1599/1359 1302/1600/1360 1310/1601/1361
f 1310/1601/1361 1302/1600/1360 1303/1602/1362
f 1310/1601/1361 1303/1602/1362 1309/1603/1363
f 1309/1603/1363 1303/1602/1362 1304/1604/1364
f 1309/1603/1363 1304/1604/1364 1308/1605/1365
f 1308/1605/1365 1304/1604/1364 1305/1606/1366
f 1308/1605/1365 1305/1606/1366 1307/1607/1367
f 1307/1607/1367 1305/1606/1366 1306/1608/1368
f 1307/1607/1367 1306/1608/1368 1300/1609/1356
f 1300/1609/1356 1306/1608/1368 1299/1610/1355
f 1318/1611/1369 1313/1612/1370 1317/1613/1371
f 1317/1613/1371 1313/1612/1370 1314/1614/1372
f 1317/1613/1371 1314/1614/1372 1316/1615/1373
f 1316/1615/1373 1314/1614/1372 1315/1616/1374
f 1316/1615/1373 1315/1616/1374 1312/1617/1357
f 1312/1617/1357 1315/1616/1374 1301/1618/1358
f 1330/1619/1375 1319/1620/1376 1329/1621/1377
f 1329/1621/1377 1319/1620/1376 1320/1622/1378
f 1329/1621/1377 1320/1622/1378 1328/1623/1379
f 1328/1623/1379 1320/1622/1378 1321/1624/1380
f 1328/1623/1379 1321/1624/1380 1327/1625/1381
f 1327/1625/1381 1321/1624/1380 1322/1626/1382
f 1327/1625/1381 1322/1626/1382 1326/1627/1383
f 1326/1627/1383 1322/1626/1382 1323/1628/1384
f 1326/1627/1383 1323/1628/1384 1325/1629/1385
f 1325/1629/1385 1323/1628/1384 1324/1630/1386
f 1325/1629/1385 1324/1630/1386 1318/1631/1369
f 1318/1631/1369 1324/1630/1386 1313/1632/1370
f 1331/1633/1387 1319/1634/1376 1332/1635/1388
f 1332/1635/1388 1319/1634/1376 1330/1636/1375
f 1344/1637/1389 1333/1638/1390 1343/1639/1391
f 1343/1639/1391 1333/1638/1390 1334/1640/1392
f 1343/1639/1391 1334/1640/1392 1342/1641/1393
f 1342/1641/1393 1334/1640/1392 1335/1642/1394
f 1342/1641/1393 1335/1642/1394 1341/1643/1395
f 1341/1643/1395 1335/1642/1394 1336/1644/1396
f 1341/1643/1395 1336/1644/1396 1340/1645/1397
f 1340/1645/1397 1336/1644/1396 1337/1646/1398
f 1340/1645/1397 1337/1646/1398 1339/1647/1399
f 1339/1647/1399 1337/1646/1398 1338/1648/1400
f 1339/1647/1399 1338/1648/1400 1332/1649/1388
f 1332/1649/1388 1338/1648/1400 1331/1650/1387
f 1350/1651/1401 1345/1652/1402 1349/1653/1403
f 1349/1653/1403 1345/1652/1402 1346/1654/1404
f 1349/1653/1403 1346/1654/1404 1348/1655/1405
f 1348/1655/1405 1346/1654/1404 1347/1656/1406
f 1348/1655/1405 1347/1656/1406 1344/1657/1389
f 1344/1657/1389 1347/1656/1406 1333/1658/1390
f 1362/1659/1407 1351/1660/1408 1361/1661/1409
f 1361/1661/1409 1351/1660/1408 1352/1662/1410
f 1361/1661/1409 1352/1662/1410 1360/1663/1411
f 1360/1663/1411 1352/1662/1410 1353/1664/1412
f 1360/1663/1411 1353/1664/1412 1359/1665/1413
f 1359/1665/1413 1353/1664/1412 1354/1666/1414
f 1359/1665/1413 1354/1666/1414 1358/1667/1415
f 1358/1667/1415 1354/1666/1414 1355/1668/1416
f 1358/1667/1415 1355/1668/1416 1357/1669/1417
f 1357/1669/1417 1355/1668/1416 1356/1670/1418
f 1357/1669/1417 1356/1670/1418 1350/1671/1401
f 1350/1671/1401 1356/1670/1418 1345/1672/1402
f 1363/1673/1419 1351/1674/1408 1364/1675/1420
f 1364/1675/1420 1351/1674/1408 1362/1676/1407
f 1376/1677/1421 1365/1678/1422 1375/1679/1423
f 1375/1679/1423 1365/1678/1422 1366/1680/1424
f 1375/1679/1423 1366/1680/1424 1374/1681/1425
f 1374/1681/1425 1366/1680/1424 1367/1682/1426
f 1374/1681/1425 1367/1682/1426 1373/1683/1427
f 1373/1683/1427 1367/1682/1426 1368/1684/1428
f 1373/1683/1427 1368/1684/1428 1372/1685/1429
f 1372/1685/1429 1368/1684/1428 1369/1686/1430
f 1372/1685/1429 1369/1686/1430 1371/1687/1431
f 1371/1687/1431 1369/1686/1430 1370/1688/1432
f 1371/1687/1431 1370/1688/1432 1364/1689/1420
f 1364/1689/1420 1370/1688/1432 1363/1690/1419
f 1382/1691/1433 1377/1692/1434 1381/1693/1435
f 1381/1693/1435 1377/1692/1434 1378/1694/1436
f 1381/1693/1435 1378/1694/1436 1380/1695/1437
f 1380/1695/1437 1378/1694/1436 1379/1696/1438
f 1380/1695/1437 1379/1696/1438 1376/1697/1421
f 1376/1697/1421 1379/1696/1438 1365/1698/1422
f 1394/1699/1439 1383/1700/1440 1393/1701/1441
f 1393/1701/1441 1383/1700/1440 1384/1702/1442
f 1393/1701/1441 1384/1702/1442 1392/1703/1443
f 1392/1703/1443 1384/1702/1442 1385/1704/1444
f 1392/1703/1443 1385/1704/1444 1391/1705/1445
f 1391/1705/1445 1385/1704/1444 1386/1706/1446
f 1391/1705/1445 1386/1706/1446 1390/1707/1447
f 1390/1707/1447 1386/1706/1446 1387/1708/1448
f 1390/1707/1447 1387/1708/1448 1389/1709/1449
f 1389/1709/1449 1387/1708/1448 1388/1710/1450
f 1389/1709/1449 1388/1710/1450 1382/1711/1433
f 1382/1711/1433 1388/1710/1450 1377/1712/1434
f 1395/1713/1451 1383/1714/1440 1396/1715/1452
f 1396/1715/1452 1383/1714/1440 1394/1716/1439
f 1408/1717/1453 1397/1718/1454 1407/1719/1455
f 1407/1719/1455 1397/1718/1454 1398/1720/1456
f 1407/1719/1455 1398/1720/1456 1406/1721/1457
f 1406/1721/1457 1398/1720/1456 1399/1722/1458
f 1406/1721/1457 1399/1722/1458 1405/1723/1459
f 1405/1723/1459 1399/1722/1458 1400/1724/1460
f 1405/1723/1459 1400/1724/1460 1404/1725/1461
f 1404/1725/1461 1400/1724/1460 1401/1726/1462
f 1404/1725/1461 1401/1726/1462 1403/1727/1463
f 1403/1727/1463 1401/1726/1462 1402/1728/1464
f 1403/1727/1463 1402/1728/1464 1396/1729/1452
f 1396/1729/1452 1402/1728/1464 1395/1730/1451
f 1414/1731/1465 1409/1732/1466 1413/1733/1467
f 1413/1733/1467 1409/1732/1466 1410/1734/1468
f 1413/1733/1467 1410/1734/1468 1412/1735/1469
f 1412/1735/1469 1410/1734/1468 1411/1736/1470
f 1412/1735/1469 1411/1736/1470 1408/1737/1453
f 1408/1737/1453 1411/1736/1470 1397/1738/1454
f 1426/1739/1471 1415/1740/1472 1425/1741/1473
f 1425/1741/1473 1415/1740/1472 1416/1742/1474
f 1425/1741/1473 1416/1742/1474 1424/1743/1475
f 1424/1743/1475 1416/1742/1474 1417/1744/1476
f 1424/1743/1475 1417/1744/1476 1423/1745/1477
f 1423/1745/1477 1417/1744/1476 1418/1746/1478
f 1423/1745/1477 1418/1746/1478 1422/1747/1479
f 1422/1747/1479 1418/1746/1478 1419/1748/1480
f 1422/1747/1479 1419/1748/1480 1421/1749/1481
f 1421/1749/1481 1419/1748/1480 1420/1750/1482
f 1421/1749/1481 1420/1750/1482 1414/1751/1465
f 1414/1751/1465 1420/1750/1482 1409/1752/1466
f 1427/1753/1483 1415/1754/1472 1428/1755/1484
f 1428/1755/1484 1415/1754/1472 1426/1756/1471
f 1440/1757/1485 1429/1758/1486 1439/1759/1487
f 1439/1759/1487 1429/1758/1486 1430/1760/1488
f 1439/1759/1487 1430/1760/1488 1438/1761/1489
f 1438/1761/1489 1430/1760/1488 1431/1762/1490
f 1438/1761/1489 1431/1762/1490 1437/1763/1491
f 1437/1763/1491 1431/1762/1490 1432/1764/1492
f 1437/1763/1491 1432/1764/1492 1436/1765/1493
f 1436/1765/1493 1432/1764/1492 1433/1766/1494
f 1436/1765/1493 1433/1766/1494 1435/1767/1495
f 1435/1767/1495 1433/1766/1494 1434/1768/1496
f 1435/1767/1495 1434/1768/1496 1428/1769/1484
f 1428/1769/1484 1434/1768/1496 1427/1770/1483
f 1446/1771/1497 1441/1772/1498 1445/1773/1499
f 1445/1773/1499 1441/1772/1498 1442/1774/1500
f 1445/1773/1499 1442/1774/1500 1444/1775/1501
f 1444/1775/1501 1442/1774/1500 1443/1776/1502
f 1444/1775/1501 1443/1776/1502 1440/1777/1485
f 1440/1777/1485 1443/1776/1502 1429/1778/1486
f 1458/1779/1503 1447/1780/1504 1457/1781/1505
f 1457/1781/1505 1447/1780/1504 1448/1782/1506
f 1457/1781/1505 1448/1782/1506 1456/1783/1507
f 1456/1783/1507 1448/1782/1506 1449/1784/1508
f 1456/1783/1507 1449/1784/1508 1455/1785/1509
f 1455/1785/1509 1449/1784/1508 1450/1786/1510
f 1455/1785/1509 1450/1786/1510 1454/1787/1511
f 1454/1787/1511 1450/1786/1510 1451/1788/1512
f 1454/1787/1511 1451/1788/1512 1453/1789/1513
f 1453/1789/1513 1451/1788/1512 1452/1790/1514
f 1453/1789/1513 1452/1790/1514 1446/1791/1497
f 1446/1791/1497 1452/1790/1514 1441/1792/1498
f 1459/1793/1515 1447/1794/1504 1460/1795/1516
f 1460/1795/1516 1447/1794/1504 1458/1796/1503
f 1472/1797/1517 1461/1798/1518 1471/1799/1519
f 1471/1799/1519 1461/1798/1518 1462/1800/1520
f 1471/1799/1519 1462/1800/1520 1470/1801/1521
f 1470/1801/1521 1462/1800/1520 1463/1802/1522
f 1470/1801/1521 1463/1802/1522 1469/1803/1523
f 1469/1803/1523 1463/1802/1522 1464/1804/1524
f 1469/1803/1523 1464/1804/1524 1468/1805/1525
f 1468/1805/1525 1464/1804/1524 1465/1806/1526
f 1468/1805/1525 1465/1806/1526 1467/1807/1527
f 1467/1807/1527 1465/1806/1526 1466/1808/1528
f 1467/1807/1527 1466/1808/1528 1460/1809/1516
f 1460/1809/1516 1466/1808/1528 1459/1810/1515
f 1478/1811/1529 1473/1812/1530 1477/1813/1531
f 1477/1813/1531 1473/1812/1530 1474/1814/1532
f 1477/1813/1531 1474/1814/1532 1476/1815/1533
f 1476/1815/1533 1474/1814/1532 1475/1816/1534
f 1476/1815/1533 1475/1816/1534 1472/1817/1517
f 1472/1817/1517 1475/1816/1534 1461/1818/1518
f 1490/1819/1535 1479/1820/1536 1489/1821/1537
f 1489/1821/1537 1479/1820/1536 1480/1822/1538
f 1489/1821/1537 1480/1822/1538 1488/1823/1539
f 1488/1823/1539 1480/1822/1538 1481/1824/1540
f 1488/1823/1539 1481/1824/1540 1487/1825/1541
f 1487/1825/1541 1481/1824/1540 1482/1826/1542
f 1487/1825/1541 1482/1826/1542 1486/1827/1543
f 1486/1827/1543 1482/1826/1542 1483/1828/1544
f 1486/1827/1543 1483/1828/1544 1485/1829/1545
f 1485/1829/1545 1483/1828/1544 1484/1830/1546
f 1485/1829/1545 1484/1830/1546 1478/1831/1529
f 1478/1831/1529 1484/1830/1546 1473/1832/1530
f 1491/1833/1547 1479/1834/1536 1492/1835/1548
f 1492/1835/1548 1479/1834/1536 1490/1836/1535
f 1504/1837/1549 1493/1838/1550 1503/1839/1551
f 1503/1839/1551 1493/1838/1550 1494/1840/1552
f 1503/1839/1551 1494/1840/1552 1502/1841/1553
f 1502/1841/1553 1494/1840/1552 1495/1842/1554
f 1502/1841/1553 1495/1842/1554 1501/1843/1555
f 1501/1843/1555 1495/1842/1554 1496/1844/1556
f 1501/1843/1555 1496/1844/1556 1500/1845/1557
f 1500/1845/1557 1496/1844/1556 1497/1846/1558
f 1500/1845/1557 1497/1846/1558 1499/1847/1559
f 1499/1847/1559 1497/1846/1558 1498/1848/1560
f 1499/1847/1559 1498/1848/1560 1492/1849/1548
f 1492/1849/1548 1498/1848/1560 1491/1850/1547
f 1510/1851/1561 1505/1852/1562 1509/1853/1563
f 1509/1853/1563 1505/1852/1562 1506/1854/1564
f 1509/1853/1563 1506/1854/1564 1508/1855/1565
f 1508/1855/1565 1506/1854/1564 1507/1856/1566
f 1508/1855/1565 1507/1856/1566 1504/1857/1549
f 1504/1857/1549 1507/1856/1566 1493/1858/1550
f 1522/1859/1567 1511/1860/1568 1521/1861/1569
f 1521/1861/1569 1511/1860/1568 1512/1862/1570
f 1521/1861/1569 1512/1862/1570 1520/1863/1571
f 1520/1863/1571 1512/1862/1570 1513/1864/1572
f 1520/1863/1571 1513/1864/1572 1519/1865/1573
f 1519/1865/1573 1513/1864/1572 1514/1866/1574
f 1519/1865/1573 1514/1866/1574 1518/1867/1575
f 1518/1867/1575 1514/1866/1574 1515/1868/1576
f 1518/1867/1575 1515/1868/1576 1517/1869/1577
f 1517/1869/1577 1515/1868/1576 1516/1870/1578
f 1517/1869/1577 1516/1870/1578 1510/1871/1561
f 1510/1871/1561 1516/1870/1578 1505/1872/1562
f 1523/1873/1579 1511/1874/1568 1524/1875/1580
f 1524/1875/1580 1511/1874/1568 1522/1876/1567
f 1536/1877/1581 1525/1878/1582 1535/1879/1583
f 1535/1879/1583 1525/1878/1582 1526/1880/1584
f 1535/1879/1583 1526/1880/1584 1534/1881/1585
f 1534/1881/1585 1526/1880/1584 1527/1882/1586
f 1534/1881/1585 1527/1882/1586 1533/1883/1587
f 1533/1883/1587 1527/1882/1586 1528/1884/1588
f 1533/1883/1587 1528/1884/1588 1532/1885/1589
f 1532/1885/1589 1528/1884/1588 1529/1886/1590
f 1532/1885/1589 1529/1886/1590 1531/1887/1591
f 1531/1887/1591 1529/1886/1590 1530/1888/1592
f 1531/1887/1591 1530/1888/1592 1524/1889/1580
f 1524/1889/1580 1530/1888/1592 1523/1890/1579
f 1542/1891/1593 1537/1892/1594 1541/1893/1595
f 1541/1893/1595 1537/1892/1594 1538/1894/1596
f 1541/1893/1595 1538/1894/1596 1540/1895/1597
f 1540/1895/1597 1538/1894/1596 1539/1896/1598
f 1540/1895/1597 1539/1896/1598 1536/1897/1581
f 1536/1897/1581 1539/1896/1598 1525/1898/1582
f 1554/1899/1599 1543/1900/1600 1553/1901/1601
f 1553/1901/1601 1543/1900/1600 1544/1902/1602
f 1553/1901/1601 1544/1902/1602 1552/1903/1603
f 1552/1903/1603 1544/1902/1602 1545/1904/1604
f 1552/1903/1603 1545/1904/1604 1551/1905/1605
f 1551/1905/1605 1545/1904/1604 1546/1906/1606
f 1551/1905/1605 1546/1906/1606 1550/1907/1607
f 1550/1907/1607 1546/1906/1606 1547/1908/1608
f 1550/1907/1607 1547/1908/1608 1549/1909/1609
f 1549/1909/1609 1547/1908/1608 1548/1910/1610
f 1549/1909/1609 1548/1910/1610 1542/1911/1593
f 1542/1911/1593 1548/1910/1610 1537/1912/1594
f 1555/1913/1611 1543/1914/1600 1556/1915/1612
f 1556/1915/1612 1543/1914/1600 1554/1916/1599
f 1568/1917/1613 1557/1918/1614 1567/1919/1615
f 1567/1919/1615 1557/1918/1614 1558/1920/1616
f 1567/1919/1615 1558/1920/1616 1566/1921/1617
f 1566/1921/1617 1558/1920/1616 1559/1922/1618
f 1566/1921/1617 1559/1922/1618 1565/1923/1619
f 1565/1923/1619 1559/1922/1618 1560/1924/1620
f 1565/1923/1619 1560/1924/1620 1564/1925/1621
f 1564/1925/1621 1560/1924/1620 1561/1926/1622
f 1564/1925/1621 1561/1926/1622 1563/1927/1623
f 1563/1927/1623 1561/1926/1622 1562/1928/1624
f 1563/1927/1623 1562/1928/1624 1556/1929/1612
f 1556/1929/1612 1562/1928/1624 1555/1930/1611
f 1574/1931/1625 1569/1932/1626 1573/1933/1627
f 1573/1933/1627 1569/1932/1626 1570/1934/1628
f 1573/1933/1627 1570/1934/1628 1572/1935/1629
f 1572/1935/1629 1570/1934/1628 1571/1936/1630
f 1572/1935/1629 1571/1936/1630 1568/1937/1613
f 1568/1937/1613 1571/1936/1630 1557/1938/1614
f 1586/1939/1631 1575/1940/1632 1585/1941/1633
f 1585/1941/1633 1575/1940/1632 1576/1942/1634
f 1585/1941/1633 1576/1942/1634 1584/1943/1635
f 1584/1943/1635 1576/1942/1634 1577/1944/1636
f 1584/1943/1635 1577/1944/1636 1583/1945/1637
f 1583/1945/1637 1577/1944/1636 1578/1946/1638
f 1583/1945/1637 1578/1946/1638 1582/1947/1639
f 1582/1947/1639 1578/1946/1638 1579/1948/1640
f 1582/1947/1639 1579/1948/1640 1581/1949/1641
f 1581/1949/1641 1579/1948/1640 1580/1950/1642
f 1581/1949/1641 1580/1950/1642 1574/1951/1625
f 1574/1951/1625 1580/1950/1642 1569/1952/1626
f 1587/1953/1643 1575/1954/1632 1588/1955/1644
f 1588/1955/1644 1575/1954/1632 1586/1956/1631
f 1600/1957/1645 1589/1958/1646 1599/1959/1647
f 1599/1959/1647 1589/1958/1646 1590/1960/1648
f 1599/1959/1647 1590/1960/1648 1598/1961/1649
f 1598/1961/1649 1590/1960/1648 1591/1962/1650
f 1598/1961/1649 1591/1962/1650 1597/1963/1651
f 1597/1963/1651 1591/1962/1650 1592/1964/1652
f 1597/1963/1651 1592/1964/1652 1596/1965/1653
f 1596/1965/1653 1592/1964/1652 1593/1966/1654
f 1596/1965/1653 1593/1966/1654 1595/1967/1655
f 1595/1967/1655 1593/1966/1654 1594/1968/1656
f 1595/1967/1655 1594/1968/1656 1588/1969/1644
f 1588/1969/1644 1594/1968/1656 1587/1970/1643
f 1606/1971/1657 1601/1972/1658 1605/1973/1659
f 1605/1973/1659 1601/1972/1658 1602/1974/1660
f 1605/1973/1659 1602/1974/1660 1604/1975/1661
f 1604/1975/1661 1602/1974/1660 1603/1976/1662
f 1604/1975/1661 1603/1976/1662 1600/1977/1645
f 1600/1977/1645 1603/1976/1662 1589/1978/1646
f 1618/1979/1663 1607/1980/1664 1617/1981/1665
f 1617/1981/1665 1607/1980/1664 1608/1982/1666
f 1617/1981/1665 1608/1982/1666 1616/1983/1667
f 1616/1983/1667 1608/1982/1666 1609/1984/1668
f 1616/1983/1667 1609/1984/1668 1615/1985/1669
f 1615/1985/1669 1609/1984/1668 1610/1986/1670
f 1615/1985/1669 1610/1986/1670 1614/1987/1671
f 1614/1987/1671 1610/1986/1670 1611/1988/1672
f 1614/1987/1671 1611/1988/1672 1613/1989/1673
f 1613/1989/1673 1611/1988/1672 1612/1990/1674
f 1613/1989/1673 1612/1990/1674 1606/1991/1657
f 1606/1991/1657 1612/1990/1674 1601/1992/1658
f 1619/1993/1675 1607/1994/1664 1620/1995/1676
f 1620/1995/1676 1607/1994/1664 1618/1996/1663
f 1632/1997/1677 1621/1998/1678 1631/1999/1679
f 1631/1999/1679 1621/1998/1678 1622/2000/1680
f 1631/1999/1679 1622/2000/1680 1630/2001/1681
f 1630/2001/1681 1622/2000/1680 1623/2002/1682
f 1630/2001/1681 1623/2002/1682 1629/2003/1683
f 1629/2003/1683 1623/2002/1682 1624/2004/1684
f 1629/2003/1683 1624/2004/1684 1628/2005/1685
f 1628/2005/1685 1624/2004/1684 1625/2006/1686
f 1628/2005/1685 1625/2006/1686 1627/2007/1687
f 1627/2007/1687 1625/2006/1686 1626/2008/1688
f 1627/2007/1687 1626/2008/1688 1620/2009/1676
f 1620/2009/1676 1626/2008/1688 1619/2010/1675
f 1638/2011/1689 1633/2012/1690 1637/2013/1691
f 1637/2013/1691 1633/2012/1690 1634/2014/1692
f 1637/2013/1691 1634/2014/1692 1636/2015/1693
f 1636/2015/1693 1634/2014/1692 1635/2016/1694
f 1636/2015/1693 1635/2016/1694 1632/2017/1677
f 1632/2017/1677 1635/2016/1694 1621/2018/1678
f 1650/2019/1695 1639/2020/1696 1649/2021/1697
f 1649/2021/1697 1639/2020/1696 1640/2022/1698
f 1649/2021/1697 1640/2022/1698 1648/2023/1699
f 1648/2023/1699 1640/2022/1698 1641/2024/1700
f 1648/2023/1699 1641/2024/1700 1647/2025/1701
f 1647/2025/1701 1641/2024/1700 1642/2026/1702
f 1647/2025/1701 1642/2026/1702 1646/2027/1703
f 1646/2027/1703 1642/2026/1702 1643/2028/1704
f 1646/2027/1703 1643/2028/1704 1645/2029/1705
f 1645/2029/1705 1643/2028/1704 1644/2030/1706
f 1645/2029/1705 1644/2030/1706 1638/2031/1689
f 1638/2031/1689 1644/2030/1706 1633/2032/1690
f 1651/2033/1707 1639/2034/1696 1652/2035/1708
f 1652/2035/1708 1639/2034/1696 1650/2036/1695
f 1664/2037/1709 1653/2038/1710 1663/2039/1711
f 1663/2039/1711 1653/2038/1710 1654/2040/1712
f 1663/2039/1711 1654/2040/1712 1662/2041/1713
f 1662/2041/1713 1654/2040/1712 1655/2042/1714
f 1662/2041/1713 1655/2042/1714 1661/2043/1715
f 1661/2043/1715 1655/2042/1714 1656/2044/1716
f 1661/2043/1715 1656/2044/1716 1660/2045/1717
f 1660/2045/1717 1656/2044/1716 1657/2046/1718
f 1660/2045/1717 1657/2046/1718 1659/2047/1719
f 1659/2047/1719 1657/2046/1718 1658/2048/1720
f 1659/2047/1719 1658/2048/1720 1652/2049/1708
f 1652/2049/1708 1658/2048/1720 1651/2050/1707
f 1670/2051/1721 1665/2052/1722 1669/2053/1723
f 1669/2053/1723 1665/2052/1722 1666/2054/1724
f 1669/2053/1723 1666/2054/1724 1668/2055/1725
f 1668/2055/1725 1666/2054/1724 1667/2056/1726
f 1668/2055/1725 1667/2056/1726 1664/2057/1709
f 1664/2057/1709 1667/2056/1726 1653/2058/1710
f 403/2059/460 402/2060/458 1680/2061/1727
f 1680/2061/1727 402/2060/458 1671/2062/1728
f 1680/2061/1727 1671/2062/1728 1679/2063/1729
f 1679/2063/1729 1671/2062/1728 1672/2064/1730
f 1679/2063/1729 1672/2064/1730 1678/2065/1731
f 1678/2065/1731 1672/2064/1730 1673/2066/1732
f 1678/2065/1731 1673/2066/1732 1677/2067/1733
f 1677/2067/1733 1673/2066/1732 1674/2068/1734
f 1677/2067/1733 1674/2068/1734 1676/2069/1735
f 1676/2069/1735 1674/2068/1734 1675/2070/1736
f 1676/2069/1735 1675/2070/1736 1670/2071/1721
f 1670/2071/1721 1675/2070/1736 1665/2072/1722
f 1680/2073/1737 1670/2074/1738 403/2075/1739
f 403/2075/1739 1670/2074/1738 1669/2076/1740
f 403/2075/1739 1669/2076/1740 404/2077/1741
f 404/2077/1741 1669/2076/1740 1668/2078/1742
f 404/2077/1741 1668/2078/1742 1650/2079/1743
f 1650/2079/1743 1668/2078/1742 1652/2080/1744
f 1652/2080/1744 1668/2078/1742 1664/2081/1745
f 1652/2080/1744 1664/2081/1745 1663/2082/1746
f 1680/2073/1737 1679/2083/1747 1670/2074/1738
f 1670/2074/1738 1679/2083/1747 1678/2084/1748
f 1670/2074/1738 1678/2084/1748 1677/2085/1749
f 1677/2085/1749 1676/2086/1750 1670/2074/1738
f 1663/2082/1746 1662/2087/1751 1652/2080/1744
f 1652/2080/1744 1662/2087/1751 1659/2088/1752
f 1659/2088/1752 1662/2087/1751 1661/2089/1753
f 1659/2088/1752 1661/2089/1753 1660/2090/1754
f 404/2077/1741 1650/2079/1743 411/2091/1755
f 411/2091/1755 1650/2079/1743 1649/2092/1756
f 411/2091/1755 1649/2092/1756 412/2093/1757
f 412/2093/1757 1649/2092/1756 1648/2094/1758
f 412/2093/1757 1648/2094/1758 103/2095/1759
f 103/2095/1759 1648/2094/1758 1647/2096/1760
f 103/2095/1759 1647/2096/1760 104/2097/1761
f 104/2097/1761 1647/2096/1760 1646/2098/1762
f 104/2097/1761 1646/2098/1762 105/2099/1763
f 105/2099/1763 1646/2098/1762 1645/2100/1764
f 105/2099/1763 1645/2100/1764 1638/2101/1765
f 105/2099/1763 1638/2101/1765 106/2102/1766
f 106/2102/1766 1638/2101/1765 1637/2103/1767
f 106/2102/1766 1637/2103/1767 1636/2104/1768
f 1636/2104/1768 1632/2105/1769 106/2102/1766
f 106/2102/1766 1632/2105/1769 107/2106/1770
f 107/2106/1770 1632/2105/1769 1631/2107/1771
f 107/2106/1770 1631/2107/1771 1630/2108/1772
f 1629/2109/1773 1583/2110/1774 1630/2108/1772
f 1630/2108/1772 1583/2110/1774 1582/2111/1775
f 1630/2108/1772 1582/2111/1775 51/2112/1776
f 51/2112/1776 1582/2111/1775 1581/2113/1777
f 51/2112/1776 1581/2113/1777 1574/2114/1778
f 1583/2110/1774 1629/2109/1773 1584/2115/1779
f 1584/2115/1779 1629/2109/1773 1628/2116/1780
f 1584/2115/1779 1628/2116/1780 1585/2117/1781
f 1585/2117/1781 1628/2116/1780 1627/2118/1782
f 1585/2117/1781 1627/2118/1782 1586/2119/1783
f 1586/2119/1783 1627/2118/1782 1620/2120/1784
f 1586/2119/1783 1620/2120/1784 1604/2121/1785
f 1604/2121/1785 1620/2120/1784 1605/2122/1786
f 1605/2122/1786 1620/2120/1784 1618/2123/1787
f 1605/2122/1786 1618/2123/1787 1606/2124/1788
f 1606/2124/1788 1618/2123/1787 1617/2125/1789
f 1606/2124/1788 1617/2125/1789 1616/2126/1790
f 1616/2126/1790 1615/2127/1791 1606/2124/1788
f 1606/2124/1788 1615/2127/1791 1614/2128/1792
f 1606/2124/1788 1614/2128/1792 1613/2129/1793
f 1586/2119/1783 1604/2121/1785 1588/2130/1794
f 1588/2130/1794 1604/2121/1785 1600/2131/1795
f 1588/2130/1794 1600/2131/1795 1595/2132/1796
f 1595/2132/1796 1600/2131/1795 1596/2133/1797
f 1596/2133/1797 1600/2131/1795 1599/2134/1798
f 1596/2133/1797 1599/2134/1798 1597/2135/1799
f 1597/2135/1799 1599/2134/1798 1598/2136/1800
f 1574/2114/1778 1573/2137/1801 51/2112/1776
f 51/2112/1776 1573/2137/1801 1572/2138/1802
f 51/2112/1776 1572/2138/1802 1568/2139/1803
f 1567/2140/1804 364/2141/1805 1568/2139/1803
f 1568/2139/1803 364/2141/1805 52/2142/1806
f 1568/2139/1803 52/2142/1806 51/2112/1776
f 364/2141/1805 1567/2140/1804 365/2143/1807
f 365/2143/1807 1567/2140/1804 1566/2144/1808
f 365/2143/1807 1566/2144/1808 366/2145/1809
f 366/2145/1809 1566/2144/1808 1518/2146/1810
f 366/2145/1809 1518/2146/1810 1517/2147/1811
f 1518/2146/1810 1566/2144/1808 1519/2148/1812
f 1519/2148/1812 1566/2144/1808 1565/2149/1813
f 1519/2148/1812 1565/2149/1813 1520/2150/1814
f 1520/2150/1814 1565/2149/1813 1564/2151/1815
f 1520/2150/1814 1564/2151/1815 1521/2152/1816
f 1521/2152/1816 1564/2151/1815 1563/2153/1817
f 1521/2152/1816 1563/2153/1817 1522/2154/1818
f 1522/2154/1818 1563/2153/1817 1556/2155/1819
f 1522/2154/1818 1556/2155/1819 1540/2156/1820
f 1540/2156/1820 1556/2155/1819 1541/2157/1821
f 1541/2157/1821 1556/2155/1819 1554/2158/1822
f 1541/2157/1821 1554/2158/1822 1542/2159/1823
f 1542/2159/1823 1554/2158/1822 1553/2160/1824
f 1542/2159/1823 1553/2160/1824 1552/2161/1825
f 1552/2161/1825 1551/2162/1826 1542/2159/1823
f 1542/2159/1823 1551/2162/1826 1550/2163/1827
f 1542/2159/1823 1550/2163/1827 1549/2164/1828
f 1522/2154/1818 1540/2156/1820 1524/2165/1829
f 1524/2165/1829 1540/2156/1820 1536/2166/1830
f 1524/2165/1829 1536/2166/1830 1531/2167/1831
f 1531/2167/1831 1536/2166/1830 1532/2168/1832
f 1532/2168/1832 1536/2166/1830 1533/2169/1833
f 1533/2169/1833 1536/2166/1830 1534/2170/1834
f 1534/2170/1834 1536/2166/1830 1535/2171/1835
f 366/2145/1809 1517/2147/1811 367/2172/1836
f 367/2172/1836 1517/2147/1811 1510/2173/1837
f 367/2172/1836 1510/2173/1837 1509/2174/1838
f 367/2172/1836 1509/2174/1838 368/2175/1839
f 368/2175/1839 1509/2174/1838 1508/2176/1840
f 368/2175/1839 1508/2176/1840 1504/2177/1841
f 368/2175/1839 1504/2177/1841 369/2178/1842
f 369/2178/1842 1504/2177/1841 1503/2179/1843
f 369/2178/1842 1503/2179/1843 1502/2180/1844
f 369/2178/1842 1502/2180/1844 370/2181/1845
f 370/2181/1845 1502/2180/1844 1501/2182/1846
f 370/2181/1845 1501/2182/1846 1500/2183/1847
f 370/2181/1845 1500/2183/1847 371/2184/1848
f 371/2184/1848 1500/2183/1847 1499/2185/1849
f 371/2184/1848 1499/2185/1849 1457/2186/1850
f 1457/2186/1850 1499/2185/1849 1458/2187/1851
f 1458/2187/1851 1499/2185/1849 1492/2188/1852
f 1458/2187/1851 1492/2188/1852 1476/2189/1853
f 1476/2189/1853 1492/2188/1852 1477/2190/1854
f 1477/2190/1854 1492/2188/1852 1490/2191/1855
f 1477/2190/1854 1490/2191/1855 1478/2192/1856
f 1478/2192/1856 1490/2191/1855 1489/2193/1857
f 1478/2192/1856 1489/2193/1857 1488/2194/1858
f 1488/2194/1858 1487/2195/1859 1478/2192/1856
f 1478/2192/1856 1487/2195/1859 1486/2196/1860
f 1478/2192/1856 1486/2196/1860 1485/2197/1861
f 1458/2187/1851 1476/2189/1853 1460/2198/1862
f 1460/2198/1862 1476/2189/1853 1472/2199/1863
f 1460/2198/1862 1472/2199/1863 1467/2200/1864
f 1467/2200/1864 1472/2199/1863 1468/2201/1865
f 1468/2201/1865 1472/2199/1863 1469/2202/1866
f 1469/2202/1866 1472/2199/1863 1470/2203/1867
f 1470/2203/1867 1472/2199/1863 1471/2204/1868
f 1457/2186/1850 1456/2205/1869 371/2184/1848
f 371/2184/1848 1456/2205/1869 372/2206/1870
f 372/2206/1870 1456/2205/1869 1455/2207/1871
f 372/2206/1870 1455/2207/1871 1454/2208/1872
f 372/2206/1870 1454/2208/1872 373/2209/1873
f 373/2209/1873 1454/2208/1872 1453/2210/1874
f 373/2209/1873 1453/2210/1874 1446/2211/1875
f 373/2209/1873 1446/2211/1875 374/2212/1876
f 374/2212/1876 1446/2211/1875 1445/2213/1877
f 374/2212/1876 1445/2213/1877 1444/2214/1878
f 374/2212/1876 1444/2214/1878 375/2215/1879
f 375/2215/1879 1444/2214/1878 1440/2216/1880
f 375/2215/1879 1440/2216/1880 1439/2217/1881
f 375/2215/1879 1439/2217/1881 376/2218/1882
f 376/2218/1882 1439/2217/1881 1438/2219/1883
f 376/2218/1882 1438/2219/1883 1390/2220/1884
f 1390/2220/1884 1438/2219/1883 1391/2221/1885
f 1391/2221/1885 1438/2219/1883 1437/2222/1886
f 1391/2221/1885 1437/2222/1886 1392/2223/1887
f 1392/2223/1887 1437/2222/1886 1436/2224/1888
f 1392/2223/1887 1436/2224/1888 1393/2225/1889
f 1393/2225/1889 1436/2224/1888 1435/2226/1890
f 1393/2225/1889 1435/2226/1890 1394/2227/1891
f 1394/2227/1891 1435/2226/1890 1428/2228/1892
f 1394/2227/1891 1428/2228/1892 1412/2229/1893
f 1412/2229/1893 1428/2228/1892 1413/2230/1894
f 1413/2230/1894 1428/2228/1892 1426/2231/1895
f 1413/2230/1894 1426/2231/1895 1414/2232/1896
f 1414/2232/1896 1426/2231/1895 1425/2233/1897
f 1414/2232/1896 1425/2233/1897 1424/2234/1898
f 1424/2234/1898 1423/2235/1899 1414/2232/1896
f 1414/2232/1896 1423/2235/1899 1422/2236/1900
f 1414/2232/1896 1422/2236/1900 1421/2237/1901
f 1394/2227/1891 1412/2229/1893 1396/2238/1902
f 1396/2238/1902 1412/2229/1893 1408/2239/1903
f 1396/2238/1902 1408/2239/1903 1403/2240/1904
f 1403/2240/1904 1408/2239/1903 1404/2241/1905
f 1404/2241/1905 1408/2239/1903 1405/2242/1906
f 1405/2242/1906 1408/2239/1903 1406/2243/1907
f 1406/2243/1907 1408/2239/1903 1407/2244/1908
f 376/2218/1882 1390/2220/1884 353/2245/1909
f 353/2245/1909 1390/2220/1884 1389/2246/1910
f 353/2245/1909 1389/2246/1910 354/2247/1911
f 354/2247/1911 1389/2246/1910 1382/2248/1912
f 354/2247/1911 1382/2248/1912 55/2249/1913
f 55/2249/1913 1382/2248/1912 56/2250/1914
f 56/2250/1914 1382/2248/1912 1381/2251/1915
f 56/2250/1914 1381/2251/1915 1380/2252/1916
f 1380/2252/1916 1376/2253/1917 56/2250/1914
f 56/2250/1914 1376/2253/1917 1375/2254/1918
f 56/2250/1914 1375/2254/1918 1374/2255/1919
f 1373/2256/1920 1327/2257/1921 1374/2255/1919
f 1374/2255/1919 1327/2257/1921 1326/2258/1922
f 1374/2255/1919 1326/2258/1922 56/2250/1914
f 56/2250/1914 1326/2258/1922 246/2259/1923
f 56/2250/1914 246/2259/1923 57/2260/1924
f 57/2260/1924 246/2259/1923 245/2261/1925
f 57/2260/1924 245/2261/1925 244/2262/1926
f 1327/2257/1921 1373/2256/1920 1328/2263/1927
f 1328/2263/1927 1373/2256/1920 1372/2264/1928
f 1328/2263/1927 1372/2264/1928 1329/2265/1929
f 1329/2265/1929 1372/2264/1928 1371/2266/1930
f 1329/2265/1929 1371/2266/1930 1330/2267/1931
f 1330/2267/1931 1371/2266/1930 1364/2268/1932
f 1330/2267/1931 1364/2268/1932 1348/2269/1933
f 1348/2269/1933 1364/2268/1932 1349/2270/1934
f 1349/2270/1934 1364/2268/1932 1362/2271/1935
f 1349/2270/1934 1362/2271/1935 1350/2272/1936
f 1350/2272/1936 1362/2271/1935 1361/2273/1937
f 1350/2272/1936 1361/2273/1937 1360/2274/1938
f 1350/2272/1936 1360/2274/1938 1357/2275/1939
f 1357/2275/1939 1360/2274/1938 1359/2276/1940
f 1357/2275/1939 1359/2276/1940 1358/2277/1941
f 1330/2267/1931 1348/2269/1933 1332/2278/1942
f 1332/2278/1942 1348/2269/1933 1344/2279/1943
f 1332/2278/1942 1344/2279/1943 1339/2280/1944
f 1339/2280/1944 1344/2279/1943 1340/2281/1945
f 1340/2281/1945 1344/2279/1943 1341/2282/1946
f 1341/2282/1946 1344/2279/1943 1342/2283/1947
f 1342/2283/1947 1344/2279/1943 1343/2284/1948
f 246/2259/1923 1326/2258/1922 247/2285/1949
f 247/2285/1949 1326/2258/1922 1325/2286/1950
f 247/2285/1949 1325/2286/1950 1318/2287/1951
f 247/2285/1949 1318/2287/1951 248/2288/1952
f 248/2288/1952 1318/2287/1951 1317/2289/1953
f 248/2288/1952 1317/2289/1953 1316/2290/1954
f 1316/2290/1954 1312/2291/1955 248/2288/1952
f 248/2288/1952 1312/2291/1955 249/2292/1956
f 249/2292/1956 1312/2291/1955 1311/2293/1957
f 249/2292/1956 1311/2293/1957 1310/2294/1958
f 249/2292/1956 1310/2294/1958 250/2295/1959
f 250/2295/1959 1310/2294/1958 1309/2296/1960
f 250/2295/1959 1309/2296/1960 251/2297/1961
f 251/2297/1961 1309/2296/1960 1308/2298/1962
f 251/2297/1961 1308/2298/1962 1264/2299/1963
f 1264/2299/1963 1308/2298/1962 1265/2300/1964
f 1265/2300/1964 1308/2298/1962 1307/2301/1965
f 1265/2300/1964 1307/2301/1965 1266/2302/1966
f 1266/2302/1966 1307/2301/1965 1300/2303/1967
f 1266/2302/1966 1300/2303/1967 1284/2304/1968
f 1284/2304/1968 1300/2303/1967 1285/2305/1969
f 1285/2305/1969 1300/2303/1967 1298/2306/1970
f 1285/2305/1969 1298/2306/1970 1286/2307/1971
f 1286/2307/1971 1298/2306/1970 1293/2308/1972
f 1293/2308/1972 1298/2306/1970 1294/2309/1973
f 1294/2309/1973 1298/2306/1970 1297/2310/1974
f 1294/2309/1973 1297/2310/1974 1295/2311/1975
f 1295/2311/1975 1297/2310/1974 1296/2312/1976
f 1266/2302/1966 1284/2304/1968 1268/2313/1977
f 1268/2313/1977 1284/2304/1968 1280/2314/1978
f 1268/2313/1977 1280/2314/1978 1275/2315/1979
f 1275/2315/1979 1280/2314/1978 1276/2316/1980
f 1276/2316/1980 1280/2314/1978 1277/2317/1981
f 1277/2317/1981 1280/2314/1978 1278/2318/1982
f 1278/2318/1982 1280/2314/1978 1279/2319/1983
f 1264/2299/1963 1263/2320/1984 251/2297/1961
f 251/2297/1961 1263/2320/1984 252/2321/1985
f 252/2321/1985 1263/2320/1984 1262/2322/1986
f 252/2321/1985 1262/2322/1986 253/2323/1987
f 253/2323/1987 1262/2322/1986 1261/2324/1988
f 253/2323/1987 1261/2324/1988 1254/2325/1989
f 253/2323/1987 1254/2325/1989 254/2326/1990
f 254/2326/1990 1254/2325/1989 1253/2327/1991
f 254/2326/1990 1253/2327/1991 1252/2328/1992
f 254/2326/1990 1252/2328/1992 231/2329/1993
f 231/2329/1993 1252/2328/1992 1248/2330/1994
f 231/2329/1993 1248/2330/1994 1247/2331/1995
f 231/2329/1993 1247/2331/1995 232/2332/1996
f 232/2332/1996 1247/2331/1995 1246/2333/1997
f 232/2332/1996 1246/2333/1997 1245/2334/1998
f 1244/2335/1999 1200/2336/2000 1245/2334/1998
f 1245/2334/1998 1200/2336/2000 1199/2337/2001
f 1245/2334/1998 1199/2337/2001 233/2338/2002
f 233/2338/2002 1199/2337/2001 1198/2339/2003
f 233/2338/2002 1198/2339/2003 234/2340/2004
f 234/2340/2004 1198/2339/2003 1197/2341/2005
f 234/2340/2004 1197/2341/2005 235/2342/2006
f 235/2342/2006 1197/2341/2005 1190/2343/2007
f 235/2342/2006 1190/2343/2007 1189/2344/2008
f 1200/2336/2000 1244/2335/1999 1201/2345/2009
f 1201/2345/2009 1244/2335/1999 1243/2346/2010
f 1201/2345/2009 1243/2346/2010 1202/2347/2011
f 1202/2347/2011 1243/2346/2010 1236/2348/2012
f 1202/2347/2011 1236/2348/2012 1220/2349/2013
f 1220/2349/2013 1236/2348/2012 1221/2350/2014
f 1221/2350/2014 1236/2348/2012 1234/2351/2015
f 1221/2350/2014 1234/2351/2015 1222/2352/2016
f 1222/2352/2016 1234/2351/2015 1229/2353/2017
f 1229/2353/2017 1234/2351/2015 1230/2354/2018
f 1230/2354/2018 1234/2351/2015 1231/2355/2019
f 1231/2355/2019 1234/2351/2015 1232/2356/2020
f 1232/2356/2020 1234/2351/2015 1233/2357/2021
f 1202/2347/2011 1220/2349/2013 1204/2358/2022
f 1204/2358/2022 1220/2349/2013 1216/2359/2023
f 1204/2358/2022 1216/2359/2023 1215/2360/2024
f 1214/2361/2025 1213/2362/2026 1215/2360/2024
f 1215/2360/2024 1213/2362/2026 1212/2363/2027
f 1215/2360/2024 1212/2363/2027 1211/2364/2028
f 1211/2364/2028 1204/2358/2022 1215/2360/2024
f 1189/2344/2008 1188/2365/2029 235/2342/2006
f 235/2342/2006 1188/2365/2029 1184/2366/2030
f 235/2342/2006 1184/2366/2030 236/2367/2031
f 236/2367/2031 1184/2366/2030 60/2368/2032
f 236/2367/2031 60/2368/2032 237/2369/2033
f 237/2369/2033 60/2368/2032 238/2370/2034
f 238/2370/2034 60/2368/2032 59/2371/2035
f 238/2370/2034 59/2371/2035 239/2372/2036
f 239/2372/2036 59/2371/2035 240/2373/2037
f 240/2373/2037 59/2371/2035 241/2374/2038
f 241/2374/2038 59/2371/2035 58/2375/2039
f 241/2374/2038 58/2375/2039 242/2376/2040
f 242/2376/2040 58/2375/2039 243/2377/2041
f 243/2377/2041 58/2375/2039 244/2262/1926
f 244/2262/1926 58/2375/2039 57/2260/1924
f 60/2368/2032 1184/2366/2030 31/2378/2042
f 31/2378/2042 1184/2366/2030 1183/2379/2043
f 31/2378/2042 1183/2379/2043 1182/2380/2044
f 1181/2381/2045 1135/2382/2046 1182/2380/2044
f 1182/2380/2044 1135/2382/2046 1134/2383/2047
f 1182/2380/2044 1134/2383/2047 31/2378/2042
f 31/2378/2042 1134/2383/2047 1133/2384/2048
f 31/2378/2042 1133/2384/2048 1126/2385/2049
f 1135/2382/2046 1181/2381/2045 1136/2386/2050
f 1136/2386/2050 1181/2381/2045 1180/2387/2051
f 1136/2386/2050 1180/2387/2051 1137/2388/2052
f 1137/2388/2052 1180/2387/2051 1179/2389/2053
f 1137/2388/2052 1179/2389/2053 1138/2390/2054
f 1138/2390/2054 1179/2389/2053 1172/2391/2055
f 1138/2390/2054 1172/2391/2055 1156/2392/2056
f 1156/2392/2056 1172/2391/2055 1157/2393/2057
f 1157/2393/2057 1172/2391/2055 1170/2394/2058
f 1157/2393/2057 1170/2394/2058 1158/2395/2059
f 1158/2395/2059 1170/2394/2058 1169/2396/2060
f 1158/2395/2059 1169/2396/2060 1165/2397/2061
f 1165/2397/2061 1169/2396/2060 1166/2398/2062
f 1166/2398/2062 1169/2396/2060 1167/2399/2063
f 1167/2399/2063 1169/2396/2060 1168/2400/2064
f 1138/2390/2054 1156/2392/2056 1140/2401/2065
f 1140/2401/2065 1156/2392/2056 1152/2402/2066
f 1140/2401/2065 1152/2402/2066 1147/2403/2067
f 1147/2403/2067 1152/2402/2066 1148/2404/2068
f 1148/2404/2068 1152/2402/2066 1149/2405/2069
f 1149/2405/2069 1152/2402/2066 1150/2406/2070
f 1150/2406/2070 1152/2402/2066 1151/2407/2071
f 1125/2408/2072 325/2409/2073 1126/2385/2049
f 1126/2385/2049 325/2409/2073 324/2410/2074
f 1126/2385/2049 324/2410/2074 32/2411/2075
f 32/2411/2075 324/2410/2074 323/2412/2076
f 32/2411/2075 323/2412/2076 322/2413/2077
f 1125/2408/2072 1124/2414/2078 325/2409/2073
f 325/2409/2073 1124/2414/2078 1120/2415/2079
f 325/2409/2073 1120/2415/2079 1119/2416/2080
f 325/2409/2073 1119/2416/2080 326/2417/2081
f 326/2417/2081 1119/2416/2080 1118/2418/2082
f 326/2417/2081 1118/2418/2082 327/2419/2083
f 327/2419/2083 1118/2418/2082 1117/2420/2084
f 327/2419/2083 1117/2420/2084 1071/2421/2085
f 1071/2421/2085 1117/2420/2084 1072/2422/2086
f 1072/2422/2086 1117/2420/2084 1116/2423/2087
f 1072/2422/2086 1116/2423/2087 1073/2424/2088
f 1073/2424/2088 1116/2423/2087 1115/2425/2089
f 1073/2424/2088 1115/2425/2089 1074/2426/2090
f 1074/2426/2090 1115/2425/2089 1108/2427/2091
f 1074/2426/2090 1108/2427/2091 1092/2428/2092
f 1092/2428/2092 1108/2427/2091 1093/2429/2093
f 1093/2429/2093 1108/2427/2091 1106/2430/2094
f 1093/2429/2093 1106/2430/2094 1094/2431/2095
f 1094/2431/2095 1106/2430/2094 1101/2432/2096
f 1101/2432/2096 1106/2430/2094 1102/2433/2097
f 1102/2433/2097 1106/2430/2094 1103/2434/2098
f 1103/2434/2098 1106/2430/2094 1104/2435/2099
f 1104/2435/2099 1106/2430/2094 1105/2436/2100
f 1074/2426/2090 1092/2428/2092 1076/2437/2101
f 1076/2437/2101 1092/2428/2092 1088/2438/2102
f 1076/2437/2101 1088/2438/2102 1087/2439/2103
f 1087/2439/2103 1086/2440/2104 1076/2437/2101
f 1076/2437/2101 1086/2440/2104 1085/2441/2105
f 1076/2437/2101 1085/2441/2105 1084/2442/2106
f 1084/2442/2106 1083/2443/2107 1076/2437/2101
f 327/2419/2083 1071/2421/2085 328/2444/2108
f 328/2444/2108 1071/2421/2085 1070/2445/2109
f 328/2444/2108 1070/2445/2109 1069/2446/2110
f 328/2444/2108 1069/2446/2110 305/2447/2111
f 305/2447/2111 1069/2446/2110 1062/2448/2112
f 305/2447/2111 1062/2448/2112 1061/2449/2113
f 305/2447/2111 1061/2449/2113 306/2450/2114
f 306/2450/2114 1061/2449/2113 1060/2451/2115
f 306/2450/2114 1060/2451/2115 1056/2452/2116
f 306/2450/2114 1056/2452/2116 307/2453/2117
f 307/2453/2117 1056/2452/2116 1055/2454/2118
f 307/2453/2117 1055/2454/2118 1054/2455/2119
f 307/2453/2117 1054/2455/2119 308/2456/2120
f 308/2456/2120 1054/2455/2119 1053/2457/2121
f 308/2456/2120 1053/2457/2121 309/2458/2122
f 309/2458/2122 1053/2457/2121 1052/2459/2123
f 309/2458/2122 1052/2459/2123 1008/2460/2124
f 1008/2460/2124 1052/2459/2123 1009/2461/2125
f 1009/2461/2125 1052/2459/2123 1051/2462/2126
f 1009/2461/2125 1051/2462/2126 1010/2463/2127
f 1010/2463/2127 1051/2462/2126 1044/2464/2128
f 1010/2463/2127 1044/2464/2128 1028/2465/2129
f 1028/2465/2129 1044/2464/2128 1029/2466/2130
f 1029/2466/2130 1044/2464/2128 1042/2467/2131
f 1029/2466/2130 1042/2467/2131 1030/2468/2132
f 1030/2468/2132 1042/2467/2131 1037/2469/2133
f 1037/2469/2133 1042/2467/2131 1038/2470/2134
f 1038/2470/2134 1042/2467/2131 1039/2471/2135
f 1039/2471/2135 1042/2467/2131 1040/2472/2136
f 1040/2472/2136 1042/2467/2131 1041/2473/2137
f 1010/2463/2127 1028/2465/2129 1012/2474/2138
f 1012/2474/2138 1028/2465/2129 1024/2475/2139
f 1012/2474/2138 1024/2475/2139 1023/2476/2140
f 1023/2476/2140 1022/2477/2141 1012/2474/2138
f 1012/2474/2138 1022/2477/2141 1019/2478/2142
f 1019/2478/2142 1022/2477/2141 1021/2479/2143
f 1019/2478/2142 1021/2479/2143 1020/2480/2144
f 1008/2460/2124 1007/2481/2145 309/2458/2122
f 309/2458/2122 1007/2481/2145 310/2482/2146
f 310/2482/2146 1007/2481/2145 1006/2483/2147
f 310/2482/2146 1006/2483/2147 311/2484/2148
f 311/2484/2148 1006/2483/2147 1005/2485/2149
f 311/2484/2148 1005/2485/2149 998/2486/2150
f 311/2484/2148 998/2486/2150 312/2487/2151
f 312/2487/2151 998/2486/2150 997/2488/2152
f 312/2487/2151 997/2488/2152 996/2489/2153
f 996/2489/2153 992/2490/2154 312/2487/2151
f 312/2487/2151 992/2490/2154 313/2491/2155
f 313/2491/2155 992/2490/2154 991/2492/2156
f 313/2491/2155 991/2492/2156 990/2493/2157
f 989/2494/2158 943/2495/2159 990/2493/2157
f 990/2493/2157 943/2495/2159 942/2496/2160
f 990/2493/2157 942/2496/2160 36/2497/2161
f 36/2497/2161 942/2496/2160 941/2498/2162
f 36/2497/2161 941/2498/2162 934/2499/2163
f 943/2495/2159 989/2494/2158 944/2500/2164
f 944/2500/2164 989/2494/2158 988/2501/2165
f 944/2500/2164 988/2501/2165 945/2502/2166
f 945/2502/2166 988/2501/2165 987/2503/2167
f 945/2502/2166 987/2503/2167 946/2504/2168
f 946/2504/2168 987/2503/2167 980/2505/2169
f 946/2504/2168 980/2505/2169 964/2506/2170
f 964/2506/2170 980/2505/2169 965/2507/2171
f 965/2507/2171 980/2505/2169 978/2508/2172
f 965/2507/2171 978/2508/2172 966/2509/2173
f 966/2509/2173 978/2508/2172 973/2510/2174
f 973/2510/2174 978/2508/2172 974/2511/2175
f 974/2511/2175 978/2508/2172 975/2512/2176
f 975/2512/2176 978/2508/2172 976/2513/2177
f 976/2513/2177 978/2508/2172 977/2514/2178
f 946/2504/2168 964/2506/2170 948/2515/2179
f 948/2515/2179 964/2506/2170 960/2516/2180
f 948/2515/2179 960/2516/2180 955/2517/2181
f 955/2517/2181 960/2516/2180 956/2518/2182
f 956/2518/2182 960/2516/2180 959/2519/2183
f 956/2518/2182 959/2519/2183 957/2520/2184
f 957/2520/2184 959/2519/2183 958/2521/2185
f 934/2499/2163 933/2522/2186 36/2497/2161
f 36/2497/2161 933/2522/2186 932/2523/2187
f 36/2497/2161 932/2523/2187 928/2524/2188
f 927/2525/2189 206/2526/2190 928/2524/2188
f 928/2524/2188 206/2526/2190 37/2527/2191
f 928/2524/2188 37/2527/2191 36/2497/2161
f 206/2526/2190 927/2525/2189 183/2528/2192
f 183/2528/2192 927/2525/2189 926/2529/2193
f 183/2528/2192 926/2529/2193 184/2530/2194
f 184/2530/2194 926/2529/2193 878/2531/2195
f 184/2530/2194 878/2531/2195 877/2532/2196
f 878/2531/2195 926/2529/2193 879/2533/2197
f 879/2533/2197 926/2529/2193 925/2534/2198
f 879/2533/2197 925/2534/2198 880/2535/2199
f 880/2535/2199 925/2534/2198 924/2536/2200
f 880/2535/2199 924/2536/2200 881/2537/2201
f 881/2537/2201 924/2536/2200 923/2538/2202
f 881/2537/2201 923/2538/2202 882/2539/2203
f 882/2539/2203 923/2538/2202 916/2540/2204
f 882/2539/2203 916/2540/2204 900/2541/2205
f 900/2541/2205 916/2540/2204 901/2542/2206
f 901/2542/2206 916/2540/2204 914/2543/2207
f 901/2542/2206 914/2543/2207 902/2544/2208
f 902/2544/2208 914/2543/2207 909/2545/2209
f 909/2545/2209 914/2543/2207 910/2546/2210
f 910/2546/2210 914/2543/2207 911/2547/2211
f 911/2547/2211 914/2543/2207 912/2548/2212
f 912/2548/2212 914/2543/2207 913/2549/2213
f 882/2539/2203 900/2541/2205 884/2550/2214
f 884/2550/2214 900/2541/2205 896/2551/2215
f 884/2550/2214 896/2551/2215 891/2552/2216
f 891/2552/2216 896/2551/2215 892/2553/2217
f 892/2553/2217 896/2551/2215 893/2554/2218
f 893/2554/2218 896/2551/2215 894/2555/2219
f 894/2555/2219 896/2551/2215 895/2556/2220
f 184/2530/2194 877/2532/2196 185/2557/2221
f 185/2557/2221 877/2532/2196 870/2558/2222
f 185/2557/2221 870/2558/2222 869/2559/2223
f 185/2557/2221 869/2559/2223 186/2560/2224
f 186/2560/2224 869/2559/2223 868/2561/2225
f 186/2560/2224 868/2561/2225 864/2562/2226
f 186/2560/2224 864/2562/2226 187/2563/2227
f 187/2563/2227 864/2562/2226 863/2564/2228
f 187/2563/2227 863/2564/2228 862/2565/2229
f 187/2563/2227 862/2565/2229 188/2566/2230
f 188/2566/2230 862/2565/2229 861/2567/2231
f 188/2566/2230 861/2567/2231 860/2568/2232
f 188/2566/2230 860/2568/2232 189/2569/2233
f 189/2569/2233 860/2568/2232 859/2570/2234
f 189/2569/2233 859/2570/2234 817/2571/2235
f 817/2571/2235 859/2570/2234 818/2572/2236
f 818/2572/2236 859/2570/2234 852/2573/2237
f 818/2572/2236 852/2573/2237 836/2574/2238
f 836/2574/2238 852/2573/2237 837/2575/2239
f 837/2575/2239 852/2573/2237 850/2576/2240
f 837/2575/2239 850/2576/2240 838/2577/2241
f 838/2577/2241 850/2576/2240 845/2578/2242
f 845/2578/2242 850/2576/2240 846/2579/2243
f 846/2579/2243 850/2576/2240 847/2580/2244
f 847/2580/2244 850/2576/2240 848/2581/2245
f 848/2581/2245 850/2576/2240 849/2582/2246
f 818/2572/2236 836/2574/2238 820/2583/2247
f 820/2583/2247 836/2574/2238 832/2584/2248
f 820/2583/2247 832/2584/2248 831/2585/2249
f 831/2585/2249 830/2586/2250 820/2583/2247
f 820/2583/2247 830/2586/2250 829/2587/2251
f 820/2583/2247 829/2587/2251 828/2588/2252
f 828/2588/2252 827/2589/2253 820/2583/2247
f 817/2571/2235 816/2590/2254 189/2569/2233
f 189/2569/2233 816/2590/2254 190/2591/2255
f 190/2591/2255 816/2590/2254 815/2592/2256
f 190/2591/2255 815/2592/2256 814/2593/2257
f 190/2591/2255 814/2593/2257 191/2594/2258
f 191/2594/2258 814/2593/2257 813/2595/2259
f 191/2594/2258 813/2595/2259 806/2596/2260
f 191/2594/2258 806/2596/2260 192/2597/2261
f 192/2597/2261 806/2596/2260 805/2598/2262
f 192/2597/2261 805/2598/2262 804/2599/2263
f 192/2597/2261 804/2599/2263 193/2600/2264
f 193/2600/2264 804/2599/2263 800/2601/2265
f 193/2600/2264 800/2601/2265 799/2602/2266
f 193/2600/2264 799/2602/2266 194/2603/2267
f 194/2603/2267 799/2602/2266 798/2604/2268
f 194/2603/2267 798/2604/2268 750/2605/2269
f 750/2605/2269 798/2604/2268 751/2606/2270
f 751/2606/2270 798/2604/2268 797/2607/2271
f 751/2606/2270 797/2607/2271 752/2608/2272
f 752/2608/2272 797/2607/2271 796/2609/2273
f 752/2608/2272 796/2609/2273 753/2610/2274
f 753/2610/2274 796/2609/2273 795/2611/2275
f 753/2610/2274 795/2611/2275 754/2612/2276
f 754/2612/2276 795/2611/2275 788/2613/2277
f 754/2612/2276 788/2613/2277 772/2614/2278
f 772/2614/2278 788/2613/2277 773/2615/2279
f 773/2615/2279 788/2613/2277 786/2616/2280
f 773/2615/2279 786/2616/2280 774/2617/2281
f 774/2617/2281 786/2616/2280 785/2618/2282
f 774/2617/2281 785/2618/2282 784/2619/2283
f 784/2619/2283 783/2620/2284 774/2617/2281
f 774/2617/2281 783/2620/2284 782/2621/2285
f 774/2617/2281 782/2621/2285 781/2622/2286
f 754/2612/2276 772/2614/2278 756/2623/2287
f 756/2623/2287 772/2614/2278 768/2624/2288
f 756/2623/2287 768/2624/2288 767/2625/2289
f 767/2625/2289 766/2626/2290 756/2623/2287
f 756/2623/2287 766/2626/2290 765/2627/2291
f 756/2623/2287 765/2627/2291 764/2628/2292
f 764/2628/2292 763/2629/2293 756/2623/2287
f 194/2603/2267 750/2605/2269 195/2630/2294
f 195/2630/2294 750/2605/2269 749/2631/2295
f 195/2630/2294 749/2631/2295 196/2632/2296
f 196/2632/2296 749/2631/2295 742/2633/2297
f 196/2632/2296 742/2633/2297 40/2634/2298
f 40/2634/2298 742/2633/2297 41/2635/2299
f 41/2635/2299 742/2633/2297 741/2636/2300
f 41/2635/2299 741/2636/2300 740/2637/2301
f 740/2637/2301 736/2638/2302 41/2635/2299
f 41/2635/2299 736/2638/2302 735/2639/2303
f 41/2635/2299 735/2639/2303 734/2640/2304
f 733/2641/2305 687/2642/2306 734/2640/2304
f 734/2640/2304 687/2642/2306 686/2643/2307
f 734/2640/2304 686/2643/2307 41/2635/2299
f 41/2635/2299 686/2643/2307 138/2644/2308
f 41/2635/2299 138/2644/2308 42/2645/2309
f 42/2645/2309 138/2644/2308 137/2646/2310
f 42/2645/2309 137/2646/2310 136/2647/2311
f 687/2642/2306 733/2641/2305 688/2648/2312
f 688/2648/2312 733/2641/2305 732/2649/2313
f 688/2648/2312 732/2649/2313 689/2650/2314
f 689/2650/2314 732/2649/2313 731/2651/2315
f 689/2650/2314 731/2651/2315 690/2652/2316
f 690/2652/2316 731/2651/2315 724/2653/2317
f 690/2652/2316 724/2653/2317 708/2654/2318
f 708/2654/2318 724/2653/2317 709/2655/2319
f 709/2655/2319 724/2653/2317 722/2656/2320
f 709/2655/2319 722/2656/2320 710/2657/2321
f 710/2657/2321 722/2656/2320 721/2658/2322
f 710/2657/2321 721/2658/2322 720/2659/2323
f 710/2657/2321 720/2659/2323 717/2660/2324
f 717/2660/2324 720/2659/2323 719/2661/2325
f 717/2660/2324 719/2661/2325 718/2662/2326
f 690/2652/2316 708/2654/2318 692/2663/2327
f 692/2663/2327 708/2654/2318 704/2664/2328
f 692/2663/2327 704/2664/2328 703/2665/2329
f 703/2665/2329 702/2666/2330 692/2663/2327
f 692/2663/2327 702/2666/2330 701/2667/2331
f 692/2663/2327 701/2667/2331 700/2668/2332
f 700/2668/2332 699/2669/2333 692/2663/2327
f 138/2644/2308 686/2643/2307 139/2670/2334
f 139/2670/2334 686/2643/2307 685/2671/2335
f 139/2670/2334 685/2671/2335 678/2672/2336
f 139/2670/2334 678/2672/2336 140/2673/2337
f 140/2673/2337 678/2672/2336 677/2674/2338
f 140/2673/2337 677/2674/2338 676/2675/2339
f 676/2675/2339 672/2676/2340 140/2673/2337
f 140/2673/2337 672/2676/2340 141/2677/2341
f 141/2677/2341 672/2676/2340 671/2678/2342
f 141/2677/2341 671/2678/2342 670/2679/2343
f 141/2677/2341 670/2679/2343 142/2680/2344
f 142/2680/2344 670/2679/2343 669/2681/2345
f 142/2680/2344 669/2681/2345 143/2682/2346
f 143/2682/2346 669/2681/2345 668/2683/2347
f 143/2682/2346 668/2683/2347 624/2684/2348
f 624/2684/2348 668/2683/2347 625/2685/2349
f 625/2685/2349 668/2683/2347 667/2686/2350
f 625/2685/2349 667/2686/2350 626/2687/2351
f 626/2687/2351 667/2686/2350 660/2688/2352
f 626/2687/2351 660/2688/2352 644/2689/2353
f 644/2689/2353 660/2688/2352 645/2690/2354
f 645/2690/2354 660/2688/2352 658/2691/2355
f 645/2690/2354 658/2691/2355 646/2692/2356
f 646/2692/2356 658/2691/2355 653/2693/2357
f 653/2693/2357 658/2691/2355 654/2694/2358
f 654/2694/2358 658/2691/2355 657/2695/2359
f 654/2694/2358 657/2695/2359 655/2696/2360
f 655/2696/2360 657/2695/2359 656/2697/2361
f 626/2687/2351 644/2689/2353 628/2698/2362
f 628/2698/2362 644/2689/2353 640/2699/2363
f 628/2698/2362 640/2699/2363 639/2700/2364
f 639/2700/2364 638/2701/2365 628/2698/2362
f 628/2698/2362 638/2701/2365 637/2702/2366
f 628/2698/2362 637/2702/2366 636/2703/2367
f 636/2703/2367 635/2704/2368 628/2698/2362
f 624/2684/2348 623/2705/2369 143/2682/2346
f 143/2682/2346 623/2705/2369 144/2706/2370
f 144/2706/2370 623/2705/2369 622/2707/2371
f 144/2706/2370 622/2707/2371 145/2708/2372
f 145/2708/2372 622/2707/2371 621/2709/2373
f 145/2708/2372 621/2709/2373 614/2710/2374
f 145/2708/2372 614/2710/2374 146/2711/2375
f 146/2711/2375 614/2710/2374 613/2712/2376
f 146/2711/2375 613/2712/2376 612/2713/2377
f 146/2711/2375 612/2713/2377 147/2714/2378
f 147/2714/2378 612/2713/2377 608/2715/2379
f 147/2714/2378 608/2715/2379 607/2716/2380
f 147/2714/2378 607/2716/2380 148/2717/2381
f 148/2717/2381 607/2716/2380 606/2718/2382
f 148/2717/2381 606/2718/2382 605/2719/2383
f 604/2720/2384 560/2721/2385 605/2719/2383
f 605/2719/2383 560/2721/2385 559/2722/2386
f 605/2719/2383 559/2722/2386 149/2723/2387
f 149/2723/2387 559/2722/2386 558/2724/2388
f 149/2723/2387 558/2724/2388 150/2725/2389
f 150/2725/2389 558/2724/2388 557/2726/2390
f 150/2725/2389 557/2726/2390 151/2727/2391
f 151/2727/2391 557/2726/2390 550/2728/2392
f 151/2727/2391 550/2728/2392 549/2729/2393
f 560/2721/2385 604/2720/2384 561/2730/2394
f 561/2730/2394 604/2720/2384 603/2731/2395
f 561/2730/2394 603/2731/2395 562/2732/2396
f 562/2732/2396 603/2731/2395 596/2733/2397
f 562/2732/2396 596/2733/2397 580/2734/2398
f 580/2734/2398 596/2733/2397 581/2735/2399
f 581/2735/2399 596/2733/2397 594/2736/2400
f 581/2735/2399 594/2736/2400 582/2737/2401
f 582/2737/2401 594/2736/2400 589/2738/2402
f 589/2738/2402 594/2736/2400 590/2739/2403
f 590/2739/2403 594/2736/2400 591/2740/2404
f 591/2740/2404 594/2736/2400 592/2741/2405
f 592/2741/2405 594/2736/2400 593/2742/2406
f 562/2732/2396 580/2734/2398 564/2743/2407
f 564/2743/2407 580/2734/2398 576/2744/2408
f 564/2743/2407 576/2744/2408 575/2745/2409
f 575/2745/2409 574/2746/2410 564/2743/2407
f 564/2743/2407 574/2746/2410 573/2747/2411
f 564/2743/2407 573/2747/2411 572/2748/2412
f 572/2748/2412 571/2749/2413 564/2743/2407
f 549/2729/2393 548/2750/2414 151/2727/2391
f 151/2727/2391 548/2750/2414 544/2751/2415
f 151/2727/2391 544/2751/2415 152/2752/2416
f 152/2752/2416 544/2751/2415 45/2753/2417
f 152/2752/2416 45/2753/2417 153/2754/2418
f 153/2754/2418 45/2753/2417 154/2755/2419
f 154/2755/2419 45/2753/2417 44/2756/2420
f 154/2755/2419 44/2756/2420 155/2757/2421
f 155/2757/2421 44/2756/2420 156/2758/2422
f 156/2758/2422 44/2756/2420 157/2759/2423
f 157/2759/2423 44/2756/2420 43/2760/2424
f 157/2759/2423 43/2760/2424 158/2761/2425
f 158/2761/2425 43/2760/2424 135/2762/2426
f 135/2762/2426 43/2760/2424 136/2647/2311
f 136/2647/2311 43/2760/2424 42/2645/2309
f 45/2753/2417 544/2751/2415 46/2763/2427
f 46/2763/2427 544/2751/2415 543/2764/2428
f 46/2763/2427 543/2764/2428 542/2765/2429
f 541/2766/2430 495/2767/2431 542/2765/2429
f 542/2765/2429 495/2767/2431 494/2768/2432
f 542/2765/2429 494/2768/2432 46/2763/2427
f 46/2763/2427 494/2768/2432 493/2769/2433
f 46/2763/2427 493/2769/2433 486/2770/2434
f 495/2767/2431 541/2766/2430 496/2771/2435
f 496/2771/2435 541/2766/2430 540/2772/2436
f 496/2771/2435 540/2772/2436 497/2773/2437
f 497/2773/2437 540/2772/2436 539/2774/2438
f 497/2773/2437 539/2774/2438 498/2775/2439
f 498/2775/2439 539/2774/2438 532/2776/2440
f 498/2775/2439 532/2776/2440 516/2777/2441
f 516/2777/2441 532/2776/2440 517/2778/2442
f 517/2778/2442 532/2776/2440 530/2779/2443
f 517/2778/2442 530/2779/2443 518/2780/2444
f 518/2780/2444 530/2779/2443 529/2781/2445
f 518/2780/2444 529/2781/2445 528/2782/2446
f 528/2782/2446 527/2783/2447 518/2780/2444
f 518/2780/2444 527/2783/2447 526/2784/2448
f 518/2780/2444 526/2784/2448 525/2785/2449
f 498/2775/2439 516/2777/2441 500/2786/2450
f 500/2786/2450 516/2777/2441 512/2787/2451
f 500/2786/2450 512/2787/2451 507/2788/2452
f 507/2788/2452 512/2787/2451 511/2789/2453
f 507/2788/2452 511/2789/2453 510/2790/2454
f 510/2790/2454 509/2791/2455 507/2788/2452
f 507/2788/2452 509/2791/2455 508/2792/2456
f 485/2793/2457 95/2794/2458 486/2770/2434
f 486/2770/2434 95/2794/2458 94/2795/2459
f 486/2770/2434 94/2795/2459 47/2796/2460
f 47/2796/2460 94/2795/2459 93/2797/2461
f 47/2796/2460 93/2797/2461 92/2798/2462
f 485/2793/2457 484/2799/2463 95/2794/2458
f 95/2794/2458 484/2799/2463 480/2800/2464
f 95/2794/2458 480/2800/2464 479/2801/2465
f 95/2794/2458 479/2801/2465 96/2802/2466
f 96/2802/2466 479/2801/2465 478/2803/2467
f 96/2802/2466 478/2803/2467 97/2804/2468
f 97/2804/2468 478/2803/2467 477/2805/2469
f 97/2804/2468 477/2805/2469 431/2806/2470
f 431/2806/2470 477/2805/2469 432/2807/2471
f 432/2807/2471 477/2805/2469 476/2808/2472
f 432/2807/2471 476/2808/2472 433/2809/2473
f 433/2809/2473 476/2808/2472 475/2810/2474
f 433/2809/2473 475/2810/2474 434/2811/2475
f 434/2811/2475 475/2810/2474 468/2812/2476
f 434/2811/2475 468/2812/2476 452/2813/2477
f 452/2813/2477 468/2812/2476 453/2814/2478
f 453/2814/2478 468/2812/2476 466/2815/2479
f 453/2814/2478 466/2815/2479 454/2816/2480
f 454/2816/2480 466/2815/2479 461/2817/2481
f 461/2817/2481 466/2815/2479 465/2818/2482
f 461/2817/2481 465/2818/2482 464/2819/2483
f 464/2819/2483 463/2820/2484 461/2817/2481
f 461/2817/2481 463/2820/2484 462/2821/2485
f 434/2811/2475 452/2813/2477 436/2822/2486
f 436/2822/2486 452/2813/2477 448/2823/2487
f 436/2822/2486 448/2823/2487 447/2824/2488
f 447/2824/2488 446/2825/2489 436/2822/2486
f 436/2822/2486 446/2825/2489 445/2826/2490
f 436/2822/2486 445/2826/2490 444/2827/2491
f 444/2827/2491 443/2828/2492 436/2822/2486
f 97/2804/2468 431/2806/2470 98/2829/2493
f 98/2829/2493 431/2806/2470 430/2830/2494
f 98/2829/2493 430/2830/2494 429/2831/2495
f 98/2829/2493 429/2831/2495 99/2832/2496
f 99/2832/2496 429/2831/2495 422/2833/2497
f 99/2832/2496 422/2833/2497 421/2834/2498
f 99/2832/2496 421/2834/2498 100/2835/2499
f 100/2835/2499 421/2834/2498 420/2836/2500
f 100/2835/2499 420/2836/2500 416/2837/2501
f 100/2835/2499 416/2837/2501 101/2838/2502
f 101/2838/2502 416/2837/2501 415/2839/2503
f 101/2838/2502 415/2839/2503 414/2840/2504
f 101/2838/2502 414/2840/2504 102/2841/2505
f 102/2841/2505 414/2840/2504 413/2842/2506
f 102/2841/2505 413/2842/2506 103/2095/1759
f 103/2095/1759 413/2842/2506 412/2093/1757
f 88/2843/2507 87/2844/2508 49/2845/2509
f 49/2845/2509 87/2844/2508 110/2846/2510
f 49/2845/2509 110/2846/2510 50/2847/2511
f 50/2847/2511 110/2846/2510 109/2848/2512
f 50/2847/2511 109/2848/2512 108/2849/2513
f 107/2106/1770 1630/2108/1772 108/2849/2513
f 108/2849/2513 1630/2108/1772 51/2112/1776
f 108/2849/2513 51/2112/1776 50/2847/2511
f 47/2796/2460 92/2798/2462 48/2850/2514
f 48/2850/2514 92/2798/2462 91/2851/2515
f 48/2850/2514 91/2851/2515 90/2852/2516
f 90/2852/2516 89/2853/2517 48/2850/2514
f 48/2850/2514 89/2853/2517 49/2845/2509
f 49/2845/2509 89/2853/2517 88/2843/2507
f 149/2723/2387 148/2717/2381 605/2719/2383
f 206/2526/2190 205/2854/2518 37/2527/2191
f 37/2527/2191 205/2854/2518 204/2855/2519
f 37/2527/2191 204/2855/2519 38/2856/2520
f 38/2856/2520 204/2855/2519 203/2857/2521
f 38/2856/2520 203/2857/2521 202/2858/2522
f 202/2858/2522 201/2859/2523 38/2856/2520
f 38/2856/2520 201/2859/2523 39/2860/2524
f 39/2860/2524 201/2859/2523 200/2861/2525
f 39/2860/2524 200/2861/2525 199/2862/2526
f 199/2862/2526 198/2863/2527 39/2860/2524
f 39/2860/2524 198/2863/2527 40/2634/2298
f 40/2634/2298 198/2863/2527 197/2864/2528
f 40/2634/2298 197/2864/2528 196/2632/2296
f 233/2338/2002 232/2332/1996 1245/2334/1998
f 32/2411/2075 322/2413/2077 33/2865/2529
f 33/2865/2529 322/2413/2077 321/2866/2530
f 33/2865/2529 321/2866/2530 320/2867/2531
f 320/2867/2531 319/2868/2532 33/2865/2529
f 33/2865/2529 319/2868/2532 34/2869/2533
f 34/2869/2533 319/2868/2532 318/2870/2534
f 34/2869/2533 318/2870/2534 317/2871/2535
f 317/2871/2535 316/2872/2536 34/2869/2533
f 34/2869/2533 316/2872/2536 35/2873/2537
f 35/2873/2537 316/2872/2536 315/2874/2538
f 35/2873/2537 315/2874/2538 314/2875/2539
f 313/2491/2155 990/2493/2157 314/2875/2539
f 314/2875/2539 990/2493/2157 36/2497/2161
f 314/2875/2539 36/2497/2161 35/2873/2537
f 364/2141/1805 363/2876/2540 52/2142/1806
f 52/2142/1806 363/2876/2540 362/2877/2541
f 52/2142/1806 362/2877/2541 53/2878/2542
f 53/2878/2542 362/2877/2541 361/2879/2543
f 53/2878/2542 361/2879/2543 360/2880/2544
f 360/2880/2544 359/2881/2545 53/2878/2542
f 53/2878/2542 359/2881/2545 54/2882/2546
f 54/2882/2546 359/2881/2545 358/2883/2547
f 54/2882/2546 358/2883/2547 357/2884/2548
f 357/2884/2548 356/2885/2549 54/2882/2546
f 54/2882/2546 356/2885/2549 55/2249/1913
f 55/2249/1913 356/2885/2549 355/2886/2550
f 55/2249/1913 355/2886/2550 354/2247/1911
f 47/2796/2460 46/2763/2427 486/2770/2434
f 32/2411/2075 31/2378/2042 1126/2385/2049
f 400/2887/2551 1388/2888/2552 377/2889/2553
f 377/2889/2553 1388/2888/2552 1387/2890/2554
f 377/2889/2553 1387/2890/2554 378/2891/2555
f 378/2891/2555 1387/2890/2554 1431/2892/2556
f 378/2891/2555 1431/2892/2556 1430/2893/2557
f 399/2894/2558 1365/2895/2559 400/2887/2551
f 400/2887/2551 1365/2895/2559 1379/2896/2560
f 400/2887/2551 1379/2896/2560 1378/2897/2561
f 398/2898/2562 284/2899/2563 399/2894/2558
f 399/2894/2558 284/2899/2563 283/2900/2564
f 399/2894/2558 283/2900/2564 265/2901/2565
f 265/2901/2565 283/2900/2564 266/2902/2566
f 266/2902/2566 283/2900/2564 282/2903/2567
f 266/2902/2566 282/2903/2567 267/2904/2568
f 267/2904/2568 282/2903/2567 268/2905/2569
f 268/2905/2569 282/2903/2567 281/2906/2570
f 268/2905/2569 281/2906/2570 269/2907/2571
f 269/2907/2571 281/2906/2570 270/2908/2572
f 270/2908/2572 281/2906/2570 280/2909/2573
f 270/2908/2572 280/2909/2573 271/2910/2574
f 271/2910/2574 280/2909/2573 272/2911/2575
f 272/2911/2575 280/2909/2573 279/2912/2576
f 272/2911/2575 279/2912/2576 273/2913/2577
f 273/2913/2577 279/2912/2576 1175/2914/2578
f 273/2913/2577 1175/2914/2578 1174/2915/2579
f 398/2898/2562 397/2916/2580 284/2899/2563
f 284/2899/2563 397/2916/2580 285/2917/2581
f 285/2917/2581 397/2916/2580 396/2918/2582
f 285/2917/2581 396/2918/2582 395/2919/2583
f 285/2917/2581 395/2919/2583 286/2920/2584
f 286/2920/2584 395/2919/2583 394/2921/2585
f 286/2920/2584 394/2921/2585 393/2922/2586
f 286/2920/2584 393/2922/2586 287/2923/2587
f 287/2923/2587 393/2922/2586 392/2924/2588
f 287/2923/2587 392/2924/2588 391/2925/2589
f 390/2926/2590 1569/2927/2591 391/2925/2589
f 391/2925/2589 1569/2927/2591 113/2928/2592
f 391/2925/2589 113/2928/2592 288/2929/2593
f 288/2929/2593 113/2928/2592 112/2930/2594
f 288/2929/2593 112/2930/2594 289/2931/2595
f 289/2931/2595 112/2930/2594 111/2932/2596
f 289/2931/2595 111/2932/2596 134/2933/2597
f 389/2934/2598 1558/2935/2599 390/2926/2590
f 390/2926/2590 1558/2935/2599 1557/2936/2600
f 390/2926/2590 1557/2936/2600 1571/2937/2601
f 1558/2935/2599 389/2934/2598 1559/2938/2602
f 1559/2938/2602 389/2934/2598 388/2939/2603
f 1559/2938/2602 388/2939/2603 1515/2940/2604
f 1515/2940/2604 388/2939/2603 1516/2941/2605
f 1516/2941/2605 388/2939/2603 387/2942/2606
f 1516/2941/2605 387/2942/2606 1505/2943/2607
f 1505/2943/2607 387/2942/2606 1506/2944/2608
f 1506/2944/2608 387/2942/2606 386/2945/2609
f 1506/2944/2608 386/2945/2609 1507/2946/2610
f 1507/2946/2610 386/2945/2609 1493/2947/2611
f 1493/2947/2611 386/2945/2609 385/2948/2612
f 1493/2947/2611 385/2948/2612 1494/2949/2613
f 1494/2949/2613 385/2948/2612 1495/2950/2614
f 1495/2950/2614 385/2948/2612 384/2951/2615
f 1495/2950/2614 384/2951/2615 1496/2952/2616
f 1496/2952/2616 384/2951/2615 1497/2953/2617
f 1497/2953/2617 384/2951/2615 383/2954/2618
f 1497/2953/2617 383/2954/2618 1498/2955/2619
f 1498/2955/2619 383/2954/2618 1448/2956/2620
f 1498/2955/2619 1448/2956/2620 1447/2957/2621
f 1448/2956/2620 383/2954/2618 1449/2958/2622
f 1449/2958/2622 383/2954/2618 382/2959/2623
f 1449/2958/2622 382/2959/2623 1450/2960/2624
f 1450/2960/2624 382/2959/2623 1451/2961/2625
f 1451/2961/2625 382/2959/2623 381/2962/2626
f 1451/2961/2625 381/2962/2626 1452/2963/2627
f 1452/2963/2627 381/2962/2626 1441/2964/2628
f 1441/2964/2628 381/2962/2626 380/2965/2629
f 1441/2964/2628 380/2965/2629 1442/2966/2630
f 1442/2966/2630 380/2965/2629 1443/2967/2631
f 1443/2967/2631 380/2965/2629 379/2968/2632
f 1443/2967/2631 379/2968/2632 1429/2969/2633
f 1429/2969/2633 379/2968/2632 1430/2893/2557
f 1430/2893/2557 379/2968/2632 378/2891/2555
f 352/2970/2634 1058/2971/2635 329/2972/2636
f 329/2972/2636 1058/2971/2635 1057/2973/2637
f 329/2972/2636 1057/2973/2637 1068/2974/2638
f 351/2975/2639 1045/2976/2640 352/2970/2634
f 352/2970/2634 1045/2976/2640 1059/2977/2641
f 352/2970/2634 1059/2977/2641 1058/2971/2635
f 350/2978/2642 1047/2979/2643 351/2975/2639
f 351/2975/2639 1047/2979/2643 1046/2980/2644
f 351/2975/2639 1046/2980/2644 1045/2976/2640
f 1047/2979/2643 350/2978/2642 1048/2981/2645
f 1048/2981/2645 350/2978/2642 349/2982/2646
f 1048/2981/2645 349/2982/2646 1049/2983/2647
f 1049/2983/2647 349/2982/2646 1001/2984/2648
f 1049/2983/2647 1001/2984/2648 1000/2985/2649
f 1001/2984/2648 349/2982/2646 1002/2986/2650
f 1002/2986/2650 349/2982/2646 348/2987/2651
f 1002/2986/2650 348/2987/2651 1003/2988/2652
f 1003/2988/2652 348/2987/2651 347/2989/2653
f 1003/2988/2652 347/2989/2653 1004/2990/2654
f 1004/2990/2654 347/2989/2653 993/2991/2655
f 993/2991/2655 347/2989/2653 346/2992/2656
f 993/2991/2655 346/2992/2656 994/2993/2657
f 994/2993/2657 346/2992/2656 995/2994/2658
f 995/2994/2658 346/2992/2656 981/2995/2659
f 981/2995/2659 346/2992/2656 345/2996/2660
f 981/2995/2659 345/2996/2660 982/2997/2661
f 982/2997/2661 345/2996/2660 983/2998/2662
f 983/2998/2662 345/2996/2660 939/2999/2663
f 983/2998/2662 939/2999/2663 938/3000/2664
f 345/2996/2660 344/3001/2665 939/2999/2663
f 939/2999/2663 344/3001/2665 940/3002/2666
f 940/3002/2666 344/3001/2665 929/3003/2667
f 929/3003/2667 344/3001/2665 343/3004/2668
f 929/3003/2667 343/3004/2668 209/3005/2669
f 209/3005/2669 343/3004/2668 301/3006/2670
f 209/3005/2669 301/3006/2670 300/3007/2671
f 343/3004/2668 342/3008/2672 301/3006/2670
f 301/3006/2670 342/3008/2672 302/3009/2673
f 302/3009/2673 342/3008/2672 341/3010/2674
f 302/3009/2673 341/3010/2674 340/3011/2675
f 302/3009/2673 340/3011/2675 303/3012/2676
f 303/3012/2676 340/3011/2675 339/3013/2677
f 303/3012/2676 339/3013/2677 338/3014/2678
f 303/3012/2676 338/3014/2678 304/3015/2679
f 304/3015/2679 338/3014/2678 337/3016/2680
f 304/3015/2679 337/3016/2680 336/3017/2681
f 304/3015/2679 336/3017/2681 279/2912/2576
f 279/2912/2576 336/3017/2681 335/3018/2682
f 279/2912/2576 335/3018/2682 1132/3019/2683
f 1132/3019/2683 335/3018/2682 334/3020/2684
f 1132/3019/2683 334/3020/2684 1121/3021/2685
f 1121/3021/2685 334/3020/2684 333/3022/2686
f 1121/3021/2685 333/3022/2686 1122/3023/2687
f 1122/3023/2687 333/3022/2686 1123/3024/2688
f 1123/3024/2688 333/3022/2686 1109/3025/2689
f 1109/3025/2689 333/3022/2686 1110/3026/2690
f 1110/3026/2690 333/3022/2686 332/3027/2691
f 1110/3026/2690 332/3027/2691 1111/3028/2692
f 1111/3028/2692 332/3027/2691 331/3029/2693
f 1111/3028/2692 331/3029/2693 1112/3030/2694
f 1112/3030/2694 331/3029/2693 1066/3031/2695
f 1112/3030/2694 1066/3031/2695 1065/3032/2696
f 331/3029/2693 330/3033/2697 1066/3031/2695
f 1066/3031/2695 330/3033/2697 1067/3034/2698
f 1067/3034/2698 330/3033/2697 1068/2974/2638
f 1068/2974/2638 330/3033/2697 329/2972/2636
f 299/3035/2699 211/3036/2700 300/3007/2671
f 300/3007/2671 211/3036/2700 210/3037/2701
f 300/3007/2671 210/3037/2701 209/3005/2669
f 298/3038/2702 213/3039/2703 299/3035/2699
f 299/3035/2699 213/3039/2703 212/3040/2704
f 299/3035/2699 212/3040/2704 211/3036/2700
f 297/3041/2705 215/3042/2706 298/3038/2702
f 298/3038/2702 215/3042/2706 214/3043/2707
f 298/3038/2702 214/3043/2707 213/3039/2703
f 296/3044/2708 217/3045/2709 297/3041/2705
f 297/3041/2705 217/3045/2709 216/3046/2710
f 297/3041/2705 216/3046/2710 215/3042/2706
f 295/3047/2711 182/3048/2712 296/3044/2708
f 296/3044/2708 182/3048/2712 181/3049/2713
f 296/3044/2708 181/3049/2713 217/3045/2709
f 217/3045/2709 181/3049/2713 725/3050/2714
f 217/3045/2709 725/3050/2714 218/3051/2715
f 218/3051/2715 725/3050/2714 739/3052/2716
f 218/3051/2715 739/3052/2716 738/3053/2717
f 294/3054/2718 160/3055/2719 295/3047/2711
f 295/3047/2711 160/3055/2719 159/3056/2720
f 295/3047/2711 159/3056/2720 182/3048/2712
f 293/3057/2721 162/3058/2722 294/3054/2718
f 294/3054/2718 162/3058/2722 161/3059/2723
f 294/3054/2718 161/3059/2723 160/3055/2719
f 292/3060/2724 164/3061/2725 293/3057/2721
f 293/3057/2721 164/3061/2725 163/3062/2726
f 293/3057/2721 163/3062/2726 162/3058/2722
f 291/3063/2727 130/3064/2728 292/3060/2724
f 292/3060/2724 130/3064/2728 129/3065/2729
f 292/3060/2724 129/3065/2729 491/3066/2730
f 491/3066/2730 129/3065/2729 492/3067/2731
f 492/3067/2731 129/3065/2729 128/3068/2732
f 492/3067/2731 128/3068/2732 481/3069/2733
f 481/3069/2733 128/3068/2732 127/3070/2734
f 481/3069/2733 127/3070/2734 482/3071/2735
f 482/3071/2735 127/3070/2734 483/3072/2736
f 483/3072/2736 127/3070/2734 469/3073/2737
f 469/3073/2737 127/3070/2734 470/3074/2738
f 470/3074/2738 127/3070/2734 126/3075/2739
f 470/3074/2738 126/3075/2739 471/3076/2740
f 471/3076/2740 126/3075/2739 125/3077/2741
f 471/3076/2740 125/3077/2741 472/3078/2742
f 472/3078/2742 125/3077/2741 426/3079/2743
f 472/3078/2742 426/3079/2743 425/3080/2744
f 290/3081/2745 132/3082/2746 291/3063/2727
f 291/3063/2727 132/3082/2746 131/3083/2747
f 291/3063/2727 131/3083/2747 130/3064/2728
f 289/2931/2595 134/2933/2597 290/3081/2745
f 290/3081/2745 134/2933/2597 133/3084/2748
f 290/3081/2745 133/3084/2748 132/3082/2746
f 288/2929/2593 287/2923/2587 391/2925/2589
f 278/3085/2749 1238/3086/2750 255/3087/2751
f 255/3087/2751 1238/3086/2750 1237/3088/2752
f 255/3087/2751 1237/3088/2752 1251/3089/2753
f 277/3090/2754 1240/3091/2755 278/3085/2749
f 278/3085/2749 1240/3091/2755 1239/3092/2756
f 278/3085/2749 1239/3092/2756 1238/3086/2750
f 276/3093/2757 1195/3094/2758 277/3090/2754
f 277/3090/2754 1195/3094/2758 1194/3095/2759
f 277/3090/2754 1194/3095/2759 1240/3091/2755
f 1240/3091/2755 1194/3095/2759 1193/3096/2760
f 1240/3091/2755 1193/3096/2760 1241/3097/2761
f 1241/3097/2761 1193/3096/2760 1192/3098/2762
f 1241/3097/2761 1192/3098/2762 1242/3099/2763
f 1242/3099/2763 1192/3098/2762 1191/3100/2764
f 1242/3099/2763 1191/3100/2764 1235/3101/2765
f 1235/3101/2765 1191/3100/2764 1219/3102/2766
f 1235/3101/2765 1219/3102/2766 1218/3103/2767
f 1195/3094/2758 276/3093/2757 1196/3104/2768
f 1196/3104/2768 276/3093/2757 275/3105/2769
f 1196/3104/2768 275/3105/2769 1185/3106/2770
f 1185/3106/2770 275/3105/2769 1186/3107/2771
f 1186/3107/2771 275/3105/2769 1187/3108/2772
f 1187/3108/2772 275/3105/2769 1173/3109/2773
f 1173/3109/2773 275/3105/2769 274/3110/2774
f 1173/3109/2773 274/3110/2774 1174/2915/2579
f 1174/2915/2579 274/3110/2774 273/2913/2577
f 399/2894/2558 265/2901/2565 1365/2895/2559
f 1365/2895/2559 265/2901/2565 264/3111/2775
f 1365/2895/2559 264/3111/2775 1366/3112/2776
f 1366/3112/2776 264/3111/2775 1367/3113/2777
f 1367/3113/2777 264/3111/2775 263/3114/2778
f 1367/3113/2777 263/3114/2778 1323/3115/2779
f 1323/3115/2779 263/3114/2778 1324/3116/2780
f 1324/3116/2780 263/3114/2778 1313/3117/2781
f 1313/3117/2781 263/3114/2778 262/3118/2782
f 1313/3117/2781 262/3118/2782 1314/3119/2783
f 1314/3119/2783 262/3118/2782 1315/3120/2784
f 1315/3120/2784 262/3118/2782 1301/3121/2785
f 1301/3121/2785 262/3118/2782 261/3122/2786
f 1301/3121/2785 261/3122/2786 1302/3123/2787
f 1302/3123/2787 261/3122/2786 1303/3124/2788
f 1303/3124/2788 261/3122/2786 260/3125/2789
f 1303/3124/2788 260/3125/2789 1304/3126/2790
f 1304/3126/2790 260/3125/2789 259/3127/2791
f 1304/3126/2790 259/3127/2791 1305/3128/2792
f 1305/3128/2792 259/3127/2791 1257/3129/2793
f 1305/3128/2792 1257/3129/2793 1256/3130/2794
f 1257/3129/2793 259/3127/2791 1258/3131/2795
f 1258/3131/2795 259/3127/2791 258/3132/2796
f 1258/3131/2795 258/3132/2796 1259/3133/2797
f 1259/3133/2797 258/3132/2796 257/3134/2798
f 1259/3133/2797 257/3134/2798 1260/3135/2799
f 1260/3135/2799 257/3134/2798 1249/3136/2800
f 1249/3136/2800 257/3134/2798 256/3137/2801
f 1249/3136/2800 256/3137/2801 1250/3138/2802
f 1250/3138/2802 256/3137/2801 1251/3089/2753
f 1251/3089/2753 256/3137/2801 255/3087/2751
f 230/3139/2803 919/3140/2804 207/3141/2805
f 207/3141/2805 919/3140/2804 918/3142/2806
f 207/3141/2805 918/3142/2806 208/3143/2807
f 208/3143/2807 918/3142/2806 917/3144/2808
f 208/3143/2807 917/3144/2808 931/3145/2809
f 229/3146/2810 876/3147/2811 230/3139/2803
f 230/3139/2803 876/3147/2811 875/3148/2812
f 230/3139/2803 875/3148/2812 919/3140/2804
f 919/3140/2804 875/3148/2812 874/3149/2813
f 919/3140/2804 874/3149/2813 920/3150/2814
f 920/3150/2814 874/3149/2813 873/3151/2815
f 920/3150/2814 873/3151/2815 921/3152/2816
f 921/3152/2816 873/3151/2815 872/3153/2817
f 921/3152/2816 872/3153/2817 922/3154/2818
f 922/3154/2818 872/3153/2817 871/3155/2819
f 922/3154/2818 871/3155/2819 915/3156/2820
f 915/3156/2820 871/3155/2819 899/3157/2821
f 915/3156/2820 899/3157/2821 898/3158/2822
f 228/3159/2823 866/3160/2824 229/3146/2810
f 229/3146/2810 866/3160/2824 865/3161/2825
f 229/3146/2810 865/3161/2825 876/3147/2811
f 227/3162/2826 853/3163/2827 228/3159/2823
f 228/3159/2823 853/3163/2827 867/3164/2828
f 228/3159/2823 867/3164/2828 866/3160/2824
f 226/3165/2829 855/3166/2830 227/3162/2826
f 227/3162/2826 855/3166/2830 854/3167/2831
f 227/3162/2826 854/3167/2831 853/3163/2827
f 225/3168/2832 857/3169/2833 226/3165/2829
f 226/3165/2829 857/3169/2833 856/3170/2834
f 226/3165/2829 856/3170/2834 855/3166/2830
f 224/3171/2835 809/3172/2836 225/3168/2832
f 225/3168/2832 809/3172/2836 808/3173/2837
f 225/3168/2832 808/3173/2837 858/3174/2838
f 858/3174/2838 808/3173/2837 807/3175/2839
f 858/3174/2838 807/3175/2839 851/3176/2840
f 851/3176/2840 807/3175/2839 835/3177/2841
f 851/3176/2840 835/3177/2841 834/3178/2842
f 223/3179/2843 811/3180/2844 224/3171/2835
f 224/3171/2835 811/3180/2844 810/3181/2845
f 224/3171/2835 810/3181/2845 809/3172/2836
f 222/3182/2846 801/3183/2847 223/3179/2843
f 223/3179/2843 801/3183/2847 812/3184/2848
f 223/3179/2843 812/3184/2848 811/3180/2844
f 221/3185/2849 803/3186/2850 222/3182/2846
f 222/3182/2846 803/3186/2850 802/3187/2851
f 222/3182/2846 802/3187/2851 801/3183/2847
f 220/3188/2852 790/3189/2853 221/3185/2849
f 221/3185/2849 790/3189/2853 789/3190/2854
f 221/3185/2849 789/3190/2854 803/3186/2850
f 219/3191/2855 747/3192/2856 220/3188/2852
f 220/3188/2852 747/3192/2856 791/3193/2857
f 220/3188/2852 791/3193/2857 790/3189/2853
f 747/3192/2856 219/3191/2855 748/3194/2858
f 748/3194/2858 219/3191/2855 218/3051/2715
f 748/3194/2858 218/3051/2715 737/3195/2859
f 737/3195/2859 218/3051/2715 738/3053/2717
f 209/3005/2669 208/3143/2807 929/3003/2667
f 929/3003/2667 208/3143/2807 930/3196/2860
f 930/3196/2860 208/3143/2807 931/3145/2809
f 181/3049/2713 180/3197/2861 725/3050/2714
f 725/3050/2714 180/3197/2861 726/3198/2862
f 726/3198/2862 180/3197/2861 727/3199/2863
f 727/3199/2863 180/3197/2861 179/3200/2864
f 727/3199/2863 179/3200/2864 683/3201/2865
f 683/3201/2865 179/3200/2864 684/3202/2866
f 684/3202/2866 179/3200/2864 673/3203/2867
f 673/3203/2867 179/3200/2864 178/3204/2868
f 673/3203/2867 178/3204/2868 674/3205/2869
f 674/3205/2869 178/3204/2868 675/3206/2870
f 675/3206/2870 178/3204/2868 661/3207/2871
f 661/3207/2871 178/3204/2868 177/3208/2872
f 661/3207/2871 177/3208/2872 662/3209/2873
f 662/3209/2873 177/3208/2872 663/3210/2874
f 663/3210/2874 177/3208/2872 176/3211/2875
f 663/3210/2874 176/3211/2875 664/3212/2876
f 664/3212/2876 176/3211/2875 175/3213/2877
f 664/3212/2876 175/3213/2877 665/3214/2878
f 665/3214/2878 175/3213/2877 617/3215/2879
f 665/3214/2878 617/3215/2879 616/3216/2880
f 617/3215/2879 175/3213/2877 618/3217/2881
f 618/3217/2881 175/3213/2877 174/3218/2882
f 618/3217/2881 174/3218/2882 619/3219/2883
f 619/3219/2883 174/3218/2882 173/3220/2884
f 619/3219/2883 173/3220/2884 620/3221/2885
f 620/3221/2885 173/3220/2884 609/3222/2886
f 609/3222/2886 173/3220/2884 172/3223/2887
f 609/3222/2886 172/3223/2887 610/3224/2888
f 610/3224/2888 172/3223/2887 611/3225/2889
f 611/3225/2889 172/3223/2887 171/3226/2890
f 611/3225/2889 171/3226/2890 597/3227/2891
f 597/3227/2891 171/3226/2890 598/3228/2892
f 598/3228/2892 171/3226/2890 170/3229/2893
f 598/3228/2892 170/3229/2893 599/3230/2894
f 599/3230/2894 170/3229/2893 600/3231/2895
f 600/3231/2895 170/3229/2893 169/3232/2896
f 600/3231/2895 169/3232/2896 554/3233/2897
f 554/3233/2897 169/3232/2896 555/3234/2898
f 555/3234/2898 169/3232/2896 168/3235/2899
f 555/3234/2898 168/3235/2899 556/3236/2900
f 556/3236/2900 168/3235/2899 167/3237/2901
f 556/3236/2900 167/3237/2901 545/3238/2902
f 545/3238/2902 167/3237/2901 546/3239/2903
f 546/3239/2903 167/3237/2901 547/3240/2904
f 547/3240/2904 167/3237/2901 533/3241/2905
f 533/3241/2905 167/3237/2901 166/3242/2906
f 533/3241/2905 166/3242/2906 534/3243/2907
f 534/3243/2907 166/3242/2906 165/3244/2908
f 534/3243/2907 165/3244/2908 292/3060/2724
f 292/3060/2724 165/3244/2908 164/3061/2725
f 125/3077/2741 124/3245/2909 426/3079/2743
f 426/3079/2743 124/3245/2909 427/3246/2910
f 427/3246/2910 124/3245/2909 428/3247/2911
f 428/3247/2911 124/3245/2909 123/3248/2912
f 428/3247/2911 123/3248/2912 417/3249/2913
f 417/3249/2913 123/3248/2912 418/3250/2914
f 418/3250/2914 123/3248/2912 122/3251/2915
f 418/3250/2914 122/3251/2915 419/3252/2916
f 419/3252/2916 122/3251/2915 405/3253/2917
f 405/3253/2917 122/3251/2915 121/3254/2918
f 405/3253/2917 121/3254/2918 406/3255/2919
f 406/3255/2919 121/3254/2918 407/3256/2920
f 407/3256/2920 121/3254/2918 120/3257/2921
f 407/3256/2920 120/3257/2921 408/3258/2922
f 408/3258/2922 120/3257/2921 119/3259/2923
f 408/3258/2922 119/3259/2923 409/3260/2924
f 409/3260/2924 119/3259/2923 1641/3261/2925
f 409/3260/2924 1641/3261/2925 1640/3262/2926
f 1641/3261/2925 119/3259/2923 1642/3263/2927
f 1642/3263/2927 119/3259/2923 118/3264/2928
f 1642/3263/2927 118/3264/2928 1643/3265/2929
f 1643/3265/2929 118/3264/2928 117/3266/2930
f 1643/3265/2929 117/3266/2930 1644/3267/2931
f 1644/3267/2931 117/3266/2930 1633/3268/2932
f 1633/3268/2932 117/3266/2930 116/3269/2933
f 1633/3268/2932 116/3269/2933 1634/3270/2934
f 1634/3270/2934 116/3269/2933 1635/3271/2935
f 1635/3271/2935 116/3269/2933 1621/3272/2936
f 1621/3272/2936 116/3269/2933 115/3273/2937
f 1621/3272/2936 115/3273/2937 1622/3274/2938
f 1622/3274/2938 115/3273/2937 1623/3275/2939
f 1623/3275/2939 115/3273/2937 1579/3276/2940
f 1623/3275/2939 1579/3276/2940 1578/3277/2941
f 115/3273/2937 114/3278/2942 1579/3276/2940
f 1579/3276/2940 114/3278/2942 1580/3279/2943
f 1580/3279/2943 114/3278/2942 1569/2927/2591
f 1569/2927/2591 114/3278/2942 113/2928/2592
f 1675/3280/2944 1674/3281/2945 1665/3282/2946
f 1665/3282/2946 1674/3281/2945 1673/3283/2947
f 1665/3282/2946 1673/3283/2947 1672/3284/2948
f 1672/3284/2948 1671/3285/2949 1665/3282/2946
f 1665/3282/2946 1671/3285/2949 402/3286/2950
f 1665/3282/2946 402/3286/2950 1666/3287/2951
f 1666/3287/2951 402/3286/2950 401/3288/2952
f 1666/3287/2951 401/3288/2952 1667/3289/2953
f 1667/3289/2953 401/3288/2952 1639/3290/2954
f 1667/3289/2953 1639/3290/2954 1651/3291/2955
f 401/3288/2952 410/3292/2956 1639/3290/2954
f 1639/3290/2954 410/3292/2956 1640/3262/2926
f 1640/3262/2926 410/3292/2956 409/3260/2924
f 472/3078/2742 425/3080/2744 473/3293/2957
f 473/3293/2957 425/3080/2744 424/3294/2958
f 473/3293/2957 424/3294/2958 474/3295/2959
f 474/3295/2959 424/3294/2958 423/3296/2960
f 474/3295/2959 423/3296/2960 467/3297/2961
f 467/3297/2961 423/3296/2960 451/3298/2962
f 467/3297/2961 451/3298/2962 450/3299/2963
f 423/3296/2960 435/3300/2964 451/3298/2962
f 451/3298/2962 435/3300/2964 437/3301/2965
f 437/3301/2965 435/3300/2964 438/3302/2966
f 438/3302/2966 435/3300/2964 439/3303/2967
f 439/3303/2967 435/3300/2964 440/3304/2968
f 440/3304/2968 435/3300/2964 441/3305/2969
f 441/3305/2969 435/3300/2964 442/3306/2970
f 467/3297/2961 450/3299/2963 455/3307/2971
f 455/3307/2971 450/3299/2963 449/3308/2972
f 455/3307/2971 449/3308/2972 460/3309/2973
f 459/3310/2974 458/3311/2975 460/3309/2973
f 460/3309/2973 458/3311/2975 457/3312/2976
f 460/3309/2973 457/3312/2976 456/3313/2977
f 456/3313/2977 455/3307/2971 460/3309/2973
f 490/3314/2978 535/3315/2979 491/3066/2730
f 491/3066/2730 535/3315/2979 534/3243/2907
f 491/3066/2730 534/3243/2907 292/3060/2724
f 535/3315/2979 490/3314/2978 536/3316/2980
f 536/3316/2980 490/3314/2978 489/3317/2981
f 536/3316/2980 489/3317/2981 537/3318/2982
f 537/3318/2982 489/3317/2981 488/3319/2983
f 537/3318/2982 488/3319/2983 538/3320/2984
f 538/3320/2984 488/3319/2983 487/3321/2985
f 538/3320/2984 487/3321/2985 531/3322/2986
f 531/3322/2986 487/3321/2985 515/3323/2987
f 531/3322/2986 515/3323/2987 514/3324/2988
f 487/3321/2985 499/3325/2989 515/3323/2987
f 515/3323/2987 499/3325/2989 501/3326/2990
f 501/3326/2990 499/3325/2989 502/3327/2991
f 502/3327/2991 499/3325/2989 503/3328/2992
f 503/3328/2992 499/3325/2989 504/3329/2993
f 504/3329/2993 499/3325/2989 505/3330/2994
f 505/3330/2994 499/3325/2989 506/3331/2995
f 531/3322/2986 514/3324/2988 519/3332/2996
f 519/3332/2996 514/3324/2988 513/3333/2997
f 519/3332/2996 513/3333/2997 520/3334/2998
f 520/3334/2998 513/3333/2997 521/3335/2999
f 521/3335/2999 513/3333/2997 522/3336/3000
f 522/3336/3000 513/3333/2997 523/3337/3001
f 523/3337/3001 513/3333/2997 524/3338/3002
f 554/3233/2897 553/3339/3003 600/3231/2895
f 600/3231/2895 553/3339/3003 601/3340/3004
f 601/3340/3004 553/3339/3003 552/3341/3005
f 601/3340/3004 552/3341/3005 602/3342/3006
f 602/3342/3006 552/3341/3005 551/3343/3007
f 602/3342/3006 551/3343/3007 595/3344/3008
f 595/3344/3008 551/3343/3007 579/3345/3009
f 595/3344/3008 579/3345/3009 578/3346/3010
f 551/3343/3007 563/3347/3011 579/3345/3009
f 579/3345/3009 563/3347/3011 565/3348/3012
f 565/3348/3012 563/3347/3011 566/3349/3013
f 566/3349/3013 563/3347/3011 567/3350/3014
f 567/3350/3014 563/3347/3011 568/3351/3015
f 568/3351/3015 563/3347/3011 569/3352/3016
f 569/3352/3016 563/3347/3011 570/3353/3017
f 595/3344/3008 578/3346/3010 583/3354/3018
f 583/3354/3018 578/3346/3010 577/3355/3019
f 583/3354/3018 577/3355/3019 588/3356/3020
f 588/3356/3020 587/3357/3021 583/3354/3018
f 583/3354/3018 587/3357/3021 586/3358/3022
f 583/3354/3018 586/3358/3022 585/3359/3023
f 585/3359/3023 584/3360/3024 583/3354/3018
f 665/3214/2878 616/3216/2880 666/3361/3025
f 666/3361/3025 616/3216/2880 615/3362/3026
f 666/3361/3025 615/3362/3026 659/3363/3027
f 659/3363/3027 615/3362/3026 643/3364/3028
f 659/3363/3027 643/3364/3028 642/3365/3029
f 615/3362/3026 627/3366/3030 643/3364/3028
f 643/3364/3028 627/3366/3030 629/3367/3031
f 629/3367/3031 627/3366/3030 630/3368/3032
f 630/3368/3032 627/3366/3030 631/3369/3033
f 631/3369/3033 627/3366/3030 632/3370/3034
f 632/3370/3034 627/3366/3030 633/3371/3035
f 633/3371/3035 627/3366/3030 634/3372/3036
f 659/3363/3027 642/3365/3029 647/3373/3037
f 647/3373/3037 642/3365/3029 641/3374/3038
f 647/3373/3037 641/3374/3038 652/3375/3039
f 652/3375/3039 651/3376/3040 647/3373/3037
f 647/3373/3037 651/3376/3040 648/3377/3041
f 648/3377/3041 651/3376/3040 650/3378/3042
f 648/3377/3041 650/3378/3042 649/3379/3043
f 683/3201/2865 682/3380/3044 727/3199/2863
f 727/3199/2863 682/3380/3044 728/3381/3045
f 728/3381/3045 682/3380/3044 681/3382/3046
f 728/3381/3045 681/3382/3046 729/3383/3047
f 729/3383/3047 681/3382/3046 680/3384/3048
f 729/3383/3047 680/3384/3048 730/3385/3049
f 730/3385/3049 680/3384/3048 679/3386/3050
f 730/3385/3049 679/3386/3050 723/3387/3051
f 723/3387/3051 679/3386/3050 707/3388/3052
f 723/3387/3051 707/3388/3052 706/3389/3053
f 679/3386/3050 691/3390/3054 707/3388/3052
f 707/3388/3052 691/3390/3054 693/3391/3055
f 693/3391/3055 691/3390/3054 694/3392/3056
f 694/3392/3056 691/3390/3054 695/3393/3057
f 695/3393/3057 691/3390/3054 696/3394/3058
f 696/3394/3058 691/3390/3054 697/3395/3059
f 697/3395/3059 691/3390/3054 698/3396/3060
f 723/3387/3051 706/3389/3053 711/3397/3061
f 711/3397/3061 706/3389/3053 705/3398/3062
f 711/3397/3061 705/3398/3062 712/3399/3063
f 712/3399/3063 705/3398/3062 713/3400/3064
f 713/3400/3064 705/3398/3062 716/3401/3065
f 713/3400/3064 716/3401/3065 714/3402/3066
f 714/3402/3066 716/3401/3065 715/3403/3067
f 747/3192/2856 746/3404/3068 791/3193/2857
f 791/3193/2857 746/3404/3068 792/3405/3069
f 792/3405/3069 746/3404/3068 745/3406/3070
f 792/3405/3069 745/3406/3070 793/3407/3071
f 793/3407/3071 745/3406/3070 744/3408/3072
f 793/3407/3071 744/3408/3072 794/3409/3073
f 794/3409/3073 744/3408/3072 743/3410/3074
f 794/3409/3073 743/3410/3074 787/3411/3075
f 787/3411/3075 743/3410/3074 771/3412/3076
f 787/3411/3075 771/3412/3076 770/3413/3077
f 743/3410/3074 755/3414/3078 771/3412/3076
f 771/3412/3076 755/3414/3078 757/3415/3079
f 757/3415/3079 755/3414/3078 758/3416/3080
f 758/3416/3080 755/3414/3078 759/3417/3081
f 759/3417/3081 755/3414/3078 760/3418/3082
f 760/3418/3082 755/3414/3078 761/3419/3083
f 761/3419/3083 755/3414/3078 762/3420/3084
f 787/3411/3075 770/3413/3077 775/3421/3085
f 775/3421/3085 770/3413/3077 769/3422/3086
f 775/3421/3085 769/3422/3086 776/3423/3087
f 776/3423/3087 769/3422/3086 777/3424/3088
f 777/3424/3088 769/3422/3086 778/3425/3089
f 778/3425/3089 769/3422/3086 779/3426/3090
f 779/3426/3090 769/3422/3086 780/3427/3091
f 807/3175/2839 819/3428/3092 835/3177/2841
f 835/3177/2841 819/3428/3092 821/3429/3093
f 821/3429/3093 819/3428/3092 822/3430/3094
f 822/3430/3094 819/3428/3092 823/3431/3095
f 823/3431/3095 819/3428/3092 824/3432/3096
f 824/3432/3096 819/3428/3092 825/3433/3097
f 825/3433/3097 819/3428/3092 826/3434/3098
f 851/3176/2840 834/3178/2842 839/3435/3099
f 839/3435/3099 834/3178/2842 833/3436/3100
f 839/3435/3099 833/3436/3100 844/3437/3101
f 844/3437/3101 843/3438/3102 839/3435/3099
f 839/3435/3099 843/3438/3102 842/3439/3103
f 839/3435/3099 842/3439/3103 841/3440/3104
f 841/3440/3104 840/3441/3105 839/3435/3099
f 858/3174/2838 857/3169/2833 225/3168/2832
f 871/3155/2819 883/3442/3106 899/3157/2821
f 899/3157/2821 883/3442/3106 885/3443/3107
f 885/3443/3107 883/3442/3106 890/3444/3108
f 885/3443/3107 890/3444/3108 889/3445/3109
f 889/3445/3109 888/3446/3110 885/3443/3107
f 885/3443/3107 888/3446/3110 887/3447/3111
f 885/3443/3107 887/3447/3111 886/3448/3112
f 915/3156/2820 898/3158/2822 903/3449/3113
f 903/3449/3113 898/3158/2822 897/3450/3114
f 903/3449/3113 897/3450/3114 908/3451/3115
f 908/3451/3115 907/3452/3116 903/3449/3113
f 903/3449/3113 907/3452/3116 906/3453/3117
f 903/3449/3113 906/3453/3117 905/3454/3118
f 905/3454/3118 904/3455/3119 903/3449/3113
f 983/2998/2662 938/3000/2664 984/3456/3120
f 984/3456/3120 938/3000/2664 937/3457/3121
f 984/3456/3120 937/3457/3121 985/3458/3122
f 985/3458/3122 937/3457/3121 936/3459/3123
f 985/3458/3122 936/3459/3123 986/3460/3124
f 986/3460/3124 936/3459/3123 935/3461/3125
f 986/3460/3124 935/3461/3125 979/3462/3126
f 979/3462/3126 935/3461/3125 963/3463/3127
f 979/3462/3126 963/3463/3127 962/3464/3128
f 935/3461/3125 947/3465/3129 963/3463/3127
f 963/3463/3127 947/3465/3129 949/3466/3130
f 949/3466/3130 947/3465/3129 954/3467/3131
f 949/3466/3130 954/3467/3131 953/3468/3132
f 949/3466/3130 953/3468/3132 950/3469/3133
f 950/3469/3133 953/3468/3132 952/3470/3134
f 950/3469/3133 952/3470/3134 951/3471/3135
f 979/3462/3126 962/3464/3128 967/3472/3136
f 967/3472/3136 962/3464/3128 961/3473/3137
f 967/3472/3136 961/3473/3137 972/3474/3138
f 972/3474/3138 971/3475/3139 967/3472/3136
f 967/3472/3136 971/3475/3139 970/3476/3140
f 967/3472/3136 970/3476/3140 969/3477/3141
f 969/3477/3141 968/3478/3142 967/3472/3136
f 1049/2983/2647 1000/2985/2649 1050/3479/3143
f 1050/3479/3143 1000/2985/2649 999/3480/3144
f 1050/3479/3143 999/3480/3144 1043/3481/3145
f 1043/3481/3145 999/3480/3144 1027/3482/3146
f 1043/3481/3145 1027/3482/3146 1026/3483/3147
f 999/3480/3144 1011/3484/3148 1027/3482/3146
f 1027/3482/3146 1011/3484/3148 1013/3485/3149
f 1013/3485/3149 1011/3484/3148 1014/3486/3150
f 1014/3486/3150 1011/3484/3148 1015/3487/3151
f 1015/3487/3151 1011/3484/3148 1018/3488/3152
f 1015/3487/3151 1018/3488/3152 1016/3489/3153
f 1016/3489/3153 1018/3488/3152 1017/3490/3154
f 1043/3481/3145 1026/3483/3147 1031/3491/3155
f 1031/3491/3155 1026/3483/3147 1025/3492/3156
f 1031/3491/3155 1025/3492/3156 1036/3493/3157
f 1036/3493/3157 1035/3494/3158 1031/3491/3155
f 1031/3491/3155 1035/3494/3158 1034/3495/3159
f 1031/3491/3155 1034/3495/3159 1033/3496/3160
f 1033/3496/3160 1032/3497/3161 1031/3491/3155
f 1112/3030/2694 1065/3032/2696 1113/3498/3162
f 1113/3498/3162 1065/3032/2696 1064/3499/3163
f 1113/3498/3162 1064/3499/3163 1114/3500/3164
f 1114/3500/3164 1064/3499/3163 1063/3501/3165
f 1114/3500/3164 1063/3501/3165 1107/3502/3166
f 1107/3502/3166 1063/3501/3165 1091/3503/3167
f 1107/3502/3166 1091/3503/3167 1090/3504/3168
f 1063/3501/3165 1075/3505/3169 1091/3503/3167
f 1091/3503/3167 1075/3505/3169 1077/3506/3170
f 1077/3506/3170 1075/3505/3169 1078/3507/3171
f 1078/3507/3171 1075/3505/3169 1079/3508/3172
f 1079/3508/3172 1075/3505/3169 1080/3509/3173
f 1080/3509/3173 1075/3505/3169 1081/3510/3174
f 1081/3510/3174 1075/3505/3169 1082/3511/3175
f 1107/3502/3166 1090/3504/3168 1095/3512/3176
f 1095/3512/3176 1090/3504/3168 1089/3513/3177
f 1095/3512/3176 1089/3513/3177 1100/3514/3178
f 1100/3514/3178 1099/3515/3179 1095/3512/3176
f 1095/3512/3176 1099/3515/3179 1098/3516/3180
f 1095/3512/3176 1098/3516/3180 1097/3517/3181
f 1097/3517/3181 1096/3518/3182 1095/3512/3176
f 279/2912/2576 1132/3019/2683 1175/2914/2578
f 1175/2914/2578 1132/3019/2683 1131/3519/3183
f 1175/2914/2578 1131/3519/3183 1130/3520/3184
f 1175/2914/2578 1130/3520/3184 1176/3521/3185
f 1176/3521/3185 1130/3520/3184 1129/3522/3186
f 1176/3521/3185 1129/3522/3186 1177/3523/3187
f 1177/3523/3187 1129/3522/3186 1128/3524/3188
f 1177/3523/3187 1128/3524/3188 1178/3525/3189
f 1178/3525/3189 1128/3524/3188 1127/3526/3190
f 1178/3525/3189 1127/3526/3190 1171/3527/3191
f 1171/3527/3191 1127/3526/3190 1155/3528/3192
f 1171/3527/3191 1155/3528/3192 1154/3529/3193
f 1127/3526/3190 1139/3530/3194 1155/3528/3192
f 1155/3528/3192 1139/3530/3194 1141/3531/3195
f 1141/3531/3195 1139/3530/3194 1146/3532/3196
f 1141/3531/3195 1146/3532/3196 1145/3533/3197
f 1145/3533/3197 1144/3534/3198 1141/3531/3195
f 1141/3531/3195 1144/3534/3198 1143/3535/3199
f 1141/3531/3195 1143/3535/3199 1142/3536/3200
f 1171/3527/3191 1154/3529/3193 1159/3537/3201
f 1159/3537/3201 1154/3529/3193 1153/3538/3202
f 1159/3537/3201 1153/3538/3202 1160/3539/3203
f 1160/3539/3203 1153/3538/3202 1164/3540/3204
f 1160/3539/3203 1164/3540/3204 1163/3541/3205
f 1163/3541/3205 1162/3542/3206 1160/3539/3203
f 1160/3539/3203 1162/3542/3206 1161/3543/3207
f 1191/3100/2764 1203/3544/3208 1219/3102/2766
f 1219/3102/2766 1203/3544/3208 1205/3545/3209
f 1205/3545/3209 1203/3544/3208 1206/3546/3210
f 1206/3546/3210 1203/3544/3208 1210/3547/3211
f 1206/3546/3210 1210/3547/3211 1209/3548/3212
f 1209/3548/3212 1208/3549/3213 1206/3546/3210
f 1206/3546/3210 1208/3549/3213 1207/3550/3214
f 1235/3101/2765 1218/3103/2767 1223/3551/3215
f 1223/3551/3215 1218/3103/2767 1217/3552/3216
f 1223/3551/3215 1217/3552/3216 1228/3553/3217
f 1228/3553/3217 1227/3554/3218 1223/3551/3215
f 1223/3551/3215 1227/3554/3218 1226/3555/3219
f 1223/3551/3215 1226/3555/3219 1225/3556/3220
f 1225/3556/3220 1224/3557/3221 1223/3551/3215
f 1305/3128/2792 1256/3130/2794 1306/3558/3222
f 1306/3558/3222 1256/3130/2794 1255/3559/3223
f 1306/3558/3222 1255/3559/3223 1299/3560/3224
f 1299/3560/3224 1255/3559/3223 1283/3561/3225
f 1299/3560/3224 1283/3561/3225 1282/3562/3226
f 1255/3559/3223 1267/3563/3227 1283/3561/3225
f 1283/3561/3225 1267/3563/3227 1269/3564/3228
f 1269/3564/3228 1267/3563/3227 1274/3565/3229
f 1269/3564/3228 1274/3565/3229 1273/3566/3230
f 1273/3566/3230 1272/3567/3231 1269/3564/3228
f 1269/3564/3228 1272/3567/3231 1271/3568/3232
f 1269/3564/3228 1271/3568/3232 1270/3569/3233
f 1299/3560/3224 1282/3562/3226 1287/3570/3234
f 1287/3570/3234 1282/3562/3226 1281/3571/3235
f 1287/3570/3234 1281/3571/3235 1292/3572/3236
f 1292/3572/3236 1291/3573/3237 1287/3570/3234
f 1287/3570/3234 1291/3573/3237 1288/3574/3238
f 1288/3574/3238 1291/3573/3237 1290/3575/3239
f 1288/3574/3238 1290/3575/3239 1289/3576/3240
f 1323/3115/2779 1322/3577/3241 1367/3113/2777
f 1367/3113/2777 1322/3577/3241 1368/3578/3242
f 1368/3578/3242 1322/3577/3241 1321/3579/3243
f 1368/3578/3242 1321/3579/3243 1369/3580/3244
f 1369/3580/3244 1321/3579/3243 1320/3581/3245
f 1369/3580/3244 1320/3581/3245 1370/3582/3246
f 1370/3582/3246 1320/3581/3245 1319/3583/3247
f 1370/3582/3246 1319/3583/3247 1363/3584/3248
f 1363/3584/3248 1319/3583/3247 1347/3585/3249
f 1363/3584/3248 1347/3585/3249 1346/3586/3250
f 1319/3583/3247 1331/3587/3251 1347/3585/3249
f 1347/3585/3249 1331/3587/3251 1333/3588/3252
f 1333/3588/3252 1331/3587/3251 1338/3589/3253
f 1333/3588/3252 1338/3589/3253 1337/3590/3254
f 1337/3590/3254 1336/3591/3255 1333/3588/3252
f 1333/3588/3252 1336/3591/3255 1335/3592/3256
f 1333/3588/3252 1335/3592/3256 1334/3593/3257
f 1363/3584/3248 1346/3586/3250 1351/3594/3258
f 1351/3594/3258 1346/3586/3250 1345/3595/3259
f 1351/3594/3258 1345/3595/3259 1352/3596/3260
f 1352/3596/3260 1345/3595/3259 1353/3597/3261
f 1353/3597/3261 1345/3595/3259 1356/3598/3262
f 1353/3597/3261 1356/3598/3262 1354/3599/3263
f 1354/3599/3263 1356/3598/3262 1355/3600/3264
f 1378/2897/2561 1377/3601/3265 400/2887/2551
f 400/2887/2551 1377/3601/3265 1388/2888/2552
f 1387/2890/2554 1386/3602/3266 1431/2892/2556
f 1431/2892/2556 1386/3602/3266 1432/3603/3267
f 1432/3603/3267 1386/3602/3266 1385/3604/3268
f 1432/3603/3267 1385/3604/3268 1433/3605/3269
f 1433/3605/3269 1385/3604/3268 1384/3606/3270
f 1433/3605/3269 1384/3606/3270 1434/3607/3271
f 1434/3607/3271 1384/3606/3270 1383/3608/3272
f 1434/3607/3271 1383/3608/3272 1427/3609/3273
f 1427/3609/3273 1383/3608/3272 1411/3610/3274
f 1427/3609/3273 1411/3610/3274 1410/3611/3275
f 1383/3608/3272 1395/3612/3276 1411/3610/3274
f 1411/3610/3274 1395/3612/3276 1397/3613/3277
f 1397/3613/3277 1395/3612/3276 1402/3614/3278
f 1397/3613/3277 1402/3614/3278 1401/3615/3279
f 1401/3615/3279 1400/3616/3280 1397/3613/3277
f 1397/3613/3277 1400/3616/3280 1399/3617/3281
f 1397/3613/3277 1399/3617/3281 1398/3618/3282
f 1427/3609/3273 1410/3611/3275 1415/3619/3283
f 1415/3619/3283 1410/3611/3275 1409/3620/3284
f 1415/3619/3283 1409/3620/3284 1416/3621/3285
f 1416/3621/3285 1409/3620/3284 1417/3622/3286
f 1417/3622/3286 1409/3620/3284 1418/3623/3287
f 1418/3623/3287 1409/3620/3284 1419/3624/3288
f 1419/3624/3288 1409/3620/3284 1420/3625/3289
f 1459/3626/3290 1475/3627/3291 1447/2957/2621
f 1447/2957/2621 1475/3627/3291 1491/3628/3292
f 1447/2957/2621 1491/3628/3292 1498/2955/2619
f 1475/3627/3291 1459/3626/3290 1461/3629/3293
f 1461/3629/3293 1459/3626/3290 1466/3630/3294
f 1461/3629/3293 1466/3630/3294 1465/3631/3295
f 1465/3631/3295 1464/3632/3296 1461/3629/3293
f 1461/3629/3293 1464/3632/3296 1463/3633/3297
f 1461/3629/3293 1463/3633/3297 1462/3634/3298
f 1475/3627/3291 1474/3635/3299 1491/3628/3292
f 1491/3628/3292 1474/3635/3299 1479/3636/3300
f 1479/3636/3300 1474/3635/3299 1473/3637/3301
f 1479/3636/3300 1473/3637/3301 1480/3638/3302
f 1480/3638/3302 1473/3637/3301 1481/3639/3303
f 1481/3639/3303 1473/3637/3301 1482/3640/3304
f 1482/3640/3304 1473/3637/3301 1483/3641/3305
f 1483/3641/3305 1473/3637/3301 1484/3642/3306
f 1515/2940/2604 1514/3643/3307 1559/2938/2602
f 1559/2938/2602 1514/3643/3307 1560/3644/3308
f 1560/3644/3308 1514/3643/3307 1513/3645/3309
f 1560/3644/3308 1513/3645/3309 1561/3646/3310
f 1561/3646/3310 1513/3645/3309 1512/3647/3311
f 1561/3646/3310 1512/3647/3311 1562/3648/3312
f 1562/3648/3312 1512/3647/3311 1511/3649/3313
f 1562/3648/3312 1511/3649/3313 1555/3650/3314
f 1555/3650/3314 1511/3649/3313 1539/3651/3315
f 1555/3650/3314 1539/3651/3315 1538/3652/3316
f 1511/3649/3313 1523/3653/3317 1539/3651/3315
f 1539/3651/3315 1523/3653/3317 1525/3654/3318
f 1525/3654/3318 1523/3653/3317 1530/3655/3319
f 1525/3654/3318 1530/3655/3319 1529/3656/3320
f 1529/3656/3320 1528/3657/3321 1525/3654/3318
f 1525/3654/3318 1528/3657/3321 1527/3658/3322
f 1525/3654/3318 1527/3658/3322 1526/3659/3323
f 1555/3650/3314 1538/3652/3316 1543/3660/3324
f 1543/3660/3324 1538/3652/3316 1537/3661/3325
f 1543/3660/3324 1537/3661/3325 1544/3662/3326
f 1544/3662/3326 1537/3661/3325 1545/3663/3327
f 1545/3663/3327 1537/3661/3325 1546/3664/3328
f 1546/3664/3328 1537/3661/3325 1547/3665/3329
f 1547/3665/3329 1537/3661/3325 1548/3666/3330
f 1571/2937/2601 1570/3667/3331 390/2926/2590
f 390/2926/2590 1570/3667/3331 1569/2927/2591
f 1623/3275/2939 1578/3277/2941 1624/3668/3332
f 1624/3668/3332 1578/3277/2941 1577/3669/3333
f 1624/3668/3332 1577/3669/3333 1625/3670/3334
f 1625/3670/3334 1577/3669/3333 1576/3671/3335
f 1625/3670/3334 1576/3671/3335 1626/3672/3336
f 1626/3672/3336 1576/3671/3335 1575/3673/3337
f 1626/3672/3336 1575/3673/3337 1619/3674/3338
f 1619/3674/3338 1575/3673/3337 1603/3675/3339
f 1619/3674/3338 1603/3675/3339 1602/3676/3340
f 1575/3673/3337 1587/3677/3341 1603/3675/3339
f 1603/3675/3339 1587/3677/3341 1589/3678/3342
f 1589/3678/3342 1587/3677/3341 1594/3679/3343
f 1589/3678/3342 1594/3679/3343 1593/3680/3344
f 1589/3678/3342 1593/3680/3344 1590/3681/3345
f 1590/3681/3345 1593/3680/3344 1592/3682/3346
f 1590/3681/3345 1592/3682/3346 1591/3683/3347
f 1619/3674/3338 1602/3676/3340 1607/3684/3348
f 1607/3684/3348 1602/3676/3340 1601/3685/3349
f 1607/3684/3348 1601/3685/3349 1608/3686/3350
f 1608/3686/3350 1601/3685/3349 1609/3687/3351
f 1609/3687/3351 1601/3685/3349 1610/3688/3352
f 1610/3688/3352 1601/3685/3349 1611/3689/3353
f 1611/3689/3353 1601/3685/3349 1612/3690/3354
f 1658/3691/3355 1655/3692/3356 1651/3291/2955
f 1651/3291/2955 1655/3692/3356 1654/3693/3357
f 1651/3291/2955 1654/3693/3357 1653/3694/3358
f 1657/3695/3359 1656/3696/3360 1658/3691/3355
f 1658/3691/3355 1656/3696/3360 1655/3692/3356
f 1653/3694/3358 1667/3289/2953 1651/3291/2955
# 1680 vertices
# 3696 texture params
# 3360 normals
# 3384 facets

# 1 groups
