ISO-10303-21;
HEADER;
/* Generated by software containing ST-Developer
 * from STEP Tools, Inc. (www.steptools.com) 
 */

FILE_DESCRIPTION(
/* description */ (''),
/* implementation_level */ '2;1');

FILE_NAME(
/* name */ 'fbca780a-b1b9-4538-879d-5af70baa65b7.stp',
/* time_stamp */ '2026-08-03T23:23:22Z',
/* author */ (''),
/* organization */ (''),
/* preprocessor_version */ 'ST-DEVELOPER v20.2',
/* originating_system */ 'Autodesk Translation Framework v15.15.0.0',
/* authorisation */ '');

FILE_SCHEMA (('AUTOMOTIVE_DESIGN { 1 0 10303 214 3 1 1 }'));
ENDSEC;

DATA;
#10=MECHANICAL_DESIGN_GEOMETRIC_PRESENTATION_REPRESENTATION('',(#13),#5889);
#11=SHAPE_REPRESENTATION_RELATIONSHIP('SRR','None',#5896,#12);
#12=ADVANCED_BREP_SHAPE_REPRESENTATION('',(#14),#5888);
#13=STYLED_ITEM('',(#5905),#14);
#14=MANIFOLD_SOLID_BREP('Body1',#3329);
#15=FACE_BOUND('',#246,.T.);
#16=FACE_BOUND('',#415,.T.);
#17=FACE_BOUND('',#416,.T.);
#18=FACE_BOUND('',#417,.T.);
#19=FACE_BOUND('',#418,.T.);
#20=FACE_BOUND('',#419,.T.);
#21=FACE_BOUND('',#420,.T.);
#22=FACE_BOUND('',#421,.T.);
#23=FACE_BOUND('',#423,.T.);
#24=FACE_BOUND('',#424,.T.);
#25=FACE_BOUND('',#425,.T.);
#26=FACE_BOUND('',#426,.T.);
#27=FACE_BOUND('',#427,.T.);
#28=FACE_BOUND('',#428,.T.);
#29=FACE_BOUND('',#429,.T.);
#30=PLANE('',#3346);
#31=PLANE('',#3368);
#32=PLANE('',#3378);
#33=PLANE('',#3388);
#34=PLANE('',#3398);
#35=PLANE('',#3408);
#36=PLANE('',#3418);
#37=PLANE('',#3428);
#38=PLANE('',#3438);
#39=PLANE('',#3448);
#40=PLANE('',#3458);
#41=PLANE('',#3468);
#42=PLANE('',#3478);
#43=PLANE('',#3488);
#44=PLANE('',#3498);
#45=PLANE('',#3508);
#46=PLANE('',#3518);
#47=PLANE('',#3528);
#48=PLANE('',#3538);
#49=PLANE('',#3548);
#50=PLANE('',#3558);
#51=PLANE('',#3568);
#52=PLANE('',#3578);
#53=PLANE('',#3588);
#54=PLANE('',#3598);
#55=PLANE('',#3608);
#56=PLANE('',#3618);
#57=PLANE('',#3628);
#58=PLANE('',#3638);
#59=PLANE('',#3648);
#60=PLANE('',#3658);
#61=PLANE('',#3668);
#62=PLANE('',#3678);
#63=PLANE('',#3688);
#64=PLANE('',#3698);
#65=PLANE('',#3708);
#66=PLANE('',#3718);
#67=PLANE('',#3728);
#68=PLANE('',#3738);
#69=PLANE('',#3748);
#70=PLANE('',#3758);
#71=PLANE('',#3768);
#72=PLANE('',#3769);
#73=FACE_OUTER_BOUND('',#244,.T.);
#74=FACE_OUTER_BOUND('',#245,.T.);
#75=FACE_OUTER_BOUND('',#247,.T.);
#76=FACE_OUTER_BOUND('',#248,.T.);
#77=FACE_OUTER_BOUND('',#249,.T.);
#78=FACE_OUTER_BOUND('',#250,.T.);
#79=FACE_OUTER_BOUND('',#251,.T.);
#80=FACE_OUTER_BOUND('',#252,.T.);
#81=FACE_OUTER_BOUND('',#253,.T.);
#82=FACE_OUTER_BOUND('',#254,.T.);
#83=FACE_OUTER_BOUND('',#255,.T.);
#84=FACE_OUTER_BOUND('',#256,.T.);
#85=FACE_OUTER_BOUND('',#257,.T.);
#86=FACE_OUTER_BOUND('',#258,.T.);
#87=FACE_OUTER_BOUND('',#259,.T.);
#88=FACE_OUTER_BOUND('',#260,.T.);
#89=FACE_OUTER_BOUND('',#261,.T.);
#90=FACE_OUTER_BOUND('',#262,.T.);
#91=FACE_OUTER_BOUND('',#263,.T.);
#92=FACE_OUTER_BOUND('',#264,.T.);
#93=FACE_OUTER_BOUND('',#265,.T.);
#94=FACE_OUTER_BOUND('',#266,.T.);
#95=FACE_OUTER_BOUND('',#267,.T.);
#96=FACE_OUTER_BOUND('',#268,.T.);
#97=FACE_OUTER_BOUND('',#269,.T.);
#98=FACE_OUTER_BOUND('',#270,.T.);
#99=FACE_OUTER_BOUND('',#271,.T.);
#100=FACE_OUTER_BOUND('',#272,.T.);
#101=FACE_OUTER_BOUND('',#273,.T.);
#102=FACE_OUTER_BOUND('',#274,.T.);
#103=FACE_OUTER_BOUND('',#275,.T.);
#104=FACE_OUTER_BOUND('',#276,.T.);
#105=FACE_OUTER_BOUND('',#277,.T.);
#106=FACE_OUTER_BOUND('',#278,.T.);
#107=FACE_OUTER_BOUND('',#279,.T.);
#108=FACE_OUTER_BOUND('',#280,.T.);
#109=FACE_OUTER_BOUND('',#281,.T.);
#110=FACE_OUTER_BOUND('',#282,.T.);
#111=FACE_OUTER_BOUND('',#283,.T.);
#112=FACE_OUTER_BOUND('',#284,.T.);
#113=FACE_OUTER_BOUND('',#285,.T.);
#114=FACE_OUTER_BOUND('',#286,.T.);
#115=FACE_OUTER_BOUND('',#287,.T.);
#116=FACE_OUTER_BOUND('',#288,.T.);
#117=FACE_OUTER_BOUND('',#289,.T.);
#118=FACE_OUTER_BOUND('',#290,.T.);
#119=FACE_OUTER_BOUND('',#291,.T.);
#120=FACE_OUTER_BOUND('',#292,.T.);
#121=FACE_OUTER_BOUND('',#293,.T.);
#122=FACE_OUTER_BOUND('',#294,.T.);
#123=FACE_OUTER_BOUND('',#295,.T.);
#124=FACE_OUTER_BOUND('',#296,.T.);
#125=FACE_OUTER_BOUND('',#297,.T.);
#126=FACE_OUTER_BOUND('',#298,.T.);
#127=FACE_OUTER_BOUND('',#299,.T.);
#128=FACE_OUTER_BOUND('',#300,.T.);
#129=FACE_OUTER_BOUND('',#301,.T.);
#130=FACE_OUTER_BOUND('',#302,.T.);
#131=FACE_OUTER_BOUND('',#303,.T.);
#132=FACE_OUTER_BOUND('',#304,.T.);
#133=FACE_OUTER_BOUND('',#305,.T.);
#134=FACE_OUTER_BOUND('',#306,.T.);
#135=FACE_OUTER_BOUND('',#307,.T.);
#136=FACE_OUTER_BOUND('',#308,.T.);
#137=FACE_OUTER_BOUND('',#309,.T.);
#138=FACE_OUTER_BOUND('',#310,.T.);
#139=FACE_OUTER_BOUND('',#311,.T.);
#140=FACE_OUTER_BOUND('',#312,.T.);
#141=FACE_OUTER_BOUND('',#313,.T.);
#142=FACE_OUTER_BOUND('',#314,.T.);
#143=FACE_OUTER_BOUND('',#315,.T.);
#144=FACE_OUTER_BOUND('',#316,.T.);
#145=FACE_OUTER_BOUND('',#317,.T.);
#146=FACE_OUTER_BOUND('',#318,.T.);
#147=FACE_OUTER_BOUND('',#319,.T.);
#148=FACE_OUTER_BOUND('',#320,.T.);
#149=FACE_OUTER_BOUND('',#321,.T.);
#150=FACE_OUTER_BOUND('',#322,.T.);
#151=FACE_OUTER_BOUND('',#323,.T.);
#152=FACE_OUTER_BOUND('',#324,.T.);
#153=FACE_OUTER_BOUND('',#325,.T.);
#154=FACE_OUTER_BOUND('',#326,.T.);
#155=FACE_OUTER_BOUND('',#327,.T.);
#156=FACE_OUTER_BOUND('',#328,.T.);
#157=FACE_OUTER_BOUND('',#329,.T.);
#158=FACE_OUTER_BOUND('',#330,.T.);
#159=FACE_OUTER_BOUND('',#331,.T.);
#160=FACE_OUTER_BOUND('',#332,.T.);
#161=FACE_OUTER_BOUND('',#333,.T.);
#162=FACE_OUTER_BOUND('',#334,.T.);
#163=FACE_OUTER_BOUND('',#335,.T.);
#164=FACE_OUTER_BOUND('',#336,.T.);
#165=FACE_OUTER_BOUND('',#337,.T.);
#166=FACE_OUTER_BOUND('',#338,.T.);
#167=FACE_OUTER_BOUND('',#339,.T.);
#168=FACE_OUTER_BOUND('',#340,.T.);
#169=FACE_OUTER_BOUND('',#341,.T.);
#170=FACE_OUTER_BOUND('',#342,.T.);
#171=FACE_OUTER_BOUND('',#343,.T.);
#172=FACE_OUTER_BOUND('',#344,.T.);
#173=FACE_OUTER_BOUND('',#345,.T.);
#174=FACE_OUTER_BOUND('',#346,.T.);
#175=FACE_OUTER_BOUND('',#347,.T.);
#176=FACE_OUTER_BOUND('',#348,.T.);
#177=FACE_OUTER_BOUND('',#349,.T.);
#178=FACE_OUTER_BOUND('',#350,.T.);
#179=FACE_OUTER_BOUND('',#351,.T.);
#180=FACE_OUTER_BOUND('',#352,.T.);
#181=FACE_OUTER_BOUND('',#353,.T.);
#182=FACE_OUTER_BOUND('',#354,.T.);
#183=FACE_OUTER_BOUND('',#355,.T.);
#184=FACE_OUTER_BOUND('',#356,.T.);
#185=FACE_OUTER_BOUND('',#357,.T.);
#186=FACE_OUTER_BOUND('',#358,.T.);
#187=FACE_OUTER_BOUND('',#359,.T.);
#188=FACE_OUTER_BOUND('',#360,.T.);
#189=FACE_OUTER_BOUND('',#361,.T.);
#190=FACE_OUTER_BOUND('',#362,.T.);
#191=FACE_OUTER_BOUND('',#363,.T.);
#192=FACE_OUTER_BOUND('',#364,.T.);
#193=FACE_OUTER_BOUND('',#365,.T.);
#194=FACE_OUTER_BOUND('',#366,.T.);
#195=FACE_OUTER_BOUND('',#367,.T.);
#196=FACE_OUTER_BOUND('',#368,.T.);
#197=FACE_OUTER_BOUND('',#369,.T.);
#198=FACE_OUTER_BOUND('',#370,.T.);
#199=FACE_OUTER_BOUND('',#371,.T.);
#200=FACE_OUTER_BOUND('',#372,.T.);
#201=FACE_OUTER_BOUND('',#373,.T.);
#202=FACE_OUTER_BOUND('',#374,.T.);
#203=FACE_OUTER_BOUND('',#375,.T.);
#204=FACE_OUTER_BOUND('',#376,.T.);
#205=FACE_OUTER_BOUND('',#377,.T.);
#206=FACE_OUTER_BOUND('',#378,.T.);
#207=FACE_OUTER_BOUND('',#379,.T.);
#208=FACE_OUTER_BOUND('',#380,.T.);
#209=FACE_OUTER_BOUND('',#381,.T.);
#210=FACE_OUTER_BOUND('',#382,.T.);
#211=FACE_OUTER_BOUND('',#383,.T.);
#212=FACE_OUTER_BOUND('',#384,.T.);
#213=FACE_OUTER_BOUND('',#385,.T.);
#214=FACE_OUTER_BOUND('',#386,.T.);
#215=FACE_OUTER_BOUND('',#387,.T.);
#216=FACE_OUTER_BOUND('',#388,.T.);
#217=FACE_OUTER_BOUND('',#389,.T.);
#218=FACE_OUTER_BOUND('',#390,.T.);
#219=FACE_OUTER_BOUND('',#391,.T.);
#220=FACE_OUTER_BOUND('',#392,.T.);
#221=FACE_OUTER_BOUND('',#393,.T.);
#222=FACE_OUTER_BOUND('',#394,.T.);
#223=FACE_OUTER_BOUND('',#395,.T.);
#224=FACE_OUTER_BOUND('',#396,.T.);
#225=FACE_OUTER_BOUND('',#397,.T.);
#226=FACE_OUTER_BOUND('',#398,.T.);
#227=FACE_OUTER_BOUND('',#399,.T.);
#228=FACE_OUTER_BOUND('',#400,.T.);
#229=FACE_OUTER_BOUND('',#401,.T.);
#230=FACE_OUTER_BOUND('',#402,.T.);
#231=FACE_OUTER_BOUND('',#403,.T.);
#232=FACE_OUTER_BOUND('',#404,.T.);
#233=FACE_OUTER_BOUND('',#405,.T.);
#234=FACE_OUTER_BOUND('',#406,.T.);
#235=FACE_OUTER_BOUND('',#407,.T.);
#236=FACE_OUTER_BOUND('',#408,.T.);
#237=FACE_OUTER_BOUND('',#409,.T.);
#238=FACE_OUTER_BOUND('',#410,.T.);
#239=FACE_OUTER_BOUND('',#411,.T.);
#240=FACE_OUTER_BOUND('',#412,.T.);
#241=FACE_OUTER_BOUND('',#413,.T.);
#242=FACE_OUTER_BOUND('',#414,.T.);
#243=FACE_OUTER_BOUND('',#422,.T.);
#244=EDGE_LOOP('',(#2022,#2023,#2024,#2025));
#245=EDGE_LOOP('',(#2026));
#246=EDGE_LOOP('',(#2027));
#247=EDGE_LOOP('',(#2028,#2029,#2030,#2031));
#248=EDGE_LOOP('',(#2032,#2033,#2034,#2035));
#249=EDGE_LOOP('',(#2036,#2037,#2038,#2039));
#250=EDGE_LOOP('',(#2040,#2041,#2042,#2043));
#251=EDGE_LOOP('',(#2044,#2045,#2046,#2047));
#252=EDGE_LOOP('',(#2048,#2049,#2050,#2051));
#253=EDGE_LOOP('',(#2052,#2053,#2054,#2055));
#254=EDGE_LOOP('',(#2056,#2057,#2058,#2059));
#255=EDGE_LOOP('',(#2060,#2061,#2062,#2063));
#256=EDGE_LOOP('',(#2064,#2065,#2066,#2067));
#257=EDGE_LOOP('',(#2068,#2069,#2070,#2071));
#258=EDGE_LOOP('',(#2072,#2073,#2074,#2075));
#259=EDGE_LOOP('',(#2076,#2077,#2078,#2079));
#260=EDGE_LOOP('',(#2080,#2081,#2082,#2083));
#261=EDGE_LOOP('',(#2084,#2085,#2086,#2087));
#262=EDGE_LOOP('',(#2088,#2089,#2090,#2091));
#263=EDGE_LOOP('',(#2092,#2093,#2094,#2095));
#264=EDGE_LOOP('',(#2096,#2097,#2098,#2099));
#265=EDGE_LOOP('',(#2100,#2101,#2102,#2103));
#266=EDGE_LOOP('',(#2104,#2105,#2106,#2107));
#267=EDGE_LOOP('',(#2108,#2109,#2110,#2111));
#268=EDGE_LOOP('',(#2112,#2113,#2114,#2115));
#269=EDGE_LOOP('',(#2116,#2117,#2118,#2119));
#270=EDGE_LOOP('',(#2120,#2121,#2122,#2123));
#271=EDGE_LOOP('',(#2124,#2125,#2126,#2127));
#272=EDGE_LOOP('',(#2128,#2129,#2130,#2131));
#273=EDGE_LOOP('',(#2132,#2133,#2134,#2135));
#274=EDGE_LOOP('',(#2136,#2137,#2138,#2139));
#275=EDGE_LOOP('',(#2140,#2141,#2142,#2143));
#276=EDGE_LOOP('',(#2144,#2145,#2146,#2147));
#277=EDGE_LOOP('',(#2148,#2149,#2150,#2151));
#278=EDGE_LOOP('',(#2152,#2153,#2154,#2155));
#279=EDGE_LOOP('',(#2156,#2157,#2158,#2159));
#280=EDGE_LOOP('',(#2160,#2161,#2162,#2163));
#281=EDGE_LOOP('',(#2164,#2165,#2166,#2167));
#282=EDGE_LOOP('',(#2168,#2169,#2170,#2171));
#283=EDGE_LOOP('',(#2172,#2173,#2174,#2175));
#284=EDGE_LOOP('',(#2176,#2177,#2178,#2179));
#285=EDGE_LOOP('',(#2180,#2181,#2182,#2183));
#286=EDGE_LOOP('',(#2184,#2185,#2186,#2187));
#287=EDGE_LOOP('',(#2188,#2189,#2190,#2191));
#288=EDGE_LOOP('',(#2192,#2193,#2194,#2195));
#289=EDGE_LOOP('',(#2196,#2197,#2198,#2199));
#290=EDGE_LOOP('',(#2200,#2201,#2202,#2203));
#291=EDGE_LOOP('',(#2204,#2205,#2206,#2207));
#292=EDGE_LOOP('',(#2208,#2209,#2210,#2211));
#293=EDGE_LOOP('',(#2212,#2213,#2214,#2215));
#294=EDGE_LOOP('',(#2216,#2217,#2218,#2219));
#295=EDGE_LOOP('',(#2220,#2221,#2222,#2223));
#296=EDGE_LOOP('',(#2224,#2225,#2226,#2227));
#297=EDGE_LOOP('',(#2228,#2229,#2230,#2231));
#298=EDGE_LOOP('',(#2232,#2233,#2234,#2235));
#299=EDGE_LOOP('',(#2236,#2237,#2238,#2239));
#300=EDGE_LOOP('',(#2240,#2241,#2242,#2243));
#301=EDGE_LOOP('',(#2244,#2245,#2246,#2247));
#302=EDGE_LOOP('',(#2248,#2249,#2250,#2251));
#303=EDGE_LOOP('',(#2252,#2253,#2254,#2255));
#304=EDGE_LOOP('',(#2256,#2257,#2258,#2259));
#305=EDGE_LOOP('',(#2260,#2261,#2262,#2263));
#306=EDGE_LOOP('',(#2264,#2265,#2266,#2267));
#307=EDGE_LOOP('',(#2268,#2269,#2270,#2271));
#308=EDGE_LOOP('',(#2272,#2273,#2274,#2275));
#309=EDGE_LOOP('',(#2276,#2277,#2278,#2279));
#310=EDGE_LOOP('',(#2280,#2281,#2282,#2283));
#311=EDGE_LOOP('',(#2284,#2285,#2286,#2287));
#312=EDGE_LOOP('',(#2288,#2289,#2290,#2291));
#313=EDGE_LOOP('',(#2292,#2293,#2294,#2295));
#314=EDGE_LOOP('',(#2296,#2297,#2298,#2299));
#315=EDGE_LOOP('',(#2300,#2301,#2302,#2303));
#316=EDGE_LOOP('',(#2304,#2305,#2306,#2307));
#317=EDGE_LOOP('',(#2308,#2309,#2310,#2311));
#318=EDGE_LOOP('',(#2312,#2313,#2314,#2315));
#319=EDGE_LOOP('',(#2316,#2317,#2318,#2319));
#320=EDGE_LOOP('',(#2320,#2321,#2322,#2323));
#321=EDGE_LOOP('',(#2324,#2325,#2326,#2327));
#322=EDGE_LOOP('',(#2328,#2329,#2330,#2331));
#323=EDGE_LOOP('',(#2332,#2333,#2334,#2335));
#324=EDGE_LOOP('',(#2336,#2337,#2338,#2339));
#325=EDGE_LOOP('',(#2340,#2341,#2342,#2343));
#326=EDGE_LOOP('',(#2344,#2345,#2346,#2347));
#327=EDGE_LOOP('',(#2348,#2349,#2350,#2351));
#328=EDGE_LOOP('',(#2352,#2353,#2354,#2355));
#329=EDGE_LOOP('',(#2356,#2357,#2358,#2359));
#330=EDGE_LOOP('',(#2360,#2361,#2362,#2363));
#331=EDGE_LOOP('',(#2364,#2365,#2366,#2367));
#332=EDGE_LOOP('',(#2368,#2369,#2370,#2371));
#333=EDGE_LOOP('',(#2372,#2373,#2374,#2375));
#334=EDGE_LOOP('',(#2376,#2377,#2378,#2379));
#335=EDGE_LOOP('',(#2380,#2381,#2382,#2383));
#336=EDGE_LOOP('',(#2384,#2385,#2386,#2387));
#337=EDGE_LOOP('',(#2388,#2389,#2390,#2391));
#338=EDGE_LOOP('',(#2392,#2393,#2394,#2395));
#339=EDGE_LOOP('',(#2396,#2397,#2398,#2399));
#340=EDGE_LOOP('',(#2400,#2401,#2402,#2403));
#341=EDGE_LOOP('',(#2404,#2405,#2406,#2407));
#342=EDGE_LOOP('',(#2408,#2409,#2410,#2411));
#343=EDGE_LOOP('',(#2412,#2413,#2414,#2415));
#344=EDGE_LOOP('',(#2416,#2417,#2418,#2419));
#345=EDGE_LOOP('',(#2420,#2421,#2422,#2423));
#346=EDGE_LOOP('',(#2424,#2425,#2426,#2427));
#347=EDGE_LOOP('',(#2428,#2429,#2430,#2431));
#348=EDGE_LOOP('',(#2432,#2433,#2434,#2435));
#349=EDGE_LOOP('',(#2436,#2437,#2438,#2439));
#350=EDGE_LOOP('',(#2440,#2441,#2442,#2443));
#351=EDGE_LOOP('',(#2444,#2445,#2446,#2447));
#352=EDGE_LOOP('',(#2448,#2449,#2450,#2451));
#353=EDGE_LOOP('',(#2452,#2453,#2454,#2455));
#354=EDGE_LOOP('',(#2456,#2457,#2458,#2459));
#355=EDGE_LOOP('',(#2460,#2461,#2462,#2463));
#356=EDGE_LOOP('',(#2464,#2465,#2466,#2467));
#357=EDGE_LOOP('',(#2468,#2469,#2470,#2471));
#358=EDGE_LOOP('',(#2472,#2473,#2474,#2475));
#359=EDGE_LOOP('',(#2476,#2477,#2478,#2479));
#360=EDGE_LOOP('',(#2480,#2481,#2482,#2483));
#361=EDGE_LOOP('',(#2484,#2485,#2486,#2487));
#362=EDGE_LOOP('',(#2488,#2489,#2490,#2491));
#363=EDGE_LOOP('',(#2492,#2493,#2494,#2495));
#364=EDGE_LOOP('',(#2496,#2497,#2498,#2499));
#365=EDGE_LOOP('',(#2500,#2501,#2502,#2503));
#366=EDGE_LOOP('',(#2504,#2505,#2506,#2507));
#367=EDGE_LOOP('',(#2508,#2509,#2510,#2511));
#368=EDGE_LOOP('',(#2512,#2513,#2514,#2515));
#369=EDGE_LOOP('',(#2516,#2517,#2518,#2519));
#370=EDGE_LOOP('',(#2520,#2521,#2522,#2523));
#371=EDGE_LOOP('',(#2524,#2525,#2526,#2527));
#372=EDGE_LOOP('',(#2528,#2529,#2530,#2531));
#373=EDGE_LOOP('',(#2532,#2533,#2534,#2535));
#374=EDGE_LOOP('',(#2536,#2537,#2538,#2539));
#375=EDGE_LOOP('',(#2540,#2541,#2542,#2543));
#376=EDGE_LOOP('',(#2544,#2545,#2546,#2547));
#377=EDGE_LOOP('',(#2548,#2549,#2550,#2551));
#378=EDGE_LOOP('',(#2552,#2553,#2554,#2555));
#379=EDGE_LOOP('',(#2556,#2557,#2558,#2559));
#380=EDGE_LOOP('',(#2560,#2561,#2562,#2563));
#381=EDGE_LOOP('',(#2564,#2565,#2566,#2567));
#382=EDGE_LOOP('',(#2568,#2569,#2570,#2571));
#383=EDGE_LOOP('',(#2572,#2573,#2574,#2575));
#384=EDGE_LOOP('',(#2576,#2577,#2578,#2579));
#385=EDGE_LOOP('',(#2580,#2581,#2582,#2583));
#386=EDGE_LOOP('',(#2584,#2585,#2586,#2587));
#387=EDGE_LOOP('',(#2588,#2589,#2590,#2591));
#388=EDGE_LOOP('',(#2592,#2593,#2594,#2595));
#389=EDGE_LOOP('',(#2596,#2597,#2598,#2599));
#390=EDGE_LOOP('',(#2600,#2601,#2602,#2603));
#391=EDGE_LOOP('',(#2604,#2605,#2606,#2607));
#392=EDGE_LOOP('',(#2608,#2609,#2610,#2611));
#393=EDGE_LOOP('',(#2612,#2613,#2614,#2615));
#394=EDGE_LOOP('',(#2616,#2617,#2618,#2619));
#395=EDGE_LOOP('',(#2620,#2621,#2622,#2623));
#396=EDGE_LOOP('',(#2624,#2625,#2626,#2627));
#397=EDGE_LOOP('',(#2628,#2629,#2630,#2631));
#398=EDGE_LOOP('',(#2632,#2633,#2634,#2635));
#399=EDGE_LOOP('',(#2636,#2637,#2638,#2639));
#400=EDGE_LOOP('',(#2640,#2641,#2642,#2643));
#401=EDGE_LOOP('',(#2644,#2645,#2646,#2647));
#402=EDGE_LOOP('',(#2648,#2649,#2650,#2651));
#403=EDGE_LOOP('',(#2652,#2653,#2654,#2655));
#404=EDGE_LOOP('',(#2656,#2657,#2658,#2659));
#405=EDGE_LOOP('',(#2660,#2661,#2662,#2663));
#406=EDGE_LOOP('',(#2664,#2665,#2666,#2667));
#407=EDGE_LOOP('',(#2668,#2669,#2670,#2671));
#408=EDGE_LOOP('',(#2672,#2673,#2674,#2675));
#409=EDGE_LOOP('',(#2676,#2677,#2678,#2679));
#410=EDGE_LOOP('',(#2680,#2681,#2682,#2683));
#411=EDGE_LOOP('',(#2684,#2685,#2686,#2687));
#412=EDGE_LOOP('',(#2688,#2689,#2690,#2691));
#413=EDGE_LOOP('',(#2692,#2693,#2694,#2695));
#414=EDGE_LOOP('',(#2696,#2697,#2698,#2699,#2700,#2701,#2702,#2703,#2704,
#2705,#2706,#2707,#2708,#2709,#2710,#2711,#2712,#2713,#2714,#2715,#2716,
#2717,#2718,#2719,#2720,#2721,#2722,#2723,#2724,#2725,#2726,#2727,#2728,
#2729,#2730,#2731,#2732,#2733,#2734,#2735,#2736,#2737,#2738,#2739,#2740,
#2741,#2742,#2743,#2744,#2745,#2746,#2747,#2748,#2749,#2750,#2751,#2752,
#2753,#2754,#2755,#2756,#2757,#2758,#2759,#2760,#2761,#2762,#2763,#2764,
#2765,#2766,#2767,#2768,#2769,#2770,#2771,#2772,#2773,#2774,#2775,#2776,
#2777,#2778,#2779,#2780,#2781,#2782,#2783,#2784,#2785,#2786,#2787,#2788,
#2789,#2790,#2791,#2792,#2793,#2794,#2795,#2796,#2797,#2798,#2799,#2800,
#2801,#2802,#2803,#2804,#2805,#2806,#2807,#2808,#2809,#2810,#2811,#2812,
#2813,#2814,#2815,#2816,#2817,#2818,#2819,#2820,#2821,#2822,#2823,#2824,
#2825,#2826,#2827,#2828,#2829,#2830,#2831,#2832,#2833,#2834,#2835,#2836,
#2837,#2838,#2839,#2840,#2841,#2842,#2843,#2844,#2845,#2846,#2847,#2848,
#2849,#2850,#2851,#2852,#2853,#2854,#2855));
#415=EDGE_LOOP('',(#2856));
#416=EDGE_LOOP('',(#2857));
#417=EDGE_LOOP('',(#2858));
#418=EDGE_LOOP('',(#2859));
#419=EDGE_LOOP('',(#2860));
#420=EDGE_LOOP('',(#2861));
#421=EDGE_LOOP('',(#2862));
#422=EDGE_LOOP('',(#2863,#2864,#2865,#2866,#2867,#2868,#2869,#2870,#2871,
#2872,#2873,#2874,#2875,#2876,#2877,#2878,#2879,#2880,#2881,#2882,#2883,
#2884,#2885,#2886,#2887,#2888,#2889,#2890,#2891,#2892,#2893,#2894,#2895,
#2896,#2897,#2898,#2899,#2900,#2901,#2902,#2903,#2904,#2905,#2906,#2907,
#2908,#2909,#2910,#2911,#2912,#2913,#2914,#2915,#2916,#2917,#2918,#2919,
#2920,#2921,#2922,#2923,#2924,#2925,#2926,#2927,#2928,#2929,#2930,#2931,
#2932,#2933,#2934,#2935,#2936,#2937,#2938,#2939,#2940,#2941,#2942,#2943,
#2944,#2945,#2946,#2947,#2948,#2949,#2950,#2951,#2952,#2953,#2954,#2955,
#2956,#2957,#2958,#2959,#2960,#2961,#2962,#2963,#2964,#2965,#2966,#2967,
#2968,#2969,#2970,#2971,#2972,#2973,#2974,#2975,#2976,#2977,#2978,#2979,
#2980,#2981,#2982,#2983,#2984,#2985,#2986,#2987,#2988,#2989,#2990,#2991,
#2992,#2993,#2994,#2995,#2996,#2997,#2998,#2999,#3000,#3001,#3002,#3003,
#3004,#3005,#3006,#3007,#3008,#3009,#3010,#3011,#3012,#3013,#3014,#3015,
#3016,#3017,#3018,#3019,#3020,#3021,#3022));
#423=EDGE_LOOP('',(#3023));
#424=EDGE_LOOP('',(#3024));
#425=EDGE_LOOP('',(#3025));
#426=EDGE_LOOP('',(#3026));
#427=EDGE_LOOP('',(#3027));
#428=EDGE_LOOP('',(#3028));
#429=EDGE_LOOP('',(#3029));
#430=LINE('',#4879,#678);
#431=LINE('',#4888,#679);
#432=LINE('',#4894,#680);
#433=LINE('',#4900,#681);
#434=LINE('',#4906,#682);
#435=LINE('',#4910,#683);
#436=LINE('',#4916,#684);
#437=LINE('',#4922,#685);
#438=LINE('',#4927,#686);
#439=LINE('',#4929,#687);
#440=LINE('',#4931,#688);
#441=LINE('',#4932,#689);
#442=LINE('',#4938,#690);
#443=LINE('',#4944,#691);
#444=LINE('',#4950,#692);
#445=LINE('',#4953,#693);
#446=LINE('',#4955,#694);
#447=LINE('',#4956,#695);
#448=LINE('',#4962,#696);
#449=LINE('',#4968,#697);
#450=LINE('',#4974,#698);
#451=LINE('',#4977,#699);
#452=LINE('',#4979,#700);
#453=LINE('',#4980,#701);
#454=LINE('',#4986,#702);
#455=LINE('',#4992,#703);
#456=LINE('',#4998,#704);
#457=LINE('',#5001,#705);
#458=LINE('',#5003,#706);
#459=LINE('',#5004,#707);
#460=LINE('',#5010,#708);
#461=LINE('',#5016,#709);
#462=LINE('',#5022,#710);
#463=LINE('',#5025,#711);
#464=LINE('',#5027,#712);
#465=LINE('',#5028,#713);
#466=LINE('',#5034,#714);
#467=LINE('',#5040,#715);
#468=LINE('',#5046,#716);
#469=LINE('',#5049,#717);
#470=LINE('',#5051,#718);
#471=LINE('',#5052,#719);
#472=LINE('',#5058,#720);
#473=LINE('',#5064,#721);
#474=LINE('',#5070,#722);
#475=LINE('',#5073,#723);
#476=LINE('',#5075,#724);
#477=LINE('',#5076,#725);
#478=LINE('',#5082,#726);
#479=LINE('',#5088,#727);
#480=LINE('',#5094,#728);
#481=LINE('',#5097,#729);
#482=LINE('',#5099,#730);
#483=LINE('',#5100,#731);
#484=LINE('',#5106,#732);
#485=LINE('',#5112,#733);
#486=LINE('',#5118,#734);
#487=LINE('',#5121,#735);
#488=LINE('',#5123,#736);
#489=LINE('',#5124,#737);
#490=LINE('',#5130,#738);
#491=LINE('',#5136,#739);
#492=LINE('',#5142,#740);
#493=LINE('',#5145,#741);
#494=LINE('',#5147,#742);
#495=LINE('',#5148,#743);
#496=LINE('',#5154,#744);
#497=LINE('',#5160,#745);
#498=LINE('',#5166,#746);
#499=LINE('',#5169,#747);
#500=LINE('',#5171,#748);
#501=LINE('',#5172,#749);
#502=LINE('',#5178,#750);
#503=LINE('',#5184,#751);
#504=LINE('',#5190,#752);
#505=LINE('',#5193,#753);
#506=LINE('',#5195,#754);
#507=LINE('',#5196,#755);
#508=LINE('',#5202,#756);
#509=LINE('',#5208,#757);
#510=LINE('',#5214,#758);
#511=LINE('',#5217,#759);
#512=LINE('',#5219,#760);
#513=LINE('',#5220,#761);
#514=LINE('',#5226,#762);
#515=LINE('',#5232,#763);
#516=LINE('',#5238,#764);
#517=LINE('',#5241,#765);
#518=LINE('',#5243,#766);
#519=LINE('',#5244,#767);
#520=LINE('',#5250,#768);
#521=LINE('',#5256,#769);
#522=LINE('',#5262,#770);
#523=LINE('',#5265,#771);
#524=LINE('',#5267,#772);
#525=LINE('',#5268,#773);
#526=LINE('',#5274,#774);
#527=LINE('',#5280,#775);
#528=LINE('',#5286,#776);
#529=LINE('',#5289,#777);
#530=LINE('',#5291,#778);
#531=LINE('',#5292,#779);
#532=LINE('',#5298,#780);
#533=LINE('',#5304,#781);
#534=LINE('',#5310,#782);
#535=LINE('',#5313,#783);
#536=LINE('',#5315,#784);
#537=LINE('',#5316,#785);
#538=LINE('',#5322,#786);
#539=LINE('',#5328,#787);
#540=LINE('',#5334,#788);
#541=LINE('',#5337,#789);
#542=LINE('',#5339,#790);
#543=LINE('',#5340,#791);
#544=LINE('',#5346,#792);
#545=LINE('',#5352,#793);
#546=LINE('',#5358,#794);
#547=LINE('',#5361,#795);
#548=LINE('',#5363,#796);
#549=LINE('',#5364,#797);
#550=LINE('',#5370,#798);
#551=LINE('',#5376,#799);
#552=LINE('',#5382,#800);
#553=LINE('',#5385,#801);
#554=LINE('',#5387,#802);
#555=LINE('',#5388,#803);
#556=LINE('',#5394,#804);
#557=LINE('',#5400,#805);
#558=LINE('',#5406,#806);
#559=LINE('',#5409,#807);
#560=LINE('',#5411,#808);
#561=LINE('',#5412,#809);
#562=LINE('',#5418,#810);
#563=LINE('',#5424,#811);
#564=LINE('',#5430,#812);
#565=LINE('',#5433,#813);
#566=LINE('',#5435,#814);
#567=LINE('',#5436,#815);
#568=LINE('',#5442,#816);
#569=LINE('',#5448,#817);
#570=LINE('',#5454,#818);
#571=LINE('',#5457,#819);
#572=LINE('',#5459,#820);
#573=LINE('',#5460,#821);
#574=LINE('',#5466,#822);
#575=LINE('',#5472,#823);
#576=LINE('',#5478,#824);
#577=LINE('',#5481,#825);
#578=LINE('',#5483,#826);
#579=LINE('',#5484,#827);
#580=LINE('',#5490,#828);
#581=LINE('',#5496,#829);
#582=LINE('',#5502,#830);
#583=LINE('',#5505,#831);
#584=LINE('',#5507,#832);
#585=LINE('',#5508,#833);
#586=LINE('',#5514,#834);
#587=LINE('',#5520,#835);
#588=LINE('',#5526,#836);
#589=LINE('',#5529,#837);
#590=LINE('',#5531,#838);
#591=LINE('',#5532,#839);
#592=LINE('',#5538,#840);
#593=LINE('',#5544,#841);
#594=LINE('',#5550,#842);
#595=LINE('',#5553,#843);
#596=LINE('',#5555,#844);
#597=LINE('',#5556,#845);
#598=LINE('',#5562,#846);
#599=LINE('',#5568,#847);
#600=LINE('',#5574,#848);
#601=LINE('',#5577,#849);
#602=LINE('',#5579,#850);
#603=LINE('',#5580,#851);
#604=LINE('',#5586,#852);
#605=LINE('',#5592,#853);
#606=LINE('',#5598,#854);
#607=LINE('',#5601,#855);
#608=LINE('',#5603,#856);
#609=LINE('',#5604,#857);
#610=LINE('',#5610,#858);
#611=LINE('',#5616,#859);
#612=LINE('',#5622,#860);
#613=LINE('',#5625,#861);
#614=LINE('',#5627,#862);
#615=LINE('',#5628,#863);
#616=LINE('',#5634,#864);
#617=LINE('',#5640,#865);
#618=LINE('',#5646,#866);
#619=LINE('',#5649,#867);
#620=LINE('',#5651,#868);
#621=LINE('',#5652,#869);
#622=LINE('',#5658,#870);
#623=LINE('',#5664,#871);
#624=LINE('',#5670,#872);
#625=LINE('',#5673,#873);
#626=LINE('',#5675,#874);
#627=LINE('',#5676,#875);
#628=LINE('',#5682,#876);
#629=LINE('',#5688,#877);
#630=LINE('',#5694,#878);
#631=LINE('',#5697,#879);
#632=LINE('',#5699,#880);
#633=LINE('',#5700,#881);
#634=LINE('',#5706,#882);
#635=LINE('',#5712,#883);
#636=LINE('',#5718,#884);
#637=LINE('',#5721,#885);
#638=LINE('',#5723,#886);
#639=LINE('',#5724,#887);
#640=LINE('',#5730,#888);
#641=LINE('',#5736,#889);
#642=LINE('',#5742,#890);
#643=LINE('',#5745,#891);
#644=LINE('',#5747,#892);
#645=LINE('',#5748,#893);
#646=LINE('',#5754,#894);
#647=LINE('',#5760,#895);
#648=LINE('',#5766,#896);
#649=LINE('',#5769,#897);
#650=LINE('',#5771,#898);
#651=LINE('',#5772,#899);
#652=LINE('',#5778,#900);
#653=LINE('',#5784,#901);
#654=LINE('',#5790,#902);
#655=LINE('',#5793,#903);
#656=LINE('',#5795,#904);
#657=LINE('',#5796,#905);
#658=LINE('',#5802,#906);
#659=LINE('',#5808,#907);
#660=LINE('',#5814,#908);
#661=LINE('',#5817,#909);
#662=LINE('',#5819,#910);
#663=LINE('',#5820,#911);
#664=LINE('',#5826,#912);
#665=LINE('',#5832,#913);
#666=LINE('',#5838,#914);
#667=LINE('',#5841,#915);
#668=LINE('',#5843,#916);
#669=LINE('',#5844,#917);
#670=LINE('',#5850,#918);
#671=LINE('',#5856,#919);
#672=LINE('',#5862,#920);
#673=LINE('',#5865,#921);
#674=LINE('',#5867,#922);
#675=LINE('',#5868,#923);
#676=LINE('',#5874,#924);
#677=LINE('',#5880,#925);
#678=VECTOR('',#3776,25.);
#679=VECTOR('',#3787,5.);
#680=VECTOR('',#3794,5.);
#681=VECTOR('',#3801,5.);
#682=VECTOR('',#3808,5.);
#683=VECTOR('',#3813,18.);
#684=VECTOR('',#3820,5.);
#685=VECTOR('',#3827,5.);
#686=VECTOR('',#3832,10.);
#687=VECTOR('',#3833,10.);
#688=VECTOR('',#3834,10.);
#689=VECTOR('',#3835,10.);
#690=VECTOR('',#3842,10.);
#691=VECTOR('',#3849,10.);
#692=VECTOR('',#3856,10.);
#693=VECTOR('',#3859,10.);
#694=VECTOR('',#3860,10.);
#695=VECTOR('',#3861,10.);
#696=VECTOR('',#3868,10.);
#697=VECTOR('',#3875,10.);
#698=VECTOR('',#3882,10.);
#699=VECTOR('',#3885,10.);
#700=VECTOR('',#3886,10.);
#701=VECTOR('',#3887,10.);
#702=VECTOR('',#3894,10.);
#703=VECTOR('',#3901,10.);
#704=VECTOR('',#3908,10.);
#705=VECTOR('',#3911,10.);
#706=VECTOR('',#3912,10.);
#707=VECTOR('',#3913,10.);
#708=VECTOR('',#3920,10.);
#709=VECTOR('',#3927,10.);
#710=VECTOR('',#3934,10.);
#711=VECTOR('',#3937,10.);
#712=VECTOR('',#3938,10.);
#713=VECTOR('',#3939,10.);
#714=VECTOR('',#3946,10.);
#715=VECTOR('',#3953,10.);
#716=VECTOR('',#3960,10.);
#717=VECTOR('',#3963,10.);
#718=VECTOR('',#3964,10.);
#719=VECTOR('',#3965,10.);
#720=VECTOR('',#3972,10.);
#721=VECTOR('',#3979,10.);
#722=VECTOR('',#3986,10.);
#723=VECTOR('',#3989,10.);
#724=VECTOR('',#3990,10.);
#725=VECTOR('',#3991,10.);
#726=VECTOR('',#3998,10.);
#727=VECTOR('',#4005,10.);
#728=VECTOR('',#4012,10.);
#729=VECTOR('',#4015,10.);
#730=VECTOR('',#4016,10.);
#731=VECTOR('',#4017,10.);
#732=VECTOR('',#4024,10.);
#733=VECTOR('',#4031,10.);
#734=VECTOR('',#4038,10.);
#735=VECTOR('',#4041,10.);
#736=VECTOR('',#4042,10.);
#737=VECTOR('',#4043,10.);
#738=VECTOR('',#4050,10.);
#739=VECTOR('',#4057,10.);
#740=VECTOR('',#4064,10.);
#741=VECTOR('',#4067,10.);
#742=VECTOR('',#4068,10.);
#743=VECTOR('',#4069,10.);
#744=VECTOR('',#4076,10.);
#745=VECTOR('',#4083,10.);
#746=VECTOR('',#4090,10.);
#747=VECTOR('',#4093,10.);
#748=VECTOR('',#4094,10.);
#749=VECTOR('',#4095,10.);
#750=VECTOR('',#4102,10.);
#751=VECTOR('',#4109,10.);
#752=VECTOR('',#4116,10.);
#753=VECTOR('',#4119,10.);
#754=VECTOR('',#4120,10.);
#755=VECTOR('',#4121,10.);
#756=VECTOR('',#4128,10.);
#757=VECTOR('',#4135,10.);
#758=VECTOR('',#4142,10.);
#759=VECTOR('',#4145,10.);
#760=VECTOR('',#4146,10.);
#761=VECTOR('',#4147,10.);
#762=VECTOR('',#4154,10.);
#763=VECTOR('',#4161,10.);
#764=VECTOR('',#4168,10.);
#765=VECTOR('',#4171,10.);
#766=VECTOR('',#4172,10.);
#767=VECTOR('',#4173,10.);
#768=VECTOR('',#4180,10.);
#769=VECTOR('',#4187,10.);
#770=VECTOR('',#4194,10.);
#771=VECTOR('',#4197,10.);
#772=VECTOR('',#4198,10.);
#773=VECTOR('',#4199,10.);
#774=VECTOR('',#4206,10.);
#775=VECTOR('',#4213,10.);
#776=VECTOR('',#4220,10.);
#777=VECTOR('',#4223,10.);
#778=VECTOR('',#4224,10.);
#779=VECTOR('',#4225,10.);
#780=VECTOR('',#4232,10.);
#781=VECTOR('',#4239,10.);
#782=VECTOR('',#4246,10.);
#783=VECTOR('',#4249,10.);
#784=VECTOR('',#4250,10.);
#785=VECTOR('',#4251,10.);
#786=VECTOR('',#4258,10.);
#787=VECTOR('',#4265,10.);
#788=VECTOR('',#4272,10.);
#789=VECTOR('',#4275,10.);
#790=VECTOR('',#4276,10.);
#791=VECTOR('',#4277,10.);
#792=VECTOR('',#4284,10.);
#793=VECTOR('',#4291,10.);
#794=VECTOR('',#4298,10.);
#795=VECTOR('',#4301,10.);
#796=VECTOR('',#4302,10.);
#797=VECTOR('',#4303,10.);
#798=VECTOR('',#4310,10.);
#799=VECTOR('',#4317,10.);
#800=VECTOR('',#4324,10.);
#801=VECTOR('',#4327,10.);
#802=VECTOR('',#4328,10.);
#803=VECTOR('',#4329,10.);
#804=VECTOR('',#4336,10.);
#805=VECTOR('',#4343,10.);
#806=VECTOR('',#4350,10.);
#807=VECTOR('',#4353,10.);
#808=VECTOR('',#4354,10.);
#809=VECTOR('',#4355,10.);
#810=VECTOR('',#4362,10.);
#811=VECTOR('',#4369,10.);
#812=VECTOR('',#4376,10.);
#813=VECTOR('',#4379,10.);
#814=VECTOR('',#4380,10.);
#815=VECTOR('',#4381,10.);
#816=VECTOR('',#4388,10.);
#817=VECTOR('',#4395,10.);
#818=VECTOR('',#4402,10.);
#819=VECTOR('',#4405,10.);
#820=VECTOR('',#4406,10.);
#821=VECTOR('',#4407,10.);
#822=VECTOR('',#4414,10.);
#823=VECTOR('',#4421,10.);
#824=VECTOR('',#4428,10.);
#825=VECTOR('',#4431,10.);
#826=VECTOR('',#4432,10.);
#827=VECTOR('',#4433,10.);
#828=VECTOR('',#4440,10.);
#829=VECTOR('',#4447,10.);
#830=VECTOR('',#4454,10.);
#831=VECTOR('',#4457,10.);
#832=VECTOR('',#4458,10.);
#833=VECTOR('',#4459,10.);
#834=VECTOR('',#4466,10.);
#835=VECTOR('',#4473,10.);
#836=VECTOR('',#4480,10.);
#837=VECTOR('',#4483,10.);
#838=VECTOR('',#4484,10.);
#839=VECTOR('',#4485,10.);
#840=VECTOR('',#4492,10.);
#841=VECTOR('',#4499,10.);
#842=VECTOR('',#4506,10.);
#843=VECTOR('',#4509,10.);
#844=VECTOR('',#4510,10.);
#845=VECTOR('',#4511,10.);
#846=VECTOR('',#4518,10.);
#847=VECTOR('',#4525,10.);
#848=VECTOR('',#4532,10.);
#849=VECTOR('',#4535,10.);
#850=VECTOR('',#4536,10.);
#851=VECTOR('',#4537,10.);
#852=VECTOR('',#4544,10.);
#853=VECTOR('',#4551,10.);
#854=VECTOR('',#4558,10.);
#855=VECTOR('',#4561,10.);
#856=VECTOR('',#4562,10.);
#857=VECTOR('',#4563,10.);
#858=VECTOR('',#4570,10.);
#859=VECTOR('',#4577,10.);
#860=VECTOR('',#4584,10.);
#861=VECTOR('',#4587,10.);
#862=VECTOR('',#4588,10.);
#863=VECTOR('',#4589,10.);
#864=VECTOR('',#4596,10.);
#865=VECTOR('',#4603,10.);
#866=VECTOR('',#4610,10.);
#867=VECTOR('',#4613,10.);
#868=VECTOR('',#4614,10.);
#869=VECTOR('',#4615,10.);
#870=VECTOR('',#4622,10.);
#871=VECTOR('',#4629,10.);
#872=VECTOR('',#4636,10.);
#873=VECTOR('',#4639,10.);
#874=VECTOR('',#4640,10.);
#875=VECTOR('',#4641,10.);
#876=VECTOR('',#4648,10.);
#877=VECTOR('',#4655,10.);
#878=VECTOR('',#4662,10.);
#879=VECTOR('',#4665,10.);
#880=VECTOR('',#4666,10.);
#881=VECTOR('',#4667,10.);
#882=VECTOR('',#4674,10.);
#883=VECTOR('',#4681,10.);
#884=VECTOR('',#4688,10.);
#885=VECTOR('',#4691,10.);
#886=VECTOR('',#4692,10.);
#887=VECTOR('',#4693,10.);
#888=VECTOR('',#4700,10.);
#889=VECTOR('',#4707,10.);
#890=VECTOR('',#4714,10.);
#891=VECTOR('',#4717,10.);
#892=VECTOR('',#4718,10.);
#893=VECTOR('',#4719,10.);
#894=VECTOR('',#4726,10.);
#895=VECTOR('',#4733,10.);
#896=VECTOR('',#4740,10.);
#897=VECTOR('',#4743,10.);
#898=VECTOR('',#4744,10.);
#899=VECTOR('',#4745,10.);
#900=VECTOR('',#4752,10.);
#901=VECTOR('',#4759,10.);
#902=VECTOR('',#4766,10.);
#903=VECTOR('',#4769,10.);
#904=VECTOR('',#4770,10.);
#905=VECTOR('',#4771,10.);
#906=VECTOR('',#4778,10.);
#907=VECTOR('',#4785,10.);
#908=VECTOR('',#4792,10.);
#909=VECTOR('',#4795,10.);
#910=VECTOR('',#4796,10.);
#911=VECTOR('',#4797,10.);
#912=VECTOR('',#4804,10.);
#913=VECTOR('',#4811,10.);
#914=VECTOR('',#4818,10.);
#915=VECTOR('',#4821,10.);
#916=VECTOR('',#4822,10.);
#917=VECTOR('',#4823,10.);
#918=VECTOR('',#4830,10.);
#919=VECTOR('',#4837,10.);
#920=VECTOR('',#4844,10.);
#921=VECTOR('',#4847,10.);
#922=VECTOR('',#4848,10.);
#923=VECTOR('',#4849,10.);
#924=VECTOR('',#4856,10.);
#925=VECTOR('',#4863,10.);
#926=CIRCLE('',#3344,25.);
#927=CIRCLE('',#3345,25.);
#928=CIRCLE('',#3347,18.);
#929=CIRCLE('',#3349,5.);
#930=CIRCLE('',#3350,5.);
#931=CIRCLE('',#3352,5.);
#932=CIRCLE('',#3353,5.);
#933=CIRCLE('',#3355,5.);
#934=CIRCLE('',#3356,5.);
#935=CIRCLE('',#3358,5.);
#936=CIRCLE('',#3359,5.);
#937=CIRCLE('',#3361,18.);
#938=CIRCLE('',#3363,5.);
#939=CIRCLE('',#3364,5.);
#940=CIRCLE('',#3366,5.);
#941=CIRCLE('',#3367,5.);
#942=CIRCLE('',#3370,1.99999999999999);
#943=CIRCLE('',#3371,1.99999999999999);
#944=CIRCLE('',#3373,45.);
#945=CIRCLE('',#3374,45.);
#946=CIRCLE('',#3376,2.);
#947=CIRCLE('',#3377,2.);
#948=CIRCLE('',#3380,0.999999999999993);
#949=CIRCLE('',#3381,0.999999999999993);
#950=CIRCLE('',#3383,50.0000000047684);
#951=CIRCLE('',#3384,50.0000000047684);
#952=CIRCLE('',#3386,0.999999999999997);
#953=CIRCLE('',#3387,0.999999999999997);
#954=CIRCLE('',#3390,1.99999999999999);
#955=CIRCLE('',#3391,1.99999999999999);
#956=CIRCLE('',#3393,45.);
#957=CIRCLE('',#3394,45.);
#958=CIRCLE('',#3396,2.);
#959=CIRCLE('',#3397,2.);
#960=CIRCLE('',#3400,0.999999999999999);
#961=CIRCLE('',#3401,0.999999999999999);
#962=CIRCLE('',#3403,50.0000000047684);
#963=CIRCLE('',#3404,50.0000000047684);
#964=CIRCLE('',#3406,0.999999999999994);
#965=CIRCLE('',#3407,0.999999999999994);
#966=CIRCLE('',#3410,1.99999999999999);
#967=CIRCLE('',#3411,1.99999999999999);
#968=CIRCLE('',#3413,45.);
#969=CIRCLE('',#3414,45.);
#970=CIRCLE('',#3416,2.00000000000001);
#971=CIRCLE('',#3417,2.00000000000001);
#972=CIRCLE('',#3420,0.999999999999996);
#973=CIRCLE('',#3421,0.999999999999996);
#974=CIRCLE('',#3423,50.0000000047684);
#975=CIRCLE('',#3424,50.0000000047684);
#976=CIRCLE('',#3426,0.999999999999997);
#977=CIRCLE('',#3427,0.999999999999997);
#978=CIRCLE('',#3430,1.99999999999999);
#979=CIRCLE('',#3431,1.99999999999999);
#980=CIRCLE('',#3433,45.);
#981=CIRCLE('',#3434,45.);
#982=CIRCLE('',#3436,2.00000000000001);
#983=CIRCLE('',#3437,2.00000000000001);
#984=CIRCLE('',#3440,0.999999999999999);
#985=CIRCLE('',#3441,0.999999999999999);
#986=CIRCLE('',#3443,50.0000000047684);
#987=CIRCLE('',#3444,50.0000000047684);
#988=CIRCLE('',#3446,0.999999999999998);
#989=CIRCLE('',#3447,0.999999999999998);
#990=CIRCLE('',#3450,1.99999999999999);
#991=CIRCLE('',#3451,1.99999999999999);
#992=CIRCLE('',#3453,45.);
#993=CIRCLE('',#3454,45.);
#994=CIRCLE('',#3456,2.);
#995=CIRCLE('',#3457,2.);
#996=CIRCLE('',#3460,0.999999999999993);
#997=CIRCLE('',#3461,0.999999999999993);
#998=CIRCLE('',#3463,50.0000000047684);
#999=CIRCLE('',#3464,50.0000000047684);
#1000=CIRCLE('',#3466,0.999999999999993);
#1001=CIRCLE('',#3467,0.999999999999993);
#1002=CIRCLE('',#3470,1.99999999999999);
#1003=CIRCLE('',#3471,1.99999999999999);
#1004=CIRCLE('',#3473,45.);
#1005=CIRCLE('',#3474,45.);
#1006=CIRCLE('',#3476,2.);
#1007=CIRCLE('',#3477,2.);
#1008=CIRCLE('',#3480,0.999999999999992);
#1009=CIRCLE('',#3481,0.999999999999992);
#1010=CIRCLE('',#3483,50.0000000047684);
#1011=CIRCLE('',#3484,50.0000000047684);
#1012=CIRCLE('',#3486,0.999999999999995);
#1013=CIRCLE('',#3487,0.999999999999995);
#1014=CIRCLE('',#3490,1.99999999999999);
#1015=CIRCLE('',#3491,1.99999999999999);
#1016=CIRCLE('',#3493,45.);
#1017=CIRCLE('',#3494,45.);
#1018=CIRCLE('',#3496,2.);
#1019=CIRCLE('',#3497,2.);
#1020=CIRCLE('',#3500,0.999999999999999);
#1021=CIRCLE('',#3501,0.999999999999999);
#1022=CIRCLE('',#3503,50.0000000047684);
#1023=CIRCLE('',#3504,50.0000000047684);
#1024=CIRCLE('',#3506,0.999999999999994);
#1025=CIRCLE('',#3507,0.999999999999994);
#1026=CIRCLE('',#3510,1.99999999999999);
#1027=CIRCLE('',#3511,1.99999999999999);
#1028=CIRCLE('',#3513,45.);
#1029=CIRCLE('',#3514,45.);
#1030=CIRCLE('',#3516,2.00000000000001);
#1031=CIRCLE('',#3517,2.00000000000001);
#1032=CIRCLE('',#3520,0.999999999999995);
#1033=CIRCLE('',#3521,0.999999999999995);
#1034=CIRCLE('',#3523,50.0000000047684);
#1035=CIRCLE('',#3524,50.0000000047684);
#1036=CIRCLE('',#3526,0.999999999999994);
#1037=CIRCLE('',#3527,0.999999999999994);
#1038=CIRCLE('',#3530,1.99999999999999);
#1039=CIRCLE('',#3531,1.99999999999999);
#1040=CIRCLE('',#3533,45.);
#1041=CIRCLE('',#3534,45.);
#1042=CIRCLE('',#3536,2.00000000000001);
#1043=CIRCLE('',#3537,2.00000000000001);
#1044=CIRCLE('',#3540,0.999999999999999);
#1045=CIRCLE('',#3541,0.999999999999999);
#1046=CIRCLE('',#3543,50.0000000047684);
#1047=CIRCLE('',#3544,50.0000000047684);
#1048=CIRCLE('',#3546,0.999999999999998);
#1049=CIRCLE('',#3547,0.999999999999998);
#1050=CIRCLE('',#3550,1.99999999999999);
#1051=CIRCLE('',#3551,1.99999999999999);
#1052=CIRCLE('',#3553,45.);
#1053=CIRCLE('',#3554,45.);
#1054=CIRCLE('',#3556,2.);
#1055=CIRCLE('',#3557,2.);
#1056=CIRCLE('',#3560,0.999999999999997);
#1057=CIRCLE('',#3561,0.999999999999997);
#1058=CIRCLE('',#3563,50.0000000047684);
#1059=CIRCLE('',#3564,50.0000000047684);
#1060=CIRCLE('',#3566,0.999999999999997);
#1061=CIRCLE('',#3567,0.999999999999997);
#1062=CIRCLE('',#3570,1.99999999999999);
#1063=CIRCLE('',#3571,1.99999999999999);
#1064=CIRCLE('',#3573,45.);
#1065=CIRCLE('',#3574,45.);
#1066=CIRCLE('',#3576,2.);
#1067=CIRCLE('',#3577,2.);
#1068=CIRCLE('',#3580,1.);
#1069=CIRCLE('',#3581,1.);
#1070=CIRCLE('',#3583,50.0000000047684);
#1071=CIRCLE('',#3584,50.0000000047684);
#1072=CIRCLE('',#3586,0.999999999999995);
#1073=CIRCLE('',#3587,0.999999999999995);
#1074=CIRCLE('',#3590,1.99999999999999);
#1075=CIRCLE('',#3591,1.99999999999999);
#1076=CIRCLE('',#3593,45.);
#1077=CIRCLE('',#3594,45.);
#1078=CIRCLE('',#3596,2.);
#1079=CIRCLE('',#3597,2.);
#1080=CIRCLE('',#3600,0.999999999999999);
#1081=CIRCLE('',#3601,0.999999999999999);
#1082=CIRCLE('',#3603,50.0000000047684);
#1083=CIRCLE('',#3604,50.0000000047684);
#1084=CIRCLE('',#3606,0.999999999999995);
#1085=CIRCLE('',#3607,0.999999999999995);
#1086=CIRCLE('',#3610,1.99999999999999);
#1087=CIRCLE('',#3611,1.99999999999999);
#1088=CIRCLE('',#3613,45.);
#1089=CIRCLE('',#3614,45.);
#1090=CIRCLE('',#3616,2.00000000000001);
#1091=CIRCLE('',#3617,2.00000000000001);
#1092=CIRCLE('',#3620,0.999999999999996);
#1093=CIRCLE('',#3621,0.999999999999996);
#1094=CIRCLE('',#3623,50.0000000047684);
#1095=CIRCLE('',#3624,50.0000000047684);
#1096=CIRCLE('',#3626,0.999999999999994);
#1097=CIRCLE('',#3627,0.999999999999994);
#1098=CIRCLE('',#3630,2.);
#1099=CIRCLE('',#3631,2.);
#1100=CIRCLE('',#3633,45.);
#1101=CIRCLE('',#3634,45.);
#1102=CIRCLE('',#3636,2.);
#1103=CIRCLE('',#3637,2.);
#1104=CIRCLE('',#3640,0.999999999999999);
#1105=CIRCLE('',#3641,0.999999999999999);
#1106=CIRCLE('',#3643,50.0000000047684);
#1107=CIRCLE('',#3644,50.0000000047684);
#1108=CIRCLE('',#3646,0.999999999999998);
#1109=CIRCLE('',#3647,0.999999999999998);
#1110=CIRCLE('',#3650,1.99999999999999);
#1111=CIRCLE('',#3651,1.99999999999999);
#1112=CIRCLE('',#3653,45.);
#1113=CIRCLE('',#3654,45.);
#1114=CIRCLE('',#3656,2.);
#1115=CIRCLE('',#3657,2.);
#1116=CIRCLE('',#3660,0.999999999999997);
#1117=CIRCLE('',#3661,0.999999999999997);
#1118=CIRCLE('',#3663,50.0000000047684);
#1119=CIRCLE('',#3664,50.0000000047684);
#1120=CIRCLE('',#3666,0.999999999999992);
#1121=CIRCLE('',#3667,0.999999999999992);
#1122=CIRCLE('',#3670,2.);
#1123=CIRCLE('',#3671,2.);
#1124=CIRCLE('',#3673,45.);
#1125=CIRCLE('',#3674,45.);
#1126=CIRCLE('',#3676,2.);
#1127=CIRCLE('',#3677,2.);
#1128=CIRCLE('',#3680,1.);
#1129=CIRCLE('',#3681,1.);
#1130=CIRCLE('',#3683,50.0000000047684);
#1131=CIRCLE('',#3684,50.0000000047684);
#1132=CIRCLE('',#3686,0.999999999999995);
#1133=CIRCLE('',#3687,0.999999999999995);
#1134=CIRCLE('',#3690,1.99999999999999);
#1135=CIRCLE('',#3691,1.99999999999999);
#1136=CIRCLE('',#3693,45.);
#1137=CIRCLE('',#3694,45.);
#1138=CIRCLE('',#3696,2.);
#1139=CIRCLE('',#3697,2.);
#1140=CIRCLE('',#3700,0.999999999999999);
#1141=CIRCLE('',#3701,0.999999999999999);
#1142=CIRCLE('',#3703,50.0000000047684);
#1143=CIRCLE('',#3704,50.0000000047684);
#1144=CIRCLE('',#3706,0.999999999999994);
#1145=CIRCLE('',#3707,0.999999999999994);
#1146=CIRCLE('',#3710,1.99999999999999);
#1147=CIRCLE('',#3711,1.99999999999999);
#1148=CIRCLE('',#3713,45.);
#1149=CIRCLE('',#3714,45.);
#1150=CIRCLE('',#3716,2.00000000000001);
#1151=CIRCLE('',#3717,2.00000000000001);
#1152=CIRCLE('',#3720,0.999999999999996);
#1153=CIRCLE('',#3721,0.999999999999996);
#1154=CIRCLE('',#3723,50.0000000047684);
#1155=CIRCLE('',#3724,50.0000000047684);
#1156=CIRCLE('',#3726,0.999999999999992);
#1157=CIRCLE('',#3727,0.999999999999992);
#1158=CIRCLE('',#3730,1.99999999999999);
#1159=CIRCLE('',#3731,1.99999999999999);
#1160=CIRCLE('',#3733,45.);
#1161=CIRCLE('',#3734,45.);
#1162=CIRCLE('',#3736,2.);
#1163=CIRCLE('',#3737,2.);
#1164=CIRCLE('',#3740,0.999999999999999);
#1165=CIRCLE('',#3741,0.999999999999999);
#1166=CIRCLE('',#3743,50.0000000047684);
#1167=CIRCLE('',#3744,50.0000000047684);
#1168=CIRCLE('',#3746,0.999999999999998);
#1169=CIRCLE('',#3747,0.999999999999998);
#1170=CIRCLE('',#3750,1.99999999999999);
#1171=CIRCLE('',#3751,1.99999999999999);
#1172=CIRCLE('',#3753,45.);
#1173=CIRCLE('',#3754,45.);
#1174=CIRCLE('',#3756,2.);
#1175=CIRCLE('',#3757,2.);
#1176=CIRCLE('',#3760,0.999999999999997);
#1177=CIRCLE('',#3761,0.999999999999997);
#1178=CIRCLE('',#3763,50.0000000047684);
#1179=CIRCLE('',#3764,50.0000000047684);
#1180=CIRCLE('',#3766,0.999999999999992);
#1181=CIRCLE('',#3767,0.999999999999992);
#1182=VERTEX_POINT('',#4876);
#1183=VERTEX_POINT('',#4878);
#1184=VERTEX_POINT('',#4882);
#1185=VERTEX_POINT('',#4885);
#1186=VERTEX_POINT('',#4887);
#1187=VERTEX_POINT('',#4891);
#1188=VERTEX_POINT('',#4893);
#1189=VERTEX_POINT('',#4897);
#1190=VERTEX_POINT('',#4899);
#1191=VERTEX_POINT('',#4903);
#1192=VERTEX_POINT('',#4905);
#1193=VERTEX_POINT('',#4909);
#1194=VERTEX_POINT('',#4913);
#1195=VERTEX_POINT('',#4915);
#1196=VERTEX_POINT('',#4919);
#1197=VERTEX_POINT('',#4921);
#1198=VERTEX_POINT('',#4925);
#1199=VERTEX_POINT('',#4926);
#1200=VERTEX_POINT('',#4928);
#1201=VERTEX_POINT('',#4930);
#1202=VERTEX_POINT('',#4934);
#1203=VERTEX_POINT('',#4936);
#1204=VERTEX_POINT('',#4940);
#1205=VERTEX_POINT('',#4942);
#1206=VERTEX_POINT('',#4946);
#1207=VERTEX_POINT('',#4948);
#1208=VERTEX_POINT('',#4952);
#1209=VERTEX_POINT('',#4954);
#1210=VERTEX_POINT('',#4958);
#1211=VERTEX_POINT('',#4960);
#1212=VERTEX_POINT('',#4964);
#1213=VERTEX_POINT('',#4966);
#1214=VERTEX_POINT('',#4970);
#1215=VERTEX_POINT('',#4972);
#1216=VERTEX_POINT('',#4976);
#1217=VERTEX_POINT('',#4978);
#1218=VERTEX_POINT('',#4982);
#1219=VERTEX_POINT('',#4984);
#1220=VERTEX_POINT('',#4988);
#1221=VERTEX_POINT('',#4990);
#1222=VERTEX_POINT('',#4994);
#1223=VERTEX_POINT('',#4996);
#1224=VERTEX_POINT('',#5000);
#1225=VERTEX_POINT('',#5002);
#1226=VERTEX_POINT('',#5006);
#1227=VERTEX_POINT('',#5008);
#1228=VERTEX_POINT('',#5012);
#1229=VERTEX_POINT('',#5014);
#1230=VERTEX_POINT('',#5018);
#1231=VERTEX_POINT('',#5020);
#1232=VERTEX_POINT('',#5024);
#1233=VERTEX_POINT('',#5026);
#1234=VERTEX_POINT('',#5030);
#1235=VERTEX_POINT('',#5032);
#1236=VERTEX_POINT('',#5036);
#1237=VERTEX_POINT('',#5038);
#1238=VERTEX_POINT('',#5042);
#1239=VERTEX_POINT('',#5044);
#1240=VERTEX_POINT('',#5048);
#1241=VERTEX_POINT('',#5050);
#1242=VERTEX_POINT('',#5054);
#1243=VERTEX_POINT('',#5056);
#1244=VERTEX_POINT('',#5060);
#1245=VERTEX_POINT('',#5062);
#1246=VERTEX_POINT('',#5066);
#1247=VERTEX_POINT('',#5068);
#1248=VERTEX_POINT('',#5072);
#1249=VERTEX_POINT('',#5074);
#1250=VERTEX_POINT('',#5078);
#1251=VERTEX_POINT('',#5080);
#1252=VERTEX_POINT('',#5084);
#1253=VERTEX_POINT('',#5086);
#1254=VERTEX_POINT('',#5090);
#1255=VERTEX_POINT('',#5092);
#1256=VERTEX_POINT('',#5096);
#1257=VERTEX_POINT('',#5098);
#1258=VERTEX_POINT('',#5102);
#1259=VERTEX_POINT('',#5104);
#1260=VERTEX_POINT('',#5108);
#1261=VERTEX_POINT('',#5110);
#1262=VERTEX_POINT('',#5114);
#1263=VERTEX_POINT('',#5116);
#1264=VERTEX_POINT('',#5120);
#1265=VERTEX_POINT('',#5122);
#1266=VERTEX_POINT('',#5126);
#1267=VERTEX_POINT('',#5128);
#1268=VERTEX_POINT('',#5132);
#1269=VERTEX_POINT('',#5134);
#1270=VERTEX_POINT('',#5138);
#1271=VERTEX_POINT('',#5140);
#1272=VERTEX_POINT('',#5144);
#1273=VERTEX_POINT('',#5146);
#1274=VERTEX_POINT('',#5150);
#1275=VERTEX_POINT('',#5152);
#1276=VERTEX_POINT('',#5156);
#1277=VERTEX_POINT('',#5158);
#1278=VERTEX_POINT('',#5162);
#1279=VERTEX_POINT('',#5164);
#1280=VERTEX_POINT('',#5168);
#1281=VERTEX_POINT('',#5170);
#1282=VERTEX_POINT('',#5174);
#1283=VERTEX_POINT('',#5176);
#1284=VERTEX_POINT('',#5180);
#1285=VERTEX_POINT('',#5182);
#1286=VERTEX_POINT('',#5186);
#1287=VERTEX_POINT('',#5188);
#1288=VERTEX_POINT('',#5192);
#1289=VERTEX_POINT('',#5194);
#1290=VERTEX_POINT('',#5198);
#1291=VERTEX_POINT('',#5200);
#1292=VERTEX_POINT('',#5204);
#1293=VERTEX_POINT('',#5206);
#1294=VERTEX_POINT('',#5210);
#1295=VERTEX_POINT('',#5212);
#1296=VERTEX_POINT('',#5216);
#1297=VERTEX_POINT('',#5218);
#1298=VERTEX_POINT('',#5222);
#1299=VERTEX_POINT('',#5224);
#1300=VERTEX_POINT('',#5228);
#1301=VERTEX_POINT('',#5230);
#1302=VERTEX_POINT('',#5234);
#1303=VERTEX_POINT('',#5236);
#1304=VERTEX_POINT('',#5240);
#1305=VERTEX_POINT('',#5242);
#1306=VERTEX_POINT('',#5246);
#1307=VERTEX_POINT('',#5248);
#1308=VERTEX_POINT('',#5252);
#1309=VERTEX_POINT('',#5254);
#1310=VERTEX_POINT('',#5258);
#1311=VERTEX_POINT('',#5260);
#1312=VERTEX_POINT('',#5264);
#1313=VERTEX_POINT('',#5266);
#1314=VERTEX_POINT('',#5270);
#1315=VERTEX_POINT('',#5272);
#1316=VERTEX_POINT('',#5276);
#1317=VERTEX_POINT('',#5278);
#1318=VERTEX_POINT('',#5282);
#1319=VERTEX_POINT('',#5284);
#1320=VERTEX_POINT('',#5288);
#1321=VERTEX_POINT('',#5290);
#1322=VERTEX_POINT('',#5294);
#1323=VERTEX_POINT('',#5296);
#1324=VERTEX_POINT('',#5300);
#1325=VERTEX_POINT('',#5302);
#1326=VERTEX_POINT('',#5306);
#1327=VERTEX_POINT('',#5308);
#1328=VERTEX_POINT('',#5312);
#1329=VERTEX_POINT('',#5314);
#1330=VERTEX_POINT('',#5318);
#1331=VERTEX_POINT('',#5320);
#1332=VERTEX_POINT('',#5324);
#1333=VERTEX_POINT('',#5326);
#1334=VERTEX_POINT('',#5330);
#1335=VERTEX_POINT('',#5332);
#1336=VERTEX_POINT('',#5336);
#1337=VERTEX_POINT('',#5338);
#1338=VERTEX_POINT('',#5342);
#1339=VERTEX_POINT('',#5344);
#1340=VERTEX_POINT('',#5348);
#1341=VERTEX_POINT('',#5350);
#1342=VERTEX_POINT('',#5354);
#1343=VERTEX_POINT('',#5356);
#1344=VERTEX_POINT('',#5360);
#1345=VERTEX_POINT('',#5362);
#1346=VERTEX_POINT('',#5366);
#1347=VERTEX_POINT('',#5368);
#1348=VERTEX_POINT('',#5372);
#1349=VERTEX_POINT('',#5374);
#1350=VERTEX_POINT('',#5378);
#1351=VERTEX_POINT('',#5380);
#1352=VERTEX_POINT('',#5384);
#1353=VERTEX_POINT('',#5386);
#1354=VERTEX_POINT('',#5390);
#1355=VERTEX_POINT('',#5392);
#1356=VERTEX_POINT('',#5396);
#1357=VERTEX_POINT('',#5398);
#1358=VERTEX_POINT('',#5402);
#1359=VERTEX_POINT('',#5404);
#1360=VERTEX_POINT('',#5408);
#1361=VERTEX_POINT('',#5410);
#1362=VERTEX_POINT('',#5414);
#1363=VERTEX_POINT('',#5416);
#1364=VERTEX_POINT('',#5420);
#1365=VERTEX_POINT('',#5422);
#1366=VERTEX_POINT('',#5426);
#1367=VERTEX_POINT('',#5428);
#1368=VERTEX_POINT('',#5432);
#1369=VERTEX_POINT('',#5434);
#1370=VERTEX_POINT('',#5438);
#1371=VERTEX_POINT('',#5440);
#1372=VERTEX_POINT('',#5444);
#1373=VERTEX_POINT('',#5446);
#1374=VERTEX_POINT('',#5450);
#1375=VERTEX_POINT('',#5452);
#1376=VERTEX_POINT('',#5456);
#1377=VERTEX_POINT('',#5458);
#1378=VERTEX_POINT('',#5462);
#1379=VERTEX_POINT('',#5464);
#1380=VERTEX_POINT('',#5468);
#1381=VERTEX_POINT('',#5470);
#1382=VERTEX_POINT('',#5474);
#1383=VERTEX_POINT('',#5476);
#1384=VERTEX_POINT('',#5480);
#1385=VERTEX_POINT('',#5482);
#1386=VERTEX_POINT('',#5486);
#1387=VERTEX_POINT('',#5488);
#1388=VERTEX_POINT('',#5492);
#1389=VERTEX_POINT('',#5494);
#1390=VERTEX_POINT('',#5498);
#1391=VERTEX_POINT('',#5500);
#1392=VERTEX_POINT('',#5504);
#1393=VERTEX_POINT('',#5506);
#1394=VERTEX_POINT('',#5510);
#1395=VERTEX_POINT('',#5512);
#1396=VERTEX_POINT('',#5516);
#1397=VERTEX_POINT('',#5518);
#1398=VERTEX_POINT('',#5522);
#1399=VERTEX_POINT('',#5524);
#1400=VERTEX_POINT('',#5528);
#1401=VERTEX_POINT('',#5530);
#1402=VERTEX_POINT('',#5534);
#1403=VERTEX_POINT('',#5536);
#1404=VERTEX_POINT('',#5540);
#1405=VERTEX_POINT('',#5542);
#1406=VERTEX_POINT('',#5546);
#1407=VERTEX_POINT('',#5548);
#1408=VERTEX_POINT('',#5552);
#1409=VERTEX_POINT('',#5554);
#1410=VERTEX_POINT('',#5558);
#1411=VERTEX_POINT('',#5560);
#1412=VERTEX_POINT('',#5564);
#1413=VERTEX_POINT('',#5566);
#1414=VERTEX_POINT('',#5570);
#1415=VERTEX_POINT('',#5572);
#1416=VERTEX_POINT('',#5576);
#1417=VERTEX_POINT('',#5578);
#1418=VERTEX_POINT('',#5582);
#1419=VERTEX_POINT('',#5584);
#1420=VERTEX_POINT('',#5588);
#1421=VERTEX_POINT('',#5590);
#1422=VERTEX_POINT('',#5594);
#1423=VERTEX_POINT('',#5596);
#1424=VERTEX_POINT('',#5600);
#1425=VERTEX_POINT('',#5602);
#1426=VERTEX_POINT('',#5606);
#1427=VERTEX_POINT('',#5608);
#1428=VERTEX_POINT('',#5612);
#1429=VERTEX_POINT('',#5614);
#1430=VERTEX_POINT('',#5618);
#1431=VERTEX_POINT('',#5620);
#1432=VERTEX_POINT('',#5624);
#1433=VERTEX_POINT('',#5626);
#1434=VERTEX_POINT('',#5630);
#1435=VERTEX_POINT('',#5632);
#1436=VERTEX_POINT('',#5636);
#1437=VERTEX_POINT('',#5638);
#1438=VERTEX_POINT('',#5642);
#1439=VERTEX_POINT('',#5644);
#1440=VERTEX_POINT('',#5648);
#1441=VERTEX_POINT('',#5650);
#1442=VERTEX_POINT('',#5654);
#1443=VERTEX_POINT('',#5656);
#1444=VERTEX_POINT('',#5660);
#1445=VERTEX_POINT('',#5662);
#1446=VERTEX_POINT('',#5666);
#1447=VERTEX_POINT('',#5668);
#1448=VERTEX_POINT('',#5672);
#1449=VERTEX_POINT('',#5674);
#1450=VERTEX_POINT('',#5678);
#1451=VERTEX_POINT('',#5680);
#1452=VERTEX_POINT('',#5684);
#1453=VERTEX_POINT('',#5686);
#1454=VERTEX_POINT('',#5690);
#1455=VERTEX_POINT('',#5692);
#1456=VERTEX_POINT('',#5696);
#1457=VERTEX_POINT('',#5698);
#1458=VERTEX_POINT('',#5702);
#1459=VERTEX_POINT('',#5704);
#1460=VERTEX_POINT('',#5708);
#1461=VERTEX_POINT('',#5710);
#1462=VERTEX_POINT('',#5714);
#1463=VERTEX_POINT('',#5716);
#1464=VERTEX_POINT('',#5720);
#1465=VERTEX_POINT('',#5722);
#1466=VERTEX_POINT('',#5726);
#1467=VERTEX_POINT('',#5728);
#1468=VERTEX_POINT('',#5732);
#1469=VERTEX_POINT('',#5734);
#1470=VERTEX_POINT('',#5738);
#1471=VERTEX_POINT('',#5740);
#1472=VERTEX_POINT('',#5744);
#1473=VERTEX_POINT('',#5746);
#1474=VERTEX_POINT('',#5750);
#1475=VERTEX_POINT('',#5752);
#1476=VERTEX_POINT('',#5756);
#1477=VERTEX_POINT('',#5758);
#1478=VERTEX_POINT('',#5762);
#1479=VERTEX_POINT('',#5764);
#1480=VERTEX_POINT('',#5768);
#1481=VERTEX_POINT('',#5770);
#1482=VERTEX_POINT('',#5774);
#1483=VERTEX_POINT('',#5776);
#1484=VERTEX_POINT('',#5780);
#1485=VERTEX_POINT('',#5782);
#1486=VERTEX_POINT('',#5786);
#1487=VERTEX_POINT('',#5788);
#1488=VERTEX_POINT('',#5792);
#1489=VERTEX_POINT('',#5794);
#1490=VERTEX_POINT('',#5798);
#1491=VERTEX_POINT('',#5800);
#1492=VERTEX_POINT('',#5804);
#1493=VERTEX_POINT('',#5806);
#1494=VERTEX_POINT('',#5810);
#1495=VERTEX_POINT('',#5812);
#1496=VERTEX_POINT('',#5816);
#1497=VERTEX_POINT('',#5818);
#1498=VERTEX_POINT('',#5822);
#1499=VERTEX_POINT('',#5824);
#1500=VERTEX_POINT('',#5828);
#1501=VERTEX_POINT('',#5830);
#1502=VERTEX_POINT('',#5834);
#1503=VERTEX_POINT('',#5836);
#1504=VERTEX_POINT('',#5840);
#1505=VERTEX_POINT('',#5842);
#1506=VERTEX_POINT('',#5846);
#1507=VERTEX_POINT('',#5848);
#1508=VERTEX_POINT('',#5852);
#1509=VERTEX_POINT('',#5854);
#1510=VERTEX_POINT('',#5858);
#1511=VERTEX_POINT('',#5860);
#1512=VERTEX_POINT('',#5864);
#1513=VERTEX_POINT('',#5866);
#1514=VERTEX_POINT('',#5870);
#1515=VERTEX_POINT('',#5872);
#1516=VERTEX_POINT('',#5876);
#1517=VERTEX_POINT('',#5878);
#1518=EDGE_CURVE('',#1182,#1182,#926,.T.);
#1519=EDGE_CURVE('',#1182,#1183,#430,.T.);
#1520=EDGE_CURVE('',#1183,#1183,#927,.T.);
#1521=EDGE_CURVE('',#1184,#1184,#928,.T.);
#1522=EDGE_CURVE('',#1185,#1185,#929,.T.);
#1523=EDGE_CURVE('',#1185,#1186,#431,.T.);
#1524=EDGE_CURVE('',#1186,#1186,#930,.T.);
#1525=EDGE_CURVE('',#1187,#1187,#931,.T.);
#1526=EDGE_CURVE('',#1187,#1188,#432,.T.);
#1527=EDGE_CURVE('',#1188,#1188,#932,.T.);
#1528=EDGE_CURVE('',#1189,#1189,#933,.T.);
#1529=EDGE_CURVE('',#1189,#1190,#433,.T.);
#1530=EDGE_CURVE('',#1190,#1190,#934,.T.);
#1531=EDGE_CURVE('',#1191,#1191,#935,.T.);
#1532=EDGE_CURVE('',#1191,#1192,#434,.T.);
#1533=EDGE_CURVE('',#1192,#1192,#936,.T.);
#1534=EDGE_CURVE('',#1184,#1193,#435,.T.);
#1535=EDGE_CURVE('',#1193,#1193,#937,.T.);
#1536=EDGE_CURVE('',#1194,#1194,#938,.T.);
#1537=EDGE_CURVE('',#1194,#1195,#436,.T.);
#1538=EDGE_CURVE('',#1195,#1195,#939,.T.);
#1539=EDGE_CURVE('',#1196,#1196,#940,.T.);
#1540=EDGE_CURVE('',#1196,#1197,#437,.T.);
#1541=EDGE_CURVE('',#1197,#1197,#941,.T.);
#1542=EDGE_CURVE('',#1198,#1199,#438,.T.);
#1543=EDGE_CURVE('',#1198,#1200,#439,.T.);
#1544=EDGE_CURVE('',#1201,#1200,#440,.T.);
#1545=EDGE_CURVE('',#1199,#1201,#441,.T.);
#1546=EDGE_CURVE('',#1199,#1202,#942,.T.);
#1547=EDGE_CURVE('',#1203,#1201,#943,.T.);
#1548=EDGE_CURVE('',#1202,#1203,#442,.T.);
#1549=EDGE_CURVE('',#1204,#1202,#944,.T.);
#1550=EDGE_CURVE('',#1205,#1203,#945,.T.);
#1551=EDGE_CURVE('',#1204,#1205,#443,.T.);
#1552=EDGE_CURVE('',#1204,#1206,#946,.T.);
#1553=EDGE_CURVE('',#1207,#1205,#947,.T.);
#1554=EDGE_CURVE('',#1206,#1207,#444,.T.);
#1555=EDGE_CURVE('',#1208,#1206,#445,.T.);
#1556=EDGE_CURVE('',#1209,#1207,#446,.T.);
#1557=EDGE_CURVE('',#1208,#1209,#447,.T.);
#1558=EDGE_CURVE('',#1210,#1208,#948,.T.);
#1559=EDGE_CURVE('',#1211,#1209,#949,.T.);
#1560=EDGE_CURVE('',#1210,#1211,#448,.T.);
#1561=EDGE_CURVE('',#1212,#1210,#950,.T.);
#1562=EDGE_CURVE('',#1213,#1211,#951,.T.);
#1563=EDGE_CURVE('',#1212,#1213,#449,.T.);
#1564=EDGE_CURVE('',#1214,#1212,#952,.T.);
#1565=EDGE_CURVE('',#1215,#1213,#953,.T.);
#1566=EDGE_CURVE('',#1214,#1215,#450,.T.);
#1567=EDGE_CURVE('',#1214,#1216,#451,.T.);
#1568=EDGE_CURVE('',#1217,#1215,#452,.T.);
#1569=EDGE_CURVE('',#1216,#1217,#453,.T.);
#1570=EDGE_CURVE('',#1216,#1218,#954,.T.);
#1571=EDGE_CURVE('',#1219,#1217,#955,.T.);
#1572=EDGE_CURVE('',#1218,#1219,#454,.T.);
#1573=EDGE_CURVE('',#1220,#1218,#956,.T.);
#1574=EDGE_CURVE('',#1221,#1219,#957,.T.);
#1575=EDGE_CURVE('',#1220,#1221,#455,.T.);
#1576=EDGE_CURVE('',#1220,#1222,#958,.T.);
#1577=EDGE_CURVE('',#1223,#1221,#959,.T.);
#1578=EDGE_CURVE('',#1222,#1223,#456,.T.);
#1579=EDGE_CURVE('',#1224,#1222,#457,.T.);
#1580=EDGE_CURVE('',#1225,#1223,#458,.T.);
#1581=EDGE_CURVE('',#1224,#1225,#459,.T.);
#1582=EDGE_CURVE('',#1226,#1224,#960,.T.);
#1583=EDGE_CURVE('',#1227,#1225,#961,.T.);
#1584=EDGE_CURVE('',#1226,#1227,#460,.T.);
#1585=EDGE_CURVE('',#1228,#1226,#962,.T.);
#1586=EDGE_CURVE('',#1229,#1227,#963,.T.);
#1587=EDGE_CURVE('',#1228,#1229,#461,.T.);
#1588=EDGE_CURVE('',#1230,#1228,#964,.T.);
#1589=EDGE_CURVE('',#1231,#1229,#965,.T.);
#1590=EDGE_CURVE('',#1230,#1231,#462,.T.);
#1591=EDGE_CURVE('',#1230,#1232,#463,.T.);
#1592=EDGE_CURVE('',#1233,#1231,#464,.T.);
#1593=EDGE_CURVE('',#1232,#1233,#465,.T.);
#1594=EDGE_CURVE('',#1232,#1234,#966,.T.);
#1595=EDGE_CURVE('',#1235,#1233,#967,.T.);
#1596=EDGE_CURVE('',#1234,#1235,#466,.T.);
#1597=EDGE_CURVE('',#1236,#1234,#968,.T.);
#1598=EDGE_CURVE('',#1237,#1235,#969,.T.);
#1599=EDGE_CURVE('',#1236,#1237,#467,.T.);
#1600=EDGE_CURVE('',#1236,#1238,#970,.T.);
#1601=EDGE_CURVE('',#1239,#1237,#971,.T.);
#1602=EDGE_CURVE('',#1238,#1239,#468,.T.);
#1603=EDGE_CURVE('',#1240,#1238,#469,.T.);
#1604=EDGE_CURVE('',#1241,#1239,#470,.T.);
#1605=EDGE_CURVE('',#1240,#1241,#471,.T.);
#1606=EDGE_CURVE('',#1242,#1240,#972,.T.);
#1607=EDGE_CURVE('',#1243,#1241,#973,.T.);
#1608=EDGE_CURVE('',#1242,#1243,#472,.T.);
#1609=EDGE_CURVE('',#1244,#1242,#974,.T.);
#1610=EDGE_CURVE('',#1245,#1243,#975,.T.);
#1611=EDGE_CURVE('',#1244,#1245,#473,.T.);
#1612=EDGE_CURVE('',#1246,#1244,#976,.T.);
#1613=EDGE_CURVE('',#1247,#1245,#977,.T.);
#1614=EDGE_CURVE('',#1246,#1247,#474,.T.);
#1615=EDGE_CURVE('',#1246,#1248,#475,.T.);
#1616=EDGE_CURVE('',#1249,#1247,#476,.T.);
#1617=EDGE_CURVE('',#1248,#1249,#477,.T.);
#1618=EDGE_CURVE('',#1248,#1250,#978,.T.);
#1619=EDGE_CURVE('',#1251,#1249,#979,.T.);
#1620=EDGE_CURVE('',#1250,#1251,#478,.T.);
#1621=EDGE_CURVE('',#1252,#1250,#980,.T.);
#1622=EDGE_CURVE('',#1253,#1251,#981,.T.);
#1623=EDGE_CURVE('',#1252,#1253,#479,.T.);
#1624=EDGE_CURVE('',#1252,#1254,#982,.T.);
#1625=EDGE_CURVE('',#1255,#1253,#983,.T.);
#1626=EDGE_CURVE('',#1254,#1255,#480,.T.);
#1627=EDGE_CURVE('',#1256,#1254,#481,.T.);
#1628=EDGE_CURVE('',#1257,#1255,#482,.T.);
#1629=EDGE_CURVE('',#1256,#1257,#483,.T.);
#1630=EDGE_CURVE('',#1258,#1256,#984,.T.);
#1631=EDGE_CURVE('',#1259,#1257,#985,.T.);
#1632=EDGE_CURVE('',#1258,#1259,#484,.T.);
#1633=EDGE_CURVE('',#1260,#1258,#986,.T.);
#1634=EDGE_CURVE('',#1261,#1259,#987,.T.);
#1635=EDGE_CURVE('',#1260,#1261,#485,.T.);
#1636=EDGE_CURVE('',#1262,#1260,#988,.T.);
#1637=EDGE_CURVE('',#1263,#1261,#989,.T.);
#1638=EDGE_CURVE('',#1262,#1263,#486,.T.);
#1639=EDGE_CURVE('',#1262,#1264,#487,.T.);
#1640=EDGE_CURVE('',#1265,#1263,#488,.T.);
#1641=EDGE_CURVE('',#1264,#1265,#489,.T.);
#1642=EDGE_CURVE('',#1264,#1266,#990,.T.);
#1643=EDGE_CURVE('',#1267,#1265,#991,.T.);
#1644=EDGE_CURVE('',#1266,#1267,#490,.T.);
#1645=EDGE_CURVE('',#1268,#1266,#992,.T.);
#1646=EDGE_CURVE('',#1269,#1267,#993,.T.);
#1647=EDGE_CURVE('',#1268,#1269,#491,.T.);
#1648=EDGE_CURVE('',#1268,#1270,#994,.T.);
#1649=EDGE_CURVE('',#1271,#1269,#995,.T.);
#1650=EDGE_CURVE('',#1270,#1271,#492,.T.);
#1651=EDGE_CURVE('',#1272,#1270,#493,.T.);
#1652=EDGE_CURVE('',#1273,#1271,#494,.T.);
#1653=EDGE_CURVE('',#1272,#1273,#495,.T.);
#1654=EDGE_CURVE('',#1274,#1272,#996,.T.);
#1655=EDGE_CURVE('',#1275,#1273,#997,.T.);
#1656=EDGE_CURVE('',#1274,#1275,#496,.T.);
#1657=EDGE_CURVE('',#1276,#1274,#998,.T.);
#1658=EDGE_CURVE('',#1277,#1275,#999,.T.);
#1659=EDGE_CURVE('',#1276,#1277,#497,.T.);
#1660=EDGE_CURVE('',#1278,#1276,#1000,.T.);
#1661=EDGE_CURVE('',#1279,#1277,#1001,.T.);
#1662=EDGE_CURVE('',#1278,#1279,#498,.T.);
#1663=EDGE_CURVE('',#1278,#1280,#499,.T.);
#1664=EDGE_CURVE('',#1281,#1279,#500,.T.);
#1665=EDGE_CURVE('',#1280,#1281,#501,.T.);
#1666=EDGE_CURVE('',#1280,#1282,#1002,.T.);
#1667=EDGE_CURVE('',#1283,#1281,#1003,.T.);
#1668=EDGE_CURVE('',#1282,#1283,#502,.T.);
#1669=EDGE_CURVE('',#1284,#1282,#1004,.T.);
#1670=EDGE_CURVE('',#1285,#1283,#1005,.T.);
#1671=EDGE_CURVE('',#1284,#1285,#503,.T.);
#1672=EDGE_CURVE('',#1284,#1286,#1006,.T.);
#1673=EDGE_CURVE('',#1287,#1285,#1007,.T.);
#1674=EDGE_CURVE('',#1286,#1287,#504,.T.);
#1675=EDGE_CURVE('',#1288,#1286,#505,.T.);
#1676=EDGE_CURVE('',#1289,#1287,#506,.T.);
#1677=EDGE_CURVE('',#1288,#1289,#507,.T.);
#1678=EDGE_CURVE('',#1290,#1288,#1008,.T.);
#1679=EDGE_CURVE('',#1291,#1289,#1009,.T.);
#1680=EDGE_CURVE('',#1290,#1291,#508,.T.);
#1681=EDGE_CURVE('',#1292,#1290,#1010,.T.);
#1682=EDGE_CURVE('',#1293,#1291,#1011,.T.);
#1683=EDGE_CURVE('',#1292,#1293,#509,.T.);
#1684=EDGE_CURVE('',#1294,#1292,#1012,.T.);
#1685=EDGE_CURVE('',#1295,#1293,#1013,.T.);
#1686=EDGE_CURVE('',#1294,#1295,#510,.T.);
#1687=EDGE_CURVE('',#1294,#1296,#511,.T.);
#1688=EDGE_CURVE('',#1297,#1295,#512,.T.);
#1689=EDGE_CURVE('',#1296,#1297,#513,.T.);
#1690=EDGE_CURVE('',#1296,#1298,#1014,.T.);
#1691=EDGE_CURVE('',#1299,#1297,#1015,.T.);
#1692=EDGE_CURVE('',#1298,#1299,#514,.T.);
#1693=EDGE_CURVE('',#1300,#1298,#1016,.T.);
#1694=EDGE_CURVE('',#1301,#1299,#1017,.T.);
#1695=EDGE_CURVE('',#1300,#1301,#515,.T.);
#1696=EDGE_CURVE('',#1300,#1302,#1018,.T.);
#1697=EDGE_CURVE('',#1303,#1301,#1019,.T.);
#1698=EDGE_CURVE('',#1302,#1303,#516,.T.);
#1699=EDGE_CURVE('',#1304,#1302,#517,.T.);
#1700=EDGE_CURVE('',#1305,#1303,#518,.T.);
#1701=EDGE_CURVE('',#1304,#1305,#519,.T.);
#1702=EDGE_CURVE('',#1306,#1304,#1020,.T.);
#1703=EDGE_CURVE('',#1307,#1305,#1021,.T.);
#1704=EDGE_CURVE('',#1306,#1307,#520,.T.);
#1705=EDGE_CURVE('',#1308,#1306,#1022,.T.);
#1706=EDGE_CURVE('',#1309,#1307,#1023,.T.);
#1707=EDGE_CURVE('',#1308,#1309,#521,.T.);
#1708=EDGE_CURVE('',#1310,#1308,#1024,.T.);
#1709=EDGE_CURVE('',#1311,#1309,#1025,.T.);
#1710=EDGE_CURVE('',#1310,#1311,#522,.T.);
#1711=EDGE_CURVE('',#1310,#1312,#523,.T.);
#1712=EDGE_CURVE('',#1313,#1311,#524,.T.);
#1713=EDGE_CURVE('',#1312,#1313,#525,.T.);
#1714=EDGE_CURVE('',#1312,#1314,#1026,.T.);
#1715=EDGE_CURVE('',#1315,#1313,#1027,.T.);
#1716=EDGE_CURVE('',#1314,#1315,#526,.T.);
#1717=EDGE_CURVE('',#1316,#1314,#1028,.T.);
#1718=EDGE_CURVE('',#1317,#1315,#1029,.T.);
#1719=EDGE_CURVE('',#1316,#1317,#527,.T.);
#1720=EDGE_CURVE('',#1316,#1318,#1030,.T.);
#1721=EDGE_CURVE('',#1319,#1317,#1031,.T.);
#1722=EDGE_CURVE('',#1318,#1319,#528,.T.);
#1723=EDGE_CURVE('',#1320,#1318,#529,.T.);
#1724=EDGE_CURVE('',#1321,#1319,#530,.T.);
#1725=EDGE_CURVE('',#1320,#1321,#531,.T.);
#1726=EDGE_CURVE('',#1322,#1320,#1032,.T.);
#1727=EDGE_CURVE('',#1323,#1321,#1033,.T.);
#1728=EDGE_CURVE('',#1322,#1323,#532,.T.);
#1729=EDGE_CURVE('',#1324,#1322,#1034,.T.);
#1730=EDGE_CURVE('',#1325,#1323,#1035,.T.);
#1731=EDGE_CURVE('',#1324,#1325,#533,.T.);
#1732=EDGE_CURVE('',#1326,#1324,#1036,.T.);
#1733=EDGE_CURVE('',#1327,#1325,#1037,.T.);
#1734=EDGE_CURVE('',#1326,#1327,#534,.T.);
#1735=EDGE_CURVE('',#1326,#1328,#535,.T.);
#1736=EDGE_CURVE('',#1329,#1327,#536,.T.);
#1737=EDGE_CURVE('',#1328,#1329,#537,.T.);
#1738=EDGE_CURVE('',#1328,#1330,#1038,.T.);
#1739=EDGE_CURVE('',#1331,#1329,#1039,.T.);
#1740=EDGE_CURVE('',#1330,#1331,#538,.T.);
#1741=EDGE_CURVE('',#1332,#1330,#1040,.T.);
#1742=EDGE_CURVE('',#1333,#1331,#1041,.T.);
#1743=EDGE_CURVE('',#1332,#1333,#539,.T.);
#1744=EDGE_CURVE('',#1332,#1334,#1042,.T.);
#1745=EDGE_CURVE('',#1335,#1333,#1043,.T.);
#1746=EDGE_CURVE('',#1334,#1335,#540,.T.);
#1747=EDGE_CURVE('',#1336,#1334,#541,.T.);
#1748=EDGE_CURVE('',#1337,#1335,#542,.T.);
#1749=EDGE_CURVE('',#1336,#1337,#543,.T.);
#1750=EDGE_CURVE('',#1338,#1336,#1044,.T.);
#1751=EDGE_CURVE('',#1339,#1337,#1045,.T.);
#1752=EDGE_CURVE('',#1338,#1339,#544,.T.);
#1753=EDGE_CURVE('',#1340,#1338,#1046,.T.);
#1754=EDGE_CURVE('',#1341,#1339,#1047,.T.);
#1755=EDGE_CURVE('',#1340,#1341,#545,.T.);
#1756=EDGE_CURVE('',#1342,#1340,#1048,.T.);
#1757=EDGE_CURVE('',#1343,#1341,#1049,.T.);
#1758=EDGE_CURVE('',#1342,#1343,#546,.T.);
#1759=EDGE_CURVE('',#1342,#1344,#547,.T.);
#1760=EDGE_CURVE('',#1345,#1343,#548,.T.);
#1761=EDGE_CURVE('',#1344,#1345,#549,.T.);
#1762=EDGE_CURVE('',#1344,#1346,#1050,.T.);
#1763=EDGE_CURVE('',#1347,#1345,#1051,.T.);
#1764=EDGE_CURVE('',#1346,#1347,#550,.T.);
#1765=EDGE_CURVE('',#1348,#1346,#1052,.T.);
#1766=EDGE_CURVE('',#1349,#1347,#1053,.T.);
#1767=EDGE_CURVE('',#1348,#1349,#551,.T.);
#1768=EDGE_CURVE('',#1348,#1350,#1054,.T.);
#1769=EDGE_CURVE('',#1351,#1349,#1055,.T.);
#1770=EDGE_CURVE('',#1350,#1351,#552,.T.);
#1771=EDGE_CURVE('',#1352,#1350,#553,.T.);
#1772=EDGE_CURVE('',#1353,#1351,#554,.T.);
#1773=EDGE_CURVE('',#1352,#1353,#555,.T.);
#1774=EDGE_CURVE('',#1354,#1352,#1056,.T.);
#1775=EDGE_CURVE('',#1355,#1353,#1057,.T.);
#1776=EDGE_CURVE('',#1354,#1355,#556,.T.);
#1777=EDGE_CURVE('',#1356,#1354,#1058,.T.);
#1778=EDGE_CURVE('',#1357,#1355,#1059,.T.);
#1779=EDGE_CURVE('',#1356,#1357,#557,.T.);
#1780=EDGE_CURVE('',#1358,#1356,#1060,.T.);
#1781=EDGE_CURVE('',#1359,#1357,#1061,.T.);
#1782=EDGE_CURVE('',#1358,#1359,#558,.T.);
#1783=EDGE_CURVE('',#1358,#1360,#559,.T.);
#1784=EDGE_CURVE('',#1361,#1359,#560,.T.);
#1785=EDGE_CURVE('',#1360,#1361,#561,.T.);
#1786=EDGE_CURVE('',#1360,#1362,#1062,.T.);
#1787=EDGE_CURVE('',#1363,#1361,#1063,.T.);
#1788=EDGE_CURVE('',#1362,#1363,#562,.T.);
#1789=EDGE_CURVE('',#1364,#1362,#1064,.T.);
#1790=EDGE_CURVE('',#1365,#1363,#1065,.T.);
#1791=EDGE_CURVE('',#1364,#1365,#563,.T.);
#1792=EDGE_CURVE('',#1364,#1366,#1066,.T.);
#1793=EDGE_CURVE('',#1367,#1365,#1067,.T.);
#1794=EDGE_CURVE('',#1366,#1367,#564,.T.);
#1795=EDGE_CURVE('',#1368,#1366,#565,.T.);
#1796=EDGE_CURVE('',#1369,#1367,#566,.T.);
#1797=EDGE_CURVE('',#1368,#1369,#567,.T.);
#1798=EDGE_CURVE('',#1370,#1368,#1068,.T.);
#1799=EDGE_CURVE('',#1371,#1369,#1069,.T.);
#1800=EDGE_CURVE('',#1370,#1371,#568,.T.);
#1801=EDGE_CURVE('',#1372,#1370,#1070,.T.);
#1802=EDGE_CURVE('',#1373,#1371,#1071,.T.);
#1803=EDGE_CURVE('',#1372,#1373,#569,.T.);
#1804=EDGE_CURVE('',#1374,#1372,#1072,.T.);
#1805=EDGE_CURVE('',#1375,#1373,#1073,.T.);
#1806=EDGE_CURVE('',#1374,#1375,#570,.T.);
#1807=EDGE_CURVE('',#1374,#1376,#571,.T.);
#1808=EDGE_CURVE('',#1377,#1375,#572,.T.);
#1809=EDGE_CURVE('',#1376,#1377,#573,.T.);
#1810=EDGE_CURVE('',#1376,#1378,#1074,.T.);
#1811=EDGE_CURVE('',#1379,#1377,#1075,.T.);
#1812=EDGE_CURVE('',#1378,#1379,#574,.T.);
#1813=EDGE_CURVE('',#1380,#1378,#1076,.T.);
#1814=EDGE_CURVE('',#1381,#1379,#1077,.T.);
#1815=EDGE_CURVE('',#1380,#1381,#575,.T.);
#1816=EDGE_CURVE('',#1380,#1382,#1078,.T.);
#1817=EDGE_CURVE('',#1383,#1381,#1079,.T.);
#1818=EDGE_CURVE('',#1382,#1383,#576,.T.);
#1819=EDGE_CURVE('',#1384,#1382,#577,.T.);
#1820=EDGE_CURVE('',#1385,#1383,#578,.T.);
#1821=EDGE_CURVE('',#1384,#1385,#579,.T.);
#1822=EDGE_CURVE('',#1386,#1384,#1080,.T.);
#1823=EDGE_CURVE('',#1387,#1385,#1081,.T.);
#1824=EDGE_CURVE('',#1386,#1387,#580,.T.);
#1825=EDGE_CURVE('',#1388,#1386,#1082,.T.);
#1826=EDGE_CURVE('',#1389,#1387,#1083,.T.);
#1827=EDGE_CURVE('',#1388,#1389,#581,.T.);
#1828=EDGE_CURVE('',#1390,#1388,#1084,.T.);
#1829=EDGE_CURVE('',#1391,#1389,#1085,.T.);
#1830=EDGE_CURVE('',#1390,#1391,#582,.T.);
#1831=EDGE_CURVE('',#1390,#1392,#583,.T.);
#1832=EDGE_CURVE('',#1393,#1391,#584,.T.);
#1833=EDGE_CURVE('',#1392,#1393,#585,.T.);
#1834=EDGE_CURVE('',#1392,#1394,#1086,.T.);
#1835=EDGE_CURVE('',#1395,#1393,#1087,.T.);
#1836=EDGE_CURVE('',#1394,#1395,#586,.T.);
#1837=EDGE_CURVE('',#1396,#1394,#1088,.T.);
#1838=EDGE_CURVE('',#1397,#1395,#1089,.T.);
#1839=EDGE_CURVE('',#1396,#1397,#587,.T.);
#1840=EDGE_CURVE('',#1396,#1398,#1090,.T.);
#1841=EDGE_CURVE('',#1399,#1397,#1091,.T.);
#1842=EDGE_CURVE('',#1398,#1399,#588,.T.);
#1843=EDGE_CURVE('',#1400,#1398,#589,.T.);
#1844=EDGE_CURVE('',#1401,#1399,#590,.T.);
#1845=EDGE_CURVE('',#1400,#1401,#591,.T.);
#1846=EDGE_CURVE('',#1402,#1400,#1092,.T.);
#1847=EDGE_CURVE('',#1403,#1401,#1093,.T.);
#1848=EDGE_CURVE('',#1402,#1403,#592,.T.);
#1849=EDGE_CURVE('',#1404,#1402,#1094,.T.);
#1850=EDGE_CURVE('',#1405,#1403,#1095,.T.);
#1851=EDGE_CURVE('',#1404,#1405,#593,.T.);
#1852=EDGE_CURVE('',#1406,#1404,#1096,.T.);
#1853=EDGE_CURVE('',#1407,#1405,#1097,.T.);
#1854=EDGE_CURVE('',#1406,#1407,#594,.T.);
#1855=EDGE_CURVE('',#1406,#1408,#595,.T.);
#1856=EDGE_CURVE('',#1409,#1407,#596,.T.);
#1857=EDGE_CURVE('',#1408,#1409,#597,.T.);
#1858=EDGE_CURVE('',#1408,#1410,#1098,.T.);
#1859=EDGE_CURVE('',#1411,#1409,#1099,.T.);
#1860=EDGE_CURVE('',#1410,#1411,#598,.T.);
#1861=EDGE_CURVE('',#1412,#1410,#1100,.T.);
#1862=EDGE_CURVE('',#1413,#1411,#1101,.T.);
#1863=EDGE_CURVE('',#1412,#1413,#599,.T.);
#1864=EDGE_CURVE('',#1412,#1414,#1102,.T.);
#1865=EDGE_CURVE('',#1415,#1413,#1103,.T.);
#1866=EDGE_CURVE('',#1414,#1415,#600,.T.);
#1867=EDGE_CURVE('',#1416,#1414,#601,.T.);
#1868=EDGE_CURVE('',#1417,#1415,#602,.T.);
#1869=EDGE_CURVE('',#1416,#1417,#603,.T.);
#1870=EDGE_CURVE('',#1418,#1416,#1104,.T.);
#1871=EDGE_CURVE('',#1419,#1417,#1105,.T.);
#1872=EDGE_CURVE('',#1418,#1419,#604,.T.);
#1873=EDGE_CURVE('',#1420,#1418,#1106,.T.);
#1874=EDGE_CURVE('',#1421,#1419,#1107,.T.);
#1875=EDGE_CURVE('',#1420,#1421,#605,.T.);
#1876=EDGE_CURVE('',#1422,#1420,#1108,.T.);
#1877=EDGE_CURVE('',#1423,#1421,#1109,.T.);
#1878=EDGE_CURVE('',#1422,#1423,#606,.T.);
#1879=EDGE_CURVE('',#1422,#1424,#607,.T.);
#1880=EDGE_CURVE('',#1425,#1423,#608,.T.);
#1881=EDGE_CURVE('',#1424,#1425,#609,.T.);
#1882=EDGE_CURVE('',#1424,#1426,#1110,.T.);
#1883=EDGE_CURVE('',#1427,#1425,#1111,.T.);
#1884=EDGE_CURVE('',#1426,#1427,#610,.T.);
#1885=EDGE_CURVE('',#1428,#1426,#1112,.T.);
#1886=EDGE_CURVE('',#1429,#1427,#1113,.T.);
#1887=EDGE_CURVE('',#1428,#1429,#611,.T.);
#1888=EDGE_CURVE('',#1428,#1430,#1114,.T.);
#1889=EDGE_CURVE('',#1431,#1429,#1115,.T.);
#1890=EDGE_CURVE('',#1430,#1431,#612,.T.);
#1891=EDGE_CURVE('',#1432,#1430,#613,.T.);
#1892=EDGE_CURVE('',#1433,#1431,#614,.T.);
#1893=EDGE_CURVE('',#1432,#1433,#615,.T.);
#1894=EDGE_CURVE('',#1434,#1432,#1116,.T.);
#1895=EDGE_CURVE('',#1435,#1433,#1117,.T.);
#1896=EDGE_CURVE('',#1434,#1435,#616,.T.);
#1897=EDGE_CURVE('',#1436,#1434,#1118,.T.);
#1898=EDGE_CURVE('',#1437,#1435,#1119,.T.);
#1899=EDGE_CURVE('',#1436,#1437,#617,.T.);
#1900=EDGE_CURVE('',#1438,#1436,#1120,.T.);
#1901=EDGE_CURVE('',#1439,#1437,#1121,.T.);
#1902=EDGE_CURVE('',#1438,#1439,#618,.T.);
#1903=EDGE_CURVE('',#1438,#1440,#619,.T.);
#1904=EDGE_CURVE('',#1441,#1439,#620,.T.);
#1905=EDGE_CURVE('',#1440,#1441,#621,.T.);
#1906=EDGE_CURVE('',#1440,#1442,#1122,.T.);
#1907=EDGE_CURVE('',#1443,#1441,#1123,.T.);
#1908=EDGE_CURVE('',#1442,#1443,#622,.T.);
#1909=EDGE_CURVE('',#1444,#1442,#1124,.T.);
#1910=EDGE_CURVE('',#1445,#1443,#1125,.T.);
#1911=EDGE_CURVE('',#1444,#1445,#623,.T.);
#1912=EDGE_CURVE('',#1444,#1446,#1126,.T.);
#1913=EDGE_CURVE('',#1447,#1445,#1127,.T.);
#1914=EDGE_CURVE('',#1446,#1447,#624,.T.);
#1915=EDGE_CURVE('',#1448,#1446,#625,.T.);
#1916=EDGE_CURVE('',#1449,#1447,#626,.T.);
#1917=EDGE_CURVE('',#1448,#1449,#627,.T.);
#1918=EDGE_CURVE('',#1450,#1448,#1128,.T.);
#1919=EDGE_CURVE('',#1451,#1449,#1129,.T.);
#1920=EDGE_CURVE('',#1450,#1451,#628,.T.);
#1921=EDGE_CURVE('',#1452,#1450,#1130,.T.);
#1922=EDGE_CURVE('',#1453,#1451,#1131,.T.);
#1923=EDGE_CURVE('',#1452,#1453,#629,.T.);
#1924=EDGE_CURVE('',#1454,#1452,#1132,.T.);
#1925=EDGE_CURVE('',#1455,#1453,#1133,.T.);
#1926=EDGE_CURVE('',#1454,#1455,#630,.T.);
#1927=EDGE_CURVE('',#1454,#1456,#631,.T.);
#1928=EDGE_CURVE('',#1457,#1455,#632,.T.);
#1929=EDGE_CURVE('',#1456,#1457,#633,.T.);
#1930=EDGE_CURVE('',#1456,#1458,#1134,.T.);
#1931=EDGE_CURVE('',#1459,#1457,#1135,.T.);
#1932=EDGE_CURVE('',#1458,#1459,#634,.T.);
#1933=EDGE_CURVE('',#1460,#1458,#1136,.T.);
#1934=EDGE_CURVE('',#1461,#1459,#1137,.T.);
#1935=EDGE_CURVE('',#1460,#1461,#635,.T.);
#1936=EDGE_CURVE('',#1460,#1462,#1138,.T.);
#1937=EDGE_CURVE('',#1463,#1461,#1139,.T.);
#1938=EDGE_CURVE('',#1462,#1463,#636,.T.);
#1939=EDGE_CURVE('',#1464,#1462,#637,.T.);
#1940=EDGE_CURVE('',#1465,#1463,#638,.T.);
#1941=EDGE_CURVE('',#1464,#1465,#639,.T.);
#1942=EDGE_CURVE('',#1466,#1464,#1140,.T.);
#1943=EDGE_CURVE('',#1467,#1465,#1141,.T.);
#1944=EDGE_CURVE('',#1466,#1467,#640,.T.);
#1945=EDGE_CURVE('',#1468,#1466,#1142,.T.);
#1946=EDGE_CURVE('',#1469,#1467,#1143,.T.);
#1947=EDGE_CURVE('',#1468,#1469,#641,.T.);
#1948=EDGE_CURVE('',#1470,#1468,#1144,.T.);
#1949=EDGE_CURVE('',#1471,#1469,#1145,.T.);
#1950=EDGE_CURVE('',#1470,#1471,#642,.T.);
#1951=EDGE_CURVE('',#1470,#1472,#643,.T.);
#1952=EDGE_CURVE('',#1473,#1471,#644,.T.);
#1953=EDGE_CURVE('',#1472,#1473,#645,.T.);
#1954=EDGE_CURVE('',#1472,#1474,#1146,.T.);
#1955=EDGE_CURVE('',#1475,#1473,#1147,.T.);
#1956=EDGE_CURVE('',#1474,#1475,#646,.T.);
#1957=EDGE_CURVE('',#1476,#1474,#1148,.T.);
#1958=EDGE_CURVE('',#1477,#1475,#1149,.T.);
#1959=EDGE_CURVE('',#1476,#1477,#647,.T.);
#1960=EDGE_CURVE('',#1476,#1478,#1150,.T.);
#1961=EDGE_CURVE('',#1479,#1477,#1151,.T.);
#1962=EDGE_CURVE('',#1478,#1479,#648,.T.);
#1963=EDGE_CURVE('',#1480,#1478,#649,.T.);
#1964=EDGE_CURVE('',#1481,#1479,#650,.T.);
#1965=EDGE_CURVE('',#1480,#1481,#651,.T.);
#1966=EDGE_CURVE('',#1482,#1480,#1152,.T.);
#1967=EDGE_CURVE('',#1483,#1481,#1153,.T.);
#1968=EDGE_CURVE('',#1482,#1483,#652,.T.);
#1969=EDGE_CURVE('',#1484,#1482,#1154,.T.);
#1970=EDGE_CURVE('',#1485,#1483,#1155,.T.);
#1971=EDGE_CURVE('',#1484,#1485,#653,.T.);
#1972=EDGE_CURVE('',#1486,#1484,#1156,.T.);
#1973=EDGE_CURVE('',#1487,#1485,#1157,.T.);
#1974=EDGE_CURVE('',#1486,#1487,#654,.T.);
#1975=EDGE_CURVE('',#1486,#1488,#655,.T.);
#1976=EDGE_CURVE('',#1489,#1487,#656,.T.);
#1977=EDGE_CURVE('',#1488,#1489,#657,.T.);
#1978=EDGE_CURVE('',#1488,#1490,#1158,.T.);
#1979=EDGE_CURVE('',#1491,#1489,#1159,.T.);
#1980=EDGE_CURVE('',#1490,#1491,#658,.T.);
#1981=EDGE_CURVE('',#1492,#1490,#1160,.T.);
#1982=EDGE_CURVE('',#1493,#1491,#1161,.T.);
#1983=EDGE_CURVE('',#1492,#1493,#659,.T.);
#1984=EDGE_CURVE('',#1492,#1494,#1162,.T.);
#1985=EDGE_CURVE('',#1495,#1493,#1163,.T.);
#1986=EDGE_CURVE('',#1494,#1495,#660,.T.);
#1987=EDGE_CURVE('',#1496,#1494,#661,.T.);
#1988=EDGE_CURVE('',#1497,#1495,#662,.T.);
#1989=EDGE_CURVE('',#1496,#1497,#663,.T.);
#1990=EDGE_CURVE('',#1498,#1496,#1164,.T.);
#1991=EDGE_CURVE('',#1499,#1497,#1165,.T.);
#1992=EDGE_CURVE('',#1498,#1499,#664,.T.);
#1993=EDGE_CURVE('',#1500,#1498,#1166,.T.);
#1994=EDGE_CURVE('',#1501,#1499,#1167,.T.);
#1995=EDGE_CURVE('',#1500,#1501,#665,.T.);
#1996=EDGE_CURVE('',#1502,#1500,#1168,.T.);
#1997=EDGE_CURVE('',#1503,#1501,#1169,.T.);
#1998=EDGE_CURVE('',#1502,#1503,#666,.T.);
#1999=EDGE_CURVE('',#1502,#1504,#667,.T.);
#2000=EDGE_CURVE('',#1505,#1503,#668,.T.);
#2001=EDGE_CURVE('',#1504,#1505,#669,.T.);
#2002=EDGE_CURVE('',#1504,#1506,#1170,.T.);
#2003=EDGE_CURVE('',#1507,#1505,#1171,.T.);
#2004=EDGE_CURVE('',#1506,#1507,#670,.T.);
#2005=EDGE_CURVE('',#1508,#1506,#1172,.T.);
#2006=EDGE_CURVE('',#1509,#1507,#1173,.T.);
#2007=EDGE_CURVE('',#1508,#1509,#671,.T.);
#2008=EDGE_CURVE('',#1508,#1510,#1174,.T.);
#2009=EDGE_CURVE('',#1511,#1509,#1175,.T.);
#2010=EDGE_CURVE('',#1510,#1511,#672,.T.);
#2011=EDGE_CURVE('',#1512,#1510,#673,.T.);
#2012=EDGE_CURVE('',#1513,#1511,#674,.T.);
#2013=EDGE_CURVE('',#1512,#1513,#675,.T.);
#2014=EDGE_CURVE('',#1514,#1512,#1176,.T.);
#2015=EDGE_CURVE('',#1515,#1513,#1177,.T.);
#2016=EDGE_CURVE('',#1514,#1515,#676,.T.);
#2017=EDGE_CURVE('',#1516,#1514,#1178,.T.);
#2018=EDGE_CURVE('',#1517,#1515,#1179,.T.);
#2019=EDGE_CURVE('',#1516,#1517,#677,.T.);
#2020=EDGE_CURVE('',#1198,#1516,#1180,.T.);
#2021=EDGE_CURVE('',#1200,#1517,#1181,.T.);
#2022=ORIENTED_EDGE('',*,*,#1518,.F.);
#2023=ORIENTED_EDGE('',*,*,#1519,.T.);
#2024=ORIENTED_EDGE('',*,*,#1520,.F.);
#2025=ORIENTED_EDGE('',*,*,#1519,.F.);
#2026=ORIENTED_EDGE('',*,*,#1518,.T.);
#2027=ORIENTED_EDGE('',*,*,#1521,.T.);
#2028=ORIENTED_EDGE('',*,*,#1522,.F.);
#2029=ORIENTED_EDGE('',*,*,#1523,.T.);
#2030=ORIENTED_EDGE('',*,*,#1524,.T.);
#2031=ORIENTED_EDGE('',*,*,#1523,.F.);
#2032=ORIENTED_EDGE('',*,*,#1525,.F.);
#2033=ORIENTED_EDGE('',*,*,#1526,.T.);
#2034=ORIENTED_EDGE('',*,*,#1527,.T.);
#2035=ORIENTED_EDGE('',*,*,#1526,.F.);
#2036=ORIENTED_EDGE('',*,*,#1528,.F.);
#2037=ORIENTED_EDGE('',*,*,#1529,.T.);
#2038=ORIENTED_EDGE('',*,*,#1530,.T.);
#2039=ORIENTED_EDGE('',*,*,#1529,.F.);
#2040=ORIENTED_EDGE('',*,*,#1531,.F.);
#2041=ORIENTED_EDGE('',*,*,#1532,.T.);
#2042=ORIENTED_EDGE('',*,*,#1533,.T.);
#2043=ORIENTED_EDGE('',*,*,#1532,.F.);
#2044=ORIENTED_EDGE('',*,*,#1521,.F.);
#2045=ORIENTED_EDGE('',*,*,#1534,.T.);
#2046=ORIENTED_EDGE('',*,*,#1535,.T.);
#2047=ORIENTED_EDGE('',*,*,#1534,.F.);
#2048=ORIENTED_EDGE('',*,*,#1536,.F.);
#2049=ORIENTED_EDGE('',*,*,#1537,.T.);
#2050=ORIENTED_EDGE('',*,*,#1538,.T.);
#2051=ORIENTED_EDGE('',*,*,#1537,.F.);
#2052=ORIENTED_EDGE('',*,*,#1539,.F.);
#2053=ORIENTED_EDGE('',*,*,#1540,.T.);
#2054=ORIENTED_EDGE('',*,*,#1541,.T.);
#2055=ORIENTED_EDGE('',*,*,#1540,.F.);
#2056=ORIENTED_EDGE('',*,*,#1542,.F.);
#2057=ORIENTED_EDGE('',*,*,#1543,.T.);
#2058=ORIENTED_EDGE('',*,*,#1544,.F.);
#2059=ORIENTED_EDGE('',*,*,#1545,.F.);
#2060=ORIENTED_EDGE('',*,*,#1546,.F.);
#2061=ORIENTED_EDGE('',*,*,#1545,.T.);
#2062=ORIENTED_EDGE('',*,*,#1547,.F.);
#2063=ORIENTED_EDGE('',*,*,#1548,.F.);
#2064=ORIENTED_EDGE('',*,*,#1549,.T.);
#2065=ORIENTED_EDGE('',*,*,#1548,.T.);
#2066=ORIENTED_EDGE('',*,*,#1550,.F.);
#2067=ORIENTED_EDGE('',*,*,#1551,.F.);
#2068=ORIENTED_EDGE('',*,*,#1552,.F.);
#2069=ORIENTED_EDGE('',*,*,#1551,.T.);
#2070=ORIENTED_EDGE('',*,*,#1553,.F.);
#2071=ORIENTED_EDGE('',*,*,#1554,.F.);
#2072=ORIENTED_EDGE('',*,*,#1555,.T.);
#2073=ORIENTED_EDGE('',*,*,#1554,.T.);
#2074=ORIENTED_EDGE('',*,*,#1556,.F.);
#2075=ORIENTED_EDGE('',*,*,#1557,.F.);
#2076=ORIENTED_EDGE('',*,*,#1558,.T.);
#2077=ORIENTED_EDGE('',*,*,#1557,.T.);
#2078=ORIENTED_EDGE('',*,*,#1559,.F.);
#2079=ORIENTED_EDGE('',*,*,#1560,.F.);
#2080=ORIENTED_EDGE('',*,*,#1561,.T.);
#2081=ORIENTED_EDGE('',*,*,#1560,.T.);
#2082=ORIENTED_EDGE('',*,*,#1562,.F.);
#2083=ORIENTED_EDGE('',*,*,#1563,.F.);
#2084=ORIENTED_EDGE('',*,*,#1564,.T.);
#2085=ORIENTED_EDGE('',*,*,#1563,.T.);
#2086=ORIENTED_EDGE('',*,*,#1565,.F.);
#2087=ORIENTED_EDGE('',*,*,#1566,.F.);
#2088=ORIENTED_EDGE('',*,*,#1567,.F.);
#2089=ORIENTED_EDGE('',*,*,#1566,.T.);
#2090=ORIENTED_EDGE('',*,*,#1568,.F.);
#2091=ORIENTED_EDGE('',*,*,#1569,.F.);
#2092=ORIENTED_EDGE('',*,*,#1570,.F.);
#2093=ORIENTED_EDGE('',*,*,#1569,.T.);
#2094=ORIENTED_EDGE('',*,*,#1571,.F.);
#2095=ORIENTED_EDGE('',*,*,#1572,.F.);
#2096=ORIENTED_EDGE('',*,*,#1573,.T.);
#2097=ORIENTED_EDGE('',*,*,#1572,.T.);
#2098=ORIENTED_EDGE('',*,*,#1574,.F.);
#2099=ORIENTED_EDGE('',*,*,#1575,.F.);
#2100=ORIENTED_EDGE('',*,*,#1576,.F.);
#2101=ORIENTED_EDGE('',*,*,#1575,.T.);
#2102=ORIENTED_EDGE('',*,*,#1577,.F.);
#2103=ORIENTED_EDGE('',*,*,#1578,.F.);
#2104=ORIENTED_EDGE('',*,*,#1579,.T.);
#2105=ORIENTED_EDGE('',*,*,#1578,.T.);
#2106=ORIENTED_EDGE('',*,*,#1580,.F.);
#2107=ORIENTED_EDGE('',*,*,#1581,.F.);
#2108=ORIENTED_EDGE('',*,*,#1582,.T.);
#2109=ORIENTED_EDGE('',*,*,#1581,.T.);
#2110=ORIENTED_EDGE('',*,*,#1583,.F.);
#2111=ORIENTED_EDGE('',*,*,#1584,.F.);
#2112=ORIENTED_EDGE('',*,*,#1585,.T.);
#2113=ORIENTED_EDGE('',*,*,#1584,.T.);
#2114=ORIENTED_EDGE('',*,*,#1586,.F.);
#2115=ORIENTED_EDGE('',*,*,#1587,.F.);
#2116=ORIENTED_EDGE('',*,*,#1588,.T.);
#2117=ORIENTED_EDGE('',*,*,#1587,.T.);
#2118=ORIENTED_EDGE('',*,*,#1589,.F.);
#2119=ORIENTED_EDGE('',*,*,#1590,.F.);
#2120=ORIENTED_EDGE('',*,*,#1591,.F.);
#2121=ORIENTED_EDGE('',*,*,#1590,.T.);
#2122=ORIENTED_EDGE('',*,*,#1592,.F.);
#2123=ORIENTED_EDGE('',*,*,#1593,.F.);
#2124=ORIENTED_EDGE('',*,*,#1594,.F.);
#2125=ORIENTED_EDGE('',*,*,#1593,.T.);
#2126=ORIENTED_EDGE('',*,*,#1595,.F.);
#2127=ORIENTED_EDGE('',*,*,#1596,.F.);
#2128=ORIENTED_EDGE('',*,*,#1597,.T.);
#2129=ORIENTED_EDGE('',*,*,#1596,.T.);
#2130=ORIENTED_EDGE('',*,*,#1598,.F.);
#2131=ORIENTED_EDGE('',*,*,#1599,.F.);
#2132=ORIENTED_EDGE('',*,*,#1600,.F.);
#2133=ORIENTED_EDGE('',*,*,#1599,.T.);
#2134=ORIENTED_EDGE('',*,*,#1601,.F.);
#2135=ORIENTED_EDGE('',*,*,#1602,.F.);
#2136=ORIENTED_EDGE('',*,*,#1603,.T.);
#2137=ORIENTED_EDGE('',*,*,#1602,.T.);
#2138=ORIENTED_EDGE('',*,*,#1604,.F.);
#2139=ORIENTED_EDGE('',*,*,#1605,.F.);
#2140=ORIENTED_EDGE('',*,*,#1606,.T.);
#2141=ORIENTED_EDGE('',*,*,#1605,.T.);
#2142=ORIENTED_EDGE('',*,*,#1607,.F.);
#2143=ORIENTED_EDGE('',*,*,#1608,.F.);
#2144=ORIENTED_EDGE('',*,*,#1609,.T.);
#2145=ORIENTED_EDGE('',*,*,#1608,.T.);
#2146=ORIENTED_EDGE('',*,*,#1610,.F.);
#2147=ORIENTED_EDGE('',*,*,#1611,.F.);
#2148=ORIENTED_EDGE('',*,*,#1612,.T.);
#2149=ORIENTED_EDGE('',*,*,#1611,.T.);
#2150=ORIENTED_EDGE('',*,*,#1613,.F.);
#2151=ORIENTED_EDGE('',*,*,#1614,.F.);
#2152=ORIENTED_EDGE('',*,*,#1615,.F.);
#2153=ORIENTED_EDGE('',*,*,#1614,.T.);
#2154=ORIENTED_EDGE('',*,*,#1616,.F.);
#2155=ORIENTED_EDGE('',*,*,#1617,.F.);
#2156=ORIENTED_EDGE('',*,*,#1618,.F.);
#2157=ORIENTED_EDGE('',*,*,#1617,.T.);
#2158=ORIENTED_EDGE('',*,*,#1619,.F.);
#2159=ORIENTED_EDGE('',*,*,#1620,.F.);
#2160=ORIENTED_EDGE('',*,*,#1621,.T.);
#2161=ORIENTED_EDGE('',*,*,#1620,.T.);
#2162=ORIENTED_EDGE('',*,*,#1622,.F.);
#2163=ORIENTED_EDGE('',*,*,#1623,.F.);
#2164=ORIENTED_EDGE('',*,*,#1624,.F.);
#2165=ORIENTED_EDGE('',*,*,#1623,.T.);
#2166=ORIENTED_EDGE('',*,*,#1625,.F.);
#2167=ORIENTED_EDGE('',*,*,#1626,.F.);
#2168=ORIENTED_EDGE('',*,*,#1627,.T.);
#2169=ORIENTED_EDGE('',*,*,#1626,.T.);
#2170=ORIENTED_EDGE('',*,*,#1628,.F.);
#2171=ORIENTED_EDGE('',*,*,#1629,.F.);
#2172=ORIENTED_EDGE('',*,*,#1630,.T.);
#2173=ORIENTED_EDGE('',*,*,#1629,.T.);
#2174=ORIENTED_EDGE('',*,*,#1631,.F.);
#2175=ORIENTED_EDGE('',*,*,#1632,.F.);
#2176=ORIENTED_EDGE('',*,*,#1633,.T.);
#2177=ORIENTED_EDGE('',*,*,#1632,.T.);
#2178=ORIENTED_EDGE('',*,*,#1634,.F.);
#2179=ORIENTED_EDGE('',*,*,#1635,.F.);
#2180=ORIENTED_EDGE('',*,*,#1636,.T.);
#2181=ORIENTED_EDGE('',*,*,#1635,.T.);
#2182=ORIENTED_EDGE('',*,*,#1637,.F.);
#2183=ORIENTED_EDGE('',*,*,#1638,.F.);
#2184=ORIENTED_EDGE('',*,*,#1639,.F.);
#2185=ORIENTED_EDGE('',*,*,#1638,.T.);
#2186=ORIENTED_EDGE('',*,*,#1640,.F.);
#2187=ORIENTED_EDGE('',*,*,#1641,.F.);
#2188=ORIENTED_EDGE('',*,*,#1642,.F.);
#2189=ORIENTED_EDGE('',*,*,#1641,.T.);
#2190=ORIENTED_EDGE('',*,*,#1643,.F.);
#2191=ORIENTED_EDGE('',*,*,#1644,.F.);
#2192=ORIENTED_EDGE('',*,*,#1645,.T.);
#2193=ORIENTED_EDGE('',*,*,#1644,.T.);
#2194=ORIENTED_EDGE('',*,*,#1646,.F.);
#2195=ORIENTED_EDGE('',*,*,#1647,.F.);
#2196=ORIENTED_EDGE('',*,*,#1648,.F.);
#2197=ORIENTED_EDGE('',*,*,#1647,.T.);
#2198=ORIENTED_EDGE('',*,*,#1649,.F.);
#2199=ORIENTED_EDGE('',*,*,#1650,.F.);
#2200=ORIENTED_EDGE('',*,*,#1651,.T.);
#2201=ORIENTED_EDGE('',*,*,#1650,.T.);
#2202=ORIENTED_EDGE('',*,*,#1652,.F.);
#2203=ORIENTED_EDGE('',*,*,#1653,.F.);
#2204=ORIENTED_EDGE('',*,*,#1654,.T.);
#2205=ORIENTED_EDGE('',*,*,#1653,.T.);
#2206=ORIENTED_EDGE('',*,*,#1655,.F.);
#2207=ORIENTED_EDGE('',*,*,#1656,.F.);
#2208=ORIENTED_EDGE('',*,*,#1657,.T.);
#2209=ORIENTED_EDGE('',*,*,#1656,.T.);
#2210=ORIENTED_EDGE('',*,*,#1658,.F.);
#2211=ORIENTED_EDGE('',*,*,#1659,.F.);
#2212=ORIENTED_EDGE('',*,*,#1660,.T.);
#2213=ORIENTED_EDGE('',*,*,#1659,.T.);
#2214=ORIENTED_EDGE('',*,*,#1661,.F.);
#2215=ORIENTED_EDGE('',*,*,#1662,.F.);
#2216=ORIENTED_EDGE('',*,*,#1663,.F.);
#2217=ORIENTED_EDGE('',*,*,#1662,.T.);
#2218=ORIENTED_EDGE('',*,*,#1664,.F.);
#2219=ORIENTED_EDGE('',*,*,#1665,.F.);
#2220=ORIENTED_EDGE('',*,*,#1666,.F.);
#2221=ORIENTED_EDGE('',*,*,#1665,.T.);
#2222=ORIENTED_EDGE('',*,*,#1667,.F.);
#2223=ORIENTED_EDGE('',*,*,#1668,.F.);
#2224=ORIENTED_EDGE('',*,*,#1669,.T.);
#2225=ORIENTED_EDGE('',*,*,#1668,.T.);
#2226=ORIENTED_EDGE('',*,*,#1670,.F.);
#2227=ORIENTED_EDGE('',*,*,#1671,.F.);
#2228=ORIENTED_EDGE('',*,*,#1672,.F.);
#2229=ORIENTED_EDGE('',*,*,#1671,.T.);
#2230=ORIENTED_EDGE('',*,*,#1673,.F.);
#2231=ORIENTED_EDGE('',*,*,#1674,.F.);
#2232=ORIENTED_EDGE('',*,*,#1675,.T.);
#2233=ORIENTED_EDGE('',*,*,#1674,.T.);
#2234=ORIENTED_EDGE('',*,*,#1676,.F.);
#2235=ORIENTED_EDGE('',*,*,#1677,.F.);
#2236=ORIENTED_EDGE('',*,*,#1678,.T.);
#2237=ORIENTED_EDGE('',*,*,#1677,.T.);
#2238=ORIENTED_EDGE('',*,*,#1679,.F.);
#2239=ORIENTED_EDGE('',*,*,#1680,.F.);
#2240=ORIENTED_EDGE('',*,*,#1681,.T.);
#2241=ORIENTED_EDGE('',*,*,#1680,.T.);
#2242=ORIENTED_EDGE('',*,*,#1682,.F.);
#2243=ORIENTED_EDGE('',*,*,#1683,.F.);
#2244=ORIENTED_EDGE('',*,*,#1684,.T.);
#2245=ORIENTED_EDGE('',*,*,#1683,.T.);
#2246=ORIENTED_EDGE('',*,*,#1685,.F.);
#2247=ORIENTED_EDGE('',*,*,#1686,.F.);
#2248=ORIENTED_EDGE('',*,*,#1687,.F.);
#2249=ORIENTED_EDGE('',*,*,#1686,.T.);
#2250=ORIENTED_EDGE('',*,*,#1688,.F.);
#2251=ORIENTED_EDGE('',*,*,#1689,.F.);
#2252=ORIENTED_EDGE('',*,*,#1690,.F.);
#2253=ORIENTED_EDGE('',*,*,#1689,.T.);
#2254=ORIENTED_EDGE('',*,*,#1691,.F.);
#2255=ORIENTED_EDGE('',*,*,#1692,.F.);
#2256=ORIENTED_EDGE('',*,*,#1693,.T.);
#2257=ORIENTED_EDGE('',*,*,#1692,.T.);
#2258=ORIENTED_EDGE('',*,*,#1694,.F.);
#2259=ORIENTED_EDGE('',*,*,#1695,.F.);
#2260=ORIENTED_EDGE('',*,*,#1696,.F.);
#2261=ORIENTED_EDGE('',*,*,#1695,.T.);
#2262=ORIENTED_EDGE('',*,*,#1697,.F.);
#2263=ORIENTED_EDGE('',*,*,#1698,.F.);
#2264=ORIENTED_EDGE('',*,*,#1699,.T.);
#2265=ORIENTED_EDGE('',*,*,#1698,.T.);
#2266=ORIENTED_EDGE('',*,*,#1700,.F.);
#2267=ORIENTED_EDGE('',*,*,#1701,.F.);
#2268=ORIENTED_EDGE('',*,*,#1702,.T.);
#2269=ORIENTED_EDGE('',*,*,#1701,.T.);
#2270=ORIENTED_EDGE('',*,*,#1703,.F.);
#2271=ORIENTED_EDGE('',*,*,#1704,.F.);
#2272=ORIENTED_EDGE('',*,*,#1705,.T.);
#2273=ORIENTED_EDGE('',*,*,#1704,.T.);
#2274=ORIENTED_EDGE('',*,*,#1706,.F.);
#2275=ORIENTED_EDGE('',*,*,#1707,.F.);
#2276=ORIENTED_EDGE('',*,*,#1708,.T.);
#2277=ORIENTED_EDGE('',*,*,#1707,.T.);
#2278=ORIENTED_EDGE('',*,*,#1709,.F.);
#2279=ORIENTED_EDGE('',*,*,#1710,.F.);
#2280=ORIENTED_EDGE('',*,*,#1711,.F.);
#2281=ORIENTED_EDGE('',*,*,#1710,.T.);
#2282=ORIENTED_EDGE('',*,*,#1712,.F.);
#2283=ORIENTED_EDGE('',*,*,#1713,.F.);
#2284=ORIENTED_EDGE('',*,*,#1714,.F.);
#2285=ORIENTED_EDGE('',*,*,#1713,.T.);
#2286=ORIENTED_EDGE('',*,*,#1715,.F.);
#2287=ORIENTED_EDGE('',*,*,#1716,.F.);
#2288=ORIENTED_EDGE('',*,*,#1717,.T.);
#2289=ORIENTED_EDGE('',*,*,#1716,.T.);
#2290=ORIENTED_EDGE('',*,*,#1718,.F.);
#2291=ORIENTED_EDGE('',*,*,#1719,.F.);
#2292=ORIENTED_EDGE('',*,*,#1720,.F.);
#2293=ORIENTED_EDGE('',*,*,#1719,.T.);
#2294=ORIENTED_EDGE('',*,*,#1721,.F.);
#2295=ORIENTED_EDGE('',*,*,#1722,.F.);
#2296=ORIENTED_EDGE('',*,*,#1723,.T.);
#2297=ORIENTED_EDGE('',*,*,#1722,.T.);
#2298=ORIENTED_EDGE('',*,*,#1724,.F.);
#2299=ORIENTED_EDGE('',*,*,#1725,.F.);
#2300=ORIENTED_EDGE('',*,*,#1726,.T.);
#2301=ORIENTED_EDGE('',*,*,#1725,.T.);
#2302=ORIENTED_EDGE('',*,*,#1727,.F.);
#2303=ORIENTED_EDGE('',*,*,#1728,.F.);
#2304=ORIENTED_EDGE('',*,*,#1729,.T.);
#2305=ORIENTED_EDGE('',*,*,#1728,.T.);
#2306=ORIENTED_EDGE('',*,*,#1730,.F.);
#2307=ORIENTED_EDGE('',*,*,#1731,.F.);
#2308=ORIENTED_EDGE('',*,*,#1732,.T.);
#2309=ORIENTED_EDGE('',*,*,#1731,.T.);
#2310=ORIENTED_EDGE('',*,*,#1733,.F.);
#2311=ORIENTED_EDGE('',*,*,#1734,.F.);
#2312=ORIENTED_EDGE('',*,*,#1735,.F.);
#2313=ORIENTED_EDGE('',*,*,#1734,.T.);
#2314=ORIENTED_EDGE('',*,*,#1736,.F.);
#2315=ORIENTED_EDGE('',*,*,#1737,.F.);
#2316=ORIENTED_EDGE('',*,*,#1738,.F.);
#2317=ORIENTED_EDGE('',*,*,#1737,.T.);
#2318=ORIENTED_EDGE('',*,*,#1739,.F.);
#2319=ORIENTED_EDGE('',*,*,#1740,.F.);
#2320=ORIENTED_EDGE('',*,*,#1741,.T.);
#2321=ORIENTED_EDGE('',*,*,#1740,.T.);
#2322=ORIENTED_EDGE('',*,*,#1742,.F.);
#2323=ORIENTED_EDGE('',*,*,#1743,.F.);
#2324=ORIENTED_EDGE('',*,*,#1744,.F.);
#2325=ORIENTED_EDGE('',*,*,#1743,.T.);
#2326=ORIENTED_EDGE('',*,*,#1745,.F.);
#2327=ORIENTED_EDGE('',*,*,#1746,.F.);
#2328=ORIENTED_EDGE('',*,*,#1747,.T.);
#2329=ORIENTED_EDGE('',*,*,#1746,.T.);
#2330=ORIENTED_EDGE('',*,*,#1748,.F.);
#2331=ORIENTED_EDGE('',*,*,#1749,.F.);
#2332=ORIENTED_EDGE('',*,*,#1750,.T.);
#2333=ORIENTED_EDGE('',*,*,#1749,.T.);
#2334=ORIENTED_EDGE('',*,*,#1751,.F.);
#2335=ORIENTED_EDGE('',*,*,#1752,.F.);
#2336=ORIENTED_EDGE('',*,*,#1753,.T.);
#2337=ORIENTED_EDGE('',*,*,#1752,.T.);
#2338=ORIENTED_EDGE('',*,*,#1754,.F.);
#2339=ORIENTED_EDGE('',*,*,#1755,.F.);
#2340=ORIENTED_EDGE('',*,*,#1756,.T.);
#2341=ORIENTED_EDGE('',*,*,#1755,.T.);
#2342=ORIENTED_EDGE('',*,*,#1757,.F.);
#2343=ORIENTED_EDGE('',*,*,#1758,.F.);
#2344=ORIENTED_EDGE('',*,*,#1759,.F.);
#2345=ORIENTED_EDGE('',*,*,#1758,.T.);
#2346=ORIENTED_EDGE('',*,*,#1760,.F.);
#2347=ORIENTED_EDGE('',*,*,#1761,.F.);
#2348=ORIENTED_EDGE('',*,*,#1762,.F.);
#2349=ORIENTED_EDGE('',*,*,#1761,.T.);
#2350=ORIENTED_EDGE('',*,*,#1763,.F.);
#2351=ORIENTED_EDGE('',*,*,#1764,.F.);
#2352=ORIENTED_EDGE('',*,*,#1765,.T.);
#2353=ORIENTED_EDGE('',*,*,#1764,.T.);
#2354=ORIENTED_EDGE('',*,*,#1766,.F.);
#2355=ORIENTED_EDGE('',*,*,#1767,.F.);
#2356=ORIENTED_EDGE('',*,*,#1768,.F.);
#2357=ORIENTED_EDGE('',*,*,#1767,.T.);
#2358=ORIENTED_EDGE('',*,*,#1769,.F.);
#2359=ORIENTED_EDGE('',*,*,#1770,.F.);
#2360=ORIENTED_EDGE('',*,*,#1771,.T.);
#2361=ORIENTED_EDGE('',*,*,#1770,.T.);
#2362=ORIENTED_EDGE('',*,*,#1772,.F.);
#2363=ORIENTED_EDGE('',*,*,#1773,.F.);
#2364=ORIENTED_EDGE('',*,*,#1774,.T.);
#2365=ORIENTED_EDGE('',*,*,#1773,.T.);
#2366=ORIENTED_EDGE('',*,*,#1775,.F.);
#2367=ORIENTED_EDGE('',*,*,#1776,.F.);
#2368=ORIENTED_EDGE('',*,*,#1777,.T.);
#2369=ORIENTED_EDGE('',*,*,#1776,.T.);
#2370=ORIENTED_EDGE('',*,*,#1778,.F.);
#2371=ORIENTED_EDGE('',*,*,#1779,.F.);
#2372=ORIENTED_EDGE('',*,*,#1780,.T.);
#2373=ORIENTED_EDGE('',*,*,#1779,.T.);
#2374=ORIENTED_EDGE('',*,*,#1781,.F.);
#2375=ORIENTED_EDGE('',*,*,#1782,.F.);
#2376=ORIENTED_EDGE('',*,*,#1783,.F.);
#2377=ORIENTED_EDGE('',*,*,#1782,.T.);
#2378=ORIENTED_EDGE('',*,*,#1784,.F.);
#2379=ORIENTED_EDGE('',*,*,#1785,.F.);
#2380=ORIENTED_EDGE('',*,*,#1786,.F.);
#2381=ORIENTED_EDGE('',*,*,#1785,.T.);
#2382=ORIENTED_EDGE('',*,*,#1787,.F.);
#2383=ORIENTED_EDGE('',*,*,#1788,.F.);
#2384=ORIENTED_EDGE('',*,*,#1789,.T.);
#2385=ORIENTED_EDGE('',*,*,#1788,.T.);
#2386=ORIENTED_EDGE('',*,*,#1790,.F.);
#2387=ORIENTED_EDGE('',*,*,#1791,.F.);
#2388=ORIENTED_EDGE('',*,*,#1792,.F.);
#2389=ORIENTED_EDGE('',*,*,#1791,.T.);
#2390=ORIENTED_EDGE('',*,*,#1793,.F.);
#2391=ORIENTED_EDGE('',*,*,#1794,.F.);
#2392=ORIENTED_EDGE('',*,*,#1795,.T.);
#2393=ORIENTED_EDGE('',*,*,#1794,.T.);
#2394=ORIENTED_EDGE('',*,*,#1796,.F.);
#2395=ORIENTED_EDGE('',*,*,#1797,.F.);
#2396=ORIENTED_EDGE('',*,*,#1798,.T.);
#2397=ORIENTED_EDGE('',*,*,#1797,.T.);
#2398=ORIENTED_EDGE('',*,*,#1799,.F.);
#2399=ORIENTED_EDGE('',*,*,#1800,.F.);
#2400=ORIENTED_EDGE('',*,*,#1801,.T.);
#2401=ORIENTED_EDGE('',*,*,#1800,.T.);
#2402=ORIENTED_EDGE('',*,*,#1802,.F.);
#2403=ORIENTED_EDGE('',*,*,#1803,.F.);
#2404=ORIENTED_EDGE('',*,*,#1804,.T.);
#2405=ORIENTED_EDGE('',*,*,#1803,.T.);
#2406=ORIENTED_EDGE('',*,*,#1805,.F.);
#2407=ORIENTED_EDGE('',*,*,#1806,.F.);
#2408=ORIENTED_EDGE('',*,*,#1807,.F.);
#2409=ORIENTED_EDGE('',*,*,#1806,.T.);
#2410=ORIENTED_EDGE('',*,*,#1808,.F.);
#2411=ORIENTED_EDGE('',*,*,#1809,.F.);
#2412=ORIENTED_EDGE('',*,*,#1810,.F.);
#2413=ORIENTED_EDGE('',*,*,#1809,.T.);
#2414=ORIENTED_EDGE('',*,*,#1811,.F.);
#2415=ORIENTED_EDGE('',*,*,#1812,.F.);
#2416=ORIENTED_EDGE('',*,*,#1813,.T.);
#2417=ORIENTED_EDGE('',*,*,#1812,.T.);
#2418=ORIENTED_EDGE('',*,*,#1814,.F.);
#2419=ORIENTED_EDGE('',*,*,#1815,.F.);
#2420=ORIENTED_EDGE('',*,*,#1816,.F.);
#2421=ORIENTED_EDGE('',*,*,#1815,.T.);
#2422=ORIENTED_EDGE('',*,*,#1817,.F.);
#2423=ORIENTED_EDGE('',*,*,#1818,.F.);
#2424=ORIENTED_EDGE('',*,*,#1819,.T.);
#2425=ORIENTED_EDGE('',*,*,#1818,.T.);
#2426=ORIENTED_EDGE('',*,*,#1820,.F.);
#2427=ORIENTED_EDGE('',*,*,#1821,.F.);
#2428=ORIENTED_EDGE('',*,*,#1822,.T.);
#2429=ORIENTED_EDGE('',*,*,#1821,.T.);
#2430=ORIENTED_EDGE('',*,*,#1823,.F.);
#2431=ORIENTED_EDGE('',*,*,#1824,.F.);
#2432=ORIENTED_EDGE('',*,*,#1825,.T.);
#2433=ORIENTED_EDGE('',*,*,#1824,.T.);
#2434=ORIENTED_EDGE('',*,*,#1826,.F.);
#2435=ORIENTED_EDGE('',*,*,#1827,.F.);
#2436=ORIENTED_EDGE('',*,*,#1828,.T.);
#2437=ORIENTED_EDGE('',*,*,#1827,.T.);
#2438=ORIENTED_EDGE('',*,*,#1829,.F.);
#2439=ORIENTED_EDGE('',*,*,#1830,.F.);
#2440=ORIENTED_EDGE('',*,*,#1831,.F.);
#2441=ORIENTED_EDGE('',*,*,#1830,.T.);
#2442=ORIENTED_EDGE('',*,*,#1832,.F.);
#2443=ORIENTED_EDGE('',*,*,#1833,.F.);
#2444=ORIENTED_EDGE('',*,*,#1834,.F.);
#2445=ORIENTED_EDGE('',*,*,#1833,.T.);
#2446=ORIENTED_EDGE('',*,*,#1835,.F.);
#2447=ORIENTED_EDGE('',*,*,#1836,.F.);
#2448=ORIENTED_EDGE('',*,*,#1837,.T.);
#2449=ORIENTED_EDGE('',*,*,#1836,.T.);
#2450=ORIENTED_EDGE('',*,*,#1838,.F.);
#2451=ORIENTED_EDGE('',*,*,#1839,.F.);
#2452=ORIENTED_EDGE('',*,*,#1840,.F.);
#2453=ORIENTED_EDGE('',*,*,#1839,.T.);
#2454=ORIENTED_EDGE('',*,*,#1841,.F.);
#2455=ORIENTED_EDGE('',*,*,#1842,.F.);
#2456=ORIENTED_EDGE('',*,*,#1843,.T.);
#2457=ORIENTED_EDGE('',*,*,#1842,.T.);
#2458=ORIENTED_EDGE('',*,*,#1844,.F.);
#2459=ORIENTED_EDGE('',*,*,#1845,.F.);
#2460=ORIENTED_EDGE('',*,*,#1846,.T.);
#2461=ORIENTED_EDGE('',*,*,#1845,.T.);
#2462=ORIENTED_EDGE('',*,*,#1847,.F.);
#2463=ORIENTED_EDGE('',*,*,#1848,.F.);
#2464=ORIENTED_EDGE('',*,*,#1849,.T.);
#2465=ORIENTED_EDGE('',*,*,#1848,.T.);
#2466=ORIENTED_EDGE('',*,*,#1850,.F.);
#2467=ORIENTED_EDGE('',*,*,#1851,.F.);
#2468=ORIENTED_EDGE('',*,*,#1852,.T.);
#2469=ORIENTED_EDGE('',*,*,#1851,.T.);
#2470=ORIENTED_EDGE('',*,*,#1853,.F.);
#2471=ORIENTED_EDGE('',*,*,#1854,.F.);
#2472=ORIENTED_EDGE('',*,*,#1855,.F.);
#2473=ORIENTED_EDGE('',*,*,#1854,.T.);
#2474=ORIENTED_EDGE('',*,*,#1856,.F.);
#2475=ORIENTED_EDGE('',*,*,#1857,.F.);
#2476=ORIENTED_EDGE('',*,*,#1858,.F.);
#2477=ORIENTED_EDGE('',*,*,#1857,.T.);
#2478=ORIENTED_EDGE('',*,*,#1859,.F.);
#2479=ORIENTED_EDGE('',*,*,#1860,.F.);
#2480=ORIENTED_EDGE('',*,*,#1861,.T.);
#2481=ORIENTED_EDGE('',*,*,#1860,.T.);
#2482=ORIENTED_EDGE('',*,*,#1862,.F.);
#2483=ORIENTED_EDGE('',*,*,#1863,.F.);
#2484=ORIENTED_EDGE('',*,*,#1864,.F.);
#2485=ORIENTED_EDGE('',*,*,#1863,.T.);
#2486=ORIENTED_EDGE('',*,*,#1865,.F.);
#2487=ORIENTED_EDGE('',*,*,#1866,.F.);
#2488=ORIENTED_EDGE('',*,*,#1867,.T.);
#2489=ORIENTED_EDGE('',*,*,#1866,.T.);
#2490=ORIENTED_EDGE('',*,*,#1868,.F.);
#2491=ORIENTED_EDGE('',*,*,#1869,.F.);
#2492=ORIENTED_EDGE('',*,*,#1870,.T.);
#2493=ORIENTED_EDGE('',*,*,#1869,.T.);
#2494=ORIENTED_EDGE('',*,*,#1871,.F.);
#2495=ORIENTED_EDGE('',*,*,#1872,.F.);
#2496=ORIENTED_EDGE('',*,*,#1873,.T.);
#2497=ORIENTED_EDGE('',*,*,#1872,.T.);
#2498=ORIENTED_EDGE('',*,*,#1874,.F.);
#2499=ORIENTED_EDGE('',*,*,#1875,.F.);
#2500=ORIENTED_EDGE('',*,*,#1876,.T.);
#2501=ORIENTED_EDGE('',*,*,#1875,.T.);
#2502=ORIENTED_EDGE('',*,*,#1877,.F.);
#2503=ORIENTED_EDGE('',*,*,#1878,.F.);
#2504=ORIENTED_EDGE('',*,*,#1879,.F.);
#2505=ORIENTED_EDGE('',*,*,#1878,.T.);
#2506=ORIENTED_EDGE('',*,*,#1880,.F.);
#2507=ORIENTED_EDGE('',*,*,#1881,.F.);
#2508=ORIENTED_EDGE('',*,*,#1882,.F.);
#2509=ORIENTED_EDGE('',*,*,#1881,.T.);
#2510=ORIENTED_EDGE('',*,*,#1883,.F.);
#2511=ORIENTED_EDGE('',*,*,#1884,.F.);
#2512=ORIENTED_EDGE('',*,*,#1885,.T.);
#2513=ORIENTED_EDGE('',*,*,#1884,.T.);
#2514=ORIENTED_EDGE('',*,*,#1886,.F.);
#2515=ORIENTED_EDGE('',*,*,#1887,.F.);
#2516=ORIENTED_EDGE('',*,*,#1888,.F.);
#2517=ORIENTED_EDGE('',*,*,#1887,.T.);
#2518=ORIENTED_EDGE('',*,*,#1889,.F.);
#2519=ORIENTED_EDGE('',*,*,#1890,.F.);
#2520=ORIENTED_EDGE('',*,*,#1891,.T.);
#2521=ORIENTED_EDGE('',*,*,#1890,.T.);
#2522=ORIENTED_EDGE('',*,*,#1892,.F.);
#2523=ORIENTED_EDGE('',*,*,#1893,.F.);
#2524=ORIENTED_EDGE('',*,*,#1894,.T.);
#2525=ORIENTED_EDGE('',*,*,#1893,.T.);
#2526=ORIENTED_EDGE('',*,*,#1895,.F.);
#2527=ORIENTED_EDGE('',*,*,#1896,.F.);
#2528=ORIENTED_EDGE('',*,*,#1897,.T.);
#2529=ORIENTED_EDGE('',*,*,#1896,.T.);
#2530=ORIENTED_EDGE('',*,*,#1898,.F.);
#2531=ORIENTED_EDGE('',*,*,#1899,.F.);
#2532=ORIENTED_EDGE('',*,*,#1900,.T.);
#2533=ORIENTED_EDGE('',*,*,#1899,.T.);
#2534=ORIENTED_EDGE('',*,*,#1901,.F.);
#2535=ORIENTED_EDGE('',*,*,#1902,.F.);
#2536=ORIENTED_EDGE('',*,*,#1903,.F.);
#2537=ORIENTED_EDGE('',*,*,#1902,.T.);
#2538=ORIENTED_EDGE('',*,*,#1904,.F.);
#2539=ORIENTED_EDGE('',*,*,#1905,.F.);
#2540=ORIENTED_EDGE('',*,*,#1906,.F.);
#2541=ORIENTED_EDGE('',*,*,#1905,.T.);
#2542=ORIENTED_EDGE('',*,*,#1907,.F.);
#2543=ORIENTED_EDGE('',*,*,#1908,.F.);
#2544=ORIENTED_EDGE('',*,*,#1909,.T.);
#2545=ORIENTED_EDGE('',*,*,#1908,.T.);
#2546=ORIENTED_EDGE('',*,*,#1910,.F.);
#2547=ORIENTED_EDGE('',*,*,#1911,.F.);
#2548=ORIENTED_EDGE('',*,*,#1912,.F.);
#2549=ORIENTED_EDGE('',*,*,#1911,.T.);
#2550=ORIENTED_EDGE('',*,*,#1913,.F.);
#2551=ORIENTED_EDGE('',*,*,#1914,.F.);
#2552=ORIENTED_EDGE('',*,*,#1915,.T.);
#2553=ORIENTED_EDGE('',*,*,#1914,.T.);
#2554=ORIENTED_EDGE('',*,*,#1916,.F.);
#2555=ORIENTED_EDGE('',*,*,#1917,.F.);
#2556=ORIENTED_EDGE('',*,*,#1918,.T.);
#2557=ORIENTED_EDGE('',*,*,#1917,.T.);
#2558=ORIENTED_EDGE('',*,*,#1919,.F.);
#2559=ORIENTED_EDGE('',*,*,#1920,.F.);
#2560=ORIENTED_EDGE('',*,*,#1921,.T.);
#2561=ORIENTED_EDGE('',*,*,#1920,.T.);
#2562=ORIENTED_EDGE('',*,*,#1922,.F.);
#2563=ORIENTED_EDGE('',*,*,#1923,.F.);
#2564=ORIENTED_EDGE('',*,*,#1924,.T.);
#2565=ORIENTED_EDGE('',*,*,#1923,.T.);
#2566=ORIENTED_EDGE('',*,*,#1925,.F.);
#2567=ORIENTED_EDGE('',*,*,#1926,.F.);
#2568=ORIENTED_EDGE('',*,*,#1927,.F.);
#2569=ORIENTED_EDGE('',*,*,#1926,.T.);
#2570=ORIENTED_EDGE('',*,*,#1928,.F.);
#2571=ORIENTED_EDGE('',*,*,#1929,.F.);
#2572=ORIENTED_EDGE('',*,*,#1930,.F.);
#2573=ORIENTED_EDGE('',*,*,#1929,.T.);
#2574=ORIENTED_EDGE('',*,*,#1931,.F.);
#2575=ORIENTED_EDGE('',*,*,#1932,.F.);
#2576=ORIENTED_EDGE('',*,*,#1933,.T.);
#2577=ORIENTED_EDGE('',*,*,#1932,.T.);
#2578=ORIENTED_EDGE('',*,*,#1934,.F.);
#2579=ORIENTED_EDGE('',*,*,#1935,.F.);
#2580=ORIENTED_EDGE('',*,*,#1936,.F.);
#2581=ORIENTED_EDGE('',*,*,#1935,.T.);
#2582=ORIENTED_EDGE('',*,*,#1937,.F.);
#2583=ORIENTED_EDGE('',*,*,#1938,.F.);
#2584=ORIENTED_EDGE('',*,*,#1939,.T.);
#2585=ORIENTED_EDGE('',*,*,#1938,.T.);
#2586=ORIENTED_EDGE('',*,*,#1940,.F.);
#2587=ORIENTED_EDGE('',*,*,#1941,.F.);
#2588=ORIENTED_EDGE('',*,*,#1942,.T.);
#2589=ORIENTED_EDGE('',*,*,#1941,.T.);
#2590=ORIENTED_EDGE('',*,*,#1943,.F.);
#2591=ORIENTED_EDGE('',*,*,#1944,.F.);
#2592=ORIENTED_EDGE('',*,*,#1945,.T.);
#2593=ORIENTED_EDGE('',*,*,#1944,.T.);
#2594=ORIENTED_EDGE('',*,*,#1946,.F.);
#2595=ORIENTED_EDGE('',*,*,#1947,.F.);
#2596=ORIENTED_EDGE('',*,*,#1948,.T.);
#2597=ORIENTED_EDGE('',*,*,#1947,.T.);
#2598=ORIENTED_EDGE('',*,*,#1949,.F.);
#2599=ORIENTED_EDGE('',*,*,#1950,.F.);
#2600=ORIENTED_EDGE('',*,*,#1951,.F.);
#2601=ORIENTED_EDGE('',*,*,#1950,.T.);
#2602=ORIENTED_EDGE('',*,*,#1952,.F.);
#2603=ORIENTED_EDGE('',*,*,#1953,.F.);
#2604=ORIENTED_EDGE('',*,*,#1954,.F.);
#2605=ORIENTED_EDGE('',*,*,#1953,.T.);
#2606=ORIENTED_EDGE('',*,*,#1955,.F.);
#2607=ORIENTED_EDGE('',*,*,#1956,.F.);
#2608=ORIENTED_EDGE('',*,*,#1957,.T.);
#2609=ORIENTED_EDGE('',*,*,#1956,.T.);
#2610=ORIENTED_EDGE('',*,*,#1958,.F.);
#2611=ORIENTED_EDGE('',*,*,#1959,.F.);
#2612=ORIENTED_EDGE('',*,*,#1960,.F.);
#2613=ORIENTED_EDGE('',*,*,#1959,.T.);
#2614=ORIENTED_EDGE('',*,*,#1961,.F.);
#2615=ORIENTED_EDGE('',*,*,#1962,.F.);
#2616=ORIENTED_EDGE('',*,*,#1963,.T.);
#2617=ORIENTED_EDGE('',*,*,#1962,.T.);
#2618=ORIENTED_EDGE('',*,*,#1964,.F.);
#2619=ORIENTED_EDGE('',*,*,#1965,.F.);
#2620=ORIENTED_EDGE('',*,*,#1966,.T.);
#2621=ORIENTED_EDGE('',*,*,#1965,.T.);
#2622=ORIENTED_EDGE('',*,*,#1967,.F.);
#2623=ORIENTED_EDGE('',*,*,#1968,.F.);
#2624=ORIENTED_EDGE('',*,*,#1969,.T.);
#2625=ORIENTED_EDGE('',*,*,#1968,.T.);
#2626=ORIENTED_EDGE('',*,*,#1970,.F.);
#2627=ORIENTED_EDGE('',*,*,#1971,.F.);
#2628=ORIENTED_EDGE('',*,*,#1972,.T.);
#2629=ORIENTED_EDGE('',*,*,#1971,.T.);
#2630=ORIENTED_EDGE('',*,*,#1973,.F.);
#2631=ORIENTED_EDGE('',*,*,#1974,.F.);
#2632=ORIENTED_EDGE('',*,*,#1975,.F.);
#2633=ORIENTED_EDGE('',*,*,#1974,.T.);
#2634=ORIENTED_EDGE('',*,*,#1976,.F.);
#2635=ORIENTED_EDGE('',*,*,#1977,.F.);
#2636=ORIENTED_EDGE('',*,*,#1978,.F.);
#2637=ORIENTED_EDGE('',*,*,#1977,.T.);
#2638=ORIENTED_EDGE('',*,*,#1979,.F.);
#2639=ORIENTED_EDGE('',*,*,#1980,.F.);
#2640=ORIENTED_EDGE('',*,*,#1981,.T.);
#2641=ORIENTED_EDGE('',*,*,#1980,.T.);
#2642=ORIENTED_EDGE('',*,*,#1982,.F.);
#2643=ORIENTED_EDGE('',*,*,#1983,.F.);
#2644=ORIENTED_EDGE('',*,*,#1984,.F.);
#2645=ORIENTED_EDGE('',*,*,#1983,.T.);
#2646=ORIENTED_EDGE('',*,*,#1985,.F.);
#2647=ORIENTED_EDGE('',*,*,#1986,.F.);
#2648=ORIENTED_EDGE('',*,*,#1987,.T.);
#2649=ORIENTED_EDGE('',*,*,#1986,.T.);
#2650=ORIENTED_EDGE('',*,*,#1988,.F.);
#2651=ORIENTED_EDGE('',*,*,#1989,.F.);
#2652=ORIENTED_EDGE('',*,*,#1990,.T.);
#2653=ORIENTED_EDGE('',*,*,#1989,.T.);
#2654=ORIENTED_EDGE('',*,*,#1991,.F.);
#2655=ORIENTED_EDGE('',*,*,#1992,.F.);
#2656=ORIENTED_EDGE('',*,*,#1993,.T.);
#2657=ORIENTED_EDGE('',*,*,#1992,.T.);
#2658=ORIENTED_EDGE('',*,*,#1994,.F.);
#2659=ORIENTED_EDGE('',*,*,#1995,.F.);
#2660=ORIENTED_EDGE('',*,*,#1996,.T.);
#2661=ORIENTED_EDGE('',*,*,#1995,.T.);
#2662=ORIENTED_EDGE('',*,*,#1997,.F.);
#2663=ORIENTED_EDGE('',*,*,#1998,.F.);
#2664=ORIENTED_EDGE('',*,*,#1999,.F.);
#2665=ORIENTED_EDGE('',*,*,#1998,.T.);
#2666=ORIENTED_EDGE('',*,*,#2000,.F.);
#2667=ORIENTED_EDGE('',*,*,#2001,.F.);
#2668=ORIENTED_EDGE('',*,*,#2002,.F.);
#2669=ORIENTED_EDGE('',*,*,#2001,.T.);
#2670=ORIENTED_EDGE('',*,*,#2003,.F.);
#2671=ORIENTED_EDGE('',*,*,#2004,.F.);
#2672=ORIENTED_EDGE('',*,*,#2005,.T.);
#2673=ORIENTED_EDGE('',*,*,#2004,.T.);
#2674=ORIENTED_EDGE('',*,*,#2006,.F.);
#2675=ORIENTED_EDGE('',*,*,#2007,.F.);
#2676=ORIENTED_EDGE('',*,*,#2008,.F.);
#2677=ORIENTED_EDGE('',*,*,#2007,.T.);
#2678=ORIENTED_EDGE('',*,*,#2009,.F.);
#2679=ORIENTED_EDGE('',*,*,#2010,.F.);
#2680=ORIENTED_EDGE('',*,*,#2011,.T.);
#2681=ORIENTED_EDGE('',*,*,#2010,.T.);
#2682=ORIENTED_EDGE('',*,*,#2012,.F.);
#2683=ORIENTED_EDGE('',*,*,#2013,.F.);
#2684=ORIENTED_EDGE('',*,*,#2014,.T.);
#2685=ORIENTED_EDGE('',*,*,#2013,.T.);
#2686=ORIENTED_EDGE('',*,*,#2015,.F.);
#2687=ORIENTED_EDGE('',*,*,#2016,.F.);
#2688=ORIENTED_EDGE('',*,*,#2017,.T.);
#2689=ORIENTED_EDGE('',*,*,#2016,.T.);
#2690=ORIENTED_EDGE('',*,*,#2018,.F.);
#2691=ORIENTED_EDGE('',*,*,#2019,.F.);
#2692=ORIENTED_EDGE('',*,*,#2020,.T.);
#2693=ORIENTED_EDGE('',*,*,#2019,.T.);
#2694=ORIENTED_EDGE('',*,*,#2021,.F.);
#2695=ORIENTED_EDGE('',*,*,#1543,.F.);
#2696=ORIENTED_EDGE('',*,*,#2021,.T.);
#2697=ORIENTED_EDGE('',*,*,#2018,.T.);
#2698=ORIENTED_EDGE('',*,*,#2015,.T.);
#2699=ORIENTED_EDGE('',*,*,#2012,.T.);
#2700=ORIENTED_EDGE('',*,*,#2009,.T.);
#2701=ORIENTED_EDGE('',*,*,#2006,.T.);
#2702=ORIENTED_EDGE('',*,*,#2003,.T.);
#2703=ORIENTED_EDGE('',*,*,#2000,.T.);
#2704=ORIENTED_EDGE('',*,*,#1997,.T.);
#2705=ORIENTED_EDGE('',*,*,#1994,.T.);
#2706=ORIENTED_EDGE('',*,*,#1991,.T.);
#2707=ORIENTED_EDGE('',*,*,#1988,.T.);
#2708=ORIENTED_EDGE('',*,*,#1985,.T.);
#2709=ORIENTED_EDGE('',*,*,#1982,.T.);
#2710=ORIENTED_EDGE('',*,*,#1979,.T.);
#2711=ORIENTED_EDGE('',*,*,#1976,.T.);
#2712=ORIENTED_EDGE('',*,*,#1973,.T.);
#2713=ORIENTED_EDGE('',*,*,#1970,.T.);
#2714=ORIENTED_EDGE('',*,*,#1967,.T.);
#2715=ORIENTED_EDGE('',*,*,#1964,.T.);
#2716=ORIENTED_EDGE('',*,*,#1961,.T.);
#2717=ORIENTED_EDGE('',*,*,#1958,.T.);
#2718=ORIENTED_EDGE('',*,*,#1955,.T.);
#2719=ORIENTED_EDGE('',*,*,#1952,.T.);
#2720=ORIENTED_EDGE('',*,*,#1949,.T.);
#2721=ORIENTED_EDGE('',*,*,#1946,.T.);
#2722=ORIENTED_EDGE('',*,*,#1943,.T.);
#2723=ORIENTED_EDGE('',*,*,#1940,.T.);
#2724=ORIENTED_EDGE('',*,*,#1937,.T.);
#2725=ORIENTED_EDGE('',*,*,#1934,.T.);
#2726=ORIENTED_EDGE('',*,*,#1931,.T.);
#2727=ORIENTED_EDGE('',*,*,#1928,.T.);
#2728=ORIENTED_EDGE('',*,*,#1925,.T.);
#2729=ORIENTED_EDGE('',*,*,#1922,.T.);
#2730=ORIENTED_EDGE('',*,*,#1919,.T.);
#2731=ORIENTED_EDGE('',*,*,#1916,.T.);
#2732=ORIENTED_EDGE('',*,*,#1913,.T.);
#2733=ORIENTED_EDGE('',*,*,#1910,.T.);
#2734=ORIENTED_EDGE('',*,*,#1907,.T.);
#2735=ORIENTED_EDGE('',*,*,#1904,.T.);
#2736=ORIENTED_EDGE('',*,*,#1901,.T.);
#2737=ORIENTED_EDGE('',*,*,#1898,.T.);
#2738=ORIENTED_EDGE('',*,*,#1895,.T.);
#2739=ORIENTED_EDGE('',*,*,#1892,.T.);
#2740=ORIENTED_EDGE('',*,*,#1889,.T.);
#2741=ORIENTED_EDGE('',*,*,#1886,.T.);
#2742=ORIENTED_EDGE('',*,*,#1883,.T.);
#2743=ORIENTED_EDGE('',*,*,#1880,.T.);
#2744=ORIENTED_EDGE('',*,*,#1877,.T.);
#2745=ORIENTED_EDGE('',*,*,#1874,.T.);
#2746=ORIENTED_EDGE('',*,*,#1871,.T.);
#2747=ORIENTED_EDGE('',*,*,#1868,.T.);
#2748=ORIENTED_EDGE('',*,*,#1865,.T.);
#2749=ORIENTED_EDGE('',*,*,#1862,.T.);
#2750=ORIENTED_EDGE('',*,*,#1859,.T.);
#2751=ORIENTED_EDGE('',*,*,#1856,.T.);
#2752=ORIENTED_EDGE('',*,*,#1853,.T.);
#2753=ORIENTED_EDGE('',*,*,#1850,.T.);
#2754=ORIENTED_EDGE('',*,*,#1847,.T.);
#2755=ORIENTED_EDGE('',*,*,#1844,.T.);
#2756=ORIENTED_EDGE('',*,*,#1841,.T.);
#2757=ORIENTED_EDGE('',*,*,#1838,.T.);
#2758=ORIENTED_EDGE('',*,*,#1835,.T.);
#2759=ORIENTED_EDGE('',*,*,#1832,.T.);
#2760=ORIENTED_EDGE('',*,*,#1829,.T.);
#2761=ORIENTED_EDGE('',*,*,#1826,.T.);
#2762=ORIENTED_EDGE('',*,*,#1823,.T.);
#2763=ORIENTED_EDGE('',*,*,#1820,.T.);
#2764=ORIENTED_EDGE('',*,*,#1817,.T.);
#2765=ORIENTED_EDGE('',*,*,#1814,.T.);
#2766=ORIENTED_EDGE('',*,*,#1811,.T.);
#2767=ORIENTED_EDGE('',*,*,#1808,.T.);
#2768=ORIENTED_EDGE('',*,*,#1805,.T.);
#2769=ORIENTED_EDGE('',*,*,#1802,.T.);
#2770=ORIENTED_EDGE('',*,*,#1799,.T.);
#2771=ORIENTED_EDGE('',*,*,#1796,.T.);
#2772=ORIENTED_EDGE('',*,*,#1793,.T.);
#2773=ORIENTED_EDGE('',*,*,#1790,.T.);
#2774=ORIENTED_EDGE('',*,*,#1787,.T.);
#2775=ORIENTED_EDGE('',*,*,#1784,.T.);
#2776=ORIENTED_EDGE('',*,*,#1781,.T.);
#2777=ORIENTED_EDGE('',*,*,#1778,.T.);
#2778=ORIENTED_EDGE('',*,*,#1775,.T.);
#2779=ORIENTED_EDGE('',*,*,#1772,.T.);
#2780=ORIENTED_EDGE('',*,*,#1769,.T.);
#2781=ORIENTED_EDGE('',*,*,#1766,.T.);
#2782=ORIENTED_EDGE('',*,*,#1763,.T.);
#2783=ORIENTED_EDGE('',*,*,#1760,.T.);
#2784=ORIENTED_EDGE('',*,*,#1757,.T.);
#2785=ORIENTED_EDGE('',*,*,#1754,.T.);
#2786=ORIENTED_EDGE('',*,*,#1751,.T.);
#2787=ORIENTED_EDGE('',*,*,#1748,.T.);
#2788=ORIENTED_EDGE('',*,*,#1745,.T.);
#2789=ORIENTED_EDGE('',*,*,#1742,.T.);
#2790=ORIENTED_EDGE('',*,*,#1739,.T.);
#2791=ORIENTED_EDGE('',*,*,#1736,.T.);
#2792=ORIENTED_EDGE('',*,*,#1733,.T.);
#2793=ORIENTED_EDGE('',*,*,#1730,.T.);
#2794=ORIENTED_EDGE('',*,*,#1727,.T.);
#2795=ORIENTED_EDGE('',*,*,#1724,.T.);
#2796=ORIENTED_EDGE('',*,*,#1721,.T.);
#2797=ORIENTED_EDGE('',*,*,#1718,.T.);
#2798=ORIENTED_EDGE('',*,*,#1715,.T.);
#2799=ORIENTED_EDGE('',*,*,#1712,.T.);
#2800=ORIENTED_EDGE('',*,*,#1709,.T.);
#2801=ORIENTED_EDGE('',*,*,#1706,.T.);
#2802=ORIENTED_EDGE('',*,*,#1703,.T.);
#2803=ORIENTED_EDGE('',*,*,#1700,.T.);
#2804=ORIENTED_EDGE('',*,*,#1697,.T.);
#2805=ORIENTED_EDGE('',*,*,#1694,.T.);
#2806=ORIENTED_EDGE('',*,*,#1691,.T.);
#2807=ORIENTED_EDGE('',*,*,#1688,.T.);
#2808=ORIENTED_EDGE('',*,*,#1685,.T.);
#2809=ORIENTED_EDGE('',*,*,#1682,.T.);
#2810=ORIENTED_EDGE('',*,*,#1679,.T.);
#2811=ORIENTED_EDGE('',*,*,#1676,.T.);
#2812=ORIENTED_EDGE('',*,*,#1673,.T.);
#2813=ORIENTED_EDGE('',*,*,#1670,.T.);
#2814=ORIENTED_EDGE('',*,*,#1667,.T.);
#2815=ORIENTED_EDGE('',*,*,#1664,.T.);
#2816=ORIENTED_EDGE('',*,*,#1661,.T.);
#2817=ORIENTED_EDGE('',*,*,#1658,.T.);
#2818=ORIENTED_EDGE('',*,*,#1655,.T.);
#2819=ORIENTED_EDGE('',*,*,#1652,.T.);
#2820=ORIENTED_EDGE('',*,*,#1649,.T.);
#2821=ORIENTED_EDGE('',*,*,#1646,.T.);
#2822=ORIENTED_EDGE('',*,*,#1643,.T.);
#2823=ORIENTED_EDGE('',*,*,#1640,.T.);
#2824=ORIENTED_EDGE('',*,*,#1637,.T.);
#2825=ORIENTED_EDGE('',*,*,#1634,.T.);
#2826=ORIENTED_EDGE('',*,*,#1631,.T.);
#2827=ORIENTED_EDGE('',*,*,#1628,.T.);
#2828=ORIENTED_EDGE('',*,*,#1625,.T.);
#2829=ORIENTED_EDGE('',*,*,#1622,.T.);
#2830=ORIENTED_EDGE('',*,*,#1619,.T.);
#2831=ORIENTED_EDGE('',*,*,#1616,.T.);
#2832=ORIENTED_EDGE('',*,*,#1613,.T.);
#2833=ORIENTED_EDGE('',*,*,#1610,.T.);
#2834=ORIENTED_EDGE('',*,*,#1607,.T.);
#2835=ORIENTED_EDGE('',*,*,#1604,.T.);
#2836=ORIENTED_EDGE('',*,*,#1601,.T.);
#2837=ORIENTED_EDGE('',*,*,#1598,.T.);
#2838=ORIENTED_EDGE('',*,*,#1595,.T.);
#2839=ORIENTED_EDGE('',*,*,#1592,.T.);
#2840=ORIENTED_EDGE('',*,*,#1589,.T.);
#2841=ORIENTED_EDGE('',*,*,#1586,.T.);
#2842=ORIENTED_EDGE('',*,*,#1583,.T.);
#2843=ORIENTED_EDGE('',*,*,#1580,.T.);
#2844=ORIENTED_EDGE('',*,*,#1577,.T.);
#2845=ORIENTED_EDGE('',*,*,#1574,.T.);
#2846=ORIENTED_EDGE('',*,*,#1571,.T.);
#2847=ORIENTED_EDGE('',*,*,#1568,.T.);
#2848=ORIENTED_EDGE('',*,*,#1565,.T.);
#2849=ORIENTED_EDGE('',*,*,#1562,.T.);
#2850=ORIENTED_EDGE('',*,*,#1559,.T.);
#2851=ORIENTED_EDGE('',*,*,#1556,.T.);
#2852=ORIENTED_EDGE('',*,*,#1553,.T.);
#2853=ORIENTED_EDGE('',*,*,#1550,.T.);
#2854=ORIENTED_EDGE('',*,*,#1547,.T.);
#2855=ORIENTED_EDGE('',*,*,#1544,.T.);
#2856=ORIENTED_EDGE('',*,*,#1522,.T.);
#2857=ORIENTED_EDGE('',*,*,#1525,.T.);
#2858=ORIENTED_EDGE('',*,*,#1528,.T.);
#2859=ORIENTED_EDGE('',*,*,#1531,.T.);
#2860=ORIENTED_EDGE('',*,*,#1536,.T.);
#2861=ORIENTED_EDGE('',*,*,#1539,.T.);
#2862=ORIENTED_EDGE('',*,*,#1520,.T.);
#2863=ORIENTED_EDGE('',*,*,#2020,.F.);
#2864=ORIENTED_EDGE('',*,*,#1542,.T.);
#2865=ORIENTED_EDGE('',*,*,#1546,.T.);
#2866=ORIENTED_EDGE('',*,*,#1549,.F.);
#2867=ORIENTED_EDGE('',*,*,#1552,.T.);
#2868=ORIENTED_EDGE('',*,*,#1555,.F.);
#2869=ORIENTED_EDGE('',*,*,#1558,.F.);
#2870=ORIENTED_EDGE('',*,*,#1561,.F.);
#2871=ORIENTED_EDGE('',*,*,#1564,.F.);
#2872=ORIENTED_EDGE('',*,*,#1567,.T.);
#2873=ORIENTED_EDGE('',*,*,#1570,.T.);
#2874=ORIENTED_EDGE('',*,*,#1573,.F.);
#2875=ORIENTED_EDGE('',*,*,#1576,.T.);
#2876=ORIENTED_EDGE('',*,*,#1579,.F.);
#2877=ORIENTED_EDGE('',*,*,#1582,.F.);
#2878=ORIENTED_EDGE('',*,*,#1585,.F.);
#2879=ORIENTED_EDGE('',*,*,#1588,.F.);
#2880=ORIENTED_EDGE('',*,*,#1591,.T.);
#2881=ORIENTED_EDGE('',*,*,#1594,.T.);
#2882=ORIENTED_EDGE('',*,*,#1597,.F.);
#2883=ORIENTED_EDGE('',*,*,#1600,.T.);
#2884=ORIENTED_EDGE('',*,*,#1603,.F.);
#2885=ORIENTED_EDGE('',*,*,#1606,.F.);
#2886=ORIENTED_EDGE('',*,*,#1609,.F.);
#2887=ORIENTED_EDGE('',*,*,#1612,.F.);
#2888=ORIENTED_EDGE('',*,*,#1615,.T.);
#2889=ORIENTED_EDGE('',*,*,#1618,.T.);
#2890=ORIENTED_EDGE('',*,*,#1621,.F.);
#2891=ORIENTED_EDGE('',*,*,#1624,.T.);
#2892=ORIENTED_EDGE('',*,*,#1627,.F.);
#2893=ORIENTED_EDGE('',*,*,#1630,.F.);
#2894=ORIENTED_EDGE('',*,*,#1633,.F.);
#2895=ORIENTED_EDGE('',*,*,#1636,.F.);
#2896=ORIENTED_EDGE('',*,*,#1639,.T.);
#2897=ORIENTED_EDGE('',*,*,#1642,.T.);
#2898=ORIENTED_EDGE('',*,*,#1645,.F.);
#2899=ORIENTED_EDGE('',*,*,#1648,.T.);
#2900=ORIENTED_EDGE('',*,*,#1651,.F.);
#2901=ORIENTED_EDGE('',*,*,#1654,.F.);
#2902=ORIENTED_EDGE('',*,*,#1657,.F.);
#2903=ORIENTED_EDGE('',*,*,#1660,.F.);
#2904=ORIENTED_EDGE('',*,*,#1663,.T.);
#2905=ORIENTED_EDGE('',*,*,#1666,.T.);
#2906=ORIENTED_EDGE('',*,*,#1669,.F.);
#2907=ORIENTED_EDGE('',*,*,#1672,.T.);
#2908=ORIENTED_EDGE('',*,*,#1675,.F.);
#2909=ORIENTED_EDGE('',*,*,#1678,.F.);
#2910=ORIENTED_EDGE('',*,*,#1681,.F.);
#2911=ORIENTED_EDGE('',*,*,#1684,.F.);
#2912=ORIENTED_EDGE('',*,*,#1687,.T.);
#2913=ORIENTED_EDGE('',*,*,#1690,.T.);
#2914=ORIENTED_EDGE('',*,*,#1693,.F.);
#2915=ORIENTED_EDGE('',*,*,#1696,.T.);
#2916=ORIENTED_EDGE('',*,*,#1699,.F.);
#2917=ORIENTED_EDGE('',*,*,#1702,.F.);
#2918=ORIENTED_EDGE('',*,*,#1705,.F.);
#2919=ORIENTED_EDGE('',*,*,#1708,.F.);
#2920=ORIENTED_EDGE('',*,*,#1711,.T.);
#2921=ORIENTED_EDGE('',*,*,#1714,.T.);
#2922=ORIENTED_EDGE('',*,*,#1717,.F.);
#2923=ORIENTED_EDGE('',*,*,#1720,.T.);
#2924=ORIENTED_EDGE('',*,*,#1723,.F.);
#2925=ORIENTED_EDGE('',*,*,#1726,.F.);
#2926=ORIENTED_EDGE('',*,*,#1729,.F.);
#2927=ORIENTED_EDGE('',*,*,#1732,.F.);
#2928=ORIENTED_EDGE('',*,*,#1735,.T.);
#2929=ORIENTED_EDGE('',*,*,#1738,.T.);
#2930=ORIENTED_EDGE('',*,*,#1741,.F.);
#2931=ORIENTED_EDGE('',*,*,#1744,.T.);
#2932=ORIENTED_EDGE('',*,*,#1747,.F.);
#2933=ORIENTED_EDGE('',*,*,#1750,.F.);
#2934=ORIENTED_EDGE('',*,*,#1753,.F.);
#2935=ORIENTED_EDGE('',*,*,#1756,.F.);
#2936=ORIENTED_EDGE('',*,*,#1759,.T.);
#2937=ORIENTED_EDGE('',*,*,#1762,.T.);
#2938=ORIENTED_EDGE('',*,*,#1765,.F.);
#2939=ORIENTED_EDGE('',*,*,#1768,.T.);
#2940=ORIENTED_EDGE('',*,*,#1771,.F.);
#2941=ORIENTED_EDGE('',*,*,#1774,.F.);
#2942=ORIENTED_EDGE('',*,*,#1777,.F.);
#2943=ORIENTED_EDGE('',*,*,#1780,.F.);
#2944=ORIENTED_EDGE('',*,*,#1783,.T.);
#2945=ORIENTED_EDGE('',*,*,#1786,.T.);
#2946=ORIENTED_EDGE('',*,*,#1789,.F.);
#2947=ORIENTED_EDGE('',*,*,#1792,.T.);
#2948=ORIENTED_EDGE('',*,*,#1795,.F.);
#2949=ORIENTED_EDGE('',*,*,#1798,.F.);
#2950=ORIENTED_EDGE('',*,*,#1801,.F.);
#2951=ORIENTED_EDGE('',*,*,#1804,.F.);
#2952=ORIENTED_EDGE('',*,*,#1807,.T.);
#2953=ORIENTED_EDGE('',*,*,#1810,.T.);
#2954=ORIENTED_EDGE('',*,*,#1813,.F.);
#2955=ORIENTED_EDGE('',*,*,#1816,.T.);
#2956=ORIENTED_EDGE('',*,*,#1819,.F.);
#2957=ORIENTED_EDGE('',*,*,#1822,.F.);
#2958=ORIENTED_EDGE('',*,*,#1825,.F.);
#2959=ORIENTED_EDGE('',*,*,#1828,.F.);
#2960=ORIENTED_EDGE('',*,*,#1831,.T.);
#2961=ORIENTED_EDGE('',*,*,#1834,.T.);
#2962=ORIENTED_EDGE('',*,*,#1837,.F.);
#2963=ORIENTED_EDGE('',*,*,#1840,.T.);
#2964=ORIENTED_EDGE('',*,*,#1843,.F.);
#2965=ORIENTED_EDGE('',*,*,#1846,.F.);
#2966=ORIENTED_EDGE('',*,*,#1849,.F.);
#2967=ORIENTED_EDGE('',*,*,#1852,.F.);
#2968=ORIENTED_EDGE('',*,*,#1855,.T.);
#2969=ORIENTED_EDGE('',*,*,#1858,.T.);
#2970=ORIENTED_EDGE('',*,*,#1861,.F.);
#2971=ORIENTED_EDGE('',*,*,#1864,.T.);
#2972=ORIENTED_EDGE('',*,*,#1867,.F.);
#2973=ORIENTED_EDGE('',*,*,#1870,.F.);
#2974=ORIENTED_EDGE('',*,*,#1873,.F.);
#2975=ORIENTED_EDGE('',*,*,#1876,.F.);
#2976=ORIENTED_EDGE('',*,*,#1879,.T.);
#2977=ORIENTED_EDGE('',*,*,#1882,.T.);
#2978=ORIENTED_EDGE('',*,*,#1885,.F.);
#2979=ORIENTED_EDGE('',*,*,#1888,.T.);
#2980=ORIENTED_EDGE('',*,*,#1891,.F.);
#2981=ORIENTED_EDGE('',*,*,#1894,.F.);
#2982=ORIENTED_EDGE('',*,*,#1897,.F.);
#2983=ORIENTED_EDGE('',*,*,#1900,.F.);
#2984=ORIENTED_EDGE('',*,*,#1903,.T.);
#2985=ORIENTED_EDGE('',*,*,#1906,.T.);
#2986=ORIENTED_EDGE('',*,*,#1909,.F.);
#2987=ORIENTED_EDGE('',*,*,#1912,.T.);
#2988=ORIENTED_EDGE('',*,*,#1915,.F.);
#2989=ORIENTED_EDGE('',*,*,#1918,.F.);
#2990=ORIENTED_EDGE('',*,*,#1921,.F.);
#2991=ORIENTED_EDGE('',*,*,#1924,.F.);
#2992=ORIENTED_EDGE('',*,*,#1927,.T.);
#2993=ORIENTED_EDGE('',*,*,#1930,.T.);
#2994=ORIENTED_EDGE('',*,*,#1933,.F.);
#2995=ORIENTED_EDGE('',*,*,#1936,.T.);
#2996=ORIENTED_EDGE('',*,*,#1939,.F.);
#2997=ORIENTED_EDGE('',*,*,#1942,.F.);
#2998=ORIENTED_EDGE('',*,*,#1945,.F.);
#2999=ORIENTED_EDGE('',*,*,#1948,.F.);
#3000=ORIENTED_EDGE('',*,*,#1951,.T.);
#3001=ORIENTED_EDGE('',*,*,#1954,.T.);
#3002=ORIENTED_EDGE('',*,*,#1957,.F.);
#3003=ORIENTED_EDGE('',*,*,#1960,.T.);
#3004=ORIENTED_EDGE('',*,*,#1963,.F.);
#3005=ORIENTED_EDGE('',*,*,#1966,.F.);
#3006=ORIENTED_EDGE('',*,*,#1969,.F.);
#3007=ORIENTED_EDGE('',*,*,#1972,.F.);
#3008=ORIENTED_EDGE('',*,*,#1975,.T.);
#3009=ORIENTED_EDGE('',*,*,#1978,.T.);
#3010=ORIENTED_EDGE('',*,*,#1981,.F.);
#3011=ORIENTED_EDGE('',*,*,#1984,.T.);
#3012=ORIENTED_EDGE('',*,*,#1987,.F.);
#3013=ORIENTED_EDGE('',*,*,#1990,.F.);
#3014=ORIENTED_EDGE('',*,*,#1993,.F.);
#3015=ORIENTED_EDGE('',*,*,#1996,.F.);
#3016=ORIENTED_EDGE('',*,*,#1999,.T.);
#3017=ORIENTED_EDGE('',*,*,#2002,.T.);
#3018=ORIENTED_EDGE('',*,*,#2005,.F.);
#3019=ORIENTED_EDGE('',*,*,#2008,.T.);
#3020=ORIENTED_EDGE('',*,*,#2011,.F.);
#3021=ORIENTED_EDGE('',*,*,#2014,.F.);
#3022=ORIENTED_EDGE('',*,*,#2017,.F.);
#3023=ORIENTED_EDGE('',*,*,#1541,.F.);
#3024=ORIENTED_EDGE('',*,*,#1538,.F.);
#3025=ORIENTED_EDGE('',*,*,#1535,.F.);
#3026=ORIENTED_EDGE('',*,*,#1533,.F.);
#3027=ORIENTED_EDGE('',*,*,#1530,.F.);
#3028=ORIENTED_EDGE('',*,*,#1527,.F.);
#3029=ORIENTED_EDGE('',*,*,#1524,.F.);
#3030=CYLINDRICAL_SURFACE('',#3343,25.);
#3031=CYLINDRICAL_SURFACE('',#3348,5.);
#3032=CYLINDRICAL_SURFACE('',#3351,5.);
#3033=CYLINDRICAL_SURFACE('',#3354,5.);
#3034=CYLINDRICAL_SURFACE('',#3357,5.);
#3035=CYLINDRICAL_SURFACE('',#3360,18.);
#3036=CYLINDRICAL_SURFACE('',#3362,5.);
#3037=CYLINDRICAL_SURFACE('',#3365,5.);
#3038=CYLINDRICAL_SURFACE('',#3369,1.99999999999999);
#3039=CYLINDRICAL_SURFACE('',#3372,45.);
#3040=CYLINDRICAL_SURFACE('',#3375,2.);
#3041=CYLINDRICAL_SURFACE('',#3379,0.999999999999993);
#3042=CYLINDRICAL_SURFACE('',#3382,50.0000000047684);
#3043=CYLINDRICAL_SURFACE('',#3385,0.999999999999997);
#3044=CYLINDRICAL_SURFACE('',#3389,1.99999999999999);
#3045=CYLINDRICAL_SURFACE('',#3392,45.);
#3046=CYLINDRICAL_SURFACE('',#3395,2.);
#3047=CYLINDRICAL_SURFACE('',#3399,0.999999999999999);
#3048=CYLINDRICAL_SURFACE('',#3402,50.0000000047684);
#3049=CYLINDRICAL_SURFACE('',#3405,0.999999999999994);
#3050=CYLINDRICAL_SURFACE('',#3409,1.99999999999999);
#3051=CYLINDRICAL_SURFACE('',#3412,45.);
#3052=CYLINDRICAL_SURFACE('',#3415,2.00000000000001);
#3053=CYLINDRICAL_SURFACE('',#3419,0.999999999999996);
#3054=CYLINDRICAL_SURFACE('',#3422,50.0000000047684);
#3055=CYLINDRICAL_SURFACE('',#3425,0.999999999999997);
#3056=CYLINDRICAL_SURFACE('',#3429,1.99999999999999);
#3057=CYLINDRICAL_SURFACE('',#3432,45.);
#3058=CYLINDRICAL_SURFACE('',#3435,2.00000000000001);
#3059=CYLINDRICAL_SURFACE('',#3439,0.999999999999999);
#3060=CYLINDRICAL_SURFACE('',#3442,50.0000000047684);
#3061=CYLINDRICAL_SURFACE('',#3445,0.999999999999998);
#3062=CYLINDRICAL_SURFACE('',#3449,1.99999999999999);
#3063=CYLINDRICAL_SURFACE('',#3452,45.);
#3064=CYLINDRICAL_SURFACE('',#3455,2.);
#3065=CYLINDRICAL_SURFACE('',#3459,0.999999999999993);
#3066=CYLINDRICAL_SURFACE('',#3462,50.0000000047684);
#3067=CYLINDRICAL_SURFACE('',#3465,0.999999999999993);
#3068=CYLINDRICAL_SURFACE('',#3469,1.99999999999999);
#3069=CYLINDRICAL_SURFACE('',#3472,45.);
#3070=CYLINDRICAL_SURFACE('',#3475,2.);
#3071=CYLINDRICAL_SURFACE('',#3479,0.999999999999992);
#3072=CYLINDRICAL_SURFACE('',#3482,50.0000000047684);
#3073=CYLINDRICAL_SURFACE('',#3485,0.999999999999995);
#3074=CYLINDRICAL_SURFACE('',#3489,1.99999999999999);
#3075=CYLINDRICAL_SURFACE('',#3492,45.);
#3076=CYLINDRICAL_SURFACE('',#3495,2.);
#3077=CYLINDRICAL_SURFACE('',#3499,0.999999999999999);
#3078=CYLINDRICAL_SURFACE('',#3502,50.0000000047684);
#3079=CYLINDRICAL_SURFACE('',#3505,0.999999999999994);
#3080=CYLINDRICAL_SURFACE('',#3509,1.99999999999999);
#3081=CYLINDRICAL_SURFACE('',#3512,45.);
#3082=CYLINDRICAL_SURFACE('',#3515,2.00000000000001);
#3083=CYLINDRICAL_SURFACE('',#3519,0.999999999999995);
#3084=CYLINDRICAL_SURFACE('',#3522,50.0000000047684);
#3085=CYLINDRICAL_SURFACE('',#3525,0.999999999999994);
#3086=CYLINDRICAL_SURFACE('',#3529,1.99999999999999);
#3087=CYLINDRICAL_SURFACE('',#3532,45.);
#3088=CYLINDRICAL_SURFACE('',#3535,2.00000000000001);
#3089=CYLINDRICAL_SURFACE('',#3539,0.999999999999999);
#3090=CYLINDRICAL_SURFACE('',#3542,50.0000000047684);
#3091=CYLINDRICAL_SURFACE('',#3545,0.999999999999998);
#3092=CYLINDRICAL_SURFACE('',#3549,1.99999999999999);
#3093=CYLINDRICAL_SURFACE('',#3552,45.);
#3094=CYLINDRICAL_SURFACE('',#3555,2.);
#3095=CYLINDRICAL_SURFACE('',#3559,0.999999999999997);
#3096=CYLINDRICAL_SURFACE('',#3562,50.0000000047684);
#3097=CYLINDRICAL_SURFACE('',#3565,0.999999999999997);
#3098=CYLINDRICAL_SURFACE('',#3569,1.99999999999999);
#3099=CYLINDRICAL_SURFACE('',#3572,45.);
#3100=CYLINDRICAL_SURFACE('',#3575,2.);
#3101=CYLINDRICAL_SURFACE('',#3579,1.);
#3102=CYLINDRICAL_SURFACE('',#3582,50.0000000047684);
#3103=CYLINDRICAL_SURFACE('',#3585,0.999999999999995);
#3104=CYLINDRICAL_SURFACE('',#3589,1.99999999999999);
#3105=CYLINDRICAL_SURFACE('',#3592,45.);
#3106=CYLINDRICAL_SURFACE('',#3595,2.);
#3107=CYLINDRICAL_SURFACE('',#3599,0.999999999999999);
#3108=CYLINDRICAL_SURFACE('',#3602,50.0000000047684);
#3109=CYLINDRICAL_SURFACE('',#3605,0.999999999999995);
#3110=CYLINDRICAL_SURFACE('',#3609,1.99999999999999);
#3111=CYLINDRICAL_SURFACE('',#3612,45.);
#3112=CYLINDRICAL_SURFACE('',#3615,2.00000000000001);
#3113=CYLINDRICAL_SURFACE('',#3619,0.999999999999996);
#3114=CYLINDRICAL_SURFACE('',#3622,50.0000000047684);
#3115=CYLINDRICAL_SURFACE('',#3625,0.999999999999994);
#3116=CYLINDRICAL_SURFACE('',#3629,2.);
#3117=CYLINDRICAL_SURFACE('',#3632,45.);
#3118=CYLINDRICAL_SURFACE('',#3635,2.);
#3119=CYLINDRICAL_SURFACE('',#3639,0.999999999999999);
#3120=CYLINDRICAL_SURFACE('',#3642,50.0000000047684);
#3121=CYLINDRICAL_SURFACE('',#3645,0.999999999999998);
#3122=CYLINDRICAL_SURFACE('',#3649,1.99999999999999);
#3123=CYLINDRICAL_SURFACE('',#3652,45.);
#3124=CYLINDRICAL_SURFACE('',#3655,2.);
#3125=CYLINDRICAL_SURFACE('',#3659,0.999999999999997);
#3126=CYLINDRICAL_SURFACE('',#3662,50.0000000047684);
#3127=CYLINDRICAL_SURFACE('',#3665,0.999999999999992);
#3128=CYLINDRICAL_SURFACE('',#3669,2.);
#3129=CYLINDRICAL_SURFACE('',#3672,45.);
#3130=CYLINDRICAL_SURFACE('',#3675,2.);
#3131=CYLINDRICAL_SURFACE('',#3679,1.);
#3132=CYLINDRICAL_SURFACE('',#3682,50.0000000047684);
#3133=CYLINDRICAL_SURFACE('',#3685,0.999999999999995);
#3134=CYLINDRICAL_SURFACE('',#3689,1.99999999999999);
#3135=CYLINDRICAL_SURFACE('',#3692,45.);
#3136=CYLINDRICAL_SURFACE('',#3695,2.);
#3137=CYLINDRICAL_SURFACE('',#3699,0.999999999999999);
#3138=CYLINDRICAL_SURFACE('',#3702,50.0000000047684);
#3139=CYLINDRICAL_SURFACE('',#3705,0.999999999999994);
#3140=CYLINDRICAL_SURFACE('',#3709,1.99999999999999);
#3141=CYLINDRICAL_SURFACE('',#3712,45.);
#3142=CYLINDRICAL_SURFACE('',#3715,2.00000000000001);
#3143=CYLINDRICAL_SURFACE('',#3719,0.999999999999996);
#3144=CYLINDRICAL_SURFACE('',#3722,50.0000000047684);
#3145=CYLINDRICAL_SURFACE('',#3725,0.999999999999992);
#3146=CYLINDRICAL_SURFACE('',#3729,1.99999999999999);
#3147=CYLINDRICAL_SURFACE('',#3732,45.);
#3148=CYLINDRICAL_SURFACE('',#3735,2.);
#3149=CYLINDRICAL_SURFACE('',#3739,0.999999999999999);
#3150=CYLINDRICAL_SURFACE('',#3742,50.0000000047684);
#3151=CYLINDRICAL_SURFACE('',#3745,0.999999999999998);
#3152=CYLINDRICAL_SURFACE('',#3749,1.99999999999999);
#3153=CYLINDRICAL_SURFACE('',#3752,45.);
#3154=CYLINDRICAL_SURFACE('',#3755,2.);
#3155=CYLINDRICAL_SURFACE('',#3759,0.999999999999997);
#3156=CYLINDRICAL_SURFACE('',#3762,50.0000000047684);
#3157=CYLINDRICAL_SURFACE('',#3765,0.999999999999992);
#3158=ADVANCED_FACE('',(#73),#3030,.T.);
#3159=ADVANCED_FACE('',(#74,#15),#30,.T.);
#3160=ADVANCED_FACE('',(#75),#3031,.F.);
#3161=ADVANCED_FACE('',(#76),#3032,.F.);
#3162=ADVANCED_FACE('',(#77),#3033,.F.);
#3163=ADVANCED_FACE('',(#78),#3034,.F.);
#3164=ADVANCED_FACE('',(#79),#3035,.F.);
#3165=ADVANCED_FACE('',(#80),#3036,.F.);
#3166=ADVANCED_FACE('',(#81),#3037,.F.);
#3167=ADVANCED_FACE('',(#82),#31,.T.);
#3168=ADVANCED_FACE('',(#83),#3038,.F.);
#3169=ADVANCED_FACE('',(#84),#3039,.T.);
#3170=ADVANCED_FACE('',(#85),#3040,.F.);
#3171=ADVANCED_FACE('',(#86),#32,.T.);
#3172=ADVANCED_FACE('',(#87),#3041,.T.);
#3173=ADVANCED_FACE('',(#88),#3042,.T.);
#3174=ADVANCED_FACE('',(#89),#3043,.T.);
#3175=ADVANCED_FACE('',(#90),#33,.T.);
#3176=ADVANCED_FACE('',(#91),#3044,.F.);
#3177=ADVANCED_FACE('',(#92),#3045,.T.);
#3178=ADVANCED_FACE('',(#93),#3046,.F.);
#3179=ADVANCED_FACE('',(#94),#34,.T.);
#3180=ADVANCED_FACE('',(#95),#3047,.T.);
#3181=ADVANCED_FACE('',(#96),#3048,.T.);
#3182=ADVANCED_FACE('',(#97),#3049,.T.);
#3183=ADVANCED_FACE('',(#98),#35,.T.);
#3184=ADVANCED_FACE('',(#99),#3050,.F.);
#3185=ADVANCED_FACE('',(#100),#3051,.T.);
#3186=ADVANCED_FACE('',(#101),#3052,.F.);
#3187=ADVANCED_FACE('',(#102),#36,.T.);
#3188=ADVANCED_FACE('',(#103),#3053,.T.);
#3189=ADVANCED_FACE('',(#104),#3054,.T.);
#3190=ADVANCED_FACE('',(#105),#3055,.T.);
#3191=ADVANCED_FACE('',(#106),#37,.T.);
#3192=ADVANCED_FACE('',(#107),#3056,.F.);
#3193=ADVANCED_FACE('',(#108),#3057,.T.);
#3194=ADVANCED_FACE('',(#109),#3058,.F.);
#3195=ADVANCED_FACE('',(#110),#38,.T.);
#3196=ADVANCED_FACE('',(#111),#3059,.T.);
#3197=ADVANCED_FACE('',(#112),#3060,.T.);
#3198=ADVANCED_FACE('',(#113),#3061,.T.);
#3199=ADVANCED_FACE('',(#114),#39,.T.);
#3200=ADVANCED_FACE('',(#115),#3062,.F.);
#3201=ADVANCED_FACE('',(#116),#3063,.T.);
#3202=ADVANCED_FACE('',(#117),#3064,.F.);
#3203=ADVANCED_FACE('',(#118),#40,.T.);
#3204=ADVANCED_FACE('',(#119),#3065,.T.);
#3205=ADVANCED_FACE('',(#120),#3066,.T.);
#3206=ADVANCED_FACE('',(#121),#3067,.T.);
#3207=ADVANCED_FACE('',(#122),#41,.T.);
#3208=ADVANCED_FACE('',(#123),#3068,.F.);
#3209=ADVANCED_FACE('',(#124),#3069,.T.);
#3210=ADVANCED_FACE('',(#125),#3070,.F.);
#3211=ADVANCED_FACE('',(#126),#42,.T.);
#3212=ADVANCED_FACE('',(#127),#3071,.T.);
#3213=ADVANCED_FACE('',(#128),#3072,.T.);
#3214=ADVANCED_FACE('',(#129),#3073,.T.);
#3215=ADVANCED_FACE('',(#130),#43,.T.);
#3216=ADVANCED_FACE('',(#131),#3074,.F.);
#3217=ADVANCED_FACE('',(#132),#3075,.T.);
#3218=ADVANCED_FACE('',(#133),#3076,.F.);
#3219=ADVANCED_FACE('',(#134),#44,.T.);
#3220=ADVANCED_FACE('',(#135),#3077,.T.);
#3221=ADVANCED_FACE('',(#136),#3078,.T.);
#3222=ADVANCED_FACE('',(#137),#3079,.T.);
#3223=ADVANCED_FACE('',(#138),#45,.T.);
#3224=ADVANCED_FACE('',(#139),#3080,.F.);
#3225=ADVANCED_FACE('',(#140),#3081,.T.);
#3226=ADVANCED_FACE('',(#141),#3082,.F.);
#3227=ADVANCED_FACE('',(#142),#46,.T.);
#3228=ADVANCED_FACE('',(#143),#3083,.T.);
#3229=ADVANCED_FACE('',(#144),#3084,.T.);
#3230=ADVANCED_FACE('',(#145),#3085,.T.);
#3231=ADVANCED_FACE('',(#146),#47,.T.);
#3232=ADVANCED_FACE('',(#147),#3086,.F.);
#3233=ADVANCED_FACE('',(#148),#3087,.T.);
#3234=ADVANCED_FACE('',(#149),#3088,.F.);
#3235=ADVANCED_FACE('',(#150),#48,.T.);
#3236=ADVANCED_FACE('',(#151),#3089,.T.);
#3237=ADVANCED_FACE('',(#152),#3090,.T.);
#3238=ADVANCED_FACE('',(#153),#3091,.T.);
#3239=ADVANCED_FACE('',(#154),#49,.T.);
#3240=ADVANCED_FACE('',(#155),#3092,.F.);
#3241=ADVANCED_FACE('',(#156),#3093,.T.);
#3242=ADVANCED_FACE('',(#157),#3094,.F.);
#3243=ADVANCED_FACE('',(#158),#50,.T.);
#3244=ADVANCED_FACE('',(#159),#3095,.T.);
#3245=ADVANCED_FACE('',(#160),#3096,.T.);
#3246=ADVANCED_FACE('',(#161),#3097,.T.);
#3247=ADVANCED_FACE('',(#162),#51,.T.);
#3248=ADVANCED_FACE('',(#163),#3098,.F.);
#3249=ADVANCED_FACE('',(#164),#3099,.T.);
#3250=ADVANCED_FACE('',(#165),#3100,.F.);
#3251=ADVANCED_FACE('',(#166),#52,.T.);
#3252=ADVANCED_FACE('',(#167),#3101,.T.);
#3253=ADVANCED_FACE('',(#168),#3102,.T.);
#3254=ADVANCED_FACE('',(#169),#3103,.T.);
#3255=ADVANCED_FACE('',(#170),#53,.T.);
#3256=ADVANCED_FACE('',(#171),#3104,.F.);
#3257=ADVANCED_FACE('',(#172),#3105,.T.);
#3258=ADVANCED_FACE('',(#173),#3106,.F.);
#3259=ADVANCED_FACE('',(#174),#54,.T.);
#3260=ADVANCED_FACE('',(#175),#3107,.T.);
#3261=ADVANCED_FACE('',(#176),#3108,.T.);
#3262=ADVANCED_FACE('',(#177),#3109,.T.);
#3263=ADVANCED_FACE('',(#178),#55,.T.);
#3264=ADVANCED_FACE('',(#179),#3110,.F.);
#3265=ADVANCED_FACE('',(#180),#3111,.T.);
#3266=ADVANCED_FACE('',(#181),#3112,.F.);
#3267=ADVANCED_FACE('',(#182),#56,.T.);
#3268=ADVANCED_FACE('',(#183),#3113,.T.);
#3269=ADVANCED_FACE('',(#184),#3114,.T.);
#3270=ADVANCED_FACE('',(#185),#3115,.T.);
#3271=ADVANCED_FACE('',(#186),#57,.T.);
#3272=ADVANCED_FACE('',(#187),#3116,.F.);
#3273=ADVANCED_FACE('',(#188),#3117,.T.);
#3274=ADVANCED_FACE('',(#189),#3118,.F.);
#3275=ADVANCED_FACE('',(#190),#58,.T.);
#3276=ADVANCED_FACE('',(#191),#3119,.T.);
#3277=ADVANCED_FACE('',(#192),#3120,.T.);
#3278=ADVANCED_FACE('',(#193),#3121,.T.);
#3279=ADVANCED_FACE('',(#194),#59,.T.);
#3280=ADVANCED_FACE('',(#195),#3122,.F.);
#3281=ADVANCED_FACE('',(#196),#3123,.T.);
#3282=ADVANCED_FACE('',(#197),#3124,.F.);
#3283=ADVANCED_FACE('',(#198),#60,.T.);
#3284=ADVANCED_FACE('',(#199),#3125,.T.);
#3285=ADVANCED_FACE('',(#200),#3126,.T.);
#3286=ADVANCED_FACE('',(#201),#3127,.T.);
#3287=ADVANCED_FACE('',(#202),#61,.T.);
#3288=ADVANCED_FACE('',(#203),#3128,.F.);
#3289=ADVANCED_FACE('',(#204),#3129,.T.);
#3290=ADVANCED_FACE('',(#205),#3130,.F.);
#3291=ADVANCED_FACE('',(#206),#62,.T.);
#3292=ADVANCED_FACE('',(#207),#3131,.T.);
#3293=ADVANCED_FACE('',(#208),#3132,.T.);
#3294=ADVANCED_FACE('',(#209),#3133,.T.);
#3295=ADVANCED_FACE('',(#210),#63,.T.);
#3296=ADVANCED_FACE('',(#211),#3134,.F.);
#3297=ADVANCED_FACE('',(#212),#3135,.T.);
#3298=ADVANCED_FACE('',(#213),#3136,.F.);
#3299=ADVANCED_FACE('',(#214),#64,.T.);
#3300=ADVANCED_FACE('',(#215),#3137,.T.);
#3301=ADVANCED_FACE('',(#216),#3138,.T.);
#3302=ADVANCED_FACE('',(#217),#3139,.T.);
#3303=ADVANCED_FACE('',(#218),#65,.T.);
#3304=ADVANCED_FACE('',(#219),#3140,.F.);
#3305=ADVANCED_FACE('',(#220),#3141,.T.);
#3306=ADVANCED_FACE('',(#221),#3142,.F.);
#3307=ADVANCED_FACE('',(#222),#66,.T.);
#3308=ADVANCED_FACE('',(#223),#3143,.T.);
#3309=ADVANCED_FACE('',(#224),#3144,.T.);
#3310=ADVANCED_FACE('',(#225),#3145,.T.);
#3311=ADVANCED_FACE('',(#226),#67,.T.);
#3312=ADVANCED_FACE('',(#227),#3146,.F.);
#3313=ADVANCED_FACE('',(#228),#3147,.T.);
#3314=ADVANCED_FACE('',(#229),#3148,.F.);
#3315=ADVANCED_FACE('',(#230),#68,.T.);
#3316=ADVANCED_FACE('',(#231),#3149,.T.);
#3317=ADVANCED_FACE('',(#232),#3150,.T.);
#3318=ADVANCED_FACE('',(#233),#3151,.T.);
#3319=ADVANCED_FACE('',(#234),#69,.T.);
#3320=ADVANCED_FACE('',(#235),#3152,.F.);
#3321=ADVANCED_FACE('',(#236),#3153,.T.);
#3322=ADVANCED_FACE('',(#237),#3154,.F.);
#3323=ADVANCED_FACE('',(#238),#70,.T.);
#3324=ADVANCED_FACE('',(#239),#3155,.T.);
#3325=ADVANCED_FACE('',(#240),#3156,.T.);
#3326=ADVANCED_FACE('',(#241),#3157,.T.);
#3327=ADVANCED_FACE('',(#242,#16,#17,#18,#19,#20,#21,#22),#71,.T.);
#3328=ADVANCED_FACE('',(#243,#23,#24,#25,#26,#27,#28,#29),#72,.F.);
#3329=CLOSED_SHELL('',(#3158,#3159,#3160,#3161,#3162,#3163,#3164,#3165,
#3166,#3167,#3168,#3169,#3170,#3171,#3172,#3173,#3174,#3175,#3176,#3177,
#3178,#3179,#3180,#3181,#3182,#3183,#3184,#3185,#3186,#3187,#3188,#3189,
#3190,#3191,#3192,#3193,#3194,#3195,#3196,#3197,#3198,#3199,#3200,#3201,
#3202,#3203,#3204,#3205,#3206,#3207,#3208,#3209,#3210,#3211,#3212,#3213,
#3214,#3215,#3216,#3217,#3218,#3219,#3220,#3221,#3222,#3223,#3224,#3225,
#3226,#3227,#3228,#3229,#3230,#3231,#3232,#3233,#3234,#3235,#3236,#3237,
#3238,#3239,#3240,#3241,#3242,#3243,#3244,#3245,#3246,#3247,#3248,#3249,
#3250,#3251,#3252,#3253,#3254,#3255,#3256,#3257,#3258,#3259,#3260,#3261,
#3262,#3263,#3264,#3265,#3266,#3267,#3268,#3269,#3270,#3271,#3272,#3273,
#3274,#3275,#3276,#3277,#3278,#3279,#3280,#3281,#3282,#3283,#3284,#3285,
#3286,#3287,#3288,#3289,#3290,#3291,#3292,#3293,#3294,#3295,#3296,#3297,
#3298,#3299,#3300,#3301,#3302,#3303,#3304,#3305,#3306,#3307,#3308,#3309,
#3310,#3311,#3312,#3313,#3314,#3315,#3316,#3317,#3318,#3319,#3320,#3321,
#3322,#3323,#3324,#3325,#3326,#3327,#3328));
#3330=DERIVED_UNIT_ELEMENT(#3332,1.);
#3331=DERIVED_UNIT_ELEMENT(#5891,-3.);
#3332=(
MASS_UNIT()
NAMED_UNIT(*)
SI_UNIT(.KILO.,.GRAM.)
);
#3333=DERIVED_UNIT((#3330,#3331));
#3334=MEASURE_REPRESENTATION_ITEM('density measure',
POSITIVE_RATIO_MEASURE(7850.),#3333);
#3335=PROPERTY_DEFINITION_REPRESENTATION(#3340,#3337);
#3336=PROPERTY_DEFINITION_REPRESENTATION(#3341,#3338);
#3337=REPRESENTATION('material name',(#3339),#5888);
#3338=REPRESENTATION('density',(#3334),#5888);
#3339=DESCRIPTIVE_REPRESENTATION_ITEM('Steel','Steel');
#3340=PROPERTY_DEFINITION('material property','material name',#5898);
#3341=PROPERTY_DEFINITION('material property','density of part',#5898);
#3342=AXIS2_PLACEMENT_3D('',#4874,#3770,#3771);
#3343=AXIS2_PLACEMENT_3D('',#4875,#3772,#3773);
#3344=AXIS2_PLACEMENT_3D('',#4877,#3774,#3775);
#3345=AXIS2_PLACEMENT_3D('',#4880,#3777,#3778);
#3346=AXIS2_PLACEMENT_3D('',#4881,#3779,#3780);
#3347=AXIS2_PLACEMENT_3D('',#4883,#3781,#3782);
#3348=AXIS2_PLACEMENT_3D('',#4884,#3783,#3784);
#3349=AXIS2_PLACEMENT_3D('',#4886,#3785,#3786);
#3350=AXIS2_PLACEMENT_3D('',#4889,#3788,#3789);
#3351=AXIS2_PLACEMENT_3D('',#4890,#3790,#3791);
#3352=AXIS2_PLACEMENT_3D('',#4892,#3792,#3793);
#3353=AXIS2_PLACEMENT_3D('',#4895,#3795,#3796);
#3354=AXIS2_PLACEMENT_3D('',#4896,#3797,#3798);
#3355=AXIS2_PLACEMENT_3D('',#4898,#3799,#3800);
#3356=AXIS2_PLACEMENT_3D('',#4901,#3802,#3803);
#3357=AXIS2_PLACEMENT_3D('',#4902,#3804,#3805);
#3358=AXIS2_PLACEMENT_3D('',#4904,#3806,#3807);
#3359=AXIS2_PLACEMENT_3D('',#4907,#3809,#3810);
#3360=AXIS2_PLACEMENT_3D('',#4908,#3811,#3812);
#3361=AXIS2_PLACEMENT_3D('',#4911,#3814,#3815);
#3362=AXIS2_PLACEMENT_3D('',#4912,#3816,#3817);
#3363=AXIS2_PLACEMENT_3D('',#4914,#3818,#3819);
#3364=AXIS2_PLACEMENT_3D('',#4917,#3821,#3822);
#3365=AXIS2_PLACEMENT_3D('',#4918,#3823,#3824);
#3366=AXIS2_PLACEMENT_3D('',#4920,#3825,#3826);
#3367=AXIS2_PLACEMENT_3D('',#4923,#3828,#3829);
#3368=AXIS2_PLACEMENT_3D('',#4924,#3830,#3831);
#3369=AXIS2_PLACEMENT_3D('',#4933,#3836,#3837);
#3370=AXIS2_PLACEMENT_3D('',#4935,#3838,#3839);
#3371=AXIS2_PLACEMENT_3D('',#4937,#3840,#3841);
#3372=AXIS2_PLACEMENT_3D('',#4939,#3843,#3844);
#3373=AXIS2_PLACEMENT_3D('',#4941,#3845,#3846);
#3374=AXIS2_PLACEMENT_3D('',#4943,#3847,#3848);
#3375=AXIS2_PLACEMENT_3D('',#4945,#3850,#3851);
#3376=AXIS2_PLACEMENT_3D('',#4947,#3852,#3853);
#3377=AXIS2_PLACEMENT_3D('',#4949,#3854,#3855);
#3378=AXIS2_PLACEMENT_3D('',#4951,#3857,#3858);
#3379=AXIS2_PLACEMENT_3D('',#4957,#3862,#3863);
#3380=AXIS2_PLACEMENT_3D('',#4959,#3864,#3865);
#3381=AXIS2_PLACEMENT_3D('',#4961,#3866,#3867);
#3382=AXIS2_PLACEMENT_3D('',#4963,#3869,#3870);
#3383=AXIS2_PLACEMENT_3D('',#4965,#3871,#3872);
#3384=AXIS2_PLACEMENT_3D('',#4967,#3873,#3874);
#3385=AXIS2_PLACEMENT_3D('',#4969,#3876,#3877);
#3386=AXIS2_PLACEMENT_3D('',#4971,#3878,#3879);
#3387=AXIS2_PLACEMENT_3D('',#4973,#3880,#3881);
#3388=AXIS2_PLACEMENT_3D('',#4975,#3883,#3884);
#3389=AXIS2_PLACEMENT_3D('',#4981,#3888,#3889);
#3390=AXIS2_PLACEMENT_3D('',#4983,#3890,#3891);
#3391=AXIS2_PLACEMENT_3D('',#4985,#3892,#3893);
#3392=AXIS2_PLACEMENT_3D('',#4987,#3895,#3896);
#3393=AXIS2_PLACEMENT_3D('',#4989,#3897,#3898);
#3394=AXIS2_PLACEMENT_3D('',#4991,#3899,#3900);
#3395=AXIS2_PLACEMENT_3D('',#4993,#3902,#3903);
#3396=AXIS2_PLACEMENT_3D('',#4995,#3904,#3905);
#3397=AXIS2_PLACEMENT_3D('',#4997,#3906,#3907);
#3398=AXIS2_PLACEMENT_3D('',#4999,#3909,#3910);
#3399=AXIS2_PLACEMENT_3D('',#5005,#3914,#3915);
#3400=AXIS2_PLACEMENT_3D('',#5007,#3916,#3917);
#3401=AXIS2_PLACEMENT_3D('',#5009,#3918,#3919);
#3402=AXIS2_PLACEMENT_3D('',#5011,#3921,#3922);
#3403=AXIS2_PLACEMENT_3D('',#5013,#3923,#3924);
#3404=AXIS2_PLACEMENT_3D('',#5015,#3925,#3926);
#3405=AXIS2_PLACEMENT_3D('',#5017,#3928,#3929);
#3406=AXIS2_PLACEMENT_3D('',#5019,#3930,#3931);
#3407=AXIS2_PLACEMENT_3D('',#5021,#3932,#3933);
#3408=AXIS2_PLACEMENT_3D('',#5023,#3935,#3936);
#3409=AXIS2_PLACEMENT_3D('',#5029,#3940,#3941);
#3410=AXIS2_PLACEMENT_3D('',#5031,#3942,#3943);
#3411=AXIS2_PLACEMENT_3D('',#5033,#3944,#3945);
#3412=AXIS2_PLACEMENT_3D('',#5035,#3947,#3948);
#3413=AXIS2_PLACEMENT_3D('',#5037,#3949,#3950);
#3414=AXIS2_PLACEMENT_3D('',#5039,#3951,#3952);
#3415=AXIS2_PLACEMENT_3D('',#5041,#3954,#3955);
#3416=AXIS2_PLACEMENT_3D('',#5043,#3956,#3957);
#3417=AXIS2_PLACEMENT_3D('',#5045,#3958,#3959);
#3418=AXIS2_PLACEMENT_3D('',#5047,#3961,#3962);
#3419=AXIS2_PLACEMENT_3D('',#5053,#3966,#3967);
#3420=AXIS2_PLACEMENT_3D('',#5055,#3968,#3969);
#3421=AXIS2_PLACEMENT_3D('',#5057,#3970,#3971);
#3422=AXIS2_PLACEMENT_3D('',#5059,#3973,#3974);
#3423=AXIS2_PLACEMENT_3D('',#5061,#3975,#3976);
#3424=AXIS2_PLACEMENT_3D('',#5063,#3977,#3978);
#3425=AXIS2_PLACEMENT_3D('',#5065,#3980,#3981);
#3426=AXIS2_PLACEMENT_3D('',#5067,#3982,#3983);
#3427=AXIS2_PLACEMENT_3D('',#5069,#3984,#3985);
#3428=AXIS2_PLACEMENT_3D('',#5071,#3987,#3988);
#3429=AXIS2_PLACEMENT_3D('',#5077,#3992,#3993);
#3430=AXIS2_PLACEMENT_3D('',#5079,#3994,#3995);
#3431=AXIS2_PLACEMENT_3D('',#5081,#3996,#3997);
#3432=AXIS2_PLACEMENT_3D('',#5083,#3999,#4000);
#3433=AXIS2_PLACEMENT_3D('',#5085,#4001,#4002);
#3434=AXIS2_PLACEMENT_3D('',#5087,#4003,#4004);
#3435=AXIS2_PLACEMENT_3D('',#5089,#4006,#4007);
#3436=AXIS2_PLACEMENT_3D('',#5091,#4008,#4009);
#3437=AXIS2_PLACEMENT_3D('',#5093,#4010,#4011);
#3438=AXIS2_PLACEMENT_3D('',#5095,#4013,#4014);
#3439=AXIS2_PLACEMENT_3D('',#5101,#4018,#4019);
#3440=AXIS2_PLACEMENT_3D('',#5103,#4020,#4021);
#3441=AXIS2_PLACEMENT_3D('',#5105,#4022,#4023);
#3442=AXIS2_PLACEMENT_3D('',#5107,#4025,#4026);
#3443=AXIS2_PLACEMENT_3D('',#5109,#4027,#4028);
#3444=AXIS2_PLACEMENT_3D('',#5111,#4029,#4030);
#3445=AXIS2_PLACEMENT_3D('',#5113,#4032,#4033);
#3446=AXIS2_PLACEMENT_3D('',#5115,#4034,#4035);
#3447=AXIS2_PLACEMENT_3D('',#5117,#4036,#4037);
#3448=AXIS2_PLACEMENT_3D('',#5119,#4039,#4040);
#3449=AXIS2_PLACEMENT_3D('',#5125,#4044,#4045);
#3450=AXIS2_PLACEMENT_3D('',#5127,#4046,#4047);
#3451=AXIS2_PLACEMENT_3D('',#5129,#4048,#4049);
#3452=AXIS2_PLACEMENT_3D('',#5131,#4051,#4052);
#3453=AXIS2_PLACEMENT_3D('',#5133,#4053,#4054);
#3454=AXIS2_PLACEMENT_3D('',#5135,#4055,#4056);
#3455=AXIS2_PLACEMENT_3D('',#5137,#4058,#4059);
#3456=AXIS2_PLACEMENT_3D('',#5139,#4060,#4061);
#3457=AXIS2_PLACEMENT_3D('',#5141,#4062,#4063);
#3458=AXIS2_PLACEMENT_3D('',#5143,#4065,#4066);
#3459=AXIS2_PLACEMENT_3D('',#5149,#4070,#4071);
#3460=AXIS2_PLACEMENT_3D('',#5151,#4072,#4073);
#3461=AXIS2_PLACEMENT_3D('',#5153,#4074,#4075);
#3462=AXIS2_PLACEMENT_3D('',#5155,#4077,#4078);
#3463=AXIS2_PLACEMENT_3D('',#5157,#4079,#4080);
#3464=AXIS2_PLACEMENT_3D('',#5159,#4081,#4082);
#3465=AXIS2_PLACEMENT_3D('',#5161,#4084,#4085);
#3466=AXIS2_PLACEMENT_3D('',#5163,#4086,#4087);
#3467=AXIS2_PLACEMENT_3D('',#5165,#4088,#4089);
#3468=AXIS2_PLACEMENT_3D('',#5167,#4091,#4092);
#3469=AXIS2_PLACEMENT_3D('',#5173,#4096,#4097);
#3470=AXIS2_PLACEMENT_3D('',#5175,#4098,#4099);
#3471=AXIS2_PLACEMENT_3D('',#5177,#4100,#4101);
#3472=AXIS2_PLACEMENT_3D('',#5179,#4103,#4104);
#3473=AXIS2_PLACEMENT_3D('',#5181,#4105,#4106);
#3474=AXIS2_PLACEMENT_3D('',#5183,#4107,#4108);
#3475=AXIS2_PLACEMENT_3D('',#5185,#4110,#4111);
#3476=AXIS2_PLACEMENT_3D('',#5187,#4112,#4113);
#3477=AXIS2_PLACEMENT_3D('',#5189,#4114,#4115);
#3478=AXIS2_PLACEMENT_3D('',#5191,#4117,#4118);
#3479=AXIS2_PLACEMENT_3D('',#5197,#4122,#4123);
#3480=AXIS2_PLACEMENT_3D('',#5199,#4124,#4125);
#3481=AXIS2_PLACEMENT_3D('',#5201,#4126,#4127);
#3482=AXIS2_PLACEMENT_3D('',#5203,#4129,#4130);
#3483=AXIS2_PLACEMENT_3D('',#5205,#4131,#4132);
#3484=AXIS2_PLACEMENT_3D('',#5207,#4133,#4134);
#3485=AXIS2_PLACEMENT_3D('',#5209,#4136,#4137);
#3486=AXIS2_PLACEMENT_3D('',#5211,#4138,#4139);
#3487=AXIS2_PLACEMENT_3D('',#5213,#4140,#4141);
#3488=AXIS2_PLACEMENT_3D('',#5215,#4143,#4144);
#3489=AXIS2_PLACEMENT_3D('',#5221,#4148,#4149);
#3490=AXIS2_PLACEMENT_3D('',#5223,#4150,#4151);
#3491=AXIS2_PLACEMENT_3D('',#5225,#4152,#4153);
#3492=AXIS2_PLACEMENT_3D('',#5227,#4155,#4156);
#3493=AXIS2_PLACEMENT_3D('',#5229,#4157,#4158);
#3494=AXIS2_PLACEMENT_3D('',#5231,#4159,#4160);
#3495=AXIS2_PLACEMENT_3D('',#5233,#4162,#4163);
#3496=AXIS2_PLACEMENT_3D('',#5235,#4164,#4165);
#3497=AXIS2_PLACEMENT_3D('',#5237,#4166,#4167);
#3498=AXIS2_PLACEMENT_3D('',#5239,#4169,#4170);
#3499=AXIS2_PLACEMENT_3D('',#5245,#4174,#4175);
#3500=AXIS2_PLACEMENT_3D('',#5247,#4176,#4177);
#3501=AXIS2_PLACEMENT_3D('',#5249,#4178,#4179);
#3502=AXIS2_PLACEMENT_3D('',#5251,#4181,#4182);
#3503=AXIS2_PLACEMENT_3D('',#5253,#4183,#4184);
#3504=AXIS2_PLACEMENT_3D('',#5255,#4185,#4186);
#3505=AXIS2_PLACEMENT_3D('',#5257,#4188,#4189);
#3506=AXIS2_PLACEMENT_3D('',#5259,#4190,#4191);
#3507=AXIS2_PLACEMENT_3D('',#5261,#4192,#4193);
#3508=AXIS2_PLACEMENT_3D('',#5263,#4195,#4196);
#3509=AXIS2_PLACEMENT_3D('',#5269,#4200,#4201);
#3510=AXIS2_PLACEMENT_3D('',#5271,#4202,#4203);
#3511=AXIS2_PLACEMENT_3D('',#5273,#4204,#4205);
#3512=AXIS2_PLACEMENT_3D('',#5275,#4207,#4208);
#3513=AXIS2_PLACEMENT_3D('',#5277,#4209,#4210);
#3514=AXIS2_PLACEMENT_3D('',#5279,#4211,#4212);
#3515=AXIS2_PLACEMENT_3D('',#5281,#4214,#4215);
#3516=AXIS2_PLACEMENT_3D('',#5283,#4216,#4217);
#3517=AXIS2_PLACEMENT_3D('',#5285,#4218,#4219);
#3518=AXIS2_PLACEMENT_3D('',#5287,#4221,#4222);
#3519=AXIS2_PLACEMENT_3D('',#5293,#4226,#4227);
#3520=AXIS2_PLACEMENT_3D('',#5295,#4228,#4229);
#3521=AXIS2_PLACEMENT_3D('',#5297,#4230,#4231);
#3522=AXIS2_PLACEMENT_3D('',#5299,#4233,#4234);
#3523=AXIS2_PLACEMENT_3D('',#5301,#4235,#4236);
#3524=AXIS2_PLACEMENT_3D('',#5303,#4237,#4238);
#3525=AXIS2_PLACEMENT_3D('',#5305,#4240,#4241);
#3526=AXIS2_PLACEMENT_3D('',#5307,#4242,#4243);
#3527=AXIS2_PLACEMENT_3D('',#5309,#4244,#4245);
#3528=AXIS2_PLACEMENT_3D('',#5311,#4247,#4248);
#3529=AXIS2_PLACEMENT_3D('',#5317,#4252,#4253);
#3530=AXIS2_PLACEMENT_3D('',#5319,#4254,#4255);
#3531=AXIS2_PLACEMENT_3D('',#5321,#4256,#4257);
#3532=AXIS2_PLACEMENT_3D('',#5323,#4259,#4260);
#3533=AXIS2_PLACEMENT_3D('',#5325,#4261,#4262);
#3534=AXIS2_PLACEMENT_3D('',#5327,#4263,#4264);
#3535=AXIS2_PLACEMENT_3D('',#5329,#4266,#4267);
#3536=AXIS2_PLACEMENT_3D('',#5331,#4268,#4269);
#3537=AXIS2_PLACEMENT_3D('',#5333,#4270,#4271);
#3538=AXIS2_PLACEMENT_3D('',#5335,#4273,#4274);
#3539=AXIS2_PLACEMENT_3D('',#5341,#4278,#4279);
#3540=AXIS2_PLACEMENT_3D('',#5343,#4280,#4281);
#3541=AXIS2_PLACEMENT_3D('',#5345,#4282,#4283);
#3542=AXIS2_PLACEMENT_3D('',#5347,#4285,#4286);
#3543=AXIS2_PLACEMENT_3D('',#5349,#4287,#4288);
#3544=AXIS2_PLACEMENT_3D('',#5351,#4289,#4290);
#3545=AXIS2_PLACEMENT_3D('',#5353,#4292,#4293);
#3546=AXIS2_PLACEMENT_3D('',#5355,#4294,#4295);
#3547=AXIS2_PLACEMENT_3D('',#5357,#4296,#4297);
#3548=AXIS2_PLACEMENT_3D('',#5359,#4299,#4300);
#3549=AXIS2_PLACEMENT_3D('',#5365,#4304,#4305);
#3550=AXIS2_PLACEMENT_3D('',#5367,#4306,#4307);
#3551=AXIS2_PLACEMENT_3D('',#5369,#4308,#4309);
#3552=AXIS2_PLACEMENT_3D('',#5371,#4311,#4312);
#3553=AXIS2_PLACEMENT_3D('',#5373,#4313,#4314);
#3554=AXIS2_PLACEMENT_3D('',#5375,#4315,#4316);
#3555=AXIS2_PLACEMENT_3D('',#5377,#4318,#4319);
#3556=AXIS2_PLACEMENT_3D('',#5379,#4320,#4321);
#3557=AXIS2_PLACEMENT_3D('',#5381,#4322,#4323);
#3558=AXIS2_PLACEMENT_3D('',#5383,#4325,#4326);
#3559=AXIS2_PLACEMENT_3D('',#5389,#4330,#4331);
#3560=AXIS2_PLACEMENT_3D('',#5391,#4332,#4333);
#3561=AXIS2_PLACEMENT_3D('',#5393,#4334,#4335);
#3562=AXIS2_PLACEMENT_3D('',#5395,#4337,#4338);
#3563=AXIS2_PLACEMENT_3D('',#5397,#4339,#4340);
#3564=AXIS2_PLACEMENT_3D('',#5399,#4341,#4342);
#3565=AXIS2_PLACEMENT_3D('',#5401,#4344,#4345);
#3566=AXIS2_PLACEMENT_3D('',#5403,#4346,#4347);
#3567=AXIS2_PLACEMENT_3D('',#5405,#4348,#4349);
#3568=AXIS2_PLACEMENT_3D('',#5407,#4351,#4352);
#3569=AXIS2_PLACEMENT_3D('',#5413,#4356,#4357);
#3570=AXIS2_PLACEMENT_3D('',#5415,#4358,#4359);
#3571=AXIS2_PLACEMENT_3D('',#5417,#4360,#4361);
#3572=AXIS2_PLACEMENT_3D('',#5419,#4363,#4364);
#3573=AXIS2_PLACEMENT_3D('',#5421,#4365,#4366);
#3574=AXIS2_PLACEMENT_3D('',#5423,#4367,#4368);
#3575=AXIS2_PLACEMENT_3D('',#5425,#4370,#4371);
#3576=AXIS2_PLACEMENT_3D('',#5427,#4372,#4373);
#3577=AXIS2_PLACEMENT_3D('',#5429,#4374,#4375);
#3578=AXIS2_PLACEMENT_3D('',#5431,#4377,#4378);
#3579=AXIS2_PLACEMENT_3D('',#5437,#4382,#4383);
#3580=AXIS2_PLACEMENT_3D('',#5439,#4384,#4385);
#3581=AXIS2_PLACEMENT_3D('',#5441,#4386,#4387);
#3582=AXIS2_PLACEMENT_3D('',#5443,#4389,#4390);
#3583=AXIS2_PLACEMENT_3D('',#5445,#4391,#4392);
#3584=AXIS2_PLACEMENT_3D('',#5447,#4393,#4394);
#3585=AXIS2_PLACEMENT_3D('',#5449,#4396,#4397);
#3586=AXIS2_PLACEMENT_3D('',#5451,#4398,#4399);
#3587=AXIS2_PLACEMENT_3D('',#5453,#4400,#4401);
#3588=AXIS2_PLACEMENT_3D('',#5455,#4403,#4404);
#3589=AXIS2_PLACEMENT_3D('',#5461,#4408,#4409);
#3590=AXIS2_PLACEMENT_3D('',#5463,#4410,#4411);
#3591=AXIS2_PLACEMENT_3D('',#5465,#4412,#4413);
#3592=AXIS2_PLACEMENT_3D('',#5467,#4415,#4416);
#3593=AXIS2_PLACEMENT_3D('',#5469,#4417,#4418);
#3594=AXIS2_PLACEMENT_3D('',#5471,#4419,#4420);
#3595=AXIS2_PLACEMENT_3D('',#5473,#4422,#4423);
#3596=AXIS2_PLACEMENT_3D('',#5475,#4424,#4425);
#3597=AXIS2_PLACEMENT_3D('',#5477,#4426,#4427);
#3598=AXIS2_PLACEMENT_3D('',#5479,#4429,#4430);
#3599=AXIS2_PLACEMENT_3D('',#5485,#4434,#4435);
#3600=AXIS2_PLACEMENT_3D('',#5487,#4436,#4437);
#3601=AXIS2_PLACEMENT_3D('',#5489,#4438,#4439);
#3602=AXIS2_PLACEMENT_3D('',#5491,#4441,#4442);
#3603=AXIS2_PLACEMENT_3D('',#5493,#4443,#4444);
#3604=AXIS2_PLACEMENT_3D('',#5495,#4445,#4446);
#3605=AXIS2_PLACEMENT_3D('',#5497,#4448,#4449);
#3606=AXIS2_PLACEMENT_3D('',#5499,#4450,#4451);
#3607=AXIS2_PLACEMENT_3D('',#5501,#4452,#4453);
#3608=AXIS2_PLACEMENT_3D('',#5503,#4455,#4456);
#3609=AXIS2_PLACEMENT_3D('',#5509,#4460,#4461);
#3610=AXIS2_PLACEMENT_3D('',#5511,#4462,#4463);
#3611=AXIS2_PLACEMENT_3D('',#5513,#4464,#4465);
#3612=AXIS2_PLACEMENT_3D('',#5515,#4467,#4468);
#3613=AXIS2_PLACEMENT_3D('',#5517,#4469,#4470);
#3614=AXIS2_PLACEMENT_3D('',#5519,#4471,#4472);
#3615=AXIS2_PLACEMENT_3D('',#5521,#4474,#4475);
#3616=AXIS2_PLACEMENT_3D('',#5523,#4476,#4477);
#3617=AXIS2_PLACEMENT_3D('',#5525,#4478,#4479);
#3618=AXIS2_PLACEMENT_3D('',#5527,#4481,#4482);
#3619=AXIS2_PLACEMENT_3D('',#5533,#4486,#4487);
#3620=AXIS2_PLACEMENT_3D('',#5535,#4488,#4489);
#3621=AXIS2_PLACEMENT_3D('',#5537,#4490,#4491);
#3622=AXIS2_PLACEMENT_3D('',#5539,#4493,#4494);
#3623=AXIS2_PLACEMENT_3D('',#5541,#4495,#4496);
#3624=AXIS2_PLACEMENT_3D('',#5543,#4497,#4498);
#3625=AXIS2_PLACEMENT_3D('',#5545,#4500,#4501);
#3626=AXIS2_PLACEMENT_3D('',#5547,#4502,#4503);
#3627=AXIS2_PLACEMENT_3D('',#5549,#4504,#4505);
#3628=AXIS2_PLACEMENT_3D('',#5551,#4507,#4508);
#3629=AXIS2_PLACEMENT_3D('',#5557,#4512,#4513);
#3630=AXIS2_PLACEMENT_3D('',#5559,#4514,#4515);
#3631=AXIS2_PLACEMENT_3D('',#5561,#4516,#4517);
#3632=AXIS2_PLACEMENT_3D('',#5563,#4519,#4520);
#3633=AXIS2_PLACEMENT_3D('',#5565,#4521,#4522);
#3634=AXIS2_PLACEMENT_3D('',#5567,#4523,#4524);
#3635=AXIS2_PLACEMENT_3D('',#5569,#4526,#4527);
#3636=AXIS2_PLACEMENT_3D('',#5571,#4528,#4529);
#3637=AXIS2_PLACEMENT_3D('',#5573,#4530,#4531);
#3638=AXIS2_PLACEMENT_3D('',#5575,#4533,#4534);
#3639=AXIS2_PLACEMENT_3D('',#5581,#4538,#4539);
#3640=AXIS2_PLACEMENT_3D('',#5583,#4540,#4541);
#3641=AXIS2_PLACEMENT_3D('',#5585,#4542,#4543);
#3642=AXIS2_PLACEMENT_3D('',#5587,#4545,#4546);
#3643=AXIS2_PLACEMENT_3D('',#5589,#4547,#4548);
#3644=AXIS2_PLACEMENT_3D('',#5591,#4549,#4550);
#3645=AXIS2_PLACEMENT_3D('',#5593,#4552,#4553);
#3646=AXIS2_PLACEMENT_3D('',#5595,#4554,#4555);
#3647=AXIS2_PLACEMENT_3D('',#5597,#4556,#4557);
#3648=AXIS2_PLACEMENT_3D('',#5599,#4559,#4560);
#3649=AXIS2_PLACEMENT_3D('',#5605,#4564,#4565);
#3650=AXIS2_PLACEMENT_3D('',#5607,#4566,#4567);
#3651=AXIS2_PLACEMENT_3D('',#5609,#4568,#4569);
#3652=AXIS2_PLACEMENT_3D('',#5611,#4571,#4572);
#3653=AXIS2_PLACEMENT_3D('',#5613,#4573,#4574);
#3654=AXIS2_PLACEMENT_3D('',#5615,#4575,#4576);
#3655=AXIS2_PLACEMENT_3D('',#5617,#4578,#4579);
#3656=AXIS2_PLACEMENT_3D('',#5619,#4580,#4581);
#3657=AXIS2_PLACEMENT_3D('',#5621,#4582,#4583);
#3658=AXIS2_PLACEMENT_3D('',#5623,#4585,#4586);
#3659=AXIS2_PLACEMENT_3D('',#5629,#4590,#4591);
#3660=AXIS2_PLACEMENT_3D('',#5631,#4592,#4593);
#3661=AXIS2_PLACEMENT_3D('',#5633,#4594,#4595);
#3662=AXIS2_PLACEMENT_3D('',#5635,#4597,#4598);
#3663=AXIS2_PLACEMENT_3D('',#5637,#4599,#4600);
#3664=AXIS2_PLACEMENT_3D('',#5639,#4601,#4602);
#3665=AXIS2_PLACEMENT_3D('',#5641,#4604,#4605);
#3666=AXIS2_PLACEMENT_3D('',#5643,#4606,#4607);
#3667=AXIS2_PLACEMENT_3D('',#5645,#4608,#4609);
#3668=AXIS2_PLACEMENT_3D('',#5647,#4611,#4612);
#3669=AXIS2_PLACEMENT_3D('',#5653,#4616,#4617);
#3670=AXIS2_PLACEMENT_3D('',#5655,#4618,#4619);
#3671=AXIS2_PLACEMENT_3D('',#5657,#4620,#4621);
#3672=AXIS2_PLACEMENT_3D('',#5659,#4623,#4624);
#3673=AXIS2_PLACEMENT_3D('',#5661,#4625,#4626);
#3674=AXIS2_PLACEMENT_3D('',#5663,#4627,#4628);
#3675=AXIS2_PLACEMENT_3D('',#5665,#4630,#4631);
#3676=AXIS2_PLACEMENT_3D('',#5667,#4632,#4633);
#3677=AXIS2_PLACEMENT_3D('',#5669,#4634,#4635);
#3678=AXIS2_PLACEMENT_3D('',#5671,#4637,#4638);
#3679=AXIS2_PLACEMENT_3D('',#5677,#4642,#4643);
#3680=AXIS2_PLACEMENT_3D('',#5679,#4644,#4645);
#3681=AXIS2_PLACEMENT_3D('',#5681,#4646,#4647);
#3682=AXIS2_PLACEMENT_3D('',#5683,#4649,#4650);
#3683=AXIS2_PLACEMENT_3D('',#5685,#4651,#4652);
#3684=AXIS2_PLACEMENT_3D('',#5687,#4653,#4654);
#3685=AXIS2_PLACEMENT_3D('',#5689,#4656,#4657);
#3686=AXIS2_PLACEMENT_3D('',#5691,#4658,#4659);
#3687=AXIS2_PLACEMENT_3D('',#5693,#4660,#4661);
#3688=AXIS2_PLACEMENT_3D('',#5695,#4663,#4664);
#3689=AXIS2_PLACEMENT_3D('',#5701,#4668,#4669);
#3690=AXIS2_PLACEMENT_3D('',#5703,#4670,#4671);
#3691=AXIS2_PLACEMENT_3D('',#5705,#4672,#4673);
#3692=AXIS2_PLACEMENT_3D('',#5707,#4675,#4676);
#3693=AXIS2_PLACEMENT_3D('',#5709,#4677,#4678);
#3694=AXIS2_PLACEMENT_3D('',#5711,#4679,#4680);
#3695=AXIS2_PLACEMENT_3D('',#5713,#4682,#4683);
#3696=AXIS2_PLACEMENT_3D('',#5715,#4684,#4685);
#3697=AXIS2_PLACEMENT_3D('',#5717,#4686,#4687);
#3698=AXIS2_PLACEMENT_3D('',#5719,#4689,#4690);
#3699=AXIS2_PLACEMENT_3D('',#5725,#4694,#4695);
#3700=AXIS2_PLACEMENT_3D('',#5727,#4696,#4697);
#3701=AXIS2_PLACEMENT_3D('',#5729,#4698,#4699);
#3702=AXIS2_PLACEMENT_3D('',#5731,#4701,#4702);
#3703=AXIS2_PLACEMENT_3D('',#5733,#4703,#4704);
#3704=AXIS2_PLACEMENT_3D('',#5735,#4705,#4706);
#3705=AXIS2_PLACEMENT_3D('',#5737,#4708,#4709);
#3706=AXIS2_PLACEMENT_3D('',#5739,#4710,#4711);
#3707=AXIS2_PLACEMENT_3D('',#5741,#4712,#4713);
#3708=AXIS2_PLACEMENT_3D('',#5743,#4715,#4716);
#3709=AXIS2_PLACEMENT_3D('',#5749,#4720,#4721);
#3710=AXIS2_PLACEMENT_3D('',#5751,#4722,#4723);
#3711=AXIS2_PLACEMENT_3D('',#5753,#4724,#4725);
#3712=AXIS2_PLACEMENT_3D('',#5755,#4727,#4728);
#3713=AXIS2_PLACEMENT_3D('',#5757,#4729,#4730);
#3714=AXIS2_PLACEMENT_3D('',#5759,#4731,#4732);
#3715=AXIS2_PLACEMENT_3D('',#5761,#4734,#4735);
#3716=AXIS2_PLACEMENT_3D('',#5763,#4736,#4737);
#3717=AXIS2_PLACEMENT_3D('',#5765,#4738,#4739);
#3718=AXIS2_PLACEMENT_3D('',#5767,#4741,#4742);
#3719=AXIS2_PLACEMENT_3D('',#5773,#4746,#4747);
#3720=AXIS2_PLACEMENT_3D('',#5775,#4748,#4749);
#3721=AXIS2_PLACEMENT_3D('',#5777,#4750,#4751);
#3722=AXIS2_PLACEMENT_3D('',#5779,#4753,#4754);
#3723=AXIS2_PLACEMENT_3D('',#5781,#4755,#4756);
#3724=AXIS2_PLACEMENT_3D('',#5783,#4757,#4758);
#3725=AXIS2_PLACEMENT_3D('',#5785,#4760,#4761);
#3726=AXIS2_PLACEMENT_3D('',#5787,#4762,#4763);
#3727=AXIS2_PLACEMENT_3D('',#5789,#4764,#4765);
#3728=AXIS2_PLACEMENT_3D('',#5791,#4767,#4768);
#3729=AXIS2_PLACEMENT_3D('',#5797,#4772,#4773);
#3730=AXIS2_PLACEMENT_3D('',#5799,#4774,#4775);
#3731=AXIS2_PLACEMENT_3D('',#5801,#4776,#4777);
#3732=AXIS2_PLACEMENT_3D('',#5803,#4779,#4780);
#3733=AXIS2_PLACEMENT_3D('',#5805,#4781,#4782);
#3734=AXIS2_PLACEMENT_3D('',#5807,#4783,#4784);
#3735=AXIS2_PLACEMENT_3D('',#5809,#4786,#4787);
#3736=AXIS2_PLACEMENT_3D('',#5811,#4788,#4789);
#3737=AXIS2_PLACEMENT_3D('',#5813,#4790,#4791);
#3738=AXIS2_PLACEMENT_3D('',#5815,#4793,#4794);
#3739=AXIS2_PLACEMENT_3D('',#5821,#4798,#4799);
#3740=AXIS2_PLACEMENT_3D('',#5823,#4800,#4801);
#3741=AXIS2_PLACEMENT_3D('',#5825,#4802,#4803);
#3742=AXIS2_PLACEMENT_3D('',#5827,#4805,#4806);
#3743=AXIS2_PLACEMENT_3D('',#5829,#4807,#4808);
#3744=AXIS2_PLACEMENT_3D('',#5831,#4809,#4810);
#3745=AXIS2_PLACEMENT_3D('',#5833,#4812,#4813);
#3746=AXIS2_PLACEMENT_3D('',#5835,#4814,#4815);
#3747=AXIS2_PLACEMENT_3D('',#5837,#4816,#4817);
#3748=AXIS2_PLACEMENT_3D('',#5839,#4819,#4820);
#3749=AXIS2_PLACEMENT_3D('',#5845,#4824,#4825);
#3750=AXIS2_PLACEMENT_3D('',#5847,#4826,#4827);
#3751=AXIS2_PLACEMENT_3D('',#5849,#4828,#4829);
#3752=AXIS2_PLACEMENT_3D('',#5851,#4831,#4832);
#3753=AXIS2_PLACEMENT_3D('',#5853,#4833,#4834);
#3754=AXIS2_PLACEMENT_3D('',#5855,#4835,#4836);
#3755=AXIS2_PLACEMENT_3D('',#5857,#4838,#4839);
#3756=AXIS2_PLACEMENT_3D('',#5859,#4840,#4841);
#3757=AXIS2_PLACEMENT_3D('',#5861,#4842,#4843);
#3758=AXIS2_PLACEMENT_3D('',#5863,#4845,#4846);
#3759=AXIS2_PLACEMENT_3D('',#5869,#4850,#4851);
#3760=AXIS2_PLACEMENT_3D('',#5871,#4852,#4853);
#3761=AXIS2_PLACEMENT_3D('',#5873,#4854,#4855);
#3762=AXIS2_PLACEMENT_3D('',#5875,#4857,#4858);
#3763=AXIS2_PLACEMENT_3D('',#5877,#4859,#4860);
#3764=AXIS2_PLACEMENT_3D('',#5879,#4861,#4862);
#3765=AXIS2_PLACEMENT_3D('',#5881,#4864,#4865);
#3766=AXIS2_PLACEMENT_3D('',#5882,#4866,#4867);
#3767=AXIS2_PLACEMENT_3D('',#5883,#4868,#4869);
#3768=AXIS2_PLACEMENT_3D('',#5884,#4870,#4871);
#3769=AXIS2_PLACEMENT_3D('',#5885,#4872,#4873);
#3770=DIRECTION('axis',(0.,0.,1.));
#3771=DIRECTION('refdir',(1.,0.,0.));
#3772=DIRECTION('center_axis',(0.,0.,1.));
#3773=DIRECTION('ref_axis',(1.,0.,0.));
#3774=DIRECTION('center_axis',(0.,0.,1.));
#3775=DIRECTION('ref_axis',(1.,0.,0.));
#3776=DIRECTION('',(0.,0.,-1.));
#3777=DIRECTION('center_axis',(0.,0.,-1.));
#3778=DIRECTION('ref_axis',(1.,0.,0.));
#3779=DIRECTION('center_axis',(0.,0.,1.));
#3780=DIRECTION('ref_axis',(1.,0.,0.));
#3781=DIRECTION('center_axis',(0.,0.,-1.));
#3782=DIRECTION('ref_axis',(1.,0.,0.));
#3783=DIRECTION('center_axis',(0.,0.,1.));
#3784=DIRECTION('ref_axis',(1.,0.,0.));
#3785=DIRECTION('center_axis',(0.,0.,-1.));
#3786=DIRECTION('ref_axis',(1.,0.,0.));
#3787=DIRECTION('',(0.,0.,-1.));
#3788=DIRECTION('center_axis',(0.,0.,-1.));
#3789=DIRECTION('ref_axis',(1.,0.,0.));
#3790=DIRECTION('center_axis',(0.,0.,1.));
#3791=DIRECTION('ref_axis',(1.,0.,0.));
#3792=DIRECTION('center_axis',(0.,0.,-1.));
#3793=DIRECTION('ref_axis',(1.,0.,0.));
#3794=DIRECTION('',(0.,0.,-1.));
#3795=DIRECTION('center_axis',(0.,0.,-1.));
#3796=DIRECTION('ref_axis',(1.,0.,0.));
#3797=DIRECTION('center_axis',(0.,0.,1.));
#3798=DIRECTION('ref_axis',(1.,0.,0.));
#3799=DIRECTION('center_axis',(0.,0.,-1.));
#3800=DIRECTION('ref_axis',(1.,0.,0.));
#3801=DIRECTION('',(0.,0.,-1.));
#3802=DIRECTION('center_axis',(0.,0.,-1.));
#3803=DIRECTION('ref_axis',(1.,0.,0.));
#3804=DIRECTION('center_axis',(0.,0.,1.));
#3805=DIRECTION('ref_axis',(1.,0.,0.));
#3806=DIRECTION('center_axis',(0.,0.,-1.));
#3807=DIRECTION('ref_axis',(1.,0.,0.));
#3808=DIRECTION('',(0.,0.,-1.));
#3809=DIRECTION('center_axis',(0.,0.,-1.));
#3810=DIRECTION('ref_axis',(1.,0.,0.));
#3811=DIRECTION('center_axis',(0.,0.,1.));
#3812=DIRECTION('ref_axis',(1.,0.,0.));
#3813=DIRECTION('',(0.,0.,-1.));
#3814=DIRECTION('center_axis',(0.,0.,-1.));
#3815=DIRECTION('ref_axis',(1.,0.,0.));
#3816=DIRECTION('center_axis',(0.,0.,1.));
#3817=DIRECTION('ref_axis',(1.,0.,0.));
#3818=DIRECTION('center_axis',(0.,0.,-1.));
#3819=DIRECTION('ref_axis',(1.,0.,0.));
#3820=DIRECTION('',(0.,0.,-1.));
#3821=DIRECTION('center_axis',(0.,0.,-1.));
#3822=DIRECTION('ref_axis',(1.,0.,0.));
#3823=DIRECTION('center_axis',(0.,0.,1.));
#3824=DIRECTION('ref_axis',(1.,0.,0.));
#3825=DIRECTION('center_axis',(0.,0.,-1.));
#3826=DIRECTION('ref_axis',(1.,0.,0.));
#3827=DIRECTION('',(0.,0.,-1.));
#3828=DIRECTION('center_axis',(0.,0.,-1.));
#3829=DIRECTION('ref_axis',(1.,0.,0.));
#3830=DIRECTION('center_axis',(0.587785242682592,-0.809017001356935,0.));
#3831=DIRECTION('ref_axis',(0.809017001356935,0.587785242682592,0.));
#3832=DIRECTION('',(-0.809017001356935,-0.587785242682592,0.));
#3833=DIRECTION('',(0.,0.,1.));
#3834=DIRECTION('',(0.809017001356935,0.587785242682592,0.));
#3835=DIRECTION('',(0.,0.,1.));
#3836=DIRECTION('center_axis',(0.,0.,1.));
#3837=DIRECTION('ref_axis',(-0.587785242682591,0.809017001356935,0.));
#3838=DIRECTION('center_axis',(0.,0.,1.));
#3839=DIRECTION('ref_axis',(-0.587785242682591,0.809017001356935,0.));
#3840=DIRECTION('center_axis',(0.,0.,-1.));
#3841=DIRECTION('ref_axis',(-0.587785242682591,0.809017001356935,0.));
#3842=DIRECTION('',(0.,0.,1.));
#3843=DIRECTION('center_axis',(0.,0.,1.));
#3844=DIRECTION('ref_axis',(0.903826036028116,0.427900101189171,0.));
#3845=DIRECTION('center_axis',(0.,0.,1.));
#3846=DIRECTION('ref_axis',(0.903826036028116,0.427900101189171,0.));
#3847=DIRECTION('center_axis',(0.,0.,1.));
#3848=DIRECTION('ref_axis',(0.903826036028116,0.427900101189171,0.));
#3849=DIRECTION('',(0.,0.,1.));
#3850=DIRECTION('center_axis',(0.,0.,1.));
#3851=DIRECTION('ref_axis',(-0.903826036028116,-0.427900101189172,0.));
#3852=DIRECTION('center_axis',(0.,0.,1.));
#3853=DIRECTION('ref_axis',(-0.903826036028116,-0.427900101189172,0.));
#3854=DIRECTION('center_axis',(0.,0.,-1.));
#3855=DIRECTION('ref_axis',(-0.903826036028116,-0.427900101189172,0.));
#3856=DIRECTION('',(0.,0.,1.));
#3857=DIRECTION('center_axis',(-0.309016994374948,0.951056516295154,0.));
#3858=DIRECTION('ref_axis',(-0.951056516295153,-0.309016994374948,0.));
#3859=DIRECTION('',(-0.951056516295153,-0.309016994374948,0.));
#3860=DIRECTION('',(-0.951056516295153,-0.309016994374948,0.));
#3861=DIRECTION('',(0.,0.,1.));
#3862=DIRECTION('center_axis',(0.,0.,1.));
#3863=DIRECTION('ref_axis',(0.930352946689081,0.366665235040007,0.));
#3864=DIRECTION('center_axis',(0.,0.,1.));
#3865=DIRECTION('ref_axis',(0.930352946689081,0.366665235040007,0.));
#3866=DIRECTION('center_axis',(0.,0.,1.));
#3867=DIRECTION('ref_axis',(0.930352946689081,0.366665235040007,0.));
#3868=DIRECTION('',(0.,0.,1.));
#3869=DIRECTION('center_axis',(0.,0.,1.));
#3870=DIRECTION('ref_axis',(0.968191762571462,0.250209334135971,0.));
#3871=DIRECTION('center_axis',(0.,0.,1.));
#3872=DIRECTION('ref_axis',(0.968191762571462,0.250209334135971,0.));
#3873=DIRECTION('center_axis',(0.,0.,1.));
#3874=DIRECTION('ref_axis',(0.968191762571462,0.250209334135971,0.));
#3875=DIRECTION('',(0.,0.,1.));
#3876=DIRECTION('center_axis',(0.,0.,1.));
#3877=DIRECTION('ref_axis',(0.309016983077869,-0.951056519965797,0.));
#3878=DIRECTION('center_axis',(0.,0.,1.));
#3879=DIRECTION('ref_axis',(0.309016983077869,-0.951056519965797,0.));
#3880=DIRECTION('center_axis',(0.,0.,1.));
#3881=DIRECTION('ref_axis',(0.309016983077869,-0.951056519965797,0.));
#3882=DIRECTION('',(0.,0.,1.));
#3883=DIRECTION('center_axis',(0.309016983077853,-0.951056519965802,0.));
#3884=DIRECTION('ref_axis',(0.951056519965802,0.309016983077853,0.));
#3885=DIRECTION('',(-0.951056519965802,-0.309016983077853,0.));
#3886=DIRECTION('',(0.951056519965802,0.309016983077853,0.));
#3887=DIRECTION('',(0.,0.,1.));
#3888=DIRECTION('center_axis',(0.,0.,1.));
#3889=DIRECTION('ref_axis',(-0.309016983077856,0.951056519965801,0.));
#3890=DIRECTION('center_axis',(0.,0.,1.));
#3891=DIRECTION('ref_axis',(-0.309016983077856,0.951056519965801,0.));
#3892=DIRECTION('center_axis',(0.,0.,-1.));
#3893=DIRECTION('ref_axis',(-0.309016983077856,0.951056519965801,0.));
#3894=DIRECTION('',(0.,0.,1.));
#3895=DIRECTION('center_axis',(0.,0.,1.));
#3896=DIRECTION('ref_axis',(0.991818044323972,0.127659574468085,0.));
#3897=DIRECTION('center_axis',(0.,0.,1.));
#3898=DIRECTION('ref_axis',(0.991818044323972,0.127659574468085,0.));
#3899=DIRECTION('center_axis',(0.,0.,1.));
#3900=DIRECTION('ref_axis',(0.991818044323972,0.127659574468085,0.));
#3901=DIRECTION('',(0.,0.,1.));
#3902=DIRECTION('center_axis',(0.,0.,1.));
#3903=DIRECTION('ref_axis',(-0.991818044323971,-0.127659574468086,0.));
#3904=DIRECTION('center_axis',(0.,0.,1.));
#3905=DIRECTION('ref_axis',(-0.991818044323971,-0.127659574468086,0.));
#3906=DIRECTION('center_axis',(0.,0.,-1.));
#3907=DIRECTION('ref_axis',(-0.991818044323971,-0.127659574468086,0.));
#3908=DIRECTION('',(0.,0.,1.));
#3909=DIRECTION('center_axis',(2.71700116988647E-16,1.,0.));
#3910=DIRECTION('ref_axis',(-1.,2.71700116988647E-16,0.));
#3911=DIRECTION('',(-1.,2.71700116988647E-16,0.));
#3912=DIRECTION('',(-1.,2.71700116988647E-16,0.));
#3913=DIRECTION('',(0.,0.,1.));
#3914=DIRECTION('center_axis',(0.,0.,1.));
#3915=DIRECTION('ref_axis',(0.998124021276895,0.0612244897899534,0.));
#3916=DIRECTION('center_axis',(0.,0.,1.));
#3917=DIRECTION('ref_axis',(0.998124021276895,0.0612244897899534,0.));
#3918=DIRECTION('center_axis',(0.,0.,1.));
#3919=DIRECTION('ref_axis',(0.998124021276895,0.0612244897899534,0.));
#3920=DIRECTION('',(0.,0.,1.));
#3921=DIRECTION('center_axis',(0.,0.,1.));
#3922=DIRECTION('ref_axis',(0.998124021216134,-0.0612244907805295,0.));
#3923=DIRECTION('center_axis',(0.,0.,1.));
#3924=DIRECTION('ref_axis',(0.998124021216134,-0.0612244907805295,0.));
#3925=DIRECTION('center_axis',(0.,0.,1.));
#3926=DIRECTION('ref_axis',(0.998124021216134,-0.0612244907805295,0.));
#3927=DIRECTION('',(0.,0.,1.));
#3928=DIRECTION('center_axis',(0.,0.,1.));
#3929=DIRECTION('ref_axis',(-1.18784537761486E-8,-1.,0.));
#3930=DIRECTION('center_axis',(0.,0.,1.));
#3931=DIRECTION('ref_axis',(-1.18784537761486E-8,-1.,0.));
#3932=DIRECTION('center_axis',(0.,0.,1.));
#3933=DIRECTION('ref_axis',(-1.18784537761486E-8,-1.,0.));
#3934=DIRECTION('',(0.,0.,1.));
#3935=DIRECTION('center_axis',(-1.1878467239016E-8,-1.,0.));
#3936=DIRECTION('ref_axis',(1.,-1.1878467239016E-8,0.));
#3937=DIRECTION('',(-1.,1.1878467239016E-8,0.));
#3938=DIRECTION('',(1.,-1.1878467239016E-8,0.));
#3939=DIRECTION('',(0.,0.,1.));
#3940=DIRECTION('center_axis',(0.,0.,1.));
#3941=DIRECTION('ref_axis',(1.18784670988248E-8,1.,0.));
#3942=DIRECTION('center_axis',(0.,0.,1.));
#3943=DIRECTION('ref_axis',(1.18784670988248E-8,1.,0.));
#3944=DIRECTION('center_axis',(0.,0.,-1.));
#3945=DIRECTION('ref_axis',(1.18784670988248E-8,1.,0.));
#3946=DIRECTION('',(0.,0.,1.));
#3947=DIRECTION('center_axis',(0.,0.,1.));
#3948=DIRECTION('ref_axis',(0.982723992038741,-0.185077160858493,0.));
#3949=DIRECTION('center_axis',(0.,0.,1.));
#3950=DIRECTION('ref_axis',(0.982723992038741,-0.185077160858493,0.));
#3951=DIRECTION('center_axis',(0.,0.,1.));
#3952=DIRECTION('ref_axis',(0.982723992038741,-0.185077160858493,0.));
#3953=DIRECTION('',(0.,0.,1.));
#3954=DIRECTION('center_axis',(0.,0.,1.));
#3955=DIRECTION('ref_axis',(-0.982723992038741,0.185077160858493,0.));
#3956=DIRECTION('center_axis',(0.,0.,1.));
#3957=DIRECTION('ref_axis',(-0.982723992038741,0.185077160858493,0.));
#3958=DIRECTION('center_axis',(0.,0.,-1.));
#3959=DIRECTION('ref_axis',(-0.982723992038741,0.185077160858493,0.));
#3960=DIRECTION('',(0.,0.,1.));
#3961=DIRECTION('center_axis',(0.309016994374948,0.951056516295154,0.));
#3962=DIRECTION('ref_axis',(-0.951056516295153,0.309016994374948,0.));
#3963=DIRECTION('',(-0.951056516295153,0.309016994374948,0.));
#3964=DIRECTION('',(-0.951056516295153,0.309016994374948,0.));
#3965=DIRECTION('',(0.,0.,1.));
#3966=DIRECTION('center_axis',(0.,0.,1.));
#3967=DIRECTION('ref_axis',(0.968191762323145,-0.250209335096842,0.));
#3968=DIRECTION('center_axis',(0.,0.,1.));
#3969=DIRECTION('ref_axis',(0.968191762323145,-0.250209335096842,0.));
#3970=DIRECTION('center_axis',(0.,0.,1.));
#3971=DIRECTION('ref_axis',(0.968191762323145,-0.250209335096842,0.));
#3972=DIRECTION('',(0.,0.,1.));
#3973=DIRECTION('center_axis',(0.,0.,1.));
#3974=DIRECTION('ref_axis',(0.93035294632519,-0.366665235963321,0.));
#3975=DIRECTION('center_axis',(0.,0.,1.));
#3976=DIRECTION('ref_axis',(0.93035294632519,-0.366665235963321,0.));
#3977=DIRECTION('center_axis',(0.,0.,1.));
#3978=DIRECTION('ref_axis',(0.93035294632519,-0.366665235963321,0.));
#3979=DIRECTION('',(0.,0.,1.));
#3980=DIRECTION('center_axis',(0.,0.,1.));
#3981=DIRECTION('ref_axis',(-0.309017005672035,-0.951056512624507,0.));
#3982=DIRECTION('center_axis',(0.,0.,1.));
#3983=DIRECTION('ref_axis',(-0.309017005672035,-0.951056512624507,0.));
#3984=DIRECTION('center_axis',(0.,0.,1.));
#3985=DIRECTION('ref_axis',(-0.309017005672035,-0.951056512624507,0.));
#3986=DIRECTION('',(0.,0.,1.));
#3987=DIRECTION('center_axis',(-0.309017005672042,-0.951056512624505,0.));
#3988=DIRECTION('ref_axis',(0.951056512624505,-0.309017005672042,0.));
#3989=DIRECTION('',(-0.951056512624505,0.309017005672042,0.));
#3990=DIRECTION('',(0.951056512624505,-0.309017005672042,0.));
#3991=DIRECTION('',(0.,0.,1.));
#3992=DIRECTION('center_axis',(0.,0.,1.));
#3993=DIRECTION('ref_axis',(0.30901700567204,0.951056512624506,0.));
#3994=DIRECTION('center_axis',(0.,0.,1.));
#3995=DIRECTION('ref_axis',(0.30901700567204,0.951056512624506,0.));
#3996=DIRECTION('center_axis',(0.,0.,-1.));
#3997=DIRECTION('ref_axis',(0.30901700567204,0.951056512624506,0.));
#3998=DIRECTION('',(0.,0.,1.));
#3999=DIRECTION('center_axis',(0.,0.,1.));
#4000=DIRECTION('ref_axis',(0.877434068372091,-0.479697254171838,0.));
#4001=DIRECTION('center_axis',(0.,0.,1.));
#4002=DIRECTION('ref_axis',(0.877434068372091,-0.479697254171838,0.));
#4003=DIRECTION('center_axis',(0.,0.,1.));
#4004=DIRECTION('ref_axis',(0.877434068372091,-0.479697254171838,0.));
#4005=DIRECTION('',(0.,0.,1.));
#4006=DIRECTION('center_axis',(0.,0.,1.));
#4007=DIRECTION('ref_axis',(-0.877434068372092,0.479697254171836,0.));
#4008=DIRECTION('center_axis',(0.,0.,1.));
#4009=DIRECTION('ref_axis',(-0.877434068372092,0.479697254171836,0.));
#4010=DIRECTION('center_axis',(0.,0.,-1.));
#4011=DIRECTION('ref_axis',(-0.877434068372092,0.479697254171836,0.));
#4012=DIRECTION('',(0.,0.,1.));
#4013=DIRECTION('center_axis',(0.587785252292472,0.809016994374948,0.));
#4014=DIRECTION('ref_axis',(-0.809016994374948,0.587785252292472,0.));
#4015=DIRECTION('',(-0.809016994374948,0.587785252292472,0.));
#4016=DIRECTION('',(-0.809016994374948,0.587785252292472,0.));
#4017=DIRECTION('',(0.,0.,1.));
#4018=DIRECTION('center_axis',(0.,0.,1.));
#4019=DIRECTION('ref_axis',(0.843486147884534,-0.537150926953412,0.));
#4020=DIRECTION('center_axis',(0.,0.,1.));
#4021=DIRECTION('ref_axis',(0.843486147884534,-0.537150926953412,0.));
#4022=DIRECTION('center_axis',(0.,0.,1.));
#4023=DIRECTION('ref_axis',(0.843486147884534,-0.537150926953412,0.));
#4024=DIRECTION('',(0.,0.,1.));
#4025=DIRECTION('center_axis',(0.,0.,1.));
#4026=DIRECTION('ref_axis',(0.771512442897801,-0.636214233143104,0.));
#4027=DIRECTION('center_axis',(0.,0.,1.));
#4028=DIRECTION('ref_axis',(0.771512442897801,-0.636214233143104,0.));
#4029=DIRECTION('center_axis',(0.,0.,1.));
#4030=DIRECTION('ref_axis',(0.771512442897801,-0.636214233143104,0.));
#4031=DIRECTION('',(0.,0.,1.));
#4032=DIRECTION('center_axis',(0.,0.,1.));
#4033=DIRECTION('ref_axis',(-0.587785261902344,-0.809016987392967,0.));
#4034=DIRECTION('center_axis',(0.,0.,1.));
#4035=DIRECTION('ref_axis',(-0.587785261902344,-0.809016987392967,0.));
#4036=DIRECTION('center_axis',(0.,0.,1.));
#4037=DIRECTION('ref_axis',(-0.587785261902344,-0.809016987392967,0.));
#4038=DIRECTION('',(0.,0.,1.));
#4039=DIRECTION('center_axis',(-0.587785261902355,-0.809016987392959,0.));
#4040=DIRECTION('ref_axis',(0.809016987392959,-0.587785261902355,0.));
#4041=DIRECTION('',(-0.809016987392959,0.587785261902355,0.));
#4042=DIRECTION('',(0.809016987392959,-0.587785261902355,0.));
#4043=DIRECTION('',(0.,0.,1.));
#4044=DIRECTION('center_axis',(0.,0.,1.));
#4045=DIRECTION('ref_axis',(0.587785261902354,0.80901698739296,0.));
#4046=DIRECTION('center_axis',(0.,0.,1.));
#4047=DIRECTION('ref_axis',(0.587785261902354,0.80901698739296,0.));
#4048=DIRECTION('center_axis',(0.,0.,-1.));
#4049=DIRECTION('ref_axis',(0.587785261902354,0.80901698739296,0.));
#4050=DIRECTION('',(0.,0.,1.));
#4051=DIRECTION('center_axis',(0.,0.,1.));
#4052=DIRECTION('ref_axis',(0.686254784650548,-0.727361237999545,0.));
#4053=DIRECTION('center_axis',(0.,0.,1.));
#4054=DIRECTION('ref_axis',(0.686254784650548,-0.727361237999545,0.));
#4055=DIRECTION('center_axis',(0.,0.,1.));
#4056=DIRECTION('ref_axis',(0.686254784650548,-0.727361237999545,0.));
#4057=DIRECTION('',(0.,0.,1.));
#4058=DIRECTION('center_axis',(0.,0.,1.));
#4059=DIRECTION('ref_axis',(-0.686254784650547,0.727361237999545,0.));
#4060=DIRECTION('center_axis',(0.,0.,1.));
#4061=DIRECTION('ref_axis',(-0.686254784650547,0.727361237999545,0.));
#4062=DIRECTION('center_axis',(0.,0.,-1.));
#4063=DIRECTION('ref_axis',(-0.686254784650547,0.727361237999545,0.));
#4064=DIRECTION('',(0.,0.,1.));
#4065=DIRECTION('center_axis',(0.809016994374947,0.587785252292474,0.));
#4066=DIRECTION('ref_axis',(-0.587785252292474,0.809016994374947,0.));
#4067=DIRECTION('',(-0.587785252292474,0.809016994374947,0.));
#4068=DIRECTION('',(-0.587785252292474,0.809016994374947,0.));
#4069=DIRECTION('',(0.,0.,1.));
#4070=DIRECTION('center_axis',(0.,0.,1.));
#4071=DIRECTION('ref_axis',(0.636214232377425,-0.771512443529204,0.));
#4072=DIRECTION('center_axis',(0.,0.,1.));
#4073=DIRECTION('ref_axis',(0.636214232377425,-0.771512443529204,0.));
#4074=DIRECTION('center_axis',(0.,0.,1.));
#4075=DIRECTION('ref_axis',(0.636214232377425,-0.771512443529204,0.));
#4076=DIRECTION('',(0.,0.,1.));
#4077=DIRECTION('center_axis',(0.,0.,1.));
#4078=DIRECTION('ref_axis',(0.537150926116302,-0.843486148417624,0.));
#4079=DIRECTION('center_axis',(0.,0.,1.));
#4080=DIRECTION('ref_axis',(0.537150926116302,-0.843486148417624,0.));
#4081=DIRECTION('center_axis',(0.,0.,1.));
#4082=DIRECTION('ref_axis',(0.537150926116302,-0.843486148417624,0.));
#4083=DIRECTION('',(0.,0.,1.));
#4084=DIRECTION('center_axis',(0.,0.,1.));
#4085=DIRECTION('ref_axis',(-0.809017001356925,-0.587785242682605,0.));
#4086=DIRECTION('center_axis',(0.,0.,1.));
#4087=DIRECTION('ref_axis',(-0.809017001356925,-0.587785242682605,0.));
#4088=DIRECTION('center_axis',(0.,0.,1.));
#4089=DIRECTION('ref_axis',(-0.809017001356925,-0.587785242682605,0.));
#4090=DIRECTION('',(0.,0.,1.));
#4091=DIRECTION('center_axis',(-0.809017001356934,-0.587785242682593,0.));
#4092=DIRECTION('ref_axis',(0.587785242682593,-0.809017001356934,0.));
#4093=DIRECTION('',(-0.587785242682593,0.809017001356934,0.));
#4094=DIRECTION('',(0.587785242682593,-0.809017001356934,0.));
#4095=DIRECTION('',(0.,0.,1.));
#4096=DIRECTION('center_axis',(0.,0.,1.));
#4097=DIRECTION('ref_axis',(0.809017001356935,0.587785242682591,0.));
#4098=DIRECTION('center_axis',(0.,0.,1.));
#4099=DIRECTION('ref_axis',(0.809017001356935,0.587785242682591,0.));
#4100=DIRECTION('center_axis',(0.,0.,-1.));
#4101=DIRECTION('ref_axis',(0.809017001356935,0.587785242682591,0.));
#4102=DIRECTION('',(0.,0.,1.));
#4103=DIRECTION('center_axis',(0.,0.,1.));
#4104=DIRECTION('ref_axis',(0.427900101189171,-0.903826036028116,0.));
#4105=DIRECTION('center_axis',(0.,0.,1.));
#4106=DIRECTION('ref_axis',(0.427900101189171,-0.903826036028116,0.));
#4107=DIRECTION('center_axis',(0.,0.,1.));
#4108=DIRECTION('ref_axis',(0.427900101189171,-0.903826036028116,0.));
#4109=DIRECTION('',(0.,0.,1.));
#4110=DIRECTION('center_axis',(0.,0.,1.));
#4111=DIRECTION('ref_axis',(-0.427900101189172,0.903826036028116,0.));
#4112=DIRECTION('center_axis',(0.,0.,1.));
#4113=DIRECTION('ref_axis',(-0.427900101189172,0.903826036028116,0.));
#4114=DIRECTION('center_axis',(0.,0.,-1.));
#4115=DIRECTION('ref_axis',(-0.427900101189172,0.903826036028116,0.));
#4116=DIRECTION('',(0.,0.,1.));
#4117=DIRECTION('center_axis',(0.951056516295153,0.309016994374949,0.));
#4118=DIRECTION('ref_axis',(-0.309016994374949,0.951056516295153,0.));
#4119=DIRECTION('',(-0.309016994374949,0.951056516295153,0.));
#4120=DIRECTION('',(-0.309016994374949,0.951056516295153,0.));
#4121=DIRECTION('',(0.,0.,1.));
#4122=DIRECTION('center_axis',(0.,0.,1.));
#4123=DIRECTION('ref_axis',(0.366665235040005,-0.930352946689082,0.));
#4124=DIRECTION('center_axis',(0.,0.,1.));
#4125=DIRECTION('ref_axis',(0.366665235040005,-0.930352946689082,0.));
#4126=DIRECTION('center_axis',(0.,0.,1.));
#4127=DIRECTION('ref_axis',(0.366665235040005,-0.930352946689082,0.));
#4128=DIRECTION('',(0.,0.,1.));
#4129=DIRECTION('center_axis',(0.,0.,1.));
#4130=DIRECTION('ref_axis',(0.250209334135971,-0.968191762571462,0.));
#4131=DIRECTION('center_axis',(0.,0.,1.));
#4132=DIRECTION('ref_axis',(0.250209334135971,-0.968191762571462,0.));
#4133=DIRECTION('center_axis',(0.,0.,1.));
#4134=DIRECTION('ref_axis',(0.250209334135971,-0.968191762571462,0.));
#4135=DIRECTION('',(0.,0.,1.));
#4136=DIRECTION('center_axis',(0.,0.,1.));
#4137=DIRECTION('ref_axis',(-0.951056519965797,-0.309016983077869,0.));
#4138=DIRECTION('center_axis',(0.,0.,1.));
#4139=DIRECTION('ref_axis',(-0.951056519965797,-0.309016983077869,0.));
#4140=DIRECTION('center_axis',(0.,0.,1.));
#4141=DIRECTION('ref_axis',(-0.951056519965797,-0.309016983077869,0.));
#4142=DIRECTION('',(0.,0.,1.));
#4143=DIRECTION('center_axis',(-0.951056519965802,-0.309016983077853,0.));
#4144=DIRECTION('ref_axis',(0.309016983077853,-0.951056519965802,0.));
#4145=DIRECTION('',(-0.309016983077853,0.951056519965802,0.));
#4146=DIRECTION('',(0.309016983077853,-0.951056519965802,0.));
#4147=DIRECTION('',(0.,0.,1.));
#4148=DIRECTION('center_axis',(0.,0.,1.));
#4149=DIRECTION('ref_axis',(0.951056519965801,0.309016983077856,0.));
#4150=DIRECTION('center_axis',(0.,0.,1.));
#4151=DIRECTION('ref_axis',(0.951056519965801,0.309016983077856,0.));
#4152=DIRECTION('center_axis',(0.,0.,-1.));
#4153=DIRECTION('ref_axis',(0.951056519965801,0.309016983077856,0.));
#4154=DIRECTION('',(0.,0.,1.));
#4155=DIRECTION('center_axis',(0.,0.,1.));
#4156=DIRECTION('ref_axis',(0.127659574468085,-0.991818044323972,0.));
#4157=DIRECTION('center_axis',(0.,0.,1.));
#4158=DIRECTION('ref_axis',(0.127659574468085,-0.991818044323972,0.));
#4159=DIRECTION('center_axis',(0.,0.,1.));
#4160=DIRECTION('ref_axis',(0.127659574468085,-0.991818044323972,0.));
#4161=DIRECTION('',(0.,0.,1.));
#4162=DIRECTION('center_axis',(0.,0.,1.));
#4163=DIRECTION('ref_axis',(-0.127659574468086,0.991818044323971,0.));
#4164=DIRECTION('center_axis',(0.,0.,1.));
#4165=DIRECTION('ref_axis',(-0.127659574468086,0.991818044323971,0.));
#4166=DIRECTION('center_axis',(0.,0.,-1.));
#4167=DIRECTION('ref_axis',(-0.127659574468086,0.991818044323971,0.));
#4168=DIRECTION('',(0.,0.,1.));
#4169=DIRECTION('center_axis',(1.,-1.35850058494324E-16,0.));
#4170=DIRECTION('ref_axis',(1.35850058494324E-16,1.,0.));
#4171=DIRECTION('',(1.35850058494324E-16,1.,0.));
#4172=DIRECTION('',(1.35850058494324E-16,1.,0.));
#4173=DIRECTION('',(0.,0.,1.));
#4174=DIRECTION('center_axis',(0.,0.,1.));
#4175=DIRECTION('ref_axis',(0.0612244897899534,-0.998124021276895,0.));
#4176=DIRECTION('center_axis',(0.,0.,1.));
#4177=DIRECTION('ref_axis',(0.0612244897899534,-0.998124021276895,0.));
#4178=DIRECTION('center_axis',(0.,0.,1.));
#4179=DIRECTION('ref_axis',(0.0612244897899534,-0.998124021276895,0.));
#4180=DIRECTION('',(0.,0.,1.));
#4181=DIRECTION('center_axis',(0.,0.,1.));
#4182=DIRECTION('ref_axis',(-0.0612244907805294,-0.998124021216134,0.));
#4183=DIRECTION('center_axis',(0.,0.,1.));
#4184=DIRECTION('ref_axis',(-0.0612244907805294,-0.998124021216134,0.));
#4185=DIRECTION('center_axis',(0.,0.,1.));
#4186=DIRECTION('ref_axis',(-0.0612244907805294,-0.998124021216134,0.));
#4187=DIRECTION('',(0.,0.,1.));
#4188=DIRECTION('center_axis',(0.,0.,1.));
#4189=DIRECTION('ref_axis',(-1.,1.18784537761486E-8,0.));
#4190=DIRECTION('center_axis',(0.,0.,1.));
#4191=DIRECTION('ref_axis',(-1.,1.18784537761486E-8,0.));
#4192=DIRECTION('center_axis',(0.,0.,1.));
#4193=DIRECTION('ref_axis',(-1.,1.18784537761486E-8,0.));
#4194=DIRECTION('',(0.,0.,1.));
#4195=DIRECTION('center_axis',(-1.,1.1878467103166E-8,0.));
#4196=DIRECTION('ref_axis',(-1.1878467103166E-8,-1.,0.));
#4197=DIRECTION('',(1.1878467103166E-8,1.,0.));
#4198=DIRECTION('',(-1.1878467103166E-8,-1.,0.));
#4199=DIRECTION('',(0.,0.,1.));
#4200=DIRECTION('center_axis',(0.,0.,1.));
#4201=DIRECTION('ref_axis',(1.,-1.18784715397169E-8,0.));
#4202=DIRECTION('center_axis',(0.,0.,1.));
#4203=DIRECTION('ref_axis',(1.,-1.18784715397169E-8,0.));
#4204=DIRECTION('center_axis',(0.,0.,-1.));
#4205=DIRECTION('ref_axis',(1.,-1.18784715397169E-8,0.));
#4206=DIRECTION('',(0.,0.,1.));
#4207=DIRECTION('center_axis',(0.,0.,1.));
#4208=DIRECTION('ref_axis',(-0.185077160858493,-0.982723992038741,0.));
#4209=DIRECTION('center_axis',(0.,0.,1.));
#4210=DIRECTION('ref_axis',(-0.185077160858493,-0.982723992038741,0.));
#4211=DIRECTION('center_axis',(0.,0.,1.));
#4212=DIRECTION('ref_axis',(-0.185077160858493,-0.982723992038741,0.));
#4213=DIRECTION('',(0.,0.,1.));
#4214=DIRECTION('center_axis',(0.,0.,1.));
#4215=DIRECTION('ref_axis',(0.185077160858491,0.982723992038742,0.));
#4216=DIRECTION('center_axis',(0.,0.,1.));
#4217=DIRECTION('ref_axis',(0.185077160858491,0.982723992038742,0.));
#4218=DIRECTION('center_axis',(0.,0.,-1.));
#4219=DIRECTION('ref_axis',(0.185077160858491,0.982723992038742,0.));
#4220=DIRECTION('',(0.,0.,1.));
#4221=DIRECTION('center_axis',(0.951056516295153,-0.309016994374949,0.));
#4222=DIRECTION('ref_axis',(0.309016994374949,0.951056516295153,0.));
#4223=DIRECTION('',(0.309016994374949,0.951056516295153,0.));
#4224=DIRECTION('',(0.309016994374949,0.951056516295153,0.));
#4225=DIRECTION('',(0.,0.,1.));
#4226=DIRECTION('center_axis',(0.,0.,1.));
#4227=DIRECTION('ref_axis',(-0.250209335096839,-0.968191762323145,0.));
#4228=DIRECTION('center_axis',(0.,0.,1.));
#4229=DIRECTION('ref_axis',(-0.250209335096839,-0.968191762323145,0.));
#4230=DIRECTION('center_axis',(0.,0.,1.));
#4231=DIRECTION('ref_axis',(-0.250209335096839,-0.968191762323145,0.));
#4232=DIRECTION('',(0.,0.,1.));
#4233=DIRECTION('center_axis',(0.,0.,1.));
#4234=DIRECTION('ref_axis',(-0.366665235963321,-0.93035294632519,0.));
#4235=DIRECTION('center_axis',(0.,0.,1.));
#4236=DIRECTION('ref_axis',(-0.366665235963321,-0.93035294632519,0.));
#4237=DIRECTION('center_axis',(0.,0.,1.));
#4238=DIRECTION('ref_axis',(-0.366665235963321,-0.93035294632519,0.));
#4239=DIRECTION('',(0.,0.,1.));
#4240=DIRECTION('center_axis',(0.,0.,1.));
#4241=DIRECTION('ref_axis',(-0.95105651262451,0.309017005672027,0.));
#4242=DIRECTION('center_axis',(0.,0.,1.));
#4243=DIRECTION('ref_axis',(-0.95105651262451,0.309017005672027,0.));
#4244=DIRECTION('center_axis',(0.,0.,1.));
#4245=DIRECTION('ref_axis',(-0.95105651262451,0.309017005672027,0.));
#4246=DIRECTION('',(0.,0.,1.));
#4247=DIRECTION('center_axis',(-0.951056512624505,0.309017005672041,0.));
#4248=DIRECTION('ref_axis',(-0.309017005672041,-0.951056512624505,0.));
#4249=DIRECTION('',(0.309017005672041,0.951056512624505,0.));
#4250=DIRECTION('',(-0.309017005672041,-0.951056512624505,0.));
#4251=DIRECTION('',(0.,0.,1.));
#4252=DIRECTION('center_axis',(0.,0.,1.));
#4253=DIRECTION('ref_axis',(0.951056512624506,-0.30901700567204,0.));
#4254=DIRECTION('center_axis',(0.,0.,1.));
#4255=DIRECTION('ref_axis',(0.951056512624506,-0.30901700567204,0.));
#4256=DIRECTION('center_axis',(0.,0.,-1.));
#4257=DIRECTION('ref_axis',(0.951056512624506,-0.30901700567204,0.));
#4258=DIRECTION('',(0.,0.,1.));
#4259=DIRECTION('center_axis',(0.,0.,1.));
#4260=DIRECTION('ref_axis',(-0.479697254171838,-0.877434068372091,0.));
#4261=DIRECTION('center_axis',(0.,0.,1.));
#4262=DIRECTION('ref_axis',(-0.479697254171838,-0.877434068372091,0.));
#4263=DIRECTION('center_axis',(0.,0.,1.));
#4264=DIRECTION('ref_axis',(-0.479697254171838,-0.877434068372091,0.));
#4265=DIRECTION('',(0.,0.,1.));
#4266=DIRECTION('center_axis',(0.,0.,1.));
#4267=DIRECTION('ref_axis',(0.479697254171836,0.877434068372092,0.));
#4268=DIRECTION('center_axis',(0.,0.,1.));
#4269=DIRECTION('ref_axis',(0.479697254171836,0.877434068372092,0.));
#4270=DIRECTION('center_axis',(0.,0.,-1.));
#4271=DIRECTION('ref_axis',(0.479697254171836,0.877434068372092,0.));
#4272=DIRECTION('',(0.,0.,1.));
#4273=DIRECTION('center_axis',(0.809016994374947,-0.587785252292474,0.));
#4274=DIRECTION('ref_axis',(0.587785252292474,0.809016994374947,0.));
#4275=DIRECTION('',(0.587785252292474,0.809016994374947,0.));
#4276=DIRECTION('',(0.587785252292474,0.809016994374947,0.));
#4277=DIRECTION('',(0.,0.,1.));
#4278=DIRECTION('center_axis',(0.,0.,1.));
#4279=DIRECTION('ref_axis',(-0.537150926953412,-0.843486147884534,0.));
#4280=DIRECTION('center_axis',(0.,0.,1.));
#4281=DIRECTION('ref_axis',(-0.537150926953412,-0.843486147884534,0.));
#4282=DIRECTION('center_axis',(0.,0.,1.));
#4283=DIRECTION('ref_axis',(-0.537150926953412,-0.843486147884534,0.));
#4284=DIRECTION('',(0.,0.,1.));
#4285=DIRECTION('center_axis',(0.,0.,1.));
#4286=DIRECTION('ref_axis',(-0.636214233143103,-0.771512442897801,0.));
#4287=DIRECTION('center_axis',(0.,0.,1.));
#4288=DIRECTION('ref_axis',(-0.636214233143103,-0.771512442897801,0.));
#4289=DIRECTION('center_axis',(0.,0.,1.));
#4290=DIRECTION('ref_axis',(-0.636214233143103,-0.771512442897801,0.));
#4291=DIRECTION('',(0.,0.,1.));
#4292=DIRECTION('center_axis',(0.,0.,1.));
#4293=DIRECTION('ref_axis',(-0.809016987392967,0.587785261902344,0.));
#4294=DIRECTION('center_axis',(0.,0.,1.));
#4295=DIRECTION('ref_axis',(-0.809016987392967,0.587785261902344,0.));
#4296=DIRECTION('center_axis',(0.,0.,1.));
#4297=DIRECTION('ref_axis',(-0.809016987392967,0.587785261902344,0.));
#4298=DIRECTION('',(0.,0.,1.));
#4299=DIRECTION('center_axis',(-0.809016987392959,0.587785261902355,0.));
#4300=DIRECTION('ref_axis',(-0.587785261902355,-0.809016987392959,0.));
#4301=DIRECTION('',(0.587785261902355,0.809016987392959,0.));
#4302=DIRECTION('',(-0.587785261902355,-0.809016987392959,0.));
#4303=DIRECTION('',(0.,0.,1.));
#4304=DIRECTION('center_axis',(0.,0.,1.));
#4305=DIRECTION('ref_axis',(0.809016987392961,-0.587785261902353,0.));
#4306=DIRECTION('center_axis',(0.,0.,1.));
#4307=DIRECTION('ref_axis',(0.809016987392961,-0.587785261902353,0.));
#4308=DIRECTION('center_axis',(0.,0.,-1.));
#4309=DIRECTION('ref_axis',(0.809016987392961,-0.587785261902353,0.));
#4310=DIRECTION('',(0.,0.,1.));
#4311=DIRECTION('center_axis',(0.,0.,1.));
#4312=DIRECTION('ref_axis',(-0.727361237999545,-0.686254784650548,0.));
#4313=DIRECTION('center_axis',(0.,0.,1.));
#4314=DIRECTION('ref_axis',(-0.727361237999545,-0.686254784650548,0.));
#4315=DIRECTION('center_axis',(0.,0.,1.));
#4316=DIRECTION('ref_axis',(-0.727361237999545,-0.686254784650548,0.));
#4317=DIRECTION('',(0.,0.,1.));
#4318=DIRECTION('center_axis',(0.,0.,1.));
#4319=DIRECTION('ref_axis',(0.727361237999544,0.686254784650548,0.));
#4320=DIRECTION('center_axis',(0.,0.,1.));
#4321=DIRECTION('ref_axis',(0.727361237999544,0.686254784650548,0.));
#4322=DIRECTION('center_axis',(0.,0.,-1.));
#4323=DIRECTION('ref_axis',(0.727361237999544,0.686254784650548,0.));
#4324=DIRECTION('',(0.,0.,1.));
#4325=DIRECTION('center_axis',(0.587785252292472,-0.809016994374948,0.));
#4326=DIRECTION('ref_axis',(0.809016994374948,0.587785252292472,0.));
#4327=DIRECTION('',(0.809016994374948,0.587785252292472,0.));
#4328=DIRECTION('',(0.809016994374948,0.587785252292472,0.));
#4329=DIRECTION('',(0.,0.,1.));
#4330=DIRECTION('center_axis',(0.,0.,1.));
#4331=DIRECTION('ref_axis',(-0.771512443529206,-0.636214232377423,0.));
#4332=DIRECTION('center_axis',(0.,0.,1.));
#4333=DIRECTION('ref_axis',(-0.771512443529206,-0.636214232377423,0.));
#4334=DIRECTION('center_axis',(0.,0.,1.));
#4335=DIRECTION('ref_axis',(-0.771512443529206,-0.636214232377423,0.));
#4336=DIRECTION('',(0.,0.,1.));
#4337=DIRECTION('center_axis',(0.,0.,1.));
#4338=DIRECTION('ref_axis',(-0.843486148417625,-0.537150926116302,0.));
#4339=DIRECTION('center_axis',(0.,0.,1.));
#4340=DIRECTION('ref_axis',(-0.843486148417625,-0.537150926116302,0.));
#4341=DIRECTION('center_axis',(0.,0.,1.));
#4342=DIRECTION('ref_axis',(-0.843486148417625,-0.537150926116302,0.));
#4343=DIRECTION('',(0.,0.,1.));
#4344=DIRECTION('center_axis',(0.,0.,1.));
#4345=DIRECTION('ref_axis',(-0.587785242682603,0.809017001356927,0.));
#4346=DIRECTION('center_axis',(0.,0.,1.));
#4347=DIRECTION('ref_axis',(-0.587785242682603,0.809017001356927,0.));
#4348=DIRECTION('center_axis',(0.,0.,1.));
#4349=DIRECTION('ref_axis',(-0.587785242682603,0.809017001356927,0.));
#4350=DIRECTION('',(0.,0.,1.));
#4351=DIRECTION('center_axis',(-0.587785242682591,0.809017001356935,0.));
#4352=DIRECTION('ref_axis',(-0.809017001356935,-0.587785242682591,0.));
#4353=DIRECTION('',(0.809017001356935,0.587785242682591,0.));
#4354=DIRECTION('',(-0.809017001356935,-0.587785242682591,0.));
#4355=DIRECTION('',(0.,0.,1.));
#4356=DIRECTION('center_axis',(0.,0.,1.));
#4357=DIRECTION('ref_axis',(0.58778524268259,-0.809017001356936,0.));
#4358=DIRECTION('center_axis',(0.,0.,1.));
#4359=DIRECTION('ref_axis',(0.58778524268259,-0.809017001356936,0.));
#4360=DIRECTION('center_axis',(0.,0.,-1.));
#4361=DIRECTION('ref_axis',(0.58778524268259,-0.809017001356936,0.));
#4362=DIRECTION('',(0.,0.,1.));
#4363=DIRECTION('center_axis',(0.,0.,1.));
#4364=DIRECTION('ref_axis',(-0.903826036028116,-0.427900101189171,0.));
#4365=DIRECTION('center_axis',(0.,0.,1.));
#4366=DIRECTION('ref_axis',(-0.903826036028116,-0.427900101189171,0.));
#4367=DIRECTION('center_axis',(0.,0.,1.));
#4368=DIRECTION('ref_axis',(-0.903826036028116,-0.427900101189171,0.));
#4369=DIRECTION('',(0.,0.,1.));
#4370=DIRECTION('center_axis',(0.,0.,1.));
#4371=DIRECTION('ref_axis',(0.903826036028115,0.427900101189174,0.));
#4372=DIRECTION('center_axis',(0.,0.,1.));
#4373=DIRECTION('ref_axis',(0.903826036028115,0.427900101189174,0.));
#4374=DIRECTION('center_axis',(0.,0.,-1.));
#4375=DIRECTION('ref_axis',(0.903826036028115,0.427900101189174,0.));
#4376=DIRECTION('',(0.,0.,1.));
#4377=DIRECTION('center_axis',(0.309016994374948,-0.951056516295154,0.));
#4378=DIRECTION('ref_axis',(0.951056516295153,0.309016994374948,0.));
#4379=DIRECTION('',(0.951056516295153,0.309016994374948,0.));
#4380=DIRECTION('',(0.951056516295153,0.309016994374948,0.));
#4381=DIRECTION('',(0.,0.,1.));
#4382=DIRECTION('center_axis',(0.,0.,1.));
#4383=DIRECTION('ref_axis',(-0.930352946689082,-0.366665235040004,0.));
#4384=DIRECTION('center_axis',(0.,0.,1.));
#4385=DIRECTION('ref_axis',(-0.930352946689082,-0.366665235040004,0.));
#4386=DIRECTION('center_axis',(0.,0.,1.));
#4387=DIRECTION('ref_axis',(-0.930352946689082,-0.366665235040004,0.));
#4388=DIRECTION('',(0.,0.,1.));
#4389=DIRECTION('center_axis',(0.,0.,1.));
#4390=DIRECTION('ref_axis',(-0.968191762571462,-0.250209334135971,0.));
#4391=DIRECTION('center_axis',(0.,0.,1.));
#4392=DIRECTION('ref_axis',(-0.968191762571462,-0.250209334135971,0.));
#4393=DIRECTION('center_axis',(0.,0.,1.));
#4394=DIRECTION('ref_axis',(-0.968191762571462,-0.250209334135971,0.));
#4395=DIRECTION('',(0.,0.,1.));
#4396=DIRECTION('center_axis',(0.,0.,1.));
#4397=DIRECTION('ref_axis',(-0.309016983077869,0.951056519965797,0.));
#4398=DIRECTION('center_axis',(0.,0.,1.));
#4399=DIRECTION('ref_axis',(-0.309016983077869,0.951056519965797,0.));
#4400=DIRECTION('center_axis',(0.,0.,1.));
#4401=DIRECTION('ref_axis',(-0.309016983077869,0.951056519965797,0.));
#4402=DIRECTION('',(0.,0.,1.));
#4403=DIRECTION('center_axis',(-0.309016983077854,0.951056519965802,0.));
#4404=DIRECTION('ref_axis',(-0.951056519965802,-0.309016983077854,0.));
#4405=DIRECTION('',(0.951056519965802,0.309016983077854,0.));
#4406=DIRECTION('',(-0.951056519965802,-0.309016983077854,0.));
#4407=DIRECTION('',(0.,0.,1.));
#4408=DIRECTION('center_axis',(0.,0.,1.));
#4409=DIRECTION('ref_axis',(0.309016983077855,-0.951056519965801,0.));
#4410=DIRECTION('center_axis',(0.,0.,1.));
#4411=DIRECTION('ref_axis',(0.309016983077855,-0.951056519965801,0.));
#4412=DIRECTION('center_axis',(0.,0.,-1.));
#4413=DIRECTION('ref_axis',(0.309016983077855,-0.951056519965801,0.));
#4414=DIRECTION('',(0.,0.,1.));
#4415=DIRECTION('center_axis',(0.,0.,1.));
#4416=DIRECTION('ref_axis',(-0.991818044323971,-0.127659574468085,0.));
#4417=DIRECTION('center_axis',(0.,0.,1.));
#4418=DIRECTION('ref_axis',(-0.991818044323971,-0.127659574468085,0.));
#4419=DIRECTION('center_axis',(0.,0.,1.));
#4420=DIRECTION('ref_axis',(-0.991818044323971,-0.127659574468085,0.));
#4421=DIRECTION('',(0.,0.,1.));
#4422=DIRECTION('center_axis',(0.,0.,1.));
#4423=DIRECTION('ref_axis',(0.991818044323971,0.127659574468086,0.));
#4424=DIRECTION('center_axis',(0.,0.,1.));
#4425=DIRECTION('ref_axis',(0.991818044323971,0.127659574468086,0.));
#4426=DIRECTION('center_axis',(0.,0.,-1.));
#4427=DIRECTION('ref_axis',(0.991818044323971,0.127659574468086,0.));
#4428=DIRECTION('',(0.,0.,1.));
#4429=DIRECTION('center_axis',(2.71700116988647E-16,-1.,0.));
#4430=DIRECTION('ref_axis',(1.,2.71700116988647E-16,0.));
#4431=DIRECTION('',(1.,2.71700116988647E-16,0.));
#4432=DIRECTION('',(1.,2.71700116988647E-16,0.));
#4433=DIRECTION('',(0.,0.,1.));
#4434=DIRECTION('center_axis',(0.,0.,1.));
#4435=DIRECTION('ref_axis',(-0.998124021276895,-0.0612244897899534,0.));
#4436=DIRECTION('center_axis',(0.,0.,1.));
#4437=DIRECTION('ref_axis',(-0.998124021276895,-0.0612244897899534,0.));
#4438=DIRECTION('center_axis',(0.,0.,1.));
#4439=DIRECTION('ref_axis',(-0.998124021276895,-0.0612244897899534,0.));
#4440=DIRECTION('',(0.,0.,1.));
#4441=DIRECTION('center_axis',(0.,0.,1.));
#4442=DIRECTION('ref_axis',(-0.998124021216134,0.0612244907805291,0.));
#4443=DIRECTION('center_axis',(0.,0.,1.));
#4444=DIRECTION('ref_axis',(-0.998124021216134,0.0612244907805291,0.));
#4445=DIRECTION('center_axis',(0.,0.,1.));
#4446=DIRECTION('ref_axis',(-0.998124021216134,0.0612244907805291,0.));
#4447=DIRECTION('',(0.,0.,1.));
#4448=DIRECTION('center_axis',(0.,0.,1.));
#4449=DIRECTION('ref_axis',(1.18784537761486E-8,1.,0.));
#4450=DIRECTION('center_axis',(0.,0.,1.));
#4451=DIRECTION('ref_axis',(1.18784537761486E-8,1.,0.));
#4452=DIRECTION('center_axis',(0.,0.,1.));
#4453=DIRECTION('ref_axis',(1.18784537761486E-8,1.,0.));
#4454=DIRECTION('',(0.,0.,1.));
#4455=DIRECTION('center_axis',(1.18784666956158E-8,1.,0.));
#4456=DIRECTION('ref_axis',(-1.,1.18784666956158E-8,0.));
#4457=DIRECTION('',(1.,-1.18784666956158E-8,0.));
#4458=DIRECTION('',(-1.,1.18784666956158E-8,0.));
#4459=DIRECTION('',(0.,0.,1.));
#4460=DIRECTION('center_axis',(0.,0.,1.));
#4461=DIRECTION('ref_axis',(-1.18784670988248E-8,-1.,0.));
#4462=DIRECTION('center_axis',(0.,0.,1.));
#4463=DIRECTION('ref_axis',(-1.18784670988248E-8,-1.,0.));
#4464=DIRECTION('center_axis',(0.,0.,-1.));
#4465=DIRECTION('ref_axis',(-1.18784670988248E-8,-1.,0.));
#4466=DIRECTION('',(0.,0.,1.));
#4467=DIRECTION('center_axis',(0.,0.,1.));
#4468=DIRECTION('ref_axis',(-0.982723992038741,0.185077160858493,0.));
#4469=DIRECTION('center_axis',(0.,0.,1.));
#4470=DIRECTION('ref_axis',(-0.982723992038741,0.185077160858493,0.));
#4471=DIRECTION('center_axis',(0.,0.,1.));
#4472=DIRECTION('ref_axis',(-0.982723992038741,0.185077160858493,0.));
#4473=DIRECTION('',(0.,0.,1.));
#4474=DIRECTION('center_axis',(0.,0.,1.));
#4475=DIRECTION('ref_axis',(0.982723992038741,-0.185077160858493,0.));
#4476=DIRECTION('center_axis',(0.,0.,1.));
#4477=DIRECTION('ref_axis',(0.982723992038741,-0.185077160858493,0.));
#4478=DIRECTION('center_axis',(0.,0.,-1.));
#4479=DIRECTION('ref_axis',(0.982723992038741,-0.185077160858493,0.));
#4480=DIRECTION('',(0.,0.,1.));
#4481=DIRECTION('center_axis',(-0.309016994374948,-0.951056516295154,0.));
#4482=DIRECTION('ref_axis',(0.951056516295153,-0.309016994374948,0.));
#4483=DIRECTION('',(0.951056516295153,-0.309016994374948,0.));
#4484=DIRECTION('',(0.951056516295153,-0.309016994374948,0.));
#4485=DIRECTION('',(0.,0.,1.));
#4486=DIRECTION('center_axis',(0.,0.,1.));
#4487=DIRECTION('ref_axis',(-0.968191762323144,0.250209335096843,0.));
#4488=DIRECTION('center_axis',(0.,0.,1.));
#4489=DIRECTION('ref_axis',(-0.968191762323144,0.250209335096843,0.));
#4490=DIRECTION('center_axis',(0.,0.,1.));
#4491=DIRECTION('ref_axis',(-0.968191762323144,0.250209335096843,0.));
#4492=DIRECTION('',(0.,0.,1.));
#4493=DIRECTION('center_axis',(0.,0.,1.));
#4494=DIRECTION('ref_axis',(-0.93035294632519,0.366665235963321,0.));
#4495=DIRECTION('center_axis',(0.,0.,1.));
#4496=DIRECTION('ref_axis',(-0.93035294632519,0.366665235963321,0.));
#4497=DIRECTION('center_axis',(0.,0.,1.));
#4498=DIRECTION('ref_axis',(-0.93035294632519,0.366665235963321,0.));
#4499=DIRECTION('',(0.,0.,1.));
#4500=DIRECTION('center_axis',(0.,0.,1.));
#4501=DIRECTION('ref_axis',(0.309017005672027,0.95105651262451,0.));
#4502=DIRECTION('center_axis',(0.,0.,1.));
#4503=DIRECTION('ref_axis',(0.309017005672027,0.95105651262451,0.));
#4504=DIRECTION('center_axis',(0.,0.,1.));
#4505=DIRECTION('ref_axis',(0.309017005672027,0.95105651262451,0.));
#4506=DIRECTION('',(0.,0.,1.));
#4507=DIRECTION('center_axis',(0.309017005672041,0.951056512624505,0.));
#4508=DIRECTION('ref_axis',(-0.951056512624505,0.309017005672041,0.));
#4509=DIRECTION('',(0.951056512624505,-0.309017005672041,0.));
#4510=DIRECTION('',(-0.951056512624505,0.309017005672041,0.));
#4511=DIRECTION('',(0.,0.,1.));
#4512=DIRECTION('center_axis',(0.,0.,1.));
#4513=DIRECTION('ref_axis',(-0.309017005672039,-0.951056512624506,0.));
#4514=DIRECTION('center_axis',(0.,0.,1.));
#4515=DIRECTION('ref_axis',(-0.309017005672039,-0.951056512624506,0.));
#4516=DIRECTION('center_axis',(0.,0.,-1.));
#4517=DIRECTION('ref_axis',(-0.309017005672039,-0.951056512624506,0.));
#4518=DIRECTION('',(0.,0.,1.));
#4519=DIRECTION('center_axis',(0.,0.,1.));
#4520=DIRECTION('ref_axis',(-0.877434068372091,0.479697254171838,0.));
#4521=DIRECTION('center_axis',(0.,0.,1.));
#4522=DIRECTION('ref_axis',(-0.877434068372091,0.479697254171838,0.));
#4523=DIRECTION('center_axis',(0.,0.,1.));
#4524=DIRECTION('ref_axis',(-0.877434068372091,0.479697254171838,0.));
#4525=DIRECTION('',(0.,0.,1.));
#4526=DIRECTION('center_axis',(0.,0.,1.));
#4527=DIRECTION('ref_axis',(0.87743406837209,-0.47969725417184,0.));
#4528=DIRECTION('center_axis',(0.,0.,1.));
#4529=DIRECTION('ref_axis',(0.87743406837209,-0.47969725417184,0.));
#4530=DIRECTION('center_axis',(0.,0.,-1.));
#4531=DIRECTION('ref_axis',(0.87743406837209,-0.47969725417184,0.));
#4532=DIRECTION('',(0.,0.,1.));
#4533=DIRECTION('center_axis',(-0.587785252292474,-0.809016994374947,0.));
#4534=DIRECTION('ref_axis',(0.809016994374947,-0.587785252292474,0.));
#4535=DIRECTION('',(0.809016994374947,-0.587785252292474,0.));
#4536=DIRECTION('',(0.809016994374947,-0.587785252292474,0.));
#4537=DIRECTION('',(0.,0.,1.));
#4538=DIRECTION('center_axis',(0.,0.,1.));
#4539=DIRECTION('ref_axis',(-0.843486147884534,0.537150926953412,0.));
#4540=DIRECTION('center_axis',(0.,0.,1.));
#4541=DIRECTION('ref_axis',(-0.843486147884534,0.537150926953412,0.));
#4542=DIRECTION('center_axis',(0.,0.,1.));
#4543=DIRECTION('ref_axis',(-0.843486147884534,0.537150926953412,0.));
#4544=DIRECTION('',(0.,0.,1.));
#4545=DIRECTION('center_axis',(0.,0.,1.));
#4546=DIRECTION('ref_axis',(-0.771512442897801,0.636214233143104,0.));
#4547=DIRECTION('center_axis',(0.,0.,1.));
#4548=DIRECTION('ref_axis',(-0.771512442897801,0.636214233143104,0.));
#4549=DIRECTION('center_axis',(0.,0.,1.));
#4550=DIRECTION('ref_axis',(-0.771512442897801,0.636214233143104,0.));
#4551=DIRECTION('',(0.,0.,1.));
#4552=DIRECTION('center_axis',(0.,0.,1.));
#4553=DIRECTION('ref_axis',(0.587785261902344,0.809016987392967,0.));
#4554=DIRECTION('center_axis',(0.,0.,1.));
#4555=DIRECTION('ref_axis',(0.587785261902344,0.809016987392967,0.));
#4556=DIRECTION('center_axis',(0.,0.,1.));
#4557=DIRECTION('ref_axis',(0.587785261902344,0.809016987392967,0.));
#4558=DIRECTION('',(0.,0.,1.));
#4559=DIRECTION('center_axis',(0.587785261902355,0.809016987392959,0.));
#4560=DIRECTION('ref_axis',(-0.809016987392959,0.587785261902355,0.));
#4561=DIRECTION('',(0.809016987392959,-0.587785261902355,0.));
#4562=DIRECTION('',(-0.809016987392959,0.587785261902355,0.));
#4563=DIRECTION('',(0.,0.,1.));
#4564=DIRECTION('center_axis',(0.,0.,1.));
#4565=DIRECTION('ref_axis',(-0.587785261902354,-0.80901698739296,0.));
#4566=DIRECTION('center_axis',(0.,0.,1.));
#4567=DIRECTION('ref_axis',(-0.587785261902354,-0.80901698739296,0.));
#4568=DIRECTION('center_axis',(0.,0.,-1.));
#4569=DIRECTION('ref_axis',(-0.587785261902354,-0.80901698739296,0.));
#4570=DIRECTION('',(0.,0.,1.));
#4571=DIRECTION('center_axis',(0.,0.,1.));
#4572=DIRECTION('ref_axis',(-0.686254784650548,0.727361237999545,0.));
#4573=DIRECTION('center_axis',(0.,0.,1.));
#4574=DIRECTION('ref_axis',(-0.686254784650548,0.727361237999545,0.));
#4575=DIRECTION('center_axis',(0.,0.,1.));
#4576=DIRECTION('ref_axis',(-0.686254784650548,0.727361237999545,0.));
#4577=DIRECTION('',(0.,0.,1.));
#4578=DIRECTION('center_axis',(0.,0.,1.));
#4579=DIRECTION('ref_axis',(0.686254784650548,-0.727361237999544,0.));
#4580=DIRECTION('center_axis',(0.,0.,1.));
#4581=DIRECTION('ref_axis',(0.686254784650548,-0.727361237999544,0.));
#4582=DIRECTION('center_axis',(0.,0.,-1.));
#4583=DIRECTION('ref_axis',(0.686254784650548,-0.727361237999544,0.));
#4584=DIRECTION('',(0.,0.,1.));
#4585=DIRECTION('center_axis',(-0.809016994374948,-0.587785252292472,0.));
#4586=DIRECTION('ref_axis',(0.587785252292472,-0.809016994374948,0.));
#4587=DIRECTION('',(0.587785252292472,-0.809016994374948,0.));
#4588=DIRECTION('',(0.587785252292472,-0.809016994374948,0.));
#4589=DIRECTION('',(0.,0.,1.));
#4590=DIRECTION('center_axis',(0.,0.,1.));
#4591=DIRECTION('ref_axis',(-0.636214232377423,0.771512443529206,0.));
#4592=DIRECTION('center_axis',(0.,0.,1.));
#4593=DIRECTION('ref_axis',(-0.636214232377423,0.771512443529206,0.));
#4594=DIRECTION('center_axis',(0.,0.,1.));
#4595=DIRECTION('ref_axis',(-0.636214232377423,0.771512443529206,0.));
#4596=DIRECTION('',(0.,0.,1.));
#4597=DIRECTION('center_axis',(0.,0.,1.));
#4598=DIRECTION('ref_axis',(-0.537150926116302,0.843486148417624,0.));
#4599=DIRECTION('center_axis',(0.,0.,1.));
#4600=DIRECTION('ref_axis',(-0.537150926116302,0.843486148417624,0.));
#4601=DIRECTION('center_axis',(0.,0.,1.));
#4602=DIRECTION('ref_axis',(-0.537150926116302,0.843486148417624,0.));
#4603=DIRECTION('',(0.,0.,1.));
#4604=DIRECTION('center_axis',(0.,0.,1.));
#4605=DIRECTION('ref_axis',(0.809017001356931,0.587785242682597,0.));
#4606=DIRECTION('center_axis',(0.,0.,1.));
#4607=DIRECTION('ref_axis',(0.809017001356931,0.587785242682597,0.));
#4608=DIRECTION('center_axis',(0.,0.,1.));
#4609=DIRECTION('ref_axis',(0.809017001356931,0.587785242682597,0.));
#4610=DIRECTION('',(0.,0.,1.));
#4611=DIRECTION('center_axis',(0.809017001356935,0.587785242682592,0.));
#4612=DIRECTION('ref_axis',(-0.587785242682592,0.809017001356935,0.));
#4613=DIRECTION('',(0.587785242682592,-0.809017001356935,0.));
#4614=DIRECTION('',(-0.587785242682592,0.809017001356935,0.));
#4615=DIRECTION('',(0.,0.,1.));
#4616=DIRECTION('center_axis',(0.,0.,1.));
#4617=DIRECTION('ref_axis',(-0.809017001356934,-0.587785242682593,0.));
#4618=DIRECTION('center_axis',(0.,0.,1.));
#4619=DIRECTION('ref_axis',(-0.809017001356934,-0.587785242682593,0.));
#4620=DIRECTION('center_axis',(0.,0.,-1.));
#4621=DIRECTION('ref_axis',(-0.809017001356934,-0.587785242682593,0.));
#4622=DIRECTION('',(0.,0.,1.));
#4623=DIRECTION('center_axis',(0.,0.,1.));
#4624=DIRECTION('ref_axis',(-0.427900101189171,0.903826036028116,0.));
#4625=DIRECTION('center_axis',(0.,0.,1.));
#4626=DIRECTION('ref_axis',(-0.427900101189171,0.903826036028116,0.));
#4627=DIRECTION('center_axis',(0.,0.,1.));
#4628=DIRECTION('ref_axis',(-0.427900101189171,0.903826036028116,0.));
#4629=DIRECTION('',(0.,0.,1.));
#4630=DIRECTION('center_axis',(0.,0.,1.));
#4631=DIRECTION('ref_axis',(0.427900101189173,-0.903826036028115,0.));
#4632=DIRECTION('center_axis',(0.,0.,1.));
#4633=DIRECTION('ref_axis',(0.427900101189173,-0.903826036028115,0.));
#4634=DIRECTION('center_axis',(0.,0.,-1.));
#4635=DIRECTION('ref_axis',(0.427900101189173,-0.903826036028115,0.));
#4636=DIRECTION('',(0.,0.,1.));
#4637=DIRECTION('center_axis',(-0.951056516295154,-0.309016994374947,0.));
#4638=DIRECTION('ref_axis',(0.309016994374947,-0.951056516295154,0.));
#4639=DIRECTION('',(0.309016994374947,-0.951056516295154,0.));
#4640=DIRECTION('',(0.309016994374947,-0.951056516295154,0.));
#4641=DIRECTION('',(0.,0.,1.));
#4642=DIRECTION('center_axis',(0.,0.,1.));
#4643=DIRECTION('ref_axis',(-0.366665235040004,0.930352946689082,0.));
#4644=DIRECTION('center_axis',(0.,0.,1.));
#4645=DIRECTION('ref_axis',(-0.366665235040004,0.930352946689082,0.));
#4646=DIRECTION('center_axis',(0.,0.,1.));
#4647=DIRECTION('ref_axis',(-0.366665235040004,0.930352946689082,0.));
#4648=DIRECTION('',(0.,0.,1.));
#4649=DIRECTION('center_axis',(0.,0.,1.));
#4650=DIRECTION('ref_axis',(-0.250209334135971,0.968191762571462,0.));
#4651=DIRECTION('center_axis',(0.,0.,1.));
#4652=DIRECTION('ref_axis',(-0.250209334135971,0.968191762571462,0.));
#4653=DIRECTION('center_axis',(0.,0.,1.));
#4654=DIRECTION('ref_axis',(-0.250209334135971,0.968191762571462,0.));
#4655=DIRECTION('',(0.,0.,1.));
#4656=DIRECTION('center_axis',(0.,0.,1.));
#4657=DIRECTION('ref_axis',(0.951056519965797,0.309016983077869,0.));
#4658=DIRECTION('center_axis',(0.,0.,1.));
#4659=DIRECTION('ref_axis',(0.951056519965797,0.309016983077869,0.));
#4660=DIRECTION('center_axis',(0.,0.,1.));
#4661=DIRECTION('ref_axis',(0.951056519965797,0.309016983077869,0.));
#4662=DIRECTION('',(0.,0.,1.));
#4663=DIRECTION('center_axis',(0.951056519965802,0.309016983077853,0.));
#4664=DIRECTION('ref_axis',(-0.309016983077853,0.951056519965802,0.));
#4665=DIRECTION('',(0.309016983077853,-0.951056519965802,0.));
#4666=DIRECTION('',(-0.309016983077853,0.951056519965802,0.));
#4667=DIRECTION('',(0.,0.,1.));
#4668=DIRECTION('center_axis',(0.,0.,1.));
#4669=DIRECTION('ref_axis',(-0.951056519965801,-0.309016983077855,0.));
#4670=DIRECTION('center_axis',(0.,0.,1.));
#4671=DIRECTION('ref_axis',(-0.951056519965801,-0.309016983077855,0.));
#4672=DIRECTION('center_axis',(0.,0.,-1.));
#4673=DIRECTION('ref_axis',(-0.951056519965801,-0.309016983077855,0.));
#4674=DIRECTION('',(0.,0.,1.));
#4675=DIRECTION('center_axis',(0.,0.,1.));
#4676=DIRECTION('ref_axis',(-0.127659574468085,0.991818044323972,0.));
#4677=DIRECTION('center_axis',(0.,0.,1.));
#4678=DIRECTION('ref_axis',(-0.127659574468085,0.991818044323972,0.));
#4679=DIRECTION('center_axis',(0.,0.,1.));
#4680=DIRECTION('ref_axis',(-0.127659574468085,0.991818044323972,0.));
#4681=DIRECTION('',(0.,0.,1.));
#4682=DIRECTION('center_axis',(0.,0.,1.));
#4683=DIRECTION('ref_axis',(0.127659574468086,-0.991818044323971,0.));
#4684=DIRECTION('center_axis',(0.,0.,1.));
#4685=DIRECTION('ref_axis',(0.127659574468086,-0.991818044323971,0.));
#4686=DIRECTION('center_axis',(0.,0.,-1.));
#4687=DIRECTION('ref_axis',(0.127659574468086,-0.991818044323971,0.));
#4688=DIRECTION('',(0.,0.,1.));
#4689=DIRECTION('center_axis',(-1.,0.,0.));
#4690=DIRECTION('ref_axis',(0.,-1.,0.));
#4691=DIRECTION('',(0.,-1.,0.));
#4692=DIRECTION('',(0.,-1.,0.));
#4693=DIRECTION('',(0.,0.,1.));
#4694=DIRECTION('center_axis',(0.,0.,1.));
#4695=DIRECTION('ref_axis',(-0.0612244897899534,0.998124021276895,0.));
#4696=DIRECTION('center_axis',(0.,0.,1.));
#4697=DIRECTION('ref_axis',(-0.0612244897899534,0.998124021276895,0.));
#4698=DIRECTION('center_axis',(0.,0.,1.));
#4699=DIRECTION('ref_axis',(-0.0612244897899534,0.998124021276895,0.));
#4700=DIRECTION('',(0.,0.,1.));
#4701=DIRECTION('center_axis',(0.,0.,1.));
#4702=DIRECTION('ref_axis',(0.0612244907805293,0.998124021216134,0.));
#4703=DIRECTION('center_axis',(0.,0.,1.));
#4704=DIRECTION('ref_axis',(0.0612244907805293,0.998124021216134,0.));
#4705=DIRECTION('center_axis',(0.,0.,1.));
#4706=DIRECTION('ref_axis',(0.0612244907805293,0.998124021216134,0.));
#4707=DIRECTION('',(0.,0.,1.));
#4708=DIRECTION('center_axis',(0.,0.,1.));
#4709=DIRECTION('ref_axis',(1.,-1.18784537761486E-8,0.));
#4710=DIRECTION('center_axis',(0.,0.,1.));
#4711=DIRECTION('ref_axis',(1.,-1.18784537761486E-8,0.));
#4712=DIRECTION('center_axis',(0.,0.,1.));
#4713=DIRECTION('ref_axis',(1.,-1.18784537761486E-8,0.));
#4714=DIRECTION('',(0.,0.,1.));
#4715=DIRECTION('center_axis',(1.,-1.18784669673159E-8,0.));
#4716=DIRECTION('ref_axis',(1.18784669673159E-8,1.,0.));
#4717=DIRECTION('',(-1.18784669673159E-8,-1.,0.));
#4718=DIRECTION('',(1.18784669673159E-8,1.,0.));
#4719=DIRECTION('',(0.,0.,1.));
#4720=DIRECTION('center_axis',(0.,0.,1.));
#4721=DIRECTION('ref_axis',(-1.,1.18784670988248E-8,0.));
#4722=DIRECTION('center_axis',(0.,0.,1.));
#4723=DIRECTION('ref_axis',(-1.,1.18784670988248E-8,0.));
#4724=DIRECTION('center_axis',(0.,0.,-1.));
#4725=DIRECTION('ref_axis',(-1.,1.18784670988248E-8,0.));
#4726=DIRECTION('',(0.,0.,1.));
#4727=DIRECTION('center_axis',(0.,0.,1.));
#4728=DIRECTION('ref_axis',(0.185077160858493,0.982723992038741,0.));
#4729=DIRECTION('center_axis',(0.,0.,1.));
#4730=DIRECTION('ref_axis',(0.185077160858493,0.982723992038741,0.));
#4731=DIRECTION('center_axis',(0.,0.,1.));
#4732=DIRECTION('ref_axis',(0.185077160858493,0.982723992038741,0.));
#4733=DIRECTION('',(0.,0.,1.));
#4734=DIRECTION('center_axis',(0.,0.,1.));
#4735=DIRECTION('ref_axis',(-0.185077160858491,-0.982723992038742,0.));
#4736=DIRECTION('center_axis',(0.,0.,1.));
#4737=DIRECTION('ref_axis',(-0.185077160858491,-0.982723992038742,0.));
#4738=DIRECTION('center_axis',(0.,0.,-1.));
#4739=DIRECTION('ref_axis',(-0.185077160858491,-0.982723992038742,0.));
#4740=DIRECTION('',(0.,0.,1.));
#4741=DIRECTION('center_axis',(-0.951056516295154,0.309016994374947,0.));
#4742=DIRECTION('ref_axis',(-0.309016994374947,-0.951056516295154,0.));
#4743=DIRECTION('',(-0.309016994374947,-0.951056516295154,0.));
#4744=DIRECTION('',(-0.309016994374947,-0.951056516295154,0.));
#4745=DIRECTION('',(0.,0.,1.));
#4746=DIRECTION('center_axis',(0.,0.,1.));
#4747=DIRECTION('ref_axis',(0.250209335096843,0.968191762323144,0.));
#4748=DIRECTION('center_axis',(0.,0.,1.));
#4749=DIRECTION('ref_axis',(0.250209335096843,0.968191762323144,0.));
#4750=DIRECTION('center_axis',(0.,0.,1.));
#4751=DIRECTION('ref_axis',(0.250209335096843,0.968191762323144,0.));
#4752=DIRECTION('',(0.,0.,1.));
#4753=DIRECTION('center_axis',(0.,0.,1.));
#4754=DIRECTION('ref_axis',(0.366665235963321,0.93035294632519,0.));
#4755=DIRECTION('center_axis',(0.,0.,1.));
#4756=DIRECTION('ref_axis',(0.366665235963321,0.93035294632519,0.));
#4757=DIRECTION('center_axis',(0.,0.,1.));
#4758=DIRECTION('ref_axis',(0.366665235963321,0.93035294632519,0.));
#4759=DIRECTION('',(0.,0.,1.));
#4760=DIRECTION('center_axis',(0.,0.,1.));
#4761=DIRECTION('ref_axis',(0.95105651262451,-0.309017005672028,0.));
#4762=DIRECTION('center_axis',(0.,0.,1.));
#4763=DIRECTION('ref_axis',(0.95105651262451,-0.309017005672028,0.));
#4764=DIRECTION('center_axis',(0.,0.,1.));
#4765=DIRECTION('ref_axis',(0.95105651262451,-0.309017005672028,0.));
#4766=DIRECTION('',(0.,0.,1.));
#4767=DIRECTION('center_axis',(0.951056512624505,-0.309017005672041,0.));
#4768=DIRECTION('ref_axis',(0.309017005672041,0.951056512624505,0.));
#4769=DIRECTION('',(-0.309017005672041,-0.951056512624505,0.));
#4770=DIRECTION('',(0.309017005672041,0.951056512624505,0.));
#4771=DIRECTION('',(0.,0.,1.));
#4772=DIRECTION('center_axis',(0.,0.,1.));
#4773=DIRECTION('ref_axis',(-0.951056512624506,0.30901700567204,0.));
#4774=DIRECTION('center_axis',(0.,0.,1.));
#4775=DIRECTION('ref_axis',(-0.951056512624506,0.30901700567204,0.));
#4776=DIRECTION('center_axis',(0.,0.,-1.));
#4777=DIRECTION('ref_axis',(-0.951056512624506,0.30901700567204,0.));
#4778=DIRECTION('',(0.,0.,1.));
#4779=DIRECTION('center_axis',(0.,0.,1.));
#4780=DIRECTION('ref_axis',(0.479697254171838,0.877434068372091,0.));
#4781=DIRECTION('center_axis',(0.,0.,1.));
#4782=DIRECTION('ref_axis',(0.479697254171838,0.877434068372091,0.));
#4783=DIRECTION('center_axis',(0.,0.,1.));
#4784=DIRECTION('ref_axis',(0.479697254171838,0.877434068372091,0.));
#4785=DIRECTION('',(0.,0.,1.));
#4786=DIRECTION('center_axis',(0.,0.,1.));
#4787=DIRECTION('ref_axis',(-0.479697254171838,-0.877434068372091,0.));
#4788=DIRECTION('center_axis',(0.,0.,1.));
#4789=DIRECTION('ref_axis',(-0.479697254171838,-0.877434068372091,0.));
#4790=DIRECTION('center_axis',(0.,0.,-1.));
#4791=DIRECTION('ref_axis',(-0.479697254171838,-0.877434068372091,0.));
#4792=DIRECTION('',(0.,0.,1.));
#4793=DIRECTION('center_axis',(-0.809016994374947,0.587785252292474,0.));
#4794=DIRECTION('ref_axis',(-0.587785252292474,-0.809016994374947,0.));
#4795=DIRECTION('',(-0.587785252292474,-0.809016994374947,0.));
#4796=DIRECTION('',(-0.587785252292474,-0.809016994374947,0.));
#4797=DIRECTION('',(0.,0.,1.));
#4798=DIRECTION('center_axis',(0.,0.,1.));
#4799=DIRECTION('ref_axis',(0.537150926953412,0.843486147884534,0.));
#4800=DIRECTION('center_axis',(0.,0.,1.));
#4801=DIRECTION('ref_axis',(0.537150926953412,0.843486147884534,0.));
#4802=DIRECTION('center_axis',(0.,0.,1.));
#4803=DIRECTION('ref_axis',(0.537150926953412,0.843486147884534,0.));
#4804=DIRECTION('',(0.,0.,1.));
#4805=DIRECTION('center_axis',(0.,0.,1.));
#4806=DIRECTION('ref_axis',(0.636214233143104,0.771512442897801,0.));
#4807=DIRECTION('center_axis',(0.,0.,1.));
#4808=DIRECTION('ref_axis',(0.636214233143104,0.771512442897801,0.));
#4809=DIRECTION('center_axis',(0.,0.,1.));
#4810=DIRECTION('ref_axis',(0.636214233143104,0.771512442897801,0.));
#4811=DIRECTION('',(0.,0.,1.));
#4812=DIRECTION('center_axis',(0.,0.,1.));
#4813=DIRECTION('ref_axis',(0.809016987392967,-0.587785261902344,0.));
#4814=DIRECTION('center_axis',(0.,0.,1.));
#4815=DIRECTION('ref_axis',(0.809016987392967,-0.587785261902344,0.));
#4816=DIRECTION('center_axis',(0.,0.,1.));
#4817=DIRECTION('ref_axis',(0.809016987392967,-0.587785261902344,0.));
#4818=DIRECTION('',(0.,0.,1.));
#4819=DIRECTION('center_axis',(0.809016987392959,-0.587785261902355,0.));
#4820=DIRECTION('ref_axis',(0.587785261902355,0.809016987392959,0.));
#4821=DIRECTION('',(-0.587785261902355,-0.809016987392959,0.));
#4822=DIRECTION('',(0.587785261902355,0.809016987392959,0.));
#4823=DIRECTION('',(0.,0.,1.));
#4824=DIRECTION('center_axis',(0.,0.,1.));
#4825=DIRECTION('ref_axis',(-0.80901698739296,0.587785261902354,0.));
#4826=DIRECTION('center_axis',(0.,0.,1.));
#4827=DIRECTION('ref_axis',(-0.80901698739296,0.587785261902354,0.));
#4828=DIRECTION('center_axis',(0.,0.,-1.));
#4829=DIRECTION('ref_axis',(-0.80901698739296,0.587785261902354,0.));
#4830=DIRECTION('',(0.,0.,1.));
#4831=DIRECTION('center_axis',(0.,0.,1.));
#4832=DIRECTION('ref_axis',(0.727361237999545,0.686254784650548,0.));
#4833=DIRECTION('center_axis',(0.,0.,1.));
#4834=DIRECTION('ref_axis',(0.727361237999545,0.686254784650548,0.));
#4835=DIRECTION('center_axis',(0.,0.,1.));
#4836=DIRECTION('ref_axis',(0.727361237999545,0.686254784650548,0.));
#4837=DIRECTION('',(0.,0.,1.));
#4838=DIRECTION('center_axis',(0.,0.,1.));
#4839=DIRECTION('ref_axis',(-0.727361237999544,-0.686254784650548,0.));
#4840=DIRECTION('center_axis',(0.,0.,1.));
#4841=DIRECTION('ref_axis',(-0.727361237999544,-0.686254784650548,0.));
#4842=DIRECTION('center_axis',(0.,0.,-1.));
#4843=DIRECTION('ref_axis',(-0.727361237999544,-0.686254784650548,0.));
#4844=DIRECTION('',(0.,0.,1.));
#4845=DIRECTION('center_axis',(-0.587785252292472,0.809016994374948,0.));
#4846=DIRECTION('ref_axis',(-0.809016994374948,-0.587785252292472,0.));
#4847=DIRECTION('',(-0.809016994374948,-0.587785252292472,0.));
#4848=DIRECTION('',(-0.809016994374948,-0.587785252292472,0.));
#4849=DIRECTION('',(0.,0.,1.));
#4850=DIRECTION('center_axis',(0.,0.,1.));
#4851=DIRECTION('ref_axis',(0.771512443529206,0.636214232377423,0.));
#4852=DIRECTION('center_axis',(0.,0.,1.));
#4853=DIRECTION('ref_axis',(0.771512443529206,0.636214232377423,0.));
#4854=DIRECTION('center_axis',(0.,0.,1.));
#4855=DIRECTION('ref_axis',(0.771512443529206,0.636214232377423,0.));
#4856=DIRECTION('',(0.,0.,1.));
#4857=DIRECTION('center_axis',(0.,0.,1.));
#4858=DIRECTION('ref_axis',(0.843486148417624,0.537150926116302,0.));
#4859=DIRECTION('center_axis',(0.,0.,1.));
#4860=DIRECTION('ref_axis',(0.843486148417624,0.537150926116302,0.));
#4861=DIRECTION('center_axis',(0.,0.,1.));
#4862=DIRECTION('ref_axis',(0.843486148417624,0.537150926116302,0.));
#4863=DIRECTION('',(0.,0.,1.));
#4864=DIRECTION('center_axis',(0.,0.,1.));
#4865=DIRECTION('ref_axis',(0.587785242682597,-0.809017001356931,0.));
#4866=DIRECTION('center_axis',(0.,0.,1.));
#4867=DIRECTION('ref_axis',(0.587785242682597,-0.809017001356931,0.));
#4868=DIRECTION('center_axis',(0.,0.,1.));
#4869=DIRECTION('ref_axis',(0.587785242682597,-0.809017001356931,0.));
#4870=DIRECTION('center_axis',(0.,0.,1.));
#4871=DIRECTION('ref_axis',(1.,0.,0.));
#4872=DIRECTION('center_axis',(0.,0.,1.));
#4873=DIRECTION('ref_axis',(1.,0.,0.));
#4874=CARTESIAN_POINT('',(0.,0.,0.));
#4875=CARTESIAN_POINT('Origin',(0.,0.,5.));
#4876=CARTESIAN_POINT('',(-25.,-3.06161699786838E-15,8.));
#4877=CARTESIAN_POINT('Origin',(0.,0.,8.));
#4878=CARTESIAN_POINT('',(-25.,-3.06161699786838E-15,5.));
#4879=CARTESIAN_POINT('',(-25.,-3.06161699786838E-15,5.));
#4880=CARTESIAN_POINT('Origin',(0.,0.,5.));
#4881=CARTESIAN_POINT('Origin',(0.,0.,8.));
#4882=CARTESIAN_POINT('',(-18.,-2.20436423846524E-15,8.));
#4883=CARTESIAN_POINT('Origin',(0.,0.,8.));
#4884=CARTESIAN_POINT('Origin',(30.3108891324554,17.5,0.));
#4885=CARTESIAN_POINT('',(25.3108891324554,17.5,5.));
#4886=CARTESIAN_POINT('Origin',(30.3108891324554,17.5,5.));
#4887=CARTESIAN_POINT('',(25.3108891324554,17.5,0.));
#4888=CARTESIAN_POINT('',(25.3108891324554,17.5,0.));
#4889=CARTESIAN_POINT('Origin',(30.3108891324554,17.5,0.));
#4890=CARTESIAN_POINT('Origin',(30.3108891324553,-17.5,0.));
#4891=CARTESIAN_POINT('',(25.3108891324553,-17.5,5.));
#4892=CARTESIAN_POINT('Origin',(30.3108891324553,-17.5,5.));
#4893=CARTESIAN_POINT('',(25.3108891324553,-17.5,0.));
#4894=CARTESIAN_POINT('',(25.3108891324553,-17.5,0.));
#4895=CARTESIAN_POINT('Origin',(30.3108891324553,-17.5,0.));
#4896=CARTESIAN_POINT('Origin',(-4.28626379701574E-15,-35.,0.));
#4897=CARTESIAN_POINT('',(-5.,-35.,5.));
#4898=CARTESIAN_POINT('Origin',(-4.28626379701574E-15,-35.,5.));
#4899=CARTESIAN_POINT('',(-5.,-35.,0.));
#4900=CARTESIAN_POINT('',(-5.,-35.,0.));
#4901=CARTESIAN_POINT('Origin',(-4.28626379701574E-15,-35.,0.));
#4902=CARTESIAN_POINT('Origin',(-30.3108891324554,17.5,0.));
#4903=CARTESIAN_POINT('',(-35.3108891324554,17.5,5.));
#4904=CARTESIAN_POINT('Origin',(-30.3108891324554,17.5,5.));
#4905=CARTESIAN_POINT('',(-35.3108891324554,17.5,0.));
#4906=CARTESIAN_POINT('',(-35.3108891324554,17.5,0.));
#4907=CARTESIAN_POINT('Origin',(-30.3108891324554,17.5,0.));
#4908=CARTESIAN_POINT('Origin',(0.,0.,0.));
#4909=CARTESIAN_POINT('',(-18.,-2.20436423846524E-15,0.));
#4910=CARTESIAN_POINT('',(-18.,-2.20436423846524E-15,0.));
#4911=CARTESIAN_POINT('Origin',(0.,0.,0.));
#4912=CARTESIAN_POINT('Origin',(-30.3108891324554,-17.5,0.));
#4913=CARTESIAN_POINT('',(-35.3108891324554,-17.5,5.));
#4914=CARTESIAN_POINT('Origin',(-30.3108891324554,-17.5,5.));
#4915=CARTESIAN_POINT('',(-35.3108891324554,-17.5,0.));
#4916=CARTESIAN_POINT('',(-35.3108891324554,-17.5,0.));
#4917=CARTESIAN_POINT('Origin',(-30.3108891324554,-17.5,0.));
#4918=CARTESIAN_POINT('Origin',(0.,35.,0.));
#4919=CARTESIAN_POINT('',(-5.,35.,5.));
#4920=CARTESIAN_POINT('Origin',(0.,35.,5.));
#4921=CARTESIAN_POINT('',(-5.,35.,0.));
#4922=CARTESIAN_POINT('',(-5.,35.,0.));
#4923=CARTESIAN_POINT('Origin',(0.,35.,0.));
#4924=CARTESIAN_POINT('Origin',(40.0638307384273,24.1638049299423,0.));
#4925=CARTESIAN_POINT('',(41.9186065191683,25.5113783809032,0.));
#4926=CARTESIAN_POINT('',(40.0638307384273,24.1638049299423,0.));
#4927=CARTESIAN_POINT('',(41.9186065191683,25.5113783809032,0.));
#4928=CARTESIAN_POINT('',(41.9186065191683,25.5113783809032,5.));
#4929=CARTESIAN_POINT('',(41.9186065191683,25.5113783809032,0.));
#4930=CARTESIAN_POINT('',(40.0638307384273,24.1638049299423,5.));
#4931=CARTESIAN_POINT('',(41.9186065191683,25.5113783809032,5.));
#4932=CARTESIAN_POINT('',(40.0638307384273,24.1638049299423,0.));
#4933=CARTESIAN_POINT('Origin',(41.2394012237925,22.5457709272285,0.));
#4934=CARTESIAN_POINT('',(39.4845330866098,21.586376419687,0.));
#4935=CARTESIAN_POINT('Origin',(41.2394012237925,22.5457709272285,0.));
#4936=CARTESIAN_POINT('',(39.4845330866098,21.586376419687,5.));
#4937=CARTESIAN_POINT('Origin',(41.2394012237925,22.5457709272285,5.));
#4938=CARTESIAN_POINT('',(39.4845330866098,21.586376419687,0.));
#4939=CARTESIAN_POINT('Origin',(0.,0.,0.));
#4940=CARTESIAN_POINT('',(40.6721716212652,19.2555045535127,0.));
#4941=CARTESIAN_POINT('Origin',(0.,0.,0.));
#4942=CARTESIAN_POINT('',(40.6721716212652,19.2555045535127,5.));
#4943=CARTESIAN_POINT('Origin',(0.,0.,5.));
#4944=CARTESIAN_POINT('',(40.6721716212652,19.2555045535127,0.));
#4945=CARTESIAN_POINT('Origin',(42.4798236933215,20.111304755891,0.));
#4946=CARTESIAN_POINT('',(43.0978576820714,18.2091917233007,0.));
#4947=CARTESIAN_POINT('Origin',(42.4798236933215,20.111304755891,0.));
#4948=CARTESIAN_POINT('',(43.0978576820714,18.2091917233007,5.));
#4949=CARTESIAN_POINT('Origin',(42.4798236933215,20.111304755891,5.));
#4950=CARTESIAN_POINT('',(43.0978576820714,18.2091917233007,0.));
#4951=CARTESIAN_POINT('Origin',(45.2782773978262,18.917653035004,0.));
#4952=CARTESIAN_POINT('',(45.2782773978262,18.917653035004,0.));
#4953=CARTESIAN_POINT('',(45.2782773978262,18.917653035004,0.));
#4954=CARTESIAN_POINT('',(45.2782773978262,18.917653035004,5.));
#4955=CARTESIAN_POINT('',(45.2782773978262,18.917653035004,5.));
#4956=CARTESIAN_POINT('',(45.2782773978262,18.917653035004,0.));
#4957=CARTESIAN_POINT('Origin',(45.5872943922012,17.9665965187089,0.));
#4958=CARTESIAN_POINT('',(46.5176473388903,18.3332617537489,0.));
#4959=CARTESIAN_POINT('Origin',(45.5872943922012,17.9665965187089,0.));
#4960=CARTESIAN_POINT('',(46.5176473388903,18.3332617537489,5.));
#4961=CARTESIAN_POINT('Origin',(45.5872943922012,17.9665965187089,5.));
#4962=CARTESIAN_POINT('',(46.5176473388903,18.3332617537489,0.));
#4963=CARTESIAN_POINT('Origin',(0.,0.,0.));
#4964=CARTESIAN_POINT('',(48.4095881331898,12.5104667079916,0.));
#4965=CARTESIAN_POINT('Origin',(0.,0.,0.));
#4966=CARTESIAN_POINT('',(48.4095881331898,12.5104667079916,5.));
#4967=CARTESIAN_POINT('Origin',(0.,0.,5.));
#4968=CARTESIAN_POINT('',(48.4095881331898,12.5104667079916,0.));
#4969=CARTESIAN_POINT('Origin',(47.4413963706183,12.2602573738556,0.));
#4970=CARTESIAN_POINT('',(47.7504133536962,11.3092008538898,0.));
#4971=CARTESIAN_POINT('Origin',(47.4413963706183,12.2602573738556,0.));
#4972=CARTESIAN_POINT('',(47.7504133536962,11.3092008538898,5.));
#4973=CARTESIAN_POINT('Origin',(47.4413963706183,12.2602573738556,5.));
#4974=CARTESIAN_POINT('',(47.7504133536962,11.3092008538898,0.));
#4975=CARTESIAN_POINT('Origin',(45.5699936636407,10.6007395791712,0.));
#4976=CARTESIAN_POINT('',(45.5699936636407,10.6007395791712,0.));
#4977=CARTESIAN_POINT('',(47.7504133536962,11.3092008538898,0.));
#4978=CARTESIAN_POINT('',(45.5699936636407,10.6007395791712,5.));
#4979=CARTESIAN_POINT('',(47.7504133536962,11.3092008538898,5.));
#4980=CARTESIAN_POINT('',(45.5699936636407,10.6007395791712,0.));
#4981=CARTESIAN_POINT('Origin',(46.1880276297964,8.69862653923957,0.));
#4982=CARTESIAN_POINT('',(44.2225796455498,8.32847221842086,0.));
#4983=CARTESIAN_POINT('Origin',(46.1880276297964,8.69862653923957,0.));
#4984=CARTESIAN_POINT('',(44.2225796455498,8.32847221842086,5.));
#4985=CARTESIAN_POINT('Origin',(46.1880276297964,8.69862653923957,5.));
#4986=CARTESIAN_POINT('',(44.2225796455498,8.32847221842086,0.));
#4987=CARTESIAN_POINT('Origin',(0.,0.,0.));
#4988=CARTESIAN_POINT('',(44.6318119945787,5.74468085106382,0.));
#4989=CARTESIAN_POINT('Origin',(0.,0.,0.));
#4990=CARTESIAN_POINT('',(44.6318119945787,5.74468085106382,5.));
#4991=CARTESIAN_POINT('Origin',(0.,0.,5.));
#4992=CARTESIAN_POINT('',(44.6318119945787,5.74468085106382,0.));
#4993=CARTESIAN_POINT('Origin',(46.6154480832267,6.,0.));
#4994=CARTESIAN_POINT('',(46.6154480832267,3.99999999999999,0.));
#4995=CARTESIAN_POINT('Origin',(46.6154480832267,6.,0.));
#4996=CARTESIAN_POINT('',(46.6154480832267,3.99999999999999,5.));
#4997=CARTESIAN_POINT('Origin',(46.6154480832267,6.,5.));
#4998=CARTESIAN_POINT('',(46.6154480832267,3.99999999999999,0.));
#4999=CARTESIAN_POINT('Origin',(48.9080770473273,3.99999999999999,0.));
#5000=CARTESIAN_POINT('',(48.9080770473273,3.99999999999999,0.));
#5001=CARTESIAN_POINT('',(48.9080770473273,3.99999999999999,0.));
#5002=CARTESIAN_POINT('',(48.9080770473273,3.99999999999999,5.));
#5003=CARTESIAN_POINT('',(48.9080770473273,3.99999999999999,5.));
#5004=CARTESIAN_POINT('',(48.9080770473273,3.99999999999999,0.));
#5005=CARTESIAN_POINT('Origin',(48.9080770473273,3.,0.));
#5006=CARTESIAN_POINT('',(49.9062010686042,3.06122448978995,0.));
#5007=CARTESIAN_POINT('Origin',(48.9080770473273,3.,0.));
#5008=CARTESIAN_POINT('',(49.9062010686042,3.06122448978995,5.));
#5009=CARTESIAN_POINT('Origin',(48.9080770473273,3.,5.));
#5010=CARTESIAN_POINT('',(49.9062010686042,3.06122448978995,0.));
#5011=CARTESIAN_POINT('Origin',(0.,0.,0.));
#5012=CARTESIAN_POINT('',(49.9062010655661,-3.06122453931842,0.));
#5013=CARTESIAN_POINT('Origin',(0.,0.,0.));
#5014=CARTESIAN_POINT('',(49.9062010655661,-3.06122453931842,5.));
#5015=CARTESIAN_POINT('Origin',(0.,0.,5.));
#5016=CARTESIAN_POINT('',(49.9062010655661,-3.06122453931842,0.));
#5017=CARTESIAN_POINT('Origin',(48.90807704435,-3.0000000485379,0.));
#5018=CARTESIAN_POINT('',(48.9080770324715,-4.00000004853789,0.));
#5019=CARTESIAN_POINT('Origin',(48.90807704435,-3.0000000485379,0.));
#5020=CARTESIAN_POINT('',(48.9080770324715,-4.00000004853789,5.));
#5021=CARTESIAN_POINT('Origin',(48.90807704435,-3.0000000485379,5.));
#5022=CARTESIAN_POINT('',(48.9080770324715,-4.00000004853789,0.));
#5023=CARTESIAN_POINT('Origin',(46.6154481042414,-4.00000002130497,0.));
#5024=CARTESIAN_POINT('',(46.6154481042414,-4.00000002130496,0.));
#5025=CARTESIAN_POINT('',(48.9080770324715,-4.00000004853789,0.));
#5026=CARTESIAN_POINT('',(46.6154481042414,-4.00000002130496,5.));
#5027=CARTESIAN_POINT('',(48.9080770324715,-4.00000004853789,5.));
#5028=CARTESIAN_POINT('',(46.6154481042414,-4.00000002130496,0.));
#5029=CARTESIAN_POINT('Origin',(46.6154480804844,-6.00000002130496,0.));
#5030=CARTESIAN_POINT('',(44.6318119919532,-5.74468087146219,0.));
#5031=CARTESIAN_POINT('Origin',(46.6154480804844,-6.00000002130496,0.));
#5032=CARTESIAN_POINT('',(44.6318119919532,-5.7446808714622,5.));
#5033=CARTESIAN_POINT('Origin',(46.6154480804844,-6.00000002130496,5.));
#5034=CARTESIAN_POINT('',(44.6318119919532,-5.74468087146219,0.));
#5035=CARTESIAN_POINT('Origin',(0.,0.,0.));
#5036=CARTESIAN_POINT('',(44.2225796417433,-8.32847223863219,0.));
#5037=CARTESIAN_POINT('Origin',(0.,0.,0.));
#5038=CARTESIAN_POINT('',(44.2225796417433,-8.3284722386322,5.));
#5039=CARTESIAN_POINT('Origin',(0.,0.,5.));
#5040=CARTESIAN_POINT('',(44.2225796417433,-8.32847223863219,0.));
#5041=CARTESIAN_POINT('Origin',(46.1880276258208,-8.69862656034918,0.));
#5042=CARTESIAN_POINT('',(45.5699936370709,-10.6007395929395,0.));
#5043=CARTESIAN_POINT('Origin',(46.1880276258208,-8.69862656034918,0.));
#5044=CARTESIAN_POINT('',(45.5699936370709,-10.6007395929395,5.));
#5045=CARTESIAN_POINT('Origin',(46.1880276258208,-8.69862656034918,5.));
#5046=CARTESIAN_POINT('',(45.5699936370709,-10.6007395929395,0.));
#5047=CARTESIAN_POINT('Origin',(47.7504133528258,-11.3092009046428,0.));
#5048=CARTESIAN_POINT('',(47.7504133528258,-11.3092009046428,0.));
#5049=CARTESIAN_POINT('',(47.7504133528258,-11.3092009046428,0.));
#5050=CARTESIAN_POINT('',(47.7504133528258,-11.3092009046428,5.));
#5051=CARTESIAN_POINT('',(47.7504133528258,-11.3092009046428,5.));
#5052=CARTESIAN_POINT('',(47.7504133528258,-11.3092009046428,0.));
#5053=CARTESIAN_POINT('Origin',(47.4413963584509,-12.260257420938,0.));
#5054=CARTESIAN_POINT('',(48.409588120774,-12.5104667560348,0.));
#5055=CARTESIAN_POINT('Origin',(47.4413963584509,-12.260257420938,0.));
#5056=CARTESIAN_POINT('',(48.409588120774,-12.5104667560348,5.));
#5057=CARTESIAN_POINT('Origin',(47.4413963584509,-12.260257420938,5.));
#5058=CARTESIAN_POINT('',(48.409588120774,-12.5104667560348,0.));
#5059=CARTESIAN_POINT('Origin',(0.,0.,0.));
#5060=CARTESIAN_POINT('',(46.5176473206958,-18.3332617999144,0.));
#5061=CARTESIAN_POINT('Origin',(0.,0.,0.));
#5062=CARTESIAN_POINT('',(46.5176473206958,-18.3332617999144,5.));
#5063=CARTESIAN_POINT('Origin',(0.,0.,5.));
#5064=CARTESIAN_POINT('',(46.5176473206958,-18.3332617999144,0.));
#5065=CARTESIAN_POINT('Origin',(45.5872943743706,-17.9665965639511,0.));
#5066=CARTESIAN_POINT('',(45.2782773686985,-18.9176530765756,0.));
#5067=CARTESIAN_POINT('Origin',(45.5872943743706,-17.9665965639511,0.));
#5068=CARTESIAN_POINT('',(45.2782773686985,-18.9176530765756,5.));
#5069=CARTESIAN_POINT('Origin',(45.5872943743706,-17.9665965639511,5.));
#5070=CARTESIAN_POINT('',(45.2782773686985,-18.9176530765756,0.));
#5071=CARTESIAN_POINT('Origin',(43.0978576954739,-18.2091917500568,0.));
#5072=CARTESIAN_POINT('',(43.0978576954739,-18.2091917500569,0.));
#5073=CARTESIAN_POINT('',(45.2782773686985,-18.9176530765756,0.));
#5074=CARTESIAN_POINT('',(43.0978576954739,-18.2091917500569,5.));
#5075=CARTESIAN_POINT('',(45.2782773686985,-18.9176530765756,5.));
#5076=CARTESIAN_POINT('',(43.0978576954739,-18.2091917500569,0.));
#5077=CARTESIAN_POINT('Origin',(42.4798236841298,-20.1113047753059,0.));
#5078=CARTESIAN_POINT('',(40.6721716124648,-19.2555045721013,0.));
#5079=CARTESIAN_POINT('Origin',(42.4798236841298,-20.1113047753059,0.));
#5080=CARTESIAN_POINT('',(40.6721716124648,-19.2555045721013,5.));
#5081=CARTESIAN_POINT('Origin',(42.4798236841298,-20.1113047753059,5.));
#5082=CARTESIAN_POINT('',(40.6721716124648,-19.2555045721013,0.));
#5083=CARTESIAN_POINT('Origin',(0.,0.,0.));
#5084=CARTESIAN_POINT('',(39.4845330767441,-21.5863764377327,0.));
#5085=CARTESIAN_POINT('Origin',(0.,0.,0.));
#5086=CARTESIAN_POINT('',(39.4845330767441,-21.5863764377327,5.));
#5087=CARTESIAN_POINT('Origin',(0.,0.,5.));
#5088=CARTESIAN_POINT('',(39.4845330767441,-21.5863764377327,0.));
#5089=CARTESIAN_POINT('Origin',(41.2394012134883,-22.5457709460764,0.));
#5090=CARTESIAN_POINT('',(40.0638307089033,-24.1638049348263,0.));
#5091=CARTESIAN_POINT('Origin',(41.2394012134883,-22.5457709460764,0.));
#5092=CARTESIAN_POINT('',(40.0638307089033,-24.1638049348263,5.));
#5093=CARTESIAN_POINT('Origin',(41.2394012134883,-22.5457709460764,5.));
#5094=CARTESIAN_POINT('',(40.0638307089033,-24.1638049348263,0.));
#5095=CARTESIAN_POINT('Origin',(41.9186065026569,-25.5113784289032,0.));
#5096=CARTESIAN_POINT('',(41.9186065026569,-25.5113784289032,0.));
#5097=CARTESIAN_POINT('',(41.9186065026569,-25.5113784289032,0.));
#5098=CARTESIAN_POINT('',(41.9186065026569,-25.5113784289032,5.));
#5099=CARTESIAN_POINT('',(41.9186065026569,-25.5113784289032,5.));
#5100=CARTESIAN_POINT('',(41.9186065026569,-25.5113784289032,0.));
#5101=CARTESIAN_POINT('Origin',(41.3308212503645,-26.3203954232781,0.));
#5102=CARTESIAN_POINT('',(42.174307398249,-26.8575463502316,0.));
#5103=CARTESIAN_POINT('Origin',(41.3308212503645,-26.3203954232781,0.));
#5104=CARTESIAN_POINT('',(42.174307398249,-26.8575463502316,5.));
#5105=CARTESIAN_POINT('Origin',(41.3308212503645,-26.3203954232781,5.));
#5106=CARTESIAN_POINT('',(42.174307398249,-26.8575463502316,0.));
#5107=CARTESIAN_POINT('Origin',(0.,0.,0.));
#5108=CARTESIAN_POINT('',(38.5756221485689,-31.8107116601889,0.));
#5109=CARTESIAN_POINT('Origin',(0.,0.,0.));
#5110=CARTESIAN_POINT('',(38.5756221485689,-31.8107116601889,5.));
#5111=CARTESIAN_POINT('Origin',(0.,0.,5.));
#5112=CARTESIAN_POINT('',(38.5756221485689,-31.8107116601889,0.));
#5113=CARTESIAN_POINT('Origin',(37.8041097056711,-31.1744974270458,0.));
#5114=CARTESIAN_POINT('',(37.2163244437688,-31.9835144144388,0.));
#5115=CARTESIAN_POINT('Origin',(37.8041097056711,-31.1744974270458,0.));
#5116=CARTESIAN_POINT('',(37.2163244437688,-31.9835144144388,5.));
#5117=CARTESIAN_POINT('Origin',(37.8041097056711,-31.1744974270458,5.));
#5118=CARTESIAN_POINT('',(37.2163244437688,-31.9835144144388,0.));
#5119=CARTESIAN_POINT('Origin',(35.3615486950421,-30.6359409194141,0.));
#5120=CARTESIAN_POINT('',(35.3615486950421,-30.6359409194141,0.));
#5121=CARTESIAN_POINT('',(37.2163244437688,-31.9835144144388,0.));
#5122=CARTESIAN_POINT('',(35.3615486950421,-30.6359409194141,5.));
#5123=CARTESIAN_POINT('',(37.2163244437688,-31.9835144144388,5.));
#5124=CARTESIAN_POINT('',(35.3615486950421,-30.6359409194141,0.));
#5125=CARTESIAN_POINT('Origin',(34.1859781712374,-32.2539748942,0.));
#5126=CARTESIAN_POINT('',(32.7312556958656,-30.881465324234,0.));
#5127=CARTESIAN_POINT('Origin',(34.1859781712374,-32.2539748942,0.));
#5128=CARTESIAN_POINT('',(32.7312556958656,-30.881465324234,5.));
#5129=CARTESIAN_POINT('Origin',(34.1859781712374,-32.2539748942,5.));
#5130=CARTESIAN_POINT('',(32.7312556958656,-30.881465324234,0.));
#5131=CARTESIAN_POINT('Origin',(0.,0.,0.));
#5132=CARTESIAN_POINT('',(30.8814653092747,-32.7312557099795,0.));
#5133=CARTESIAN_POINT('Origin',(0.,0.,0.));
#5134=CARTESIAN_POINT('',(30.8814653092747,-32.7312557099795,5.));
#5135=CARTESIAN_POINT('Origin',(0.,0.,5.));
#5136=CARTESIAN_POINT('',(30.8814653092747,-32.7312557099795,0.));
#5137=CARTESIAN_POINT('Origin',(32.2539748785757,-34.1859781859786,0.));
#5138=CARTESIAN_POINT('',(30.6359408898259,-35.3615486905636,0.));
#5139=CARTESIAN_POINT('Origin',(32.2539748785757,-34.1859781859786,0.));
#5140=CARTESIAN_POINT('',(30.6359408898259,-35.3615486905636,5.));
#5141=CARTESIAN_POINT('Origin',(32.2539748785757,-34.1859781859786,5.));
#5142=CARTESIAN_POINT('',(30.6359408898259,-35.3615486905636,0.));
#5143=CARTESIAN_POINT('Origin',(31.9835143839028,-37.2163244843172,0.));
#5144=CARTESIAN_POINT('',(31.9835143839028,-37.2163244843172,0.));
#5145=CARTESIAN_POINT('',(31.9835143839028,-37.2163244843172,0.));
#5146=CARTESIAN_POINT('',(31.9835143839028,-37.2163244843172,5.));
#5147=CARTESIAN_POINT('',(31.9835143839028,-37.2163244843172,5.));
#5148=CARTESIAN_POINT('',(31.9835143839028,-37.2163244843172,0.));
#5149=CARTESIAN_POINT('Origin',(31.1744973895278,-37.8041097366097,0.));
#5150=CARTESIAN_POINT('',(31.8107116219052,-38.5756221801389,0.));
#5151=CARTESIAN_POINT('Origin',(31.1744973895278,-37.8041097366097,0.));
#5152=CARTESIAN_POINT('',(31.8107116219052,-38.5756221801389,5.));
#5153=CARTESIAN_POINT('Origin',(31.1744973895278,-37.8041097366097,5.));
#5154=CARTESIAN_POINT('',(31.8107116219052,-38.5756221801389,0.));
#5155=CARTESIAN_POINT('Origin',(0.,0.,0.));
#5156=CARTESIAN_POINT('',(26.8575463083764,-42.1743074249033,0.));
#5157=CARTESIAN_POINT('Origin',(0.,0.,0.));
#5158=CARTESIAN_POINT('',(26.8575463083764,-42.1743074249033,5.));
#5159=CARTESIAN_POINT('Origin',(0.,0.,5.));
#5160=CARTESIAN_POINT('',(26.8575463083764,-42.1743074249033,0.));
#5161=CARTESIAN_POINT('Origin',(26.3203953822601,-41.3308212764857,0.));
#5162=CARTESIAN_POINT('',(25.5113783809032,-41.9186065191683,0.));
#5163=CARTESIAN_POINT('Origin',(26.3203953822601,-41.3308212764857,0.));
#5164=CARTESIAN_POINT('',(25.5113783809032,-41.9186065191683,5.));
#5165=CARTESIAN_POINT('Origin',(26.3203953822601,-41.3308212764857,5.));
#5166=CARTESIAN_POINT('',(25.5113783809032,-41.9186065191683,0.));
#5167=CARTESIAN_POINT('Origin',(24.1638049299423,-40.0638307384273,0.));
#5168=CARTESIAN_POINT('',(24.1638049299423,-40.0638307384273,0.));
#5169=CARTESIAN_POINT('',(25.5113783809032,-41.9186065191683,0.));
#5170=CARTESIAN_POINT('',(24.1638049299423,-40.0638307384273,5.));
#5171=CARTESIAN_POINT('',(25.5113783809032,-41.9186065191683,5.));
#5172=CARTESIAN_POINT('',(24.1638049299423,-40.0638307384273,0.));
#5173=CARTESIAN_POINT('Origin',(22.5457709272285,-41.2394012237925,0.));
#5174=CARTESIAN_POINT('',(21.5863764196869,-39.4845330866098,0.));
#5175=CARTESIAN_POINT('Origin',(22.5457709272285,-41.2394012237925,0.));
#5176=CARTESIAN_POINT('',(21.5863764196869,-39.4845330866098,5.));
#5177=CARTESIAN_POINT('Origin',(22.5457709272285,-41.2394012237925,5.));
#5178=CARTESIAN_POINT('',(21.5863764196869,-39.4845330866098,0.));
#5179=CARTESIAN_POINT('Origin',(0.,0.,0.));
#5180=CARTESIAN_POINT('',(19.2555045535127,-40.6721716212652,0.));
#5181=CARTESIAN_POINT('Origin',(0.,0.,0.));
#5182=CARTESIAN_POINT('',(19.2555045535127,-40.6721716212652,5.));
#5183=CARTESIAN_POINT('Origin',(0.,0.,5.));
#5184=CARTESIAN_POINT('',(19.2555045535127,-40.6721716212652,0.));
#5185=CARTESIAN_POINT('Origin',(20.111304755891,-42.4798236933215,0.));
#5186=CARTESIAN_POINT('',(18.2091917233007,-43.0978576820714,0.));
#5187=CARTESIAN_POINT('Origin',(20.111304755891,-42.4798236933215,0.));
#5188=CARTESIAN_POINT('',(18.2091917233007,-43.0978576820714,5.));
#5189=CARTESIAN_POINT('Origin',(20.111304755891,-42.4798236933215,5.));
#5190=CARTESIAN_POINT('',(18.2091917233007,-43.0978576820714,0.));
#5191=CARTESIAN_POINT('Origin',(18.917653035004,-45.2782773978262,0.));
#5192=CARTESIAN_POINT('',(18.917653035004,-45.2782773978262,0.));
#5193=CARTESIAN_POINT('',(18.917653035004,-45.2782773978262,0.));
#5194=CARTESIAN_POINT('',(18.917653035004,-45.2782773978262,5.));
#5195=CARTESIAN_POINT('',(18.917653035004,-45.2782773978262,5.));
#5196=CARTESIAN_POINT('',(18.917653035004,-45.2782773978262,0.));
#5197=CARTESIAN_POINT('Origin',(17.9665965187089,-45.5872943922012,0.));
#5198=CARTESIAN_POINT('',(18.333261753749,-46.5176473388902,0.));
#5199=CARTESIAN_POINT('Origin',(17.9665965187089,-45.5872943922012,0.));
#5200=CARTESIAN_POINT('',(18.333261753749,-46.5176473388902,5.));
#5201=CARTESIAN_POINT('Origin',(17.9665965187089,-45.5872943922012,5.));
#5202=CARTESIAN_POINT('',(18.333261753749,-46.5176473388902,0.));
#5203=CARTESIAN_POINT('Origin',(0.,0.,0.));
#5204=CARTESIAN_POINT('',(12.5104667079916,-48.4095881331898,0.));
#5205=CARTESIAN_POINT('Origin',(0.,0.,0.));
#5206=CARTESIAN_POINT('',(12.5104667079916,-48.4095881331898,5.));
#5207=CARTESIAN_POINT('Origin',(0.,0.,5.));
#5208=CARTESIAN_POINT('',(12.5104667079916,-48.4095881331898,0.));
#5209=CARTESIAN_POINT('Origin',(12.2602573738557,-47.4413963706183,0.));
#5210=CARTESIAN_POINT('',(11.3092008538899,-47.7504133536962,0.));
#5211=CARTESIAN_POINT('Origin',(12.2602573738557,-47.4413963706183,0.));
#5212=CARTESIAN_POINT('',(11.3092008538899,-47.7504133536962,5.));
#5213=CARTESIAN_POINT('Origin',(12.2602573738557,-47.4413963706183,5.));
#5214=CARTESIAN_POINT('',(11.3092008538899,-47.7504133536962,0.));
#5215=CARTESIAN_POINT('Origin',(10.6007395791712,-45.5699936636407,0.));
#5216=CARTESIAN_POINT('',(10.6007395791712,-45.5699936636407,0.));
#5217=CARTESIAN_POINT('',(11.3092008538899,-47.7504133536962,0.));
#5218=CARTESIAN_POINT('',(10.6007395791712,-45.5699936636407,5.));
#5219=CARTESIAN_POINT('',(11.3092008538899,-47.7504133536962,5.));
#5220=CARTESIAN_POINT('',(10.6007395791712,-45.5699936636407,0.));
#5221=CARTESIAN_POINT('Origin',(8.69862653923957,-46.1880276297964,0.));
#5222=CARTESIAN_POINT('',(8.32847221842092,-44.2225796455498,0.));
#5223=CARTESIAN_POINT('Origin',(8.69862653923957,-46.1880276297964,0.));
#5224=CARTESIAN_POINT('',(8.32847221842092,-44.2225796455498,5.));
#5225=CARTESIAN_POINT('Origin',(8.69862653923957,-46.1880276297964,5.));
#5226=CARTESIAN_POINT('',(8.32847221842092,-44.2225796455498,0.));
#5227=CARTESIAN_POINT('Origin',(0.,0.,0.));
#5228=CARTESIAN_POINT('',(5.74468085106383,-44.6318119945787,0.));
#5229=CARTESIAN_POINT('Origin',(0.,0.,0.));
#5230=CARTESIAN_POINT('',(5.74468085106383,-44.6318119945787,5.));
#5231=CARTESIAN_POINT('Origin',(0.,0.,5.));
#5232=CARTESIAN_POINT('',(5.74468085106383,-44.6318119945787,0.));
#5233=CARTESIAN_POINT('Origin',(6.,-46.6154480832267,0.));
#5234=CARTESIAN_POINT('',(4.,-46.6154480832267,0.));
#5235=CARTESIAN_POINT('Origin',(6.,-46.6154480832267,0.));
#5236=CARTESIAN_POINT('',(4.,-46.6154480832267,5.));
#5237=CARTESIAN_POINT('Origin',(6.,-46.6154480832267,5.));
#5238=CARTESIAN_POINT('',(4.,-46.6154480832267,0.));
#5239=CARTESIAN_POINT('Origin',(3.99999999999999,-48.9080770473273,0.));
#5240=CARTESIAN_POINT('',(4.,-48.9080770473273,0.));
#5241=CARTESIAN_POINT('',(3.99999999999999,-48.9080770473273,0.));
#5242=CARTESIAN_POINT('',(4.,-48.9080770473273,5.));
#5243=CARTESIAN_POINT('',(3.99999999999999,-48.9080770473273,5.));
#5244=CARTESIAN_POINT('',(4.,-48.9080770473273,0.));
#5245=CARTESIAN_POINT('Origin',(3.,-48.9080770473273,0.));
#5246=CARTESIAN_POINT('',(3.06122448978996,-49.9062010686042,0.));
#5247=CARTESIAN_POINT('Origin',(3.,-48.9080770473273,0.));
#5248=CARTESIAN_POINT('',(3.06122448978996,-49.9062010686042,5.));
#5249=CARTESIAN_POINT('Origin',(3.,-48.9080770473273,5.));
#5250=CARTESIAN_POINT('',(3.06122448978996,-49.9062010686042,0.));
#5251=CARTESIAN_POINT('Origin',(0.,0.,0.));
#5252=CARTESIAN_POINT('',(-3.06122453931841,-49.9062010655661,0.));
#5253=CARTESIAN_POINT('Origin',(0.,0.,0.));
#5254=CARTESIAN_POINT('',(-3.06122453931841,-49.9062010655661,5.));
#5255=CARTESIAN_POINT('Origin',(0.,0.,5.));
#5256=CARTESIAN_POINT('',(-3.06122453931841,-49.9062010655661,0.));
#5257=CARTESIAN_POINT('Origin',(-3.00000004853789,-48.90807704435,0.));
#5258=CARTESIAN_POINT('',(-4.00000004853789,-48.9080770324715,0.));
#5259=CARTESIAN_POINT('Origin',(-3.00000004853789,-48.90807704435,0.));
#5260=CARTESIAN_POINT('',(-4.00000004853789,-48.9080770324715,5.));
#5261=CARTESIAN_POINT('Origin',(-3.00000004853789,-48.90807704435,5.));
#5262=CARTESIAN_POINT('',(-4.00000004853789,-48.9080770324715,0.));
#5263=CARTESIAN_POINT('Origin',(-4.00000002130497,-46.6154481042414,0.));
#5264=CARTESIAN_POINT('',(-4.00000002130497,-46.6154481042414,0.));
#5265=CARTESIAN_POINT('',(-4.00000004853789,-48.9080770324715,0.));
#5266=CARTESIAN_POINT('',(-4.00000002130497,-46.6154481042414,5.));
#5267=CARTESIAN_POINT('',(-4.00000004853789,-48.9080770324715,5.));
#5268=CARTESIAN_POINT('',(-4.00000002130497,-46.6154481042414,0.));
#5269=CARTESIAN_POINT('Origin',(-6.00000002130496,-46.6154480804844,0.));
#5270=CARTESIAN_POINT('',(-5.74468087146214,-44.6318119919532,0.));
#5271=CARTESIAN_POINT('Origin',(-6.00000002130496,-46.6154480804844,0.));
#5272=CARTESIAN_POINT('',(-5.74468087146214,-44.6318119919532,5.));
#5273=CARTESIAN_POINT('Origin',(-6.00000002130496,-46.6154480804844,5.));
#5274=CARTESIAN_POINT('',(-5.74468087146214,-44.6318119919532,0.));
#5275=CARTESIAN_POINT('Origin',(0.,0.,0.));
#5276=CARTESIAN_POINT('',(-8.3284722386322,-44.2225796417433,0.));
#5277=CARTESIAN_POINT('Origin',(0.,0.,0.));
#5278=CARTESIAN_POINT('',(-8.3284722386322,-44.2225796417433,5.));
#5279=CARTESIAN_POINT('Origin',(0.,0.,5.));
#5280=CARTESIAN_POINT('',(-8.3284722386322,-44.2225796417433,0.));
#5281=CARTESIAN_POINT('Origin',(-8.69862656034918,-46.1880276258208,0.));
#5282=CARTESIAN_POINT('',(-10.6007395929395,-45.5699936370709,0.));
#5283=CARTESIAN_POINT('Origin',(-8.69862656034918,-46.1880276258208,0.));
#5284=CARTESIAN_POINT('',(-10.6007395929395,-45.5699936370709,5.));
#5285=CARTESIAN_POINT('Origin',(-8.69862656034918,-46.1880276258208,5.));
#5286=CARTESIAN_POINT('',(-10.6007395929395,-45.5699936370709,0.));
#5287=CARTESIAN_POINT('Origin',(-11.3092009046428,-47.7504133528258,0.));
#5288=CARTESIAN_POINT('',(-11.3092009046428,-47.7504133528258,0.));
#5289=CARTESIAN_POINT('',(-11.3092009046428,-47.7504133528258,0.));
#5290=CARTESIAN_POINT('',(-11.3092009046428,-47.7504133528258,5.));
#5291=CARTESIAN_POINT('',(-11.3092009046428,-47.7504133528258,5.));
#5292=CARTESIAN_POINT('',(-11.3092009046428,-47.7504133528258,0.));
#5293=CARTESIAN_POINT('Origin',(-12.260257420938,-47.4413963584509,0.));
#5294=CARTESIAN_POINT('',(-12.5104667560348,-48.409588120774,0.));
#5295=CARTESIAN_POINT('Origin',(-12.260257420938,-47.4413963584509,0.));
#5296=CARTESIAN_POINT('',(-12.5104667560348,-48.409588120774,5.));
#5297=CARTESIAN_POINT('Origin',(-12.260257420938,-47.4413963584509,5.));
#5298=CARTESIAN_POINT('',(-12.5104667560348,-48.409588120774,0.));
#5299=CARTESIAN_POINT('Origin',(0.,0.,0.));
#5300=CARTESIAN_POINT('',(-18.3332617999144,-46.5176473206958,0.));
#5301=CARTESIAN_POINT('Origin',(0.,0.,0.));
#5302=CARTESIAN_POINT('',(-18.3332617999144,-46.5176473206958,5.));
#5303=CARTESIAN_POINT('Origin',(0.,0.,5.));
#5304=CARTESIAN_POINT('',(-18.3332617999144,-46.5176473206958,0.));
#5305=CARTESIAN_POINT('Origin',(-17.9665965639511,-45.5872943743706,0.));
#5306=CARTESIAN_POINT('',(-18.9176530765756,-45.2782773686986,0.));
#5307=CARTESIAN_POINT('Origin',(-17.9665965639511,-45.5872943743706,0.));
#5308=CARTESIAN_POINT('',(-18.9176530765756,-45.2782773686986,5.));
#5309=CARTESIAN_POINT('Origin',(-17.9665965639511,-45.5872943743706,5.));
#5310=CARTESIAN_POINT('',(-18.9176530765756,-45.2782773686986,0.));
#5311=CARTESIAN_POINT('Origin',(-18.2091917500568,-43.0978576954739,0.));
#5312=CARTESIAN_POINT('',(-18.2091917500568,-43.0978576954739,0.));
#5313=CARTESIAN_POINT('',(-18.9176530765756,-45.2782773686986,0.));
#5314=CARTESIAN_POINT('',(-18.2091917500568,-43.0978576954739,5.));
#5315=CARTESIAN_POINT('',(-18.9176530765756,-45.2782773686986,5.));
#5316=CARTESIAN_POINT('',(-18.2091917500568,-43.0978576954739,0.));
#5317=CARTESIAN_POINT('Origin',(-20.1113047753059,-42.4798236841298,0.));
#5318=CARTESIAN_POINT('',(-19.2555045721014,-40.6721716124648,0.));
#5319=CARTESIAN_POINT('Origin',(-20.1113047753059,-42.4798236841298,0.));
#5320=CARTESIAN_POINT('',(-19.2555045721014,-40.6721716124648,5.));
#5321=CARTESIAN_POINT('Origin',(-20.1113047753059,-42.4798236841298,5.));
#5322=CARTESIAN_POINT('',(-19.2555045721014,-40.6721716124648,0.));
#5323=CARTESIAN_POINT('Origin',(0.,0.,0.));
#5324=CARTESIAN_POINT('',(-21.5863764377327,-39.4845330767441,0.));
#5325=CARTESIAN_POINT('Origin',(0.,0.,0.));
#5326=CARTESIAN_POINT('',(-21.5863764377327,-39.4845330767441,5.));
#5327=CARTESIAN_POINT('Origin',(0.,0.,5.));
#5328=CARTESIAN_POINT('',(-21.5863764377327,-39.4845330767441,0.));
#5329=CARTESIAN_POINT('Origin',(-22.5457709460764,-41.2394012134883,0.));
#5330=CARTESIAN_POINT('',(-24.1638049348263,-40.0638307089033,0.));
#5331=CARTESIAN_POINT('Origin',(-22.5457709460764,-41.2394012134883,0.));
#5332=CARTESIAN_POINT('',(-24.1638049348263,-40.0638307089033,5.));
#5333=CARTESIAN_POINT('Origin',(-22.5457709460764,-41.2394012134883,5.));
#5334=CARTESIAN_POINT('',(-24.1638049348263,-40.0638307089033,0.));
#5335=CARTESIAN_POINT('Origin',(-25.5113784289032,-41.9186065026569,0.));
#5336=CARTESIAN_POINT('',(-25.5113784289032,-41.9186065026569,0.));
#5337=CARTESIAN_POINT('',(-25.5113784289032,-41.9186065026569,0.));
#5338=CARTESIAN_POINT('',(-25.5113784289032,-41.9186065026569,5.));
#5339=CARTESIAN_POINT('',(-25.5113784289032,-41.9186065026569,5.));
#5340=CARTESIAN_POINT('',(-25.5113784289032,-41.9186065026569,0.));
#5341=CARTESIAN_POINT('Origin',(-26.3203954232781,-41.3308212503645,0.));
#5342=CARTESIAN_POINT('',(-26.8575463502315,-42.1743073982491,0.));
#5343=CARTESIAN_POINT('Origin',(-26.3203954232781,-41.3308212503645,0.));
#5344=CARTESIAN_POINT('',(-26.8575463502315,-42.1743073982491,5.));
#5345=CARTESIAN_POINT('Origin',(-26.3203954232781,-41.3308212503645,5.));
#5346=CARTESIAN_POINT('',(-26.8575463502315,-42.1743073982491,0.));
#5347=CARTESIAN_POINT('Origin',(0.,0.,0.));
#5348=CARTESIAN_POINT('',(-31.8107116601889,-38.5756221485689,0.));
#5349=CARTESIAN_POINT('Origin',(0.,0.,0.));
#5350=CARTESIAN_POINT('',(-31.8107116601889,-38.5756221485689,5.));
#5351=CARTESIAN_POINT('Origin',(0.,0.,5.));
#5352=CARTESIAN_POINT('',(-31.8107116601889,-38.5756221485689,0.));
#5353=CARTESIAN_POINT('Origin',(-31.1744974270458,-37.8041097056711,0.));
#5354=CARTESIAN_POINT('',(-31.9835144144387,-37.2163244437688,0.));
#5355=CARTESIAN_POINT('Origin',(-31.1744974270458,-37.8041097056711,0.));
#5356=CARTESIAN_POINT('',(-31.9835144144387,-37.2163244437688,5.));
#5357=CARTESIAN_POINT('Origin',(-31.1744974270458,-37.8041097056711,5.));
#5358=CARTESIAN_POINT('',(-31.9835144144387,-37.2163244437688,0.));
#5359=CARTESIAN_POINT('Origin',(-30.6359409194141,-35.361548695042,0.));
#5360=CARTESIAN_POINT('',(-30.6359409194141,-35.361548695042,0.));
#5361=CARTESIAN_POINT('',(-31.9835144144387,-37.2163244437688,0.));
#5362=CARTESIAN_POINT('',(-30.6359409194141,-35.3615486950421,5.));
#5363=CARTESIAN_POINT('',(-31.9835144144387,-37.2163244437688,5.));
#5364=CARTESIAN_POINT('',(-30.6359409194141,-35.361548695042,0.));
#5365=CARTESIAN_POINT('Origin',(-32.2539748942,-34.1859781712373,0.));
#5366=CARTESIAN_POINT('',(-30.8814653242341,-32.7312556958655,0.));
#5367=CARTESIAN_POINT('Origin',(-32.2539748942,-34.1859781712373,0.));
#5368=CARTESIAN_POINT('',(-30.8814653242341,-32.7312556958655,5.));
#5369=CARTESIAN_POINT('Origin',(-32.2539748942,-34.1859781712373,5.));
#5370=CARTESIAN_POINT('',(-30.8814653242341,-32.7312556958655,0.));
#5371=CARTESIAN_POINT('Origin',(0.,0.,0.));
#5372=CARTESIAN_POINT('',(-32.7312557099795,-30.8814653092746,0.));
#5373=CARTESIAN_POINT('Origin',(0.,0.,0.));
#5374=CARTESIAN_POINT('',(-32.7312557099795,-30.8814653092746,5.));
#5375=CARTESIAN_POINT('Origin',(0.,0.,5.));
#5376=CARTESIAN_POINT('',(-32.7312557099795,-30.8814653092746,0.));
#5377=CARTESIAN_POINT('Origin',(-34.1859781859786,-32.2539748785757,0.));
#5378=CARTESIAN_POINT('',(-35.3615486905635,-30.6359408898258,0.));
#5379=CARTESIAN_POINT('Origin',(-34.1859781859786,-32.2539748785757,0.));
#5380=CARTESIAN_POINT('',(-35.3615486905635,-30.6359408898258,5.));
#5381=CARTESIAN_POINT('Origin',(-34.1859781859786,-32.2539748785757,5.));
#5382=CARTESIAN_POINT('',(-35.3615486905635,-30.6359408898258,0.));
#5383=CARTESIAN_POINT('Origin',(-37.2163244843172,-31.9835143839028,0.));
#5384=CARTESIAN_POINT('',(-37.2163244843172,-31.9835143839028,0.));
#5385=CARTESIAN_POINT('',(-37.2163244843172,-31.9835143839028,0.));
#5386=CARTESIAN_POINT('',(-37.2163244843172,-31.9835143839028,5.));
#5387=CARTESIAN_POINT('',(-37.2163244843172,-31.9835143839028,5.));
#5388=CARTESIAN_POINT('',(-37.2163244843172,-31.9835143839028,0.));
#5389=CARTESIAN_POINT('Origin',(-37.8041097366096,-31.1744973895278,0.));
#5390=CARTESIAN_POINT('',(-38.5756221801388,-31.8107116219052,0.));
#5391=CARTESIAN_POINT('Origin',(-37.8041097366096,-31.1744973895278,0.));
#5392=CARTESIAN_POINT('',(-38.5756221801388,-31.8107116219052,5.));
#5393=CARTESIAN_POINT('Origin',(-37.8041097366096,-31.1744973895278,5.));
#5394=CARTESIAN_POINT('',(-38.5756221801388,-31.8107116219052,0.));
#5395=CARTESIAN_POINT('Origin',(0.,0.,0.));
#5396=CARTESIAN_POINT('',(-42.1743074249033,-26.8575463083764,0.));
#5397=CARTESIAN_POINT('Origin',(0.,0.,0.));
#5398=CARTESIAN_POINT('',(-42.1743074249033,-26.8575463083764,5.));
#5399=CARTESIAN_POINT('Origin',(0.,0.,5.));
#5400=CARTESIAN_POINT('',(-42.1743074249033,-26.8575463083764,0.));
#5401=CARTESIAN_POINT('Origin',(-41.3308212764856,-26.3203953822601,0.));
#5402=CARTESIAN_POINT('',(-41.9186065191683,-25.5113783809032,0.));
#5403=CARTESIAN_POINT('Origin',(-41.3308212764856,-26.3203953822601,0.));
#5404=CARTESIAN_POINT('',(-41.9186065191683,-25.5113783809032,5.));
#5405=CARTESIAN_POINT('Origin',(-41.3308212764856,-26.3203953822601,5.));
#5406=CARTESIAN_POINT('',(-41.9186065191683,-25.5113783809032,0.));
#5407=CARTESIAN_POINT('Origin',(-40.0638307384273,-24.1638049299423,0.));
#5408=CARTESIAN_POINT('',(-40.0638307384273,-24.1638049299423,0.));
#5409=CARTESIAN_POINT('',(-41.9186065191683,-25.5113783809032,0.));
#5410=CARTESIAN_POINT('',(-40.0638307384273,-24.1638049299423,5.));
#5411=CARTESIAN_POINT('',(-41.9186065191683,-25.5113783809032,5.));
#5412=CARTESIAN_POINT('',(-40.0638307384273,-24.1638049299423,0.));
#5413=CARTESIAN_POINT('Origin',(-41.2394012237925,-22.5457709272285,0.));
#5414=CARTESIAN_POINT('',(-39.4845330866099,-21.5863764196868,0.));
#5415=CARTESIAN_POINT('Origin',(-41.2394012237925,-22.5457709272285,0.));
#5416=CARTESIAN_POINT('',(-39.4845330866099,-21.5863764196868,5.));
#5417=CARTESIAN_POINT('Origin',(-41.2394012237925,-22.5457709272285,5.));
#5418=CARTESIAN_POINT('',(-39.4845330866099,-21.5863764196868,0.));
#5419=CARTESIAN_POINT('Origin',(0.,0.,0.));
#5420=CARTESIAN_POINT('',(-40.6721716212652,-19.2555045535127,0.));
#5421=CARTESIAN_POINT('Origin',(0.,0.,0.));
#5422=CARTESIAN_POINT('',(-40.6721716212652,-19.2555045535127,5.));
#5423=CARTESIAN_POINT('Origin',(0.,0.,5.));
#5424=CARTESIAN_POINT('',(-40.6721716212652,-19.2555045535127,0.));
#5425=CARTESIAN_POINT('Origin',(-42.4798236933215,-20.111304755891,0.));
#5426=CARTESIAN_POINT('',(-43.0978576820714,-18.2091917233007,0.));
#5427=CARTESIAN_POINT('Origin',(-42.4798236933215,-20.111304755891,0.));
#5428=CARTESIAN_POINT('',(-43.0978576820714,-18.2091917233007,5.));
#5429=CARTESIAN_POINT('Origin',(-42.4798236933215,-20.111304755891,5.));
#5430=CARTESIAN_POINT('',(-43.0978576820714,-18.2091917233007,0.));
#5431=CARTESIAN_POINT('Origin',(-45.2782773978262,-18.917653035004,0.));
#5432=CARTESIAN_POINT('',(-45.2782773978262,-18.917653035004,0.));
#5433=CARTESIAN_POINT('',(-45.2782773978262,-18.917653035004,0.));
#5434=CARTESIAN_POINT('',(-45.2782773978262,-18.917653035004,5.));
#5435=CARTESIAN_POINT('',(-45.2782773978262,-18.917653035004,5.));
#5436=CARTESIAN_POINT('',(-45.2782773978262,-18.917653035004,0.));
#5437=CARTESIAN_POINT('Origin',(-45.5872943922012,-17.9665965187089,0.));
#5438=CARTESIAN_POINT('',(-46.5176473388902,-18.3332617537489,0.));
#5439=CARTESIAN_POINT('Origin',(-45.5872943922012,-17.9665965187089,0.));
#5440=CARTESIAN_POINT('',(-46.5176473388902,-18.3332617537489,5.));
#5441=CARTESIAN_POINT('Origin',(-45.5872943922012,-17.9665965187089,5.));
#5442=CARTESIAN_POINT('',(-46.5176473388902,-18.3332617537489,0.));
#5443=CARTESIAN_POINT('Origin',(0.,0.,0.));
#5444=CARTESIAN_POINT('',(-48.4095881331898,-12.5104667079916,0.));
#5445=CARTESIAN_POINT('Origin',(0.,0.,0.));
#5446=CARTESIAN_POINT('',(-48.4095881331898,-12.5104667079916,5.));
#5447=CARTESIAN_POINT('Origin',(0.,0.,5.));
#5448=CARTESIAN_POINT('',(-48.4095881331898,-12.5104667079916,0.));
#5449=CARTESIAN_POINT('Origin',(-47.4413963706183,-12.2602573738557,0.));
#5450=CARTESIAN_POINT('',(-47.7504133536962,-11.3092008538899,0.));
#5451=CARTESIAN_POINT('Origin',(-47.4413963706183,-12.2602573738557,0.));
#5452=CARTESIAN_POINT('',(-47.7504133536962,-11.3092008538899,5.));
#5453=CARTESIAN_POINT('Origin',(-47.4413963706183,-12.2602573738557,5.));
#5454=CARTESIAN_POINT('',(-47.7504133536962,-11.3092008538899,0.));
#5455=CARTESIAN_POINT('Origin',(-45.5699936636407,-10.6007395791712,0.));
#5456=CARTESIAN_POINT('',(-45.5699936636407,-10.6007395791712,0.));
#5457=CARTESIAN_POINT('',(-47.7504133536962,-11.3092008538899,0.));
#5458=CARTESIAN_POINT('',(-45.5699936636407,-10.6007395791712,5.));
#5459=CARTESIAN_POINT('',(-47.7504133536962,-11.3092008538899,5.));
#5460=CARTESIAN_POINT('',(-45.5699936636407,-10.6007395791712,0.));
#5461=CARTESIAN_POINT('Origin',(-46.1880276297964,-8.69862653923959,0.));
#5462=CARTESIAN_POINT('',(-44.2225796455498,-8.32847221842088,0.));
#5463=CARTESIAN_POINT('Origin',(-46.1880276297964,-8.69862653923959,0.));
#5464=CARTESIAN_POINT('',(-44.2225796455498,-8.32847221842088,5.));
#5465=CARTESIAN_POINT('Origin',(-46.1880276297964,-8.69862653923959,5.));
#5466=CARTESIAN_POINT('',(-44.2225796455498,-8.32847221842088,0.));
#5467=CARTESIAN_POINT('Origin',(0.,0.,0.));
#5468=CARTESIAN_POINT('',(-44.6318119945787,-5.74468085106384,0.));
#5469=CARTESIAN_POINT('Origin',(0.,0.,0.));
#5470=CARTESIAN_POINT('',(-44.6318119945787,-5.74468085106385,5.));
#5471=CARTESIAN_POINT('Origin',(0.,0.,5.));
#5472=CARTESIAN_POINT('',(-44.6318119945787,-5.74468085106384,0.));
#5473=CARTESIAN_POINT('Origin',(-46.6154480832267,-6.00000000000002,0.));
#5474=CARTESIAN_POINT('',(-46.6154480832267,-4.00000000000001,0.));
#5475=CARTESIAN_POINT('Origin',(-46.6154480832267,-6.00000000000002,0.));
#5476=CARTESIAN_POINT('',(-46.6154480832267,-4.00000000000001,5.));
#5477=CARTESIAN_POINT('Origin',(-46.6154480832267,-6.00000000000002,5.));
#5478=CARTESIAN_POINT('',(-46.6154480832267,-4.00000000000001,0.));
#5479=CARTESIAN_POINT('Origin',(-48.9080770473273,-4.00000000000001,0.));
#5480=CARTESIAN_POINT('',(-48.9080770473273,-4.00000000000002,0.));
#5481=CARTESIAN_POINT('',(-48.9080770473273,-4.00000000000001,0.));
#5482=CARTESIAN_POINT('',(-48.9080770473273,-4.00000000000002,5.));
#5483=CARTESIAN_POINT('',(-48.9080770473273,-4.00000000000001,5.));
#5484=CARTESIAN_POINT('',(-48.9080770473273,-4.00000000000002,0.));
#5485=CARTESIAN_POINT('Origin',(-48.9080770473273,-3.00000000000002,0.));
#5486=CARTESIAN_POINT('',(-49.9062010686042,-3.06122448978997,0.));
#5487=CARTESIAN_POINT('Origin',(-48.9080770473273,-3.00000000000002,0.));
#5488=CARTESIAN_POINT('',(-49.9062010686042,-3.06122448978997,5.));
#5489=CARTESIAN_POINT('Origin',(-48.9080770473273,-3.00000000000002,5.));
#5490=CARTESIAN_POINT('',(-49.9062010686042,-3.06122448978997,0.));
#5491=CARTESIAN_POINT('Origin',(0.,0.,0.));
#5492=CARTESIAN_POINT('',(-49.9062010655661,3.06122453931839,0.));
#5493=CARTESIAN_POINT('Origin',(0.,0.,0.));
#5494=CARTESIAN_POINT('',(-49.9062010655661,3.06122453931839,5.));
#5495=CARTESIAN_POINT('Origin',(0.,0.,5.));
#5496=CARTESIAN_POINT('',(-49.9062010655661,3.06122453931839,0.));
#5497=CARTESIAN_POINT('Origin',(-48.90807704435,3.00000004853787,0.));
#5498=CARTESIAN_POINT('',(-48.9080770324715,4.00000004853787,0.));
#5499=CARTESIAN_POINT('Origin',(-48.90807704435,3.00000004853787,0.));
#5500=CARTESIAN_POINT('',(-48.9080770324715,4.00000004853787,5.));
#5501=CARTESIAN_POINT('Origin',(-48.90807704435,3.00000004853787,5.));
#5502=CARTESIAN_POINT('',(-48.9080770324715,4.00000004853787,0.));
#5503=CARTESIAN_POINT('Origin',(-46.6154481042414,4.00000002130495,0.));
#5504=CARTESIAN_POINT('',(-46.6154481042414,4.00000002130495,0.));
#5505=CARTESIAN_POINT('',(-48.9080770324715,4.00000004853787,0.));
#5506=CARTESIAN_POINT('',(-46.6154481042414,4.00000002130495,5.));
#5507=CARTESIAN_POINT('',(-48.9080770324715,4.00000004853787,5.));
#5508=CARTESIAN_POINT('',(-46.6154481042414,4.00000002130495,0.));
#5509=CARTESIAN_POINT('Origin',(-46.6154480804844,6.00000002130495,0.));
#5510=CARTESIAN_POINT('',(-44.6318119919532,5.74468087146219,0.));
#5511=CARTESIAN_POINT('Origin',(-46.6154480804844,6.00000002130495,0.));
#5512=CARTESIAN_POINT('',(-44.6318119919532,5.74468087146219,5.));
#5513=CARTESIAN_POINT('Origin',(-46.6154480804844,6.00000002130495,5.));
#5514=CARTESIAN_POINT('',(-44.6318119919532,5.74468087146219,0.));
#5515=CARTESIAN_POINT('Origin',(0.,0.,0.));
#5516=CARTESIAN_POINT('',(-44.2225796417433,8.32847223863219,0.));
#5517=CARTESIAN_POINT('Origin',(0.,0.,0.));
#5518=CARTESIAN_POINT('',(-44.2225796417433,8.3284722386322,5.));
#5519=CARTESIAN_POINT('Origin',(0.,0.,5.));
#5520=CARTESIAN_POINT('',(-44.2225796417433,8.32847223863219,0.));
#5521=CARTESIAN_POINT('Origin',(-46.1880276258208,8.69862656034918,0.));
#5522=CARTESIAN_POINT('',(-45.5699936370709,10.6007395929395,0.));
#5523=CARTESIAN_POINT('Origin',(-46.1880276258208,8.69862656034918,0.));
#5524=CARTESIAN_POINT('',(-45.5699936370709,10.6007395929395,5.));
#5525=CARTESIAN_POINT('Origin',(-46.1880276258208,8.69862656034918,5.));
#5526=CARTESIAN_POINT('',(-45.5699936370709,10.6007395929395,0.));
#5527=CARTESIAN_POINT('Origin',(-47.7504133528258,11.3092009046428,0.));
#5528=CARTESIAN_POINT('',(-47.7504133528258,11.3092009046428,0.));
#5529=CARTESIAN_POINT('',(-47.7504133528258,11.3092009046428,0.));
#5530=CARTESIAN_POINT('',(-47.7504133528258,11.3092009046428,5.));
#5531=CARTESIAN_POINT('',(-47.7504133528258,11.3092009046428,5.));
#5532=CARTESIAN_POINT('',(-47.7504133528258,11.3092009046428,0.));
#5533=CARTESIAN_POINT('Origin',(-47.4413963584509,12.260257420938,0.));
#5534=CARTESIAN_POINT('',(-48.409588120774,12.5104667560348,0.));
#5535=CARTESIAN_POINT('Origin',(-47.4413963584509,12.260257420938,0.));
#5536=CARTESIAN_POINT('',(-48.409588120774,12.5104667560348,5.));
#5537=CARTESIAN_POINT('Origin',(-47.4413963584509,12.260257420938,5.));
#5538=CARTESIAN_POINT('',(-48.409588120774,12.5104667560348,0.));
#5539=CARTESIAN_POINT('Origin',(0.,0.,0.));
#5540=CARTESIAN_POINT('',(-46.5176473206958,18.3332617999144,0.));
#5541=CARTESIAN_POINT('Origin',(0.,0.,0.));
#5542=CARTESIAN_POINT('',(-46.5176473206958,18.3332617999144,5.));
#5543=CARTESIAN_POINT('Origin',(0.,0.,5.));
#5544=CARTESIAN_POINT('',(-46.5176473206958,18.3332617999144,0.));
#5545=CARTESIAN_POINT('Origin',(-45.5872943743706,17.9665965639511,0.));
#5546=CARTESIAN_POINT('',(-45.2782773686986,18.9176530765756,0.));
#5547=CARTESIAN_POINT('Origin',(-45.5872943743706,17.9665965639511,0.));
#5548=CARTESIAN_POINT('',(-45.2782773686986,18.9176530765756,5.));
#5549=CARTESIAN_POINT('Origin',(-45.5872943743706,17.9665965639511,5.));
#5550=CARTESIAN_POINT('',(-45.2782773686986,18.9176530765756,0.));
#5551=CARTESIAN_POINT('Origin',(-43.0978576954739,18.2091917500568,0.));
#5552=CARTESIAN_POINT('',(-43.0978576954739,18.2091917500568,0.));
#5553=CARTESIAN_POINT('',(-45.2782773686986,18.9176530765756,0.));
#5554=CARTESIAN_POINT('',(-43.0978576954739,18.2091917500568,5.));
#5555=CARTESIAN_POINT('',(-45.2782773686986,18.9176530765756,5.));
#5556=CARTESIAN_POINT('',(-43.0978576954739,18.2091917500568,0.));
#5557=CARTESIAN_POINT('Origin',(-42.4798236841298,20.1113047753059,0.));
#5558=CARTESIAN_POINT('',(-40.6721716124648,19.2555045721013,0.));
#5559=CARTESIAN_POINT('Origin',(-42.4798236841298,20.1113047753059,0.));
#5560=CARTESIAN_POINT('',(-40.6721716124648,19.2555045721013,5.));
#5561=CARTESIAN_POINT('Origin',(-42.4798236841298,20.1113047753059,5.));
#5562=CARTESIAN_POINT('',(-40.6721716124648,19.2555045721013,0.));
#5563=CARTESIAN_POINT('Origin',(0.,0.,0.));
#5564=CARTESIAN_POINT('',(-39.4845330767441,21.5863764377327,0.));
#5565=CARTESIAN_POINT('Origin',(0.,0.,0.));
#5566=CARTESIAN_POINT('',(-39.4845330767441,21.5863764377327,5.));
#5567=CARTESIAN_POINT('Origin',(0.,0.,5.));
#5568=CARTESIAN_POINT('',(-39.4845330767441,21.5863764377327,0.));
#5569=CARTESIAN_POINT('Origin',(-41.2394012134883,22.5457709460764,0.));
#5570=CARTESIAN_POINT('',(-40.0638307089033,24.1638049348263,0.));
#5571=CARTESIAN_POINT('Origin',(-41.2394012134883,22.5457709460764,0.));
#5572=CARTESIAN_POINT('',(-40.0638307089033,24.1638049348263,5.));
#5573=CARTESIAN_POINT('Origin',(-41.2394012134883,22.5457709460764,5.));
#5574=CARTESIAN_POINT('',(-40.0638307089033,24.1638049348263,0.));
#5575=CARTESIAN_POINT('Origin',(-41.9186065026569,25.5113784289032,0.));
#5576=CARTESIAN_POINT('',(-41.9186065026569,25.5113784289032,0.));
#5577=CARTESIAN_POINT('',(-41.9186065026569,25.5113784289032,0.));
#5578=CARTESIAN_POINT('',(-41.9186065026569,25.5113784289032,5.));
#5579=CARTESIAN_POINT('',(-41.9186065026569,25.5113784289032,5.));
#5580=CARTESIAN_POINT('',(-41.9186065026569,25.5113784289032,0.));
#5581=CARTESIAN_POINT('Origin',(-41.3308212503645,26.3203954232781,0.));
#5582=CARTESIAN_POINT('',(-42.1743073982491,26.8575463502315,0.));
#5583=CARTESIAN_POINT('Origin',(-41.3308212503645,26.3203954232781,0.));
#5584=CARTESIAN_POINT('',(-42.1743073982491,26.8575463502315,5.));
#5585=CARTESIAN_POINT('Origin',(-41.3308212503645,26.3203954232781,5.));
#5586=CARTESIAN_POINT('',(-42.1743073982491,26.8575463502315,0.));
#5587=CARTESIAN_POINT('Origin',(0.,0.,0.));
#5588=CARTESIAN_POINT('',(-38.5756221485689,31.8107116601889,0.));
#5589=CARTESIAN_POINT('Origin',(0.,0.,0.));
#5590=CARTESIAN_POINT('',(-38.5756221485689,31.8107116601889,5.));
#5591=CARTESIAN_POINT('Origin',(0.,0.,5.));
#5592=CARTESIAN_POINT('',(-38.5756221485689,31.8107116601889,0.));
#5593=CARTESIAN_POINT('Origin',(-37.8041097056711,31.1744974270458,0.));
#5594=CARTESIAN_POINT('',(-37.2163244437688,31.9835144144387,0.));
#5595=CARTESIAN_POINT('Origin',(-37.8041097056711,31.1744974270458,0.));
#5596=CARTESIAN_POINT('',(-37.2163244437688,31.9835144144387,5.));
#5597=CARTESIAN_POINT('Origin',(-37.8041097056711,31.1744974270458,5.));
#5598=CARTESIAN_POINT('',(-37.2163244437688,31.9835144144387,0.));
#5599=CARTESIAN_POINT('Origin',(-35.3615486950421,30.6359409194141,0.));
#5600=CARTESIAN_POINT('',(-35.3615486950421,30.6359409194141,0.));
#5601=CARTESIAN_POINT('',(-37.2163244437688,31.9835144144387,0.));
#5602=CARTESIAN_POINT('',(-35.3615486950421,30.6359409194141,5.));
#5603=CARTESIAN_POINT('',(-37.2163244437688,31.9835144144387,5.));
#5604=CARTESIAN_POINT('',(-35.3615486950421,30.6359409194141,0.));
#5605=CARTESIAN_POINT('Origin',(-34.1859781712374,32.2539748942,0.));
#5606=CARTESIAN_POINT('',(-32.7312556958657,30.8814653242339,0.));
#5607=CARTESIAN_POINT('Origin',(-34.1859781712374,32.2539748942,0.));
#5608=CARTESIAN_POINT('',(-32.7312556958657,30.8814653242339,5.));
#5609=CARTESIAN_POINT('Origin',(-34.1859781712374,32.2539748942,5.));
#5610=CARTESIAN_POINT('',(-32.7312556958657,30.8814653242339,0.));
#5611=CARTESIAN_POINT('Origin',(0.,0.,0.));
#5612=CARTESIAN_POINT('',(-30.8814653092747,32.7312557099795,0.));
#5613=CARTESIAN_POINT('Origin',(0.,0.,0.));
#5614=CARTESIAN_POINT('',(-30.8814653092747,32.7312557099795,5.));
#5615=CARTESIAN_POINT('Origin',(0.,0.,5.));
#5616=CARTESIAN_POINT('',(-30.8814653092747,32.7312557099795,0.));
#5617=CARTESIAN_POINT('Origin',(-32.2539748785757,34.1859781859786,0.));
#5618=CARTESIAN_POINT('',(-30.6359408898259,35.3615486905635,0.));
#5619=CARTESIAN_POINT('Origin',(-32.2539748785757,34.1859781859786,0.));
#5620=CARTESIAN_POINT('',(-30.6359408898259,35.3615486905635,5.));
#5621=CARTESIAN_POINT('Origin',(-32.2539748785757,34.1859781859786,5.));
#5622=CARTESIAN_POINT('',(-30.6359408898259,35.3615486905635,0.));
#5623=CARTESIAN_POINT('Origin',(-31.9835143839028,37.2163244843172,0.));
#5624=CARTESIAN_POINT('',(-31.9835143839028,37.2163244843172,0.));
#5625=CARTESIAN_POINT('',(-31.9835143839028,37.2163244843172,0.));
#5626=CARTESIAN_POINT('',(-31.9835143839028,37.2163244843172,5.));
#5627=CARTESIAN_POINT('',(-31.9835143839028,37.2163244843172,5.));
#5628=CARTESIAN_POINT('',(-31.9835143839028,37.2163244843172,0.));
#5629=CARTESIAN_POINT('Origin',(-31.1744973895278,37.8041097366096,0.));
#5630=CARTESIAN_POINT('',(-31.8107116219052,38.5756221801389,0.));
#5631=CARTESIAN_POINT('Origin',(-31.1744973895278,37.8041097366096,0.));
#5632=CARTESIAN_POINT('',(-31.8107116219052,38.5756221801389,5.));
#5633=CARTESIAN_POINT('Origin',(-31.1744973895278,37.8041097366096,5.));
#5634=CARTESIAN_POINT('',(-31.8107116219052,38.5756221801389,0.));
#5635=CARTESIAN_POINT('Origin',(0.,0.,0.));
#5636=CARTESIAN_POINT('',(-26.8575463083764,42.1743074249033,0.));
#5637=CARTESIAN_POINT('Origin',(0.,0.,0.));
#5638=CARTESIAN_POINT('',(-26.8575463083764,42.1743074249033,5.));
#5639=CARTESIAN_POINT('Origin',(0.,0.,5.));
#5640=CARTESIAN_POINT('',(-26.8575463083764,42.1743074249033,0.));
#5641=CARTESIAN_POINT('Origin',(-26.3203953822601,41.3308212764857,0.));
#5642=CARTESIAN_POINT('',(-25.5113783809032,41.9186065191683,0.));
#5643=CARTESIAN_POINT('Origin',(-26.3203953822601,41.3308212764857,0.));
#5644=CARTESIAN_POINT('',(-25.5113783809032,41.9186065191683,5.));
#5645=CARTESIAN_POINT('Origin',(-26.3203953822601,41.3308212764857,5.));
#5646=CARTESIAN_POINT('',(-25.5113783809032,41.9186065191683,0.));
#5647=CARTESIAN_POINT('Origin',(-24.1638049299423,40.0638307384273,0.));
#5648=CARTESIAN_POINT('',(-24.1638049299423,40.0638307384273,0.));
#5649=CARTESIAN_POINT('',(-25.5113783809032,41.9186065191683,0.));
#5650=CARTESIAN_POINT('',(-24.1638049299423,40.0638307384273,5.));
#5651=CARTESIAN_POINT('',(-25.5113783809032,41.9186065191683,5.));
#5652=CARTESIAN_POINT('',(-24.1638049299423,40.0638307384273,0.));
#5653=CARTESIAN_POINT('Origin',(-22.5457709272285,41.2394012237925,0.));
#5654=CARTESIAN_POINT('',(-21.5863764196869,39.4845330866098,0.));
#5655=CARTESIAN_POINT('Origin',(-22.5457709272285,41.2394012237925,0.));
#5656=CARTESIAN_POINT('',(-21.5863764196869,39.4845330866098,5.));
#5657=CARTESIAN_POINT('Origin',(-22.5457709272285,41.2394012237925,5.));
#5658=CARTESIAN_POINT('',(-21.5863764196869,39.4845330866098,0.));
#5659=CARTESIAN_POINT('Origin',(0.,0.,0.));
#5660=CARTESIAN_POINT('',(-19.2555045535127,40.6721716212652,0.));
#5661=CARTESIAN_POINT('Origin',(0.,0.,0.));
#5662=CARTESIAN_POINT('',(-19.2555045535127,40.6721716212652,5.));
#5663=CARTESIAN_POINT('Origin',(0.,0.,5.));
#5664=CARTESIAN_POINT('',(-19.2555045535127,40.6721716212652,0.));
#5665=CARTESIAN_POINT('Origin',(-20.111304755891,42.4798236933214,0.));
#5666=CARTESIAN_POINT('',(-18.2091917233007,43.0978576820713,0.));
#5667=CARTESIAN_POINT('Origin',(-20.111304755891,42.4798236933214,0.));
#5668=CARTESIAN_POINT('',(-18.2091917233007,43.0978576820713,5.));
#5669=CARTESIAN_POINT('Origin',(-20.111304755891,42.4798236933214,5.));
#5670=CARTESIAN_POINT('',(-18.2091917233007,43.0978576820713,0.));
#5671=CARTESIAN_POINT('Origin',(-18.917653035004,45.2782773978262,0.));
#5672=CARTESIAN_POINT('',(-18.9176530350041,45.2782773978262,0.));
#5673=CARTESIAN_POINT('',(-18.917653035004,45.2782773978262,0.));
#5674=CARTESIAN_POINT('',(-18.9176530350041,45.2782773978262,5.));
#5675=CARTESIAN_POINT('',(-18.917653035004,45.2782773978262,5.));
#5676=CARTESIAN_POINT('',(-18.9176530350041,45.2782773978262,0.));
#5677=CARTESIAN_POINT('Origin',(-17.9665965187089,45.5872943922012,0.));
#5678=CARTESIAN_POINT('',(-18.333261753749,46.5176473388902,0.));
#5679=CARTESIAN_POINT('Origin',(-17.9665965187089,45.5872943922012,0.));
#5680=CARTESIAN_POINT('',(-18.333261753749,46.5176473388902,5.));
#5681=CARTESIAN_POINT('Origin',(-17.9665965187089,45.5872943922012,5.));
#5682=CARTESIAN_POINT('',(-18.333261753749,46.5176473388902,0.));
#5683=CARTESIAN_POINT('Origin',(0.,0.,0.));
#5684=CARTESIAN_POINT('',(-12.5104667079916,48.4095881331898,0.));
#5685=CARTESIAN_POINT('Origin',(0.,0.,0.));
#5686=CARTESIAN_POINT('',(-12.5104667079916,48.4095881331898,5.));
#5687=CARTESIAN_POINT('Origin',(0.,0.,5.));
#5688=CARTESIAN_POINT('',(-12.5104667079916,48.4095881331898,0.));
#5689=CARTESIAN_POINT('Origin',(-12.2602573738557,47.4413963706183,0.));
#5690=CARTESIAN_POINT('',(-11.3092008538899,47.7504133536962,0.));
#5691=CARTESIAN_POINT('Origin',(-12.2602573738557,47.4413963706183,0.));
#5692=CARTESIAN_POINT('',(-11.3092008538899,47.7504133536962,5.));
#5693=CARTESIAN_POINT('Origin',(-12.2602573738557,47.4413963706183,5.));
#5694=CARTESIAN_POINT('',(-11.3092008538899,47.7504133536962,0.));
#5695=CARTESIAN_POINT('Origin',(-10.6007395791712,45.5699936636407,0.));
#5696=CARTESIAN_POINT('',(-10.6007395791712,45.5699936636407,0.));
#5697=CARTESIAN_POINT('',(-11.3092008538899,47.7504133536962,0.));
#5698=CARTESIAN_POINT('',(-10.6007395791712,45.5699936636407,5.));
#5699=CARTESIAN_POINT('',(-11.3092008538899,47.7504133536962,5.));
#5700=CARTESIAN_POINT('',(-10.6007395791712,45.5699936636407,0.));
#5701=CARTESIAN_POINT('Origin',(-8.69862653923958,46.1880276297964,0.));
#5702=CARTESIAN_POINT('',(-8.32847221842087,44.2225796455498,0.));
#5703=CARTESIAN_POINT('Origin',(-8.69862653923958,46.1880276297964,0.));
#5704=CARTESIAN_POINT('',(-8.32847221842087,44.2225796455498,5.));
#5705=CARTESIAN_POINT('Origin',(-8.69862653923958,46.1880276297964,5.));
#5706=CARTESIAN_POINT('',(-8.32847221842087,44.2225796455498,0.));
#5707=CARTESIAN_POINT('Origin',(0.,0.,0.));
#5708=CARTESIAN_POINT('',(-5.74468085106383,44.6318119945787,0.));
#5709=CARTESIAN_POINT('Origin',(0.,0.,0.));
#5710=CARTESIAN_POINT('',(-5.74468085106383,44.6318119945787,5.));
#5711=CARTESIAN_POINT('Origin',(0.,0.,5.));
#5712=CARTESIAN_POINT('',(-5.74468085106383,44.6318119945787,0.));
#5713=CARTESIAN_POINT('Origin',(-6.00000000000001,46.6154480832267,0.));
#5714=CARTESIAN_POINT('',(-4.,46.6154480832267,0.));
#5715=CARTESIAN_POINT('Origin',(-6.00000000000001,46.6154480832267,0.));
#5716=CARTESIAN_POINT('',(-4.,46.6154480832267,5.));
#5717=CARTESIAN_POINT('Origin',(-6.00000000000001,46.6154480832267,5.));
#5718=CARTESIAN_POINT('',(-4.,46.6154480832267,0.));
#5719=CARTESIAN_POINT('Origin',(-4.,48.9080770473273,0.));
#5720=CARTESIAN_POINT('',(-4.00000000000001,48.9080770473273,0.));
#5721=CARTESIAN_POINT('',(-4.,48.9080770473273,0.));
#5722=CARTESIAN_POINT('',(-4.00000000000001,48.9080770473273,5.));
#5723=CARTESIAN_POINT('',(-4.,48.9080770473273,5.));
#5724=CARTESIAN_POINT('',(-4.00000000000001,48.9080770473273,0.));
#5725=CARTESIAN_POINT('Origin',(-3.00000000000001,48.9080770473273,0.));
#5726=CARTESIAN_POINT('',(-3.06122448978996,49.9062010686042,0.));
#5727=CARTESIAN_POINT('Origin',(-3.00000000000001,48.9080770473273,0.));
#5728=CARTESIAN_POINT('',(-3.06122448978996,49.9062010686042,5.));
#5729=CARTESIAN_POINT('Origin',(-3.00000000000001,48.9080770473273,5.));
#5730=CARTESIAN_POINT('',(-3.06122448978996,49.9062010686042,0.));
#5731=CARTESIAN_POINT('Origin',(0.,0.,0.));
#5732=CARTESIAN_POINT('',(3.06122453931841,49.9062010655661,0.));
#5733=CARTESIAN_POINT('Origin',(0.,0.,0.));
#5734=CARTESIAN_POINT('',(3.06122453931841,49.9062010655661,5.));
#5735=CARTESIAN_POINT('Origin',(0.,0.,5.));
#5736=CARTESIAN_POINT('',(3.06122453931841,49.9062010655661,0.));
#5737=CARTESIAN_POINT('Origin',(3.00000004853789,48.90807704435,0.));
#5738=CARTESIAN_POINT('',(4.00000004853788,48.9080770324715,0.));
#5739=CARTESIAN_POINT('Origin',(3.00000004853789,48.90807704435,0.));
#5740=CARTESIAN_POINT('',(4.00000004853788,48.9080770324715,5.));
#5741=CARTESIAN_POINT('Origin',(3.00000004853789,48.90807704435,5.));
#5742=CARTESIAN_POINT('',(4.00000004853788,48.9080770324715,0.));
#5743=CARTESIAN_POINT('Origin',(4.00000002130496,46.6154481042414,0.));
#5744=CARTESIAN_POINT('',(4.00000002130497,46.6154481042414,0.));
#5745=CARTESIAN_POINT('',(4.00000004853788,48.9080770324715,0.));
#5746=CARTESIAN_POINT('',(4.00000002130497,46.6154481042414,5.));
#5747=CARTESIAN_POINT('',(4.00000004853788,48.9080770324715,5.));
#5748=CARTESIAN_POINT('',(4.00000002130497,46.6154481042414,0.));
#5749=CARTESIAN_POINT('Origin',(6.00000002130496,46.6154480804844,0.));
#5750=CARTESIAN_POINT('',(5.7446808714622,44.6318119919532,0.));
#5751=CARTESIAN_POINT('Origin',(6.00000002130496,46.6154480804844,0.));
#5752=CARTESIAN_POINT('',(5.7446808714622,44.6318119919532,5.));
#5753=CARTESIAN_POINT('Origin',(6.00000002130496,46.6154480804844,5.));
#5754=CARTESIAN_POINT('',(5.7446808714622,44.6318119919532,0.));
#5755=CARTESIAN_POINT('Origin',(0.,0.,0.));
#5756=CARTESIAN_POINT('',(8.3284722386322,44.2225796417433,0.));
#5757=CARTESIAN_POINT('Origin',(0.,0.,0.));
#5758=CARTESIAN_POINT('',(8.32847223863221,44.2225796417433,5.));
#5759=CARTESIAN_POINT('Origin',(0.,0.,5.));
#5760=CARTESIAN_POINT('',(8.3284722386322,44.2225796417433,0.));
#5761=CARTESIAN_POINT('Origin',(8.69862656034919,46.1880276258208,0.));
#5762=CARTESIAN_POINT('',(10.6007395929395,45.5699936370709,0.));
#5763=CARTESIAN_POINT('Origin',(8.69862656034919,46.1880276258208,0.));
#5764=CARTESIAN_POINT('',(10.6007395929395,45.5699936370709,5.));
#5765=CARTESIAN_POINT('Origin',(8.69862656034919,46.1880276258208,5.));
#5766=CARTESIAN_POINT('',(10.6007395929395,45.5699936370709,0.));
#5767=CARTESIAN_POINT('Origin',(11.3092009046428,47.7504133528258,0.));
#5768=CARTESIAN_POINT('',(11.3092009046428,47.7504133528258,0.));
#5769=CARTESIAN_POINT('',(11.3092009046428,47.7504133528258,0.));
#5770=CARTESIAN_POINT('',(11.3092009046428,47.7504133528258,5.));
#5771=CARTESIAN_POINT('',(11.3092009046428,47.7504133528258,5.));
#5772=CARTESIAN_POINT('',(11.3092009046428,47.7504133528258,0.));
#5773=CARTESIAN_POINT('Origin',(12.260257420938,47.4413963584509,0.));
#5774=CARTESIAN_POINT('',(12.5104667560348,48.409588120774,0.));
#5775=CARTESIAN_POINT('Origin',(12.260257420938,47.4413963584509,0.));
#5776=CARTESIAN_POINT('',(12.5104667560348,48.409588120774,5.));
#5777=CARTESIAN_POINT('Origin',(12.260257420938,47.4413963584509,5.));
#5778=CARTESIAN_POINT('',(12.5104667560348,48.409588120774,0.));
#5779=CARTESIAN_POINT('Origin',(0.,0.,0.));
#5780=CARTESIAN_POINT('',(18.3332617999144,46.5176473206958,0.));
#5781=CARTESIAN_POINT('Origin',(0.,0.,0.));
#5782=CARTESIAN_POINT('',(18.3332617999144,46.5176473206958,5.));
#5783=CARTESIAN_POINT('Origin',(0.,0.,5.));
#5784=CARTESIAN_POINT('',(18.3332617999144,46.5176473206958,0.));
#5785=CARTESIAN_POINT('Origin',(17.9665965639511,45.5872943743706,0.));
#5786=CARTESIAN_POINT('',(18.9176530765756,45.2782773686986,0.));
#5787=CARTESIAN_POINT('Origin',(17.9665965639511,45.5872943743706,0.));
#5788=CARTESIAN_POINT('',(18.9176530765756,45.2782773686986,5.));
#5789=CARTESIAN_POINT('Origin',(17.9665965639511,45.5872943743706,5.));
#5790=CARTESIAN_POINT('',(18.9176530765756,45.2782773686986,0.));
#5791=CARTESIAN_POINT('Origin',(18.2091917500569,43.0978576954739,0.));
#5792=CARTESIAN_POINT('',(18.2091917500568,43.0978576954739,0.));
#5793=CARTESIAN_POINT('',(18.9176530765756,45.2782773686986,0.));
#5794=CARTESIAN_POINT('',(18.2091917500568,43.0978576954739,5.));
#5795=CARTESIAN_POINT('',(18.9176530765756,45.2782773686986,5.));
#5796=CARTESIAN_POINT('',(18.2091917500568,43.0978576954739,0.));
#5797=CARTESIAN_POINT('Origin',(20.1113047753059,42.4798236841298,0.));
#5798=CARTESIAN_POINT('',(19.2555045721012,40.6721716124648,0.));
#5799=CARTESIAN_POINT('Origin',(20.1113047753059,42.4798236841298,0.));
#5800=CARTESIAN_POINT('',(19.2555045721012,40.6721716124648,5.));
#5801=CARTESIAN_POINT('Origin',(20.1113047753059,42.4798236841298,5.));
#5802=CARTESIAN_POINT('',(19.2555045721012,40.6721716124648,0.));
#5803=CARTESIAN_POINT('Origin',(0.,0.,0.));
#5804=CARTESIAN_POINT('',(21.5863764377327,39.4845330767441,0.));
#5805=CARTESIAN_POINT('Origin',(0.,0.,0.));
#5806=CARTESIAN_POINT('',(21.5863764377327,39.4845330767441,5.));
#5807=CARTESIAN_POINT('Origin',(0.,0.,5.));
#5808=CARTESIAN_POINT('',(21.5863764377327,39.4845330767441,0.));
#5809=CARTESIAN_POINT('Origin',(22.5457709460764,41.2394012134883,0.));
#5810=CARTESIAN_POINT('',(24.1638049348263,40.0638307089033,0.));
#5811=CARTESIAN_POINT('Origin',(22.5457709460764,41.2394012134883,0.));
#5812=CARTESIAN_POINT('',(24.1638049348263,40.0638307089033,5.));
#5813=CARTESIAN_POINT('Origin',(22.5457709460764,41.2394012134883,5.));
#5814=CARTESIAN_POINT('',(24.1638049348263,40.0638307089033,0.));
#5815=CARTESIAN_POINT('Origin',(25.5113784289032,41.9186065026569,0.));
#5816=CARTESIAN_POINT('',(25.5113784289032,41.9186065026569,0.));
#5817=CARTESIAN_POINT('',(25.5113784289032,41.9186065026569,0.));
#5818=CARTESIAN_POINT('',(25.5113784289032,41.9186065026569,5.));
#5819=CARTESIAN_POINT('',(25.5113784289032,41.9186065026569,5.));
#5820=CARTESIAN_POINT('',(25.5113784289032,41.9186065026569,0.));
#5821=CARTESIAN_POINT('Origin',(26.3203954232781,41.3308212503645,0.));
#5822=CARTESIAN_POINT('',(26.8575463502315,42.174307398249,0.));
#5823=CARTESIAN_POINT('Origin',(26.3203954232781,41.3308212503645,0.));
#5824=CARTESIAN_POINT('',(26.8575463502315,42.174307398249,5.));
#5825=CARTESIAN_POINT('Origin',(26.3203954232781,41.3308212503645,5.));
#5826=CARTESIAN_POINT('',(26.8575463502315,42.174307398249,0.));
#5827=CARTESIAN_POINT('Origin',(0.,0.,0.));
#5828=CARTESIAN_POINT('',(31.8107116601889,38.5756221485689,0.));
#5829=CARTESIAN_POINT('Origin',(0.,0.,0.));
#5830=CARTESIAN_POINT('',(31.8107116601889,38.5756221485689,5.));
#5831=CARTESIAN_POINT('Origin',(0.,0.,5.));
#5832=CARTESIAN_POINT('',(31.8107116601889,38.5756221485689,0.));
#5833=CARTESIAN_POINT('Origin',(31.1744974270458,37.8041097056711,0.));
#5834=CARTESIAN_POINT('',(31.9835144144387,37.2163244437688,0.));
#5835=CARTESIAN_POINT('Origin',(31.1744974270458,37.8041097056711,0.));
#5836=CARTESIAN_POINT('',(31.9835144144387,37.2163244437688,5.));
#5837=CARTESIAN_POINT('Origin',(31.1744974270458,37.8041097056711,5.));
#5838=CARTESIAN_POINT('',(31.9835144144387,37.2163244437688,0.));
#5839=CARTESIAN_POINT('Origin',(30.6359409194141,35.3615486950421,0.));
#5840=CARTESIAN_POINT('',(30.6359409194141,35.3615486950421,0.));
#5841=CARTESIAN_POINT('',(31.9835144144387,37.2163244437688,0.));
#5842=CARTESIAN_POINT('',(30.6359409194141,35.3615486950421,5.));
#5843=CARTESIAN_POINT('',(31.9835144144387,37.2163244437688,5.));
#5844=CARTESIAN_POINT('',(30.6359409194141,35.3615486950421,0.));
#5845=CARTESIAN_POINT('Origin',(32.2539748942,34.1859781712374,0.));
#5846=CARTESIAN_POINT('',(30.8814653242339,32.7312556958657,0.));
#5847=CARTESIAN_POINT('Origin',(32.2539748942,34.1859781712374,0.));
#5848=CARTESIAN_POINT('',(30.8814653242339,32.7312556958657,5.));
#5849=CARTESIAN_POINT('Origin',(32.2539748942,34.1859781712374,5.));
#5850=CARTESIAN_POINT('',(30.8814653242339,32.7312556958657,0.));
#5851=CARTESIAN_POINT('Origin',(0.,0.,0.));
#5852=CARTESIAN_POINT('',(32.7312557099795,30.8814653092747,0.));
#5853=CARTESIAN_POINT('Origin',(0.,0.,0.));
#5854=CARTESIAN_POINT('',(32.7312557099795,30.8814653092747,5.));
#5855=CARTESIAN_POINT('Origin',(0.,0.,5.));
#5856=CARTESIAN_POINT('',(32.7312557099795,30.8814653092747,0.));
#5857=CARTESIAN_POINT('Origin',(34.1859781859786,32.2539748785757,0.));
#5858=CARTESIAN_POINT('',(35.3615486905635,30.6359408898259,0.));
#5859=CARTESIAN_POINT('Origin',(34.1859781859786,32.2539748785757,0.));
#5860=CARTESIAN_POINT('',(35.3615486905635,30.6359408898259,5.));
#5861=CARTESIAN_POINT('Origin',(34.1859781859786,32.2539748785757,5.));
#5862=CARTESIAN_POINT('',(35.3615486905635,30.6359408898259,0.));
#5863=CARTESIAN_POINT('Origin',(37.2163244843172,31.9835143839028,0.));
#5864=CARTESIAN_POINT('',(37.2163244843172,31.9835143839028,0.));
#5865=CARTESIAN_POINT('',(37.2163244843172,31.9835143839028,0.));
#5866=CARTESIAN_POINT('',(37.2163244843172,31.9835143839028,5.));
#5867=CARTESIAN_POINT('',(37.2163244843172,31.9835143839028,5.));
#5868=CARTESIAN_POINT('',(37.2163244843172,31.9835143839028,0.));
#5869=CARTESIAN_POINT('Origin',(37.8041097366096,31.1744973895278,0.));
#5870=CARTESIAN_POINT('',(38.5756221801389,31.8107116219052,0.));
#5871=CARTESIAN_POINT('Origin',(37.8041097366096,31.1744973895278,0.));
#5872=CARTESIAN_POINT('',(38.5756221801389,31.8107116219052,5.));
#5873=CARTESIAN_POINT('Origin',(37.8041097366096,31.1744973895278,5.));
#5874=CARTESIAN_POINT('',(38.5756221801389,31.8107116219052,0.));
#5875=CARTESIAN_POINT('Origin',(0.,0.,0.));
#5876=CARTESIAN_POINT('',(42.1743074249033,26.8575463083764,0.));
#5877=CARTESIAN_POINT('Origin',(0.,0.,0.));
#5878=CARTESIAN_POINT('',(42.1743074249033,26.8575463083764,5.));
#5879=CARTESIAN_POINT('Origin',(0.,0.,5.));
#5880=CARTESIAN_POINT('',(42.1743074249033,26.8575463083764,0.));
#5881=CARTESIAN_POINT('Origin',(41.3308212764857,26.3203953822601,0.));
#5882=CARTESIAN_POINT('Origin',(41.3308212764857,26.3203953822601,0.));
#5883=CARTESIAN_POINT('Origin',(41.3308212764857,26.3203953822601,5.));
#5884=CARTESIAN_POINT('Origin',(-8.88178419700125E-15,0.,5.));
#5885=CARTESIAN_POINT('Origin',(-8.88178419700125E-15,0.,0.));
#5886=UNCERTAINTY_MEASURE_WITH_UNIT(LENGTH_MEASURE(0.01),#5890,
'DISTANCE_ACCURACY_VALUE',
'Maximum model space distance between geometric entities at asserted c
onnectivities');
#5887=UNCERTAINTY_MEASURE_WITH_UNIT(LENGTH_MEASURE(0.01),#5890,
'DISTANCE_ACCURACY_VALUE',
'Maximum model space distance between geometric entities at asserted c
onnectivities');
#5888=(
GEOMETRIC_REPRESENTATION_CONTEXT(3)
GLOBAL_UNCERTAINTY_ASSIGNED_CONTEXT((#5886))
GLOBAL_UNIT_ASSIGNED_CONTEXT((#5890,#5892,#5893))
REPRESENTATION_CONTEXT('','3D')
);
#5889=(
GEOMETRIC_REPRESENTATION_CONTEXT(3)
GLOBAL_UNCERTAINTY_ASSIGNED_CONTEXT((#5887))
GLOBAL_UNIT_ASSIGNED_CONTEXT((#5890,#5892,#5893))
REPRESENTATION_CONTEXT('','3D')
);
#5890=(
LENGTH_UNIT()
NAMED_UNIT(*)
SI_UNIT(.MILLI.,.METRE.)
);
#5891=(
LENGTH_UNIT()
NAMED_UNIT(*)
SI_UNIT($,.METRE.)
);
#5892=(
NAMED_UNIT(*)
PLANE_ANGLE_UNIT()
SI_UNIT($,.RADIAN.)
);
#5893=(
NAMED_UNIT(*)
SI_UNIT($,.STERADIAN.)
SOLID_ANGLE_UNIT()
);
#5894=SHAPE_DEFINITION_REPRESENTATION(#5895,#5896);
#5895=PRODUCT_DEFINITION_SHAPE('',$,#5898);
#5896=SHAPE_REPRESENTATION('',(#3342),#5888);
#5897=PRODUCT_DEFINITION_CONTEXT('part definition',#5902,'design');
#5898=PRODUCT_DEFINITION('2026-08-01-22-34-03-797',
'metric spur gear v2',#5899,#5897);
#5899=PRODUCT_DEFINITION_FORMATION('',$,#5904);
#5900=PRODUCT_RELATED_PRODUCT_CATEGORY('metric spur gear v2',
'metric spur gear v2',(#5904));
#5901=APPLICATION_PROTOCOL_DEFINITION('international standard',
'automotive_design',2009,#5902);
#5902=APPLICATION_CONTEXT(
'Core Data for Automotive Mechanical Design Process');
#5903=PRODUCT_CONTEXT('part definition',#5902,'mechanical');
#5904=PRODUCT('2026-08-01-22-34-03-797','metric spur gear v2',$,(#5903));
#5905=PRESENTATION_STYLE_ASSIGNMENT((#5906));
#5906=SURFACE_STYLE_USAGE(.BOTH.,#5907);
#5907=SURFACE_SIDE_STYLE('',(#5908));
#5908=SURFACE_STYLE_FILL_AREA(#5909);
#5909=FILL_AREA_STYLE('Steel - Satin',(#5910));
#5910=FILL_AREA_STYLE_COLOUR('Steel - Satin',#5911);
#5911=COLOUR_RGB('Steel - Satin',0.627450980392157,0.627450980392157,0.627450980392157);
ENDSEC;
END-ISO-10303-21;
