# WaveFront *.obj file (generated by Autodesk ATF)

mtllib 0d782553-5ae2-4ee9-b779-378d98de2c4b.mtl

g Body1

v 0.200000 9.600000 -0.200000
v 0.148236 9.593185 -0.200000
v 0.100000 9.573205 -0.200000
v 0.058579 9.541421 -0.200000
v 0.026795 9.500000 -0.200000
v 0.006815 9.451764 -0.200000
v 0.000000 9.400000 -0.200000
v 0.006815 9.400000 -0.148236
v 0.026795 9.400000 -0.100000
v 0.058579 9.400000 -0.058579
v 0.100000 9.400000 -0.026795
v 0.148236 9.400000 -0.006815
v 0.200000 9.400000 0.000000
v 0.200000 9.451764 -0.006815
v 0.200000 9.500000 -0.026795
v 0.200000 9.541421 -0.058579
v 0.200000 9.573205 -0.100000
v 0.200000 9.593185 -0.148236
v 0.005906 9.430783 -0.162851
v 0.081013 9.450897 -0.047516
v 0.096224 9.499080 -0.060667
v 0.118507 9.540511 -0.083314
v 0.146344 9.572366 -0.113913
v 0.177837 9.592475 -0.150378
v 0.150378 9.592475 -0.177837
v 0.113913 9.572366 -0.146344
v 0.083314 9.540511 -0.118507
v 0.060667 9.499080 -0.096224
v 0.047516 9.450897 -0.081013
v 0.089148 9.565734 -0.184374
v 0.056440 9.533314 -0.159776
v 0.033515 9.491808 -0.137919
v 0.021936 9.444047 -0.120293
v 0.016500 9.477729 -0.183094
v 0.120293 9.444047 -0.021936
v 0.137919 9.491808 -0.033515
v 0.159776 9.533314 -0.056440
v 0.184374 9.565734 -0.089148
v 0.162851 9.430783 -0.005906
v 0.183094 9.477729 -0.016500
v 0.000000 0.000000 -0.200000
v 0.006815 0.000000 -0.148236
v 0.026795 0.000000 -0.100000
v 0.058579 0.000000 -0.058579
v 0.100000 0.000000 -0.026795
v 0.148236 0.000000 -0.006815
v 0.200000 0.000000 0.000000
v 31.600000 9.600000 -0.200000
v 31.600000 9.593185 -0.148236
v 31.600000 9.573205 -0.100000
v 31.600000 9.541421 -0.058579
v 31.600000 9.500000 -0.026795
v 31.600000 9.451764 -0.006815
v 31.600000 9.400000 0.000000
v 31.651764 9.400000 -0.006815
v 31.700000 9.400000 -0.026795
v 31.741421 9.400000 -0.058579
v 31.773205 9.400000 -0.100000
v 31.793185 9.400000 -0.148236
v 31.800000 9.400000 -0.200000
v 31.793185 9.451764 -0.200000
v 31.773205 9.500000 -0.200000
v 31.741421 9.541421 -0.200000
v 31.700000 9.573205 -0.200000
v 31.651764 9.593185 -0.200000
v 31.630783 9.594094 -0.162851
v 31.677729 9.583500 -0.183094
v 31.644047 9.578064 -0.120293
v 31.691808 9.566485 -0.137919
v 31.733314 9.543560 -0.159776
v 31.765734 9.510852 -0.184374
v 31.650897 9.552484 -0.081013
v 31.699080 9.539333 -0.096224
v 31.740511 9.516686 -0.118507
v 31.772366 9.486087 -0.146344
v 31.792475 9.449622 -0.177837
v 31.650897 9.518987 -0.047516
v 31.699080 9.503776 -0.060667
v 31.740511 9.481493 -0.083314
v 31.772366 9.453656 -0.113913
v 31.792475 9.422163 -0.150378
v 31.644047 9.479707 -0.021936
v 31.691808 9.462081 -0.033515
v 31.733314 9.440224 -0.056440
v 31.765734 9.415626 -0.089148
v 31.630783 9.437149 -0.005906
v 31.677729 9.416906 -0.016500
v 31.600000 0.000000 0.000000
v 31.651764 0.000000 -0.006815
v 31.700000 0.000000 -0.026795
v 31.741421 0.000000 -0.058579
v 31.773205 0.000000 -0.100000
v 31.793185 0.000000 -0.148236
v 31.800000 0.000000 -0.200000
v 0.200000 9.600000 -15.600000
v 0.200000 9.593185 -15.651764
v 0.200000 9.573205 -15.700000
v 0.200000 9.541421 -15.741421
v 0.200000 9.500000 -15.773205
v 0.200000 9.451764 -15.793185
v 0.200000 9.400000 -15.800000
v 0.148236 9.400000 -15.793185
v 0.100000 9.400000 -15.773205
v 0.058579 9.400000 -15.741421
v 0.026795 9.400000 -15.700000
v 0.006815 9.400000 -15.651764
v 0.000000 9.400000 -15.600000
v 0.006815 9.451764 -15.600000
v 0.026795 9.500000 -15.600000
v 0.058579 9.541421 -15.600000
v 0.100000 9.573205 -15.600000
v 0.148236 9.593185 -15.600000
v 0.162851 9.430783 -15.794094
v 0.047516 9.450897 -15.718987
v 0.060667 9.499080 -15.703776
v 0.083314 9.540511 -15.681493
v 0.113913 9.572366 -15.653656
v 0.150378 9.592475 -15.622163
v 0.177837 9.592475 -15.649622
v 0.146344 9.572366 -15.686087
v 0.118507 9.540511 -15.716686
v 0.096224 9.499080 -15.739333
v 0.081013 9.450897 -15.752484
v 0.184374 9.565734 -15.710852
v 0.159776 9.533314 -15.743560
v 0.137919 9.491808 -15.766485
v 0.120293 9.444047 -15.778064
v 0.183094 9.477729 -15.783500
v 0.021936 9.444047 -15.679707
v 0.033515 9.491808 -15.662081
v 0.056440 9.533314 -15.640224
v 0.089148 9.565734 -15.615626
v 0.005906 9.430783 -15.637149
v 0.016500 9.477729 -15.616906
v 0.200000 0.000000 -15.800000
v 0.148236 0.000000 -15.793185
v 0.100000 0.000000 -15.773205
v 0.058579 0.000000 -15.741421
v 0.026795 0.000000 -15.700000
v 0.006815 0.000000 -15.651764
v 0.000000 0.000000 -15.600000
v 31.600000 9.600000 -15.600000
v 31.651764 9.593185 -15.600000
v 31.700000 9.573205 -15.600000
v 31.741421 9.541421 -15.600000
v 31.773205 9.500000 -15.600000
v 31.793185 9.451764 -15.600000
v 31.800000 9.400000 -15.600000
v 31.793185 9.400000 -15.651764
v 31.773205 9.400000 -15.700000
v 31.741421 9.400000 -15.741421
v 31.700000 9.400000 -15.773205
v 31.651764 9.400000 -15.793185
v 31.600000 9.400000 -15.800000
v 31.600000 9.451764 -15.793185
v 31.600000 9.500000 -15.773205
v 31.600000 9.541421 -15.741421
v 31.600000 9.573205 -15.700000
v 31.600000 9.593185 -15.651764
v 31.794094 9.430783 -15.637149
v 31.718987 9.450897 -15.752484
v 31.703776 9.499080 -15.739333
v 31.681493 9.540511 -15.716686
v 31.653656 9.572366 -15.686087
v 31.622163 9.592475 -15.649622
v 31.649622 9.592475 -15.622163
v 31.686087 9.572366 -15.653656
v 31.716686 9.540511 -15.681493
v 31.739333 9.499080 -15.703776
v 31.752484 9.450897 -15.718987
v 31.710852 9.565734 -15.615626
v 31.743560 9.533314 -15.640224
v 31.766485 9.491808 -15.662081
v 31.778064 9.444047 -15.679707
v 31.783500 9.477729 -15.616906
v 31.679707 9.444047 -15.778064
v 31.662081 9.491808 -15.766485
v 31.640224 9.533314 -15.743560
v 31.615626 9.565734 -15.710852
v 31.637149 9.430783 -15.794094
v 31.616906 9.477729 -15.783500
v 31.800000 0.000000 -15.600000
v 31.793185 0.000000 -15.651764
v 31.773205 0.000000 -15.700000
v 31.741421 0.000000 -15.741421
v 31.700000 0.000000 -15.773205
v 31.651764 0.000000 -15.793185
v 31.600000 0.000000 -15.800000
v 30.400000 9.600000 -3.900000
v 30.314815 9.600000 -3.252952
v 30.065064 9.600000 -2.650000
v 29.667767 9.600000 -2.132233
v 29.150000 9.600000 -1.734936
v 28.547048 9.600000 -1.485185
v 27.900000 9.600000 -1.400000
v 27.252952 9.600000 -1.485185
v 26.650000 9.600000 -1.734936
v 26.132233 9.600000 -2.132233
v 25.734936 9.600000 -2.650000
v 25.485185 9.600000 -3.252952
v 25.400000 9.600000 -3.900000
v 25.485185 9.600000 -4.547048
v 25.734936 9.600000 -5.150000
v 26.132233 9.600000 -5.667767
v 26.650000 9.600000 -6.065064
v 27.252952 9.600000 -6.314815
v 27.900000 9.600000 -6.400000
v 28.547048 9.600000 -6.314815
v 29.150000 9.600000 -6.065064
v 29.667767 9.600000 -5.667767
v 30.065064 9.600000 -5.150000
v 30.314815 9.600000 -4.547048
v 30.400000 9.600000 -11.900000
v 30.314815 9.600000 -11.252952
v 30.065064 9.600000 -10.650000
v 29.667767 9.600000 -10.132233
v 29.150000 9.600000 -9.734936
v 28.547048 9.600000 -9.485185
v 27.900000 9.600000 -9.400000
v 27.252952 9.600000 -9.485185
v 26.650000 9.600000 -9.734936
v 26.132233 9.600000 -10.132233
v 25.734936 9.600000 -10.650000
v 25.485185 9.600000 -11.252952
v 25.400000 9.600000 -11.900000
v 25.485185 9.600000 -12.547048
v 25.734936 9.600000 -13.150000
v 26.132233 9.600000 -13.667767
v 26.650000 9.600000 -14.065064
v 27.252952 9.600000 -14.314815
v 27.900000 9.600000 -14.400000
v 28.547048 9.600000 -14.314815
v 29.150000 9.600000 -14.065064
v 29.667767 9.600000 -13.667767
v 30.065064 9.600000 -13.150000
v 30.314815 9.600000 -12.547048
v 22.400000 9.600000 -3.900000
v 22.314815 9.600000 -3.252952
v 22.065064 9.600000 -2.650000
v 21.667767 9.600000 -2.132233
v 21.150000 9.600000 -1.734936
v 20.547048 9.600000 -1.485185
v 19.900000 9.600000 -1.400000
v 19.252952 9.600000 -1.485185
v 18.650000 9.600000 -1.734936
v 18.132233 9.600000 -2.132233
v 17.734936 9.600000 -2.650000
v 17.485185 9.600000 -3.252952
v 17.400000 9.600000 -3.900000
v 17.485185 9.600000 -4.547048
v 17.734936 9.600000 -5.150000
v 18.132233 9.600000 -5.667767
v 18.650000 9.600000 -6.065064
v 19.252952 9.600000 -6.314815
v 19.900000 9.600000 -6.400000
v 20.547048 9.600000 -6.314815
v 21.150000 9.600000 -6.065064
v 21.667767 9.600000 -5.667767
v 22.065064 9.600000 -5.150000
v 22.314815 9.600000 -4.547048
v 22.400000 9.600000 -11.900000
v 22.314815 9.600000 -11.252952
v 22.065064 9.600000 -10.650000
v 21.667767 9.600000 -10.132233
v 21.150000 9.600000 -9.734936
v 20.547048 9.600000 -9.485185
v 19.900000 9.600000 -9.400000
v 19.252952 9.600000 -9.485185
v 18.650000 9.600000 -9.734936
v 18.132233 9.600000 -10.132233
v 17.734936 9.600000 -10.650000
v 17.485185 9.600000 -11.252952
v 17.400000 9.600000 -11.900000
v 17.485185 9.600000 -12.547048
v 17.734936 9.600000 -13.150000
v 18.132233 9.600000 -13.667767
v 18.650000 9.600000 -14.065064
v 19.252952 9.600000 -14.314815
v 19.900000 9.600000 -14.400000
v 20.547048 9.600000 -14.314815
v 21.150000 9.600000 -14.065064
v 21.667767 9.600000 -13.667767
v 22.065064 9.600000 -13.150000
v 22.314815 9.600000 -12.547048
v 14.400000 9.600000 -3.900000
v 14.314815 9.600000 -3.252952
v 14.065064 9.600000 -2.650000
v 13.667767 9.600000 -2.132233
v 13.150000 9.600000 -1.734936
v 12.547048 9.600000 -1.485185
v 11.900000 9.600000 -1.400000
v 11.252952 9.600000 -1.485185
v 10.650000 9.600000 -1.734936
v 10.132233 9.600000 -2.132233
v 9.734936 9.600000 -2.650000
v 9.485185 9.600000 -3.252952
v 9.400000 9.600000 -3.900000
v 9.485185 9.600000 -4.547048
v 9.734936 9.600000 -5.150000
v 10.132233 9.600000 -5.667767
v 10.650000 9.600000 -6.065064
v 11.252952 9.600000 -6.314815
v 11.900000 9.600000 -6.400000
v 12.547048 9.600000 -6.314815
v 13.150000 9.600000 -6.065064
v 13.667767 9.600000 -5.667767
v 14.065064 9.600000 -5.150000
v 14.314815 9.600000 -4.547048
v 14.400000 9.600000 -11.900000
v 14.314815 9.600000 -11.252952
v 14.065064 9.600000 -10.650000
v 13.667767 9.600000 -10.132233
v 13.150000 9.600000 -9.734936
v 12.547048 9.600000 -9.485185
v 11.900000 9.600000 -9.400000
v 11.252952 9.600000 -9.485185
v 10.650000 9.600000 -9.734936
v 10.132233 9.600000 -10.132233
v 9.734936 9.600000 -10.650000
v 9.485185 9.600000 -11.252952
v 9.400000 9.600000 -11.900000
v 9.485185 9.600000 -12.547048
v 9.734936 9.600000 -13.150000
v 10.132233 9.600000 -13.667767
v 10.650000 9.600000 -14.065064
v 11.252952 9.600000 -14.314815
v 11.900000 9.600000 -14.400000
v 12.547048 9.600000 -14.314815
v 13.150000 9.600000 -14.065064
v 13.667767 9.600000 -13.667767
v 14.065064 9.600000 -13.150000
v 14.314815 9.600000 -12.547048
v 6.400000 9.600000 -3.900000
v 6.314815 9.600000 -3.252952
v 6.065064 9.600000 -2.650000
v 5.667767 9.600000 -2.132233
v 5.150000 9.600000 -1.734936
v 4.547048 9.600000 -1.485185
v 3.900000 9.600000 -1.400000
v 3.252952 9.600000 -1.485185
v 2.650000 9.600000 -1.734936
v 2.132233 9.600000 -2.132233
v 1.734936 9.600000 -2.650000
v 1.485185 9.600000 -3.252952
v 1.400000 9.600000 -3.900000
v 1.485185 9.600000 -4.547048
v 1.734936 9.600000 -5.150000
v 2.132233 9.600000 -5.667767
v 2.650000 9.600000 -6.065064
v 3.252952 9.600000 -6.314815
v 3.900000 9.600000 -6.400000
v 4.547048 9.600000 -6.314815
v 5.150000 9.600000 -6.065064
v 5.667767 9.600000 -5.667767
v 6.065064 9.600000 -5.150000
v 6.314815 9.600000 -4.547048
v 6.400000 9.600000 -11.900000
v 6.314815 9.600000 -11.252952
v 6.065064 9.600000 -10.650000
v 5.667767 9.600000 -10.132233
v 5.150000 9.600000 -9.734936
v 4.547048 9.600000 -9.485185
v 3.900000 9.600000 -9.400000
v 3.252952 9.600000 -9.485185
v 2.650000 9.600000 -9.734936
v 2.132233 9.600000 -10.132233
v 1.734936 9.600000 -10.650000
v 1.485185 9.600000 -11.252952
v 1.400000 9.600000 -11.900000
v 1.485185 9.600000 -12.547048
v 1.734936 9.600000 -13.150000
v 2.132233 9.600000 -13.667767
v 2.650000 9.600000 -14.065064
v 3.252952 9.600000 -14.314815
v 3.900000 9.600000 -14.400000
v 4.547048 9.600000 -14.314815
v 5.150000 9.600000 -14.065064
v 5.667767 9.600000 -13.667767
v 6.065064 9.600000 -13.150000
v 6.314815 9.600000 -12.547048
v 30.400000 11.100000 -11.900000
v 30.314815 11.100000 -12.547048
v 30.065064 11.100000 -13.150000
v 29.667767 11.100000 -13.667767
v 29.150000 11.100000 -14.065064
v 28.547048 11.100000 -14.314815
v 27.900000 11.100000 -14.400000
v 27.252952 11.100000 -14.314815
v 26.650000 11.100000 -14.065064
v 26.132233 11.100000 -13.667767
v 25.734936 11.100000 -13.150000
v 25.485185 11.100000 -12.547048
v 25.400000 11.100000 -11.900000
v 25.485185 11.100000 -11.252952
v 25.734936 11.100000 -10.650000
v 26.132233 11.100000 -10.132233
v 26.650000 11.100000 -9.734936
v 27.252952 11.100000 -9.485185
v 27.900000 11.100000 -9.400000
v 28.547048 11.100000 -9.485185
v 29.150000 11.100000 -9.734936
v 29.667767 11.100000 -10.132233
v 30.065064 11.100000 -10.650000
v 30.314815 11.100000 -11.252952
v 30.200000 11.300000 -11.900000
v 30.121629 11.300000 -11.304716
v 29.891858 11.300000 -10.750000
v 29.526346 11.300000 -10.273654
v 29.050000 11.300000 -9.908142
v 28.495284 11.300000 -9.678371
v 27.900000 11.300000 -9.600000
v 27.304716 11.300000 -9.678371
v 26.750000 11.300000 -9.908142
v 26.273654 11.300000 -10.273654
v 25.908142 11.300000 -10.750000
v 25.678371 11.300000 -11.304716
v 25.600000 11.300000 -11.900000
v 25.678371 11.300000 -12.495284
v 25.908142 11.300000 -13.050000
v 26.273654 11.300000 -13.526346
v 26.750000 11.300000 -13.891858
v 27.304716 11.300000 -14.121629
v 27.900000 11.300000 -14.200000
v 28.495284 11.300000 -14.121629
v 29.050000 11.300000 -13.891858
v 29.526346 11.300000 -13.526346
v 29.891858 11.300000 -13.050000
v 30.121629 11.300000 -12.495284
v 27.900000 11.151764 -14.393185
v 27.900000 11.200000 -14.373205
v 27.900000 11.241421 -14.341421
v 27.900000 11.273205 -14.300000
v 27.900000 11.293185 -14.251764
v 30.308232 11.151764 -12.545284
v 30.288933 11.200000 -12.540113
v 30.258232 11.241421 -12.531886
v 30.218222 11.273205 -12.521166
v 30.171629 11.293185 -12.508681
v 30.251764 11.293185 -11.900000
v 30.300000 11.273205 -11.900000
v 30.341421 11.241421 -11.900000
v 30.373205 11.200000 -11.900000
v 30.393185 11.151764 -11.900000
v 30.059162 11.151764 -13.146593
v 30.041858 11.200000 -13.136603
v 30.014333 11.241421 -13.120711
v 29.978461 11.273205 -13.100000
v 29.936687 11.293185 -13.075882
v 29.662948 11.151764 -13.662948
v 29.648820 11.200000 -13.648820
v 29.626346 11.241421 -13.626346
v 29.597056 11.273205 -13.597056
v 29.562948 11.293185 -13.562948
v 29.146593 11.151764 -14.059162
v 29.136603 11.200000 -14.041858
v 29.120711 11.241421 -14.014333
v 29.100000 11.273205 -13.978461
v 29.075882 11.293185 -13.936687
v 28.545284 11.151764 -14.308232
v 28.540113 11.200000 -14.288933
v 28.531886 11.241421 -14.258232
v 28.521166 11.273205 -14.218222
v 28.508681 11.293185 -14.171629
v 27.254716 11.151764 -14.308232
v 27.259887 11.200000 -14.288933
v 27.268114 11.241421 -14.258232
v 27.278834 11.273205 -14.218222
v 27.291319 11.293185 -14.171629
v 26.653407 11.151764 -14.059162
v 26.663397 11.200000 -14.041858
v 26.679289 11.241421 -14.014333
v 26.700000 11.273205 -13.978461
v 26.724118 11.293185 -13.936687
v 26.137052 11.151764 -13.662948
v 26.151180 11.200000 -13.648820
v 26.173654 11.241421 -13.626346
v 26.202944 11.273205 -13.597056
v 26.237052 11.293185 -13.562948
v 25.740838 11.151764 -13.146593
v 25.758142 11.200000 -13.136603
v 25.785667 11.241421 -13.120711
v 25.821539 11.273205 -13.100000
v 25.863313 11.293185 -13.075882
v 25.491768 11.151764 -12.545284
v 25.511067 11.200000 -12.540113
v 25.541768 11.241421 -12.531886
v 25.581778 11.273205 -12.521166
v 25.628371 11.293185 -12.508681
v 25.406815 11.151764 -11.900000
v 25.426795 11.200000 -11.900000
v 25.458579 11.241421 -11.900000
v 25.500000 11.273205 -11.900000
v 25.548236 11.293185 -11.900000
v 25.491768 11.151764 -11.254716
v 25.511067 11.200000 -11.259887
v 25.541768 11.241421 -11.268114
v 25.581778 11.273205 -11.278834
v 25.628371 11.293185 -11.291319
v 25.740838 11.151764 -10.653407
v 25.758142 11.200000 -10.663397
v 25.785667 11.241421 -10.679289
v 25.821539 11.273205 -10.700000
v 25.863313 11.293185 -10.724118
v 26.137052 11.151764 -10.137052
v 26.151180 11.200000 -10.151180
v 26.173654 11.241421 -10.173654
v 26.202944 11.273205 -10.202944
v 26.237052 11.293185 -10.237052
v 26.653407 11.151764 -9.740838
v 26.663397 11.200000 -9.758142
v 26.679289 11.241421 -9.785667
v 26.700000 11.273205 -9.821539
v 26.724118 11.293185 -9.863313
v 27.254716 11.151764 -9.491768
v 27.259887 11.200000 -9.511067
v 27.268114 11.241421 -9.541768
v 27.278834 11.273205 -9.581778
v 27.291319 11.293185 -9.628371
v 27.900000 11.151764 -9.406815
v 27.900000 11.200000 -9.426795
v 27.900000 11.241421 -9.458579
v 27.900000 11.273205 -9.500000
v 27.900000 11.293185 -9.548236
v 28.545284 11.151764 -9.491768
v 28.540113 11.200000 -9.511067
v 28.531886 11.241421 -9.541768
v 28.521166 11.273205 -9.581778
v 28.508681 11.293185 -9.628371
v 29.146593 11.151764 -9.740838
v 29.136603 11.200000 -9.758142
v 29.120711 11.241421 -9.785667
v 29.100000 11.273205 -9.821539
v 29.075882 11.293185 -9.863313
v 29.662948 11.151764 -10.137052
v 29.648820 11.200000 -10.151180
v 29.626346 11.241421 -10.173654
v 29.597056 11.273205 -10.202944
v 29.562948 11.293185 -10.237052
v 30.059162 11.151764 -10.653407
v 30.041858 11.200000 -10.663397
v 30.014333 11.241421 -10.679289
v 29.978461 11.273205 -10.700000
v 29.936687 11.293185 -10.724118
v 30.308232 11.151764 -11.254716
v 30.288933 11.200000 -11.259887
v 30.258232 11.241421 -11.268114
v 30.218222 11.273205 -11.278834
v 30.171629 11.293185 -11.291319
v 22.400000 11.100000 -11.900000
v 22.314815 11.100000 -12.547048
v 22.065064 11.100000 -13.150000
v 21.667767 11.100000 -13.667767
v 21.150000 11.100000 -14.065064
v 20.547048 11.100000 -14.314815
v 19.900000 11.100000 -14.400000
v 19.252952 11.100000 -14.314815
v 18.650000 11.100000 -14.065064
v 18.132233 11.100000 -13.667767
v 17.734936 11.100000 -13.150000
v 17.485185 11.100000 -12.547048
v 17.400000 11.100000 -11.900000
v 17.485185 11.100000 -11.252952
v 17.734936 11.100000 -10.650000
v 18.132233 11.100000 -10.132233
v 18.650000 11.100000 -9.734936
v 19.252952 11.100000 -9.485185
v 19.900000 11.100000 -9.400000
v 20.547048 11.100000 -9.485185
v 21.150000 11.100000 -9.734936
v 21.667767 11.100000 -10.132233
v 22.065064 11.100000 -10.650000
v 22.314815 11.100000 -11.252952
v 22.200000 11.300000 -11.900000
v 22.121629 11.300000 -11.304716
v 21.891858 11.300000 -10.750000
v 21.526346 11.300000 -10.273654
v 21.050000 11.300000 -9.908142
v 20.495284 11.300000 -9.678371
v 19.900000 11.300000 -9.600000
v 19.304716 11.300000 -9.678371
v 18.750000 11.300000 -9.908142
v 18.273654 11.300000 -10.273654
v 17.908142 11.300000 -10.750000
v 17.678371 11.300000 -11.304716
v 17.600000 11.300000 -11.900000
v 17.678371 11.300000 -12.495284
v 17.908142 11.300000 -13.050000
v 18.273654 11.300000 -13.526346
v 18.750000 11.300000 -13.891858
v 19.304716 11.300000 -14.121629
v 19.900000 11.300000 -14.200000
v 20.495284 11.300000 -14.121629
v 21.050000 11.300000 -13.891858
v 21.526346 11.300000 -13.526346
v 21.891858 11.300000 -13.050000
v 22.121629 11.300000 -12.495284
v 19.900000 11.151764 -14.393185
v 19.900000 11.200000 -14.373205
v 19.900000 11.241421 -14.341421
v 19.900000 11.273205 -14.300000
v 19.900000 11.293185 -14.251764
v 22.308232 11.151764 -12.545284
v 22.288933 11.200000 -12.540113
v 22.258232 11.241421 -12.531886
v 22.218222 11.273205 -12.521166
v 22.171629 11.293185 -12.508681
v 22.251764 11.293185 -11.900000
v 22.300000 11.273205 -11.900000
v 22.341421 11.241421 -11.900000
v 22.373205 11.200000 -11.900000
v 22.393185 11.151764 -11.900000
v 22.059162 11.151764 -13.146593
v 22.041858 11.200000 -13.136603
v 22.014333 11.241421 -13.120711
v 21.978461 11.273205 -13.100000
v 21.936687 11.293185 -13.075882
v 21.662948 11.151764 -13.662948
v 21.648820 11.200000 -13.648820
v 21.626346 11.241421 -13.626346
v 21.597056 11.273205 -13.597056
v 21.562948 11.293185 -13.562948
v 21.146593 11.151764 -14.059162
v 21.136603 11.200000 -14.041858
v 21.120711 11.241421 -14.014333
v 21.100000 11.273205 -13.978461
v 21.075882 11.293185 -13.936687
v 20.545284 11.151764 -14.308232
v 20.540113 11.200000 -14.288933
v 20.531886 11.241421 -14.258232
v 20.521166 11.273205 -14.218222
v 20.508681 11.293185 -14.171629
v 19.254716 11.151764 -14.308232
v 19.259887 11.200000 -14.288933
v 19.268114 11.241421 -14.258232
v 19.278834 11.273205 -14.218222
v 19.291319 11.293185 -14.171629
v 18.653407 11.151764 -14.059162
v 18.663397 11.200000 -14.041858
v 18.679289 11.241421 -14.014333
v 18.700000 11.273205 -13.978461
v 18.724118 11.293185 -13.936687
v 18.137052 11.151764 -13.662948
v 18.151180 11.200000 -13.648820
v 18.173654 11.241421 -13.626346
v 18.202944 11.273205 -13.597056
v 18.237052 11.293185 -13.562948
v 17.740838 11.151764 -13.146593
v 17.758142 11.200000 -13.136603
v 17.785667 11.241421 -13.120711
v 17.821539 11.273205 -13.100000
v 17.863313 11.293185 -13.075882
v 17.491768 11.151764 -12.545284
v 17.511067 11.200000 -12.540113
v 17.541768 11.241421 -12.531886
v 17.581778 11.273205 -12.521166
v 17.628371 11.293185 -12.508681
v 17.406815 11.151764 -11.900000
v 17.426795 11.200000 -11.900000
v 17.458579 11.241421 -11.900000
v 17.500000 11.273205 -11.900000
v 17.548236 11.293185 -11.900000
v 17.491768 11.151764 -11.254716
v 17.511067 11.200000 -11.259887
v 17.541768 11.241421 -11.268114
v 17.581778 11.273205 -11.278834
v 17.628371 11.293185 -11.291319
v 17.740838 11.151764 -10.653407
v 17.758142 11.200000 -10.663397
v 17.785667 11.241421 -10.679289
v 17.821539 11.273205 -10.700000
v 17.863313 11.293185 -10.724118
v 18.137052 11.151764 -10.137052
v 18.151180 11.200000 -10.151180
v 18.173654 11.241421 -10.173654
v 18.202944 11.273205 -10.202944
v 18.237052 11.293185 -10.237052
v 18.653407 11.151764 -9.740838
v 18.663397 11.200000 -9.758142
v 18.679289 11.241421 -9.785667
v 18.700000 11.273205 -9.821539
v 18.724118 11.293185 -9.863313
v 19.254716 11.151764 -9.491768
v 19.259887 11.200000 -9.511067
v 19.268114 11.241421 -9.541768
v 19.278834 11.273205 -9.581778
v 19.291319 11.293185 -9.628371
v 19.900000 11.151764 -9.406815
v 19.900000 11.200000 -9.426795
v 19.900000 11.241421 -9.458579
v 19.900000 11.273205 -9.500000
v 19.900000 11.293185 -9.548236
v 20.545284 11.151764 -9.491768
v 20.540113 11.200000 -9.511067
v 20.531886 11.241421 -9.541768
v 20.521166 11.273205 -9.581778
v 20.508681 11.293185 -9.628371
v 21.146593 11.151764 -9.740838
v 21.136603 11.200000 -9.758142
v 21.120711 11.241421 -9.785667
v 21.100000 11.273205 -9.821539
v 21.075882 11.293185 -9.863313
v 21.662948 11.151764 -10.137052
v 21.648820 11.200000 -10.151180
v 21.626346 11.241421 -10.173654
v 21.597056 11.273205 -10.202944
v 21.562948 11.293185 -10.237052
v 22.059162 11.151764 -10.653407
v 22.041858 11.200000 -10.663397
v 22.014333 11.241421 -10.679289
v 21.978461 11.273205 -10.700000
v 21.936687 11.293185 -10.724118
v 22.308232 11.151764 -11.254716
v 22.288933 11.200000 -11.259887
v 22.258232 11.241421 -11.268114
v 22.218222 11.273205 -11.278834
v 22.171629 11.293185 -11.291319
v 14.400000 11.100000 -11.900000
v 14.314815 11.100000 -12.547048
v 14.065064 11.100000 -13.150000
v 13.667767 11.100000 -13.667767
v 13.150000 11.100000 -14.065064
v 12.547048 11.100000 -14.314815
v 11.900000 11.100000 -14.400000
v 11.252952 11.100000 -14.314815
v 10.650000 11.100000 -14.065064
v 10.132233 11.100000 -13.667767
v 9.734936 11.100000 -13.150000
v 9.485185 11.100000 -12.547048
v 9.400000 11.100000 -11.900000
v 9.485185 11.100000 -11.252952
v 9.734936 11.100000 -10.650000
v 10.132233 11.100000 -10.132233
v 10.650000 11.100000 -9.734936
v 11.252952 11.100000 -9.485185
v 11.900000 11.100000 -9.400000
v 12.547048 11.100000 -9.485185
v 13.150000 11.100000 -9.734936
v 13.667767 11.100000 -10.132233
v 14.065064 11.100000 -10.650000
v 14.314815 11.100000 -11.252952
v 14.200000 11.300000 -11.900000
v 14.121629 11.300000 -11.304716
v 13.891858 11.300000 -10.750000
v 13.526346 11.300000 -10.273654
v 13.050000 11.300000 -9.908142
v 12.495284 11.300000 -9.678371
v 11.900000 11.300000 -9.600000
v 11.304716 11.300000 -9.678371
v 10.750000 11.300000 -9.908142
v 10.273654 11.300000 -10.273654
v 9.908142 11.300000 -10.750000
v 9.678371 11.300000 -11.304716
v 9.600000 11.300000 -11.900000
v 9.678371 11.300000 -12.495284
v 9.908142 11.300000 -13.050000
v 10.273654 11.300000 -13.526346
v 10.750000 11.300000 -13.891858
v 11.304716 11.300000 -14.121629
v 11.900000 11.300000 -14.200000
v 12.495284 11.300000 -14.121629
v 13.050000 11.300000 -13.891858
v 13.526346 11.300000 -13.526346
v 13.891858 11.300000 -13.050000
v 14.121629 11.300000 -12.495284
v 11.900000 11.151764 -14.393185
v 11.900000 11.200000 -14.373205
v 11.900000 11.241421 -14.341421
v 11.900000 11.273205 -14.300000
v 11.900000 11.293185 -14.251764
v 14.308232 11.151764 -12.545284
v 14.288933 11.200000 -12.540113
v 14.258232 11.241421 -12.531886
v 14.218222 11.273205 -12.521166
v 14.171629 11.293185 -12.508681
v 14.251764 11.293185 -11.900000
v 14.300000 11.273205 -11.900000
v 14.341421 11.241421 -11.900000
v 14.373205 11.200000 -11.900000
v 14.393185 11.151764 -11.900000
v 14.059162 11.151764 -13.146593
v 14.041858 11.200000 -13.136603
v 14.014333 11.241421 -13.120711
v 13.978461 11.273205 -13.100000
v 13.936687 11.293185 -13.075882
v 13.662948 11.151764 -13.662948
v 13.648820 11.200000 -13.648820
v 13.626346 11.241421 -13.626346
v 13.597056 11.273205 -13.597056
v 13.562948 11.293185 -13.562948
v 13.146593 11.151764 -14.059162
v 13.136603 11.200000 -14.041858
v 13.120711 11.241421 -14.014333
v 13.100000 11.273205 -13.978461
v 13.075882 11.293185 -13.936687
v 12.545284 11.151764 -14.308232
v 12.540113 11.200000 -14.288933
v 12.531886 11.241421 -14.258232
v 12.521166 11.273205 -14.218222
v 12.508681 11.293185 -14.171629
v 11.254716 11.151764 -14.308232
v 11.259887 11.200000 -14.288933
v 11.268114 11.241421 -14.258232
v 11.278834 11.273205 -14.218222
v 11.291319 11.293185 -14.171629
v 10.653407 11.151764 -14.059162
v 10.663397 11.200000 -14.041858
v 10.679289 11.241421 -14.014333
v 10.700000 11.273205 -13.978461
v 10.724118 11.293185 -13.936687
v 10.137052 11.151764 -13.662948
v 10.151180 11.200000 -13.648820
v 10.173654 11.241421 -13.626346
v 10.202944 11.273205 -13.597056
v 10.237052 11.293185 -13.562948
v 9.740838 11.151764 -13.146593
v 9.758142 11.200000 -13.136603
v 9.785667 11.241421 -13.120711
v 9.821539 11.273205 -13.100000
v 9.863313 11.293185 -13.075882
v 9.491768 11.151764 -12.545284
v 9.511067 11.200000 -12.540113
v 9.541768 11.241421 -12.531886
v 9.581778 11.273205 -12.521166
v 9.628371 11.293185 -12.508681
v 9.406815 11.151764 -11.900000
v 9.426795 11.200000 -11.900000
v 9.458579 11.241421 -11.900000
v 9.500000 11.273205 -11.900000
v 9.548236 11.293185 -11.900000
v 9.491768 11.151764 -11.254716
v 9.511067 11.200000 -11.259887
v 9.541768 11.241421 -11.268114
v 9.581778 11.273205 -11.278834
v 9.628371 11.293185 -11.291319
v 9.740838 11.151764 -10.653407
v 9.758142 11.200000 -10.663397
v 9.785667 11.241421 -10.679289
v 9.821539 11.273205 -10.700000
v 9.863313 11.293185 -10.724118
v 10.137052 11.151764 -10.137052
v 10.151180 11.200000 -10.151180
v 10.173654 11.241421 -10.173654
v 10.202944 11.273205 -10.202944
v 10.237052 11.293185 -10.237052
v 10.653407 11.151764 -9.740838
v 10.663397 11.200000 -9.758142
v 10.679289 11.241421 -9.785667
v 10.700000 11.273205 -9.821539
v 10.724118 11.293185 -9.863313
v 11.254716 11.151764 -9.491768
v 11.259887 11.200000 -9.511067
v 11.268114 11.241421 -9.541768
v 11.278834 11.273205 -9.581778
v 11.291319 11.293185 -9.628371
v 11.900000 11.151764 -9.406815
v 11.900000 11.200000 -9.426795
v 11.900000 11.241421 -9.458579
v 11.900000 11.273205 -9.500000
v 11.900000 11.293185 -9.548236
v 12.545284 11.151764 -9.491768
v 12.540113 11.200000 -9.511067
v 12.531886 11.241421 -9.541768
v 12.521166 11.273205 -9.581778
v 12.508681 11.293185 -9.628371
v 13.146593 11.151764 -9.740838
v 13.136603 11.200000 -9.758142
v 13.120711 11.241421 -9.785667
v 13.100000 11.273205 -9.821539
v 13.075882 11.293185 -9.863313
v 13.662948 11.151764 -10.137052
v 13.648820 11.200000 -10.151180
v 13.626346 11.241421 -10.173654
v 13.597056 11.273205 -10.202944
v 13.562948 11.293185 -10.237052
v 14.059162 11.151764 -10.653407
v 14.041858 11.200000 -10.663397
v 14.014333 11.241421 -10.679289
v 13.978461 11.273205 -10.700000
v 13.936687 11.293185 -10.724118
v 14.308232 11.151764 -11.254716
v 14.288933 11.200000 -11.259887
v 14.258232 11.241421 -11.268114
v 14.218222 11.273205 -11.278834
v 14.171629 11.293185 -11.291319
v 6.400000 11.100000 -11.900000
v 6.314815 11.100000 -12.547048
v 6.065064 11.100000 -13.150000
v 5.667767 11.100000 -13.667767
v 5.150000 11.100000 -14.065064
v 4.547048 11.100000 -14.314815
v 3.900000 11.100000 -14.400000
v 3.252952 11.100000 -14.314815
v 2.650000 11.100000 -14.065064
v 2.132233 11.100000 -13.667767
v 1.734936 11.100000 -13.150000
v 1.485185 11.100000 -12.547048
v 1.400000 11.100000 -11.900000
v 1.485185 11.100000 -11.252952
v 1.734936 11.100000 -10.650000
v 2.132233 11.100000 -10.132233
v 2.650000 11.100000 -9.734936
v 3.252952 11.100000 -9.485185
v 3.900000 11.100000 -9.400000
v 4.547048 11.100000 -9.485185
v 5.150000 11.100000 -9.734936
v 5.667767 11.100000 -10.132233
v 6.065064 11.100000 -10.650000
v 6.314815 11.100000 -11.252952
v 6.200000 11.300000 -11.900000
v 6.121629 11.300000 -11.304716
v 5.891858 11.300000 -10.750000
v 5.526346 11.300000 -10.273654
v 5.050000 11.300000 -9.908142
v 4.495284 11.300000 -9.678371
v 3.900000 11.300000 -9.600000
v 3.304716 11.300000 -9.678371
v 2.750000 11.300000 -9.908142
v 2.273654 11.300000 -10.273654
v 1.908142 11.300000 -10.750000
v 1.678371 11.300000 -11.304716
v 1.600000 11.300000 -11.900000
v 1.678371 11.300000 -12.495284
v 1.908142 11.300000 -13.050000
v 2.273654 11.300000 -13.526346
v 2.750000 11.300000 -13.891858
v 3.304716 11.300000 -14.121629
v 3.900000 11.300000 -14.200000
v 4.495284 11.300000 -14.121629
v 5.050000 11.300000 -13.891858
v 5.526346 11.300000 -13.526346
v 5.891858 11.300000 -13.050000
v 6.121629 11.300000 -12.495284
v 3.900000 11.151764 -14.393185
v 3.900000 11.200000 -14.373205
v 3.900000 11.241421 -14.341421
v 3.900000 11.273205 -14.300000
v 3.900000 11.293185 -14.251764
v 6.308232 11.151764 -12.545284
v 6.288933 11.200000 -12.540113
v 6.258232 11.241421 -12.531886
v 6.218222 11.273205 -12.521166
v 6.171629 11.293185 -12.508681
v 6.251764 11.293185 -11.900000
v 6.300000 11.273205 -11.900000
v 6.341421 11.241421 -11.900000
v 6.373205 11.200000 -11.900000
v 6.393185 11.151764 -11.900000
v 6.059162 11.151764 -13.146593
v 6.041858 11.200000 -13.136603
v 6.014333 11.241421 -13.120711
v 5.978461 11.273205 -13.100000
v 5.936687 11.293185 -13.075882
v 5.662948 11.151764 -13.662948
v 5.648820 11.200000 -13.648820
v 5.626346 11.241421 -13.626346
v 5.597056 11.273205 -13.597056
v 5.562948 11.293185 -13.562948
v 5.146593 11.151764 -14.059162
v 5.136603 11.200000 -14.041858
v 5.120711 11.241421 -14.014333
v 5.100000 11.273205 -13.978461
v 5.075882 11.293185 -13.936687
v 4.545284 11.151764 -14.308232
v 4.540113 11.200000 -14.288933
v 4.531886 11.241421 -14.258232
v 4.521166 11.273205 -14.218222
v 4.508681 11.293185 -14.171629
v 3.254716 11.151764 -14.308232
v 3.259887 11.200000 -14.288933
v 3.268114 11.241421 -14.258232
v 3.278834 11.273205 -14.218222
v 3.291319 11.293185 -14.171629
v 2.653407 11.151764 -14.059162
v 2.663397 11.200000 -14.041858
v 2.679289 11.241421 -14.014333
v 2.700000 11.273205 -13.978461
v 2.724118 11.293185 -13.936687
v 2.137052 11.151764 -13.662948
v 2.151180 11.200000 -13.648820
v 2.173654 11.241421 -13.626346
v 2.202944 11.273205 -13.597056
v 2.237052 11.293185 -13.562948
v 1.740838 11.151764 -13.146593
v 1.758142 11.200000 -13.136603
v 1.785667 11.241421 -13.120711
v 1.821539 11.273205 -13.100000
v 1.863313 11.293185 -13.075882
v 1.491768 11.151764 -12.545284
v 1.511067 11.200000 -12.540113
v 1.541768 11.241421 -12.531886
v 1.581778 11.273205 -12.521166
v 1.628371 11.293185 -12.508681
v 1.406815 11.151764 -11.900000
v 1.426795 11.200000 -11.900000
v 1.458579 11.241421 -11.900000
v 1.500000 11.273205 -11.900000
v 1.548236 11.293185 -11.900000
v 1.491768 11.151764 -11.254716
v 1.511067 11.200000 -11.259887
v 1.541768 11.241421 -11.268114
v 1.581778 11.273205 -11.278834
v 1.628371 11.293185 -11.291319
v 1.740838 11.151764 -10.653407
v 1.758142 11.200000 -10.663397
v 1.785667 11.241421 -10.679289
v 1.821539 11.273205 -10.700000
v 1.863313 11.293185 -10.724118
v 2.137052 11.151764 -10.137052
v 2.151180 11.200000 -10.151180
v 2.173654 11.241421 -10.173654
v 2.202944 11.273205 -10.202944
v 2.237052 11.293185 -10.237052
v 2.653407 11.151764 -9.740838
v 2.663397 11.200000 -9.758142
v 2.679289 11.241421 -9.785667
v 2.700000 11.273205 -9.821539
v 2.724118 11.293185 -9.863313
v 3.254716 11.151764 -9.491768
v 3.259887 11.200000 -9.511067
v 3.268114 11.241421 -9.541768
v 3.278834 11.273205 -9.581778
v 3.291319 11.293185 -9.628371
v 3.900000 11.151764 -9.406815
v 3.900000 11.200000 -9.426795
v 3.900000 11.241421 -9.458579
v 3.900000 11.273205 -9.500000
v 3.900000 11.293185 -9.548236
v 4.545284 11.151764 -9.491768
v 4.540113 11.200000 -9.511067
v 4.531886 11.241421 -9.541768
v 4.521166 11.273205 -9.581778
v 4.508681 11.293185 -9.628371
v 5.146593 11.151764 -9.740838
v 5.136603 11.200000 -9.758142
v 5.120711 11.241421 -9.785667
v 5.100000 11.273205 -9.821539
v 5.075882 11.293185 -9.863313
v 5.662948 11.151764 -10.137052
v 5.648820 11.200000 -10.151180
v 5.626346 11.241421 -10.173654
v 5.597056 11.273205 -10.202944
v 5.562948 11.293185 -10.237052
v 6.059162 11.151764 -10.653407
v 6.041858 11.200000 -10.663397
v 6.014333 11.241421 -10.679289
v 5.978461 11.273205 -10.700000
v 5.936687 11.293185 -10.724118
v 6.308232 11.151764 -11.254716
v 6.288933 11.200000 -11.259887
v 6.258232 11.241421 -11.268114
v 6.218222 11.273205 -11.278834
v 6.171629 11.293185 -11.291319
v 6.400000 11.100000 -3.900000
v 6.314815 11.100000 -4.547048
v 6.065064 11.100000 -5.150000
v 5.667767 11.100000 -5.667767
v 5.150000 11.100000 -6.065064
v 4.547048 11.100000 -6.314815
v 3.900000 11.100000 -6.400000
v 3.252952 11.100000 -6.314815
v 2.650000 11.100000 -6.065064
v 2.132233 11.100000 -5.667767
v 1.734936 11.100000 -5.150000
v 1.485185 11.100000 -4.547048
v 1.400000 11.100000 -3.900000
v 1.485185 11.100000 -3.252952
v 1.734936 11.100000 -2.650000
v 2.132233 11.100000 -2.132233
v 2.650000 11.100000 -1.734936
v 3.252952 11.100000 -1.485185
v 3.900000 11.100000 -1.400000
v 4.547048 11.100000 -1.485185
v 5.150000 11.100000 -1.734936
v 5.667767 11.100000 -2.132233
v 6.065064 11.100000 -2.650000
v 6.314815 11.100000 -3.252952
v 6.200000 11.300000 -3.900000
v 6.121629 11.300000 -3.304716
v 5.891858 11.300000 -2.750000
v 5.526346 11.300000 -2.273654
v 5.050000 11.300000 -1.908142
v 4.495284 11.300000 -1.678371
v 3.900000 11.300000 -1.600000
v 3.304716 11.300000 -1.678371
v 2.750000 11.300000 -1.908142
v 2.273654 11.300000 -2.273654
v 1.908142 11.300000 -2.750000
v 1.678371 11.300000 -3.304716
v 1.600000 11.300000 -3.900000
v 1.678371 11.300000 -4.495284
v 1.908142 11.300000 -5.050000
v 2.273654 11.300000 -5.526346
v 2.750000 11.300000 -5.891858
v 3.304716 11.300000 -6.121629
v 3.900000 11.300000 -6.200000
v 4.495284 11.300000 -6.121629
v 5.050000 11.300000 -5.891858
v 5.526346 11.300000 -5.526346
v 5.891858 11.300000 -5.050000
v 6.121629 11.300000 -4.495284
v 3.900000 11.151764 -6.393185
v 3.900000 11.200000 -6.373205
v 3.900000 11.241421 -6.341421
v 3.900000 11.273205 -6.300000
v 3.900000 11.293185 -6.251764
v 6.308232 11.151764 -4.545284
v 6.288933 11.200000 -4.540113
v 6.258232 11.241421 -4.531886
v 6.218222 11.273205 -4.521166
v 6.171629 11.293185 -4.508681
v 6.251764 11.293185 -3.900000
v 6.300000 11.273205 -3.900000
v 6.341421 11.241421 -3.900000
v 6.373205 11.200000 -3.900000
v 6.393185 11.151764 -3.900000
v 6.059162 11.151764 -5.146593
v 6.041858 11.200000 -5.136603
v 6.014333 11.241421 -5.120711
v 5.978461 11.273205 -5.100000
v 5.936687 11.293185 -5.075882
v 5.662948 11.151764 -5.662948
v 5.648820 11.200000 -5.648820
v 5.626346 11.241421 -5.626346
v 5.597056 11.273205 -5.597056
v 5.562948 11.293185 -5.562948
v 5.146593 11.151764 -6.059162
v 5.136603 11.200000 -6.041858
v 5.120711 11.241421 -6.014333
v 5.100000 11.273205 -5.978461
v 5.075882 11.293185 -5.936687
v 4.545284 11.151764 -6.308232
v 4.540113 11.200000 -6.288933
v 4.531886 11.241421 -6.258232
v 4.521166 11.273205 -6.218222
v 4.508681 11.293185 -6.171629
v 3.254716 11.151764 -6.308232
v 3.259887 11.200000 -6.288933
v 3.268114 11.241421 -6.258232
v 3.278834 11.273205 -6.218222
v 3.291319 11.293185 -6.171629
v 2.653407 11.151764 -6.059162
v 2.663397 11.200000 -6.041858
v 2.679289 11.241421 -6.014333
v 2.700000 11.273205 -5.978461
v 2.724118 11.293185 -5.936687
v 2.137052 11.151764 -5.662948
v 2.151180 11.200000 -5.648820
v 2.173654 11.241421 -5.626346
v 2.202944 11.273205 -5.597056
v 2.237052 11.293185 -5.562948
v 1.740838 11.151764 -5.146593
v 1.758142 11.200000 -5.136603
v 1.785667 11.241421 -5.120711
v 1.821539 11.273205 -5.100000
v 1.863313 11.293185 -5.075882
v 1.491768 11.151764 -4.545284
v 1.511067 11.200000 -4.540113
v 1.541768 11.241421 -4.531886
v 1.581778 11.273205 -4.521166
v 1.628371 11.293185 -4.508681
v 1.406815 11.151764 -3.900000
v 1.426795 11.200000 -3.900000
v 1.458579 11.241421 -3.900000
v 1.500000 11.273205 -3.900000
v 1.548236 11.293185 -3.900000
v 1.491768 11.151764 -3.254716
v 1.511067 11.200000 -3.259887
v 1.541768 11.241421 -3.268114
v 1.581778 11.273205 -3.278834
v 1.628371 11.293185 -3.291319
v 1.740838 11.151764 -2.653407
v 1.758142 11.200000 -2.663397
v 1.785667 11.241421 -2.679289
v 1.821539 11.273205 -2.700000
v 1.863313 11.293185 -2.724118
v 2.137052 11.151764 -2.137052
v 2.151180 11.200000 -2.151180
v 2.173654 11.241421 -2.173654
v 2.202944 11.273205 -2.202944
v 2.237052 11.293185 -2.237052
v 2.653407 11.151764 -1.740838
v 2.663397 11.200000 -1.758142
v 2.679289 11.241421 -1.785667
v 2.700000 11.273205 -1.821539
v 2.724118 11.293185 -1.863313
v 3.254716 11.151764 -1.491768
v 3.259887 11.200000 -1.511067
v 3.268114 11.241421 -1.541768
v 3.278834 11.273205 -1.581778
v 3.291319 11.293185 -1.628371
v 3.900000 11.151764 -1.406815
v 3.900000 11.200000 -1.426795
v 3.900000 11.241421 -1.458579
v 3.900000 11.273205 -1.500000
v 3.900000 11.293185 -1.548236
v 4.545284 11.151764 -1.491768
v 4.540113 11.200000 -1.511067
v 4.531886 11.241421 -1.541768
v 4.521166 11.273205 -1.581778
v 4.508681 11.293185 -1.628371
v 5.146593 11.151764 -1.740838
v 5.136603 11.200000 -1.758142
v 5.120711 11.241421 -1.785667
v 5.100000 11.273205 -1.821539
v 5.075882 11.293185 -1.863313
v 5.662948 11.151764 -2.137052
v 5.648820 11.200000 -2.151180
v 5.626346 11.241421 -2.173654
v 5.597056 11.273205 -2.202944
v 5.562948 11.293185 -2.237052
v 6.059162 11.151764 -2.653407
v 6.041858 11.200000 -2.663397
v 6.014333 11.241421 -2.679289
v 5.978461 11.273205 -2.700000
v 5.936687 11.293185 -2.724118
v 6.308232 11.151764 -3.254716
v 6.288933 11.200000 -3.259887
v 6.258232 11.241421 -3.268114
v 6.218222 11.273205 -3.278834
v 6.171629 11.293185 -3.291319
v 14.400000 11.100000 -3.900000
v 14.314815 11.100000 -4.547048
v 14.065064 11.100000 -5.150000
v 13.667767 11.100000 -5.667767
v 13.150000 11.100000 -6.065064
v 12.547048 11.100000 -6.314815
v 11.900000 11.100000 -6.400000
v 11.252952 11.100000 -6.314815
v 10.650000 11.100000 -6.065064
v 10.132233 11.100000 -5.667767
v 9.734936 11.100000 -5.150000
v 9.485185 11.100000 -4.547048
v 9.400000 11.100000 -3.900000
v 9.485185 11.100000 -3.252952
v 9.734936 11.100000 -2.650000
v 10.132233 11.100000 -2.132233
v 10.650000 11.100000 -1.734936
v 11.252952 11.100000 -1.485185
v 11.900000 11.100000 -1.400000
v 12.547048 11.100000 -1.485185
v 13.150000 11.100000 -1.734936
v 13.667767 11.100000 -2.132233
v 14.065064 11.100000 -2.650000
v 14.314815 11.100000 -3.252952
v 14.200000 11.300000 -3.900000
v 14.121629 11.300000 -3.304716
v 13.891858 11.300000 -2.750000
v 13.526346 11.300000 -2.273654
v 13.050000 11.300000 -1.908142
v 12.495284 11.300000 -1.678371
v 11.900000 11.300000 -1.600000
v 11.304716 11.300000 -1.678371
v 10.750000 11.300000 -1.908142
v 10.273654 11.300000 -2.273654
v 9.908142 11.300000 -2.750000
v 9.678371 11.300000 -3.304716
v 9.600000 11.300000 -3.900000
v 9.678371 11.300000 -4.495284
v 9.908142 11.300000 -5.050000
v 10.273654 11.300000 -5.526346
v 10.750000 11.300000 -5.891858
v 11.304716 11.300000 -6.121629
v 11.900000 11.300000 -6.200000
v 12.495284 11.300000 -6.121629
v 13.050000 11.300000 -5.891858
v 13.526346 11.300000 -5.526346
v 13.891858 11.300000 -5.050000
v 14.121629 11.300000 -4.495284
v 11.900000 11.151764 -6.393185
v 11.900000 11.200000 -6.373205
v 11.900000 11.241421 -6.341421
v 11.900000 11.273205 -6.300000
v 11.900000 11.293185 -6.251764
v 14.308232 11.151764 -4.545284
v 14.288933 11.200000 -4.540113
v 14.258232 11.241421 -4.531886
v 14.218222 11.273205 -4.521166
v 14.171629 11.293185 -4.508681
v 14.251764 11.293185 -3.900000
v 14.300000 11.273205 -3.900000
v 14.341421 11.241421 -3.900000
v 14.373205 11.200000 -3.900000
v 14.393185 11.151764 -3.900000
v 14.059162 11.151764 -5.146593
v 14.041858 11.200000 -5.136603
v 14.014333 11.241421 -5.120711
v 13.978461 11.273205 -5.100000
v 13.936687 11.293185 -5.075882
v 13.662948 11.151764 -5.662948
v 13.648820 11.200000 -5.648820
v 13.626346 11.241421 -5.626346
v 13.597056 11.273205 -5.597056
v 13.562948 11.293185 -5.562948
v 13.146593 11.151764 -6.059162
v 13.136603 11.200000 -6.041858
v 13.120711 11.241421 -6.014333
v 13.100000 11.273205 -5.978461
v 13.075882 11.293185 -5.936687
v 12.545284 11.151764 -6.308232
v 12.540113 11.200000 -6.288933
v 12.531886 11.241421 -6.258232
v 12.521166 11.273205 -6.218222
v 12.508681 11.293185 -6.171629
v 11.254716 11.151764 -6.308232
v 11.259887 11.200000 -6.288933
v 11.268114 11.241421 -6.258232
v 11.278834 11.273205 -6.218222
v 11.291319 11.293185 -6.171629
v 10.653407 11.151764 -6.059162
v 10.663397 11.200000 -6.041858
v 10.679289 11.241421 -6.014333
v 10.700000 11.273205 -5.978461
v 10.724118 11.293185 -5.936687
v 10.137052 11.151764 -5.662948
v 10.151180 11.200000 -5.648820
v 10.173654 11.241421 -5.626346
v 10.202944 11.273205 -5.597056
v 10.237052 11.293185 -5.562948
v 9.740838 11.151764 -5.146593
v 9.758142 11.200000 -5.136603
v 9.785667 11.241421 -5.120711
v 9.821539 11.273205 -5.100000
v 9.863313 11.293185 -5.075882
v 9.491768 11.151764 -4.545284
v 9.511067 11.200000 -4.540113
v 9.541768 11.241421 -4.531886
v 9.581778 11.273205 -4.521166
v 9.628371 11.293185 -4.508681
v 9.406815 11.151764 -3.900000
v 9.426795 11.200000 -3.900000
v 9.458579 11.241421 -3.900000
v 9.500000 11.273205 -3.900000
v 9.548236 11.293185 -3.900000
v 9.491768 11.151764 -3.254716
v 9.511067 11.200000 -3.259887
v 9.541768 11.241421 -3.268114
v 9.581778 11.273205 -3.278834
v 9.628371 11.293185 -3.291319
v 9.740838 11.151764 -2.653407
v 9.758142 11.200000 -2.663397
v 9.785667 11.241421 -2.679289
v 9.821539 11.273205 -2.700000
v 9.863313 11.293185 -2.724118
v 10.137052 11.151764 -2.137052
v 10.151180 11.200000 -2.151180
v 10.173654 11.241421 -2.173654
v 10.202944 11.273205 -2.202944
v 10.237052 11.293185 -2.237052
v 10.653407 11.151764 -1.740838
v 10.663397 11.200000 -1.758142
v 10.679289 11.241421 -1.785667
v 10.700000 11.273205 -1.821539
v 10.724118 11.293185 -1.863313
v 11.254716 11.151764 -1.491768
v 11.259887 11.200000 -1.511067
v 11.268114 11.241421 -1.541768
v 11.278834 11.273205 -1.581778
v 11.291319 11.293185 -1.628371
v 11.900000 11.151764 -1.406815
v 11.900000 11.200000 -1.426795
v 11.900000 11.241421 -1.458579
v 11.900000 11.273205 -1.500000
v 11.900000 11.293185 -1.548236
v 12.545284 11.151764 -1.491768
v 12.540113 11.200000 -1.511067
v 12.531886 11.241421 -1.541768
v 12.521166 11.273205 -1.581778
v 12.508681 11.293185 -1.628371
v 13.146593 11.151764 -1.740838
v 13.136603 11.200000 -1.758142
v 13.120711 11.241421 -1.785667
v 13.100000 11.273205 -1.821539
v 13.075882 11.293185 -1.863313
v 13.662948 11.151764 -2.137052
v 13.648820 11.200000 -2.151180
v 13.626346 11.241421 -2.173654
v 13.597056 11.273205 -2.202944
v 13.562948 11.293185 -2.237052
v 14.059162 11.151764 -2.653407
v 14.041858 11.200000 -2.663397
v 14.014333 11.241421 -2.679289
v 13.978461 11.273205 -2.700000
v 13.936687 11.293185 -2.724118
v 14.308232 11.151764 -3.254716
v 14.288933 11.200000 -3.259887
v 14.258232 11.241421 -3.268114
v 14.218222 11.273205 -3.278834
v 14.171629 11.293185 -3.291319
v 22.400000 11.100000 -3.900000
v 22.314815 11.100000 -4.547048
v 22.065064 11.100000 -5.150000
v 21.667767 11.100000 -5.667767
v 21.150000 11.100000 -6.065064
v 20.547048 11.100000 -6.314815
v 19.900000 11.100000 -6.400000
v 19.252952 11.100000 -6.314815
v 18.650000 11.100000 -6.065064
v 18.132233 11.100000 -5.667767
v 17.734936 11.100000 -5.150000
v 17.485185 11.100000 -4.547048
v 17.400000 11.100000 -3.900000
v 17.485185 11.100000 -3.252952
v 17.734936 11.100000 -2.650000
v 18.132233 11.100000 -2.132233
v 18.650000 11.100000 -1.734936
v 19.252952 11.100000 -1.485185
v 19.900000 11.100000 -1.400000
v 20.547048 11.100000 -1.485185
v 21.150000 11.100000 -1.734936
v 21.667767 11.100000 -2.132233
v 22.065064 11.100000 -2.650000
v 22.314815 11.100000 -3.252952
v 22.200000 11.300000 -3.900000
v 22.121629 11.300000 -3.304716
v 21.891858 11.300000 -2.750000
v 21.526346 11.300000 -2.273654
v 21.050000 11.300000 -1.908142
v 20.495284 11.300000 -1.678371
v 19.900000 11.300000 -1.600000
v 19.304716 11.300000 -1.678371
v 18.750000 11.300000 -1.908142
v 18.273654 11.300000 -2.273654
v 17.908142 11.300000 -2.750000
v 17.678371 11.300000 -3.304716
v 17.600000 11.300000 -3.900000
v 17.678371 11.300000 -4.495284
v 17.908142 11.300000 -5.050000
v 18.273654 11.300000 -5.526346
v 18.750000 11.300000 -5.891858
v 19.304716 11.300000 -6.121629
v 19.900000 11.300000 -6.200000
v 20.495284 11.300000 -6.121629
v 21.050000 11.300000 -5.891858
v 21.526346 11.300000 -5.526346
v 21.891858 11.300000 -5.050000
v 22.121629 11.300000 -4.495284
v 19.900000 11.151764 -6.393185
v 19.900000 11.200000 -6.373205
v 19.900000 11.241421 -6.341421
v 19.900000 11.273205 -6.300000
v 19.900000 11.293185 -6.251764
v 22.308232 11.151764 -4.545284
v 22.288933 11.200000 -4.540113
v 22.258232 11.241421 -4.531886
v 22.218222 11.273205 -4.521166
v 22.171629 11.293185 -4.508681
v 22.251764 11.293185 -3.900000
v 22.300000 11.273205 -3.900000
v 22.341421 11.241421 -3.900000
v 22.373205 11.200000 -3.900000
v 22.393185 11.151764 -3.900000
v 22.059162 11.151764 -5.146593
v 22.041858 11.200000 -5.136603
v 22.014333 11.241421 -5.120711
v 21.978461 11.273205 -5.100000
v 21.936687 11.293185 -5.075882
v 21.662948 11.151764 -5.662948
v 21.648820 11.200000 -5.648820
v 21.626346 11.241421 -5.626346
v 21.597056 11.273205 -5.597056
v 21.562948 11.293185 -5.562948
v 21.146593 11.151764 -6.059162
v 21.136603 11.200000 -6.041858
v 21.120711 11.241421 -6.014333
v 21.100000 11.273205 -5.978461
v 21.075882 11.293185 -5.936687
v 20.545284 11.151764 -6.308232
v 20.540113 11.200000 -6.288933
v 20.531886 11.241421 -6.258232
v 20.521166 11.273205 -6.218222
v 20.508681 11.293185 -6.171629
v 19.254716 11.151764 -6.308232
v 19.259887 11.200000 -6.288933
v 19.268114 11.241421 -6.258232
v 19.278834 11.273205 -6.218222
v 19.291319 11.293185 -6.171629
v 18.653407 11.151764 -6.059162
v 18.663397 11.200000 -6.041858
v 18.679289 11.241421 -6.014333
v 18.700000 11.273205 -5.978461
v 18.724118 11.293185 -5.936687
v 18.137052 11.151764 -5.662948
v 18.151180 11.200000 -5.648820
v 18.173654 11.241421 -5.626346
v 18.202944 11.273205 -5.597056
v 18.237052 11.293185 -5.562948
v 17.740838 11.151764 -5.146593
v 17.758142 11.200000 -5.136603
v 17.785667 11.241421 -5.120711
v 17.821539 11.273205 -5.100000
v 17.863313 11.293185 -5.075882
v 17.491768 11.151764 -4.545284
v 17.511067 11.200000 -4.540113
v 17.541768 11.241421 -4.531886
v 17.581778 11.273205 -4.521166
v 17.628371 11.293185 -4.508681
v 17.406815 11.151764 -3.900000
v 17.426795 11.200000 -3.900000
v 17.458579 11.241421 -3.900000
v 17.500000 11.273205 -3.900000
v 17.548236 11.293185 -3.900000
v 17.491768 11.151764 -3.254716
v 17.511067 11.200000 -3.259887
v 17.541768 11.241421 -3.268114
v 17.581778 11.273205 -3.278834
v 17.628371 11.293185 -3.291319
v 17.740838 11.151764 -2.653407
v 17.758142 11.200000 -2.663397
v 17.785667 11.241421 -2.679289
v 17.821539 11.273205 -2.700000
v 17.863313 11.293185 -2.724118
v 18.137052 11.151764 -2.137052
v 18.151180 11.200000 -2.151180
v 18.173654 11.241421 -2.173654
v 18.202944 11.273205 -2.202944
v 18.237052 11.293185 -2.237052
v 18.653407 11.151764 -1.740838
v 18.663397 11.200000 -1.758142
v 18.679289 11.241421 -1.785667
v 18.700000 11.273205 -1.821539
v 18.724118 11.293185 -1.863313
v 19.254716 11.151764 -1.491768
v 19.259887 11.200000 -1.511067
v 19.268114 11.241421 -1.541768
v 19.278834 11.273205 -1.581778
v 19.291319 11.293185 -1.628371
v 19.900000 11.151764 -1.406815
v 19.900000 11.200000 -1.426795
v 19.900000 11.241421 -1.458579
v 19.900000 11.273205 -1.500000
v 19.900000 11.293185 -1.548236
v 20.545284 11.151764 -1.491768
v 20.540113 11.200000 -1.511067
v 20.531886 11.241421 -1.541768
v 20.521166 11.273205 -1.581778
v 20.508681 11.293185 -1.628371
v 21.146593 11.151764 -1.740838
v 21.136603 11.200000 -1.758142
v 21.120711 11.241421 -1.785667
v 21.100000 11.273205 -1.821539
v 21.075882 11.293185 -1.863313
v 21.662948 11.151764 -2.137052
v 21.648820 11.200000 -2.151180
v 21.626346 11.241421 -2.173654
v 21.597056 11.273205 -2.202944
v 21.562948 11.293185 -2.237052
v 22.059162 11.151764 -2.653407
v 22.041858 11.200000 -2.663397
v 22.014333 11.241421 -2.679289
v 21.978461 11.273205 -2.700000
v 21.936687 11.293185 -2.724118
v 22.308232 11.151764 -3.254716
v 22.288933 11.200000 -3.259887
v 22.258232 11.241421 -3.268114
v 22.218222 11.273205 -3.278834
v 22.171629 11.293185 -3.291319
v 30.400000 11.100000 -3.900000
v 30.314815 11.100000 -4.547048
v 30.065064 11.100000 -5.150000
v 29.667767 11.100000 -5.667767
v 29.150000 11.100000 -6.065064
v 28.547048 11.100000 -6.314815
v 27.900000 11.100000 -6.400000
v 27.252952 11.100000 -6.314815
v 26.650000 11.100000 -6.065064
v 26.132233 11.100000 -5.667767
v 25.734936 11.100000 -5.150000
v 25.485185 11.100000 -4.547048
v 25.400000 11.100000 -3.900000
v 25.485185 11.100000 -3.252952
v 25.734936 11.100000 -2.650000
v 26.132233 11.100000 -2.132233
v 26.650000 11.100000 -1.734936
v 27.252952 11.100000 -1.485185
v 27.900000 11.100000 -1.400000
v 28.547048 11.100000 -1.485185
v 29.150000 11.100000 -1.734936
v 29.667767 11.100000 -2.132233
v 30.065064 11.100000 -2.650000
v 30.314815 11.100000 -3.252952
v 30.200000 11.300000 -3.900000
v 30.121629 11.300000 -3.304716
v 29.891858 11.300000 -2.750000
v 29.526346 11.300000 -2.273654
v 29.050000 11.300000 -1.908142
v 28.495284 11.300000 -1.678371
v 27.900000 11.300000 -1.600000
v 27.304716 11.300000 -1.678371
v 26.750000 11.300000 -1.908142
v 26.273654 11.300000 -2.273654
v 25.908142 11.300000 -2.750000
v 25.678371 11.300000 -3.304716
v 25.600000 11.300000 -3.900000
v 25.678371 11.300000 -4.495284
v 25.908142 11.300000 -5.050000
v 26.273654 11.300000 -5.526346
v 26.750000 11.300000 -5.891858
v 27.304716 11.300000 -6.121629
v 27.900000 11.300000 -6.200000
v 28.495284 11.300000 -6.121629
v 29.050000 11.300000 -5.891858
v 29.526346 11.300000 -5.526346
v 29.891858 11.300000 -5.050000
v 30.121629 11.300000 -4.495284
v 27.900000 11.151764 -6.393185
v 27.900000 11.200000 -6.373205
v 27.900000 11.241421 -6.341421
v 27.900000 11.273205 -6.300000
v 27.900000 11.293185 -6.251764
v 30.308232 11.151764 -4.545284
v 30.288933 11.200000 -4.540113
v 30.258232 11.241421 -4.531886
v 30.218222 11.273205 -4.521166
v 30.171629 11.293185 -4.508681
v 30.251764 11.293185 -3.900000
v 30.300000 11.273205 -3.900000
v 30.341421 11.241421 -3.900000
v 30.373205 11.200000 -3.900000
v 30.393185 11.151764 -3.900000
v 30.059162 11.151764 -5.146593
v 30.041858 11.200000 -5.136603
v 30.014333 11.241421 -5.120711
v 29.978461 11.273205 -5.100000
v 29.936687 11.293185 -5.075882
v 29.662948 11.151764 -5.662948
v 29.648820 11.200000 -5.648820
v 29.626346 11.241421 -5.626346
v 29.597056 11.273205 -5.597056
v 29.562948 11.293185 -5.562948
v 29.146593 11.151764 -6.059162
v 29.136603 11.200000 -6.041858
v 29.120711 11.241421 -6.014333
v 29.100000 11.273205 -5.978461
v 29.075882 11.293185 -5.936687
v 28.545284 11.151764 -6.308232
v 28.540113 11.200000 -6.288933
v 28.531886 11.241421 -6.258232
v 28.521166 11.273205 -6.218222
v 28.508681 11.293185 -6.171629
v 27.254716 11.151764 -6.308232
v 27.259887 11.200000 -6.288933
v 27.268114 11.241421 -6.258232
v 27.278834 11.273205 -6.218222
v 27.291319 11.293185 -6.171629
v 26.653407 11.151764 -6.059162
v 26.663397 11.200000 -6.041858
v 26.679289 11.241421 -6.014333
v 26.700000 11.273205 -5.978461
v 26.724118 11.293185 -5.936687
v 26.137052 11.151764 -5.662948
v 26.151180 11.200000 -5.648820
v 26.173654 11.241421 -5.626346
v 26.202944 11.273205 -5.597056
v 26.237052 11.293185 -5.562948
v 25.740838 11.151764 -5.146593
v 25.758142 11.200000 -5.136603
v 25.785667 11.241421 -5.120711
v 25.821539 11.273205 -5.100000
v 25.863313 11.293185 -5.075882
v 25.491768 11.151764 -4.545284
v 25.511067 11.200000 -4.540113
v 25.541768 11.241421 -4.531886
v 25.581778 11.273205 -4.521166
v 25.628371 11.293185 -4.508681
v 25.406815 11.151764 -3.900000
v 25.426795 11.200000 -3.900000
v 25.458579 11.241421 -3.900000
v 25.500000 11.273205 -3.900000
v 25.548236 11.293185 -3.900000
v 25.491768 11.151764 -3.254716
v 25.511067 11.200000 -3.259887
v 25.541768 11.241421 -3.268114
v 25.581778 11.273205 -3.278834
v 25.628371 11.293185 -3.291319
v 25.740838 11.151764 -2.653407
v 25.758142 11.200000 -2.663397
v 25.785667 11.241421 -2.679289
v 25.821539 11.273205 -2.700000
v 25.863313 11.293185 -2.724118
v 26.137052 11.151764 -2.137052
v 26.151180 11.200000 -2.151180
v 26.173654 11.241421 -2.173654
v 26.202944 11.273205 -2.202944
v 26.237052 11.293185 -2.237052
v 26.653407 11.151764 -1.740838
v 26.663397 11.200000 -1.758142
v 26.679289 11.241421 -1.785667
v 26.700000 11.273205 -1.821539
v 26.724118 11.293185 -1.863313
v 27.254716 11.151764 -1.491768
v 27.259887 11.200000 -1.511067
v 27.268114 11.241421 -1.541768
v 27.278834 11.273205 -1.581778
v 27.291319 11.293185 -1.628371
v 27.900000 11.151764 -1.406815
v 27.900000 11.200000 -1.426795
v 27.900000 11.241421 -1.458579
v 27.900000 11.273205 -1.500000
v 27.900000 11.293185 -1.548236
v 28.545284 11.151764 -1.491768
v 28.540113 11.200000 -1.511067
v 28.531886 11.241421 -1.541768
v 28.521166 11.273205 -1.581778
v 28.508681 11.293185 -1.628371
v 29.146593 11.151764 -1.740838
v 29.136603 11.200000 -1.758142
v 29.120711 11.241421 -1.785667
v 29.100000 11.273205 -1.821539
v 29.075882 11.293185 -1.863313
v 29.662948 11.151764 -2.137052
v 29.648820 11.200000 -2.151180
v 29.626346 11.241421 -2.173654
v 29.597056 11.273205 -2.202944
v 29.562948 11.293185 -2.237052
v 30.059162 11.151764 -2.653407
v 30.041858 11.200000 -2.663397
v 30.014333 11.241421 -2.679289
v 29.978461 11.273205 -2.700000
v 29.936687 11.293185 -2.724118
v 30.308232 11.151764 -3.254716
v 30.288933 11.200000 -3.259887
v 30.258232 11.241421 -3.268114
v 30.218222 11.273205 -3.278834
v 30.171629 11.293185 -3.291319
v 5.750000 0.010000 -7.900000
v 5.823259 0.010000 -8.456461
v 6.038045 0.010000 -8.975000
v 6.379720 0.010000 -9.420280
v 6.825000 0.010000 -9.761955
v 7.343539 0.010000 -9.976741
v 7.900000 0.010000 -10.050000
v 8.456461 0.010000 -9.976741
v 8.975000 0.010000 -9.761955
v 9.420280 0.010000 -9.420280
v 9.761955 0.010000 -8.975000
v 9.976741 0.010000 -8.456461
v 10.050000 0.010000 -7.900000
v 9.976741 0.010000 -7.343539
v 9.761955 0.010000 -6.825000
v 9.420280 0.010000 -6.379720
v 8.975000 0.010000 -6.038045
v 8.456461 0.010000 -5.823259
v 7.900000 0.010000 -5.750000
v 7.343539 0.010000 -5.823259
v 6.825000 0.010000 -6.038045
v 6.379720 0.010000 -6.379720
v 6.038045 0.010000 -6.825000
v 5.823259 0.010000 -7.343539
v 5.750000 8.110000 -7.900000
v 5.823259 8.110000 -7.343539
v 6.038045 8.110000 -6.825000
v 6.379720 8.110000 -6.379720
v 6.825000 8.110000 -6.038045
v 7.343539 8.110000 -5.823259
v 7.900000 8.110000 -5.750000
v 8.456461 8.110000 -5.823259
v 8.975000 8.110000 -6.038045
v 9.420280 8.110000 -6.379720
v 9.761955 8.110000 -6.825000
v 9.976741 8.110000 -7.343539
v 10.050000 8.110000 -7.900000
v 9.976741 8.110000 -8.456461
v 9.761955 8.110000 -8.975000
v 9.420280 8.110000 -9.420280
v 8.975000 8.110000 -9.761955
v 8.456461 8.110000 -9.976741
v 7.900000 8.110000 -10.050000
v 7.343539 8.110000 -9.976741
v 6.825000 8.110000 -9.761955
v 6.379720 8.110000 -9.420280
v 6.038045 8.110000 -8.975000
v 5.823259 8.110000 -8.456461
v 4.750000 0.010000 -7.900000
v 4.857334 0.010000 -7.084720
v 5.172020 0.010000 -6.325000
v 5.672614 0.010000 -5.672614
v 6.325000 0.010000 -5.172020
v 7.084720 0.010000 -4.857334
v 7.900000 0.010000 -4.750000
v 8.715280 0.010000 -4.857334
v 9.475000 0.010000 -5.172020
v 10.127386 0.010000 -5.672614
v 10.627980 0.010000 -6.325000
v 10.942666 0.010000 -7.084720
v 11.050000 0.010000 -7.900000
v 10.942666 0.010000 -8.715280
v 10.627980 0.010000 -9.475000
v 10.127386 0.010000 -10.127386
v 9.475000 0.010000 -10.627980
v 8.715280 0.010000 -10.942666
v 7.900000 0.010000 -11.050000
v 7.084720 0.010000 -10.942666
v 6.325000 0.010000 -10.627980
v 5.672614 0.010000 -10.127386
v 5.172020 0.010000 -9.475000
v 4.857334 0.010000 -8.715280
v 4.750000 8.110000 -7.900000
v 4.857334 8.110000 -8.715280
v 5.172020 8.110000 -9.475000
v 5.672614 8.110000 -10.127386
v 6.325000 8.110000 -10.627980
v 7.084720 8.110000 -10.942666
v 7.900000 8.110000 -11.050000
v 8.715280 8.110000 -10.942666
v 9.475000 8.110000 -10.627980
v 10.127386 8.110000 -10.127386
v 10.627980 8.110000 -9.475000
v 10.942666 8.110000 -8.715280
v 11.050000 8.110000 -7.900000
v 10.942666 8.110000 -7.084720
v 10.627980 8.110000 -6.325000
v 10.127386 8.110000 -5.672614
v 9.475000 8.110000 -5.172020
v 8.715280 8.110000 -4.857334
v 7.900000 8.110000 -4.750000
v 7.084720 8.110000 -4.857334
v 6.325000 8.110000 -5.172020
v 5.672614 8.110000 -5.672614
v 5.172020 8.110000 -6.325000
v 4.857334 8.110000 -7.084720
v 13.750000 0.010000 -7.900000
v 13.823259 0.010000 -8.456461
v 14.038045 0.010000 -8.975000
v 14.379720 0.010000 -9.420280
v 14.825000 0.010000 -9.761955
v 15.343539 0.010000 -9.976741
v 15.900000 0.010000 -10.050000
v 16.456461 0.010000 -9.976741
v 16.975000 0.010000 -9.761955
v 17.420280 0.010000 -9.420280
v 17.761955 0.010000 -8.975000
v 17.976741 0.010000 -8.456461
v 18.050000 0.010000 -7.900000
v 17.976741 0.010000 -7.343539
v 17.761955 0.010000 -6.825000
v 17.420280 0.010000 -6.379720
v 16.975000 0.010000 -6.038045
v 16.456461 0.010000 -5.823259
v 15.900000 0.010000 -5.750000
v 15.343539 0.010000 -5.823259
v 14.825000 0.010000 -6.038045
v 14.379720 0.010000 -6.379720
v 14.038045 0.010000 -6.825000
v 13.823259 0.010000 -7.343539
v 13.750000 8.110000 -7.900000
v 13.823259 8.110000 -7.343539
v 14.038045 8.110000 -6.825000
v 14.379720 8.110000 -6.379720
v 14.825000 8.110000 -6.038045
v 15.343539 8.110000 -5.823259
v 15.900000 8.110000 -5.750000
v 16.456461 8.110000 -5.823259
v 16.975000 8.110000 -6.038045
v 17.420280 8.110000 -6.379720
v 17.761955 8.110000 -6.825000
v 17.976741 8.110000 -7.343539
v 18.050000 8.110000 -7.900000
v 17.976741 8.110000 -8.456461
v 17.761955 8.110000 -8.975000
v 17.420280 8.110000 -9.420280
v 16.975000 8.110000 -9.761955
v 16.456461 8.110000 -9.976741
v 15.900000 8.110000 -10.050000
v 15.343539 8.110000 -9.976741
v 14.825000 8.110000 -9.761955
v 14.379720 8.110000 -9.420280
v 14.038045 8.110000 -8.975000
v 13.823259 8.110000 -8.456461
v 12.750000 0.010000 -7.900000
v 12.857334 0.010000 -7.084720
v 13.172020 0.010000 -6.325000
v 13.672614 0.010000 -5.672614
v 14.325000 0.010000 -5.172020
v 15.084720 0.010000 -4.857334
v 15.900000 0.010000 -4.750000
v 16.715280 0.010000 -4.857334
v 17.475000 0.010000 -5.172020
v 18.127386 0.010000 -5.672614
v 18.627980 0.010000 -6.325000
v 18.942666 0.010000 -7.084720
v 19.050000 0.010000 -7.900000
v 18.942666 0.010000 -8.715280
v 18.627980 0.010000 -9.475000
v 18.127386 0.010000 -10.127386
v 17.475000 0.010000 -10.627980
v 16.715280 0.010000 -10.942666
v 15.900000 0.010000 -11.050000
v 15.084720 0.010000 -10.942666
v 14.325000 0.010000 -10.627980
v 13.672614 0.010000 -10.127386
v 13.172020 0.010000 -9.475000
v 12.857334 0.010000 -8.715280
v 12.750000 8.110000 -7.900000
v 12.857334 8.110000 -8.715280
v 13.172020 8.110000 -9.475000
v 13.672614 8.110000 -10.127386
v 14.325000 8.110000 -10.627980
v 15.084720 8.110000 -10.942666
v 15.900000 8.110000 -11.050000
v 16.715280 8.110000 -10.942666
v 17.475000 8.110000 -10.627980
v 18.127386 8.110000 -10.127386
v 18.627980 8.110000 -9.475000
v 18.942666 8.110000 -8.715280
v 19.050000 8.110000 -7.900000
v 18.942666 8.110000 -7.084720
v 18.627980 8.110000 -6.325000
v 18.127386 8.110000 -5.672614
v 17.475000 8.110000 -5.172020
v 16.715280 8.110000 -4.857334
v 15.900000 8.110000 -4.750000
v 15.084720 8.110000 -4.857334
v 14.325000 8.110000 -5.172020
v 13.672614 8.110000 -5.672614
v 13.172020 8.110000 -6.325000
v 12.857334 8.110000 -7.084720
v 21.750000 0.010000 -7.900000
v 21.823259 0.010000 -8.456461
v 22.038045 0.010000 -8.975000
v 22.379720 0.010000 -9.420280
v 22.825000 0.010000 -9.761955
v 23.343539 0.010000 -9.976741
v 23.900000 0.010000 -10.050000
v 24.456461 0.010000 -9.976741
v 24.975000 0.010000 -9.761955
v 25.420280 0.010000 -9.420280
v 25.761955 0.010000 -8.975000
v 25.976741 0.010000 -8.456461
v 26.050000 0.010000 -7.900000
v 25.976741 0.010000 -7.343539
v 25.761955 0.010000 -6.825000
v 25.420280 0.010000 -6.379720
v 24.975000 0.010000 -6.038045
v 24.456461 0.010000 -5.823259
v 23.900000 0.010000 -5.750000
v 23.343539 0.010000 -5.823259
v 22.825000 0.010000 -6.038045
v 22.379720 0.010000 -6.379720
v 22.038045 0.010000 -6.825000
v 21.823259 0.010000 -7.343539
v 21.750000 8.110000 -7.900000
v 21.823259 8.110000 -7.343539
v 22.038045 8.110000 -6.825000
v 22.379720 8.110000 -6.379720
v 22.825000 8.110000 -6.038045
v 23.343539 8.110000 -5.823259
v 23.900000 8.110000 -5.750000
v 24.456461 8.110000 -5.823259
v 24.975000 8.110000 -6.038045
v 25.420280 8.110000 -6.379720
v 25.761955 8.110000 -6.825000
v 25.976741 8.110000 -7.343539
v 26.050000 8.110000 -7.900000
v 25.976741 8.110000 -8.456461
v 25.761955 8.110000 -8.975000
v 25.420280 8.110000 -9.420280
v 24.975000 8.110000 -9.761955
v 24.456461 8.110000 -9.976741
v 23.900000 8.110000 -10.050000
v 23.343539 8.110000 -9.976741
v 22.825000 8.110000 -9.761955
v 22.379720 8.110000 -9.420280
v 22.038045 8.110000 -8.975000
v 21.823259 8.110000 -8.456461
v 20.750000 0.010000 -7.900000
v 20.857334 0.010000 -7.084720
v 21.172020 0.010000 -6.325000
v 21.672614 0.010000 -5.672614
v 22.325000 0.010000 -5.172020
v 23.084720 0.010000 -4.857334
v 23.900000 0.010000 -4.750000
v 24.715280 0.010000 -4.857334
v 25.475000 0.010000 -5.172020
v 26.127386 0.010000 -5.672614
v 26.627980 0.010000 -6.325000
v 26.942666 0.010000 -7.084720
v 27.050000 0.010000 -7.900000
v 26.942666 0.010000 -8.715280
v 26.627980 0.010000 -9.475000
v 26.127386 0.010000 -10.127386
v 25.475000 0.010000 -10.627980
v 24.715280 0.010000 -10.942666
v 23.900000 0.010000 -11.050000
v 23.084720 0.010000 -10.942666
v 22.325000 0.010000 -10.627980
v 21.672614 0.010000 -10.127386
v 21.172020 0.010000 -9.475000
v 20.857334 0.010000 -8.715280
v 20.750000 8.110000 -7.900000
v 20.857334 8.110000 -8.715280
v 21.172020 8.110000 -9.475000
v 21.672614 8.110000 -10.127386
v 22.325000 8.110000 -10.627980
v 23.084720 8.110000 -10.942666
v 23.900000 8.110000 -11.050000
v 24.715280 8.110000 -10.942666
v 25.475000 8.110000 -10.627980
v 26.127386 8.110000 -10.127386
v 26.627980 8.110000 -9.475000
v 26.942666 8.110000 -8.715280
v 27.050000 8.110000 -7.900000
v 26.942666 8.110000 -7.084720
v 26.627980 8.110000 -6.325000
v 26.127386 8.110000 -5.672614
v 25.475000 8.110000 -5.172020
v 24.715280 8.110000 -4.857334
v 23.900000 8.110000 -4.750000
v 23.084720 8.110000 -4.857334
v 22.325000 8.110000 -5.172020
v 21.672614 8.110000 -5.672614
v 21.172020 8.110000 -6.325000
v 20.857334 8.110000 -7.084720
v 28.910000 9.810000 -3.900000
v 28.875585 9.810000 -4.161407
v 28.774686 9.810000 -4.405000
v 28.614178 9.810000 -4.614178
v 28.405000 9.810000 -4.774686
v 28.161407 9.810000 -4.875585
v 27.900000 9.810000 -4.910000
v 27.638593 9.810000 -4.875585
v 27.395000 9.810000 -4.774686
v 27.185822 9.810000 -4.614178
v 27.025314 9.810000 -4.405000
v 26.924415 9.810000 -4.161407
v 26.890000 9.810000 -3.900000
v 26.924415 9.810000 -3.638593
v 27.025314 9.810000 -3.395000
v 27.185822 9.810000 -3.185822
v 27.395000 9.810000 -3.025314
v 27.638593 9.810000 -2.924415
v 27.900000 9.810000 -2.890000
v 28.161407 9.810000 -2.924415
v 28.405000 9.810000 -3.025314
v 28.614178 9.810000 -3.185822
v 28.774686 9.810000 -3.395000
v 28.875585 9.810000 -3.638593
v 28.910000 8.110000 -3.900000
v 28.875585 8.110000 -3.638593
v 28.774686 8.110000 -3.395000
v 28.614178 8.110000 -3.185822
v 28.405000 8.110000 -3.025314
v 28.161407 8.110000 -2.924415
v 27.900000 8.110000 -2.890000
v 27.638593 8.110000 -2.924415
v 27.395000 8.110000 -3.025314
v 27.185822 8.110000 -3.185822
v 27.025314 8.110000 -3.395000
v 26.924415 8.110000 -3.638593
v 26.890000 8.110000 -3.900000
v 26.924415 8.110000 -4.161407
v 27.025314 8.110000 -4.405000
v 27.185822 8.110000 -4.614178
v 27.395000 8.110000 -4.774686
v 27.638593 8.110000 -4.875585
v 27.900000 8.110000 -4.910000
v 28.161407 8.110000 -4.875585
v 28.405000 8.110000 -4.774686
v 28.614178 8.110000 -4.614178
v 28.774686 8.110000 -4.405000
v 28.875585 8.110000 -4.161407
v 28.910000 9.810000 -11.900000
v 28.875585 9.810000 -12.161407
v 28.774686 9.810000 -12.405000
v 28.614178 9.810000 -12.614178
v 28.405000 9.810000 -12.774686
v 28.161407 9.810000 -12.875585
v 27.900000 9.810000 -12.910000
v 27.638593 9.810000 -12.875585
v 27.395000 9.810000 -12.774686
v 27.185822 9.810000 -12.614178
v 27.025314 9.810000 -12.405000
v 26.924415 9.810000 -12.161407
v 26.890000 9.810000 -11.900000
v 26.924415 9.810000 -11.638593
v 27.025314 9.810000 -11.395000
v 27.185822 9.810000 -11.185822
v 27.395000 9.810000 -11.025314
v 27.638593 9.810000 -10.924415
v 27.900000 9.810000 -10.890000
v 28.161407 9.810000 -10.924415
v 28.405000 9.810000 -11.025314
v 28.614178 9.810000 -11.185822
v 28.774686 9.810000 -11.395000
v 28.875585 9.810000 -11.638593
v 28.910000 8.110000 -11.900000
v 28.875585 8.110000 -11.638593
v 28.774686 8.110000 -11.395000
v 28.614178 8.110000 -11.185822
v 28.405000 8.110000 -11.025314
v 28.161407 8.110000 -10.924415
v 27.900000 8.110000 -10.890000
v 27.638593 8.110000 -10.924415
v 27.395000 8.110000 -11.025314
v 27.185822 8.110000 -11.185822
v 27.025314 8.110000 -11.395000
v 26.924415 8.110000 -11.638593
v 26.890000 8.110000 -11.900000
v 26.924415 8.110000 -12.161407
v 27.025314 8.110000 -12.405000
v 27.185822 8.110000 -12.614178
v 27.395000 8.110000 -12.774686
v 27.638593 8.110000 -12.875585
v 27.900000 8.110000 -12.910000
v 28.161407 8.110000 -12.875585
v 28.405000 8.110000 -12.774686
v 28.614178 8.110000 -12.614178
v 28.774686 8.110000 -12.405000
v 28.875585 8.110000 -12.161407
v 20.910000 9.810000 -3.900000
v 20.875585 9.810000 -4.161407
v 20.774686 9.810000 -4.405000
v 20.614178 9.810000 -4.614178
v 20.405000 9.810000 -4.774686
v 20.161407 9.810000 -4.875585
v 19.900000 9.810000 -4.910000
v 19.638593 9.810000 -4.875585
v 19.395000 9.810000 -4.774686
v 19.185822 9.810000 -4.614178
v 19.025314 9.810000 -4.405000
v 18.924415 9.810000 -4.161407
v 18.890000 9.810000 -3.900000
v 18.924415 9.810000 -3.638593
v 19.025314 9.810000 -3.395000
v 19.185822 9.810000 -3.185822
v 19.395000 9.810000 -3.025314
v 19.638593 9.810000 -2.924415
v 19.900000 9.810000 -2.890000
v 20.161407 9.810000 -2.924415
v 20.405000 9.810000 -3.025314
v 20.614178 9.810000 -3.185822
v 20.774686 9.810000 -3.395000
v 20.875585 9.810000 -3.638593
v 20.910000 8.110000 -3.900000
v 20.875585 8.110000 -3.638593
v 20.774686 8.110000 -3.395000
v 20.614178 8.110000 -3.185822
v 20.405000 8.110000 -3.025314
v 20.161407 8.110000 -2.924415
v 19.900000 8.110000 -2.890000
v 19.638593 8.110000 -2.924415
v 19.395000 8.110000 -3.025314
v 19.185822 8.110000 -3.185822
v 19.025314 8.110000 -3.395000
v 18.924415 8.110000 -3.638593
v 18.890000 8.110000 -3.900000
v 18.924415 8.110000 -4.161407
v 19.025314 8.110000 -4.405000
v 19.185822 8.110000 -4.614178
v 19.395000 8.110000 -4.774686
v 19.638593 8.110000 -4.875585
v 19.900000 8.110000 -4.910000
v 20.161407 8.110000 -4.875585
v 20.405000 8.110000 -4.774686
v 20.614178 8.110000 -4.614178
v 20.774686 8.110000 -4.405000
v 20.875585 8.110000 -4.161407
v 20.910000 9.810000 -11.900000
v 20.875585 9.810000 -12.161407
v 20.774686 9.810000 -12.405000
v 20.614178 9.810000 -12.614178
v 20.405000 9.810000 -12.774686
v 20.161407 9.810000 -12.875585
v 19.900000 9.810000 -12.910000
v 19.638593 9.810000 -12.875585
v 19.395000 9.810000 -12.774686
v 19.185822 9.810000 -12.614178
v 19.025314 9.810000 -12.405000
v 18.924415 9.810000 -12.161407
v 18.890000 9.810000 -11.900000
v 18.924415 9.810000 -11.638593
v 19.025314 9.810000 -11.395000
v 19.185822 9.810000 -11.185822
v 19.395000 9.810000 -11.025314
v 19.638593 9.810000 -10.924415
v 19.900000 9.810000 -10.890000
v 20.161407 9.810000 -10.924415
v 20.405000 9.810000 -11.025314
v 20.614178 9.810000 -11.185822
v 20.774686 9.810000 -11.395000
v 20.875585 9.810000 -11.638593
v 20.910000 8.110000 -11.900000
v 20.875585 8.110000 -11.638593
v 20.774686 8.110000 -11.395000
v 20.614178 8.110000 -11.185822
v 20.405000 8.110000 -11.025314
v 20.161407 8.110000 -10.924415
v 19.900000 8.110000 -10.890000
v 19.638593 8.110000 -10.924415
v 19.395000 8.110000 -11.025314
v 19.185822 8.110000 -11.185822
v 19.025314 8.110000 -11.395000
v 18.924415 8.110000 -11.638593
v 18.890000 8.110000 -11.900000
v 18.924415 8.110000 -12.161407
v 19.025314 8.110000 -12.405000
v 19.185822 8.110000 -12.614178
v 19.395000 8.110000 -12.774686
v 19.638593 8.110000 -12.875585
v 19.900000 8.110000 -12.910000
v 20.161407 8.110000 -12.875585
v 20.405000 8.110000 -12.774686
v 20.614178 8.110000 -12.614178
v 20.774686 8.110000 -12.405000
v 20.875585 8.110000 -12.161407
v 12.910000 9.810000 -3.900000
v 12.875585 9.810000 -4.161407
v 12.774686 9.810000 -4.405000
v 12.614178 9.810000 -4.614178
v 12.405000 9.810000 -4.774686
v 12.161407 9.810000 -4.875585
v 11.900000 9.810000 -4.910000
v 11.638593 9.810000 -4.875585
v 11.395000 9.810000 -4.774686
v 11.185822 9.810000 -4.614178
v 11.025314 9.810000 -4.405000
v 10.924415 9.810000 -4.161407
v 10.890000 9.810000 -3.900000
v 10.924415 9.810000 -3.638593
v 11.025314 9.810000 -3.395000
v 11.185822 9.810000 -3.185822
v 11.395000 9.810000 -3.025314
v 11.638593 9.810000 -2.924415
v 11.900000 9.810000 -2.890000
v 12.161407 9.810000 -2.924415
v 12.405000 9.810000 -3.025314
v 12.614178 9.810000 -3.185822
v 12.774686 9.810000 -3.395000
v 12.875585 9.810000 -3.638593
v 12.910000 8.110000 -3.900000
v 12.875585 8.110000 -3.638593
v 12.774686 8.110000 -3.395000
v 12.614178 8.110000 -3.185822
v 12.405000 8.110000 -3.025314
v 12.161407 8.110000 -2.924415
v 11.900000 8.110000 -2.890000
v 11.638593 8.110000 -2.924415
v 11.395000 8.110000 -3.025314
v 11.185822 8.110000 -3.185822
v 11.025314 8.110000 -3.395000
v 10.924415 8.110000 -3.638593
v 10.890000 8.110000 -3.900000
v 10.924415 8.110000 -4.161407
v 11.025314 8.110000 -4.405000
v 11.185822 8.110000 -4.614178
v 11.395000 8.110000 -4.774686
v 11.638593 8.110000 -4.875585
v 11.900000 8.110000 -4.910000
v 12.161407 8.110000 -4.875585
v 12.405000 8.110000 -4.774686
v 12.614178 8.110000 -4.614178
v 12.774686 8.110000 -4.405000
v 12.875585 8.110000 -4.161407
v 12.910000 9.810000 -11.900000
v 12.875585 9.810000 -12.161407
v 12.774686 9.810000 -12.405000
v 12.614178 9.810000 -12.614178
v 12.405000 9.810000 -12.774686
v 12.161407 9.810000 -12.875585
v 11.900000 9.810000 -12.910000
v 11.638593 9.810000 -12.875585
v 11.395000 9.810000 -12.774686
v 11.185822 9.810000 -12.614178
v 11.025314 9.810000 -12.405000
v 10.924415 9.810000 -12.161407
v 10.890000 9.810000 -11.900000
v 10.924415 9.810000 -11.638593
v 11.025314 9.810000 -11.395000
v 11.185822 9.810000 -11.185822
v 11.395000 9.810000 -11.025314
v 11.638593 9.810000 -10.924415
v 11.900000 9.810000 -10.890000
v 12.161407 9.810000 -10.924415
v 12.405000 9.810000 -11.025314
v 12.614178 9.810000 -11.185822
v 12.774686 9.810000 -11.395000
v 12.875585 9.810000 -11.638593
v 12.910000 8.110000 -11.900000
v 12.875585 8.110000 -11.638593
v 12.774686 8.110000 -11.395000
v 12.614178 8.110000 -11.185822
v 12.405000 8.110000 -11.025314
v 12.161407 8.110000 -10.924415
v 11.900000 8.110000 -10.890000
v 11.638593 8.110000 -10.924415
v 11.395000 8.110000 -11.025314
v 11.185822 8.110000 -11.185822
v 11.025314 8.110000 -11.395000
v 10.924415 8.110000 -11.638593
v 10.890000 8.110000 -11.900000
v 10.924415 8.110000 -12.161407
v 11.025314 8.110000 -12.405000
v 11.185822 8.110000 -12.614178
v 11.395000 8.110000 -12.774686
v 11.638593 8.110000 -12.875585
v 11.900000 8.110000 -12.910000
v 12.161407 8.110000 -12.875585
v 12.405000 8.110000 -12.774686
v 12.614178 8.110000 -12.614178
v 12.774686 8.110000 -12.405000
v 12.875585 8.110000 -12.161407
v 4.910000 9.810000 -3.900000
v 4.875585 9.810000 -4.161407
v 4.774686 9.810000 -4.405000
v 4.614178 9.810000 -4.614178
v 4.405000 9.810000 -4.774686
v 4.161407 9.810000 -4.875585
v 3.900000 9.810000 -4.910000
v 3.638593 9.810000 -4.875585
v 3.395000 9.810000 -4.774686
v 3.185822 9.810000 -4.614178
v 3.025314 9.810000 -4.405000
v 2.924415 9.810000 -4.161407
v 2.890000 9.810000 -3.900000
v 2.924415 9.810000 -3.638593
v 3.025314 9.810000 -3.395000
v 3.185822 9.810000 -3.185822
v 3.395000 9.810000 -3.025314
v 3.638593 9.810000 -2.924415
v 3.900000 9.810000 -2.890000
v 4.161407 9.810000 -2.924415
v 4.405000 9.810000 -3.025314
v 4.614178 9.810000 -3.185822
v 4.774686 9.810000 -3.395000
v 4.875585 9.810000 -3.638593
v 4.910000 8.110000 -3.900000
v 4.875585 8.110000 -3.638593
v 4.774686 8.110000 -3.395000
v 4.614178 8.110000 -3.185822
v 4.405000 8.110000 -3.025314
v 4.161407 8.110000 -2.924415
v 3.900000 8.110000 -2.890000
v 3.638593 8.110000 -2.924415
v 3.395000 8.110000 -3.025314
v 3.185822 8.110000 -3.185822
v 3.025314 8.110000 -3.395000
v 2.924415 8.110000 -3.638593
v 2.890000 8.110000 -3.900000
v 2.924415 8.110000 -4.161407
v 3.025314 8.110000 -4.405000
v 3.185822 8.110000 -4.614178
v 3.395000 8.110000 -4.774686
v 3.638593 8.110000 -4.875585
v 3.900000 8.110000 -4.910000
v 4.161407 8.110000 -4.875585
v 4.405000 8.110000 -4.774686
v 4.614178 8.110000 -4.614178
v 4.774686 8.110000 -4.405000
v 4.875585 8.110000 -4.161407
v 4.910000 9.810000 -11.900000
v 4.875585 9.810000 -12.161407
v 4.774686 9.810000 -12.405000
v 4.614178 9.810000 -12.614178
v 4.405000 9.810000 -12.774686
v 4.161407 9.810000 -12.875585
v 3.900000 9.810000 -12.910000
v 3.638593 9.810000 -12.875585
v 3.395000 9.810000 -12.774686
v 3.185822 9.810000 -12.614178
v 3.025314 9.810000 -12.405000
v 2.924415 9.810000 -12.161407
v 2.890000 9.810000 -11.900000
v 2.924415 9.810000 -11.638593
v 3.025314 9.810000 -11.395000
v 3.185822 9.810000 -11.185822
v 3.395000 9.810000 -11.025314
v 3.638593 9.810000 -10.924415
v 3.900000 9.810000 -10.890000
v 4.161407 9.810000 -10.924415
v 4.405000 9.810000 -11.025314
v 4.614178 9.810000 -11.185822
v 4.774686 9.810000 -11.395000
v 4.875585 9.810000 -11.638593
v 4.910000 8.110000 -11.900000
v 4.875585 8.110000 -11.638593
v 4.774686 8.110000 -11.395000
v 4.614178 8.110000 -11.185822
v 4.405000 8.110000 -11.025314
v 4.161407 8.110000 -10.924415
v 3.900000 8.110000 -10.890000
v 3.638593 8.110000 -10.924415
v 3.395000 8.110000 -11.025314
v 3.185822 8.110000 -11.185822
v 3.025314 8.110000 -11.395000
v 2.924415 8.110000 -11.638593
v 2.890000 8.110000 -11.900000
v 2.924415 8.110000 -12.161407
v 3.025314 8.110000 -12.405000
v 3.185822 8.110000 -12.614178
v 3.395000 8.110000 -12.774686
v 3.638593 8.110000 -12.875585
v 3.900000 8.110000 -12.910000
v 4.161407 8.110000 -12.875585
v 4.405000 8.110000 -12.774686
v 4.614178 8.110000 -12.614178
v 4.774686 8.110000 -12.405000
v 4.875585 8.110000 -12.161407
v 1.490000 0.000000 -14.310000
v 30.310000 0.000000 -14.310000
v 30.310000 8.110000 -14.310000
v 1.490000 8.110000 -14.310000
v 30.310000 0.000000 -1.490000
v 30.310000 8.110000 -1.490000
v 1.490000 0.000000 -1.490000
v 1.490000 8.110000 -1.490000
vt 0.015038 0.004992 0.000000
vt 0.013870 0.002495 0.000000
vt 0.019106 -0.000000 0.000000
vt 0.013870 -0.002495 0.000000
vt 0.015038 -0.004992 0.000000
vt 0.010541 -0.008307 0.000000
vt 0.008634 -0.002495 0.000000
vt 0.008634 -0.007486 0.000000
vt 0.003398 -0.002495 0.000000
vt 0.003398 -0.007486 0.000000
vt -0.001838 -0.002495 0.000000
vt -0.001838 -0.007486 0.000000
vt -0.007074 -0.002495 0.000000
vt -0.007074 -0.007486 0.000000
vt -0.011832 -0.006251 0.000000
vt -0.010472 -0.012132 0.000000
vt 0.010541 0.008307 0.000000
vt 0.008634 0.002495 0.000000
vt 0.008634 0.007486 0.000000
vt 0.005857 0.010831 0.000000
vt 0.003398 0.007486 0.000000
vt 0.001094 0.013014 0.000000
vt -0.001838 0.007486 0.000000
vt -0.001838 0.012476 0.000000
vt -0.007074 0.012476 0.000000
vt -0.003681 0.015140 0.000000
vt -0.008411 0.017466 0.000000
vt -0.010472 0.012132 0.000000
vt -0.007074 0.007486 0.000000
vt -0.001838 0.002495 0.000000
vt 0.003398 0.002495 0.000000
vt -0.011832 0.006251 0.000000
vt -0.007074 0.002495 0.000000
vt -0.012310 0.000000 0.000000
vt -0.007074 -0.012476 0.000000
vt -0.008411 -0.017466 0.000000
vt -0.003681 -0.015140 0.000000
vt -0.001838 -0.012476 0.000000
vt 0.001094 -0.013014 0.000000
vt 0.005857 -0.010831 0.000000
vt -0.940000 -0.015708 0.000000
vt -0.000000 -0.015708 0.000000
vt -0.940000 -0.010472 0.000000
vt -0.000000 -0.010472 0.000000
vt -0.940000 -0.005236 0.000000
vt -0.000000 -0.005236 0.000000
vt -0.940000 -0.000000 0.000000
vt -0.000000 -0.000000 0.000000
vt -0.940000 0.005236 0.000000
vt -0.000000 0.005236 0.000000
vt -0.940000 0.010472 0.000000
vt -0.000000 0.010472 0.000000
vt -0.940000 0.015708 0.000000
vt -0.000000 0.015708 0.000000
vt -0.003681 0.015140 0.000000
vt -0.008411 0.017466 0.000000
vt -0.007074 0.012476 0.000000
vt -0.010472 0.012132 0.000000
vt -0.007074 0.007486 0.000000
vt -0.011832 0.006251 0.000000
vt -0.007074 0.002495 0.000000
vt -0.012310 0.000000 0.000000
vt -0.007074 -0.002495 0.000000
vt -0.011832 -0.006251 0.000000
vt -0.007074 -0.007486 0.000000
vt -0.010472 -0.012132 0.000000
vt -0.007074 -0.012476 0.000000
vt -0.008411 -0.017466 0.000000
vt -0.003681 -0.015140 0.000000
vt -0.001838 -0.012476 0.000000
vt 0.001094 -0.013014 0.000000
vt -0.001838 -0.007486 0.000000
vt 0.003398 -0.007486 0.000000
vt -0.001838 -0.002495 0.000000
vt 0.003398 -0.002495 0.000000
vt -0.001838 0.002495 0.000000
vt 0.003398 0.002495 0.000000
vt -0.001838 0.007486 0.000000
vt 0.003398 0.007486 0.000000
vt 0.001094 0.013014 0.000000
vt 0.005857 0.010831 0.000000
vt 0.008634 0.007486 0.000000
vt 0.010541 0.008307 0.000000
vt 0.008634 0.002495 0.000000
vt 0.013870 0.002495 0.000000
vt 0.013870 -0.002495 0.000000
vt 0.019106 0.000000 0.000000
vt 0.015038 -0.004992 0.000000
vt 0.010541 -0.008307 0.000000
vt 0.008634 -0.002495 0.000000
vt 0.008634 -0.007486 0.000000
vt 0.005857 -0.010831 0.000000
vt 0.015038 0.004992 0.000000
vt -0.001838 0.012476 0.000000
vt -0.940000 -0.015708 0.000000
vt -0.000000 -0.015708 0.000000
vt -0.940000 -0.010472 0.000000
vt -0.000000 -0.010472 0.000000
vt -0.940000 -0.005236 0.000000
vt -0.000000 -0.005236 0.000000
vt -0.940000 0.000000 0.000000
vt -0.000000 0.000000 0.000000
vt -0.940000 0.005236 0.000000
vt -0.000000 0.005236 0.000000
vt -0.940000 0.010472 0.000000
vt -0.000000 0.010472 0.000000
vt -0.940000 0.015708 0.000000
vt -0.000000 0.015708 0.000000
vt 0.015038 0.004992 0.000000
vt 0.013870 0.002495 0.000000
vt 0.019106 0.000000 0.000000
vt 0.013870 -0.002495 0.000000
vt 0.015038 -0.004992 0.000000
vt 0.010541 -0.008307 0.000000
vt 0.008634 -0.002495 0.000000
vt 0.008634 -0.007486 0.000000
vt 0.003398 -0.002495 0.000000
vt 0.003398 -0.007486 0.000000
vt -0.001838 -0.002495 0.000000
vt -0.001838 -0.007486 0.000000
vt -0.007074 -0.002495 0.000000
vt -0.007074 -0.007486 0.000000
vt -0.011832 -0.006251 0.000000
vt -0.010472 -0.012132 0.000000
vt 0.010541 0.008307 0.000000
vt 0.008634 0.002495 0.000000
vt 0.008634 0.007486 0.000000
vt 0.005857 0.010831 0.000000
vt 0.003398 0.007486 0.000000
vt 0.001094 0.013014 0.000000
vt -0.001838 0.007486 0.000000
vt -0.001838 0.012476 0.000000
vt -0.007074 0.012476 0.000000
vt -0.003681 0.015140 0.000000
vt -0.008411 0.017466 0.000000
vt -0.010472 0.012132 0.000000
vt -0.007074 0.007486 0.000000
vt -0.001838 0.002495 0.000000
vt 0.003398 0.002495 0.000000
vt -0.011832 0.006251 0.000000
vt -0.007074 0.002495 0.000000
vt -0.012310 0.000000 0.000000
vt -0.007074 -0.012476 0.000000
vt -0.008411 -0.017466 0.000000
vt -0.003681 -0.015140 0.000000
vt -0.001838 -0.012476 0.000000
vt 0.001094 -0.013014 0.000000
vt 0.005857 -0.010831 0.000000
vt -0.940000 -0.015708 0.000000
vt -0.000000 -0.015708 0.000000
vt -0.940000 -0.010472 0.000000
vt -0.000000 -0.010472 0.000000
vt -0.940000 -0.005236 0.000000
vt -0.000000 -0.005236 0.000000
vt -0.940000 -0.000000 0.000000
vt -0.000000 -0.000000 0.000000
vt -0.940000 0.005236 0.000000
vt -0.000000 0.005236 0.000000
vt -0.940000 0.010472 0.000000
vt -0.000000 0.010472 0.000000
vt -0.940000 0.015708 0.000000
vt -0.000000 0.015708 0.000000
vt 0.375000 0.015708 0.000000
vt -1.165000 0.015708 0.000000
vt 0.375000 0.010472 0.000000
vt -1.165000 0.010472 0.000000
vt 0.375000 0.005236 0.000000
vt -1.165000 0.005236 0.000000
vt 0.375000 -0.000000 0.000000
vt -1.165000 -0.000000 0.000000
vt 0.375000 -0.005236 0.000000
vt -1.165000 -0.005236 0.000000
vt 0.375000 -0.010472 0.000000
vt -1.165000 -0.010472 0.000000
vt 0.375000 -0.015708 0.000000
vt -1.165000 -0.015708 0.000000
vt 0.015038 0.004992 0.000000
vt 0.013870 0.002495 0.000000
vt 0.019106 0.000000 0.000000
vt 0.013870 -0.002495 0.000000
vt 0.015038 -0.004992 0.000000
vt 0.010541 -0.008307 0.000000
vt 0.008634 -0.002495 0.000000
vt 0.008634 -0.007486 0.000000
vt 0.003398 -0.002495 0.000000
vt 0.003398 -0.007486 0.000000
vt -0.001838 -0.002495 0.000000
vt -0.001838 -0.007486 0.000000
vt -0.007074 -0.002495 0.000000
vt -0.007074 -0.007486 0.000000
vt -0.011832 -0.006251 0.000000
vt -0.010472 -0.012132 0.000000
vt 0.010541 0.008307 0.000000
vt 0.008634 0.002495 0.000000
vt 0.008634 0.007486 0.000000
vt 0.005857 0.010831 0.000000
vt 0.003398 0.007486 0.000000
vt 0.001094 0.013014 0.000000
vt -0.001838 0.007486 0.000000
vt -0.001838 0.012476 0.000000
vt -0.007074 0.012476 0.000000
vt -0.003681 0.015140 0.000000
vt -0.008411 0.017466 0.000000
vt -0.010472 0.012132 0.000000
vt -0.007074 0.007486 0.000000
vt -0.001838 0.002495 0.000000
vt 0.003398 0.002495 0.000000
vt -0.011832 0.006251 0.000000
vt -0.007074 0.002495 0.000000
vt -0.012310 0.000000 0.000000
vt -0.007074 -0.012476 0.000000
vt -0.008411 -0.017466 0.000000
vt -0.003681 -0.015140 0.000000
vt -0.001838 -0.012476 0.000000
vt 0.001094 -0.013014 0.000000
vt 0.005857 -0.010831 0.000000
vt -0.940000 -0.015708 0.000000
vt -0.000000 -0.015708 0.000000
vt -0.940000 -0.010472 0.000000
vt -0.000000 -0.010472 0.000000
vt -0.940000 -0.005236 0.000000
vt -0.000000 -0.005236 0.000000
vt -0.940000 -0.000000 0.000000
vt -0.000000 -0.000000 0.000000
vt -0.940000 0.005236 0.000000
vt -0.000000 0.005236 0.000000
vt -0.940000 0.010472 0.000000
vt -0.000000 0.010472 0.000000
vt -0.940000 0.015708 0.000000
vt -0.000000 0.015708 0.000000
vt 0.775000 0.015708 0.000000
vt -2.365000 0.015708 0.000000
vt 0.775000 0.010472 0.000000
vt -2.365000 0.010472 0.000000
vt 0.775000 0.005236 0.000000
vt -2.365000 0.005236 0.000000
vt 0.775000 0.000000 0.000000
vt -2.365000 0.000000 0.000000
vt 0.775000 -0.005236 0.000000
vt -2.365000 -0.005236 0.000000
vt 0.775000 -0.010472 0.000000
vt -2.365000 -0.010472 0.000000
vt 0.775000 -0.015708 0.000000
vt -2.365000 -0.015708 0.000000
vt 0.375000 0.015708 0.000000
vt -1.165000 0.015708 0.000000
vt 0.375000 0.010472 0.000000
vt -1.165000 0.010472 0.000000
vt 0.375000 0.005236 0.000000
vt -1.165000 0.005236 0.000000
vt 0.375000 0.000000 0.000000
vt -1.165000 0.000000 0.000000
vt 0.375000 -0.005236 0.000000
vt -1.165000 -0.005236 0.000000
vt 0.375000 -0.010472 0.000000
vt -1.165000 -0.010472 0.000000
vt 0.375000 -0.015708 0.000000
vt -1.165000 -0.015708 0.000000
vt 0.775000 0.015708 0.000000
vt -2.365000 0.015708 0.000000
vt 0.775000 0.010472 0.000000
vt -2.365000 0.010472 0.000000
vt 0.775000 0.005236 0.000000
vt -2.365000 0.005236 0.000000
vt 0.775000 -0.000000 0.000000
vt -2.365000 -0.000000 0.000000
vt 0.775000 -0.005236 0.000000
vt -2.365000 -0.005236 0.000000
vt 0.775000 -0.010472 0.000000
vt -2.365000 -0.010472 0.000000
vt 0.775000 -0.015708 0.000000
vt -2.365000 -0.015708 0.000000
vt 1.560000 0.940000 0.000000
vt 0.020000 0.940000 0.000000
vt 1.560000 0.000000 0.000000
vt 0.020000 0.000000 0.000000
vt 3.160000 0.940000 0.000000
vt 0.020000 0.940000 0.000000
vt 3.160000 0.000000 0.000000
vt 0.020000 0.000000 0.000000
vt 0.335295 1.441481 0.000000
vt 0.400000 1.450000 0.000000
vt 0.770000 1.570000 0.000000
vt 0.464705 1.441481 0.000000
vt 0.525000 1.416506 0.000000
vt 0.576777 1.376777 0.000000
vt 0.616506 1.325000 0.000000
vt 0.641481 1.264705 0.000000
vt 0.650000 1.200000 0.000000
vt 0.641481 1.135295 0.000000
vt 0.641481 0.464705 0.000000
vt 0.616506 1.075000 0.000000
vt 0.616506 0.525000 0.000000
vt 0.576777 1.023223 0.000000
vt 0.576777 0.576777 0.000000
vt 0.525000 0.983494 0.000000
vt 0.525000 0.616506 0.000000
vt 0.464705 0.958519 0.000000
vt 0.464705 0.641481 0.000000
vt 0.400000 0.950000 0.000000
vt 0.400000 0.650000 0.000000
vt 0.335295 0.641481 0.000000
vt 0.335295 0.958519 0.000000
vt 0.275000 0.616506 0.000000
vt 0.275000 0.983494 0.000000
vt 0.223223 0.576777 0.000000
vt 0.223223 1.023223 0.000000
vt 0.183494 1.075000 0.000000
vt 0.158519 1.135295 0.000000
vt -0.158519 1.135295 0.000000
vt -0.183494 1.075000 0.000000
vt 0.183494 0.525000 0.000000
vt -0.183494 0.525000 0.000000
vt 0.158519 0.464705 0.000000
vt -0.158519 0.464705 0.000000
vt 0.150000 0.400000 0.000000
vt -0.150000 0.400000 0.000000
vt 0.158519 0.335295 0.000000
vt -0.158519 0.335295 0.000000
vt 0.183494 0.275000 0.000000
vt -0.183494 0.275000 0.000000
vt 0.183494 -0.275000 0.000000
vt -0.183494 -0.275000 0.000000
vt 0.158519 -0.335295 0.000000
vt -0.158519 -0.335295 0.000000
vt 0.150000 -0.400000 0.000000
vt -0.150000 -0.400000 0.000000
vt 0.158519 -0.464705 0.000000
vt -0.158519 -0.464705 0.000000
vt 0.183494 -0.525000 0.000000
vt -0.183494 -0.525000 0.000000
vt 0.183494 -1.075000 0.000000
vt -0.183494 -1.075000 0.000000
vt 0.158519 -1.135295 0.000000
vt -0.158519 -1.135295 0.000000
vt 0.150000 -1.200000 0.000000
vt -0.150000 -1.200000 0.000000
vt 0.158519 -1.264705 0.000000
vt -0.158519 -1.264705 0.000000
vt 0.183494 -1.325000 0.000000
vt -0.183494 -1.325000 0.000000
vt 0.223223 -1.376777 0.000000
vt -0.223223 -1.376777 0.000000
vt 0.275000 -1.416506 0.000000
vt -0.275000 -1.416506 0.000000
vt 0.335295 -1.441481 0.000000
vt -0.335295 -1.441481 0.000000
vt 0.770000 -1.570000 0.000000
vt -0.770000 -1.570000 0.000000
vt -0.400000 -1.450000 0.000000
vt -0.464705 -1.441481 0.000000
vt -0.150000 1.200000 0.000000
vt 0.150000 1.200000 0.000000
vt -0.158519 1.264705 0.000000
vt 0.158519 1.264705 0.000000
vt -0.183494 1.325000 0.000000
vt 0.183494 1.325000 0.000000
vt -0.223223 1.376777 0.000000
vt 0.223223 1.376777 0.000000
vt -0.275000 1.416506 0.000000
vt 0.275000 1.416506 0.000000
vt -0.335295 1.441481 0.000000
vt -0.770000 1.570000 0.000000
vt -0.464705 1.441481 0.000000
vt -0.400000 1.450000 0.000000
vt -0.223223 1.023223 0.000000
vt -0.223223 0.576777 0.000000
vt -0.275000 0.983494 0.000000
vt -0.275000 0.616506 0.000000
vt -0.335295 0.958519 0.000000
vt -0.335295 0.641481 0.000000
vt -0.400000 0.950000 0.000000
vt -0.400000 0.650000 0.000000
vt -0.464705 0.641481 0.000000
vt -0.464705 0.958519 0.000000
vt -0.525000 0.616506 0.000000
vt -0.525000 0.983494 0.000000
vt -0.576777 0.576777 0.000000
vt -0.576777 1.023223 0.000000
vt -0.616506 0.525000 0.000000
vt -0.616506 1.075000 0.000000
vt -0.641481 0.464705 0.000000
vt -0.641481 1.135295 0.000000
vt -0.650000 1.200000 0.000000
vt -0.641481 1.264705 0.000000
vt -0.616506 1.325000 0.000000
vt -0.576777 1.376777 0.000000
vt -0.525000 1.416506 0.000000
vt 0.650000 0.400000 0.000000
vt 0.650000 -0.400000 0.000000
vt 0.641481 -0.464705 0.000000
vt 0.641481 0.335295 0.000000
vt 0.641481 -0.335295 0.000000
vt 0.616506 0.275000 0.000000
vt 0.616506 -0.275000 0.000000
vt 0.576777 0.223223 0.000000
vt 0.576777 -0.223223 0.000000
vt 0.525000 0.183494 0.000000
vt 0.525000 -0.183494 0.000000
vt 0.464705 0.158519 0.000000
vt 0.464705 -0.158519 0.000000
vt 0.400000 0.150000 0.000000
vt 0.400000 -0.150000 0.000000
vt 0.335295 -0.158519 0.000000
vt 0.335295 0.158519 0.000000
vt 0.275000 -0.183494 0.000000
vt 0.275000 0.183494 0.000000
vt 0.223223 -0.223223 0.000000
vt 0.223223 0.223223 0.000000
vt -0.223223 0.223223 0.000000
vt -0.223223 -0.223223 0.000000
vt -0.275000 0.183494 0.000000
vt -0.275000 -0.183494 0.000000
vt -0.335295 0.158519 0.000000
vt -0.335295 -0.158519 0.000000
vt -0.400000 0.150000 0.000000
vt -0.400000 -0.150000 0.000000
vt -0.464705 -0.158519 0.000000
vt -0.464705 0.158519 0.000000
vt -0.525000 -0.183494 0.000000
vt -0.525000 0.183494 0.000000
vt -0.576777 -0.223223 0.000000
vt -0.576777 0.223223 0.000000
vt -0.616506 -0.275000 0.000000
vt -0.616506 0.275000 0.000000
vt -0.641481 -0.335295 0.000000
vt -0.641481 0.335295 0.000000
vt -0.650000 -0.400000 0.000000
vt -0.650000 0.400000 0.000000
vt 0.641481 -1.135295 0.000000
vt 0.616506 -0.525000 0.000000
vt 0.616506 -1.075000 0.000000
vt 0.576777 -0.576777 0.000000
vt 0.576777 -1.023223 0.000000
vt 0.525000 -0.616506 0.000000
vt 0.525000 -0.983494 0.000000
vt 0.464705 -0.641481 0.000000
vt 0.464705 -0.958519 0.000000
vt 0.400000 -0.650000 0.000000
vt 0.400000 -0.950000 0.000000
vt 0.335295 -0.958519 0.000000
vt 0.335295 -0.641481 0.000000
vt 0.275000 -0.983494 0.000000
vt 0.275000 -0.616506 0.000000
vt 0.223223 -1.023223 0.000000
vt 0.223223 -0.576777 0.000000
vt -0.223223 -0.576777 0.000000
vt -0.223223 -1.023223 0.000000
vt -0.275000 -0.616506 0.000000
vt -0.275000 -0.983494 0.000000
vt -0.335295 -0.641481 0.000000
vt -0.335295 -0.958519 0.000000
vt -0.400000 -0.650000 0.000000
vt -0.400000 -0.950000 0.000000
vt -0.464705 -0.958519 0.000000
vt -0.464705 -0.641481 0.000000
vt -0.525000 -0.983494 0.000000
vt -0.525000 -0.616506 0.000000
vt -0.576777 -1.023223 0.000000
vt -0.576777 -0.576777 0.000000
vt -0.616506 -1.075000 0.000000
vt -0.616506 -0.525000 0.000000
vt -0.641481 -1.135295 0.000000
vt -0.641481 -0.464705 0.000000
vt 0.650000 -1.200000 0.000000
vt 0.641481 -1.264705 0.000000
vt 0.616506 -1.325000 0.000000
vt 0.576777 -1.376777 0.000000
vt 0.525000 -1.416506 0.000000
vt 0.464705 -1.441481 0.000000
vt 0.400000 -1.450000 0.000000
vt -0.525000 -1.416506 0.000000
vt -0.576777 -1.376777 0.000000
vt -0.616506 -1.325000 0.000000
vt -0.641481 -1.264705 0.000000
vt -0.650000 -1.200000 0.000000
vt -0.000000 0.447414 0.000000
vt -0.005236 0.447414 0.000000
vt -0.000000 0.383498 0.000000
vt -0.005236 0.383498 0.000000
vt -0.000000 0.319581 0.000000
vt -0.005236 0.319581 0.000000
vt -0.000000 0.255665 0.000000
vt -0.005236 0.255665 0.000000
vt -0.000000 0.191749 0.000000
vt -0.005236 0.191749 0.000000
vt -0.000000 0.127833 0.000000
vt -0.005236 0.127833 0.000000
vt -0.000000 0.063916 0.000000
vt -0.005236 0.063916 0.000000
vt -0.000000 0.000000 0.000000
vt -0.005236 0.000000 0.000000
vt -0.000000 -0.063916 0.000000
vt -0.005236 -0.063916 0.000000
vt -0.000000 -0.127833 0.000000
vt -0.005236 -0.127833 0.000000
vt -0.000000 -0.191749 0.000000
vt -0.005236 -0.191749 0.000000
vt -0.000000 -0.255665 0.000000
vt -0.005236 -0.255665 0.000000
vt -0.000000 -0.319581 0.000000
vt -0.005236 -0.319581 0.000000
vt -0.000000 -0.383498 0.000000
vt -0.005236 -0.383498 0.000000
vt -0.000000 -0.447414 0.000000
vt -0.005236 -0.447414 0.000000
vt -0.000000 -0.511330 0.000000
vt -0.005236 -0.511330 0.000000
vt -0.000000 -0.575246 0.000000
vt -0.005236 -0.575246 0.000000
vt -0.000000 -0.639163 0.000000
vt -0.005236 -0.639163 0.000000
vt -0.000000 -0.703079 0.000000
vt -0.005236 -0.703079 0.000000
vt -0.000000 -0.766995 0.000000
vt -0.005236 -0.766995 0.000000
vt -0.000000 0.766995 0.000000
vt -0.005236 0.766995 0.000000
vt -0.000000 0.703079 0.000000
vt -0.005236 0.703079 0.000000
vt -0.000000 0.639163 0.000000
vt -0.005236 0.639163 0.000000
vt -0.000000 0.575246 0.000000
vt -0.005236 0.575246 0.000000
vt -0.000000 0.511330 0.000000
vt -0.005236 0.511330 0.000000
vt -0.031416 0.319581 0.000000
vt -0.026180 0.319581 0.000000
vt -0.031416 0.383498 0.000000
vt -0.026180 0.383498 0.000000
vt -0.031416 0.447414 0.000000
vt -0.026180 0.447414 0.000000
vt -0.031416 0.511330 0.000000
vt -0.026180 0.511330 0.000000
vt -0.031416 0.575246 0.000000
vt -0.026180 0.575246 0.000000
vt -0.031416 0.639163 0.000000
vt -0.026180 0.639163 0.000000
vt -0.031416 0.703079 0.000000
vt -0.026180 0.703079 0.000000
vt -0.031416 0.766995 0.000000
vt -0.026180 0.766995 0.000000
vt -0.031416 -0.766995 0.000000
vt -0.026180 -0.766995 0.000000
vt -0.031416 -0.703079 0.000000
vt -0.026180 -0.703079 0.000000
vt -0.031416 -0.639163 0.000000
vt -0.026180 -0.639163 0.000000
vt -0.031416 -0.575246 0.000000
vt -0.026180 -0.575246 0.000000
vt -0.031416 -0.511330 0.000000
vt -0.026180 -0.511330 0.000000
vt -0.031416 -0.447414 0.000000
vt -0.026180 -0.447414 0.000000
vt -0.031416 -0.383498 0.000000
vt -0.026180 -0.383498 0.000000
vt -0.031416 -0.319581 0.000000
vt -0.026180 -0.319581 0.000000
vt -0.031416 -0.255665 0.000000
vt -0.026180 -0.255665 0.000000
vt -0.031416 -0.191749 0.000000
vt -0.026180 -0.191749 0.000000
vt -0.031416 -0.127833 0.000000
vt -0.026180 -0.127833 0.000000
vt -0.031416 -0.063916 0.000000
vt -0.026180 -0.063916 0.000000
vt -0.031416 0.000000 0.000000
vt -0.026180 0.000000 0.000000
vt -0.031416 0.063916 0.000000
vt -0.026180 0.063916 0.000000
vt -0.031416 0.127833 0.000000
vt -0.026180 0.127833 0.000000
vt -0.031416 0.191749 0.000000
vt -0.026180 0.191749 0.000000
vt -0.031416 0.255665 0.000000
vt -0.026180 0.255665 0.000000
vt -0.010472 0.766995 0.000000
vt -0.010472 0.703079 0.000000
vt -0.010472 0.639163 0.000000
vt -0.010472 0.575246 0.000000
vt -0.010472 0.511330 0.000000
vt -0.010472 0.447414 0.000000
vt -0.010472 0.383498 0.000000
vt -0.010472 0.319581 0.000000
vt -0.010472 0.255665 0.000000
vt -0.010472 0.191749 0.000000
vt -0.010472 0.127833 0.000000
vt -0.010472 0.063916 0.000000
vt -0.010472 0.000000 0.000000
vt -0.010472 -0.063916 0.000000
vt -0.010472 -0.127833 0.000000
vt -0.010472 -0.191749 0.000000
vt -0.010472 -0.255665 0.000000
vt -0.010472 -0.319581 0.000000
vt -0.010472 -0.383498 0.000000
vt -0.010472 -0.447414 0.000000
vt -0.010472 -0.511330 0.000000
vt -0.010472 -0.575246 0.000000
vt -0.010472 -0.639163 0.000000
vt -0.010472 -0.703079 0.000000
vt -0.010472 -0.766995 0.000000
vt -0.015708 0.766995 0.000000
vt -0.015708 0.703079 0.000000
vt -0.015708 0.639163 0.000000
vt -0.015708 0.575246 0.000000
vt -0.015708 0.511330 0.000000
vt -0.015708 0.447414 0.000000
vt -0.015708 0.383498 0.000000
vt -0.015708 0.319581 0.000000
vt -0.015708 0.255665 0.000000
vt -0.015708 0.191749 0.000000
vt -0.015708 0.127833 0.000000
vt -0.015708 0.063916 0.000000
vt -0.015708 0.000000 0.000000
vt -0.015708 -0.063916 0.000000
vt -0.015708 -0.127833 0.000000
vt -0.015708 -0.191749 0.000000
vt -0.015708 -0.255665 0.000000
vt -0.015708 -0.319581 0.000000
vt -0.015708 -0.383498 0.000000
vt -0.015708 -0.447414 0.000000
vt -0.015708 -0.511330 0.000000
vt -0.015708 -0.575246 0.000000
vt -0.015708 -0.639163 0.000000
vt -0.015708 -0.703079 0.000000
vt -0.015708 -0.766995 0.000000
vt -0.020944 0.766995 0.000000
vt -0.020944 0.703079 0.000000
vt -0.020944 0.639163 0.000000
vt -0.020944 0.575246 0.000000
vt -0.020944 0.511330 0.000000
vt -0.020944 0.447414 0.000000
vt -0.020944 0.383498 0.000000
vt -0.020944 0.319581 0.000000
vt -0.020944 0.255665 0.000000
vt -0.020944 0.191749 0.000000
vt -0.020944 0.127833 0.000000
vt -0.020944 0.063916 0.000000
vt -0.020944 0.000000 0.000000
vt -0.020944 -0.063916 0.000000
vt -0.020944 -0.127833 0.000000
vt -0.020944 -0.191749 0.000000
vt -0.020944 -0.255665 0.000000
vt -0.020944 -0.319581 0.000000
vt -0.020944 -0.383498 0.000000
vt -0.020944 -0.447414 0.000000
vt -0.020944 -0.511330 0.000000
vt -0.020944 -0.575246 0.000000
vt -0.020944 -0.639163 0.000000
vt -0.020944 -0.703079 0.000000
vt -0.020944 -0.766995 0.000000
vt -0.000000 -0.719948 0.000000
vt -0.150000 -0.719948 0.000000
vt -0.000000 -0.785398 0.000000
vt -0.150000 -0.785398 0.000000
vt -0.000000 0.785398 0.000000
vt -0.150000 0.785398 0.000000
vt -0.000000 0.719948 0.000000
vt -0.150000 0.719948 0.000000
vt -0.000000 0.654498 0.000000
vt -0.150000 0.654498 0.000000
vt -0.000000 0.589049 0.000000
vt -0.150000 0.589049 0.000000
vt -0.000000 0.523599 0.000000
vt -0.150000 0.523599 0.000000
vt -0.000000 0.458149 0.000000
vt -0.150000 0.458149 0.000000
vt -0.000000 0.392699 0.000000
vt -0.150000 0.392699 0.000000
vt -0.000000 0.327249 0.000000
vt -0.150000 0.327249 0.000000
vt -0.000000 0.261799 0.000000
vt -0.150000 0.261799 0.000000
vt -0.000000 0.196350 0.000000
vt -0.150000 0.196350 0.000000
vt -0.000000 0.130900 0.000000
vt -0.150000 0.130900 0.000000
vt -0.000000 0.065450 0.000000
vt -0.150000 0.065450 0.000000
vt -0.000000 0.000000 0.000000
vt -0.150000 0.000000 0.000000
vt -0.000000 -0.065450 0.000000
vt -0.150000 -0.065450 0.000000
vt -0.000000 -0.130900 0.000000
vt -0.150000 -0.130900 0.000000
vt -0.000000 -0.196350 0.000000
vt -0.150000 -0.196350 0.000000
vt -0.000000 -0.261799 0.000000
vt -0.150000 -0.261799 0.000000
vt -0.000000 -0.327249 0.000000
vt -0.150000 -0.327249 0.000000
vt -0.000000 -0.392699 0.000000
vt -0.150000 -0.392699 0.000000
vt -0.000000 -0.458149 0.000000
vt -0.150000 -0.458149 0.000000
vt -0.000000 -0.523599 0.000000
vt -0.150000 -0.523599 0.000000
vt -0.000000 -0.589049 0.000000
vt -0.150000 -0.589049 0.000000
vt -0.000000 -0.654498 0.000000
vt -0.150000 -0.654498 0.000000
vt -0.222163 -0.059528 0.000000
vt 0.222163 -0.059528 0.000000
vt -0.230000 0.000000 0.000000
vt 0.230000 0.000000 0.000000
vt -0.222163 0.059528 0.000000
vt 0.222163 0.059528 0.000000
vt -0.199186 0.115000 0.000000
vt 0.199186 0.115000 0.000000
vt -0.162635 0.162635 0.000000
vt 0.162635 0.162635 0.000000
vt -0.115000 0.199186 0.000000
vt 0.115000 0.199186 0.000000
vt -0.059528 0.222163 0.000000
vt 0.059528 0.222163 0.000000
vt 0.000000 0.230000 0.000000
vt 0.199186 -0.115000 0.000000
vt -0.199186 -0.115000 0.000000
vt 0.162635 -0.162635 0.000000
vt -0.162635 -0.162635 0.000000
vt 0.115000 -0.199186 0.000000
vt -0.115000 -0.199186 0.000000
vt 0.059528 -0.222163 0.000000
vt -0.059528 -0.222163 0.000000
vt 0.000000 -0.230000 0.000000
vt -0.000000 0.447414 0.000000
vt -0.005236 0.447414 0.000000
vt -0.000000 0.383498 0.000000
vt -0.005236 0.383498 0.000000
vt -0.000000 0.319581 0.000000
vt -0.005236 0.319581 0.000000
vt -0.000000 0.255665 0.000000
vt -0.005236 0.255665 0.000000
vt -0.000000 0.191749 0.000000
vt -0.005236 0.191749 0.000000
vt -0.000000 0.127833 0.000000
vt -0.005236 0.127833 0.000000
vt -0.000000 0.063916 0.000000
vt -0.005236 0.063916 0.000000
vt -0.000000 0.000000 0.000000
vt -0.005236 0.000000 0.000000
vt -0.000000 -0.063916 0.000000
vt -0.005236 -0.063916 0.000000
vt -0.000000 -0.127833 0.000000
vt -0.005236 -0.127833 0.000000
vt -0.000000 -0.191749 0.000000
vt -0.005236 -0.191749 0.000000
vt -0.000000 -0.255665 0.000000
vt -0.005236 -0.255665 0.000000
vt -0.000000 -0.319581 0.000000
vt -0.005236 -0.319581 0.000000
vt -0.000000 -0.383498 0.000000
vt -0.005236 -0.383498 0.000000
vt -0.000000 -0.447414 0.000000
vt -0.005236 -0.447414 0.000000
vt -0.000000 -0.511330 0.000000
vt -0.005236 -0.511330 0.000000
vt -0.000000 -0.575246 0.000000
vt -0.005236 -0.575246 0.000000
vt -0.000000 -0.639163 0.000000
vt -0.005236 -0.639163 0.000000
vt -0.000000 -0.703079 0.000000
vt -0.005236 -0.703079 0.000000
vt -0.000000 -0.766995 0.000000
vt -0.005236 -0.766995 0.000000
vt -0.000000 0.766995 0.000000
vt -0.005236 0.766995 0.000000
vt -0.000000 0.703079 0.000000
vt -0.005236 0.703079 0.000000
vt -0.000000 0.639163 0.000000
vt -0.005236 0.639163 0.000000
vt -0.000000 0.575246 0.000000
vt -0.005236 0.575246 0.000000
vt -0.000000 0.511330 0.000000
vt -0.005236 0.511330 0.000000
vt -0.031416 0.319581 0.000000
vt -0.026180 0.319581 0.000000
vt -0.031416 0.383498 0.000000
vt -0.026180 0.383498 0.000000
vt -0.031416 0.447414 0.000000
vt -0.026180 0.447414 0.000000
vt -0.031416 0.511330 0.000000
vt -0.026180 0.511330 0.000000
vt -0.031416 0.575246 0.000000
vt -0.026180 0.575246 0.000000
vt -0.031416 0.639163 0.000000
vt -0.026180 0.639163 0.000000
vt -0.031416 0.703079 0.000000
vt -0.026180 0.703079 0.000000
vt -0.031416 0.766995 0.000000
vt -0.026180 0.766995 0.000000
vt -0.031416 -0.766995 0.000000
vt -0.026180 -0.766995 0.000000
vt -0.031416 -0.703079 0.000000
vt -0.026180 -0.703079 0.000000
vt -0.031416 -0.639163 0.000000
vt -0.026180 -0.639163 0.000000
vt -0.031416 -0.575246 0.000000
vt -0.026180 -0.575246 0.000000
vt -0.031416 -0.511330 0.000000
vt -0.026180 -0.511330 0.000000
vt -0.031416 -0.447414 0.000000
vt -0.026180 -0.447414 0.000000
vt -0.031416 -0.383498 0.000000
vt -0.026180 -0.383498 0.000000
vt -0.031416 -0.319581 0.000000
vt -0.026180 -0.319581 0.000000
vt -0.031416 -0.255665 0.000000
vt -0.026180 -0.255665 0.000000
vt -0.031416 -0.191749 0.000000
vt -0.026180 -0.191749 0.000000
vt -0.031416 -0.127833 0.000000
vt -0.026180 -0.127833 0.000000
vt -0.031416 -0.063916 0.000000
vt -0.026180 -0.063916 0.000000
vt -0.031416 0.000000 0.000000
vt -0.026180 0.000000 0.000000
vt -0.031416 0.063916 0.000000
vt -0.026180 0.063916 0.000000
vt -0.031416 0.127833 0.000000
vt -0.026180 0.127833 0.000000
vt -0.031416 0.191749 0.000000
vt -0.026180 0.191749 0.000000
vt -0.031416 0.255665 0.000000
vt -0.026180 0.255665 0.000000
vt -0.010472 0.766995 0.000000
vt -0.010472 0.703079 0.000000
vt -0.010472 0.639163 0.000000
vt -0.010472 0.575246 0.000000
vt -0.010472 0.511330 0.000000
vt -0.010472 0.447414 0.000000
vt -0.010472 0.383498 0.000000
vt -0.010472 0.319581 0.000000
vt -0.010472 0.255665 0.000000
vt -0.010472 0.191749 0.000000
vt -0.010472 0.127833 0.000000
vt -0.010472 0.063916 0.000000
vt -0.010472 0.000000 0.000000
vt -0.010472 -0.063916 0.000000
vt -0.010472 -0.127833 0.000000
vt -0.010472 -0.191749 0.000000
vt -0.010472 -0.255665 0.000000
vt -0.010472 -0.319581 0.000000
vt -0.010472 -0.383498 0.000000
vt -0.010472 -0.447414 0.000000
vt -0.010472 -0.511330 0.000000
vt -0.010472 -0.575246 0.000000
vt -0.010472 -0.639163 0.000000
vt -0.010472 -0.703079 0.000000
vt -0.010472 -0.766995 0.000000
vt -0.015708 0.766995 0.000000
vt -0.015708 0.703079 0.000000
vt -0.015708 0.639163 0.000000
vt -0.015708 0.575246 0.000000
vt -0.015708 0.511330 0.000000
vt -0.015708 0.447414 0.000000
vt -0.015708 0.383498 0.000000
vt -0.015708 0.319581 0.000000
vt -0.015708 0.255665 0.000000
vt -0.015708 0.191749 0.000000
vt -0.015708 0.127833 0.000000
vt -0.015708 0.063916 0.000000
vt -0.015708 0.000000 0.000000
vt -0.015708 -0.063916 0.000000
vt -0.015708 -0.127833 0.000000
vt -0.015708 -0.191749 0.000000
vt -0.015708 -0.255665 0.000000
vt -0.015708 -0.319581 0.000000
vt -0.015708 -0.383498 0.000000
vt -0.015708 -0.447414 0.000000
vt -0.015708 -0.511330 0.000000
vt -0.015708 -0.575246 0.000000
vt -0.015708 -0.639163 0.000000
vt -0.015708 -0.703079 0.000000
vt -0.015708 -0.766995 0.000000
vt -0.020944 0.766995 0.000000
vt -0.020944 0.703079 0.000000
vt -0.020944 0.639163 0.000000
vt -0.020944 0.575246 0.000000
vt -0.020944 0.511330 0.000000
vt -0.020944 0.447414 0.000000
vt -0.020944 0.383498 0.000000
vt -0.020944 0.319581 0.000000
vt -0.020944 0.255665 0.000000
vt -0.020944 0.191749 0.000000
vt -0.020944 0.127833 0.000000
vt -0.020944 0.063916 0.000000
vt -0.020944 0.000000 0.000000
vt -0.020944 -0.063916 0.000000
vt -0.020944 -0.127833 0.000000
vt -0.020944 -0.191749 0.000000
vt -0.020944 -0.255665 0.000000
vt -0.020944 -0.319581 0.000000
vt -0.020944 -0.383498 0.000000
vt -0.020944 -0.447414 0.000000
vt -0.020944 -0.511330 0.000000
vt -0.020944 -0.575246 0.000000
vt -0.020944 -0.639163 0.000000
vt -0.020944 -0.703079 0.000000
vt -0.020944 -0.766995 0.000000
vt -0.000000 -0.719948 0.000000
vt -0.150000 -0.719948 0.000000
vt -0.000000 -0.785398 0.000000
vt -0.150000 -0.785398 0.000000
vt -0.000000 0.785398 0.000000
vt -0.150000 0.785398 0.000000
vt -0.000000 0.719948 0.000000
vt -0.150000 0.719948 0.000000
vt -0.000000 0.654498 0.000000
vt -0.150000 0.654498 0.000000
vt -0.000000 0.589049 0.000000
vt -0.150000 0.589049 0.000000
vt -0.000000 0.523599 0.000000
vt -0.150000 0.523599 0.000000
vt -0.000000 0.458149 0.000000
vt -0.150000 0.458149 0.000000
vt -0.000000 0.392699 0.000000
vt -0.150000 0.392699 0.000000
vt -0.000000 0.327249 0.000000
vt -0.150000 0.327249 0.000000
vt -0.000000 0.261799 0.000000
vt -0.150000 0.261799 0.000000
vt -0.000000 0.196350 0.000000
vt -0.150000 0.196350 0.000000
vt -0.000000 0.130900 0.000000
vt -0.150000 0.130900 0.000000
vt -0.000000 0.065450 0.000000
vt -0.150000 0.065450 0.000000
vt -0.000000 0.000000 0.000000
vt -0.150000 0.000000 0.000000
vt -0.000000 -0.065450 0.000000
vt -0.150000 -0.065450 0.000000
vt -0.000000 -0.130900 0.000000
vt -0.150000 -0.130900 0.000000
vt -0.000000 -0.196350 0.000000
vt -0.150000 -0.196350 0.000000
vt -0.000000 -0.261799 0.000000
vt -0.150000 -0.261799 0.000000
vt -0.000000 -0.327249 0.000000
vt -0.150000 -0.327249 0.000000
vt -0.000000 -0.392699 0.000000
vt -0.150000 -0.392699 0.000000
vt -0.000000 -0.458149 0.000000
vt -0.150000 -0.458149 0.000000
vt -0.000000 -0.523599 0.000000
vt -0.150000 -0.523599 0.000000
vt -0.000000 -0.589049 0.000000
vt -0.150000 -0.589049 0.000000
vt -0.000000 -0.654498 0.000000
vt -0.150000 -0.654498 0.000000
vt -0.222163 -0.059528 0.000000
vt 0.222163 -0.059528 0.000000
vt -0.230000 0.000000 0.000000
vt 0.230000 0.000000 0.000000
vt -0.222163 0.059528 0.000000
vt 0.222163 0.059528 0.000000
vt -0.199186 0.115000 0.000000
vt 0.199186 0.115000 0.000000
vt -0.162635 0.162635 0.000000
vt 0.162635 0.162635 0.000000
vt -0.115000 0.199186 0.000000
vt 0.115000 0.199186 0.000000
vt -0.059528 0.222163 0.000000
vt 0.059528 0.222163 0.000000
vt 0.000000 0.230000 0.000000
vt 0.199186 -0.115000 0.000000
vt -0.199186 -0.115000 0.000000
vt 0.162635 -0.162635 0.000000
vt -0.162635 -0.162635 0.000000
vt 0.115000 -0.199186 0.000000
vt -0.115000 -0.199186 0.000000
vt 0.059528 -0.222163 0.000000
vt -0.059528 -0.222163 0.000000
vt 0.000000 -0.230000 0.000000
vt -0.000000 0.447414 0.000000
vt -0.005236 0.447414 0.000000
vt -0.000000 0.383498 0.000000
vt -0.005236 0.383498 0.000000
vt -0.000000 0.319581 0.000000
vt -0.005236 0.319581 0.000000
vt -0.000000 0.255665 0.000000
vt -0.005236 0.255665 0.000000
vt -0.000000 0.191749 0.000000
vt -0.005236 0.191749 0.000000
vt -0.000000 0.127833 0.000000
vt -0.005236 0.127833 0.000000
vt -0.000000 0.063916 0.000000
vt -0.005236 0.063916 0.000000
vt -0.000000 0.000000 0.000000
vt -0.005236 0.000000 0.000000
vt -0.000000 -0.063916 0.000000
vt -0.005236 -0.063916 0.000000
vt -0.000000 -0.127833 0.000000
vt -0.005236 -0.127833 0.000000
vt -0.000000 -0.191749 0.000000
vt -0.005236 -0.191749 0.000000
vt -0.000000 -0.255665 0.000000
vt -0.005236 -0.255665 0.000000
vt -0.000000 -0.319581 0.000000
vt -0.005236 -0.319581 0.000000
vt -0.000000 -0.383498 0.000000
vt -0.005236 -0.383498 0.000000
vt -0.000000 -0.447414 0.000000
vt -0.005236 -0.447414 0.000000
vt -0.000000 -0.511330 0.000000
vt -0.005236 -0.511330 0.000000
vt -0.000000 -0.575246 0.000000
vt -0.005236 -0.575246 0.000000
vt -0.000000 -0.639163 0.000000
vt -0.005236 -0.639163 0.000000
vt -0.000000 -0.703079 0.000000
vt -0.005236 -0.703079 0.000000
vt -0.000000 -0.766995 0.000000
vt -0.005236 -0.766995 0.000000
vt -0.000000 0.766995 0.000000
vt -0.005236 0.766995 0.000000
vt -0.000000 0.703079 0.000000
vt -0.005236 0.703079 0.000000
vt -0.000000 0.639163 0.000000
vt -0.005236 0.639163 0.000000
vt -0.000000 0.575246 0.000000
vt -0.005236 0.575246 0.000000
vt -0.000000 0.511330 0.000000
vt -0.005236 0.511330 0.000000
vt -0.031416 0.319581 0.000000
vt -0.026180 0.319581 0.000000
vt -0.031416 0.383498 0.000000
vt -0.026180 0.383498 0.000000
vt -0.031416 0.447414 0.000000
vt -0.026180 0.447414 0.000000
vt -0.031416 0.511330 0.000000
vt -0.026180 0.511330 0.000000
vt -0.031416 0.575246 0.000000
vt -0.026180 0.575246 0.000000
vt -0.031416 0.639163 0.000000
vt -0.026180 0.639163 0.000000
vt -0.031416 0.703079 0.000000
vt -0.026180 0.703079 0.000000
vt -0.031416 0.766995 0.000000
vt -0.026180 0.766995 0.000000
vt -0.031416 -0.766995 0.000000
vt -0.026180 -0.766995 0.000000
vt -0.031416 -0.703079 0.000000
vt -0.026180 -0.703079 0.000000
vt -0.031416 -0.639163 0.000000
vt -0.026180 -0.639163 0.000000
vt -0.031416 -0.575246 0.000000
vt -0.026180 -0.575246 0.000000
vt -0.031416 -0.511330 0.000000
vt -0.026180 -0.511330 0.000000
vt -0.031416 -0.447414 0.000000
vt -0.026180 -0.447414 0.000000
vt -0.031416 -0.383498 0.000000
vt -0.026180 -0.383498 0.000000
vt -0.031416 -0.319581 0.000000
vt -0.026180 -0.319581 0.000000
vt -0.031416 -0.255665 0.000000
vt -0.026180 -0.255665 0.000000
vt -0.031416 -0.191749 0.000000
vt -0.026180 -0.191749 0.000000
vt -0.031416 -0.127833 0.000000
vt -0.026180 -0.127833 0.000000
vt -0.031416 -0.063916 0.000000
vt -0.026180 -0.063916 0.000000
vt -0.031416 0.000000 0.000000
vt -0.026180 0.000000 0.000000
vt -0.031416 0.063916 0.000000
vt -0.026180 0.063916 0.000000
vt -0.031416 0.127833 0.000000
vt -0.026180 0.127833 0.000000
vt -0.031416 0.191749 0.000000
vt -0.026180 0.191749 0.000000
vt -0.031416 0.255665 0.000000
vt -0.026180 0.255665 0.000000
vt -0.010472 0.766995 0.000000
vt -0.010472 0.703079 0.000000
vt -0.010472 0.639163 0.000000
vt -0.010472 0.575246 0.000000
vt -0.010472 0.511330 0.000000
vt -0.010472 0.447414 0.000000
vt -0.010472 0.383498 0.000000
vt -0.010472 0.319581 0.000000
vt -0.010472 0.255665 0.000000
vt -0.010472 0.191749 0.000000
vt -0.010472 0.127833 0.000000
vt -0.010472 0.063916 0.000000
vt -0.010472 0.000000 0.000000
vt -0.010472 -0.063916 0.000000
vt -0.010472 -0.127833 0.000000
vt -0.010472 -0.191749 0.000000
vt -0.010472 -0.255665 0.000000
vt -0.010472 -0.319581 0.000000
vt -0.010472 -0.383498 0.000000
vt -0.010472 -0.447414 0.000000
vt -0.010472 -0.511330 0.000000
vt -0.010472 -0.575246 0.000000
vt -0.010472 -0.639163 0.000000
vt -0.010472 -0.703079 0.000000
vt -0.010472 -0.766995 0.000000
vt -0.015708 0.766995 0.000000
vt -0.015708 0.703079 0.000000
vt -0.015708 0.639163 0.000000
vt -0.015708 0.575246 0.000000
vt -0.015708 0.511330 0.000000
vt -0.015708 0.447414 0.000000
vt -0.015708 0.383498 0.000000
vt -0.015708 0.319581 0.000000
vt -0.015708 0.255665 0.000000
vt -0.015708 0.191749 0.000000
vt -0.015708 0.127833 0.000000
vt -0.015708 0.063916 0.000000
vt -0.015708 0.000000 0.000000
vt -0.015708 -0.063916 0.000000
vt -0.015708 -0.127833 0.000000
vt -0.015708 -0.191749 0.000000
vt -0.015708 -0.255665 0.000000
vt -0.015708 -0.319581 0.000000
vt -0.015708 -0.383498 0.000000
vt -0.015708 -0.447414 0.000000
vt -0.015708 -0.511330 0.000000
vt -0.015708 -0.575246 0.000000
vt -0.015708 -0.639163 0.000000
vt -0.015708 -0.703079 0.000000
vt -0.015708 -0.766995 0.000000
vt -0.020944 0.766995 0.000000
vt -0.020944 0.703079 0.000000
vt -0.020944 0.639163 0.000000
vt -0.020944 0.575246 0.000000
vt -0.020944 0.511330 0.000000
vt -0.020944 0.447414 0.000000
vt -0.020944 0.383498 0.000000
vt -0.020944 0.319581 0.000000
vt -0.020944 0.255665 0.000000
vt -0.020944 0.191749 0.000000
vt -0.020944 0.127833 0.000000
vt -0.020944 0.063916 0.000000
vt -0.020944 0.000000 0.000000
vt -0.020944 -0.063916 0.000000
vt -0.020944 -0.127833 0.000000
vt -0.020944 -0.191749 0.000000
vt -0.020944 -0.255665 0.000000
vt -0.020944 -0.319581 0.000000
vt -0.020944 -0.383498 0.000000
vt -0.020944 -0.447414 0.000000
vt -0.020944 -0.511330 0.000000
vt -0.020944 -0.575246 0.000000
vt -0.020944 -0.639163 0.000000
vt -0.020944 -0.703079 0.000000
vt -0.020944 -0.766995 0.000000
vt -0.000000 -0.719948 0.000000
vt -0.150000 -0.719948 0.000000
vt -0.000000 -0.785398 0.000000
vt -0.150000 -0.785398 0.000000
vt -0.000000 0.785398 0.000000
vt -0.150000 0.785398 0.000000
vt -0.000000 0.719948 0.000000
vt -0.150000 0.719948 0.000000
vt -0.000000 0.654498 0.000000
vt -0.150000 0.654498 0.000000
vt -0.000000 0.589049 0.000000
vt -0.150000 0.589049 0.000000
vt -0.000000 0.523599 0.000000
vt -0.150000 0.523599 0.000000
vt -0.000000 0.458149 0.000000
vt -0.150000 0.458149 0.000000
vt -0.000000 0.392699 0.000000
vt -0.150000 0.392699 0.000000
vt -0.000000 0.327249 0.000000
vt -0.150000 0.327249 0.000000
vt -0.000000 0.261799 0.000000
vt -0.150000 0.261799 0.000000
vt -0.000000 0.196350 0.000000
vt -0.150000 0.196350 0.000000
vt -0.000000 0.130900 0.000000
vt -0.150000 0.130900 0.000000
vt -0.000000 0.065450 0.000000
vt -0.150000 0.065450 0.000000
vt -0.000000 0.000000 0.000000
vt -0.150000 0.000000 0.000000
vt -0.000000 -0.065450 0.000000
vt -0.150000 -0.065450 0.000000
vt -0.000000 -0.130900 0.000000
vt -0.150000 -0.130900 0.000000
vt -0.000000 -0.196350 0.000000
vt -0.150000 -0.196350 0.000000
vt -0.000000 -0.261799 0.000000
vt -0.150000 -0.261799 0.000000
vt -0.000000 -0.327249 0.000000
vt -0.150000 -0.327249 0.000000
vt -0.000000 -0.392699 0.000000
vt -0.150000 -0.392699 0.000000
vt -0.000000 -0.458149 0.000000
vt -0.150000 -0.458149 0.000000
vt -0.000000 -0.523599 0.000000
vt -0.150000 -0.523599 0.000000
vt -0.000000 -0.589049 0.000000
vt -0.150000 -0.589049 0.000000
vt -0.000000 -0.654498 0.000000
vt -0.150000 -0.654498 0.000000
vt -0.222163 -0.059528 0.000000
vt 0.222163 -0.059528 0.000000
vt -0.230000 0.000000 0.000000
vt 0.230000 0.000000 0.000000
vt -0.222163 0.059528 0.000000
vt 0.222163 0.059528 0.000000
vt -0.199186 0.115000 0.000000
vt 0.199186 0.115000 0.000000
vt -0.162635 0.162635 0.000000
vt 0.162635 0.162635 0.000000
vt -0.115000 0.199186 0.000000
vt 0.115000 0.199186 0.000000
vt -0.059528 0.222163 0.000000
vt 0.059528 0.222163 0.000000
vt 0.000000 0.230000 0.000000
vt 0.199186 -0.115000 0.000000
vt -0.199186 -0.115000 0.000000
vt 0.162635 -0.162635 0.000000
vt -0.162635 -0.162635 0.000000
vt 0.115000 -0.199186 0.000000
vt -0.115000 -0.199186 0.000000
vt 0.059528 -0.222163 0.000000
vt -0.059528 -0.222163 0.000000
vt 0.000000 -0.230000 0.000000
vt -0.000000 0.447414 0.000000
vt -0.005236 0.447414 0.000000
vt -0.000000 0.383498 0.000000
vt -0.005236 0.383498 0.000000
vt -0.000000 0.319581 0.000000
vt -0.005236 0.319581 0.000000
vt -0.000000 0.255665 0.000000
vt -0.005236 0.255665 0.000000
vt -0.000000 0.191749 0.000000
vt -0.005236 0.191749 0.000000
vt -0.000000 0.127833 0.000000
vt -0.005236 0.127833 0.000000
vt -0.000000 0.063916 0.000000
vt -0.005236 0.063916 0.000000
vt -0.000000 0.000000 0.000000
vt -0.005236 0.000000 0.000000
vt -0.000000 -0.063916 0.000000
vt -0.005236 -0.063916 0.000000
vt -0.000000 -0.127833 0.000000
vt -0.005236 -0.127833 0.000000
vt -0.000000 -0.191749 0.000000
vt -0.005236 -0.191749 0.000000
vt -0.000000 -0.255665 0.000000
vt -0.005236 -0.255665 0.000000
vt -0.000000 -0.319581 0.000000
vt -0.005236 -0.319581 0.000000
vt -0.000000 -0.383498 0.000000
vt -0.005236 -0.383498 0.000000
vt -0.000000 -0.447414 0.000000
vt -0.005236 -0.447414 0.000000
vt -0.000000 -0.511330 0.000000
vt -0.005236 -0.511330 0.000000
vt -0.000000 -0.575246 0.000000
vt -0.005236 -0.575246 0.000000
vt -0.000000 -0.639163 0.000000
vt -0.005236 -0.639163 0.000000
vt -0.000000 -0.703079 0.000000
vt -0.005236 -0.703079 0.000000
vt -0.000000 -0.766995 0.000000
vt -0.005236 -0.766995 0.000000
vt -0.000000 0.766995 0.000000
vt -0.005236 0.766995 0.000000
vt -0.000000 0.703079 0.000000
vt -0.005236 0.703079 0.000000
vt -0.000000 0.639163 0.000000
vt -0.005236 0.639163 0.000000
vt -0.000000 0.575246 0.000000
vt -0.005236 0.575246 0.000000
vt -0.000000 0.511330 0.000000
vt -0.005236 0.511330 0.000000
vt -0.031416 0.319581 0.000000
vt -0.026180 0.319581 0.000000
vt -0.031416 0.383498 0.000000
vt -0.026180 0.383498 0.000000
vt -0.031416 0.447414 0.000000
vt -0.026180 0.447414 0.000000
vt -0.031416 0.511330 0.000000
vt -0.026180 0.511330 0.000000
vt -0.031416 0.575246 0.000000
vt -0.026180 0.575246 0.000000
vt -0.031416 0.639163 0.000000
vt -0.026180 0.639163 0.000000
vt -0.031416 0.703079 0.000000
vt -0.026180 0.703079 0.000000
vt -0.031416 0.766995 0.000000
vt -0.026180 0.766995 0.000000
vt -0.031416 -0.766995 0.000000
vt -0.026180 -0.766995 0.000000
vt -0.031416 -0.703079 0.000000
vt -0.026180 -0.703079 0.000000
vt -0.031416 -0.639163 0.000000
vt -0.026180 -0.639163 0.000000
vt -0.031416 -0.575246 0.000000
vt -0.026180 -0.575246 0.000000
vt -0.031416 -0.511330 0.000000
vt -0.026180 -0.511330 0.000000
vt -0.031416 -0.447414 0.000000
vt -0.026180 -0.447414 0.000000
vt -0.031416 -0.383498 0.000000
vt -0.026180 -0.383498 0.000000
vt -0.031416 -0.319581 0.000000
vt -0.026180 -0.319581 0.000000
vt -0.031416 -0.255665 0.000000
vt -0.026180 -0.255665 0.000000
vt -0.031416 -0.191749 0.000000
vt -0.026180 -0.191749 0.000000
vt -0.031416 -0.127833 0.000000
vt -0.026180 -0.127833 0.000000
vt -0.031416 -0.063916 0.000000
vt -0.026180 -0.063916 0.000000
vt -0.031416 0.000000 0.000000
vt -0.026180 0.000000 0.000000
vt -0.031416 0.063916 0.000000
vt -0.026180 0.063916 0.000000
vt -0.031416 0.127833 0.000000
vt -0.026180 0.127833 0.000000
vt -0.031416 0.191749 0.000000
vt -0.026180 0.191749 0.000000
vt -0.031416 0.255665 0.000000
vt -0.026180 0.255665 0.000000
vt -0.010472 0.766995 0.000000
vt -0.010472 0.703079 0.000000
vt -0.010472 0.639163 0.000000
vt -0.010472 0.575246 0.000000
vt -0.010472 0.511330 0.000000
vt -0.010472 0.447414 0.000000
vt -0.010472 0.383498 0.000000
vt -0.010472 0.319581 0.000000
vt -0.010472 0.255665 0.000000
vt -0.010472 0.191749 0.000000
vt -0.010472 0.127833 0.000000
vt -0.010472 0.063916 0.000000
vt -0.010472 0.000000 0.000000
vt -0.010472 -0.063916 0.000000
vt -0.010472 -0.127833 0.000000
vt -0.010472 -0.191749 0.000000
vt -0.010472 -0.255665 0.000000
vt -0.010472 -0.319581 0.000000
vt -0.010472 -0.383498 0.000000
vt -0.010472 -0.447414 0.000000
vt -0.010472 -0.511330 0.000000
vt -0.010472 -0.575246 0.000000
vt -0.010472 -0.639163 0.000000
vt -0.010472 -0.703079 0.000000
vt -0.010472 -0.766995 0.000000
vt -0.015708 0.766995 0.000000
vt -0.015708 0.703079 0.000000
vt -0.015708 0.639163 0.000000
vt -0.015708 0.575246 0.000000
vt -0.015708 0.511330 0.000000
vt -0.015708 0.447414 0.000000
vt -0.015708 0.383498 0.000000
vt -0.015708 0.319581 0.000000
vt -0.015708 0.255665 0.000000
vt -0.015708 0.191749 0.000000
vt -0.015708 0.127833 0.000000
vt -0.015708 0.063916 0.000000
vt -0.015708 0.000000 0.000000
vt -0.015708 -0.063916 0.000000
vt -0.015708 -0.127833 0.000000
vt -0.015708 -0.191749 0.000000
vt -0.015708 -0.255665 0.000000
vt -0.015708 -0.319581 0.000000
vt -0.015708 -0.383498 0.000000
vt -0.015708 -0.447414 0.000000
vt -0.015708 -0.511330 0.000000
vt -0.015708 -0.575246 0.000000
vt -0.015708 -0.639163 0.000000
vt -0.015708 -0.703079 0.000000
vt -0.015708 -0.766995 0.000000
vt -0.020944 0.766995 0.000000
vt -0.020944 0.703079 0.000000
vt -0.020944 0.639163 0.000000
vt -0.020944 0.575246 0.000000
vt -0.020944 0.511330 0.000000
vt -0.020944 0.447414 0.000000
vt -0.020944 0.383498 0.000000
vt -0.020944 0.319581 0.000000
vt -0.020944 0.255665 0.000000
vt -0.020944 0.191749 0.000000
vt -0.020944 0.127833 0.000000
vt -0.020944 0.063916 0.000000
vt -0.020944 0.000000 0.000000
vt -0.020944 -0.063916 0.000000
vt -0.020944 -0.127833 0.000000
vt -0.020944 -0.191749 0.000000
vt -0.020944 -0.255665 0.000000
vt -0.020944 -0.319581 0.000000
vt -0.020944 -0.383498 0.000000
vt -0.020944 -0.447414 0.000000
vt -0.020944 -0.511330 0.000000
vt -0.020944 -0.575246 0.000000
vt -0.020944 -0.639163 0.000000
vt -0.020944 -0.703079 0.000000
vt -0.020944 -0.766995 0.000000
vt -0.000000 -0.719948 0.000000
vt -0.150000 -0.719948 0.000000
vt -0.000000 -0.785398 0.000000
vt -0.150000 -0.785398 0.000000
vt -0.000000 0.785398 0.000000
vt -0.150000 0.785398 0.000000
vt -0.000000 0.719948 0.000000
vt -0.150000 0.719948 0.000000
vt -0.000000 0.654498 0.000000
vt -0.150000 0.654498 0.000000
vt -0.000000 0.589049 0.000000
vt -0.150000 0.589049 0.000000
vt -0.000000 0.523599 0.000000
vt -0.150000 0.523599 0.000000
vt -0.000000 0.458149 0.000000
vt -0.150000 0.458149 0.000000
vt -0.000000 0.392699 0.000000
vt -0.150000 0.392699 0.000000
vt -0.000000 0.327249 0.000000
vt -0.150000 0.327249 0.000000
vt -0.000000 0.261799 0.000000
vt -0.150000 0.261799 0.000000
vt -0.000000 0.196350 0.000000
vt -0.150000 0.196350 0.000000
vt -0.000000 0.130900 0.000000
vt -0.150000 0.130900 0.000000
vt -0.000000 0.065450 0.000000
vt -0.150000 0.065450 0.000000
vt -0.000000 0.000000 0.000000
vt -0.150000 0.000000 0.000000
vt -0.000000 -0.065450 0.000000
vt -0.150000 -0.065450 0.000000
vt -0.000000 -0.130900 0.000000
vt -0.150000 -0.130900 0.000000
vt -0.000000 -0.196350 0.000000
vt -0.150000 -0.196350 0.000000
vt -0.000000 -0.261799 0.000000
vt -0.150000 -0.261799 0.000000
vt -0.000000 -0.327249 0.000000
vt -0.150000 -0.327249 0.000000
vt -0.000000 -0.392699 0.000000
vt -0.150000 -0.392699 0.000000
vt -0.000000 -0.458149 0.000000
vt -0.150000 -0.458149 0.000000
vt -0.000000 -0.523599 0.000000
vt -0.150000 -0.523599 0.000000
vt -0.000000 -0.589049 0.000000
vt -0.150000 -0.589049 0.000000
vt -0.000000 -0.654498 0.000000
vt -0.150000 -0.654498 0.000000
vt -0.222163 -0.059528 0.000000
vt 0.222163 -0.059528 0.000000
vt -0.230000 0.000000 0.000000
vt 0.230000 0.000000 0.000000
vt -0.222163 0.059528 0.000000
vt 0.222163 0.059528 0.000000
vt -0.199186 0.115000 0.000000
vt 0.199186 0.115000 0.000000
vt -0.162635 0.162635 0.000000
vt 0.162635 0.162635 0.000000
vt -0.115000 0.199186 0.000000
vt 0.115000 0.199186 0.000000
vt -0.059528 0.222163 0.000000
vt 0.059528 0.222163 0.000000
vt 0.000000 0.230000 0.000000
vt 0.199186 -0.115000 0.000000
vt -0.199186 -0.115000 0.000000
vt 0.162635 -0.162635 0.000000
vt -0.162635 -0.162635 0.000000
vt 0.115000 -0.199186 0.000000
vt -0.115000 -0.199186 0.000000
vt 0.059528 -0.222163 0.000000
vt -0.059528 -0.222163 0.000000
vt 0.000000 -0.230000 0.000000
vt -0.000000 0.447414 0.000000
vt -0.005236 0.447414 0.000000
vt -0.000000 0.383498 0.000000
vt -0.005236 0.383498 0.000000
vt -0.000000 0.319581 0.000000
vt -0.005236 0.319581 0.000000
vt -0.000000 0.255665 0.000000
vt -0.005236 0.255665 0.000000
vt -0.000000 0.191749 0.000000
vt -0.005236 0.191749 0.000000
vt -0.000000 0.127833 0.000000
vt -0.005236 0.127833 0.000000
vt -0.000000 0.063916 0.000000
vt -0.005236 0.063916 0.000000
vt -0.000000 0.000000 0.000000
vt -0.005236 0.000000 0.000000
vt -0.000000 -0.063916 0.000000
vt -0.005236 -0.063916 0.000000
vt -0.000000 -0.127833 0.000000
vt -0.005236 -0.127833 0.000000
vt -0.000000 -0.191749 0.000000
vt -0.005236 -0.191749 0.000000
vt -0.000000 -0.255665 0.000000
vt -0.005236 -0.255665 0.000000
vt -0.000000 -0.319581 0.000000
vt -0.005236 -0.319581 0.000000
vt -0.000000 -0.383498 0.000000
vt -0.005236 -0.383498 0.000000
vt -0.000000 -0.447414 0.000000
vt -0.005236 -0.447414 0.000000
vt -0.000000 -0.511330 0.000000
vt -0.005236 -0.511330 0.000000
vt -0.000000 -0.575246 0.000000
vt -0.005236 -0.575246 0.000000
vt -0.000000 -0.639163 0.000000
vt -0.005236 -0.639163 0.000000
vt -0.000000 -0.703079 0.000000
vt -0.005236 -0.703079 0.000000
vt -0.000000 -0.766995 0.000000
vt -0.005236 -0.766995 0.000000
vt -0.000000 0.766995 0.000000
vt -0.005236 0.766995 0.000000
vt -0.000000 0.703079 0.000000
vt -0.005236 0.703079 0.000000
vt -0.000000 0.639163 0.000000
vt -0.005236 0.639163 0.000000
vt -0.000000 0.575246 0.000000
vt -0.005236 0.575246 0.000000
vt -0.000000 0.511330 0.000000
vt -0.005236 0.511330 0.000000
vt -0.031416 0.319581 0.000000
vt -0.026180 0.319581 0.000000
vt -0.031416 0.383498 0.000000
vt -0.026180 0.383498 0.000000
vt -0.031416 0.447414 0.000000
vt -0.026180 0.447414 0.000000
vt -0.031416 0.511330 0.000000
vt -0.026180 0.511330 0.000000
vt -0.031416 0.575246 0.000000
vt -0.026180 0.575246 0.000000
vt -0.031416 0.639163 0.000000
vt -0.026180 0.639163 0.000000
vt -0.031416 0.703079 0.000000
vt -0.026180 0.703079 0.000000
vt -0.031416 0.766995 0.000000
vt -0.026180 0.766995 0.000000
vt -0.031416 -0.766995 0.000000
vt -0.026180 -0.766995 0.000000
vt -0.031416 -0.703079 0.000000
vt -0.026180 -0.703079 0.000000
vt -0.031416 -0.639163 0.000000
vt -0.026180 -0.639163 0.000000
vt -0.031416 -0.575246 0.000000
vt -0.026180 -0.575246 0.000000
vt -0.031416 -0.511330 0.000000
vt -0.026180 -0.511330 0.000000
vt -0.031416 -0.447414 0.000000
vt -0.026180 -0.447414 0.000000
vt -0.031416 -0.383498 0.000000
vt -0.026180 -0.383498 0.000000
vt -0.031416 -0.319581 0.000000
vt -0.026180 -0.319581 0.000000
vt -0.031416 -0.255665 0.000000
vt -0.026180 -0.255665 0.000000
vt -0.031416 -0.191749 0.000000
vt -0.026180 -0.191749 0.000000
vt -0.031416 -0.127833 0.000000
vt -0.026180 -0.127833 0.000000
vt -0.031416 -0.063916 0.000000
vt -0.026180 -0.063916 0.000000
vt -0.031416 0.000000 0.000000
vt -0.026180 0.000000 0.000000
vt -0.031416 0.063916 0.000000
vt -0.026180 0.063916 0.000000
vt -0.031416 0.127833 0.000000
vt -0.026180 0.127833 0.000000
vt -0.031416 0.191749 0.000000
vt -0.026180 0.191749 0.000000
vt -0.031416 0.255665 0.000000
vt -0.026180 0.255665 0.000000
vt -0.010472 0.766995 0.000000
vt -0.010472 0.703079 0.000000
vt -0.010472 0.639163 0.000000
vt -0.010472 0.575246 0.000000
vt -0.010472 0.511330 0.000000
vt -0.010472 0.447414 0.000000
vt -0.010472 0.383498 0.000000
vt -0.010472 0.319581 0.000000
vt -0.010472 0.255665 0.000000
vt -0.010472 0.191749 0.000000
vt -0.010472 0.127833 0.000000
vt -0.010472 0.063916 0.000000
vt -0.010472 0.000000 0.000000
vt -0.010472 -0.063916 0.000000
vt -0.010472 -0.127833 0.000000
vt -0.010472 -0.191749 0.000000
vt -0.010472 -0.255665 0.000000
vt -0.010472 -0.319581 0.000000
vt -0.010472 -0.383498 0.000000
vt -0.010472 -0.447414 0.000000
vt -0.010472 -0.511330 0.000000
vt -0.010472 -0.575246 0.000000
vt -0.010472 -0.639163 0.000000
vt -0.010472 -0.703079 0.000000
vt -0.010472 -0.766995 0.000000
vt -0.015708 0.766995 0.000000
vt -0.015708 0.703079 0.000000
vt -0.015708 0.639163 0.000000
vt -0.015708 0.575246 0.000000
vt -0.015708 0.511330 0.000000
vt -0.015708 0.447414 0.000000
vt -0.015708 0.383498 0.000000
vt -0.015708 0.319581 0.000000
vt -0.015708 0.255665 0.000000
vt -0.015708 0.191749 0.000000
vt -0.015708 0.127833 0.000000
vt -0.015708 0.063916 0.000000
vt -0.015708 0.000000 0.000000
vt -0.015708 -0.063916 0.000000
vt -0.015708 -0.127833 0.000000
vt -0.015708 -0.191749 0.000000
vt -0.015708 -0.255665 0.000000
vt -0.015708 -0.319581 0.000000
vt -0.015708 -0.383498 0.000000
vt -0.015708 -0.447414 0.000000
vt -0.015708 -0.511330 0.000000
vt -0.015708 -0.575246 0.000000
vt -0.015708 -0.639163 0.000000
vt -0.015708 -0.703079 0.000000
vt -0.015708 -0.766995 0.000000
vt -0.020944 0.766995 0.000000
vt -0.020944 0.703079 0.000000
vt -0.020944 0.639163 0.000000
vt -0.020944 0.575246 0.000000
vt -0.020944 0.511330 0.000000
vt -0.020944 0.447414 0.000000
vt -0.020944 0.383498 0.000000
vt -0.020944 0.319581 0.000000
vt -0.020944 0.255665 0.000000
vt -0.020944 0.191749 0.000000
vt -0.020944 0.127833 0.000000
vt -0.020944 0.063916 0.000000
vt -0.020944 0.000000 0.000000
vt -0.020944 -0.063916 0.000000
vt -0.020944 -0.127833 0.000000
vt -0.020944 -0.191749 0.000000
vt -0.020944 -0.255665 0.000000
vt -0.020944 -0.319581 0.000000
vt -0.020944 -0.383498 0.000000
vt -0.020944 -0.447414 0.000000
vt -0.020944 -0.511330 0.000000
vt -0.020944 -0.575246 0.000000
vt -0.020944 -0.639163 0.000000
vt -0.020944 -0.703079 0.000000
vt -0.020944 -0.766995 0.000000
vt -0.000000 -0.719948 0.000000
vt -0.150000 -0.719948 0.000000
vt -0.000000 -0.785398 0.000000
vt -0.150000 -0.785398 0.000000
vt -0.000000 0.785398 0.000000
vt -0.150000 0.785398 0.000000
vt -0.000000 0.719948 0.000000
vt -0.150000 0.719948 0.000000
vt -0.000000 0.654498 0.000000
vt -0.150000 0.654498 0.000000
vt -0.000000 0.589049 0.000000
vt -0.150000 0.589049 0.000000
vt -0.000000 0.523599 0.000000
vt -0.150000 0.523599 0.000000
vt -0.000000 0.458149 0.000000
vt -0.150000 0.458149 0.000000
vt -0.000000 0.392699 0.000000
vt -0.150000 0.392699 0.000000
vt -0.000000 0.327249 0.000000
vt -0.150000 0.327249 0.000000
vt -0.000000 0.261799 0.000000
vt -0.150000 0.261799 0.000000
vt -0.000000 0.196350 0.000000
vt -0.150000 0.196350 0.000000
vt -0.000000 0.130900 0.000000
vt -0.150000 0.130900 0.000000
vt -0.000000 0.065450 0.000000
vt -0.150000 0.065450 0.000000
vt -0.000000 0.000000 0.000000
vt -0.150000 0.000000 0.000000
vt -0.000000 -0.065450 0.000000
vt -0.150000 -0.065450 0.000000
vt -0.000000 -0.130900 0.000000
vt -0.150000 -0.130900 0.000000
vt -0.000000 -0.196350 0.000000
vt -0.150000 -0.196350 0.000000
vt -0.000000 -0.261799 0.000000
vt -0.150000 -0.261799 0.000000
vt -0.000000 -0.327249 0.000000
vt -0.150000 -0.327249 0.000000
vt -0.000000 -0.392699 0.000000
vt -0.150000 -0.392699 0.000000
vt -0.000000 -0.458149 0.000000
vt -0.150000 -0.458149 0.000000
vt -0.000000 -0.523599 0.000000
vt -0.150000 -0.523599 0.000000
vt -0.000000 -0.589049 0.000000
vt -0.150000 -0.589049 0.000000
vt -0.000000 -0.654498 0.000000
vt -0.150000 -0.654498 0.000000
vt -0.222163 -0.059528 0.000000
vt 0.222163 -0.059528 0.000000
vt -0.230000 0.000000 0.000000
vt 0.230000 0.000000 0.000000
vt -0.222163 0.059528 0.000000
vt 0.222163 0.059528 0.000000
vt -0.199186 0.115000 0.000000
vt 0.199186 0.115000 0.000000
vt -0.162635 0.162635 0.000000
vt 0.162635 0.162635 0.000000
vt -0.115000 0.199186 0.000000
vt 0.115000 0.199186 0.000000
vt -0.059528 0.222163 0.000000
vt 0.059528 0.222163 0.000000
vt 0.000000 0.230000 0.000000
vt 0.199186 -0.115000 0.000000
vt -0.199186 -0.115000 0.000000
vt 0.162635 -0.162635 0.000000
vt -0.162635 -0.162635 0.000000
vt 0.115000 -0.199186 0.000000
vt -0.115000 -0.199186 0.000000
vt 0.059528 -0.222163 0.000000
vt -0.059528 -0.222163 0.000000
vt 0.000000 -0.230000 0.000000
vt -0.000000 0.447414 0.000000
vt -0.005236 0.447414 0.000000
vt -0.000000 0.383498 0.000000
vt -0.005236 0.383498 0.000000
vt -0.000000 0.319581 0.000000
vt -0.005236 0.319581 0.000000
vt -0.000000 0.255665 0.000000
vt -0.005236 0.255665 0.000000
vt -0.000000 0.191749 0.000000
vt -0.005236 0.191749 0.000000
vt -0.000000 0.127833 0.000000
vt -0.005236 0.127833 0.000000
vt -0.000000 0.063916 0.000000
vt -0.005236 0.063916 0.000000
vt -0.000000 0.000000 0.000000
vt -0.005236 0.000000 0.000000
vt -0.000000 -0.063916 0.000000
vt -0.005236 -0.063916 0.000000
vt -0.000000 -0.127833 0.000000
vt -0.005236 -0.127833 0.000000
vt -0.000000 -0.191749 0.000000
vt -0.005236 -0.191749 0.000000
vt -0.000000 -0.255665 0.000000
vt -0.005236 -0.255665 0.000000
vt -0.000000 -0.319581 0.000000
vt -0.005236 -0.319581 0.000000
vt -0.000000 -0.383498 0.000000
vt -0.005236 -0.383498 0.000000
vt -0.000000 -0.447414 0.000000
vt -0.005236 -0.447414 0.000000
vt -0.000000 -0.511330 0.000000
vt -0.005236 -0.511330 0.000000
vt -0.000000 -0.575246 0.000000
vt -0.005236 -0.575246 0.000000
vt -0.000000 -0.639163 0.000000
vt -0.005236 -0.639163 0.000000
vt -0.000000 -0.703079 0.000000
vt -0.005236 -0.703079 0.000000
vt -0.000000 -0.766995 0.000000
vt -0.005236 -0.766995 0.000000
vt -0.000000 0.766995 0.000000
vt -0.005236 0.766995 0.000000
vt -0.000000 0.703079 0.000000
vt -0.005236 0.703079 0.000000
vt -0.000000 0.639163 0.000000
vt -0.005236 0.639163 0.000000
vt -0.000000 0.575246 0.000000
vt -0.005236 0.575246 0.000000
vt -0.000000 0.511330 0.000000
vt -0.005236 0.511330 0.000000
vt -0.031416 0.319581 0.000000
vt -0.026180 0.319581 0.000000
vt -0.031416 0.383498 0.000000
vt -0.026180 0.383498 0.000000
vt -0.031416 0.447414 0.000000
vt -0.026180 0.447414 0.000000
vt -0.031416 0.511330 0.000000
vt -0.026180 0.511330 0.000000
vt -0.031416 0.575246 0.000000
vt -0.026180 0.575246 0.000000
vt -0.031416 0.639163 0.000000
vt -0.026180 0.639163 0.000000
vt -0.031416 0.703079 0.000000
vt -0.026180 0.703079 0.000000
vt -0.031416 0.766995 0.000000
vt -0.026180 0.766995 0.000000
vt -0.031416 -0.766995 0.000000
vt -0.026180 -0.766995 0.000000
vt -0.031416 -0.703079 0.000000
vt -0.026180 -0.703079 0.000000
vt -0.031416 -0.639163 0.000000
vt -0.026180 -0.639163 0.000000
vt -0.031416 -0.575246 0.000000
vt -0.026180 -0.575246 0.000000
vt -0.031416 -0.511330 0.000000
vt -0.026180 -0.511330 0.000000
vt -0.031416 -0.447414 0.000000
vt -0.026180 -0.447414 0.000000
vt -0.031416 -0.383498 0.000000
vt -0.026180 -0.383498 0.000000
vt -0.031416 -0.319581 0.000000
vt -0.026180 -0.319581 0.000000
vt -0.031416 -0.255665 0.000000
vt -0.026180 -0.255665 0.000000
vt -0.031416 -0.191749 0.000000
vt -0.026180 -0.191749 0.000000
vt -0.031416 -0.127833 0.000000
vt -0.026180 -0.127833 0.000000
vt -0.031416 -0.063916 0.000000
vt -0.026180 -0.063916 0.000000
vt -0.031416 0.000000 0.000000
vt -0.026180 0.000000 0.000000
vt -0.031416 0.063916 0.000000
vt -0.026180 0.063916 0.000000
vt -0.031416 0.127833 0.000000
vt -0.026180 0.127833 0.000000
vt -0.031416 0.191749 0.000000
vt -0.026180 0.191749 0.000000
vt -0.031416 0.255665 0.000000
vt -0.026180 0.255665 0.000000
vt -0.010472 0.766995 0.000000
vt -0.010472 0.703079 0.000000
vt -0.010472 0.639163 0.000000
vt -0.010472 0.575246 0.000000
vt -0.010472 0.511330 0.000000
vt -0.010472 0.447414 0.000000
vt -0.010472 0.383498 0.000000
vt -0.010472 0.319581 0.000000
vt -0.010472 0.255665 0.000000
vt -0.010472 0.191749 0.000000
vt -0.010472 0.127833 0.000000
vt -0.010472 0.063916 0.000000
vt -0.010472 0.000000 0.000000
vt -0.010472 -0.063916 0.000000
vt -0.010472 -0.127833 0.000000
vt -0.010472 -0.191749 0.000000
vt -0.010472 -0.255665 0.000000
vt -0.010472 -0.319581 0.000000
vt -0.010472 -0.383498 0.000000
vt -0.010472 -0.447414 0.000000
vt -0.010472 -0.511330 0.000000
vt -0.010472 -0.575246 0.000000
vt -0.010472 -0.639163 0.000000
vt -0.010472 -0.703079 0.000000
vt -0.010472 -0.766995 0.000000
vt -0.015708 0.766995 0.000000
vt -0.015708 0.703079 0.000000
vt -0.015708 0.639163 0.000000
vt -0.015708 0.575246 0.000000
vt -0.015708 0.511330 0.000000
vt -0.015708 0.447414 0.000000
vt -0.015708 0.383498 0.000000
vt -0.015708 0.319581 0.000000
vt -0.015708 0.255665 0.000000
vt -0.015708 0.191749 0.000000
vt -0.015708 0.127833 0.000000
vt -0.015708 0.063916 0.000000
vt -0.015708 0.000000 0.000000
vt -0.015708 -0.063916 0.000000
vt -0.015708 -0.127833 0.000000
vt -0.015708 -0.191749 0.000000
vt -0.015708 -0.255665 0.000000
vt -0.015708 -0.319581 0.000000
vt -0.015708 -0.383498 0.000000
vt -0.015708 -0.447414 0.000000
vt -0.015708 -0.511330 0.000000
vt -0.015708 -0.575246 0.000000
vt -0.015708 -0.639163 0.000000
vt -0.015708 -0.703079 0.000000
vt -0.015708 -0.766995 0.000000
vt -0.020944 0.766995 0.000000
vt -0.020944 0.703079 0.000000
vt -0.020944 0.639163 0.000000
vt -0.020944 0.575246 0.000000
vt -0.020944 0.511330 0.000000
vt -0.020944 0.447414 0.000000
vt -0.020944 0.383498 0.000000
vt -0.020944 0.319581 0.000000
vt -0.020944 0.255665 0.000000
vt -0.020944 0.191749 0.000000
vt -0.020944 0.127833 0.000000
vt -0.020944 0.063916 0.000000
vt -0.020944 0.000000 0.000000
vt -0.020944 -0.063916 0.000000
vt -0.020944 -0.127833 0.000000
vt -0.020944 -0.191749 0.000000
vt -0.020944 -0.255665 0.000000
vt -0.020944 -0.319581 0.000000
vt -0.020944 -0.383498 0.000000
vt -0.020944 -0.447414 0.000000
vt -0.020944 -0.511330 0.000000
vt -0.020944 -0.575246 0.000000
vt -0.020944 -0.639163 0.000000
vt -0.020944 -0.703079 0.000000
vt -0.020944 -0.766995 0.000000
vt -0.000000 -0.719948 0.000000
vt -0.150000 -0.719948 0.000000
vt -0.000000 -0.785398 0.000000
vt -0.150000 -0.785398 0.000000
vt -0.000000 0.785398 0.000000
vt -0.150000 0.785398 0.000000
vt -0.000000 0.719948 0.000000
vt -0.150000 0.719948 0.000000
vt -0.000000 0.654498 0.000000
vt -0.150000 0.654498 0.000000
vt -0.000000 0.589049 0.000000
vt -0.150000 0.589049 0.000000
vt -0.000000 0.523599 0.000000
vt -0.150000 0.523599 0.000000
vt -0.000000 0.458149 0.000000
vt -0.150000 0.458149 0.000000
vt -0.000000 0.392699 0.000000
vt -0.150000 0.392699 0.000000
vt -0.000000 0.327249 0.000000
vt -0.150000 0.327249 0.000000
vt -0.000000 0.261799 0.000000
vt -0.150000 0.261799 0.000000
vt -0.000000 0.196350 0.000000
vt -0.150000 0.196350 0.000000
vt -0.000000 0.130900 0.000000
vt -0.150000 0.130900 0.000000
vt -0.000000 0.065450 0.000000
vt -0.150000 0.065450 0.000000
vt -0.000000 0.000000 0.000000
vt -0.150000 0.000000 0.000000
vt -0.000000 -0.065450 0.000000
vt -0.150000 -0.065450 0.000000
vt -0.000000 -0.130900 0.000000
vt -0.150000 -0.130900 0.000000
vt -0.000000 -0.196350 0.000000
vt -0.150000 -0.196350 0.000000
vt -0.000000 -0.261799 0.000000
vt -0.150000 -0.261799 0.000000
vt -0.000000 -0.327249 0.000000
vt -0.150000 -0.327249 0.000000
vt -0.000000 -0.392699 0.000000
vt -0.150000 -0.392699 0.000000
vt -0.000000 -0.458149 0.000000
vt -0.150000 -0.458149 0.000000
vt -0.000000 -0.523599 0.000000
vt -0.150000 -0.523599 0.000000
vt -0.000000 -0.589049 0.000000
vt -0.150000 -0.589049 0.000000
vt -0.000000 -0.654498 0.000000
vt -0.150000 -0.654498 0.000000
vt -0.222163 -0.059528 0.000000
vt 0.222163 -0.059528 0.000000
vt -0.230000 0.000000 0.000000
vt 0.230000 0.000000 0.000000
vt -0.222163 0.059528 0.000000
vt 0.222163 0.059528 0.000000
vt -0.199186 0.115000 0.000000
vt 0.199186 0.115000 0.000000
vt -0.162635 0.162635 0.000000
vt 0.162635 0.162635 0.000000
vt -0.115000 0.199186 0.000000
vt 0.115000 0.199186 0.000000
vt -0.059528 0.222163 0.000000
vt 0.059528 0.222163 0.000000
vt 0.000000 0.230000 0.000000
vt 0.199186 -0.115000 0.000000
vt -0.199186 -0.115000 0.000000
vt 0.162635 -0.162635 0.000000
vt -0.162635 -0.162635 0.000000
vt 0.115000 -0.199186 0.000000
vt -0.115000 -0.199186 0.000000
vt 0.059528 -0.222163 0.000000
vt -0.059528 -0.222163 0.000000
vt 0.000000 -0.230000 0.000000
vt -0.000000 0.447414 0.000000
vt -0.005236 0.447414 0.000000
vt -0.000000 0.383498 0.000000
vt -0.005236 0.383498 0.000000
vt -0.000000 0.319581 0.000000
vt -0.005236 0.319581 0.000000
vt -0.000000 0.255665 0.000000
vt -0.005236 0.255665 0.000000
vt -0.000000 0.191749 0.000000
vt -0.005236 0.191749 0.000000
vt -0.000000 0.127833 0.000000
vt -0.005236 0.127833 0.000000
vt -0.000000 0.063916 0.000000
vt -0.005236 0.063916 0.000000
vt -0.000000 0.000000 0.000000
vt -0.005236 0.000000 0.000000
vt -0.000000 -0.063916 0.000000
vt -0.005236 -0.063916 0.000000
vt -0.000000 -0.127833 0.000000
vt -0.005236 -0.127833 0.000000
vt -0.000000 -0.191749 0.000000
vt -0.005236 -0.191749 0.000000
vt -0.000000 -0.255665 0.000000
vt -0.005236 -0.255665 0.000000
vt -0.000000 -0.319581 0.000000
vt -0.005236 -0.319581 0.000000
vt -0.000000 -0.383498 0.000000
vt -0.005236 -0.383498 0.000000
vt -0.000000 -0.447414 0.000000
vt -0.005236 -0.447414 0.000000
vt -0.000000 -0.511330 0.000000
vt -0.005236 -0.511330 0.000000
vt -0.000000 -0.575246 0.000000
vt -0.005236 -0.575246 0.000000
vt -0.000000 -0.639163 0.000000
vt -0.005236 -0.639163 0.000000
vt -0.000000 -0.703079 0.000000
vt -0.005236 -0.703079 0.000000
vt -0.000000 -0.766995 0.000000
vt -0.005236 -0.766995 0.000000
vt -0.000000 0.766995 0.000000
vt -0.005236 0.766995 0.000000
vt -0.000000 0.703079 0.000000
vt -0.005236 0.703079 0.000000
vt -0.000000 0.639163 0.000000
vt -0.005236 0.639163 0.000000
vt -0.000000 0.575246 0.000000
vt -0.005236 0.575246 0.000000
vt -0.000000 0.511330 0.000000
vt -0.005236 0.511330 0.000000
vt -0.031416 0.319581 0.000000
vt -0.026180 0.319581 0.000000
vt -0.031416 0.383498 0.000000
vt -0.026180 0.383498 0.000000
vt -0.031416 0.447414 0.000000
vt -0.026180 0.447414 0.000000
vt -0.031416 0.511330 0.000000
vt -0.026180 0.511330 0.000000
vt -0.031416 0.575246 0.000000
vt -0.026180 0.575246 0.000000
vt -0.031416 0.639163 0.000000
vt -0.026180 0.639163 0.000000
vt -0.031416 0.703079 0.000000
vt -0.026180 0.703079 0.000000
vt -0.031416 0.766995 0.000000
vt -0.026180 0.766995 0.000000
vt -0.031416 -0.766995 0.000000
vt -0.026180 -0.766995 0.000000
vt -0.031416 -0.703079 0.000000
vt -0.026180 -0.703079 0.000000
vt -0.031416 -0.639163 0.000000
vt -0.026180 -0.639163 0.000000
vt -0.031416 -0.575246 0.000000
vt -0.026180 -0.575246 0.000000
vt -0.031416 -0.511330 0.000000
vt -0.026180 -0.511330 0.000000
vt -0.031416 -0.447414 0.000000
vt -0.026180 -0.447414 0.000000
vt -0.031416 -0.383498 0.000000
vt -0.026180 -0.383498 0.000000
vt -0.031416 -0.319581 0.000000
vt -0.026180 -0.319581 0.000000
vt -0.031416 -0.255665 0.000000
vt -0.026180 -0.255665 0.000000
vt -0.031416 -0.191749 0.000000
vt -0.026180 -0.191749 0.000000
vt -0.031416 -0.127833 0.000000
vt -0.026180 -0.127833 0.000000
vt -0.031416 -0.063916 0.000000
vt -0.026180 -0.063916 0.000000
vt -0.031416 0.000000 0.000000
vt -0.026180 0.000000 0.000000
vt -0.031416 0.063916 0.000000
vt -0.026180 0.063916 0.000000
vt -0.031416 0.127833 0.000000
vt -0.026180 0.127833 0.000000
vt -0.031416 0.191749 0.000000
vt -0.026180 0.191749 0.000000
vt -0.031416 0.255665 0.000000
vt -0.026180 0.255665 0.000000
vt -0.010472 0.766995 0.000000
vt -0.010472 0.703079 0.000000
vt -0.010472 0.639163 0.000000
vt -0.010472 0.575246 0.000000
vt -0.010472 0.511330 0.000000
vt -0.010472 0.447414 0.000000
vt -0.010472 0.383498 0.000000
vt -0.010472 0.319581 0.000000
vt -0.010472 0.255665 0.000000
vt -0.010472 0.191749 0.000000
vt -0.010472 0.127833 0.000000
vt -0.010472 0.063916 0.000000
vt -0.010472 0.000000 0.000000
vt -0.010472 -0.063916 0.000000
vt -0.010472 -0.127833 0.000000
vt -0.010472 -0.191749 0.000000
vt -0.010472 -0.255665 0.000000
vt -0.010472 -0.319581 0.000000
vt -0.010472 -0.383498 0.000000
vt -0.010472 -0.447414 0.000000
vt -0.010472 -0.511330 0.000000
vt -0.010472 -0.575246 0.000000
vt -0.010472 -0.639163 0.000000
vt -0.010472 -0.703079 0.000000
vt -0.010472 -0.766995 0.000000
vt -0.015708 0.766995 0.000000
vt -0.015708 0.703079 0.000000
vt -0.015708 0.639163 0.000000
vt -0.015708 0.575246 0.000000
vt -0.015708 0.511330 0.000000
vt -0.015708 0.447414 0.000000
vt -0.015708 0.383498 0.000000
vt -0.015708 0.319581 0.000000
vt -0.015708 0.255665 0.000000
vt -0.015708 0.191749 0.000000
vt -0.015708 0.127833 0.000000
vt -0.015708 0.063916 0.000000
vt -0.015708 0.000000 0.000000
vt -0.015708 -0.063916 0.000000
vt -0.015708 -0.127833 0.000000
vt -0.015708 -0.191749 0.000000
vt -0.015708 -0.255665 0.000000
vt -0.015708 -0.319581 0.000000
vt -0.015708 -0.383498 0.000000
vt -0.015708 -0.447414 0.000000
vt -0.015708 -0.511330 0.000000
vt -0.015708 -0.575246 0.000000
vt -0.015708 -0.639163 0.000000
vt -0.015708 -0.703079 0.000000
vt -0.015708 -0.766995 0.000000
vt -0.020944 0.766995 0.000000
vt -0.020944 0.703079 0.000000
vt -0.020944 0.639163 0.000000
vt -0.020944 0.575246 0.000000
vt -0.020944 0.511330 0.000000
vt -0.020944 0.447414 0.000000
vt -0.020944 0.383498 0.000000
vt -0.020944 0.319581 0.000000
vt -0.020944 0.255665 0.000000
vt -0.020944 0.191749 0.000000
vt -0.020944 0.127833 0.000000
vt -0.020944 0.063916 0.000000
vt -0.020944 0.000000 0.000000
vt -0.020944 -0.063916 0.000000
vt -0.020944 -0.127833 0.000000
vt -0.020944 -0.191749 0.000000
vt -0.020944 -0.255665 0.000000
vt -0.020944 -0.319581 0.000000
vt -0.020944 -0.383498 0.000000
vt -0.020944 -0.447414 0.000000
vt -0.020944 -0.511330 0.000000
vt -0.020944 -0.575246 0.000000
vt -0.020944 -0.639163 0.000000
vt -0.020944 -0.703079 0.000000
vt -0.020944 -0.766995 0.000000
vt -0.000000 -0.719948 0.000000
vt -0.150000 -0.719948 0.000000
vt -0.000000 -0.785398 0.000000
vt -0.150000 -0.785398 0.000000
vt -0.000000 0.785398 0.000000
vt -0.150000 0.785398 0.000000
vt -0.000000 0.719948 0.000000
vt -0.150000 0.719948 0.000000
vt -0.000000 0.654498 0.000000
vt -0.150000 0.654498 0.000000
vt -0.000000 0.589049 0.000000
vt -0.150000 0.589049 0.000000
vt -0.000000 0.523599 0.000000
vt -0.150000 0.523599 0.000000
vt -0.000000 0.458149 0.000000
vt -0.150000 0.458149 0.000000
vt -0.000000 0.392699 0.000000
vt -0.150000 0.392699 0.000000
vt -0.000000 0.327249 0.000000
vt -0.150000 0.327249 0.000000
vt -0.000000 0.261799 0.000000
vt -0.150000 0.261799 0.000000
vt -0.000000 0.196350 0.000000
vt -0.150000 0.196350 0.000000
vt -0.000000 0.130900 0.000000
vt -0.150000 0.130900 0.000000
vt -0.000000 0.065450 0.000000
vt -0.150000 0.065450 0.000000
vt -0.000000 0.000000 0.000000
vt -0.150000 0.000000 0.000000
vt -0.000000 -0.065450 0.000000
vt -0.150000 -0.065450 0.000000
vt -0.000000 -0.130900 0.000000
vt -0.150000 -0.130900 0.000000
vt -0.000000 -0.196350 0.000000
vt -0.150000 -0.196350 0.000000
vt -0.000000 -0.261799 0.000000
vt -0.150000 -0.261799 0.000000
vt -0.000000 -0.327249 0.000000
vt -0.150000 -0.327249 0.000000
vt -0.000000 -0.392699 0.000000
vt -0.150000 -0.392699 0.000000
vt -0.000000 -0.458149 0.000000
vt -0.150000 -0.458149 0.000000
vt -0.000000 -0.523599 0.000000
vt -0.150000 -0.523599 0.000000
vt -0.000000 -0.589049 0.000000
vt -0.150000 -0.589049 0.000000
vt -0.000000 -0.654498 0.000000
vt -0.150000 -0.654498 0.000000
vt -0.222163 -0.059528 0.000000
vt 0.222163 -0.059528 0.000000
vt -0.230000 0.000000 0.000000
vt 0.230000 0.000000 0.000000
vt -0.222163 0.059528 0.000000
vt 0.222163 0.059528 0.000000
vt -0.199186 0.115000 0.000000
vt 0.199186 0.115000 0.000000
vt -0.162635 0.162635 0.000000
vt 0.162635 0.162635 0.000000
vt -0.115000 0.199186 0.000000
vt 0.115000 0.199186 0.000000
vt -0.059528 0.222163 0.000000
vt 0.059528 0.222163 0.000000
vt 0.000000 0.230000 0.000000
vt 0.199186 -0.115000 0.000000
vt -0.199186 -0.115000 0.000000
vt 0.162635 -0.162635 0.000000
vt -0.162635 -0.162635 0.000000
vt 0.115000 -0.199186 0.000000
vt -0.115000 -0.199186 0.000000
vt 0.059528 -0.222163 0.000000
vt -0.059528 -0.222163 0.000000
vt 0.000000 -0.230000 0.000000
vt -0.000000 0.447414 0.000000
vt -0.005236 0.447414 0.000000
vt -0.000000 0.383498 0.000000
vt -0.005236 0.383498 0.000000
vt -0.000000 0.319581 0.000000
vt -0.005236 0.319581 0.000000
vt -0.000000 0.255665 0.000000
vt -0.005236 0.255665 0.000000
vt -0.000000 0.191749 0.000000
vt -0.005236 0.191749 0.000000
vt -0.000000 0.127833 0.000000
vt -0.005236 0.127833 0.000000
vt -0.000000 0.063916 0.000000
vt -0.005236 0.063916 0.000000
vt -0.000000 0.000000 0.000000
vt -0.005236 0.000000 0.000000
vt -0.000000 -0.063916 0.000000
vt -0.005236 -0.063916 0.000000
vt -0.000000 -0.127833 0.000000
vt -0.005236 -0.127833 0.000000
vt -0.000000 -0.191749 0.000000
vt -0.005236 -0.191749 0.000000
vt -0.000000 -0.255665 0.000000
vt -0.005236 -0.255665 0.000000
vt -0.000000 -0.319581 0.000000
vt -0.005236 -0.319581 0.000000
vt -0.000000 -0.383498 0.000000
vt -0.005236 -0.383498 0.000000
vt -0.000000 -0.447414 0.000000
vt -0.005236 -0.447414 0.000000
vt -0.000000 -0.511330 0.000000
vt -0.005236 -0.511330 0.000000
vt -0.000000 -0.575246 0.000000
vt -0.005236 -0.575246 0.000000
vt -0.000000 -0.639163 0.000000
vt -0.005236 -0.639163 0.000000
vt -0.000000 -0.703079 0.000000
vt -0.005236 -0.703079 0.000000
vt -0.000000 -0.766995 0.000000
vt -0.005236 -0.766995 0.000000
vt -0.000000 0.766995 0.000000
vt -0.005236 0.766995 0.000000
vt -0.000000 0.703079 0.000000
vt -0.005236 0.703079 0.000000
vt -0.000000 0.639163 0.000000
vt -0.005236 0.639163 0.000000
vt -0.000000 0.575246 0.000000
vt -0.005236 0.575246 0.000000
vt -0.000000 0.511330 0.000000
vt -0.005236 0.511330 0.000000
vt -0.031416 0.319581 0.000000
vt -0.026180 0.319581 0.000000
vt -0.031416 0.383498 0.000000
vt -0.026180 0.383498 0.000000
vt -0.031416 0.447414 0.000000
vt -0.026180 0.447414 0.000000
vt -0.031416 0.511330 0.000000
vt -0.026180 0.511330 0.000000
vt -0.031416 0.575246 0.000000
vt -0.026180 0.575246 0.000000
vt -0.031416 0.639163 0.000000
vt -0.026180 0.639163 0.000000
vt -0.031416 0.703079 0.000000
vt -0.026180 0.703079 0.000000
vt -0.031416 0.766995 0.000000
vt -0.026180 0.766995 0.000000
vt -0.031416 -0.766995 0.000000
vt -0.026180 -0.766995 0.000000
vt -0.031416 -0.703079 0.000000
vt -0.026180 -0.703079 0.000000
vt -0.031416 -0.639163 0.000000
vt -0.026180 -0.639163 0.000000
vt -0.031416 -0.575246 0.000000
vt -0.026180 -0.575246 0.000000
vt -0.031416 -0.511330 0.000000
vt -0.026180 -0.511330 0.000000
vt -0.031416 -0.447414 0.000000
vt -0.026180 -0.447414 0.000000
vt -0.031416 -0.383498 0.000000
vt -0.026180 -0.383498 0.000000
vt -0.031416 -0.319581 0.000000
vt -0.026180 -0.319581 0.000000
vt -0.031416 -0.255665 0.000000
vt -0.026180 -0.255665 0.000000
vt -0.031416 -0.191749 0.000000
vt -0.026180 -0.191749 0.000000
vt -0.031416 -0.127833 0.000000
vt -0.026180 -0.127833 0.000000
vt -0.031416 -0.063916 0.000000
vt -0.026180 -0.063916 0.000000
vt -0.031416 0.000000 0.000000
vt -0.026180 0.000000 0.000000
vt -0.031416 0.063916 0.000000
vt -0.026180 0.063916 0.000000
vt -0.031416 0.127833 0.000000
vt -0.026180 0.127833 0.000000
vt -0.031416 0.191749 0.000000
vt -0.026180 0.191749 0.000000
vt -0.031416 0.255665 0.000000
vt -0.026180 0.255665 0.000000
vt -0.010472 0.766995 0.000000
vt -0.010472 0.703079 0.000000
vt -0.010472 0.639163 0.000000
vt -0.010472 0.575246 0.000000
vt -0.010472 0.511330 0.000000
vt -0.010472 0.447414 0.000000
vt -0.010472 0.383498 0.000000
vt -0.010472 0.319581 0.000000
vt -0.010472 0.255665 0.000000
vt -0.010472 0.191749 0.000000
vt -0.010472 0.127833 0.000000
vt -0.010472 0.063916 0.000000
vt -0.010472 0.000000 0.000000
vt -0.010472 -0.063916 0.000000
vt -0.010472 -0.127833 0.000000
vt -0.010472 -0.191749 0.000000
vt -0.010472 -0.255665 0.000000
vt -0.010472 -0.319581 0.000000
vt -0.010472 -0.383498 0.000000
vt -0.010472 -0.447414 0.000000
vt -0.010472 -0.511330 0.000000
vt -0.010472 -0.575246 0.000000
vt -0.010472 -0.639163 0.000000
vt -0.010472 -0.703079 0.000000
vt -0.010472 -0.766995 0.000000
vt -0.015708 0.766995 0.000000
vt -0.015708 0.703079 0.000000
vt -0.015708 0.639163 0.000000
vt -0.015708 0.575246 0.000000
vt -0.015708 0.511330 0.000000
vt -0.015708 0.447414 0.000000
vt -0.015708 0.383498 0.000000
vt -0.015708 0.319581 0.000000
vt -0.015708 0.255665 0.000000
vt -0.015708 0.191749 0.000000
vt -0.015708 0.127833 0.000000
vt -0.015708 0.063916 0.000000
vt -0.015708 0.000000 0.000000
vt -0.015708 -0.063916 0.000000
vt -0.015708 -0.127833 0.000000
vt -0.015708 -0.191749 0.000000
vt -0.015708 -0.255665 0.000000
vt -0.015708 -0.319581 0.000000
vt -0.015708 -0.383498 0.000000
vt -0.015708 -0.447414 0.000000
vt -0.015708 -0.511330 0.000000
vt -0.015708 -0.575246 0.000000
vt -0.015708 -0.639163 0.000000
vt -0.015708 -0.703079 0.000000
vt -0.015708 -0.766995 0.000000
vt -0.020944 0.766995 0.000000
vt -0.020944 0.703079 0.000000
vt -0.020944 0.639163 0.000000
vt -0.020944 0.575246 0.000000
vt -0.020944 0.511330 0.000000
vt -0.020944 0.447414 0.000000
vt -0.020944 0.383498 0.000000
vt -0.020944 0.319581 0.000000
vt -0.020944 0.255665 0.000000
vt -0.020944 0.191749 0.000000
vt -0.020944 0.127833 0.000000
vt -0.020944 0.063916 0.000000
vt -0.020944 0.000000 0.000000
vt -0.020944 -0.063916 0.000000
vt -0.020944 -0.127833 0.000000
vt -0.020944 -0.191749 0.000000
vt -0.020944 -0.255665 0.000000
vt -0.020944 -0.319581 0.000000
vt -0.020944 -0.383498 0.000000
vt -0.020944 -0.447414 0.000000
vt -0.020944 -0.511330 0.000000
vt -0.020944 -0.575246 0.000000
vt -0.020944 -0.639163 0.000000
vt -0.020944 -0.703079 0.000000
vt -0.020944 -0.766995 0.000000
vt -0.000000 -0.719948 0.000000
vt -0.150000 -0.719948 0.000000
vt -0.000000 -0.785398 0.000000
vt -0.150000 -0.785398 0.000000
vt -0.000000 0.785398 0.000000
vt -0.150000 0.785398 0.000000
vt -0.000000 0.719948 0.000000
vt -0.150000 0.719948 0.000000
vt -0.000000 0.654498 0.000000
vt -0.150000 0.654498 0.000000
vt -0.000000 0.589049 0.000000
vt -0.150000 0.589049 0.000000
vt -0.000000 0.523599 0.000000
vt -0.150000 0.523599 0.000000
vt -0.000000 0.458149 0.000000
vt -0.150000 0.458149 0.000000
vt -0.000000 0.392699 0.000000
vt -0.150000 0.392699 0.000000
vt -0.000000 0.327249 0.000000
vt -0.150000 0.327249 0.000000
vt -0.000000 0.261799 0.000000
vt -0.150000 0.261799 0.000000
vt -0.000000 0.196350 0.000000
vt -0.150000 0.196350 0.000000
vt -0.000000 0.130900 0.000000
vt -0.150000 0.130900 0.000000
vt -0.000000 0.065450 0.000000
vt -0.150000 0.065450 0.000000
vt -0.000000 0.000000 0.000000
vt -0.150000 0.000000 0.000000
vt -0.000000 -0.065450 0.000000
vt -0.150000 -0.065450 0.000000
vt -0.000000 -0.130900 0.000000
vt -0.150000 -0.130900 0.000000
vt -0.000000 -0.196350 0.000000
vt -0.150000 -0.196350 0.000000
vt -0.000000 -0.261799 0.000000
vt -0.150000 -0.261799 0.000000
vt -0.000000 -0.327249 0.000000
vt -0.150000 -0.327249 0.000000
vt -0.000000 -0.392699 0.000000
vt -0.150000 -0.392699 0.000000
vt -0.000000 -0.458149 0.000000
vt -0.150000 -0.458149 0.000000
vt -0.000000 -0.523599 0.000000
vt -0.150000 -0.523599 0.000000
vt -0.000000 -0.589049 0.000000
vt -0.150000 -0.589049 0.000000
vt -0.000000 -0.654498 0.000000
vt -0.150000 -0.654498 0.000000
vt -0.222163 -0.059528 0.000000
vt 0.222163 -0.059528 0.000000
vt -0.230000 0.000000 0.000000
vt 0.230000 0.000000 0.000000
vt -0.222163 0.059528 0.000000
vt 0.222163 0.059528 0.000000
vt -0.199186 0.115000 0.000000
vt 0.199186 0.115000 0.000000
vt -0.162635 0.162635 0.000000
vt 0.162635 0.162635 0.000000
vt -0.115000 0.199186 0.000000
vt 0.115000 0.199186 0.000000
vt -0.059528 0.222163 0.000000
vt 0.059528 0.222163 0.000000
vt 0.000000 0.230000 0.000000
vt 0.199186 -0.115000 0.000000
vt -0.199186 -0.115000 0.000000
vt 0.162635 -0.162635 0.000000
vt -0.162635 -0.162635 0.000000
vt 0.115000 -0.199186 0.000000
vt -0.115000 -0.199186 0.000000
vt 0.059528 -0.222163 0.000000
vt -0.059528 -0.222163 0.000000
vt 0.000000 -0.230000 0.000000
vt 0.810000 -0.619156 0.000000
vt -0.000000 -0.619156 0.000000
vt 0.810000 -0.675442 0.000000
vt 0.000000 -0.675442 0.000000
vt 0.810000 0.675442 0.000000
vt 0.000000 0.675442 0.000000
vt 0.810000 0.619156 0.000000
vt 0.000000 0.619156 0.000000
vt 0.810000 0.562869 0.000000
vt 0.000000 0.562869 0.000000
vt 0.810000 0.506582 0.000000
vt 0.000000 0.506582 0.000000
vt 0.810000 0.450295 0.000000
vt 0.000000 0.450295 0.000000
vt 0.810000 0.394008 0.000000
vt 0.000000 0.394008 0.000000
vt 0.810000 0.337721 0.000000
vt 0.000000 0.337721 0.000000
vt 0.810000 0.281434 0.000000
vt -0.000000 0.281434 0.000000
vt 0.810000 0.225147 0.000000
vt -0.000000 0.225147 0.000000
vt 0.810000 0.168861 0.000000
vt -0.000000 0.168861 0.000000
vt 0.810000 0.112574 0.000000
vt -0.000000 0.112574 0.000000
vt 0.810000 0.056287 0.000000
vt 0.000000 0.056287 0.000000
vt 0.810000 0.000000 0.000000
vt 0.000000 0.000000 0.000000
vt 0.810000 -0.056287 0.000000
vt -0.000000 -0.056287 0.000000
vt 0.810000 -0.112574 0.000000
vt 0.000000 -0.112574 0.000000
vt 0.810000 -0.168861 0.000000
vt 0.000000 -0.168861 0.000000
vt 0.810000 -0.225147 0.000000
vt -0.000000 -0.225147 0.000000
vt 0.810000 -0.281434 0.000000
vt -0.000000 -0.281434 0.000000
vt 0.810000 -0.337721 0.000000
vt -0.000000 -0.337721 0.000000
vt 0.810000 -0.394008 0.000000
vt -0.000000 -0.394008 0.000000
vt 0.810000 -0.450295 0.000000
vt -0.000000 -0.450295 0.000000
vt 0.810000 -0.506582 0.000000
vt -0.000000 -0.506582 0.000000
vt 0.810000 -0.562869 0.000000
vt -0.000000 -0.562869 0.000000
vt -0.810000 0.907135 0.000000
vt -0.000000 0.907135 0.000000
vt -0.810000 0.989602 0.000000
vt -0.000000 0.989602 0.000000
vt -0.810000 -0.989602 0.000000
vt -0.000000 -0.989602 0.000000
vt -0.810000 -0.907135 0.000000
vt 0.000000 -0.907135 0.000000
vt -0.810000 -0.824668 0.000000
vt -0.000000 -0.824668 0.000000
vt -0.810000 -0.742201 0.000000
vt -0.000000 -0.742201 0.000000
vt -0.810000 -0.659734 0.000000
vt 0.000000 -0.659734 0.000000
vt -0.810000 -0.577268 0.000000
vt 0.000000 -0.577268 0.000000
vt -0.810000 -0.494801 0.000000
vt -0.000000 -0.494801 0.000000
vt -0.810000 -0.412334 0.000000
vt -0.000000 -0.412334 0.000000
vt -0.810000 -0.329867 0.000000
vt -0.000000 -0.329867 0.000000
vt -0.810000 -0.247400 0.000000
vt -0.000000 -0.247400 0.000000
vt -0.810000 -0.164934 0.000000
vt -0.000000 -0.164934 0.000000
vt -0.810000 -0.082467 0.000000
vt -0.000000 -0.082467 0.000000
vt -0.810000 0.000000 0.000000
vt -0.000000 0.000000 0.000000
vt -0.810000 0.082467 0.000000
vt -0.000000 0.082467 0.000000
vt -0.810000 0.164934 0.000000
vt -0.000000 0.164934 0.000000
vt -0.810000 0.247400 0.000000
vt -0.000000 0.247400 0.000000
vt -0.810000 0.329867 0.000000
vt -0.000000 0.329867 0.000000
vt -0.810000 0.412334 0.000000
vt -0.000000 0.412334 0.000000
vt -0.810000 0.494801 0.000000
vt -0.000000 0.494801 0.000000
vt -0.810000 0.577268 0.000000
vt -0.000000 0.577268 0.000000
vt -0.810000 0.659734 0.000000
vt -0.000000 0.659734 0.000000
vt -0.810000 0.742201 0.000000
vt -0.000000 0.742201 0.000000
vt -0.810000 0.824668 0.000000
vt -0.000000 0.824668 0.000000
vt -0.207674 -0.055646 0.000000
vt -0.215000 0.000000 0.000000
vt -0.315000 0.000000 0.000000
vt -0.207674 0.055646 0.000000
vt -0.304267 0.081528 0.000000
vt -0.186195 0.107500 0.000000
vt -0.272798 0.157500 0.000000
vt -0.152028 0.152028 0.000000
vt -0.222739 0.222739 0.000000
vt -0.107500 0.186195 0.000000
vt -0.157500 0.272798 0.000000
vt -0.055646 0.207674 0.000000
vt -0.081528 0.304267 0.000000
vt 0.000000 0.215000 0.000000
vt 0.000000 0.315000 0.000000
vt 0.081528 0.304267 0.000000
vt 0.055646 0.207674 0.000000
vt 0.157500 0.272798 0.000000
vt 0.107500 0.186195 0.000000
vt 0.222739 0.222739 0.000000
vt 0.152028 0.152028 0.000000
vt 0.272798 0.157500 0.000000
vt 0.186195 0.107500 0.000000
vt 0.304267 0.081528 0.000000
vt 0.207674 0.055646 0.000000
vt 0.315000 0.000000 0.000000
vt 0.215000 0.000000 0.000000
vt 0.304267 -0.081528 0.000000
vt 0.207674 -0.055646 0.000000
vt 0.186195 -0.107500 0.000000
vt 0.272798 -0.157500 0.000000
vt 0.152028 -0.152028 0.000000
vt 0.222739 -0.222739 0.000000
vt 0.107500 -0.186195 0.000000
vt 0.157500 -0.272798 0.000000
vt 0.055646 -0.207674 0.000000
vt 0.081528 -0.304267 0.000000
vt 0.000000 -0.215000 0.000000
vt 0.000000 -0.315000 0.000000
vt -0.081528 -0.304267 0.000000
vt -0.055646 -0.207674 0.000000
vt -0.157500 -0.272798 0.000000
vt -0.107500 -0.186195 0.000000
vt -0.222739 -0.222739 0.000000
vt -0.152028 -0.152028 0.000000
vt -0.272798 -0.157500 0.000000
vt -0.186195 -0.107500 0.000000
vt -0.304267 -0.081528 0.000000
vt 0.810000 -0.619156 0.000000
vt -0.000000 -0.619156 0.000000
vt 0.810000 -0.675442 0.000000
vt 0.000000 -0.675442 0.000000
vt 0.810000 0.675442 0.000000
vt 0.000000 0.675442 0.000000
vt 0.810000 0.619156 0.000000
vt 0.000000 0.619156 0.000000
vt 0.810000 0.562869 0.000000
vt 0.000000 0.562869 0.000000
vt 0.810000 0.506582 0.000000
vt 0.000000 0.506582 0.000000
vt 0.810000 0.450295 0.000000
vt 0.000000 0.450295 0.000000
vt 0.810000 0.394008 0.000000
vt 0.000000 0.394008 0.000000
vt 0.810000 0.337721 0.000000
vt 0.000000 0.337721 0.000000
vt 0.810000 0.281434 0.000000
vt -0.000000 0.281434 0.000000
vt 0.810000 0.225147 0.000000
vt -0.000000 0.225147 0.000000
vt 0.810000 0.168861 0.000000
vt 0.000000 0.168861 0.000000
vt 0.810000 0.112574 0.000000
vt -0.000000 0.112574 0.000000
vt 0.810000 0.056287 0.000000
vt 0.000000 0.056287 0.000000
vt 0.810000 0.000000 0.000000
vt 0.000000 0.000000 0.000000
vt 0.810000 -0.056287 0.000000
vt 0.000000 -0.056287 0.000000
vt 0.810000 -0.112574 0.000000
vt 0.000000 -0.112574 0.000000
vt 0.810000 -0.168861 0.000000
vt 0.000000 -0.168861 0.000000
vt 0.810000 -0.225147 0.000000
vt -0.000000 -0.225147 0.000000
vt 0.810000 -0.281434 0.000000
vt 0.000000 -0.281434 0.000000
vt 0.810000 -0.337721 0.000000
vt -0.000000 -0.337721 0.000000
vt 0.810000 -0.394008 0.000000
vt -0.000000 -0.394008 0.000000
vt 0.810000 -0.450295 0.000000
vt -0.000000 -0.450295 0.000000
vt 0.810000 -0.506582 0.000000
vt -0.000000 -0.506582 0.000000
vt 0.810000 -0.562869 0.000000
vt -0.000000 -0.562869 0.000000
vt -0.810000 0.907135 0.000000
vt -0.000000 0.907135 0.000000
vt -0.810000 0.989602 0.000000
vt -0.000000 0.989602 0.000000
vt -0.810000 -0.989602 0.000000
vt -0.000000 -0.989602 0.000000
vt -0.810000 -0.907135 0.000000
vt 0.000000 -0.907135 0.000000
vt -0.810000 -0.824668 0.000000
vt -0.000000 -0.824668 0.000000
vt -0.810000 -0.742201 0.000000
vt -0.000000 -0.742201 0.000000
vt -0.810000 -0.659734 0.000000
vt 0.000000 -0.659734 0.000000
vt -0.810000 -0.577268 0.000000
vt 0.000000 -0.577268 0.000000
vt -0.810000 -0.494801 0.000000
vt -0.000000 -0.494801 0.000000
vt -0.810000 -0.412334 0.000000
vt -0.000000 -0.412334 0.000000
vt -0.810000 -0.329867 0.000000
vt -0.000000 -0.329867 0.000000
vt -0.810000 -0.247400 0.000000
vt -0.000000 -0.247400 0.000000
vt -0.810000 -0.164934 0.000000
vt -0.000000 -0.164934 0.000000
vt -0.810000 -0.082467 0.000000
vt -0.000000 -0.082467 0.000000
vt -0.810000 0.000000 0.000000
vt -0.000000 0.000000 0.000000
vt -0.810000 0.082467 0.000000
vt -0.000000 0.082467 0.000000
vt -0.810000 0.164934 0.000000
vt -0.000000 0.164934 0.000000
vt -0.810000 0.247400 0.000000
vt -0.000000 0.247400 0.000000
vt -0.810000 0.329867 0.000000
vt -0.000000 0.329867 0.000000
vt -0.810000 0.412334 0.000000
vt -0.000000 0.412334 0.000000
vt -0.810000 0.494801 0.000000
vt -0.000000 0.494801 0.000000
vt -0.810000 0.577268 0.000000
vt -0.000000 0.577268 0.000000
vt -0.810000 0.659734 0.000000
vt -0.000000 0.659734 0.000000
vt -0.810000 0.742201 0.000000
vt -0.000000 0.742201 0.000000
vt -0.810000 0.824668 0.000000
vt -0.000000 0.824668 0.000000
vt -0.207674 -0.055646 0.000000
vt -0.215000 0.000000 0.000000
vt -0.315000 0.000000 0.000000
vt -0.207674 0.055646 0.000000
vt -0.304267 0.081528 0.000000
vt -0.186195 0.107500 0.000000
vt -0.272798 0.157500 0.000000
vt -0.152028 0.152028 0.000000
vt -0.222739 0.222739 0.000000
vt -0.107500 0.186195 0.000000
vt -0.157500 0.272798 0.000000
vt -0.055646 0.207674 0.000000
vt -0.081528 0.304267 0.000000
vt 0.000000 0.215000 0.000000
vt 0.000000 0.315000 0.000000
vt 0.081528 0.304267 0.000000
vt 0.055646 0.207674 0.000000
vt 0.157500 0.272798 0.000000
vt 0.107500 0.186195 0.000000
vt 0.222739 0.222739 0.000000
vt 0.152028 0.152028 0.000000
vt 0.272798 0.157500 0.000000
vt 0.186195 0.107500 0.000000
vt 0.304267 0.081528 0.000000
vt 0.207674 0.055646 0.000000
vt 0.315000 0.000000 0.000000
vt 0.215000 0.000000 0.000000
vt 0.304267 -0.081528 0.000000
vt 0.207674 -0.055646 0.000000
vt 0.186195 -0.107500 0.000000
vt 0.272798 -0.157500 0.000000
vt 0.152028 -0.152028 0.000000
vt 0.222739 -0.222739 0.000000
vt 0.107500 -0.186195 0.000000
vt 0.157500 -0.272798 0.000000
vt 0.055646 -0.207674 0.000000
vt 0.081528 -0.304267 0.000000
vt 0.000000 -0.215000 0.000000
vt 0.000000 -0.315000 0.000000
vt -0.081528 -0.304267 0.000000
vt -0.055646 -0.207674 0.000000
vt -0.157500 -0.272798 0.000000
vt -0.107500 -0.186195 0.000000
vt -0.222739 -0.222739 0.000000
vt -0.152028 -0.152028 0.000000
vt -0.272798 -0.157500 0.000000
vt -0.186195 -0.107500 0.000000
vt -0.304267 -0.081528 0.000000
vt -0.000000 -0.215000 0.000000
vt 0.055646 -0.207674 0.000000
vt -0.055646 -0.207674 0.000000
vt -0.107500 -0.186195 0.000000
vt 0.107500 -0.186195 0.000000
vt -0.152028 -0.152028 0.000000
vt 0.152028 -0.152028 0.000000
vt -0.186195 -0.107500 0.000000
vt 0.186195 -0.107500 0.000000
vt -0.207674 -0.055646 0.000000
vt 0.207674 -0.055646 0.000000
vt -0.215000 0.000000 0.000000
vt 0.215000 0.000000 0.000000
vt -0.207674 0.055646 0.000000
vt 0.207674 0.055646 0.000000
vt -0.186195 0.107500 0.000000
vt 0.186195 0.107500 0.000000
vt -0.152028 0.152028 0.000000
vt 0.152028 0.152028 0.000000
vt -0.107500 0.186195 0.000000
vt 0.107500 0.186195 0.000000
vt -0.055646 0.207674 0.000000
vt 0.055646 0.207674 0.000000
vt -0.000000 0.215000 0.000000
vt -0.000000 -1.015000 0.000000
vt 0.055646 -1.007674 0.000000
vt -0.055646 -1.007674 0.000000
vt -0.107500 -0.986195 0.000000
vt 0.107500 -0.986195 0.000000
vt -0.152028 -0.952028 0.000000
vt 0.152028 -0.952028 0.000000
vt -0.186195 -0.907500 0.000000
vt 0.186195 -0.907500 0.000000
vt -0.207674 -0.855646 0.000000
vt 0.207674 -0.855646 0.000000
vt -0.215000 -0.800000 0.000000
vt 0.215000 -0.800000 0.000000
vt -0.207674 -0.744354 0.000000
vt 0.207674 -0.744354 0.000000
vt -0.186195 -0.692500 0.000000
vt 0.186195 -0.692500 0.000000
vt -0.152028 -0.647972 0.000000
vt 0.152028 -0.647972 0.000000
vt -0.107500 -0.613805 0.000000
vt 0.107500 -0.613805 0.000000
vt -0.055646 -0.592326 0.000000
vt 0.055646 -0.592326 0.000000
vt -0.000000 -0.585000 0.000000
vt 0.810000 -0.619156 0.000000
vt -0.000000 -0.619156 0.000000
vt 0.810000 -0.675442 0.000000
vt 0.000000 -0.675442 0.000000
vt 0.810000 0.675442 0.000000
vt 0.000000 0.675442 0.000000
vt 0.810000 0.619156 0.000000
vt -0.000000 0.619156 0.000000
vt 0.810000 0.562869 0.000000
vt 0.000000 0.562869 0.000000
vt 0.810000 0.506582 0.000000
vt 0.000000 0.506582 0.000000
vt 0.810000 0.450295 0.000000
vt -0.000000 0.450295 0.000000
vt 0.810000 0.394008 0.000000
vt 0.000000 0.394008 0.000000
vt 0.810000 0.337721 0.000000
vt 0.000000 0.337721 0.000000
vt 0.810000 0.281434 0.000000
vt -0.000000 0.281434 0.000000
vt 0.810000 0.225147 0.000000
vt -0.000000 0.225147 0.000000
vt 0.810000 0.168861 0.000000
vt 0.000000 0.168861 0.000000
vt 0.810000 0.112574 0.000000
vt 0.000000 0.112574 0.000000
vt 0.810000 0.056287 0.000000
vt -0.000000 0.056287 0.000000
vt 0.810000 0.000000 0.000000
vt 0.000000 0.000000 0.000000
vt 0.810000 -0.056287 0.000000
vt -0.000000 -0.056287 0.000000
vt 0.810000 -0.112574 0.000000
vt 0.000000 -0.112574 0.000000
vt 0.810000 -0.168861 0.000000
vt 0.000000 -0.168861 0.000000
vt 0.810000 -0.225147 0.000000
vt -0.000000 -0.225147 0.000000
vt 0.810000 -0.281434 0.000000
vt -0.000000 -0.281434 0.000000
vt 0.810000 -0.337721 0.000000
vt -0.000000 -0.337721 0.000000
vt 0.810000 -0.394008 0.000000
vt -0.000000 -0.394008 0.000000
vt 0.810000 -0.450295 0.000000
vt -0.000000 -0.450295 0.000000
vt 0.810000 -0.506582 0.000000
vt -0.000000 -0.506582 0.000000
vt 0.810000 -0.562869 0.000000
vt -0.000000 -0.562869 0.000000
vt -0.810000 0.907135 0.000000
vt -0.000000 0.907135 0.000000
vt -0.810000 0.989602 0.000000
vt -0.000000 0.989602 0.000000
vt -0.810000 -0.989602 0.000000
vt -0.000000 -0.989602 0.000000
vt -0.810000 -0.907135 0.000000
vt 0.000000 -0.907135 0.000000
vt -0.810000 -0.824668 0.000000
vt 0.000000 -0.824668 0.000000
vt -0.810000 -0.742201 0.000000
vt 0.000000 -0.742201 0.000000
vt -0.810000 -0.659734 0.000000
vt 0.000000 -0.659734 0.000000
vt -0.810000 -0.577268 0.000000
vt 0.000000 -0.577268 0.000000
vt -0.810000 -0.494801 0.000000
vt -0.000000 -0.494801 0.000000
vt -0.810000 -0.412334 0.000000
vt -0.000000 -0.412334 0.000000
vt -0.810000 -0.329867 0.000000
vt -0.000000 -0.329867 0.000000
vt -0.810000 -0.247400 0.000000
vt -0.000000 -0.247400 0.000000
vt -0.810000 -0.164934 0.000000
vt -0.000000 -0.164934 0.000000
vt -0.810000 -0.082467 0.000000
vt -0.000000 -0.082467 0.000000
vt -0.810000 0.000000 0.000000
vt -0.000000 0.000000 0.000000
vt -0.810000 0.082467 0.000000
vt -0.000000 0.082467 0.000000
vt -0.810000 0.164934 0.000000
vt -0.000000 0.164934 0.000000
vt -0.810000 0.247400 0.000000
vt -0.000000 0.247400 0.000000
vt -0.810000 0.329867 0.000000
vt -0.000000 0.329867 0.000000
vt -0.810000 0.412334 0.000000
vt -0.000000 0.412334 0.000000
vt -0.810000 0.494801 0.000000
vt -0.000000 0.494801 0.000000
vt -0.810000 0.577268 0.000000
vt -0.000000 0.577268 0.000000
vt -0.810000 0.659734 0.000000
vt -0.000000 0.659734 0.000000
vt -0.810000 0.742201 0.000000
vt -0.000000 0.742201 0.000000
vt -0.810000 0.824668 0.000000
vt -0.000000 0.824668 0.000000
vt -0.207674 -0.055646 0.000000
vt -0.215000 0.000000 0.000000
vt -0.315000 0.000000 0.000000
vt -0.207674 0.055646 0.000000
vt -0.304267 0.081528 0.000000
vt -0.186195 0.107500 0.000000
vt -0.272798 0.157500 0.000000
vt -0.152028 0.152028 0.000000
vt -0.222739 0.222739 0.000000
vt -0.107500 0.186195 0.000000
vt -0.157500 0.272798 0.000000
vt -0.055646 0.207674 0.000000
vt -0.081528 0.304267 0.000000
vt 0.000000 0.215000 0.000000
vt 0.000000 0.315000 0.000000
vt 0.081528 0.304267 0.000000
vt 0.055646 0.207674 0.000000
vt 0.157500 0.272798 0.000000
vt 0.107500 0.186195 0.000000
vt 0.222739 0.222739 0.000000
vt 0.152028 0.152028 0.000000
vt 0.272798 0.157500 0.000000
vt 0.186195 0.107500 0.000000
vt 0.304267 0.081528 0.000000
vt 0.207674 0.055646 0.000000
vt 0.315000 0.000000 0.000000
vt 0.215000 0.000000 0.000000
vt 0.304267 -0.081528 0.000000
vt 0.207674 -0.055646 0.000000
vt 0.186195 -0.107500 0.000000
vt 0.272798 -0.157500 0.000000
vt 0.152028 -0.152028 0.000000
vt 0.222739 -0.222739 0.000000
vt 0.107500 -0.186195 0.000000
vt 0.157500 -0.272798 0.000000
vt 0.055646 -0.207674 0.000000
vt 0.081528 -0.304267 0.000000
vt 0.000000 -0.215000 0.000000
vt 0.000000 -0.315000 0.000000
vt -0.081528 -0.304267 0.000000
vt -0.055646 -0.207674 0.000000
vt -0.157500 -0.272798 0.000000
vt -0.107500 -0.186195 0.000000
vt -0.222739 -0.222739 0.000000
vt -0.152028 -0.152028 0.000000
vt -0.272798 -0.157500 0.000000
vt -0.186195 -0.107500 0.000000
vt -0.304267 -0.081528 0.000000
vt -0.000000 0.585000 0.000000
vt 0.055646 0.592326 0.000000
vt -0.055646 0.592326 0.000000
vt -0.107500 0.613805 0.000000
vt 0.107500 0.613805 0.000000
vt -0.152028 0.647972 0.000000
vt 0.152028 0.647972 0.000000
vt -0.186195 0.692500 0.000000
vt 0.186195 0.692500 0.000000
vt -0.207674 0.744354 0.000000
vt 0.207674 0.744354 0.000000
vt -0.215000 0.800000 0.000000
vt 0.215000 0.800000 0.000000
vt -0.207674 0.855646 0.000000
vt 0.207674 0.855646 0.000000
vt -0.186195 0.907500 0.000000
vt 0.186195 0.907500 0.000000
vt -0.152028 0.952028 0.000000
vt 0.152028 0.952028 0.000000
vt -0.107500 0.986195 0.000000
vt 0.107500 0.986195 0.000000
vt -0.055646 1.007674 0.000000
vt 0.055646 1.007674 0.000000
vt -0.000000 1.015000 0.000000
vt 0.021000 -0.290859 0.000000
vt -0.149000 -0.290859 0.000000
vt 0.021000 -0.317301 0.000000
vt -0.149000 -0.317301 0.000000
vt 0.021000 0.317301 0.000000
vt -0.149000 0.317301 0.000000
vt 0.021000 0.290859 0.000000
vt -0.149000 0.290859 0.000000
vt 0.021000 0.264417 0.000000
vt -0.149000 0.264417 0.000000
vt 0.021000 0.237976 0.000000
vt -0.149000 0.237976 0.000000
vt 0.021000 0.211534 0.000000
vt -0.149000 0.211534 0.000000
vt 0.021000 0.185092 0.000000
vt -0.149000 0.185092 0.000000
vt 0.021000 0.158650 0.000000
vt -0.149000 0.158650 0.000000
vt 0.021000 0.132209 0.000000
vt -0.149000 0.132209 0.000000
vt 0.021000 0.105767 0.000000
vt -0.149000 0.105767 0.000000
vt 0.021000 0.079325 0.000000
vt -0.149000 0.079325 0.000000
vt 0.021000 0.052883 0.000000
vt -0.149000 0.052883 0.000000
vt 0.021000 0.026442 0.000000
vt -0.149000 0.026442 0.000000
vt 0.021000 0.000000 0.000000
vt -0.149000 0.000000 0.000000
vt 0.021000 -0.026442 0.000000
vt -0.149000 -0.026442 0.000000
vt 0.021000 -0.052883 0.000000
vt -0.149000 -0.052883 0.000000
vt 0.021000 -0.079325 0.000000
vt -0.149000 -0.079325 0.000000
vt 0.021000 -0.105767 0.000000
vt -0.149000 -0.105767 0.000000
vt 0.021000 -0.132209 0.000000
vt -0.149000 -0.132209 0.000000
vt 0.021000 -0.158650 0.000000
vt -0.149000 -0.158650 0.000000
vt 0.021000 -0.185092 0.000000
vt -0.149000 -0.185092 0.000000
vt 0.021000 -0.211534 0.000000
vt -0.149000 -0.211534 0.000000
vt 0.021000 -0.237976 0.000000
vt -0.149000 -0.237976 0.000000
vt 0.021000 -0.264417 0.000000
vt -0.149000 -0.264417 0.000000
vt 0.097559 0.026141 0.000000
vt -0.097559 0.026141 0.000000
vt 0.101000 0.000000 0.000000
vt -0.101000 0.000000 0.000000
vt 0.097559 -0.026141 0.000000
vt -0.097559 -0.026141 0.000000
vt 0.087469 -0.050500 0.000000
vt -0.087469 -0.050500 0.000000
vt 0.071418 -0.071418 0.000000
vt -0.071418 -0.071418 0.000000
vt 0.050500 -0.087469 0.000000
vt -0.050500 -0.087469 0.000000
vt 0.026141 -0.097559 0.000000
vt -0.026141 -0.097559 0.000000
vt -0.000000 -0.101000 0.000000
vt -0.087469 0.050500 0.000000
vt 0.087469 0.050500 0.000000
vt -0.071418 0.071418 0.000000
vt 0.071418 0.071418 0.000000
vt -0.050500 0.087469 0.000000
vt 0.050500 0.087469 0.000000
vt -0.026141 0.097559 0.000000
vt 0.026141 0.097559 0.000000
vt -0.000000 0.101000 0.000000
vt 0.021000 -0.290859 0.000000
vt -0.149000 -0.290859 0.000000
vt 0.021000 -0.317301 0.000000
vt -0.149000 -0.317301 0.000000
vt 0.021000 0.317301 0.000000
vt -0.149000 0.317301 0.000000
vt 0.021000 0.290859 0.000000
vt -0.149000 0.290859 0.000000
vt 0.021000 0.264417 0.000000
vt -0.149000 0.264417 0.000000
vt 0.021000 0.237976 0.000000
vt -0.149000 0.237976 0.000000
vt 0.021000 0.211534 0.000000
vt -0.149000 0.211534 0.000000
vt 0.021000 0.185092 0.000000
vt -0.149000 0.185092 0.000000
vt 0.021000 0.158650 0.000000
vt -0.149000 0.158650 0.000000
vt 0.021000 0.132209 0.000000
vt -0.149000 0.132209 0.000000
vt 0.021000 0.105767 0.000000
vt -0.149000 0.105767 0.000000
vt 0.021000 0.079325 0.000000
vt -0.149000 0.079325 0.000000
vt 0.021000 0.052883 0.000000
vt -0.149000 0.052883 0.000000
vt 0.021000 0.026442 0.000000
vt -0.149000 0.026442 0.000000
vt 0.021000 0.000000 0.000000
vt -0.149000 0.000000 0.000000
vt 0.021000 -0.026442 0.000000
vt -0.149000 -0.026442 0.000000
vt 0.021000 -0.052883 0.000000
vt -0.149000 -0.052883 0.000000
vt 0.021000 -0.079325 0.000000
vt -0.149000 -0.079325 0.000000
vt 0.021000 -0.105767 0.000000
vt -0.149000 -0.105767 0.000000
vt 0.021000 -0.132209 0.000000
vt -0.149000 -0.132209 0.000000
vt 0.021000 -0.158650 0.000000
vt -0.149000 -0.158650 0.000000
vt 0.021000 -0.185092 0.000000
vt -0.149000 -0.185092 0.000000
vt 0.021000 -0.211534 0.000000
vt -0.149000 -0.211534 0.000000
vt 0.021000 -0.237976 0.000000
vt -0.149000 -0.237976 0.000000
vt 0.021000 -0.264417 0.000000
vt -0.149000 -0.264417 0.000000
vt 0.097559 0.026141 0.000000
vt -0.097559 0.026141 0.000000
vt 0.101000 0.000000 0.000000
vt -0.101000 0.000000 0.000000
vt 0.097559 -0.026141 0.000000
vt -0.097559 -0.026141 0.000000
vt 0.087469 -0.050500 0.000000
vt -0.087469 -0.050500 0.000000
vt 0.071418 -0.071418 0.000000
vt -0.071418 -0.071418 0.000000
vt 0.050500 -0.087469 0.000000
vt -0.050500 -0.087469 0.000000
vt 0.026141 -0.097559 0.000000
vt -0.026141 -0.097559 0.000000
vt -0.000000 -0.101000 0.000000
vt -0.087469 0.050500 0.000000
vt 0.087469 0.050500 0.000000
vt -0.071418 0.071418 0.000000
vt 0.071418 0.071418 0.000000
vt -0.050500 0.087469 0.000000
vt 0.050500 0.087469 0.000000
vt -0.026141 0.097559 0.000000
vt 0.026141 0.097559 0.000000
vt -0.000000 0.101000 0.000000
vt 0.021000 -0.290859 0.000000
vt -0.149000 -0.290859 0.000000
vt 0.021000 -0.317301 0.000000
vt -0.149000 -0.317301 0.000000
vt 0.021000 0.317301 0.000000
vt -0.149000 0.317301 0.000000
vt 0.021000 0.290859 0.000000
vt -0.149000 0.290859 0.000000
vt 0.021000 0.264417 0.000000
vt -0.149000 0.264417 0.000000
vt 0.021000 0.237976 0.000000
vt -0.149000 0.237976 0.000000
vt 0.021000 0.211534 0.000000
vt -0.149000 0.211534 0.000000
vt 0.021000 0.185092 0.000000
vt -0.149000 0.185092 0.000000
vt 0.021000 0.158650 0.000000
vt -0.149000 0.158650 0.000000
vt 0.021000 0.132209 0.000000
vt -0.149000 0.132209 0.000000
vt 0.021000 0.105767 0.000000
vt -0.149000 0.105767 0.000000
vt 0.021000 0.079325 0.000000
vt -0.149000 0.079325 0.000000
vt 0.021000 0.052883 0.000000
vt -0.149000 0.052883 0.000000
vt 0.021000 0.026442 0.000000
vt -0.149000 0.026442 0.000000
vt 0.021000 0.000000 0.000000
vt -0.149000 0.000000 0.000000
vt 0.021000 -0.026442 0.000000
vt -0.149000 -0.026442 0.000000
vt 0.021000 -0.052883 0.000000
vt -0.149000 -0.052883 0.000000
vt 0.021000 -0.079325 0.000000
vt -0.149000 -0.079325 0.000000
vt 0.021000 -0.105767 0.000000
vt -0.149000 -0.105767 0.000000
vt 0.021000 -0.132209 0.000000
vt -0.149000 -0.132209 0.000000
vt 0.021000 -0.158650 0.000000
vt -0.149000 -0.158650 0.000000
vt 0.021000 -0.185092 0.000000
vt -0.149000 -0.185092 0.000000
vt 0.021000 -0.211534 0.000000
vt -0.149000 -0.211534 0.000000
vt 0.021000 -0.237976 0.000000
vt -0.149000 -0.237976 0.000000
vt 0.021000 -0.264417 0.000000
vt -0.149000 -0.264417 0.000000
vt 0.097559 0.026141 0.000000
vt -0.097559 0.026141 0.000000
vt 0.101000 0.000000 0.000000
vt -0.101000 0.000000 0.000000
vt 0.097559 -0.026141 0.000000
vt -0.097559 -0.026141 0.000000
vt 0.087469 -0.050500 0.000000
vt -0.087469 -0.050500 0.000000
vt 0.071418 -0.071418 0.000000
vt -0.071418 -0.071418 0.000000
vt 0.050500 -0.087469 0.000000
vt -0.050500 -0.087469 0.000000
vt 0.026141 -0.097559 0.000000
vt -0.026141 -0.097559 0.000000
vt -0.000000 -0.101000 0.000000
vt -0.087469 0.050500 0.000000
vt 0.087469 0.050500 0.000000
vt -0.071418 0.071418 0.000000
vt 0.071418 0.071418 0.000000
vt -0.050500 0.087469 0.000000
vt 0.050500 0.087469 0.000000
vt -0.026141 0.097559 0.000000
vt 0.026141 0.097559 0.000000
vt -0.000000 0.101000 0.000000
vt 0.021000 -0.290859 0.000000
vt -0.149000 -0.290859 0.000000
vt 0.021000 -0.317301 0.000000
vt -0.149000 -0.317301 0.000000
vt 0.021000 0.317301 0.000000
vt -0.149000 0.317301 0.000000
vt 0.021000 0.290859 0.000000
vt -0.149000 0.290859 0.000000
vt 0.021000 0.264417 0.000000
vt -0.149000 0.264417 0.000000
vt 0.021000 0.237976 0.000000
vt -0.149000 0.237976 0.000000
vt 0.021000 0.211534 0.000000
vt -0.149000 0.211534 0.000000
vt 0.021000 0.185092 0.000000
vt -0.149000 0.185092 0.000000
vt 0.021000 0.158650 0.000000
vt -0.149000 0.158650 0.000000
vt 0.021000 0.132209 0.000000
vt -0.149000 0.132209 0.000000
vt 0.021000 0.105767 0.000000
vt -0.149000 0.105767 0.000000
vt 0.021000 0.079325 0.000000
vt -0.149000 0.079325 0.000000
vt 0.021000 0.052883 0.000000
vt -0.149000 0.052883 0.000000
vt 0.021000 0.026442 0.000000
vt -0.149000 0.026442 0.000000
vt 0.021000 0.000000 0.000000
vt -0.149000 0.000000 0.000000
vt 0.021000 -0.026442 0.000000
vt -0.149000 -0.026442 0.000000
vt 0.021000 -0.052883 0.000000
vt -0.149000 -0.052883 0.000000
vt 0.021000 -0.079325 0.000000
vt -0.149000 -0.079325 0.000000
vt 0.021000 -0.105767 0.000000
vt -0.149000 -0.105767 0.000000
vt 0.021000 -0.132209 0.000000
vt -0.149000 -0.132209 0.000000
vt 0.021000 -0.158650 0.000000
vt -0.149000 -0.158650 0.000000
vt 0.021000 -0.185092 0.000000
vt -0.149000 -0.185092 0.000000
vt 0.021000 -0.211534 0.000000
vt -0.149000 -0.211534 0.000000
vt 0.021000 -0.237976 0.000000
vt -0.149000 -0.237976 0.000000
vt 0.021000 -0.264417 0.000000
vt -0.149000 -0.264417 0.000000
vt 0.097559 0.026141 0.000000
vt -0.097559 0.026141 0.000000
vt 0.101000 0.000000 0.000000
vt -0.101000 0.000000 0.000000
vt 0.097559 -0.026141 0.000000
vt -0.097559 -0.026141 0.000000
vt 0.087469 -0.050500 0.000000
vt -0.087469 -0.050500 0.000000
vt 0.071418 -0.071418 0.000000
vt -0.071418 -0.071418 0.000000
vt 0.050500 -0.087469 0.000000
vt -0.050500 -0.087469 0.000000
vt 0.026141 -0.097559 0.000000
vt -0.026141 -0.097559 0.000000
vt -0.000000 -0.101000 0.000000
vt -0.087469 0.050500 0.000000
vt 0.087469 0.050500 0.000000
vt -0.071418 0.071418 0.000000
vt 0.071418 0.071418 0.000000
vt -0.050500 0.087469 0.000000
vt 0.050500 0.087469 0.000000
vt -0.026141 0.097559 0.000000
vt 0.026141 0.097559 0.000000
vt -0.000000 0.101000 0.000000
vt 0.021000 -0.290859 0.000000
vt -0.149000 -0.290859 0.000000
vt 0.021000 -0.317301 0.000000
vt -0.149000 -0.317301 0.000000
vt 0.021000 0.317301 0.000000
vt -0.149000 0.317301 0.000000
vt 0.021000 0.290859 0.000000
vt -0.149000 0.290859 0.000000
vt 0.021000 0.264417 0.000000
vt -0.149000 0.264417 0.000000
vt 0.021000 0.237976 0.000000
vt -0.149000 0.237976 0.000000
vt 0.021000 0.211534 0.000000
vt -0.149000 0.211534 0.000000
vt 0.021000 0.185092 0.000000
vt -0.149000 0.185092 0.000000
vt 0.021000 0.158650 0.000000
vt -0.149000 0.158650 0.000000
vt 0.021000 0.132209 0.000000
vt -0.149000 0.132209 0.000000
vt 0.021000 0.105767 0.000000
vt -0.149000 0.105767 0.000000
vt 0.021000 0.079325 0.000000
vt -0.149000 0.079325 0.000000
vt 0.021000 0.052883 0.000000
vt -0.149000 0.052883 0.000000
vt 0.021000 0.026442 0.000000
vt -0.149000 0.026442 0.000000
vt 0.021000 0.000000 0.000000
vt -0.149000 0.000000 0.000000
vt 0.021000 -0.026442 0.000000
vt -0.149000 -0.026442 0.000000
vt 0.021000 -0.052883 0.000000
vt -0.149000 -0.052883 0.000000
vt 0.021000 -0.079325 0.000000
vt -0.149000 -0.079325 0.000000
vt 0.021000 -0.105767 0.000000
vt -0.149000 -0.105767 0.000000
vt 0.021000 -0.132209 0.000000
vt -0.149000 -0.132209 0.000000
vt 0.021000 -0.158650 0.000000
vt -0.149000 -0.158650 0.000000
vt 0.021000 -0.185092 0.000000
vt -0.149000 -0.185092 0.000000
vt 0.021000 -0.211534 0.000000
vt -0.149000 -0.211534 0.000000
vt 0.021000 -0.237976 0.000000
vt -0.149000 -0.237976 0.000000
vt 0.021000 -0.264417 0.000000
vt -0.149000 -0.264417 0.000000
vt 0.097559 0.026141 0.000000
vt -0.097559 0.026141 0.000000
vt 0.101000 0.000000 0.000000
vt -0.101000 0.000000 0.000000
vt 0.097559 -0.026141 0.000000
vt -0.097559 -0.026141 0.000000
vt 0.087469 -0.050500 0.000000
vt -0.087469 -0.050500 0.000000
vt 0.071418 -0.071418 0.000000
vt -0.071418 -0.071418 0.000000
vt 0.050500 -0.087469 0.000000
vt -0.050500 -0.087469 0.000000
vt 0.026141 -0.097559 0.000000
vt -0.026141 -0.097559 0.000000
vt -0.000000 -0.101000 0.000000
vt -0.087469 0.050500 0.000000
vt 0.087469 0.050500 0.000000
vt -0.071418 0.071418 0.000000
vt 0.071418 0.071418 0.000000
vt -0.050500 0.087469 0.000000
vt 0.050500 0.087469 0.000000
vt -0.026141 0.097559 0.000000
vt 0.026141 0.097559 0.000000
vt -0.000000 0.101000 0.000000
vt 0.021000 -0.290859 0.000000
vt -0.149000 -0.290859 0.000000
vt 0.021000 -0.317301 0.000000
vt -0.149000 -0.317301 0.000000
vt 0.021000 0.317301 0.000000
vt -0.149000 0.317301 0.000000
vt 0.021000 0.290859 0.000000
vt -0.149000 0.290859 0.000000
vt 0.021000 0.264417 0.000000
vt -0.149000 0.264417 0.000000
vt 0.021000 0.237976 0.000000
vt -0.149000 0.237976 0.000000
vt 0.021000 0.211534 0.000000
vt -0.149000 0.211534 0.000000
vt 0.021000 0.185092 0.000000
vt -0.149000 0.185092 0.000000
vt 0.021000 0.158650 0.000000
vt -0.149000 0.158650 0.000000
vt 0.021000 0.132209 0.000000
vt -0.149000 0.132209 0.000000
vt 0.021000 0.105767 0.000000
vt -0.149000 0.105767 0.000000
vt 0.021000 0.079325 0.000000
vt -0.149000 0.079325 0.000000
vt 0.021000 0.052883 0.000000
vt -0.149000 0.052883 0.000000
vt 0.021000 0.026442 0.000000
vt -0.149000 0.026442 0.000000
vt 0.021000 0.000000 0.000000
vt -0.149000 0.000000 0.000000
vt 0.021000 -0.026442 0.000000
vt -0.149000 -0.026442 0.000000
vt 0.021000 -0.052883 0.000000
vt -0.149000 -0.052883 0.000000
vt 0.021000 -0.079325 0.000000
vt -0.149000 -0.079325 0.000000
vt 0.021000 -0.105767 0.000000
vt -0.149000 -0.105767 0.000000
vt 0.021000 -0.132209 0.000000
vt -0.149000 -0.132209 0.000000
vt 0.021000 -0.158650 0.000000
vt -0.149000 -0.158650 0.000000
vt 0.021000 -0.185092 0.000000
vt -0.149000 -0.185092 0.000000
vt 0.021000 -0.211534 0.000000
vt -0.149000 -0.211534 0.000000
vt 0.021000 -0.237976 0.000000
vt -0.149000 -0.237976 0.000000
vt 0.021000 -0.264417 0.000000
vt -0.149000 -0.264417 0.000000
vt 0.097559 0.026141 0.000000
vt -0.097559 0.026141 0.000000
vt 0.101000 0.000000 0.000000
vt -0.101000 0.000000 0.000000
vt 0.097559 -0.026141 0.000000
vt -0.097559 -0.026141 0.000000
vt 0.087469 -0.050500 0.000000
vt -0.087469 -0.050500 0.000000
vt 0.071418 -0.071418 0.000000
vt -0.071418 -0.071418 0.000000
vt 0.050500 -0.087469 0.000000
vt -0.050500 -0.087469 0.000000
vt 0.026141 -0.097559 0.000000
vt -0.026141 -0.097559 0.000000
vt -0.000000 -0.101000 0.000000
vt -0.087469 0.050500 0.000000
vt 0.087469 0.050500 0.000000
vt -0.071418 0.071418 0.000000
vt 0.071418 0.071418 0.000000
vt -0.050500 0.087469 0.000000
vt 0.050500 0.087469 0.000000
vt -0.026141 0.097559 0.000000
vt 0.026141 0.097559 0.000000
vt -0.000000 0.101000 0.000000
vt 0.021000 -0.290859 0.000000
vt -0.149000 -0.290859 0.000000
vt 0.021000 -0.317301 0.000000
vt -0.149000 -0.317301 0.000000
vt 0.021000 0.317301 0.000000
vt -0.149000 0.317301 0.000000
vt 0.021000 0.290859 0.000000
vt -0.149000 0.290859 0.000000
vt 0.021000 0.264417 0.000000
vt -0.149000 0.264417 0.000000
vt 0.021000 0.237976 0.000000
vt -0.149000 0.237976 0.000000
vt 0.021000 0.211534 0.000000
vt -0.149000 0.211534 0.000000
vt 0.021000 0.185092 0.000000
vt -0.149000 0.185092 0.000000
vt 0.021000 0.158650 0.000000
vt -0.149000 0.158650 0.000000
vt 0.021000 0.132209 0.000000
vt -0.149000 0.132209 0.000000
vt 0.021000 0.105767 0.000000
vt -0.149000 0.105767 0.000000
vt 0.021000 0.079325 0.000000
vt -0.149000 0.079325 0.000000
vt 0.021000 0.052883 0.000000
vt -0.149000 0.052883 0.000000
vt 0.021000 0.026442 0.000000
vt -0.149000 0.026442 0.000000
vt 0.021000 0.000000 0.000000
vt -0.149000 0.000000 0.000000
vt 0.021000 -0.026442 0.000000
vt -0.149000 -0.026442 0.000000
vt 0.021000 -0.052883 0.000000
vt -0.149000 -0.052883 0.000000
vt 0.021000 -0.079325 0.000000
vt -0.149000 -0.079325 0.000000
vt 0.021000 -0.105767 0.000000
vt -0.149000 -0.105767 0.000000
vt 0.021000 -0.132209 0.000000
vt -0.149000 -0.132209 0.000000
vt 0.021000 -0.158650 0.000000
vt -0.149000 -0.158650 0.000000
vt 0.021000 -0.185092 0.000000
vt -0.149000 -0.185092 0.000000
vt 0.021000 -0.211534 0.000000
vt -0.149000 -0.211534 0.000000
vt 0.021000 -0.237976 0.000000
vt -0.149000 -0.237976 0.000000
vt 0.021000 -0.264417 0.000000
vt -0.149000 -0.264417 0.000000
vt 0.097559 0.026141 0.000000
vt -0.097559 0.026141 0.000000
vt 0.101000 0.000000 0.000000
vt -0.101000 0.000000 0.000000
vt 0.097559 -0.026141 0.000000
vt -0.097559 -0.026141 0.000000
vt 0.087469 -0.050500 0.000000
vt -0.087469 -0.050500 0.000000
vt 0.071418 -0.071418 0.000000
vt -0.071418 -0.071418 0.000000
vt 0.050500 -0.087469 0.000000
vt -0.050500 -0.087469 0.000000
vt 0.026141 -0.097559 0.000000
vt -0.026141 -0.097559 0.000000
vt -0.000000 -0.101000 0.000000
vt -0.087469 0.050500 0.000000
vt 0.087469 0.050500 0.000000
vt -0.071418 0.071418 0.000000
vt 0.071418 0.071418 0.000000
vt -0.050500 0.087469 0.000000
vt 0.050500 0.087469 0.000000
vt -0.026141 0.097559 0.000000
vt 0.026141 0.097559 0.000000
vt -0.000000 0.101000 0.000000
vt 0.021000 -0.290859 0.000000
vt -0.149000 -0.290859 0.000000
vt 0.021000 -0.317301 0.000000
vt -0.149000 -0.317301 0.000000
vt 0.021000 0.317301 0.000000
vt -0.149000 0.317301 0.000000
vt 0.021000 0.290859 0.000000
vt -0.149000 0.290859 0.000000
vt 0.021000 0.264417 0.000000
vt -0.149000 0.264417 0.000000
vt 0.021000 0.237976 0.000000
vt -0.149000 0.237976 0.000000
vt 0.021000 0.211534 0.000000
vt -0.149000 0.211534 0.000000
vt 0.021000 0.185092 0.000000
vt -0.149000 0.185092 0.000000
vt 0.021000 0.158650 0.000000
vt -0.149000 0.158650 0.000000
vt 0.021000 0.132209 0.000000
vt -0.149000 0.132209 0.000000
vt 0.021000 0.105767 0.000000
vt -0.149000 0.105767 0.000000
vt 0.021000 0.079325 0.000000
vt -0.149000 0.079325 0.000000
vt 0.021000 0.052883 0.000000
vt -0.149000 0.052883 0.000000
vt 0.021000 0.026442 0.000000
vt -0.149000 0.026442 0.000000
vt 0.021000 0.000000 0.000000
vt -0.149000 0.000000 0.000000
vt 0.021000 -0.026442 0.000000
vt -0.149000 -0.026442 0.000000
vt 0.021000 -0.052883 0.000000
vt -0.149000 -0.052883 0.000000
vt 0.021000 -0.079325 0.000000
vt -0.149000 -0.079325 0.000000
vt 0.021000 -0.105767 0.000000
vt -0.149000 -0.105767 0.000000
vt 0.021000 -0.132209 0.000000
vt -0.149000 -0.132209 0.000000
vt 0.021000 -0.158650 0.000000
vt -0.149000 -0.158650 0.000000
vt 0.021000 -0.185092 0.000000
vt -0.149000 -0.185092 0.000000
vt 0.021000 -0.211534 0.000000
vt -0.149000 -0.211534 0.000000
vt 0.021000 -0.237976 0.000000
vt -0.149000 -0.237976 0.000000
vt 0.021000 -0.264417 0.000000
vt -0.149000 -0.264417 0.000000
vt 0.097559 0.026141 0.000000
vt -0.097559 0.026141 0.000000
vt 0.101000 0.000000 0.000000
vt -0.101000 0.000000 0.000000
vt 0.097559 -0.026141 0.000000
vt -0.097559 -0.026141 0.000000
vt 0.087469 -0.050500 0.000000
vt -0.087469 -0.050500 0.000000
vt 0.071418 -0.071418 0.000000
vt -0.071418 -0.071418 0.000000
vt 0.050500 -0.087469 0.000000
vt -0.050500 -0.087469 0.000000
vt 0.026141 -0.097559 0.000000
vt -0.026141 -0.097559 0.000000
vt -0.000000 -0.101000 0.000000
vt -0.087469 0.050500 0.000000
vt 0.087469 0.050500 0.000000
vt -0.071418 0.071418 0.000000
vt 0.071418 0.071418 0.000000
vt -0.050500 0.087469 0.000000
vt 0.050500 0.087469 0.000000
vt -0.026141 0.097559 0.000000
vt 0.026141 0.097559 0.000000
vt -0.000000 0.101000 0.000000
vt -3.031000 0.000000 0.000000
vt -0.149000 0.000000 0.000000
vt -3.031000 0.811000 0.000000
vt -0.149000 0.811000 0.000000
vt -1.431000 0.000000 0.000000
vt -0.149000 0.000000 0.000000
vt -1.431000 0.811000 0.000000
vt -0.149000 0.811000 0.000000
vt -3.031000 0.000000 0.000000
vt -0.149000 0.000000 0.000000
vt -3.031000 0.811000 0.000000
vt -0.149000 0.811000 0.000000
vt -1.431000 0.000000 0.000000
vt -0.149000 0.000000 0.000000
vt -1.431000 0.811000 0.000000
vt -0.149000 0.811000 0.000000
vt -0.081528 0.495733 0.000000
vt -0.000000 0.315000 0.000000
vt -0.000000 0.485000 0.000000
vt 0.081528 0.304267 0.000000
vt 0.081528 0.495733 0.000000
vt 0.157500 0.272798 0.000000
vt 0.157500 0.527202 0.000000
vt 0.222739 0.577261 0.000000
vt 0.222739 0.222739 0.000000
vt 0.299000 0.400000 0.000000
vt 0.302441 0.373859 0.000000
vt 0.312531 0.349500 0.000000
vt 0.272798 0.157500 0.000000
vt 0.328582 0.328582 0.000000
vt 0.349500 0.312531 0.000000
vt 0.304267 0.081528 0.000000
vt 0.373859 0.302441 0.000000
vt 0.400000 0.299000 0.000000
vt 0.315000 0.000000 0.000000
vt 0.426141 0.302441 0.000000
vt 0.426141 -0.302441 0.000000
vt 0.450500 -0.312531 0.000000
vt -0.081528 0.304267 0.000000
vt -0.157500 0.527202 0.000000
vt -0.157500 0.272798 0.000000
vt -0.222739 0.577261 0.000000
vt -0.222739 0.222739 0.000000
vt -0.299000 0.400000 0.000000
vt -0.302441 0.373859 0.000000
vt -0.272798 0.642500 0.000000
vt -0.312531 0.450500 0.000000
vt -0.302441 0.426141 0.000000
vt -0.304267 0.718472 0.000000
vt -0.349500 0.487469 0.000000
vt -0.328582 0.471418 0.000000
vt -0.315000 0.800000 0.000000
vt -0.400000 0.501000 0.000000
vt -0.373859 0.497559 0.000000
vt -0.304267 0.881528 0.000000
vt -0.400000 1.099000 0.000000
vt -0.426141 1.102441 0.000000
vt -0.426141 0.497559 0.000000
vt -0.450500 0.487469 0.000000
vt -0.450500 1.112531 0.000000
vt -0.471418 0.471418 0.000000
vt -0.471418 1.128582 0.000000
vt -0.487469 0.450500 0.000000
vt -0.487469 1.149500 0.000000
vt -0.497559 0.426141 0.000000
vt -0.497559 1.173859 0.000000
vt -0.641000 1.441000 0.000000
vt -0.501000 1.200000 0.000000
vt -0.497559 1.226141 0.000000
vt -0.272798 0.957500 0.000000
vt -0.349500 1.112531 0.000000
vt -0.373859 1.102441 0.000000
vt -0.222739 1.022739 0.000000
vt -0.312531 1.149500 0.000000
vt -0.328582 1.128582 0.000000
vt -0.157500 1.072798 0.000000
vt -0.299000 1.200000 0.000000
vt -0.302441 1.173859 0.000000
vt -0.302441 1.226141 0.000000
vt -0.081528 1.104267 0.000000
vt -0.312531 1.250500 0.000000
vt -0.000000 1.115000 0.000000
vt -0.328582 1.271418 0.000000
vt 0.328582 1.271418 0.000000
vt -0.349500 1.287469 0.000000
vt 0.349500 1.287469 0.000000
vt -0.373859 1.297559 0.000000
vt 0.373859 1.297559 0.000000
vt 0.641000 1.441000 0.000000
vt 0.400000 1.301000 0.000000
vt 0.426141 1.297559 0.000000
vt 0.312531 1.250500 0.000000
vt 0.081528 1.104267 0.000000
vt 0.302441 1.226141 0.000000
vt 0.157500 1.072798 0.000000
vt 0.299000 1.200000 0.000000
vt 0.222739 1.022739 0.000000
vt 0.302441 1.173859 0.000000
vt 0.312531 1.149500 0.000000
vt 0.272798 0.957500 0.000000
vt 0.328582 1.128582 0.000000
vt 0.349500 1.112531 0.000000
vt 0.304267 0.881528 0.000000
vt 0.373859 1.102441 0.000000
vt 0.400000 1.099000 0.000000
vt 0.315000 0.800000 0.000000
vt 0.426141 1.102441 0.000000
vt 0.426141 0.497559 0.000000
vt 0.450500 0.487469 0.000000
vt 0.400000 0.501000 0.000000
vt 0.304267 0.718472 0.000000
vt 0.373859 0.497559 0.000000
vt 0.349500 0.487469 0.000000
vt 0.272798 0.642500 0.000000
vt 0.328582 0.471418 0.000000
vt 0.312531 0.450500 0.000000
vt 0.302441 0.426141 0.000000
vt 0.641000 -1.441000 0.000000
vt -0.373859 -1.297559 0.000000
vt -0.641000 -1.441000 0.000000
vt -0.400000 -1.301000 0.000000
vt -0.426141 -1.297559 0.000000
vt 0.501000 0.400000 0.000000
vt 0.501000 -0.400000 0.000000
vt 0.497559 -0.426141 0.000000
vt -0.501000 0.400000 0.000000
vt -0.501000 -0.400000 0.000000
vt -0.497559 -0.426141 0.000000
vt -0.497559 -1.173859 0.000000
vt -0.487469 -1.149500 0.000000
vt 0.426141 -1.102441 0.000000
vt 0.315000 -0.800000 0.000000
vt 0.400000 -1.099000 0.000000
vt 0.304267 -0.881528 0.000000
vt 0.373859 -1.102441 0.000000
vt 0.349500 -1.112531 0.000000
vt 0.272798 -0.957500 0.000000
vt 0.328582 -1.128582 0.000000
vt 0.312531 -1.149500 0.000000
vt 0.222739 -1.022739 0.000000
vt 0.302441 -1.173859 0.000000
vt 0.299000 -1.200000 0.000000
vt 0.157500 -1.072798 0.000000
vt 0.302441 -1.226141 0.000000
vt 0.081528 -1.104267 0.000000
vt 0.312531 -1.250500 0.000000
vt -0.000000 -1.115000 0.000000
vt 0.328582 -1.271418 0.000000
vt -0.328582 -1.271418 0.000000
vt 0.349500 -1.287469 0.000000
vt -0.349500 -1.287469 0.000000
vt 0.373859 -1.297559 0.000000
vt 0.426141 -0.497559 0.000000
vt 0.450500 -1.112531 0.000000
vt 0.450500 -0.487469 0.000000
vt 0.471418 -1.128582 0.000000
vt 0.471418 -0.471418 0.000000
vt 0.487469 -1.149500 0.000000
vt 0.487469 -0.450500 0.000000
vt 0.497559 -1.173859 0.000000
vt 0.501000 -1.200000 0.000000
vt 0.497559 -1.226141 0.000000
vt 0.487469 -1.250500 0.000000
vt 0.471418 -1.271418 0.000000
vt 0.450500 -1.287469 0.000000
vt 0.426141 -1.297559 0.000000
vt 0.400000 -1.301000 0.000000
vt -0.373859 -1.102441 0.000000
vt -0.304267 -0.881528 0.000000
vt -0.400000 -1.099000 0.000000
vt -0.315000 -0.800000 0.000000
vt -0.426141 -1.102441 0.000000
vt -0.426141 -0.497559 0.000000
vt -0.450500 -1.112531 0.000000
vt -0.450500 -0.487469 0.000000
vt -0.471418 -1.128582 0.000000
vt -0.471418 -0.471418 0.000000
vt -0.487469 -0.450500 0.000000
vt -0.349500 -1.112531 0.000000
vt -0.272798 -0.957500 0.000000
vt -0.328582 -1.128582 0.000000
vt -0.312531 -1.149500 0.000000
vt -0.222739 -1.022739 0.000000
vt -0.302441 -1.173859 0.000000
vt -0.299000 -1.200000 0.000000
vt -0.157500 -1.072798 0.000000
vt -0.302441 -1.226141 0.000000
vt -0.081528 -1.104267 0.000000
vt -0.312531 -1.250500 0.000000
vt -0.450500 -1.287469 0.000000
vt -0.471418 -1.271418 0.000000
vt -0.487469 -1.250500 0.000000
vt -0.497559 -1.226141 0.000000
vt -0.501000 -1.200000 0.000000
vt 0.400000 -0.299000 0.000000
vt 0.304267 -0.081528 0.000000
vt 0.373859 -0.302441 0.000000
vt 0.349500 -0.312531 0.000000
vt 0.272798 -0.157500 0.000000
vt 0.328582 -0.328582 0.000000
vt 0.312531 -0.349500 0.000000
vt 0.222739 -0.222739 0.000000
vt 0.302441 -0.373859 0.000000
vt 0.299000 -0.400000 0.000000
vt 0.222739 -0.577261 0.000000
vt 0.302441 -0.426141 0.000000
vt 0.312531 -0.450500 0.000000
vt 0.272798 -0.642500 0.000000
vt 0.328582 -0.471418 0.000000
vt 0.349500 -0.487469 0.000000
vt 0.304267 -0.718472 0.000000
vt 0.373859 -0.497559 0.000000
vt 0.400000 -0.501000 0.000000
vt 0.450500 0.312531 0.000000
vt 0.471418 -0.328582 0.000000
vt 0.471418 0.328582 0.000000
vt 0.487469 -0.349500 0.000000
vt 0.487469 0.349500 0.000000
vt 0.497559 -0.373859 0.000000
vt 0.497559 0.373859 0.000000
vt -0.373859 -0.302441 0.000000
vt -0.304267 -0.081528 0.000000
vt -0.400000 -0.299000 0.000000
vt -0.315000 0.000000 0.000000
vt -0.426141 -0.302441 0.000000
vt -0.426141 0.302441 0.000000
vt -0.450500 -0.312531 0.000000
vt -0.450500 0.312531 0.000000
vt -0.471418 -0.328582 0.000000
vt -0.471418 0.328582 0.000000
vt -0.487469 -0.349500 0.000000
vt -0.487469 0.349500 0.000000
vt -0.497559 -0.373859 0.000000
vt -0.497559 0.373859 0.000000
vt -0.349500 -0.312531 0.000000
vt -0.272798 -0.157500 0.000000
vt -0.328582 -0.328582 0.000000
vt -0.312531 -0.349500 0.000000
vt -0.222739 -0.222739 0.000000
vt -0.302441 -0.373859 0.000000
vt -0.299000 -0.400000 0.000000
vt -0.222739 -0.577261 0.000000
vt -0.302441 -0.426141 0.000000
vt -0.312531 -0.450500 0.000000
vt -0.272798 -0.642500 0.000000
vt -0.328582 -0.471418 0.000000
vt -0.349500 -0.487469 0.000000
vt -0.304267 -0.718472 0.000000
vt -0.373859 -0.497559 0.000000
vt -0.400000 -0.501000 0.000000
vt 0.450500 1.112531 0.000000
vt 0.471418 0.471418 0.000000
vt 0.471418 1.128582 0.000000
vt 0.487469 0.450500 0.000000
vt 0.487469 1.149500 0.000000
vt 0.497559 0.426141 0.000000
vt 0.497559 1.173859 0.000000
vt 0.501000 1.200000 0.000000
vt 0.497559 1.226141 0.000000
vt 0.487469 1.250500 0.000000
vt 0.471418 1.271418 0.000000
vt 0.450500 1.287469 0.000000
vt -0.312531 0.349500 0.000000
vt -0.272798 0.157500 0.000000
vt -0.328582 0.328582 0.000000
vt -0.349500 0.312531 0.000000
vt -0.304267 0.081528 0.000000
vt -0.373859 0.302441 0.000000
vt -0.400000 0.299000 0.000000
vt -0.426141 1.297559 0.000000
vt -0.400000 1.301000 0.000000
vt -0.487469 1.250500 0.000000
vt -0.471418 1.271418 0.000000
vt -0.450500 1.287469 0.000000
vt -0.081528 -0.304267 0.000000
vt -0.000000 -0.485000 0.000000
vt -0.000000 -0.315000 0.000000
vt 0.081528 -0.495733 0.000000
vt 0.081528 -0.304267 0.000000
vt 0.157500 -0.527202 0.000000
vt 0.157500 -0.272798 0.000000
vt -0.081528 -0.495733 0.000000
vt -0.157500 -0.272798 0.000000
vt -0.157500 -0.527202 0.000000
vt 0.020000 0.000000 0.000000
vt 1.560000 0.000000 0.000000
vt 0.020000 0.940000 0.000000
vt 1.560000 0.940000 0.000000
vt 0.020000 0.000000 0.000000
vt 3.160000 0.000000 0.000000
vt 0.020000 0.940000 0.000000
vt 3.160000 0.940000 0.000000
vt 1.575176 -0.789319 0.000000
vt 1.580000 -0.787321 0.000000
vt 1.570000 -0.790000 0.000000
vt 1.584142 -0.784142 0.000000
vt 1.587321 -0.780000 0.000000
vt 1.589319 -0.775176 0.000000
vt 1.590000 -0.770000 0.000000
vt 1.441000 -0.641000 0.000000
vt 1.441000 0.641000 0.000000
vt 1.590000 0.770000 0.000000
vt 1.570000 0.790000 0.000000
vt 1.589319 0.775176 0.000000
vt 1.587321 0.780000 0.000000
vt 1.584142 0.784142 0.000000
vt 1.580000 0.787321 0.000000
vt 1.575176 0.789319 0.000000
vt -1.570000 0.790000 0.000000
vt -1.441000 0.641000 0.000000
vt -1.590000 0.770000 0.000000
vt -1.590000 -0.770000 0.000000
vt -1.575176 0.789319 0.000000
vt -1.580000 0.787321 0.000000
vt -1.584142 0.784142 0.000000
vt -1.587321 0.780000 0.000000
vt -1.589319 0.775176 0.000000
vt -1.589319 -0.775176 0.000000
vt -1.570000 -0.790000 0.000000
vt -1.441000 -0.641000 0.000000
vt -1.587321 -0.780000 0.000000
vt -1.584142 -0.784142 0.000000
vt -1.580000 -0.787321 0.000000
vt -1.575176 -0.789319 0.000000
vn -0.025882 0.096593 0.000000
vn -0.024811 0.096237 0.011081
vn 0.000000 0.100000 0.000000
vn -0.011081 0.096237 0.024811
vn 0.000000 0.096593 0.025882
vn 0.000000 0.086603 0.050000
vn -0.026828 0.086183 0.043044
vn -0.007813 0.082867 0.055426
vn -0.040746 0.070255 0.058343
vn -0.020112 0.066657 0.071780
vn -0.051888 0.049540 0.069666
vn -0.031041 0.045904 0.083242
vn -0.059494 0.025449 0.076242
vn -0.039854 0.022023 0.089032
vn -0.050000 0.000000 0.086603
vn -0.025882 0.000000 0.096593
vn -0.050000 0.086603 0.000000
vn -0.043044 0.086183 0.026828
vn -0.055426 0.082867 0.007813
vn -0.070711 0.070711 0.000000
vn -0.071780 0.066657 0.020112
vn -0.086603 0.050000 0.000000
vn -0.083242 0.045904 0.031041
vn -0.091750 0.038864 0.008453
vn -0.097047 0.015391 0.018574
vn -0.096593 0.025882 0.000000
vn -0.100000 0.000000 0.000000
vn -0.096593 0.000000 0.025882
vn -0.089032 0.022023 0.039854
vn -0.069666 0.049540 0.051888
vn -0.058343 0.070255 0.040746
vn -0.086603 0.000000 0.050000
vn -0.076242 0.025449 0.059494
vn -0.070711 0.000000 0.070711
vn -0.018574 0.015391 0.097047
vn 0.000000 0.000000 0.100000
vn 0.000000 0.025882 0.096593
vn -0.008453 0.038864 0.091750
vn 0.000000 0.050000 0.086603
vn 0.000000 0.070711 0.070711
vn -0.100000 0.000000 0.000000
vn -0.096593 0.000000 0.025882
vn -0.086603 0.000000 0.050000
vn -0.070711 0.000000 0.070711
vn -0.050000 0.000000 0.086603
vn -0.025882 0.000000 0.096593
vn 0.000000 -0.000000 0.100000
vn 0.025882 0.096593 -0.000000
vn 0.000000 0.100000 -0.000000
vn 0.015391 0.097047 0.018574
vn 0.000000 0.096593 0.025882
vn 0.022023 0.089032 0.039854
vn 0.000000 0.086603 0.050000
vn 0.025449 0.076242 0.059494
vn 0.000000 0.070711 0.070711
vn 0.025449 0.059494 0.076242
vn 0.000000 0.050000 0.086603
vn 0.022023 0.039854 0.089032
vn 0.000000 0.025882 0.096593
vn 0.015391 0.018574 0.097047
vn 0.000000 0.000000 0.100000
vn 0.025882 0.000000 0.096593
vn 0.038864 0.008453 0.091750
vn 0.050000 0.000000 0.086603
vn 0.045904 0.031041 0.083242
vn 0.066657 0.020112 0.071780
vn 0.049540 0.051888 0.069666
vn 0.070255 0.040746 0.058343
vn 0.049540 0.069666 0.051888
vn 0.070255 0.058343 0.040746
vn 0.045904 0.083242 0.031041
vn 0.066657 0.071780 0.020112
vn 0.050000 0.086603 -0.000000
vn 0.070711 0.070711 -0.000000
vn 0.082867 0.055426 0.007813
vn 0.086603 0.050000 -0.000000
vn 0.086183 0.043044 0.026828
vn 0.096237 0.024811 0.011081
vn 0.096237 0.011081 0.024811
vn 0.100000 0.000000 -0.000000
vn 0.096593 0.000000 0.025882
vn 0.086603 0.000000 0.050000
vn 0.086183 0.026828 0.043044
vn 0.082867 0.007813 0.055426
vn 0.070711 0.000000 0.070711
vn 0.096593 0.025882 -0.000000
vn 0.038864 0.091750 0.008453
vn 0.000000 0.000000 0.100000
vn 0.025882 -0.000000 0.096593
vn 0.050000 -0.000000 0.086603
vn 0.070711 -0.000000 0.070711
vn 0.086603 -0.000000 0.050000
vn 0.096593 -0.000000 0.025882
vn 0.100000 0.000000 -0.000000
vn 0.000000 0.096593 -0.025882
vn -0.011081 0.096237 -0.024811
vn 0.000000 0.100000 0.000000
vn -0.024811 0.096237 -0.011081
vn -0.025882 0.096593 0.000000
vn -0.050000 0.086603 0.000000
vn -0.043044 0.086183 -0.026828
vn -0.055426 0.082867 -0.007813
vn -0.058343 0.070255 -0.040746
vn -0.071780 0.066657 -0.020112
vn -0.069666 0.049540 -0.051888
vn -0.083242 0.045904 -0.031041
vn -0.076242 0.025449 -0.059494
vn -0.089032 0.022023 -0.039854
vn -0.086603 0.000000 -0.050000
vn -0.096593 0.000000 -0.025882
vn 0.000000 0.086603 -0.050000
vn -0.026828 0.086183 -0.043044
vn -0.007813 0.082867 -0.055426
vn 0.000000 0.070711 -0.070711
vn -0.020112 0.066657 -0.071780
vn 0.000000 0.050000 -0.086603
vn -0.031041 0.045904 -0.083242
vn -0.008453 0.038864 -0.091750
vn -0.018574 0.015391 -0.097047
vn 0.000000 0.025882 -0.096593
vn 0.000000 0.000000 -0.100000
vn -0.025882 0.000000 -0.096593
vn -0.039854 0.022023 -0.089032
vn -0.051888 0.049540 -0.069666
vn -0.040746 0.070255 -0.058343
vn -0.050000 0.000000 -0.086603
vn -0.059494 0.025449 -0.076242
vn -0.070711 0.000000 -0.070711
vn -0.097047 0.015391 -0.018574
vn -0.100000 0.000000 0.000000
vn -0.096593 0.025882 0.000000
vn -0.091750 0.038864 -0.008453
vn -0.086603 0.050000 0.000000
vn -0.070711 0.070711 0.000000
vn -0.000000 0.000000 -0.100000
vn -0.025882 0.000000 -0.096593
vn -0.050000 0.000000 -0.086603
vn -0.070711 0.000000 -0.070711
vn -0.086603 0.000000 -0.050000
vn -0.096593 0.000000 -0.025882
vn -0.100000 0.000000 0.000000
vn 0.025882 0.096593 0.000000
vn 0.024811 0.096237 -0.011081
vn 0.000000 0.100000 0.000000
vn 0.011081 0.096237 -0.024811
vn 0.000000 0.096593 -0.025882
vn 0.000000 0.086603 -0.050000
vn 0.026828 0.086183 -0.043044
vn 0.007813 0.082867 -0.055426
vn 0.040746 0.070255 -0.058343
vn 0.020112 0.066657 -0.071780
vn 0.051888 0.049540 -0.069666
vn 0.031041 0.045904 -0.083242
vn 0.059494 0.025449 -0.076242
vn 0.039854 0.022023 -0.089032
vn 0.050000 0.000000 -0.086603
vn 0.025882 0.000000 -0.096593
vn 0.050000 0.086603 0.000000
vn 0.043044 0.086183 -0.026828
vn 0.055426 0.082867 -0.007813
vn 0.070711 0.070711 0.000000
vn 0.071780 0.066657 -0.020112
vn 0.086603 0.050000 0.000000
vn 0.083242 0.045904 -0.031041
vn 0.091750 0.038864 -0.008453
vn 0.097047 0.015391 -0.018574
vn 0.096593 0.025882 0.000000
vn 0.100000 0.000000 0.000000
vn 0.096593 0.000000 -0.025882
vn 0.089032 0.022023 -0.039854
vn 0.069666 0.049540 -0.051888
vn 0.058343 0.070255 -0.040746
vn 0.086603 0.000000 -0.050000
vn 0.076242 0.025449 -0.059494
vn 0.070711 0.000000 -0.070711
vn 0.018574 0.015391 -0.097047
vn 0.000000 0.000000 -0.100000
vn 0.000000 0.025882 -0.096593
vn 0.008453 0.038864 -0.091750
vn 0.000000 0.050000 -0.086603
vn 0.000000 0.070711 -0.070711
vn 0.100000 0.000000 0.000000
vn 0.096593 0.000000 -0.025882
vn 0.086603 0.000000 -0.050000
vn 0.070711 0.000000 -0.070711
vn 0.050000 0.000000 -0.086603
vn 0.025882 0.000000 -0.096593
vn -0.000000 0.000000 -0.100000
vn 0.000000 0.100000 0.000000
vn 0.000000 0.100000 0.000000
vn 0.000000 0.100000 0.000000
vn 0.000000 0.100000 0.000000
vn 0.000000 0.100000 0.000000
vn 0.000000 0.100000 0.000000
vn 0.000000 0.100000 0.000000
vn 0.000000 0.100000 0.000000
vn 0.000000 0.100000 0.000000
vn 0.000000 0.100000 0.000000
vn 0.000000 0.100000 0.000000
vn 0.000000 0.100000 0.000000
vn 0.000000 0.100000 0.000000
vn 0.000000 0.100000 0.000000
vn 0.000000 0.100000 0.000000
vn 0.000000 0.100000 0.000000
vn 0.000000 0.100000 0.000000
vn 0.000000 0.100000 0.000000
vn 0.000000 0.100000 0.000000
vn 0.000000 0.100000 0.000000
vn 0.000000 0.100000 0.000000
vn 0.000000 0.100000 0.000000
vn 0.000000 0.100000 0.000000
vn 0.000000 0.100000 0.000000
vn 0.000000 0.100000 0.000000
vn 0.000000 0.100000 0.000000
vn 0.000000 0.100000 0.000000
vn 0.000000 0.100000 0.000000
vn 0.000000 0.100000 0.000000
vn 0.000000 0.100000 0.000000
vn 0.000000 0.100000 0.000000
vn 0.000000 0.100000 0.000000
vn 0.000000 0.100000 0.000000
vn 0.000000 0.100000 0.000000
vn 0.000000 0.100000 0.000000
vn 0.000000 0.100000 0.000000
vn 0.000000 0.100000 0.000000
vn 0.000000 0.100000 0.000000
vn 0.000000 0.100000 0.000000
vn 0.000000 0.100000 0.000000
vn 0.000000 0.100000 0.000000
vn 0.000000 0.100000 0.000000
vn 0.000000 0.100000 0.000000
vn 0.000000 0.100000 0.000000
vn 0.000000 0.100000 0.000000
vn 0.000000 0.100000 0.000000
vn 0.000000 0.100000 0.000000
vn 0.000000 0.100000 0.000000
vn 0.000000 0.100000 0.000000
vn 0.000000 0.100000 0.000000
vn 0.000000 0.100000 0.000000
vn 0.000000 0.100000 0.000000
vn 0.000000 0.100000 0.000000
vn 0.000000 0.100000 0.000000
vn 0.000000 0.100000 0.000000
vn 0.000000 0.100000 0.000000
vn 0.000000 0.100000 0.000000
vn 0.000000 0.100000 0.000000
vn 0.000000 0.100000 0.000000
vn 0.000000 0.100000 0.000000
vn 0.000000 0.100000 0.000000
vn 0.000000 0.100000 0.000000
vn 0.000000 0.100000 0.000000
vn 0.000000 0.100000 0.000000
vn 0.000000 0.100000 0.000000
vn 0.000000 0.100000 0.000000
vn 0.000000 0.100000 0.000000
vn 0.000000 0.100000 0.000000
vn 0.000000 0.100000 0.000000
vn 0.000000 0.100000 0.000000
vn 0.000000 0.100000 0.000000
vn 0.000000 0.100000 0.000000
vn 0.000000 0.100000 0.000000
vn 0.000000 0.100000 0.000000
vn 0.000000 0.100000 0.000000
vn 0.000000 0.100000 0.000000
vn 0.000000 0.100000 0.000000
vn 0.000000 0.100000 0.000000
vn 0.000000 0.100000 0.000000
vn 0.000000 0.100000 0.000000
vn 0.000000 0.100000 0.000000
vn 0.000000 0.100000 0.000000
vn 0.000000 0.100000 0.000000
vn 0.000000 0.100000 0.000000
vn 0.000000 0.100000 0.000000
vn 0.000000 0.100000 0.000000
vn 0.000000 0.100000 0.000000
vn 0.000000 0.100000 0.000000
vn 0.000000 0.100000 0.000000
vn 0.000000 0.100000 0.000000
vn 0.000000 0.100000 0.000000
vn 0.000000 0.100000 0.000000
vn 0.000000 0.100000 0.000000
vn 0.000000 0.100000 0.000000
vn 0.000000 0.100000 0.000000
vn 0.000000 0.100000 0.000000
vn 0.000000 0.100000 0.000000
vn 0.000000 0.100000 0.000000
vn 0.000000 0.100000 0.000000
vn 0.000000 0.100000 0.000000
vn 0.000000 0.100000 0.000000
vn 0.000000 0.100000 0.000000
vn 0.000000 0.100000 0.000000
vn 0.000000 0.100000 0.000000
vn 0.000000 0.100000 0.000000
vn 0.000000 0.100000 0.000000
vn 0.000000 0.100000 0.000000
vn 0.000000 0.100000 0.000000
vn 0.000000 0.100000 0.000000
vn 0.000000 0.100000 0.000000
vn 0.000000 0.100000 0.000000
vn 0.000000 0.100000 0.000000
vn 0.000000 0.100000 0.000000
vn 0.000000 0.100000 0.000000
vn 0.000000 0.100000 0.000000
vn 0.000000 0.100000 0.000000
vn 0.000000 0.100000 0.000000
vn 0.000000 0.100000 0.000000
vn 0.000000 0.100000 0.000000
vn 0.000000 0.100000 0.000000
vn 0.000000 0.100000 0.000000
vn 0.000000 0.100000 0.000000
vn 0.000000 0.100000 0.000000
vn 0.000000 0.100000 0.000000
vn 0.000000 0.100000 0.000000
vn 0.000000 0.100000 0.000000
vn 0.000000 0.100000 0.000000
vn 0.000000 0.100000 0.000000
vn 0.000000 0.100000 0.000000
vn 0.000000 0.100000 0.000000
vn 0.000000 0.100000 0.000000
vn 0.000000 0.100000 0.000000
vn 0.000000 0.100000 0.000000
vn 0.000000 0.100000 0.000000
vn 0.000000 0.100000 0.000000
vn 0.000000 0.100000 0.000000
vn 0.000000 0.100000 0.000000
vn 0.000000 0.100000 0.000000
vn 0.000000 0.100000 0.000000
vn 0.000000 0.100000 0.000000
vn 0.000000 0.100000 0.000000
vn 0.000000 0.100000 0.000000
vn 0.000000 0.100000 0.000000
vn 0.000000 0.100000 0.000000
vn 0.000000 0.100000 0.000000
vn 0.000000 0.100000 0.000000
vn 0.000000 0.100000 0.000000
vn 0.000000 0.100000 0.000000
vn 0.000000 0.100000 0.000000
vn 0.000000 0.100000 0.000000
vn 0.000000 0.100000 0.000000
vn 0.000000 0.100000 0.000000
vn 0.000000 0.100000 0.000000
vn 0.000000 0.100000 0.000000
vn 0.000000 0.100000 0.000000
vn 0.000000 0.100000 0.000000
vn 0.000000 0.100000 0.000000
vn 0.000000 0.100000 0.000000
vn 0.000000 0.100000 0.000000
vn 0.000000 0.100000 0.000000
vn 0.000000 0.100000 0.000000
vn 0.000000 0.100000 0.000000
vn 0.000000 0.100000 0.000000
vn 0.000000 0.100000 0.000000
vn 0.000000 0.100000 0.000000
vn 0.000000 0.100000 0.000000
vn 0.000000 0.100000 0.000000
vn 0.000000 0.100000 0.000000
vn 0.000000 0.100000 0.000000
vn 0.000000 0.100000 0.000000
vn 0.000000 0.100000 0.000000
vn 0.000000 0.100000 0.000000
vn 0.000000 0.100000 0.000000
vn 0.000000 0.100000 0.000000
vn 0.000000 0.100000 0.000000
vn 0.000000 0.100000 0.000000
vn 0.000000 0.100000 0.000000
vn 0.000000 0.100000 0.000000
vn 0.000000 0.100000 0.000000
vn 0.000000 0.100000 0.000000
vn 0.000000 0.100000 0.000000
vn 0.000000 0.100000 0.000000
vn 0.000000 0.100000 0.000000
vn 0.000000 0.100000 0.000000
vn 0.000000 0.100000 0.000000
vn 0.000000 0.100000 0.000000
vn 0.000000 0.100000 0.000000
vn 0.000000 0.100000 0.000000
vn 0.000000 0.100000 0.000000
vn 0.000000 0.100000 0.000000
vn 0.000000 0.100000 0.000000
vn 0.000000 0.100000 0.000000
vn 0.096593 0.000000 -0.025882
vn 0.093301 0.025882 -0.025000
vn 0.100000 -0.000000 0.000000
vn 0.096593 0.025882 0.000000
vn 0.096593 -0.000000 0.025882
vn 0.093301 0.025882 0.025000
vn 0.086603 -0.000000 0.050000
vn 0.083652 0.025882 0.048296
vn 0.070711 -0.000000 0.070711
vn 0.068301 0.025882 0.068301
vn 0.050000 -0.000000 0.086603
vn 0.048296 0.025882 0.083652
vn 0.025882 -0.000000 0.096593
vn 0.025000 0.025882 0.093301
vn 0.000000 0.000000 0.100000
vn 0.000000 0.025882 0.096593
vn -0.025882 0.000000 0.096593
vn -0.025000 0.025882 0.093301
vn -0.050000 0.000000 0.086603
vn -0.048296 0.025882 0.083652
vn -0.070711 0.000000 0.070711
vn -0.068301 0.025882 0.068301
vn -0.086603 0.000000 0.050000
vn -0.083652 0.025882 0.048296
vn -0.096593 0.000000 0.025882
vn -0.093301 0.025882 0.025000
vn -0.100000 0.000000 0.000000
vn -0.096593 0.025882 0.000000
vn -0.096593 0.000000 -0.025882
vn -0.093301 0.025882 -0.025000
vn -0.086603 0.000000 -0.050000
vn -0.083652 0.025882 -0.048296
vn -0.070711 0.000000 -0.070711
vn -0.068301 0.025882 -0.068301
vn -0.050000 0.000000 -0.086603
vn -0.048296 0.025882 -0.083652
vn -0.025882 0.000000 -0.096593
vn -0.025000 0.025882 -0.093301
vn -0.000000 0.000000 -0.100000
vn -0.000000 0.025882 -0.096593
vn 0.025882 0.000000 -0.096593
vn 0.025000 0.025882 -0.093301
vn 0.050000 0.000000 -0.086603
vn 0.048296 0.025882 -0.083652
vn 0.070711 0.000000 -0.070711
vn 0.068301 0.025882 -0.068301
vn 0.086603 0.000000 -0.050000
vn 0.083652 0.025882 -0.048296
vn -0.000000 0.100000 -0.000000
vn 0.025000 0.096593 0.006699
vn 0.000000 0.100000 0.000000
vn 0.025882 0.096593 0.000000
vn -0.000000 0.100000 0.000000
vn 0.025000 0.096593 -0.006699
vn 0.000000 0.100000 -0.000000
vn 0.022414 0.096593 -0.012941
vn 0.000000 0.100000 -0.000000
vn 0.018301 0.096593 -0.018301
vn -0.000000 0.100000 0.000000
vn 0.012941 0.096593 -0.022414
vn 0.000000 0.100000 -0.000000
vn 0.006699 0.096593 -0.025000
vn 0.000000 0.100000 -0.000000
vn 0.000000 0.096593 -0.025882
vn -0.000000 0.100000 -0.000000
vn -0.006699 0.096593 -0.025000
vn -0.000000 0.100000 -0.000000
vn -0.012941 0.096593 -0.022414
vn -0.000000 0.100000 -0.000000
vn -0.018301 0.096593 -0.018301
vn -0.000000 0.100000 -0.000000
vn -0.022414 0.096593 -0.012941
vn 0.000000 0.100000 0.000000
vn -0.025000 0.096593 -0.006699
vn -0.000000 0.100000 0.000000
vn -0.025882 0.096593 0.000000
vn 0.000000 0.100000 -0.000000
vn -0.025000 0.096593 0.006699
vn -0.000000 0.100000 0.000000
vn -0.022414 0.096593 0.012941
vn -0.000000 0.100000 0.000000
vn -0.018301 0.096593 0.018301
vn 0.000000 0.100000 -0.000000
vn -0.012941 0.096593 0.022414
vn -0.000000 0.100000 0.000000
vn -0.006699 0.096593 0.025000
vn 0.000000 0.100000 0.000000
vn 0.000000 0.096593 0.025882
vn 0.000000 0.100000 0.000000
vn 0.006699 0.096593 0.025000
vn 0.000000 0.100000 0.000000
vn 0.012941 0.096593 0.022414
vn 0.000000 0.100000 0.000000
vn 0.018301 0.096593 0.018301
vn 0.000000 0.100000 0.000000
vn 0.022414 0.096593 0.012941
vn 0.000000 0.050000 -0.086603
vn 0.022414 0.050000 -0.083652
vn 0.043301 0.050000 -0.075000
vn 0.061237 0.050000 -0.061237
vn 0.075000 0.050000 -0.043301
vn 0.083652 0.050000 -0.022414
vn 0.086603 0.050000 0.000000
vn 0.083652 0.050000 0.022414
vn 0.075000 0.050000 0.043301
vn 0.061237 0.050000 0.061237
vn 0.043301 0.050000 0.075000
vn 0.022414 0.050000 0.083652
vn 0.000000 0.050000 0.086603
vn -0.022414 0.050000 0.083652
vn -0.043301 0.050000 0.075000
vn -0.061237 0.050000 0.061237
vn -0.075000 0.050000 0.043301
vn -0.083652 0.050000 0.022414
vn -0.086603 0.050000 0.000000
vn -0.083652 0.050000 -0.022414
vn -0.075000 0.050000 -0.043301
vn -0.061237 0.050000 -0.061237
vn -0.043301 0.050000 -0.075000
vn -0.022414 0.050000 -0.083652
vn 0.000000 0.070711 -0.070711
vn 0.018301 0.070711 -0.068301
vn 0.035355 0.070711 -0.061237
vn 0.050000 0.070711 -0.050000
vn 0.061237 0.070711 -0.035355
vn 0.068301 0.070711 -0.018301
vn 0.070711 0.070711 0.000000
vn 0.068301 0.070711 0.018301
vn 0.061237 0.070711 0.035355
vn 0.050000 0.070711 0.050000
vn 0.035355 0.070711 0.061237
vn 0.018301 0.070711 0.068301
vn 0.000000 0.070711 0.070711
vn -0.018301 0.070711 0.068301
vn -0.035355 0.070711 0.061237
vn -0.050000 0.070711 0.050000
vn -0.061237 0.070711 0.035355
vn -0.068301 0.070711 0.018301
vn -0.070711 0.070711 0.000000
vn -0.068301 0.070711 -0.018301
vn -0.061237 0.070711 -0.035355
vn -0.050000 0.070711 -0.050000
vn -0.035355 0.070711 -0.061237
vn -0.018301 0.070711 -0.068301
vn 0.000000 0.086603 -0.050000
vn 0.012941 0.086603 -0.048296
vn 0.025000 0.086603 -0.043301
vn 0.035355 0.086603 -0.035355
vn 0.043301 0.086603 -0.025000
vn 0.048296 0.086603 -0.012941
vn 0.050000 0.086603 0.000000
vn 0.048296 0.086603 0.012941
vn 0.043301 0.086603 0.025000
vn 0.035355 0.086603 0.035355
vn 0.025000 0.086603 0.043301
vn 0.012941 0.086603 0.048296
vn 0.000000 0.086603 0.050000
vn -0.012941 0.086603 0.048296
vn -0.025000 0.086603 0.043301
vn -0.035355 0.086603 0.035355
vn -0.043301 0.086603 0.025000
vn -0.048296 0.086603 0.012941
vn -0.050000 0.086603 0.000000
vn -0.048296 0.086603 -0.012941
vn -0.043301 0.086603 -0.025000
vn -0.035355 0.086603 -0.035355
vn -0.025000 0.086603 -0.043301
vn -0.012941 0.086603 -0.048296
vn 0.096593 0.000000 -0.025882
vn 0.100000 0.000000 -0.000000
vn 0.096593 -0.000000 0.025882
vn 0.086603 -0.000000 0.050000
vn 0.070711 -0.000000 0.070711
vn 0.050000 -0.000000 0.086603
vn 0.025882 -0.000000 0.096593
vn -0.000000 0.000000 0.100000
vn -0.025882 0.000000 0.096593
vn -0.050000 0.000000 0.086603
vn -0.070711 0.000000 0.070711
vn -0.086603 0.000000 0.050000
vn -0.096593 0.000000 0.025882
vn -0.100000 0.000000 0.000000
vn -0.096593 0.000000 -0.025882
vn -0.086603 0.000000 -0.050000
vn -0.070711 0.000000 -0.070711
vn -0.050000 0.000000 -0.086603
vn -0.025882 0.000000 -0.096593
vn -0.000000 0.000000 -0.100000
vn 0.025882 0.000000 -0.096593
vn 0.050000 0.000000 -0.086603
vn 0.070711 0.000000 -0.070711
vn 0.086603 0.000000 -0.050000
vn 0.096593 0.000000 -0.025882
vn 0.093301 0.025882 -0.025000
vn 0.100000 -0.000000 0.000000
vn 0.096593 0.025882 0.000000
vn 0.096593 -0.000000 0.025882
vn 0.093301 0.025882 0.025000
vn 0.086603 -0.000000 0.050000
vn 0.083652 0.025882 0.048296
vn 0.070711 -0.000000 0.070711
vn 0.068301 0.025882 0.068301
vn 0.050000 -0.000000 0.086603
vn 0.048296 0.025882 0.083652
vn 0.025882 -0.000000 0.096593
vn 0.025000 0.025882 0.093301
vn 0.000000 0.000000 0.100000
vn 0.000000 0.025882 0.096593
vn -0.025882 0.000000 0.096593
vn -0.025000 0.025882 0.093301
vn -0.050000 0.000000 0.086603
vn -0.048296 0.025882 0.083652
vn -0.070711 0.000000 0.070711
vn -0.068301 0.025882 0.068301
vn -0.086603 0.000000 0.050000
vn -0.083652 0.025882 0.048296
vn -0.096593 0.000000 0.025882
vn -0.093301 0.025882 0.025000
vn -0.100000 0.000000 0.000000
vn -0.096593 0.025882 0.000000
vn -0.096593 0.000000 -0.025882
vn -0.093301 0.025882 -0.025000
vn -0.086603 0.000000 -0.050000
vn -0.083652 0.025882 -0.048296
vn -0.070711 0.000000 -0.070711
vn -0.068301 0.025882 -0.068301
vn -0.050000 0.000000 -0.086603
vn -0.048296 0.025882 -0.083652
vn -0.025882 0.000000 -0.096593
vn -0.025000 0.025882 -0.093301
vn -0.000000 0.000000 -0.100000
vn -0.000000 0.025882 -0.096593
vn 0.025882 0.000000 -0.096593
vn 0.025000 0.025882 -0.093301
vn 0.050000 0.000000 -0.086603
vn 0.048296 0.025882 -0.083652
vn 0.070711 0.000000 -0.070711
vn 0.068301 0.025882 -0.068301
vn 0.086603 0.000000 -0.050000
vn 0.083652 0.025882 -0.048296
vn -0.000000 0.100000 -0.000000
vn 0.025000 0.096593 0.006699
vn 0.000000 0.100000 0.000000
vn 0.025882 0.096593 0.000000
vn -0.000000 0.100000 0.000000
vn 0.025000 0.096593 -0.006699
vn 0.000000 0.100000 -0.000000
vn 0.022414 0.096593 -0.012941
vn 0.000000 0.100000 -0.000000
vn 0.018301 0.096593 -0.018301
vn -0.000000 0.100000 0.000000
vn 0.012941 0.096593 -0.022414
vn 0.000000 0.100000 -0.000000
vn 0.006699 0.096593 -0.025000
vn 0.000000 0.100000 -0.000000
vn 0.000000 0.096593 -0.025882
vn -0.000000 0.100000 -0.000000
vn -0.006699 0.096593 -0.025000
vn -0.000000 0.100000 -0.000000
vn -0.012941 0.096593 -0.022414
vn -0.000000 0.100000 -0.000000
vn -0.018301 0.096593 -0.018301
vn -0.000000 0.100000 -0.000000
vn -0.022414 0.096593 -0.012941
vn -0.000000 0.100000 -0.000000
vn -0.025000 0.096593 -0.006699
vn -0.000000 0.100000 0.000000
vn -0.025882 0.096593 0.000000
vn -0.000000 0.100000 0.000000
vn -0.025000 0.096593 0.006699
vn -0.000000 0.100000 0.000000
vn -0.022414 0.096593 0.012941
vn -0.000000 0.100000 0.000000
vn -0.018301 0.096593 0.018301
vn 0.000000 0.100000 -0.000000
vn -0.012941 0.096593 0.022414
vn -0.000000 0.100000 0.000000
vn -0.006699 0.096593 0.025000
vn 0.000000 0.100000 0.000000
vn 0.000000 0.096593 0.025882
vn 0.000000 0.100000 0.000000
vn 0.006699 0.096593 0.025000
vn 0.000000 0.100000 0.000000
vn 0.012941 0.096593 0.022414
vn 0.000000 0.100000 0.000000
vn 0.018301 0.096593 0.018301
vn 0.000000 0.100000 0.000000
vn 0.022414 0.096593 0.012941
vn 0.000000 0.050000 -0.086603
vn 0.022414 0.050000 -0.083652
vn 0.043301 0.050000 -0.075000
vn 0.061237 0.050000 -0.061237
vn 0.075000 0.050000 -0.043301
vn 0.083652 0.050000 -0.022414
vn 0.086603 0.050000 0.000000
vn 0.083652 0.050000 0.022414
vn 0.075000 0.050000 0.043301
vn 0.061237 0.050000 0.061237
vn 0.043301 0.050000 0.075000
vn 0.022414 0.050000 0.083652
vn 0.000000 0.050000 0.086603
vn -0.022414 0.050000 0.083652
vn -0.043301 0.050000 0.075000
vn -0.061237 0.050000 0.061237
vn -0.075000 0.050000 0.043301
vn -0.083652 0.050000 0.022414
vn -0.086603 0.050000 0.000000
vn -0.083652 0.050000 -0.022414
vn -0.075000 0.050000 -0.043301
vn -0.061237 0.050000 -0.061237
vn -0.043301 0.050000 -0.075000
vn -0.022414 0.050000 -0.083652
vn 0.000000 0.070711 -0.070711
vn 0.018301 0.070711 -0.068301
vn 0.035355 0.070711 -0.061237
vn 0.050000 0.070711 -0.050000
vn 0.061237 0.070711 -0.035355
vn 0.068301 0.070711 -0.018301
vn 0.070711 0.070711 0.000000
vn 0.068301 0.070711 0.018301
vn 0.061237 0.070711 0.035355
vn 0.050000 0.070711 0.050000
vn 0.035355 0.070711 0.061237
vn 0.018301 0.070711 0.068301
vn 0.000000 0.070711 0.070711
vn -0.018301 0.070711 0.068301
vn -0.035355 0.070711 0.061237
vn -0.050000 0.070711 0.050000
vn -0.061237 0.070711 0.035355
vn -0.068301 0.070711 0.018301
vn -0.070711 0.070711 0.000000
vn -0.068301 0.070711 -0.018301
vn -0.061237 0.070711 -0.035355
vn -0.050000 0.070711 -0.050000
vn -0.035355 0.070711 -0.061237
vn -0.018301 0.070711 -0.068301
vn 0.000000 0.086603 -0.050000
vn 0.012941 0.086603 -0.048296
vn 0.025000 0.086603 -0.043301
vn 0.035355 0.086603 -0.035355
vn 0.043301 0.086603 -0.025000
vn 0.048296 0.086603 -0.012941
vn 0.050000 0.086603 0.000000
vn 0.048296 0.086603 0.012941
vn 0.043301 0.086603 0.025000
vn 0.035355 0.086603 0.035355
vn 0.025000 0.086603 0.043301
vn 0.012941 0.086603 0.048296
vn 0.000000 0.086603 0.050000
vn -0.012941 0.086603 0.048296
vn -0.025000 0.086603 0.043301
vn -0.035355 0.086603 0.035355
vn -0.043301 0.086603 0.025000
vn -0.048296 0.086603 0.012941
vn -0.050000 0.086603 0.000000
vn -0.048296 0.086603 -0.012941
vn -0.043301 0.086603 -0.025000
vn -0.035355 0.086603 -0.035355
vn -0.025000 0.086603 -0.043301
vn -0.012941 0.086603 -0.048296
vn 0.096593 0.000000 -0.025882
vn 0.100000 0.000000 -0.000000
vn 0.096593 -0.000000 0.025882
vn 0.086603 -0.000000 0.050000
vn 0.070711 -0.000000 0.070711
vn 0.050000 -0.000000 0.086603
vn 0.025882 -0.000000 0.096593
vn -0.000000 0.000000 0.100000
vn -0.025882 0.000000 0.096593
vn -0.050000 0.000000 0.086603
vn -0.070711 0.000000 0.070711
vn -0.086603 0.000000 0.050000
vn -0.096593 0.000000 0.025882
vn -0.100000 0.000000 0.000000
vn -0.096593 0.000000 -0.025882
vn -0.086603 0.000000 -0.050000
vn -0.070711 0.000000 -0.070711
vn -0.050000 0.000000 -0.086603
vn -0.025882 0.000000 -0.096593
vn -0.000000 0.000000 -0.100000
vn 0.025882 0.000000 -0.096593
vn 0.050000 0.000000 -0.086603
vn 0.070711 0.000000 -0.070711
vn 0.086603 0.000000 -0.050000
vn 0.096593 0.000000 -0.025882
vn 0.093301 0.025882 -0.025000
vn 0.100000 -0.000000 0.000000
vn 0.096593 0.025882 0.000000
vn 0.096593 -0.000000 0.025882
vn 0.093301 0.025882 0.025000
vn 0.086603 -0.000000 0.050000
vn 0.083652 0.025882 0.048296
vn 0.070711 -0.000000 0.070711
vn 0.068301 0.025882 0.068301
vn 0.050000 -0.000000 0.086603
vn 0.048296 0.025882 0.083652
vn 0.025882 -0.000000 0.096593
vn 0.025000 0.025882 0.093301
vn 0.000000 0.000000 0.100000
vn 0.000000 0.025882 0.096593
vn -0.025882 0.000000 0.096593
vn -0.025000 0.025882 0.093301
vn -0.050000 0.000000 0.086603
vn -0.048296 0.025882 0.083652
vn -0.070711 0.000000 0.070711
vn -0.068301 0.025882 0.068301
vn -0.086603 0.000000 0.050000
vn -0.083652 0.025882 0.048296
vn -0.096593 0.000000 0.025882
vn -0.093301 0.025882 0.025000
vn -0.100000 0.000000 0.000000
vn -0.096593 0.025882 0.000000
vn -0.096593 0.000000 -0.025882
vn -0.093301 0.025882 -0.025000
vn -0.086603 0.000000 -0.050000
vn -0.083652 0.025882 -0.048296
vn -0.070711 0.000000 -0.070711
vn -0.068301 0.025882 -0.068301
vn -0.050000 0.000000 -0.086603
vn -0.048296 0.025882 -0.083652
vn -0.025882 0.000000 -0.096593
vn -0.025000 0.025882 -0.093301
vn -0.000000 0.000000 -0.100000
vn -0.000000 0.025882 -0.096593
vn 0.025882 0.000000 -0.096593
vn 0.025000 0.025882 -0.093301
vn 0.050000 0.000000 -0.086603
vn 0.048296 0.025882 -0.083652
vn 0.070711 0.000000 -0.070711
vn 0.068301 0.025882 -0.068301
vn 0.086603 0.000000 -0.050000
vn 0.083652 0.025882 -0.048296
vn 0.000000 0.100000 0.000000
vn 0.025000 0.096593 0.006699
vn 0.000000 0.100000 0.000000
vn 0.025882 0.096593 0.000000
vn 0.000000 0.100000 -0.000000
vn 0.025000 0.096593 -0.006699
vn -0.000000 0.100000 0.000000
vn 0.022414 0.096593 -0.012941
vn 0.000000 0.100000 -0.000000
vn 0.018301 0.096593 -0.018301
vn -0.000000 0.100000 0.000000
vn 0.012941 0.096593 -0.022414
vn 0.000000 0.100000 -0.000000
vn 0.006699 0.096593 -0.025000
vn 0.000000 0.100000 -0.000000
vn 0.000000 0.096593 -0.025882
vn -0.000000 0.100000 -0.000000
vn -0.006699 0.096593 -0.025000
vn -0.000000 0.100000 -0.000000
vn -0.012941 0.096593 -0.022414
vn -0.000000 0.100000 -0.000000
vn -0.018301 0.096593 -0.018301
vn 0.000000 0.100000 0.000000
vn -0.022414 0.096593 -0.012941
vn -0.000000 0.100000 -0.000000
vn -0.025000 0.096593 -0.006699
vn -0.000000 0.100000 0.000000
vn -0.025882 0.096593 0.000000
vn -0.000000 0.100000 0.000000
vn -0.025000 0.096593 0.006699
vn 0.000000 0.100000 -0.000000
vn -0.022414 0.096593 0.012941
vn -0.000000 0.100000 0.000000
vn -0.018301 0.096593 0.018301
vn 0.000000 0.100000 -0.000000
vn -0.012941 0.096593 0.022414
vn -0.000000 0.100000 0.000000
vn -0.006699 0.096593 0.025000
vn 0.000000 0.100000 0.000000
vn 0.000000 0.096593 0.025882
vn 0.000000 0.100000 0.000000
vn 0.006699 0.096593 0.025000
vn -0.000000 0.100000 -0.000000
vn 0.012941 0.096593 0.022414
vn 0.000000 0.100000 0.000000
vn 0.018301 0.096593 0.018301
vn 0.000000 0.100000 0.000000
vn 0.022414 0.096593 0.012941
vn 0.000000 0.050000 -0.086603
vn 0.022414 0.050000 -0.083652
vn 0.043301 0.050000 -0.075000
vn 0.061237 0.050000 -0.061237
vn 0.075000 0.050000 -0.043301
vn 0.083652 0.050000 -0.022414
vn 0.086603 0.050000 0.000000
vn 0.083652 0.050000 0.022414
vn 0.075000 0.050000 0.043301
vn 0.061237 0.050000 0.061237
vn 0.043301 0.050000 0.075000
vn 0.022414 0.050000 0.083652
vn 0.000000 0.050000 0.086603
vn -0.022414 0.050000 0.083652
vn -0.043301 0.050000 0.075000
vn -0.061237 0.050000 0.061237
vn -0.075000 0.050000 0.043301
vn -0.083652 0.050000 0.022414
vn -0.086603 0.050000 0.000000
vn -0.083652 0.050000 -0.022414
vn -0.075000 0.050000 -0.043301
vn -0.061237 0.050000 -0.061237
vn -0.043301 0.050000 -0.075000
vn -0.022414 0.050000 -0.083652
vn 0.000000 0.070711 -0.070711
vn 0.018301 0.070711 -0.068301
vn 0.035355 0.070711 -0.061237
vn 0.050000 0.070711 -0.050000
vn 0.061237 0.070711 -0.035355
vn 0.068301 0.070711 -0.018301
vn 0.070711 0.070711 0.000000
vn 0.068301 0.070711 0.018301
vn 0.061237 0.070711 0.035355
vn 0.050000 0.070711 0.050000
vn 0.035355 0.070711 0.061237
vn 0.018301 0.070711 0.068301
vn 0.000000 0.070711 0.070711
vn -0.018301 0.070711 0.068301
vn -0.035355 0.070711 0.061237
vn -0.050000 0.070711 0.050000
vn -0.061237 0.070711 0.035355
vn -0.068301 0.070711 0.018301
vn -0.070711 0.070711 0.000000
vn -0.068301 0.070711 -0.018301
vn -0.061237 0.070711 -0.035355
vn -0.050000 0.070711 -0.050000
vn -0.035355 0.070711 -0.061237
vn -0.018301 0.070711 -0.068301
vn 0.000000 0.086603 -0.050000
vn 0.012941 0.086603 -0.048296
vn 0.025000 0.086603 -0.043301
vn 0.035355 0.086603 -0.035355
vn 0.043301 0.086603 -0.025000
vn 0.048296 0.086603 -0.012941
vn 0.050000 0.086603 0.000000
vn 0.048296 0.086603 0.012941
vn 0.043301 0.086603 0.025000
vn 0.035355 0.086603 0.035355
vn 0.025000 0.086603 0.043301
vn 0.012941 0.086603 0.048296
vn 0.000000 0.086603 0.050000
vn -0.012941 0.086603 0.048296
vn -0.025000 0.086603 0.043301
vn -0.035355 0.086603 0.035355
vn -0.043301 0.086603 0.025000
vn -0.048296 0.086603 0.012941
vn -0.050000 0.086603 0.000000
vn -0.048296 0.086603 -0.012941
vn -0.043301 0.086603 -0.025000
vn -0.035355 0.086603 -0.035355
vn -0.025000 0.086603 -0.043301
vn -0.012941 0.086603 -0.048296
vn 0.096593 0.000000 -0.025882
vn 0.100000 0.000000 -0.000000
vn 0.096593 -0.000000 0.025882
vn 0.086603 -0.000000 0.050000
vn 0.070711 -0.000000 0.070711
vn 0.050000 -0.000000 0.086603
vn 0.025882 -0.000000 0.096593
vn -0.000000 0.000000 0.100000
vn -0.025882 0.000000 0.096593
vn -0.050000 0.000000 0.086603
vn -0.070711 0.000000 0.070711
vn -0.086603 0.000000 0.050000
vn -0.096593 0.000000 0.025882
vn -0.100000 0.000000 0.000000
vn -0.096593 0.000000 -0.025882
vn -0.086603 0.000000 -0.050000
vn -0.070711 0.000000 -0.070711
vn -0.050000 0.000000 -0.086603
vn -0.025882 0.000000 -0.096593
vn -0.000000 0.000000 -0.100000
vn 0.025882 0.000000 -0.096593
vn 0.050000 0.000000 -0.086603
vn 0.070711 0.000000 -0.070711
vn 0.086603 0.000000 -0.050000
vn 0.096593 0.000000 -0.025882
vn 0.093301 0.025882 -0.025000
vn 0.100000 -0.000000 0.000000
vn 0.096593 0.025882 0.000000
vn 0.096593 -0.000000 0.025882
vn 0.093301 0.025882 0.025000
vn 0.086603 -0.000000 0.050000
vn 0.083652 0.025882 0.048296
vn 0.070711 -0.000000 0.070711
vn 0.068301 0.025882 0.068301
vn 0.050000 -0.000000 0.086603
vn 0.048296 0.025882 0.083652
vn 0.025882 -0.000000 0.096593
vn 0.025000 0.025882 0.093301
vn 0.000000 0.000000 0.100000
vn 0.000000 0.025882 0.096593
vn -0.025882 0.000000 0.096593
vn -0.025000 0.025882 0.093301
vn -0.050000 0.000000 0.086603
vn -0.048296 0.025882 0.083652
vn -0.070711 0.000000 0.070711
vn -0.068301 0.025882 0.068301
vn -0.086603 0.000000 0.050000
vn -0.083652 0.025882 0.048296
vn -0.096593 0.000000 0.025882
vn -0.093301 0.025882 0.025000
vn -0.100000 0.000000 0.000000
vn -0.096593 0.025882 0.000000
vn -0.096593 0.000000 -0.025882
vn -0.093301 0.025882 -0.025000
vn -0.086603 0.000000 -0.050000
vn -0.083652 0.025882 -0.048296
vn -0.070711 0.000000 -0.070711
vn -0.068301 0.025882 -0.068301
vn -0.050000 0.000000 -0.086603
vn -0.048296 0.025882 -0.083652
vn -0.025882 0.000000 -0.096593
vn -0.025000 0.025882 -0.093301
vn -0.000000 0.000000 -0.100000
vn -0.000000 0.025882 -0.096593
vn 0.025882 0.000000 -0.096593
vn 0.025000 0.025882 -0.093301
vn 0.050000 0.000000 -0.086603
vn 0.048296 0.025882 -0.083652
vn 0.070711 0.000000 -0.070711
vn 0.068301 0.025882 -0.068301
vn 0.086603 0.000000 -0.050000
vn 0.083652 0.025882 -0.048296
vn -0.000000 0.100000 -0.000000
vn 0.025000 0.096593 0.006699
vn 0.000000 0.100000 0.000000
vn 0.025882 0.096593 0.000000
vn 0.000000 0.100000 -0.000000
vn 0.025000 0.096593 -0.006699
vn -0.000000 0.100000 0.000000
vn 0.022414 0.096593 -0.012941
vn 0.000000 0.100000 -0.000000
vn 0.018301 0.096593 -0.018301
vn 0.000000 0.100000 -0.000000
vn 0.012941 0.096593 -0.022414
vn 0.000000 0.100000 -0.000000
vn 0.006699 0.096593 -0.025000
vn 0.000000 0.100000 -0.000000
vn 0.000000 0.096593 -0.025882
vn -0.000000 0.100000 -0.000000
vn -0.006699 0.096593 -0.025000
vn -0.000000 0.100000 -0.000000
vn -0.012941 0.096593 -0.022414
vn -0.000000 0.100000 -0.000000
vn -0.018301 0.096593 -0.018301
vn -0.000000 0.100000 -0.000000
vn -0.022414 0.096593 -0.012941
vn -0.000000 0.100000 -0.000000
vn -0.025000 0.096593 -0.006699
vn -0.000000 0.100000 0.000000
vn -0.025882 0.096593 0.000000
vn -0.000000 0.100000 0.000000
vn -0.025000 0.096593 0.006699
vn 0.000000 0.100000 -0.000000
vn -0.022414 0.096593 0.012941
vn -0.000000 0.100000 0.000000
vn -0.018301 0.096593 0.018301
vn 0.000000 0.100000 -0.000000
vn -0.012941 0.096593 0.022414
vn -0.000000 0.100000 0.000000
vn -0.006699 0.096593 0.025000
vn 0.000000 0.100000 0.000000
vn 0.000000 0.096593 0.025882
vn 0.000000 0.100000 0.000000
vn 0.006699 0.096593 0.025000
vn 0.000000 0.100000 0.000000
vn 0.012941 0.096593 0.022414
vn 0.000000 0.100000 0.000000
vn 0.018301 0.096593 0.018301
vn -0.000000 0.100000 -0.000000
vn 0.022414 0.096593 0.012941
vn 0.000000 0.050000 -0.086603
vn 0.022414 0.050000 -0.083652
vn 0.043301 0.050000 -0.075000
vn 0.061237 0.050000 -0.061237
vn 0.075000 0.050000 -0.043301
vn 0.083652 0.050000 -0.022414
vn 0.086603 0.050000 0.000000
vn 0.083652 0.050000 0.022414
vn 0.075000 0.050000 0.043301
vn 0.061237 0.050000 0.061237
vn 0.043301 0.050000 0.075000
vn 0.022414 0.050000 0.083652
vn 0.000000 0.050000 0.086603
vn -0.022414 0.050000 0.083652
vn -0.043301 0.050000 0.075000
vn -0.061237 0.050000 0.061237
vn -0.075000 0.050000 0.043301
vn -0.083652 0.050000 0.022414
vn -0.086603 0.050000 0.000000
vn -0.083652 0.050000 -0.022414
vn -0.075000 0.050000 -0.043301
vn -0.061237 0.050000 -0.061237
vn -0.043301 0.050000 -0.075000
vn -0.022414 0.050000 -0.083652
vn 0.000000 0.070711 -0.070711
vn 0.018301 0.070711 -0.068301
vn 0.035355 0.070711 -0.061237
vn 0.050000 0.070711 -0.050000
vn 0.061237 0.070711 -0.035355
vn 0.068301 0.070711 -0.018301
vn 0.070711 0.070711 0.000000
vn 0.068301 0.070711 0.018301
vn 0.061237 0.070711 0.035355
vn 0.050000 0.070711 0.050000
vn 0.035355 0.070711 0.061237
vn 0.018301 0.070711 0.068301
vn 0.000000 0.070711 0.070711
vn -0.018301 0.070711 0.068301
vn -0.035355 0.070711 0.061237
vn -0.050000 0.070711 0.050000
vn -0.061237 0.070711 0.035355
vn -0.068301 0.070711 0.018301
vn -0.070711 0.070711 0.000000
vn -0.068301 0.070711 -0.018301
vn -0.061237 0.070711 -0.035355
vn -0.050000 0.070711 -0.050000
vn -0.035355 0.070711 -0.061237
vn -0.018301 0.070711 -0.068301
vn 0.000000 0.086603 -0.050000
vn 0.012941 0.086603 -0.048296
vn 0.025000 0.086603 -0.043301
vn 0.035355 0.086603 -0.035355
vn 0.043301 0.086603 -0.025000
vn 0.048296 0.086603 -0.012941
vn 0.050000 0.086603 0.000000
vn 0.048296 0.086603 0.012941
vn 0.043301 0.086603 0.025000
vn 0.035355 0.086603 0.035355
vn 0.025000 0.086603 0.043301
vn 0.012941 0.086603 0.048296
vn 0.000000 0.086603 0.050000
vn -0.012941 0.086603 0.048296
vn -0.025000 0.086603 0.043301
vn -0.035355 0.086603 0.035355
vn -0.043301 0.086603 0.025000
vn -0.048296 0.086603 0.012941
vn -0.050000 0.086603 0.000000
vn -0.048296 0.086603 -0.012941
vn -0.043301 0.086603 -0.025000
vn -0.035355 0.086603 -0.035355
vn -0.025000 0.086603 -0.043301
vn -0.012941 0.086603 -0.048296
vn 0.096593 0.000000 -0.025882
vn 0.100000 0.000000 -0.000000
vn 0.096593 -0.000000 0.025882
vn 0.086603 -0.000000 0.050000
vn 0.070711 -0.000000 0.070711
vn 0.050000 -0.000000 0.086603
vn 0.025882 -0.000000 0.096593
vn -0.000000 0.000000 0.100000
vn -0.025882 0.000000 0.096593
vn -0.050000 0.000000 0.086603
vn -0.070711 0.000000 0.070711
vn -0.086603 0.000000 0.050000
vn -0.096593 0.000000 0.025882
vn -0.100000 0.000000 0.000000
vn -0.096593 0.000000 -0.025882
vn -0.086603 0.000000 -0.050000
vn -0.070711 0.000000 -0.070711
vn -0.050000 0.000000 -0.086603
vn -0.025882 0.000000 -0.096593
vn -0.000000 0.000000 -0.100000
vn 0.025882 0.000000 -0.096593
vn 0.050000 0.000000 -0.086603
vn 0.070711 0.000000 -0.070711
vn 0.086603 0.000000 -0.050000
vn 0.096593 0.000000 -0.025882
vn 0.093301 0.025882 -0.025000
vn 0.100000 0.000000 -0.000000
vn 0.096593 0.025882 -0.000000
vn 0.096593 -0.000000 0.025882
vn 0.093301 0.025882 0.025000
vn 0.086603 -0.000000 0.050000
vn 0.083652 0.025882 0.048296
vn 0.070711 -0.000000 0.070711
vn 0.068301 0.025882 0.068301
vn 0.050000 -0.000000 0.086603
vn 0.048296 0.025882 0.083652
vn 0.025882 -0.000000 0.096593
vn 0.025000 0.025882 0.093301
vn 0.000000 0.000000 0.100000
vn 0.000000 0.025882 0.096593
vn -0.025882 0.000000 0.096593
vn -0.025000 0.025882 0.093301
vn -0.050000 0.000000 0.086603
vn -0.048296 0.025882 0.083652
vn -0.070711 0.000000 0.070711
vn -0.068301 0.025882 0.068301
vn -0.086603 0.000000 0.050000
vn -0.083652 0.025882 0.048296
vn -0.096593 0.000000 0.025882
vn -0.093301 0.025882 0.025000
vn -0.100000 0.000000 0.000000
vn -0.096593 0.025882 0.000000
vn -0.096593 0.000000 -0.025882
vn -0.093301 0.025882 -0.025000
vn -0.086603 0.000000 -0.050000
vn -0.083652 0.025882 -0.048296
vn -0.070711 0.000000 -0.070711
vn -0.068301 0.025882 -0.068301
vn -0.050000 0.000000 -0.086603
vn -0.048296 0.025882 -0.083652
vn -0.025882 0.000000 -0.096593
vn -0.025000 0.025882 -0.093301
vn -0.000000 0.000000 -0.100000
vn -0.000000 0.025882 -0.096593
vn 0.025882 0.000000 -0.096593
vn 0.025000 0.025882 -0.093301
vn 0.050000 0.000000 -0.086603
vn 0.048296 0.025882 -0.083652
vn 0.070711 0.000000 -0.070711
vn 0.068301 0.025882 -0.068301
vn 0.086603 0.000000 -0.050000
vn 0.083652 0.025882 -0.048296
vn -0.000000 0.100000 -0.000000
vn 0.025000 0.096593 0.006699
vn 0.000000 0.100000 0.000000
vn 0.025882 0.096593 0.000000
vn -0.000000 0.100000 0.000000
vn 0.025000 0.096593 -0.006699
vn 0.000000 0.100000 -0.000000
vn 0.022414 0.096593 -0.012941
vn 0.000000 0.100000 -0.000000
vn 0.018301 0.096593 -0.018301
vn 0.000000 0.100000 -0.000000
vn 0.012941 0.096593 -0.022414
vn 0.000000 0.100000 -0.000000
vn 0.006699 0.096593 -0.025000
vn 0.000000 0.100000 -0.000000
vn 0.000000 0.096593 -0.025882
vn 0.000000 0.100000 0.000000
vn -0.006699 0.096593 -0.025000
vn -0.000000 0.100000 -0.000000
vn -0.012941 0.096593 -0.022414
vn -0.000000 0.100000 -0.000000
vn -0.018301 0.096593 -0.018301
vn -0.000000 0.100000 -0.000000
vn -0.022414 0.096593 -0.012941
vn -0.000000 0.100000 -0.000000
vn -0.025000 0.096593 -0.006699
vn -0.000000 0.100000 0.000000
vn -0.025882 0.096593 0.000000
vn -0.000000 0.100000 0.000000
vn -0.025000 0.096593 0.006699
vn -0.000000 0.100000 0.000000
vn -0.022414 0.096593 0.012941
vn -0.000000 0.100000 0.000000
vn -0.018301 0.096593 0.018301
vn -0.000000 0.100000 0.000000
vn -0.012941 0.096593 0.022414
vn -0.000000 0.100000 0.000000
vn -0.006699 0.096593 0.025000
vn 0.000000 0.100000 0.000000
vn 0.000000 0.096593 0.025882
vn 0.000000 0.100000 0.000000
vn 0.006699 0.096593 0.025000
vn 0.000000 0.100000 0.000000
vn 0.012941 0.096593 0.022414
vn -0.000000 0.100000 -0.000000
vn 0.018301 0.096593 0.018301
vn -0.000000 0.100000 -0.000000
vn 0.022414 0.096593 0.012941
vn 0.000000 0.050000 -0.086603
vn 0.022414 0.050000 -0.083652
vn 0.043301 0.050000 -0.075000
vn 0.061237 0.050000 -0.061237
vn 0.075000 0.050000 -0.043301
vn 0.083652 0.050000 -0.022414
vn 0.086603 0.050000 0.000000
vn 0.083652 0.050000 0.022414
vn 0.075000 0.050000 0.043301
vn 0.061237 0.050000 0.061237
vn 0.043301 0.050000 0.075000
vn 0.022414 0.050000 0.083652
vn 0.000000 0.050000 0.086603
vn -0.022414 0.050000 0.083652
vn -0.043301 0.050000 0.075000
vn -0.061237 0.050000 0.061237
vn -0.075000 0.050000 0.043301
vn -0.083652 0.050000 0.022414
vn -0.086603 0.050000 0.000000
vn -0.083652 0.050000 -0.022414
vn -0.075000 0.050000 -0.043301
vn -0.061237 0.050000 -0.061237
vn -0.043301 0.050000 -0.075000
vn -0.022414 0.050000 -0.083652
vn 0.000000 0.070711 -0.070711
vn 0.018301 0.070711 -0.068301
vn 0.035355 0.070711 -0.061237
vn 0.050000 0.070711 -0.050000
vn 0.061237 0.070711 -0.035355
vn 0.068301 0.070711 -0.018301
vn 0.070711 0.070711 0.000000
vn 0.068301 0.070711 0.018301
vn 0.061237 0.070711 0.035355
vn 0.050000 0.070711 0.050000
vn 0.035355 0.070711 0.061237
vn 0.018301 0.070711 0.068301
vn 0.000000 0.070711 0.070711
vn -0.018301 0.070711 0.068301
vn -0.035355 0.070711 0.061237
vn -0.050000 0.070711 0.050000
vn -0.061237 0.070711 0.035355
vn -0.068301 0.070711 0.018301
vn -0.070711 0.070711 0.000000
vn -0.068301 0.070711 -0.018301
vn -0.061237 0.070711 -0.035355
vn -0.050000 0.070711 -0.050000
vn -0.035355 0.070711 -0.061237
vn -0.018301 0.070711 -0.068301
vn 0.000000 0.086603 -0.050000
vn 0.012941 0.086603 -0.048296
vn 0.025000 0.086603 -0.043301
vn 0.035355 0.086603 -0.035355
vn 0.043301 0.086603 -0.025000
vn 0.048296 0.086603 -0.012941
vn 0.050000 0.086603 0.000000
vn 0.048296 0.086603 0.012941
vn 0.043301 0.086603 0.025000
vn 0.035355 0.086603 0.035355
vn 0.025000 0.086603 0.043301
vn 0.012941 0.086603 0.048296
vn 0.000000 0.086603 0.050000
vn -0.012941 0.086603 0.048296
vn -0.025000 0.086603 0.043301
vn -0.035355 0.086603 0.035355
vn -0.043301 0.086603 0.025000
vn -0.048296 0.086603 0.012941
vn -0.050000 0.086603 0.000000
vn -0.048296 0.086603 -0.012941
vn -0.043301 0.086603 -0.025000
vn -0.035355 0.086603 -0.035355
vn -0.025000 0.086603 -0.043301
vn -0.012941 0.086603 -0.048296
vn 0.096593 0.000000 -0.025882
vn 0.100000 0.000000 -0.000000
vn 0.096593 -0.000000 0.025882
vn 0.086603 -0.000000 0.050000
vn 0.070711 -0.000000 0.070711
vn 0.050000 -0.000000 0.086603
vn 0.025882 -0.000000 0.096593
vn -0.000000 0.000000 0.100000
vn -0.025882 0.000000 0.096593
vn -0.050000 0.000000 0.086603
vn -0.070711 0.000000 0.070711
vn -0.086603 0.000000 0.050000
vn -0.096593 0.000000 0.025882
vn -0.100000 0.000000 0.000000
vn -0.096593 0.000000 -0.025882
vn -0.086603 0.000000 -0.050000
vn -0.070711 0.000000 -0.070711
vn -0.050000 0.000000 -0.086603
vn -0.025882 0.000000 -0.096593
vn -0.000000 0.000000 -0.100000
vn 0.025882 0.000000 -0.096593
vn 0.050000 0.000000 -0.086603
vn 0.070711 0.000000 -0.070711
vn 0.086603 0.000000 -0.050000
vn 0.096593 0.000000 -0.025882
vn 0.093301 0.025882 -0.025000
vn 0.100000 0.000000 -0.000000
vn 0.096593 0.025882 -0.000000
vn 0.096593 -0.000000 0.025882
vn 0.093301 0.025882 0.025000
vn 0.086603 -0.000000 0.050000
vn 0.083652 0.025882 0.048296
vn 0.070711 -0.000000 0.070711
vn 0.068301 0.025882 0.068301
vn 0.050000 -0.000000 0.086603
vn 0.048296 0.025882 0.083652
vn 0.025882 -0.000000 0.096593
vn 0.025000 0.025882 0.093301
vn 0.000000 0.000000 0.100000
vn 0.000000 0.025882 0.096593
vn -0.025882 0.000000 0.096593
vn -0.025000 0.025882 0.093301
vn -0.050000 0.000000 0.086603
vn -0.048296 0.025882 0.083652
vn -0.070711 0.000000 0.070711
vn -0.068301 0.025882 0.068301
vn -0.086603 0.000000 0.050000
vn -0.083652 0.025882 0.048296
vn -0.096593 0.000000 0.025882
vn -0.093301 0.025882 0.025000
vn -0.100000 0.000000 0.000000
vn -0.096593 0.025882 0.000000
vn -0.096593 0.000000 -0.025882
vn -0.093301 0.025882 -0.025000
vn -0.086603 0.000000 -0.050000
vn -0.083652 0.025882 -0.048296
vn -0.070711 0.000000 -0.070711
vn -0.068301 0.025882 -0.068301
vn -0.050000 0.000000 -0.086603
vn -0.048296 0.025882 -0.083652
vn -0.025882 0.000000 -0.096593
vn -0.025000 0.025882 -0.093301
vn -0.000000 0.000000 -0.100000
vn -0.000000 0.025882 -0.096593
vn 0.025882 0.000000 -0.096593
vn 0.025000 0.025882 -0.093301
vn 0.050000 0.000000 -0.086603
vn 0.048296 0.025882 -0.083652
vn 0.070711 0.000000 -0.070711
vn 0.068301 0.025882 -0.068301
vn 0.086603 0.000000 -0.050000
vn 0.083652 0.025882 -0.048296
vn 0.000000 0.100000 0.000000
vn 0.025000 0.096593 0.006699
vn 0.000000 0.100000 0.000000
vn 0.025882 0.096593 0.000000
vn 0.000000 0.100000 -0.000000
vn 0.025000 0.096593 -0.006699
vn -0.000000 0.100000 0.000000
vn 0.022414 0.096593 -0.012941
vn 0.000000 0.100000 -0.000000
vn 0.018301 0.096593 -0.018301
vn -0.000000 0.100000 0.000000
vn 0.012941 0.096593 -0.022414
vn 0.000000 0.100000 -0.000000
vn 0.006699 0.096593 -0.025000
vn 0.000000 0.100000 -0.000000
vn 0.000000 0.096593 -0.025882
vn -0.000000 0.100000 -0.000000
vn -0.006699 0.096593 -0.025000
vn 0.000000 0.100000 0.000000
vn -0.012941 0.096593 -0.022414
vn -0.000000 0.100000 -0.000000
vn -0.018301 0.096593 -0.018301
vn 0.000000 0.100000 0.000000
vn -0.022414 0.096593 -0.012941
vn -0.000000 0.100000 -0.000000
vn -0.025000 0.096593 -0.006699
vn -0.000000 0.100000 0.000000
vn -0.025882 0.096593 0.000000
vn -0.000000 0.100000 0.000000
vn -0.025000 0.096593 0.006699
vn -0.000000 0.100000 0.000000
vn -0.022414 0.096593 0.012941
vn -0.000000 0.100000 0.000000
vn -0.018301 0.096593 0.018301
vn -0.000000 0.100000 0.000000
vn -0.012941 0.096593 0.022414
vn -0.000000 0.100000 0.000000
vn -0.006699 0.096593 0.025000
vn 0.000000 0.100000 0.000000
vn 0.000000 0.096593 0.025882
vn 0.000000 0.100000 0.000000
vn 0.006699 0.096593 0.025000
vn -0.000000 0.100000 -0.000000
vn 0.012941 0.096593 0.022414
vn 0.000000 0.100000 0.000000
vn 0.018301 0.096593 0.018301
vn 0.000000 0.100000 0.000000
vn 0.022414 0.096593 0.012941
vn 0.000000 0.050000 -0.086603
vn 0.022414 0.050000 -0.083652
vn 0.043301 0.050000 -0.075000
vn 0.061237 0.050000 -0.061237
vn 0.075000 0.050000 -0.043301
vn 0.083652 0.050000 -0.022414
vn 0.086603 0.050000 0.000000
vn 0.083652 0.050000 0.022414
vn 0.075000 0.050000 0.043301
vn 0.061237 0.050000 0.061237
vn 0.043301 0.050000 0.075000
vn 0.022414 0.050000 0.083652
vn 0.000000 0.050000 0.086603
vn -0.022414 0.050000 0.083652
vn -0.043301 0.050000 0.075000
vn -0.061237 0.050000 0.061237
vn -0.075000 0.050000 0.043301
vn -0.083652 0.050000 0.022414
vn -0.086603 0.050000 0.000000
vn -0.083652 0.050000 -0.022414
vn -0.075000 0.050000 -0.043301
vn -0.061237 0.050000 -0.061237
vn -0.043301 0.050000 -0.075000
vn -0.022414 0.050000 -0.083652
vn 0.000000 0.070711 -0.070711
vn 0.018301 0.070711 -0.068301
vn 0.035355 0.070711 -0.061237
vn 0.050000 0.070711 -0.050000
vn 0.061237 0.070711 -0.035355
vn 0.068301 0.070711 -0.018301
vn 0.070711 0.070711 0.000000
vn 0.068301 0.070711 0.018301
vn 0.061237 0.070711 0.035355
vn 0.050000 0.070711 0.050000
vn 0.035355 0.070711 0.061237
vn 0.018301 0.070711 0.068301
vn 0.000000 0.070711 0.070711
vn -0.018301 0.070711 0.068301
vn -0.035355 0.070711 0.061237
vn -0.050000 0.070711 0.050000
vn -0.061237 0.070711 0.035355
vn -0.068301 0.070711 0.018301
vn -0.070711 0.070711 0.000000
vn -0.068301 0.070711 -0.018301
vn -0.061237 0.070711 -0.035355
vn -0.050000 0.070711 -0.050000
vn -0.035355 0.070711 -0.061237
vn -0.018301 0.070711 -0.068301
vn 0.000000 0.086603 -0.050000
vn 0.012941 0.086603 -0.048296
vn 0.025000 0.086603 -0.043301
vn 0.035355 0.086603 -0.035355
vn 0.043301 0.086603 -0.025000
vn 0.048296 0.086603 -0.012941
vn 0.050000 0.086603 0.000000
vn 0.048296 0.086603 0.012941
vn 0.043301 0.086603 0.025000
vn 0.035355 0.086603 0.035355
vn 0.025000 0.086603 0.043301
vn 0.012941 0.086603 0.048296
vn 0.000000 0.086603 0.050000
vn -0.012941 0.086603 0.048296
vn -0.025000 0.086603 0.043301
vn -0.035355 0.086603 0.035355
vn -0.043301 0.086603 0.025000
vn -0.048296 0.086603 0.012941
vn -0.050000 0.086603 0.000000
vn -0.048296 0.086603 -0.012941
vn -0.043301 0.086603 -0.025000
vn -0.035355 0.086603 -0.035355
vn -0.025000 0.086603 -0.043301
vn -0.012941 0.086603 -0.048296
vn 0.096593 0.000000 -0.025882
vn 0.100000 0.000000 -0.000000
vn 0.096593 -0.000000 0.025882
vn 0.086603 -0.000000 0.050000
vn 0.070711 -0.000000 0.070711
vn 0.050000 -0.000000 0.086603
vn 0.025882 -0.000000 0.096593
vn -0.000000 0.000000 0.100000
vn -0.025882 0.000000 0.096593
vn -0.050000 0.000000 0.086603
vn -0.070711 0.000000 0.070711
vn -0.086603 0.000000 0.050000
vn -0.096593 0.000000 0.025882
vn -0.100000 0.000000 0.000000
vn -0.096593 0.000000 -0.025882
vn -0.086603 0.000000 -0.050000
vn -0.070711 0.000000 -0.070711
vn -0.050000 0.000000 -0.086603
vn -0.025882 0.000000 -0.096593
vn -0.000000 0.000000 -0.100000
vn 0.025882 0.000000 -0.096593
vn 0.050000 0.000000 -0.086603
vn 0.070711 0.000000 -0.070711
vn 0.086603 0.000000 -0.050000
vn 0.096593 0.000000 -0.025882
vn 0.093301 0.025882 -0.025000
vn 0.100000 0.000000 -0.000000
vn 0.096593 0.025882 -0.000000
vn 0.096593 -0.000000 0.025882
vn 0.093301 0.025882 0.025000
vn 0.086603 -0.000000 0.050000
vn 0.083652 0.025882 0.048296
vn 0.070711 -0.000000 0.070711
vn 0.068301 0.025882 0.068301
vn 0.050000 -0.000000 0.086603
vn 0.048296 0.025882 0.083652
vn 0.025882 -0.000000 0.096593
vn 0.025000 0.025882 0.093301
vn 0.000000 0.000000 0.100000
vn 0.000000 0.025882 0.096593
vn -0.025882 0.000000 0.096593
vn -0.025000 0.025882 0.093301
vn -0.050000 0.000000 0.086603
vn -0.048296 0.025882 0.083652
vn -0.070711 0.000000 0.070711
vn -0.068301 0.025882 0.068301
vn -0.086603 0.000000 0.050000
vn -0.083652 0.025882 0.048296
vn -0.096593 0.000000 0.025882
vn -0.093301 0.025882 0.025000
vn -0.100000 0.000000 0.000000
vn -0.096593 0.025882 0.000000
vn -0.096593 0.000000 -0.025882
vn -0.093301 0.025882 -0.025000
vn -0.086603 0.000000 -0.050000
vn -0.083652 0.025882 -0.048296
vn -0.070711 0.000000 -0.070711
vn -0.068301 0.025882 -0.068301
vn -0.050000 0.000000 -0.086603
vn -0.048296 0.025882 -0.083652
vn -0.025882 0.000000 -0.096593
vn -0.025000 0.025882 -0.093301
vn -0.000000 0.000000 -0.100000
vn -0.000000 0.025882 -0.096593
vn 0.025882 0.000000 -0.096593
vn 0.025000 0.025882 -0.093301
vn 0.050000 0.000000 -0.086603
vn 0.048296 0.025882 -0.083652
vn 0.070711 0.000000 -0.070711
vn 0.068301 0.025882 -0.068301
vn 0.086603 0.000000 -0.050000
vn 0.083652 0.025882 -0.048296
vn -0.000000 0.100000 -0.000000
vn 0.025000 0.096593 0.006699
vn 0.000000 0.100000 0.000000
vn 0.025882 0.096593 0.000000
vn -0.000000 0.100000 0.000000
vn 0.025000 0.096593 -0.006699
vn 0.000000 0.100000 -0.000000
vn 0.022414 0.096593 -0.012941
vn 0.000000 0.100000 -0.000000
vn 0.018301 0.096593 -0.018301
vn -0.000000 0.100000 0.000000
vn 0.012941 0.096593 -0.022414
vn 0.000000 0.100000 -0.000000
vn 0.006699 0.096593 -0.025000
vn 0.000000 0.100000 -0.000000
vn 0.000000 0.096593 -0.025882
vn -0.000000 0.100000 -0.000000
vn -0.006699 0.096593 -0.025000
vn 0.000000 0.100000 0.000000
vn -0.012941 0.096593 -0.022414
vn -0.000000 0.100000 -0.000000
vn -0.018301 0.096593 -0.018301
vn -0.000000 0.100000 -0.000000
vn -0.022414 0.096593 -0.012941
vn -0.000000 0.100000 -0.000000
vn -0.025000 0.096593 -0.006699
vn -0.000000 0.100000 0.000000
vn -0.025882 0.096593 0.000000
vn -0.000000 0.100000 0.000000
vn -0.025000 0.096593 0.006699
vn -0.000000 0.100000 0.000000
vn -0.022414 0.096593 0.012941
vn -0.000000 0.100000 0.000000
vn -0.018301 0.096593 0.018301
vn -0.000000 0.100000 0.000000
vn -0.012941 0.096593 0.022414
vn -0.000000 0.100000 0.000000
vn -0.006699 0.096593 0.025000
vn 0.000000 0.100000 0.000000
vn 0.000000 0.096593 0.025882
vn 0.000000 0.100000 0.000000
vn 0.006699 0.096593 0.025000
vn 0.000000 0.100000 0.000000
vn 0.012941 0.096593 0.022414
vn 0.000000 0.100000 0.000000
vn 0.018301 0.096593 0.018301
vn 0.000000 0.100000 0.000000
vn 0.022414 0.096593 0.012941
vn 0.000000 0.050000 -0.086603
vn 0.022414 0.050000 -0.083652
vn 0.043301 0.050000 -0.075000
vn 0.061237 0.050000 -0.061237
vn 0.075000 0.050000 -0.043301
vn 0.083652 0.050000 -0.022414
vn 0.086603 0.050000 0.000000
vn 0.083652 0.050000 0.022414
vn 0.075000 0.050000 0.043301
vn 0.061237 0.050000 0.061237
vn 0.043301 0.050000 0.075000
vn 0.022414 0.050000 0.083652
vn 0.000000 0.050000 0.086603
vn -0.022414 0.050000 0.083652
vn -0.043301 0.050000 0.075000
vn -0.061237 0.050000 0.061237
vn -0.075000 0.050000 0.043301
vn -0.083652 0.050000 0.022414
vn -0.086603 0.050000 0.000000
vn -0.083652 0.050000 -0.022414
vn -0.075000 0.050000 -0.043301
vn -0.061237 0.050000 -0.061237
vn -0.043301 0.050000 -0.075000
vn -0.022414 0.050000 -0.083652
vn 0.000000 0.070711 -0.070711
vn 0.018301 0.070711 -0.068301
vn 0.035355 0.070711 -0.061237
vn 0.050000 0.070711 -0.050000
vn 0.061237 0.070711 -0.035355
vn 0.068301 0.070711 -0.018301
vn 0.070711 0.070711 0.000000
vn 0.068301 0.070711 0.018301
vn 0.061237 0.070711 0.035355
vn 0.050000 0.070711 0.050000
vn 0.035355 0.070711 0.061237
vn 0.018301 0.070711 0.068301
vn 0.000000 0.070711 0.070711
vn -0.018301 0.070711 0.068301
vn -0.035355 0.070711 0.061237
vn -0.050000 0.070711 0.050000
vn -0.061237 0.070711 0.035355
vn -0.068301 0.070711 0.018301
vn -0.070711 0.070711 0.000000
vn -0.068301 0.070711 -0.018301
vn -0.061237 0.070711 -0.035355
vn -0.050000 0.070711 -0.050000
vn -0.035355 0.070711 -0.061237
vn -0.018301 0.070711 -0.068301
vn 0.000000 0.086603 -0.050000
vn 0.012941 0.086603 -0.048296
vn 0.025000 0.086603 -0.043301
vn 0.035355 0.086603 -0.035355
vn 0.043301 0.086603 -0.025000
vn 0.048296 0.086603 -0.012941
vn 0.050000 0.086603 0.000000
vn 0.048296 0.086603 0.012941
vn 0.043301 0.086603 0.025000
vn 0.035355 0.086603 0.035355
vn 0.025000 0.086603 0.043301
vn 0.012941 0.086603 0.048296
vn 0.000000 0.086603 0.050000
vn -0.012941 0.086603 0.048296
vn -0.025000 0.086603 0.043301
vn -0.035355 0.086603 0.035355
vn -0.043301 0.086603 0.025000
vn -0.048296 0.086603 0.012941
vn -0.050000 0.086603 0.000000
vn -0.048296 0.086603 -0.012941
vn -0.043301 0.086603 -0.025000
vn -0.035355 0.086603 -0.035355
vn -0.025000 0.086603 -0.043301
vn -0.012941 0.086603 -0.048296
vn 0.096593 0.000000 -0.025882
vn 0.100000 0.000000 -0.000000
vn 0.096593 -0.000000 0.025882
vn 0.086603 -0.000000 0.050000
vn 0.070711 -0.000000 0.070711
vn 0.050000 -0.000000 0.086603
vn 0.025882 -0.000000 0.096593
vn -0.000000 0.000000 0.100000
vn -0.025882 0.000000 0.096593
vn -0.050000 0.000000 0.086603
vn -0.070711 0.000000 0.070711
vn -0.086603 0.000000 0.050000
vn -0.096593 0.000000 0.025882
vn -0.100000 0.000000 0.000000
vn -0.096593 0.000000 -0.025882
vn -0.086603 0.000000 -0.050000
vn -0.070711 0.000000 -0.070711
vn -0.050000 0.000000 -0.086603
vn -0.025882 0.000000 -0.096593
vn -0.000000 0.000000 -0.100000
vn 0.025882 0.000000 -0.096593
vn 0.050000 0.000000 -0.086603
vn 0.070711 0.000000 -0.070711
vn 0.086603 0.000000 -0.050000
vn 0.096593 0.000000 -0.025882
vn 0.093301 0.025882 -0.025000
vn 0.100000 0.000000 -0.000000
vn 0.096593 0.025882 -0.000000
vn 0.096593 -0.000000 0.025882
vn 0.093301 0.025882 0.025000
vn 0.086603 -0.000000 0.050000
vn 0.083652 0.025882 0.048296
vn 0.070711 -0.000000 0.070711
vn 0.068301 0.025882 0.068301
vn 0.050000 -0.000000 0.086603
vn 0.048296 0.025882 0.083652
vn 0.025882 -0.000000 0.096593
vn 0.025000 0.025882 0.093301
vn 0.000000 0.000000 0.100000
vn 0.000000 0.025882 0.096593
vn -0.025882 0.000000 0.096593
vn -0.025000 0.025882 0.093301
vn -0.050000 0.000000 0.086603
vn -0.048296 0.025882 0.083652
vn -0.070711 0.000000 0.070711
vn -0.068301 0.025882 0.068301
vn -0.086603 0.000000 0.050000
vn -0.083652 0.025882 0.048296
vn -0.096593 0.000000 0.025882
vn -0.093301 0.025882 0.025000
vn -0.100000 0.000000 0.000000
vn -0.096593 0.025882 0.000000
vn -0.096593 0.000000 -0.025882
vn -0.093301 0.025882 -0.025000
vn -0.086603 0.000000 -0.050000
vn -0.083652 0.025882 -0.048296
vn -0.070711 0.000000 -0.070711
vn -0.068301 0.025882 -0.068301
vn -0.050000 0.000000 -0.086603
vn -0.048296 0.025882 -0.083652
vn -0.025882 0.000000 -0.096593
vn -0.025000 0.025882 -0.093301
vn -0.000000 0.000000 -0.100000
vn -0.000000 0.025882 -0.096593
vn 0.025882 0.000000 -0.096593
vn 0.025000 0.025882 -0.093301
vn 0.050000 0.000000 -0.086603
vn 0.048296 0.025882 -0.083652
vn 0.070711 0.000000 -0.070711
vn 0.068301 0.025882 -0.068301
vn 0.086603 0.000000 -0.050000
vn 0.083652 0.025882 -0.048296
vn -0.000000 0.100000 -0.000000
vn 0.025000 0.096593 0.006699
vn 0.000000 0.100000 0.000000
vn 0.025882 0.096593 0.000000
vn -0.000000 0.100000 0.000000
vn 0.025000 0.096593 -0.006699
vn 0.000000 0.100000 -0.000000
vn 0.022414 0.096593 -0.012941
vn 0.000000 0.100000 -0.000000
vn 0.018301 0.096593 -0.018301
vn -0.000000 0.100000 0.000000
vn 0.012941 0.096593 -0.022414
vn 0.000000 0.100000 -0.000000
vn 0.006699 0.096593 -0.025000
vn 0.000000 0.100000 -0.000000
vn 0.000000 0.096593 -0.025882
vn -0.000000 0.100000 -0.000000
vn -0.006699 0.096593 -0.025000
vn -0.000000 0.100000 -0.000000
vn -0.012941 0.096593 -0.022414
vn -0.000000 0.100000 -0.000000
vn -0.018301 0.096593 -0.018301
vn -0.000000 0.100000 -0.000000
vn -0.022414 0.096593 -0.012941
vn 0.000000 0.100000 0.000000
vn -0.025000 0.096593 -0.006699
vn -0.000000 0.100000 0.000000
vn -0.025882 0.096593 0.000000
vn 0.000000 0.100000 -0.000000
vn -0.025000 0.096593 0.006699
vn -0.000000 0.100000 0.000000
vn -0.022414 0.096593 0.012941
vn -0.000000 0.100000 0.000000
vn -0.018301 0.096593 0.018301
vn 0.000000 0.100000 -0.000000
vn -0.012941 0.096593 0.022414
vn 0.000000 0.100000 -0.000000
vn -0.006699 0.096593 0.025000
vn 0.000000 0.100000 0.000000
vn 0.000000 0.096593 0.025882
vn 0.000000 0.100000 0.000000
vn 0.006699 0.096593 0.025000
vn 0.000000 0.100000 0.000000
vn 0.012941 0.096593 0.022414
vn 0.000000 0.100000 0.000000
vn 0.018301 0.096593 0.018301
vn 0.000000 0.100000 0.000000
vn 0.022414 0.096593 0.012941
vn 0.000000 0.050000 -0.086603
vn 0.022414 0.050000 -0.083652
vn 0.043301 0.050000 -0.075000
vn 0.061237 0.050000 -0.061237
vn 0.075000 0.050000 -0.043301
vn 0.083652 0.050000 -0.022414
vn 0.086603 0.050000 0.000000
vn 0.083652 0.050000 0.022414
vn 0.075000 0.050000 0.043301
vn 0.061237 0.050000 0.061237
vn 0.043301 0.050000 0.075000
vn 0.022414 0.050000 0.083652
vn 0.000000 0.050000 0.086603
vn -0.022414 0.050000 0.083652
vn -0.043301 0.050000 0.075000
vn -0.061237 0.050000 0.061237
vn -0.075000 0.050000 0.043301
vn -0.083652 0.050000 0.022414
vn -0.086603 0.050000 0.000000
vn -0.083652 0.050000 -0.022414
vn -0.075000 0.050000 -0.043301
vn -0.061237 0.050000 -0.061237
vn -0.043301 0.050000 -0.075000
vn -0.022414 0.050000 -0.083652
vn 0.000000 0.070711 -0.070711
vn 0.018301 0.070711 -0.068301
vn 0.035355 0.070711 -0.061237
vn 0.050000 0.070711 -0.050000
vn 0.061237 0.070711 -0.035355
vn 0.068301 0.070711 -0.018301
vn 0.070711 0.070711 0.000000
vn 0.068301 0.070711 0.018301
vn 0.061237 0.070711 0.035355
vn 0.050000 0.070711 0.050000
vn 0.035355 0.070711 0.061237
vn 0.018301 0.070711 0.068301
vn 0.000000 0.070711 0.070711
vn -0.018301 0.070711 0.068301
vn -0.035355 0.070711 0.061237
vn -0.050000 0.070711 0.050000
vn -0.061237 0.070711 0.035355
vn -0.068301 0.070711 0.018301
vn -0.070711 0.070711 0.000000
vn -0.068301 0.070711 -0.018301
vn -0.061237 0.070711 -0.035355
vn -0.050000 0.070711 -0.050000
vn -0.035355 0.070711 -0.061237
vn -0.018301 0.070711 -0.068301
vn 0.000000 0.086603 -0.050000
vn 0.012941 0.086603 -0.048296
vn 0.025000 0.086603 -0.043301
vn 0.035355 0.086603 -0.035355
vn 0.043301 0.086603 -0.025000
vn 0.048296 0.086603 -0.012941
vn 0.050000 0.086603 0.000000
vn 0.048296 0.086603 0.012941
vn 0.043301 0.086603 0.025000
vn 0.035355 0.086603 0.035355
vn 0.025000 0.086603 0.043301
vn 0.012941 0.086603 0.048296
vn 0.000000 0.086603 0.050000
vn -0.012941 0.086603 0.048296
vn -0.025000 0.086603 0.043301
vn -0.035355 0.086603 0.035355
vn -0.043301 0.086603 0.025000
vn -0.048296 0.086603 0.012941
vn -0.050000 0.086603 0.000000
vn -0.048296 0.086603 -0.012941
vn -0.043301 0.086603 -0.025000
vn -0.035355 0.086603 -0.035355
vn -0.025000 0.086603 -0.043301
vn -0.012941 0.086603 -0.048296
vn 0.096593 0.000000 -0.025882
vn 0.100000 0.000000 -0.000000
vn 0.096593 -0.000000 0.025882
vn 0.086603 -0.000000 0.050000
vn 0.070711 -0.000000 0.070711
vn 0.050000 -0.000000 0.086603
vn 0.025882 -0.000000 0.096593
vn -0.000000 0.000000 0.100000
vn -0.025882 0.000000 0.096593
vn -0.050000 0.000000 0.086603
vn -0.070711 0.000000 0.070711
vn -0.086603 0.000000 0.050000
vn -0.096593 0.000000 0.025882
vn -0.100000 0.000000 0.000000
vn -0.096593 0.000000 -0.025882
vn -0.086603 0.000000 -0.050000
vn -0.070711 0.000000 -0.070711
vn -0.050000 0.000000 -0.086603
vn -0.025882 0.000000 -0.096593
vn -0.000000 0.000000 -0.100000
vn 0.025882 0.000000 -0.096593
vn 0.050000 0.000000 -0.086603
vn 0.070711 0.000000 -0.070711
vn 0.086603 0.000000 -0.050000
vn 0.096593 0.000000 0.025882
vn 0.096593 0.000000 0.025882
vn 0.100000 0.000000 0.000000
vn 0.100000 0.000000 0.000000
vn 0.096593 0.000000 -0.025882
vn 0.096593 0.000000 -0.025882
vn 0.086603 0.000000 -0.050000
vn 0.086603 0.000000 -0.050000
vn 0.070711 0.000000 -0.070711
vn 0.070711 0.000000 -0.070711
vn 0.050000 0.000000 -0.086603
vn 0.050000 0.000000 -0.086603
vn 0.025882 0.000000 -0.096593
vn 0.025882 0.000000 -0.096593
vn -0.000000 0.000000 -0.100000
vn -0.000000 0.000000 -0.100000
vn -0.025882 0.000000 -0.096593
vn -0.025882 0.000000 -0.096593
vn -0.050000 0.000000 -0.086603
vn -0.050000 0.000000 -0.086603
vn -0.070711 0.000000 -0.070711
vn -0.070711 0.000000 -0.070711
vn -0.086603 0.000000 -0.050000
vn -0.086603 0.000000 -0.050000
vn -0.096593 0.000000 -0.025882
vn -0.096593 0.000000 -0.025882
vn -0.100000 0.000000 0.000000
vn -0.100000 0.000000 0.000000
vn -0.096593 0.000000 0.025882
vn -0.096593 0.000000 0.025882
vn -0.086603 0.000000 0.050000
vn -0.086603 0.000000 0.050000
vn -0.070711 0.000000 0.070711
vn -0.070711 0.000000 0.070711
vn -0.050000 0.000000 0.086603
vn -0.050000 0.000000 0.086603
vn -0.025882 0.000000 0.096593
vn -0.025882 0.000000 0.096593
vn -0.000000 0.000000 0.100000
vn -0.000000 0.000000 0.100000
vn 0.025882 0.000000 0.096593
vn 0.025882 0.000000 0.096593
vn 0.050000 0.000000 0.086603
vn 0.050000 0.000000 0.086603
vn 0.070711 0.000000 0.070711
vn 0.070711 0.000000 0.070711
vn 0.086603 0.000000 0.050000
vn 0.086603 0.000000 0.050000
vn -0.096593 0.000000 0.025882
vn -0.096593 0.000000 0.025882
vn -0.100000 0.000000 0.000000
vn -0.100000 0.000000 0.000000
vn -0.096593 0.000000 -0.025882
vn -0.096593 0.000000 -0.025882
vn -0.086603 0.000000 -0.050000
vn -0.086603 0.000000 -0.050000
vn -0.070711 0.000000 -0.070711
vn -0.070711 0.000000 -0.070711
vn -0.050000 0.000000 -0.086603
vn -0.050000 0.000000 -0.086603
vn -0.025882 0.000000 -0.096593
vn -0.025882 0.000000 -0.096593
vn 0.000000 0.000000 -0.100000
vn 0.000000 0.000000 -0.100000
vn 0.025882 0.000000 -0.096593
vn 0.025882 0.000000 -0.096593
vn 0.050000 0.000000 -0.086603
vn 0.050000 0.000000 -0.086603
vn 0.070711 0.000000 -0.070711
vn 0.070711 0.000000 -0.070711
vn 0.086603 0.000000 -0.050000
vn 0.086603 0.000000 -0.050000
vn 0.096593 0.000000 -0.025882
vn 0.096593 0.000000 -0.025882
vn 0.100000 0.000000 0.000000
vn 0.100000 0.000000 0.000000
vn 0.096593 0.000000 0.025882
vn 0.096593 0.000000 0.025882
vn 0.086603 0.000000 0.050000
vn 0.086603 0.000000 0.050000
vn 0.070711 0.000000 0.070711
vn 0.070711 0.000000 0.070711
vn 0.050000 0.000000 0.086603
vn 0.050000 0.000000 0.086603
vn 0.025882 0.000000 0.096593
vn 0.025882 0.000000 0.096593
vn 0.000000 0.000000 0.100000
vn 0.000000 0.000000 0.100000
vn -0.025882 0.000000 0.096593
vn -0.025882 0.000000 0.096593
vn -0.050000 0.000000 0.086603
vn -0.050000 0.000000 0.086603
vn -0.070711 0.000000 0.070711
vn -0.070711 0.000000 0.070711
vn -0.086603 0.000000 0.050000
vn -0.086603 0.000000 0.050000
vn 0.000000 -0.100000 0.000000
vn 0.000000 -0.100000 0.000000
vn 0.000000 -0.100000 0.000000
vn 0.000000 -0.100000 0.000000
vn 0.000000 -0.100000 0.000000
vn 0.000000 -0.100000 0.000000
vn 0.000000 -0.100000 0.000000
vn 0.000000 -0.100000 0.000000
vn 0.000000 -0.100000 0.000000
vn 0.000000 -0.100000 0.000000
vn 0.000000 -0.100000 0.000000
vn 0.000000 -0.100000 0.000000
vn 0.000000 -0.100000 0.000000
vn 0.000000 -0.100000 0.000000
vn 0.000000 -0.100000 0.000000
vn 0.000000 -0.100000 0.000000
vn 0.000000 -0.100000 0.000000
vn 0.000000 -0.100000 0.000000
vn 0.000000 -0.100000 0.000000
vn 0.000000 -0.100000 0.000000
vn 0.000000 -0.100000 0.000000
vn 0.000000 -0.100000 0.000000
vn 0.000000 -0.100000 0.000000
vn 0.000000 -0.100000 0.000000
vn 0.000000 -0.100000 0.000000
vn 0.000000 -0.100000 0.000000
vn 0.000000 -0.100000 0.000000
vn 0.000000 -0.100000 0.000000
vn 0.000000 -0.100000 0.000000
vn 0.000000 -0.100000 0.000000
vn 0.000000 -0.100000 0.000000
vn 0.000000 -0.100000 0.000000
vn 0.000000 -0.100000 0.000000
vn 0.000000 -0.100000 0.000000
vn 0.000000 -0.100000 0.000000
vn 0.000000 -0.100000 0.000000
vn 0.000000 -0.100000 0.000000
vn 0.000000 -0.100000 0.000000
vn 0.000000 -0.100000 0.000000
vn 0.000000 -0.100000 0.000000
vn 0.000000 -0.100000 0.000000
vn 0.000000 -0.100000 0.000000
vn 0.000000 -0.100000 0.000000
vn 0.000000 -0.100000 0.000000
vn 0.000000 -0.100000 0.000000
vn 0.000000 -0.100000 0.000000
vn 0.000000 -0.100000 0.000000
vn 0.000000 -0.100000 0.000000
vn 0.096593 0.000000 0.025882
vn 0.096593 0.000000 0.025882
vn 0.100000 0.000000 0.000000
vn 0.100000 0.000000 0.000000
vn 0.096593 0.000000 -0.025882
vn 0.096593 0.000000 -0.025882
vn 0.086603 0.000000 -0.050000
vn 0.086603 0.000000 -0.050000
vn 0.070711 0.000000 -0.070711
vn 0.070711 0.000000 -0.070711
vn 0.050000 0.000000 -0.086603
vn 0.050000 0.000000 -0.086603
vn 0.025882 0.000000 -0.096593
vn 0.025882 0.000000 -0.096593
vn -0.000000 0.000000 -0.100000
vn -0.000000 0.000000 -0.100000
vn -0.025882 0.000000 -0.096593
vn -0.025882 0.000000 -0.096593
vn -0.050000 0.000000 -0.086603
vn -0.050000 0.000000 -0.086603
vn -0.070711 0.000000 -0.070711
vn -0.070711 0.000000 -0.070711
vn -0.086603 0.000000 -0.050000
vn -0.086603 0.000000 -0.050000
vn -0.096593 0.000000 -0.025882
vn -0.096593 0.000000 -0.025882
vn -0.100000 0.000000 0.000000
vn -0.100000 0.000000 0.000000
vn -0.096593 0.000000 0.025882
vn -0.096593 0.000000 0.025882
vn -0.086603 0.000000 0.050000
vn -0.086603 0.000000 0.050000
vn -0.070711 0.000000 0.070711
vn -0.070711 0.000000 0.070711
vn -0.050000 0.000000 0.086603
vn -0.050000 0.000000 0.086603
vn -0.025882 0.000000 0.096593
vn -0.025882 0.000000 0.096593
vn -0.000000 0.000000 0.100000
vn -0.000000 0.000000 0.100000
vn 0.025882 0.000000 0.096593
vn 0.025882 0.000000 0.096593
vn 0.050000 0.000000 0.086603
vn 0.050000 0.000000 0.086603
vn 0.070711 0.000000 0.070711
vn 0.070711 0.000000 0.070711
vn 0.086603 0.000000 0.050000
vn 0.086603 0.000000 0.050000
vn -0.096593 0.000000 0.025882
vn -0.096593 0.000000 0.025882
vn -0.100000 0.000000 0.000000
vn -0.100000 0.000000 0.000000
vn -0.096593 0.000000 -0.025882
vn -0.096593 0.000000 -0.025882
vn -0.086603 0.000000 -0.050000
vn -0.086603 0.000000 -0.050000
vn -0.070711 0.000000 -0.070711
vn -0.070711 0.000000 -0.070711
vn -0.050000 0.000000 -0.086603
vn -0.050000 0.000000 -0.086603
vn -0.025882 0.000000 -0.096593
vn -0.025882 0.000000 -0.096593
vn 0.000000 0.000000 -0.100000
vn 0.000000 0.000000 -0.100000
vn 0.025882 0.000000 -0.096593
vn 0.025882 0.000000 -0.096593
vn 0.050000 0.000000 -0.086603
vn 0.050000 0.000000 -0.086603
vn 0.070711 0.000000 -0.070711
vn 0.070711 0.000000 -0.070711
vn 0.086603 0.000000 -0.050000
vn 0.086603 0.000000 -0.050000
vn 0.096593 0.000000 -0.025882
vn 0.096593 0.000000 -0.025882
vn 0.100000 0.000000 0.000000
vn 0.100000 0.000000 0.000000
vn 0.096593 0.000000 0.025882
vn 0.096593 0.000000 0.025882
vn 0.086603 0.000000 0.050000
vn 0.086603 0.000000 0.050000
vn 0.070711 0.000000 0.070711
vn 0.070711 0.000000 0.070711
vn 0.050000 0.000000 0.086603
vn 0.050000 0.000000 0.086603
vn 0.025882 0.000000 0.096593
vn 0.025882 0.000000 0.096593
vn 0.000000 0.000000 0.100000
vn 0.000000 0.000000 0.100000
vn -0.025882 0.000000 0.096593
vn -0.025882 0.000000 0.096593
vn -0.050000 0.000000 0.086603
vn -0.050000 0.000000 0.086603
vn -0.070711 0.000000 0.070711
vn -0.070711 0.000000 0.070711
vn -0.086603 0.000000 0.050000
vn -0.086603 0.000000 0.050000
vn 0.000000 -0.100000 0.000000
vn 0.000000 -0.100000 0.000000
vn 0.000000 -0.100000 0.000000
vn 0.000000 -0.100000 0.000000
vn 0.000000 -0.100000 0.000000
vn 0.000000 -0.100000 0.000000
vn 0.000000 -0.100000 0.000000
vn 0.000000 -0.100000 0.000000
vn 0.000000 -0.100000 0.000000
vn 0.000000 -0.100000 0.000000
vn 0.000000 -0.100000 0.000000
vn 0.000000 -0.100000 0.000000
vn 0.000000 -0.100000 0.000000
vn 0.000000 -0.100000 0.000000
vn 0.000000 -0.100000 0.000000
vn 0.000000 -0.100000 0.000000
vn 0.000000 -0.100000 0.000000
vn 0.000000 -0.100000 0.000000
vn 0.000000 -0.100000 0.000000
vn 0.000000 -0.100000 0.000000
vn 0.000000 -0.100000 0.000000
vn 0.000000 -0.100000 0.000000
vn 0.000000 -0.100000 0.000000
vn 0.000000 -0.100000 0.000000
vn 0.000000 -0.100000 0.000000
vn 0.000000 -0.100000 0.000000
vn 0.000000 -0.100000 0.000000
vn 0.000000 -0.100000 0.000000
vn 0.000000 -0.100000 0.000000
vn 0.000000 -0.100000 0.000000
vn 0.000000 -0.100000 0.000000
vn 0.000000 -0.100000 0.000000
vn 0.000000 -0.100000 0.000000
vn 0.000000 -0.100000 0.000000
vn 0.000000 -0.100000 0.000000
vn 0.000000 -0.100000 0.000000
vn 0.000000 -0.100000 0.000000
vn 0.000000 -0.100000 0.000000
vn 0.000000 -0.100000 0.000000
vn 0.000000 -0.100000 0.000000
vn 0.000000 -0.100000 0.000000
vn 0.000000 -0.100000 0.000000
vn 0.000000 -0.100000 0.000000
vn 0.000000 -0.100000 0.000000
vn 0.000000 -0.100000 0.000000
vn 0.000000 -0.100000 0.000000
vn 0.000000 -0.100000 0.000000
vn 0.000000 -0.100000 0.000000
vn 0.000000 -0.100000 0.000000
vn 0.000000 -0.100000 0.000000
vn 0.000000 -0.100000 0.000000
vn 0.000000 -0.100000 0.000000
vn 0.000000 -0.100000 0.000000
vn 0.000000 -0.100000 0.000000
vn 0.000000 -0.100000 0.000000
vn 0.000000 -0.100000 0.000000
vn 0.000000 -0.100000 0.000000
vn 0.000000 -0.100000 0.000000
vn 0.000000 -0.100000 0.000000
vn 0.000000 -0.100000 0.000000
vn 0.000000 -0.100000 0.000000
vn 0.000000 -0.100000 0.000000
vn 0.000000 -0.100000 0.000000
vn 0.000000 -0.100000 0.000000
vn 0.000000 -0.100000 0.000000
vn 0.000000 -0.100000 0.000000
vn 0.000000 -0.100000 0.000000
vn 0.000000 -0.100000 0.000000
vn 0.000000 -0.100000 0.000000
vn 0.000000 -0.100000 0.000000
vn 0.000000 -0.100000 0.000000
vn 0.000000 -0.100000 0.000000
vn 0.000000 -0.100000 0.000000
vn 0.000000 -0.100000 0.000000
vn 0.000000 -0.100000 0.000000
vn 0.000000 -0.100000 0.000000
vn 0.000000 -0.100000 0.000000
vn 0.000000 -0.100000 0.000000
vn 0.000000 -0.100000 0.000000
vn 0.000000 -0.100000 0.000000
vn 0.000000 -0.100000 0.000000
vn 0.000000 -0.100000 0.000000
vn 0.000000 -0.100000 0.000000
vn 0.000000 -0.100000 0.000000
vn 0.000000 -0.100000 0.000000
vn 0.000000 -0.100000 0.000000
vn 0.000000 -0.100000 0.000000
vn 0.000000 -0.100000 0.000000
vn 0.000000 -0.100000 0.000000
vn 0.000000 -0.100000 0.000000
vn 0.000000 -0.100000 0.000000
vn 0.000000 -0.100000 0.000000
vn 0.000000 -0.100000 0.000000
vn 0.000000 -0.100000 0.000000
vn 0.000000 -0.100000 0.000000
vn 0.000000 -0.100000 0.000000
vn 0.096593 0.000000 0.025882
vn 0.096593 0.000000 0.025882
vn 0.100000 0.000000 0.000000
vn 0.100000 0.000000 0.000000
vn 0.096593 0.000000 -0.025882
vn 0.096593 0.000000 -0.025882
vn 0.086603 0.000000 -0.050000
vn 0.086603 0.000000 -0.050000
vn 0.070711 0.000000 -0.070711
vn 0.070711 0.000000 -0.070711
vn 0.050000 0.000000 -0.086603
vn 0.050000 0.000000 -0.086603
vn 0.025882 0.000000 -0.096593
vn 0.025882 0.000000 -0.096593
vn -0.000000 0.000000 -0.100000
vn -0.000000 0.000000 -0.100000
vn -0.025882 0.000000 -0.096593
vn -0.025882 0.000000 -0.096593
vn -0.050000 0.000000 -0.086603
vn -0.050000 0.000000 -0.086603
vn -0.070711 0.000000 -0.070711
vn -0.070711 0.000000 -0.070711
vn -0.086603 0.000000 -0.050000
vn -0.086603 0.000000 -0.050000
vn -0.096593 0.000000 -0.025882
vn -0.096593 0.000000 -0.025882
vn -0.100000 0.000000 0.000000
vn -0.100000 0.000000 0.000000
vn -0.096593 0.000000 0.025882
vn -0.096593 0.000000 0.025882
vn -0.086603 0.000000 0.050000
vn -0.086603 0.000000 0.050000
vn -0.070711 0.000000 0.070711
vn -0.070711 0.000000 0.070711
vn -0.050000 0.000000 0.086603
vn -0.050000 0.000000 0.086603
vn -0.025882 0.000000 0.096593
vn -0.025882 0.000000 0.096593
vn -0.000000 0.000000 0.100000
vn -0.000000 0.000000 0.100000
vn 0.025882 0.000000 0.096593
vn 0.025882 0.000000 0.096593
vn 0.050000 0.000000 0.086603
vn 0.050000 0.000000 0.086603
vn 0.070711 0.000000 0.070711
vn 0.070711 0.000000 0.070711
vn 0.086603 0.000000 0.050000
vn 0.086603 0.000000 0.050000
vn -0.096593 0.000000 0.025882
vn -0.096593 0.000000 0.025882
vn -0.100000 0.000000 0.000000
vn -0.100000 0.000000 0.000000
vn -0.096593 0.000000 -0.025882
vn -0.096593 0.000000 -0.025882
vn -0.086603 0.000000 -0.050000
vn -0.086603 0.000000 -0.050000
vn -0.070711 0.000000 -0.070711
vn -0.070711 0.000000 -0.070711
vn -0.050000 0.000000 -0.086603
vn -0.050000 0.000000 -0.086603
vn -0.025882 0.000000 -0.096593
vn -0.025882 0.000000 -0.096593
vn 0.000000 0.000000 -0.100000
vn 0.000000 0.000000 -0.100000
vn 0.025882 0.000000 -0.096593
vn 0.025882 0.000000 -0.096593
vn 0.050000 0.000000 -0.086603
vn 0.050000 0.000000 -0.086603
vn 0.070711 0.000000 -0.070711
vn 0.070711 0.000000 -0.070711
vn 0.086603 0.000000 -0.050000
vn 0.086603 0.000000 -0.050000
vn 0.096593 0.000000 -0.025882
vn 0.096593 0.000000 -0.025882
vn 0.100000 0.000000 0.000000
vn 0.100000 0.000000 0.000000
vn 0.096593 0.000000 0.025882
vn 0.096593 0.000000 0.025882
vn 0.086603 0.000000 0.050000
vn 0.086603 0.000000 0.050000
vn 0.070711 0.000000 0.070711
vn 0.070711 0.000000 0.070711
vn 0.050000 0.000000 0.086603
vn 0.050000 0.000000 0.086603
vn 0.025882 0.000000 0.096593
vn 0.025882 0.000000 0.096593
vn 0.000000 0.000000 0.100000
vn 0.000000 0.000000 0.100000
vn -0.025882 0.000000 0.096593
vn -0.025882 0.000000 0.096593
vn -0.050000 0.000000 0.086603
vn -0.050000 0.000000 0.086603
vn -0.070711 0.000000 0.070711
vn -0.070711 0.000000 0.070711
vn -0.086603 0.000000 0.050000
vn -0.086603 0.000000 0.050000
vn 0.000000 -0.100000 0.000000
vn 0.000000 -0.100000 0.000000
vn 0.000000 -0.100000 0.000000
vn 0.000000 -0.100000 0.000000
vn 0.000000 -0.100000 0.000000
vn 0.000000 -0.100000 0.000000
vn 0.000000 -0.100000 0.000000
vn 0.000000 -0.100000 0.000000
vn 0.000000 -0.100000 0.000000
vn 0.000000 -0.100000 0.000000
vn 0.000000 -0.100000 0.000000
vn 0.000000 -0.100000 0.000000
vn 0.000000 -0.100000 0.000000
vn 0.000000 -0.100000 0.000000
vn 0.000000 -0.100000 0.000000
vn 0.000000 -0.100000 0.000000
vn 0.000000 -0.100000 0.000000
vn 0.000000 -0.100000 0.000000
vn 0.000000 -0.100000 0.000000
vn 0.000000 -0.100000 0.000000
vn 0.000000 -0.100000 0.000000
vn 0.000000 -0.100000 0.000000
vn 0.000000 -0.100000 0.000000
vn 0.000000 -0.100000 0.000000
vn 0.000000 -0.100000 0.000000
vn 0.000000 -0.100000 0.000000
vn 0.000000 -0.100000 0.000000
vn 0.000000 -0.100000 0.000000
vn 0.000000 -0.100000 0.000000
vn 0.000000 -0.100000 0.000000
vn 0.000000 -0.100000 0.000000
vn 0.000000 -0.100000 0.000000
vn 0.000000 -0.100000 0.000000
vn 0.000000 -0.100000 0.000000
vn 0.000000 -0.100000 0.000000
vn 0.000000 -0.100000 0.000000
vn 0.000000 -0.100000 0.000000
vn 0.000000 -0.100000 0.000000
vn 0.000000 -0.100000 0.000000
vn 0.000000 -0.100000 0.000000
vn 0.000000 -0.100000 0.000000
vn 0.000000 -0.100000 0.000000
vn 0.000000 -0.100000 0.000000
vn 0.000000 -0.100000 0.000000
vn 0.000000 -0.100000 0.000000
vn 0.000000 -0.100000 0.000000
vn 0.000000 -0.100000 0.000000
vn 0.000000 -0.100000 0.000000
vn 0.000000 -0.100000 0.000000
vn 0.000000 -0.100000 0.000000
vn 0.000000 -0.100000 0.000000
vn 0.000000 -0.100000 0.000000
vn 0.000000 -0.100000 0.000000
vn 0.000000 -0.100000 0.000000
vn 0.000000 -0.100000 0.000000
vn 0.000000 -0.100000 0.000000
vn 0.000000 -0.100000 0.000000
vn 0.000000 -0.100000 0.000000
vn 0.000000 -0.100000 0.000000
vn 0.000000 -0.100000 0.000000
vn 0.000000 -0.100000 0.000000
vn 0.000000 -0.100000 0.000000
vn 0.000000 -0.100000 0.000000
vn 0.000000 -0.100000 0.000000
vn 0.000000 -0.100000 0.000000
vn 0.000000 -0.100000 0.000000
vn 0.000000 -0.100000 0.000000
vn 0.000000 -0.100000 0.000000
vn 0.000000 -0.100000 0.000000
vn 0.000000 -0.100000 0.000000
vn 0.000000 -0.100000 0.000000
vn 0.000000 -0.100000 0.000000
vn -0.096593 0.000000 0.025882
vn -0.096593 0.000000 0.025882
vn -0.100000 0.000000 0.000000
vn -0.100000 0.000000 0.000000
vn -0.096593 0.000000 -0.025882
vn -0.096593 0.000000 -0.025882
vn -0.086603 0.000000 -0.050000
vn -0.086603 0.000000 -0.050000
vn -0.070711 0.000000 -0.070711
vn -0.070711 0.000000 -0.070711
vn -0.050000 0.000000 -0.086603
vn -0.050000 0.000000 -0.086603
vn -0.025882 0.000000 -0.096593
vn -0.025882 0.000000 -0.096593
vn 0.000000 0.000000 -0.100000
vn 0.000000 0.000000 -0.100000
vn 0.025882 0.000000 -0.096593
vn 0.025882 0.000000 -0.096593
vn 0.050000 0.000000 -0.086603
vn 0.050000 0.000000 -0.086603
vn 0.070711 0.000000 -0.070711
vn 0.070711 0.000000 -0.070711
vn 0.086603 0.000000 -0.050000
vn 0.086603 0.000000 -0.050000
vn 0.096593 0.000000 -0.025882
vn 0.096593 0.000000 -0.025882
vn 0.100000 0.000000 0.000000
vn 0.100000 0.000000 0.000000
vn 0.096593 -0.000000 0.025882
vn 0.096593 -0.000000 0.025882
vn 0.086603 -0.000000 0.050000
vn 0.086603 -0.000000 0.050000
vn 0.070711 -0.000000 0.070711
vn 0.070711 -0.000000 0.070711
vn 0.050000 -0.000000 0.086603
vn 0.050000 -0.000000 0.086603
vn 0.025882 -0.000000 0.096593
vn 0.025882 -0.000000 0.096593
vn 0.000000 -0.000000 0.100000
vn 0.000000 -0.000000 0.100000
vn -0.025882 0.000000 0.096593
vn -0.025882 0.000000 0.096593
vn -0.050000 0.000000 0.086603
vn -0.050000 0.000000 0.086603
vn -0.070711 0.000000 0.070711
vn -0.070711 0.000000 0.070711
vn -0.086603 0.000000 0.050000
vn -0.086603 0.000000 0.050000
vn 0.000000 -0.100000 0.000000
vn 0.000000 -0.100000 0.000000
vn 0.000000 -0.100000 0.000000
vn 0.000000 -0.100000 0.000000
vn 0.000000 -0.100000 0.000000
vn 0.000000 -0.100000 0.000000
vn 0.000000 -0.100000 0.000000
vn 0.000000 -0.100000 0.000000
vn 0.000000 -0.100000 0.000000
vn 0.000000 -0.100000 0.000000
vn 0.000000 -0.100000 0.000000
vn 0.000000 -0.100000 0.000000
vn 0.000000 -0.100000 0.000000
vn 0.000000 -0.100000 0.000000
vn 0.000000 -0.100000 0.000000
vn 0.000000 -0.100000 0.000000
vn 0.000000 -0.100000 0.000000
vn 0.000000 -0.100000 0.000000
vn 0.000000 -0.100000 0.000000
vn 0.000000 -0.100000 0.000000
vn 0.000000 -0.100000 0.000000
vn 0.000000 -0.100000 0.000000
vn 0.000000 -0.100000 0.000000
vn 0.000000 -0.100000 0.000000
vn -0.096593 0.000000 0.025882
vn -0.096593 0.000000 0.025882
vn -0.100000 0.000000 0.000000
vn -0.100000 0.000000 0.000000
vn -0.096593 0.000000 -0.025882
vn -0.096593 0.000000 -0.025882
vn -0.086603 0.000000 -0.050000
vn -0.086603 0.000000 -0.050000
vn -0.070711 0.000000 -0.070711
vn -0.070711 0.000000 -0.070711
vn -0.050000 0.000000 -0.086603
vn -0.050000 0.000000 -0.086603
vn -0.025882 0.000000 -0.096593
vn -0.025882 0.000000 -0.096593
vn 0.000000 0.000000 -0.100000
vn 0.000000 0.000000 -0.100000
vn 0.025882 0.000000 -0.096593
vn 0.025882 0.000000 -0.096593
vn 0.050000 0.000000 -0.086603
vn 0.050000 0.000000 -0.086603
vn 0.070711 0.000000 -0.070711
vn 0.070711 0.000000 -0.070711
vn 0.086603 0.000000 -0.050000
vn 0.086603 0.000000 -0.050000
vn 0.096593 0.000000 -0.025882
vn 0.096593 0.000000 -0.025882
vn 0.100000 0.000000 0.000000
vn 0.100000 0.000000 0.000000
vn 0.096593 -0.000000 0.025882
vn 0.096593 -0.000000 0.025882
vn 0.086603 -0.000000 0.050000
vn 0.086603 -0.000000 0.050000
vn 0.070711 -0.000000 0.070711
vn 0.070711 -0.000000 0.070711
vn 0.050000 -0.000000 0.086603
vn 0.050000 -0.000000 0.086603
vn 0.025882 -0.000000 0.096593
vn 0.025882 -0.000000 0.096593
vn 0.000000 -0.000000 0.100000
vn 0.000000 -0.000000 0.100000
vn -0.025882 0.000000 0.096593
vn -0.025882 0.000000 0.096593
vn -0.050000 0.000000 0.086603
vn -0.050000 0.000000 0.086603
vn -0.070711 0.000000 0.070711
vn -0.070711 0.000000 0.070711
vn -0.086603 0.000000 0.050000
vn -0.086603 0.000000 0.050000
vn 0.000000 -0.100000 0.000000
vn 0.000000 -0.100000 0.000000
vn 0.000000 -0.100000 0.000000
vn 0.000000 -0.100000 0.000000
vn 0.000000 -0.100000 0.000000
vn 0.000000 -0.100000 0.000000
vn 0.000000 -0.100000 0.000000
vn 0.000000 -0.100000 0.000000
vn 0.000000 -0.100000 0.000000
vn 0.000000 -0.100000 0.000000
vn 0.000000 -0.100000 0.000000
vn 0.000000 -0.100000 0.000000
vn 0.000000 -0.100000 0.000000
vn 0.000000 -0.100000 0.000000
vn 0.000000 -0.100000 0.000000
vn 0.000000 -0.100000 0.000000
vn 0.000000 -0.100000 0.000000
vn 0.000000 -0.100000 0.000000
vn 0.000000 -0.100000 0.000000
vn 0.000000 -0.100000 0.000000
vn 0.000000 -0.100000 0.000000
vn 0.000000 -0.100000 0.000000
vn 0.000000 -0.100000 0.000000
vn 0.000000 -0.100000 0.000000
vn -0.096593 0.000000 0.025882
vn -0.096593 0.000000 0.025882
vn -0.100000 0.000000 0.000000
vn -0.100000 0.000000 0.000000
vn -0.096593 0.000000 -0.025882
vn -0.096593 0.000000 -0.025882
vn -0.086603 0.000000 -0.050000
vn -0.086603 0.000000 -0.050000
vn -0.070711 0.000000 -0.070711
vn -0.070711 0.000000 -0.070711
vn -0.050000 0.000000 -0.086603
vn -0.050000 0.000000 -0.086603
vn -0.025882 0.000000 -0.096593
vn -0.025882 0.000000 -0.096593
vn 0.000000 0.000000 -0.100000
vn 0.000000 0.000000 -0.100000
vn 0.025882 0.000000 -0.096593
vn 0.025882 0.000000 -0.096593
vn 0.050000 0.000000 -0.086603
vn 0.050000 0.000000 -0.086603
vn 0.070711 0.000000 -0.070711
vn 0.070711 0.000000 -0.070711
vn 0.086603 0.000000 -0.050000
vn 0.086603 0.000000 -0.050000
vn 0.096593 0.000000 -0.025882
vn 0.096593 0.000000 -0.025882
vn 0.100000 0.000000 0.000000
vn 0.100000 0.000000 0.000000
vn 0.096593 -0.000000 0.025882
vn 0.096593 -0.000000 0.025882
vn 0.086603 -0.000000 0.050000
vn 0.086603 -0.000000 0.050000
vn 0.070711 -0.000000 0.070711
vn 0.070711 -0.000000 0.070711
vn 0.050000 -0.000000 0.086603
vn 0.050000 -0.000000 0.086603
vn 0.025882 -0.000000 0.096593
vn 0.025882 -0.000000 0.096593
vn 0.000000 -0.000000 0.100000
vn 0.000000 -0.000000 0.100000
vn -0.025882 0.000000 0.096593
vn -0.025882 0.000000 0.096593
vn -0.050000 0.000000 0.086603
vn -0.050000 0.000000 0.086603
vn -0.070711 0.000000 0.070711
vn -0.070711 0.000000 0.070711
vn -0.086603 0.000000 0.050000
vn -0.086603 0.000000 0.050000
vn 0.000000 -0.100000 0.000000
vn 0.000000 -0.100000 0.000000
vn 0.000000 -0.100000 0.000000
vn 0.000000 -0.100000 0.000000
vn 0.000000 -0.100000 0.000000
vn 0.000000 -0.100000 0.000000
vn 0.000000 -0.100000 0.000000
vn 0.000000 -0.100000 0.000000
vn 0.000000 -0.100000 0.000000
vn 0.000000 -0.100000 0.000000
vn 0.000000 -0.100000 0.000000
vn 0.000000 -0.100000 0.000000
vn 0.000000 -0.100000 0.000000
vn 0.000000 -0.100000 0.000000
vn 0.000000 -0.100000 0.000000
vn 0.000000 -0.100000 0.000000
vn 0.000000 -0.100000 0.000000
vn 0.000000 -0.100000 0.000000
vn 0.000000 -0.100000 0.000000
vn 0.000000 -0.100000 0.000000
vn 0.000000 -0.100000 0.000000
vn 0.000000 -0.100000 0.000000
vn 0.000000 -0.100000 0.000000
vn 0.000000 -0.100000 0.000000
vn -0.096593 0.000000 0.025882
vn -0.096593 0.000000 0.025882
vn -0.100000 0.000000 0.000000
vn -0.100000 0.000000 0.000000
vn -0.096593 0.000000 -0.025882
vn -0.096593 0.000000 -0.025882
vn -0.086603 0.000000 -0.050000
vn -0.086603 0.000000 -0.050000
vn -0.070711 0.000000 -0.070711
vn -0.070711 0.000000 -0.070711
vn -0.050000 0.000000 -0.086603
vn -0.050000 0.000000 -0.086603
vn -0.025882 0.000000 -0.096593
vn -0.025882 0.000000 -0.096593
vn 0.000000 0.000000 -0.100000
vn 0.000000 0.000000 -0.100000
vn 0.025882 0.000000 -0.096593
vn 0.025882 0.000000 -0.096593
vn 0.050000 0.000000 -0.086603
vn 0.050000 0.000000 -0.086603
vn 0.070711 0.000000 -0.070711
vn 0.070711 0.000000 -0.070711
vn 0.086603 0.000000 -0.050000
vn 0.086603 0.000000 -0.050000
vn 0.096593 0.000000 -0.025882
vn 0.096593 0.000000 -0.025882
vn 0.100000 0.000000 0.000000
vn 0.100000 0.000000 0.000000
vn 0.096593 -0.000000 0.025882
vn 0.096593 -0.000000 0.025882
vn 0.086603 -0.000000 0.050000
vn 0.086603 -0.000000 0.050000
vn 0.070711 -0.000000 0.070711
vn 0.070711 -0.000000 0.070711
vn 0.050000 -0.000000 0.086603
vn 0.050000 -0.000000 0.086603
vn 0.025882 -0.000000 0.096593
vn 0.025882 -0.000000 0.096593
vn 0.000000 -0.000000 0.100000
vn 0.000000 -0.000000 0.100000
vn -0.025882 0.000000 0.096593
vn -0.025882 0.000000 0.096593
vn -0.050000 0.000000 0.086603
vn -0.050000 0.000000 0.086603
vn -0.070711 0.000000 0.070711
vn -0.070711 0.000000 0.070711
vn -0.086603 0.000000 0.050000
vn -0.086603 0.000000 0.050000
vn 0.000000 -0.100000 0.000000
vn 0.000000 -0.100000 0.000000
vn 0.000000 -0.100000 0.000000
vn 0.000000 -0.100000 0.000000
vn 0.000000 -0.100000 0.000000
vn 0.000000 -0.100000 0.000000
vn 0.000000 -0.100000 0.000000
vn 0.000000 -0.100000 0.000000
vn 0.000000 -0.100000 0.000000
vn 0.000000 -0.100000 0.000000
vn 0.000000 -0.100000 0.000000
vn 0.000000 -0.100000 0.000000
vn 0.000000 -0.100000 0.000000
vn 0.000000 -0.100000 0.000000
vn 0.000000 -0.100000 0.000000
vn 0.000000 -0.100000 0.000000
vn 0.000000 -0.100000 0.000000
vn 0.000000 -0.100000 0.000000
vn 0.000000 -0.100000 0.000000
vn 0.000000 -0.100000 0.000000
vn 0.000000 -0.100000 0.000000
vn 0.000000 -0.100000 0.000000
vn 0.000000 -0.100000 0.000000
vn 0.000000 -0.100000 0.000000
vn -0.096593 0.000000 0.025882
vn -0.096593 0.000000 0.025882
vn -0.100000 0.000000 0.000000
vn -0.100000 0.000000 0.000000
vn -0.096593 0.000000 -0.025882
vn -0.096593 0.000000 -0.025882
vn -0.086603 0.000000 -0.050000
vn -0.086603 0.000000 -0.050000
vn -0.070711 0.000000 -0.070711
vn -0.070711 0.000000 -0.070711
vn -0.050000 0.000000 -0.086603
vn -0.050000 0.000000 -0.086603
vn -0.025882 0.000000 -0.096593
vn -0.025882 0.000000 -0.096593
vn 0.000000 0.000000 -0.100000
vn 0.000000 0.000000 -0.100000
vn 0.025882 0.000000 -0.096593
vn 0.025882 0.000000 -0.096593
vn 0.050000 0.000000 -0.086603
vn 0.050000 0.000000 -0.086603
vn 0.070711 0.000000 -0.070711
vn 0.070711 0.000000 -0.070711
vn 0.086603 0.000000 -0.050000
vn 0.086603 0.000000 -0.050000
vn 0.096593 0.000000 -0.025882
vn 0.096593 0.000000 -0.025882
vn 0.100000 0.000000 0.000000
vn 0.100000 0.000000 0.000000
vn 0.096593 -0.000000 0.025882
vn 0.096593 -0.000000 0.025882
vn 0.086603 -0.000000 0.050000
vn 0.086603 -0.000000 0.050000
vn 0.070711 -0.000000 0.070711
vn 0.070711 -0.000000 0.070711
vn 0.050000 -0.000000 0.086603
vn 0.050000 -0.000000 0.086603
vn 0.025882 -0.000000 0.096593
vn 0.025882 -0.000000 0.096593
vn 0.000000 -0.000000 0.100000
vn 0.000000 -0.000000 0.100000
vn -0.025882 0.000000 0.096593
vn -0.025882 0.000000 0.096593
vn -0.050000 0.000000 0.086603
vn -0.050000 0.000000 0.086603
vn -0.070711 0.000000 0.070711
vn -0.070711 0.000000 0.070711
vn -0.086603 0.000000 0.050000
vn -0.086603 0.000000 0.050000
vn 0.000000 -0.100000 0.000000
vn 0.000000 -0.100000 0.000000
vn 0.000000 -0.100000 0.000000
vn 0.000000 -0.100000 0.000000
vn 0.000000 -0.100000 0.000000
vn 0.000000 -0.100000 0.000000
vn 0.000000 -0.100000 0.000000
vn 0.000000 -0.100000 0.000000
vn 0.000000 -0.100000 0.000000
vn 0.000000 -0.100000 0.000000
vn 0.000000 -0.100000 0.000000
vn 0.000000 -0.100000 0.000000
vn 0.000000 -0.100000 0.000000
vn 0.000000 -0.100000 0.000000
vn 0.000000 -0.100000 0.000000
vn 0.000000 -0.100000 0.000000
vn 0.000000 -0.100000 0.000000
vn 0.000000 -0.100000 0.000000
vn 0.000000 -0.100000 0.000000
vn 0.000000 -0.100000 0.000000
vn 0.000000 -0.100000 0.000000
vn 0.000000 -0.100000 0.000000
vn 0.000000 -0.100000 0.000000
vn 0.000000 -0.100000 0.000000
vn -0.096593 0.000000 0.025882
vn -0.096593 0.000000 0.025882
vn -0.100000 0.000000 0.000000
vn -0.100000 0.000000 0.000000
vn -0.096593 0.000000 -0.025882
vn -0.096593 0.000000 -0.025882
vn -0.086603 0.000000 -0.050000
vn -0.086603 0.000000 -0.050000
vn -0.070711 0.000000 -0.070711
vn -0.070711 0.000000 -0.070711
vn -0.050000 0.000000 -0.086603
vn -0.050000 0.000000 -0.086603
vn -0.025882 0.000000 -0.096593
vn -0.025882 0.000000 -0.096593
vn 0.000000 0.000000 -0.100000
vn 0.000000 0.000000 -0.100000
vn 0.025882 0.000000 -0.096593
vn 0.025882 0.000000 -0.096593
vn 0.050000 0.000000 -0.086603
vn 0.050000 0.000000 -0.086603
vn 0.070711 0.000000 -0.070711
vn 0.070711 0.000000 -0.070711
vn 0.086603 0.000000 -0.050000
vn 0.086603 0.000000 -0.050000
vn 0.096593 0.000000 -0.025882
vn 0.096593 0.000000 -0.025882
vn 0.100000 0.000000 0.000000
vn 0.100000 0.000000 0.000000
vn 0.096593 -0.000000 0.025882
vn 0.096593 -0.000000 0.025882
vn 0.086603 -0.000000 0.050000
vn 0.086603 -0.000000 0.050000
vn 0.070711 -0.000000 0.070711
vn 0.070711 -0.000000 0.070711
vn 0.050000 -0.000000 0.086603
vn 0.050000 -0.000000 0.086603
vn 0.025882 -0.000000 0.096593
vn 0.025882 -0.000000 0.096593
vn 0.000000 -0.000000 0.100000
vn 0.000000 -0.000000 0.100000
vn -0.025882 0.000000 0.096593
vn -0.025882 0.000000 0.096593
vn -0.050000 0.000000 0.086603
vn -0.050000 0.000000 0.086603
vn -0.070711 0.000000 0.070711
vn -0.070711 0.000000 0.070711
vn -0.086603 0.000000 0.050000
vn -0.086603 0.000000 0.050000
vn 0.000000 -0.100000 0.000000
vn 0.000000 -0.100000 0.000000
vn 0.000000 -0.100000 0.000000
vn 0.000000 -0.100000 0.000000
vn 0.000000 -0.100000 0.000000
vn 0.000000 -0.100000 0.000000
vn 0.000000 -0.100000 0.000000
vn 0.000000 -0.100000 0.000000
vn 0.000000 -0.100000 0.000000
vn 0.000000 -0.100000 0.000000
vn 0.000000 -0.100000 0.000000
vn 0.000000 -0.100000 0.000000
vn 0.000000 -0.100000 0.000000
vn 0.000000 -0.100000 0.000000
vn 0.000000 -0.100000 0.000000
vn 0.000000 -0.100000 0.000000
vn 0.000000 -0.100000 0.000000
vn 0.000000 -0.100000 0.000000
vn 0.000000 -0.100000 0.000000
vn 0.000000 -0.100000 0.000000
vn 0.000000 -0.100000 0.000000
vn 0.000000 -0.100000 0.000000
vn 0.000000 -0.100000 0.000000
vn 0.000000 -0.100000 0.000000
vn -0.096593 0.000000 0.025882
vn -0.096593 0.000000 0.025882
vn -0.100000 0.000000 0.000000
vn -0.100000 0.000000 0.000000
vn -0.096593 0.000000 -0.025882
vn -0.096593 0.000000 -0.025882
vn -0.086603 0.000000 -0.050000
vn -0.086603 0.000000 -0.050000
vn -0.070711 0.000000 -0.070711
vn -0.070711 0.000000 -0.070711
vn -0.050000 0.000000 -0.086603
vn -0.050000 0.000000 -0.086603
vn -0.025882 0.000000 -0.096593
vn -0.025882 0.000000 -0.096593
vn 0.000000 0.000000 -0.100000
vn 0.000000 0.000000 -0.100000
vn 0.025882 0.000000 -0.096593
vn 0.025882 0.000000 -0.096593
vn 0.050000 0.000000 -0.086603
vn 0.050000 0.000000 -0.086603
vn 0.070711 0.000000 -0.070711
vn 0.070711 0.000000 -0.070711
vn 0.086603 0.000000 -0.050000
vn 0.086603 0.000000 -0.050000
vn 0.096593 0.000000 -0.025882
vn 0.096593 0.000000 -0.025882
vn 0.100000 0.000000 0.000000
vn 0.100000 0.000000 0.000000
vn 0.096593 -0.000000 0.025882
vn 0.096593 -0.000000 0.025882
vn 0.086603 -0.000000 0.050000
vn 0.086603 -0.000000 0.050000
vn 0.070711 -0.000000 0.070711
vn 0.070711 -0.000000 0.070711
vn 0.050000 -0.000000 0.086603
vn 0.050000 -0.000000 0.086603
vn 0.025882 -0.000000 0.096593
vn 0.025882 -0.000000 0.096593
vn 0.000000 -0.000000 0.100000
vn 0.000000 -0.000000 0.100000
vn -0.025882 0.000000 0.096593
vn -0.025882 0.000000 0.096593
vn -0.050000 0.000000 0.086603
vn -0.050000 0.000000 0.086603
vn -0.070711 0.000000 0.070711
vn -0.070711 0.000000 0.070711
vn -0.086603 0.000000 0.050000
vn -0.086603 0.000000 0.050000
vn 0.000000 -0.100000 0.000000
vn 0.000000 -0.100000 0.000000
vn 0.000000 -0.100000 0.000000
vn 0.000000 -0.100000 0.000000
vn 0.000000 -0.100000 0.000000
vn 0.000000 -0.100000 0.000000
vn 0.000000 -0.100000 0.000000
vn 0.000000 -0.100000 0.000000
vn 0.000000 -0.100000 0.000000
vn 0.000000 -0.100000 0.000000
vn 0.000000 -0.100000 0.000000
vn 0.000000 -0.100000 0.000000
vn 0.000000 -0.100000 0.000000
vn 0.000000 -0.100000 0.000000
vn 0.000000 -0.100000 0.000000
vn 0.000000 -0.100000 0.000000
vn 0.000000 -0.100000 0.000000
vn 0.000000 -0.100000 0.000000
vn 0.000000 -0.100000 0.000000
vn 0.000000 -0.100000 0.000000
vn 0.000000 -0.100000 0.000000
vn 0.000000 -0.100000 0.000000
vn 0.000000 -0.100000 0.000000
vn 0.000000 -0.100000 0.000000
vn -0.096593 0.000000 0.025882
vn -0.096593 0.000000 0.025882
vn -0.100000 0.000000 0.000000
vn -0.100000 0.000000 0.000000
vn -0.096593 0.000000 -0.025882
vn -0.096593 0.000000 -0.025882
vn -0.086603 0.000000 -0.050000
vn -0.086603 0.000000 -0.050000
vn -0.070711 0.000000 -0.070711
vn -0.070711 0.000000 -0.070711
vn -0.050000 0.000000 -0.086603
vn -0.050000 0.000000 -0.086603
vn -0.025882 0.000000 -0.096593
vn -0.025882 0.000000 -0.096593
vn 0.000000 0.000000 -0.100000
vn 0.000000 0.000000 -0.100000
vn 0.025882 0.000000 -0.096593
vn 0.025882 0.000000 -0.096593
vn 0.050000 0.000000 -0.086603
vn 0.050000 0.000000 -0.086603
vn 0.070711 0.000000 -0.070711
vn 0.070711 0.000000 -0.070711
vn 0.086603 0.000000 -0.050000
vn 0.086603 0.000000 -0.050000
vn 0.096593 0.000000 -0.025882
vn 0.096593 0.000000 -0.025882
vn 0.100000 0.000000 0.000000
vn 0.100000 0.000000 0.000000
vn 0.096593 -0.000000 0.025882
vn 0.096593 -0.000000 0.025882
vn 0.086603 -0.000000 0.050000
vn 0.086603 -0.000000 0.050000
vn 0.070711 -0.000000 0.070711
vn 0.070711 -0.000000 0.070711
vn 0.050000 -0.000000 0.086603
vn 0.050000 -0.000000 0.086603
vn 0.025882 -0.000000 0.096593
vn 0.025882 -0.000000 0.096593
vn 0.000000 -0.000000 0.100000
vn 0.000000 -0.000000 0.100000
vn -0.025882 0.000000 0.096593
vn -0.025882 0.000000 0.096593
vn -0.050000 0.000000 0.086603
vn -0.050000 0.000000 0.086603
vn -0.070711 0.000000 0.070711
vn -0.070711 0.000000 0.070711
vn -0.086603 0.000000 0.050000
vn -0.086603 0.000000 0.050000
vn 0.000000 -0.100000 0.000000
vn 0.000000 -0.100000 0.000000
vn 0.000000 -0.100000 0.000000
vn 0.000000 -0.100000 0.000000
vn 0.000000 -0.100000 0.000000
vn 0.000000 -0.100000 0.000000
vn 0.000000 -0.100000 0.000000
vn 0.000000 -0.100000 0.000000
vn 0.000000 -0.100000 0.000000
vn 0.000000 -0.100000 0.000000
vn 0.000000 -0.100000 0.000000
vn 0.000000 -0.100000 0.000000
vn 0.000000 -0.100000 0.000000
vn 0.000000 -0.100000 0.000000
vn 0.000000 -0.100000 0.000000
vn 0.000000 -0.100000 0.000000
vn 0.000000 -0.100000 0.000000
vn 0.000000 -0.100000 0.000000
vn 0.000000 -0.100000 0.000000
vn 0.000000 -0.100000 0.000000
vn 0.000000 -0.100000 0.000000
vn 0.000000 -0.100000 0.000000
vn 0.000000 -0.100000 0.000000
vn 0.000000 -0.100000 0.000000
vn 0.000000 0.000000 0.100000
vn 0.000000 0.000000 0.100000
vn 0.000000 0.000000 0.100000
vn 0.000000 0.000000 0.100000
vn -0.100000 0.000000 -0.000000
vn -0.100000 0.000000 -0.000000
vn -0.100000 0.000000 -0.000000
vn -0.100000 0.000000 -0.000000
vn 0.000000 0.000000 -0.100000
vn 0.000000 0.000000 -0.100000
vn 0.000000 0.000000 -0.100000
vn 0.000000 0.000000 -0.100000
vn 0.100000 0.000000 0.000000
vn 0.100000 0.000000 0.000000
vn 0.100000 0.000000 0.000000
vn 0.100000 0.000000 0.000000
vn 0.000000 -0.100000 0.000000
vn 0.000000 -0.100000 0.000000
vn 0.000000 -0.100000 0.000000
vn 0.000000 -0.100000 0.000000
vn 0.000000 -0.100000 0.000000
vn 0.000000 -0.100000 0.000000
vn 0.000000 -0.100000 0.000000
vn 0.000000 -0.100000 0.000000
vn 0.000000 -0.100000 0.000000
vn 0.000000 -0.100000 0.000000
vn 0.000000 -0.100000 0.000000
vn 0.000000 -0.100000 0.000000
vn 0.000000 -0.100000 0.000000
vn 0.000000 -0.100000 0.000000
vn 0.000000 -0.100000 0.000000
vn 0.000000 -0.100000 0.000000
vn 0.000000 -0.100000 0.000000
vn 0.000000 -0.100000 0.000000
vn 0.000000 -0.100000 0.000000
vn 0.000000 -0.100000 0.000000
vn 0.000000 -0.100000 0.000000
vn 0.000000 -0.100000 0.000000
vn 0.000000 -0.100000 0.000000
vn 0.000000 -0.100000 0.000000
vn 0.000000 -0.100000 0.000000
vn 0.000000 -0.100000 0.000000
vn 0.000000 -0.100000 0.000000
vn 0.000000 -0.100000 0.000000
vn 0.000000 -0.100000 0.000000
vn 0.000000 -0.100000 0.000000
vn 0.000000 -0.100000 0.000000
vn 0.000000 -0.100000 0.000000
vn 0.000000 -0.100000 0.000000
vn 0.000000 -0.100000 0.000000
vn 0.000000 -0.100000 0.000000
vn 0.000000 -0.100000 0.000000
vn 0.000000 -0.100000 0.000000
vn 0.000000 -0.100000 0.000000
vn 0.000000 -0.100000 0.000000
vn 0.000000 -0.100000 0.000000
vn 0.000000 -0.100000 0.000000
vn 0.000000 -0.100000 0.000000
vn 0.000000 -0.100000 0.000000
vn 0.000000 -0.100000 0.000000
vn 0.000000 -0.100000 0.000000
vn 0.000000 -0.100000 0.000000
vn 0.000000 -0.100000 0.000000
vn 0.000000 -0.100000 0.000000
vn 0.000000 -0.100000 0.000000
vn 0.000000 -0.100000 0.000000
vn 0.000000 -0.100000 0.000000
vn 0.000000 -0.100000 0.000000
vn 0.000000 -0.100000 0.000000
vn 0.000000 -0.100000 0.000000
vn 0.000000 -0.100000 0.000000
vn 0.000000 -0.100000 0.000000
vn 0.000000 -0.100000 0.000000
vn 0.000000 -0.100000 0.000000
vn 0.000000 -0.100000 0.000000
vn 0.000000 -0.100000 0.000000
vn 0.000000 -0.100000 0.000000
vn 0.000000 -0.100000 0.000000
vn 0.000000 -0.100000 0.000000
vn 0.000000 -0.100000 0.000000
vn 0.000000 -0.100000 0.000000
vn 0.000000 -0.100000 0.000000
vn 0.000000 -0.100000 0.000000
vn 0.000000 -0.100000 0.000000
vn 0.000000 -0.100000 0.000000
vn 0.000000 -0.100000 0.000000
vn 0.000000 -0.100000 0.000000
vn 0.000000 -0.100000 0.000000
vn 0.000000 -0.100000 0.000000
vn 0.000000 -0.100000 0.000000
vn 0.000000 -0.100000 0.000000
vn 0.000000 -0.100000 0.000000
vn 0.000000 -0.100000 0.000000
vn 0.000000 -0.100000 0.000000
vn 0.000000 -0.100000 0.000000
vn 0.000000 -0.100000 0.000000
vn 0.000000 -0.100000 0.000000
vn 0.000000 -0.100000 0.000000
vn 0.000000 -0.100000 0.000000
vn 0.000000 -0.100000 0.000000
vn 0.000000 -0.100000 0.000000
vn 0.000000 -0.100000 0.000000
vn 0.000000 -0.100000 0.000000
vn 0.000000 -0.100000 0.000000
vn 0.000000 -0.100000 0.000000
vn 0.000000 -0.100000 0.000000
vn 0.000000 -0.100000 0.000000
vn 0.000000 -0.100000 0.000000
vn 0.000000 -0.100000 0.000000
vn 0.000000 -0.100000 0.000000
vn 0.000000 -0.100000 0.000000
vn 0.000000 -0.100000 0.000000
vn 0.000000 -0.100000 0.000000
vn 0.000000 -0.100000 0.000000
vn 0.000000 -0.100000 0.000000
vn 0.000000 -0.100000 0.000000
vn 0.000000 -0.100000 0.000000
vn 0.000000 -0.100000 0.000000
vn 0.000000 -0.100000 0.000000
vn 0.000000 -0.100000 0.000000
vn 0.000000 -0.100000 0.000000
vn 0.000000 -0.100000 0.000000
vn 0.000000 -0.100000 0.000000
vn 0.000000 -0.100000 0.000000
vn 0.000000 -0.100000 0.000000
vn 0.000000 -0.100000 0.000000
vn 0.000000 -0.100000 0.000000
vn 0.000000 -0.100000 0.000000
vn 0.000000 -0.100000 0.000000
vn 0.000000 -0.100000 0.000000
vn 0.000000 -0.100000 0.000000
vn 0.000000 -0.100000 0.000000
vn 0.000000 -0.100000 0.000000
vn 0.000000 -0.100000 0.000000
vn 0.000000 -0.100000 0.000000
vn 0.000000 -0.100000 0.000000
vn 0.000000 -0.100000 0.000000
vn 0.000000 -0.100000 0.000000
vn 0.000000 -0.100000 0.000000
vn 0.000000 -0.100000 0.000000
vn 0.000000 -0.100000 0.000000
vn 0.000000 -0.100000 0.000000
vn 0.000000 -0.100000 0.000000
vn 0.000000 -0.100000 0.000000
vn 0.000000 -0.100000 0.000000
vn 0.000000 -0.100000 0.000000
vn 0.000000 -0.100000 0.000000
vn 0.000000 -0.100000 0.000000
vn 0.000000 -0.100000 0.000000
vn 0.000000 -0.100000 0.000000
vn 0.000000 -0.100000 0.000000
vn 0.000000 -0.100000 0.000000
vn 0.000000 -0.100000 0.000000
vn 0.000000 -0.100000 0.000000
vn 0.000000 -0.100000 0.000000
vn 0.000000 -0.100000 0.000000
vn 0.000000 -0.100000 0.000000
vn 0.000000 -0.100000 0.000000
vn 0.000000 -0.100000 0.000000
vn 0.000000 -0.100000 0.000000
vn 0.000000 -0.100000 0.000000
vn 0.000000 -0.100000 0.000000
vn 0.000000 -0.100000 0.000000
vn 0.000000 -0.100000 0.000000
vn 0.000000 -0.100000 0.000000
vn 0.000000 -0.100000 0.000000
vn 0.000000 -0.100000 0.000000
vn 0.000000 -0.100000 0.000000
vn 0.000000 -0.100000 0.000000
vn 0.000000 -0.100000 0.000000
vn 0.000000 -0.100000 0.000000
vn 0.000000 -0.100000 0.000000
vn 0.000000 -0.100000 0.000000
vn 0.000000 -0.100000 0.000000
vn 0.000000 -0.100000 0.000000
vn 0.000000 -0.100000 0.000000
vn 0.000000 -0.100000 0.000000
vn 0.000000 -0.100000 0.000000
vn 0.000000 -0.100000 0.000000
vn 0.000000 -0.100000 0.000000
vn 0.000000 -0.100000 0.000000
vn 0.000000 -0.100000 0.000000
vn 0.000000 -0.100000 0.000000
vn 0.000000 -0.100000 0.000000
vn 0.000000 -0.100000 0.000000
vn 0.000000 -0.100000 0.000000
vn 0.000000 -0.100000 0.000000
vn 0.000000 -0.100000 0.000000
vn 0.000000 -0.100000 0.000000
vn 0.000000 -0.100000 0.000000
vn 0.000000 -0.100000 0.000000
vn 0.000000 -0.100000 0.000000
vn 0.000000 -0.100000 0.000000
vn 0.000000 -0.100000 0.000000
vn 0.000000 -0.100000 0.000000
vn 0.000000 -0.100000 0.000000
vn 0.000000 -0.100000 0.000000
vn 0.000000 -0.100000 0.000000
vn 0.000000 -0.100000 0.000000
vn 0.000000 -0.100000 0.000000
vn 0.000000 -0.100000 0.000000
vn 0.000000 -0.100000 0.000000
vn 0.000000 -0.100000 0.000000
vn 0.000000 -0.100000 0.000000
vn 0.000000 -0.100000 0.000000
vn 0.000000 -0.100000 0.000000
vn 0.000000 -0.100000 0.000000
vn 0.000000 -0.100000 0.000000
vn 0.000000 -0.100000 0.000000
vn 0.000000 -0.100000 0.000000
vn 0.000000 -0.100000 0.000000
vn 0.000000 -0.100000 0.000000
vn 0.000000 -0.100000 0.000000
vn 0.000000 -0.100000 0.000000
vn 0.000000 -0.100000 0.000000
vn 0.000000 -0.100000 0.000000
vn 0.000000 -0.100000 0.000000
vn 0.000000 -0.100000 0.000000
vn 0.000000 -0.100000 0.000000
vn 0.000000 -0.100000 0.000000
vn 0.000000 -0.100000 0.000000
vn 0.000000 -0.100000 0.000000
vn 0.000000 -0.100000 0.000000
vn 0.000000 -0.100000 0.000000
vn 0.000000 -0.100000 0.000000
vn 0.000000 -0.100000 0.000000
vn 0.000000 -0.100000 0.000000
vn 0.000000 -0.100000 0.000000
vn 0.000000 -0.100000 0.000000
vn 0.000000 -0.100000 0.000000
vn 0.000000 -0.100000 0.000000
vn 0.000000 -0.100000 0.000000
vn 0.000000 -0.100000 0.000000
vn 0.000000 -0.100000 0.000000
vn 0.000000 -0.100000 0.000000
vn 0.000000 -0.100000 0.000000
vn 0.000000 -0.100000 0.000000
vn 0.000000 -0.100000 0.000000
vn 0.000000 -0.100000 0.000000
vn 0.000000 -0.100000 0.000000
vn 0.000000 -0.100000 0.000000
vn 0.000000 -0.100000 0.000000
vn 0.000000 -0.100000 0.000000
vn 0.000000 -0.100000 0.000000
vn 0.000000 -0.100000 0.000000
vn 0.000000 -0.100000 0.000000
vn 0.000000 -0.100000 0.000000
vn 0.000000 -0.100000 0.000000
vn 0.000000 -0.100000 0.000000
vn 0.000000 -0.100000 0.000000
vn 0.000000 -0.100000 0.000000
vn 0.000000 -0.100000 0.000000
vn 0.000000 -0.100000 0.000000
vn 0.000000 -0.100000 0.000000
vn 0.000000 -0.100000 0.000000
vn 0.000000 -0.100000 0.000000
vn 0.000000 -0.100000 0.000000
vn 0.000000 -0.100000 0.000000
vn 0.000000 -0.100000 0.000000
vn 0.000000 -0.100000 0.000000
vn 0.000000 -0.100000 0.000000
vn 0.000000 -0.100000 0.000000
vn 0.000000 -0.100000 0.000000
vn 0.000000 -0.100000 0.000000
vn 0.000000 -0.100000 0.000000
vn 0.000000 -0.100000 0.000000
vn 0.000000 -0.100000 0.000000
vn 0.000000 -0.100000 0.000000
vn 0.000000 -0.100000 0.000000
vn 0.000000 -0.100000 0.000000
vn 0.000000 -0.100000 0.000000
vn 0.000000 -0.100000 0.000000
vn 0.000000 -0.100000 0.000000
vn 0.000000 -0.100000 0.000000
vn 0.000000 -0.100000 0.000000
vn 0.000000 -0.100000 0.000000
vn 0.000000 -0.100000 0.000000
vn 0.000000 -0.100000 0.000000
vn 0.000000 -0.100000 0.000000
vn 0.000000 -0.100000 0.000000
vn 0.000000 -0.100000 0.000000
vn 0.000000 -0.100000 0.000000
vn 0.000000 -0.100000 0.000000
vn 0.000000 -0.100000 0.000000
vn 0.000000 -0.100000 0.000000
vn 0.000000 -0.100000 0.000000
vn 0.000000 -0.100000 0.000000
vn 0.000000 -0.100000 0.000000
vn 0.000000 -0.100000 0.000000
vn 0.000000 -0.100000 0.000000
vn 0.000000 -0.100000 0.000000
vn 0.000000 -0.100000 0.000000
vn 0.000000 -0.100000 0.000000
vn 0.000000 -0.100000 0.000000
vn 0.000000 -0.100000 0.000000
vn 0.000000 -0.100000 0.000000
vn 0.000000 -0.100000 0.000000
vn 0.000000 -0.100000 0.000000
vn 0.000000 -0.100000 0.000000
vn 0.000000 -0.100000 0.000000
vn 0.000000 -0.100000 0.000000
vn 0.000000 -0.100000 0.000000
vn 0.000000 -0.100000 0.000000
vn 0.000000 -0.100000 0.000000
vn 0.000000 -0.100000 0.000000
vn 0.000000 -0.100000 0.000000
vn 0.000000 -0.100000 0.000000
vn 0.000000 -0.100000 0.000000
vn 0.000000 -0.100000 0.000000
vn 0.000000 -0.100000 0.000000
vn 0.000000 -0.100000 0.000000
vn 0.000000 -0.100000 0.000000
vn 0.000000 -0.100000 0.000000
vn 0.000000 -0.100000 0.000000
vn 0.000000 -0.100000 0.000000
vn 0.000000 -0.100000 0.000000
usemtl Paint_-_Enamel_Glossy_(Yellow)
f 2/1/1 25/2/2 1/3/3
f 1/3/3 25/2/2 24/4/4
f 1/3/3 24/4/4 18/5/5
f 18/5/5 24/4/4 17/6/6
f 17/6/6 24/4/4 23/7/7
f 17/6/6 23/7/7 38/8/8
f 38/8/8 23/7/7 22/9/9
f 38/8/8 22/9/9 37/10/10
f 37/10/10 22/9/9 21/11/11
f 37/10/10 21/11/11 36/12/12
f 36/12/12 21/11/11 20/13/13
f 36/12/12 20/13/13 35/14/14
f 35/14/14 20/13/13 11/15/15
f 35/14/14 11/15/15 12/16/16
f 2/1/1 3/17/17 25/2/2
f 25/2/2 3/17/17 26/18/18
f 25/2/2 26/18/18 24/4/4
f 24/4/4 26/18/18 23/7/7
f 26/18/18 3/17/17 30/19/19
f 30/19/19 3/17/17 4/20/20
f 30/19/19 4/20/20 31/21/21
f 31/21/21 4/20/20 5/22/22
f 31/21/21 5/22/22 32/23/23
f 32/23/23 5/22/22 34/24/24
f 32/23/23 34/24/24 19/25/25
f 19/25/25 34/24/24 6/26/26
f 19/25/25 6/26/26 7/27/27
f 5/22/22 6/26/26 34/24/24
f 7/27/27 8/28/28 19/25/25
f 19/25/25 8/28/28 33/29/29
f 19/25/25 33/29/29 32/23/23
f 32/23/23 33/29/29 28/30/30
f 32/23/23 28/30/30 27/31/31
f 27/31/31 28/30/30 22/9/9
f 27/31/31 22/9/9 23/7/7
f 8/28/28 9/32/32 33/29/29
f 33/29/29 9/32/32 29/33/33
f 33/29/29 29/33/33 28/30/30
f 28/30/30 29/33/33 21/11/11
f 28/30/30 21/11/11 22/9/9
f 9/32/32 10/34/34 29/33/33
f 29/33/33 10/34/34 20/13/13
f 29/33/33 20/13/13 21/11/11
f 10/34/34 11/15/15 20/13/13
f 35/14/14 12/16/16 39/35/35
f 39/35/35 12/16/16 13/36/36
f 39/35/35 13/36/36 14/37/37
f 39/35/35 14/37/37 40/38/38
f 40/38/38 14/37/37 15/39/39
f 40/38/38 15/39/39 36/12/12
f 36/12/12 15/39/39 37/10/10
f 15/39/39 16/40/40 37/10/10
f 37/10/10 16/40/40 38/8/8
f 16/40/40 17/6/6 38/8/8
f 27/31/31 23/7/7 26/18/18
f 30/19/19 31/21/21 26/18/18
f 26/18/18 31/21/21 27/31/31
f 31/21/21 32/23/23 27/31/31
f 40/38/38 36/12/12 35/14/14
f 39/35/35 40/38/38 35/14/14
f 7/41/27 41/42/41 8/43/28
f 8/43/28 41/42/41 42/44/42
f 8/43/28 42/44/42 9/45/32
f 9/45/32 42/44/42 43/46/43
f 9/45/32 43/46/43 10/47/34
f 10/47/34 43/46/43 44/48/44
f 10/47/34 44/48/44 11/49/15
f 11/49/15 44/48/44 45/50/45
f 11/49/15 45/50/45 12/51/16
f 12/51/16 45/50/45 46/52/46
f 12/51/16 46/52/46 13/53/36
f 13/53/36 46/52/46 47/54/47
f 65/55/48 48/56/49 66/57/50
f 66/57/50 48/56/49 49/58/51
f 66/57/50 49/58/51 68/59/52
f 68/59/52 49/58/51 50/60/53
f 68/59/52 50/60/53 72/61/54
f 72/61/54 50/60/53 51/62/55
f 72/61/54 51/62/55 77/63/56
f 77/63/56 51/62/55 52/64/57
f 77/63/56 52/64/57 82/65/58
f 82/65/58 52/64/57 53/66/59
f 82/65/58 53/66/59 86/67/60
f 86/67/60 53/66/59 54/68/61
f 86/67/60 54/68/61 55/69/62
f 86/67/60 55/69/62 87/70/63
f 87/70/63 55/69/62 56/71/64
f 87/70/63 56/71/64 83/72/65
f 83/72/65 56/71/64 84/73/66
f 83/72/65 84/73/66 78/74/67
f 78/74/67 84/73/66 79/75/68
f 78/74/67 79/75/68 73/76/69
f 73/76/69 79/75/68 74/77/70
f 73/76/69 74/77/70 69/78/71
f 69/78/71 74/77/70 70/79/72
f 69/78/71 70/79/72 64/80/73
f 64/80/73 70/79/72 63/81/74
f 63/81/74 70/79/72 71/82/75
f 63/81/74 71/82/75 62/83/76
f 62/83/76 71/82/75 75/84/77
f 62/83/76 75/84/77 76/85/78
f 76/85/78 75/84/77 81/86/79
f 76/85/78 81/86/79 60/87/80
f 60/87/80 81/86/79 59/88/81
f 59/88/81 81/86/79 58/89/82
f 58/89/82 81/86/79 80/90/83
f 58/89/82 80/90/83 85/91/84
f 85/91/84 80/90/83 79/75/68
f 85/91/84 79/75/68 84/73/66
f 56/71/64 57/92/85 84/73/66
f 84/73/66 57/92/85 85/91/84
f 57/92/85 58/89/82 85/91/84
f 60/87/80 61/93/86 76/85/78
f 76/85/78 61/93/86 62/83/76
f 69/78/71 64/80/73 67/94/87
f 67/94/87 64/80/73 65/55/48
f 67/94/87 65/55/48 66/57/50
f 69/78/71 67/94/87 66/57/50
f 73/76/69 69/78/71 68/59/52
f 68/59/52 69/78/71 66/57/50
f 75/84/77 71/82/75 70/79/72
f 75/84/77 70/79/72 74/77/70
f 78/74/67 73/76/69 72/61/54
f 72/61/54 73/76/69 68/59/52
f 79/75/68 80/90/83 74/77/70
f 74/77/70 80/90/83 75/84/77
f 80/90/83 81/86/79 75/84/77
f 83/72/65 78/74/67 77/63/56
f 77/63/56 78/74/67 72/61/54
f 87/70/63 83/72/65 82/65/58
f 82/65/58 83/72/65 77/63/56
f 86/67/60 87/70/63 82/65/58
f 54/95/61 88/96/88 55/97/62
f 55/97/62 88/96/88 89/98/89
f 55/97/62 89/98/89 56/99/64
f 56/99/64 89/98/89 90/100/90
f 56/99/64 90/100/90 57/101/85
f 57/101/85 90/100/90 91/102/91
f 57/101/85 91/102/91 58/103/82
f 58/103/82 91/102/91 92/104/92
f 58/103/82 92/104/92 59/105/81
f 59/105/81 92/104/92 93/106/93
f 59/105/81 93/106/93 60/107/80
f 60/107/80 93/106/93 94/108/94
f 96/109/95 119/110/96 95/111/97
f 95/111/97 119/110/96 118/112/98
f 95/111/97 118/112/98 112/113/99
f 112/113/99 118/112/98 111/114/100
f 111/114/100 118/112/98 117/115/101
f 111/114/100 117/115/101 132/116/102
f 132/116/102 117/115/101 116/117/103
f 132/116/102 116/117/103 131/118/104
f 131/118/104 116/117/103 115/119/105
f 131/118/104 115/119/105 130/120/106
f 130/120/106 115/119/105 114/121/107
f 130/120/106 114/121/107 129/122/108
f 129/122/108 114/121/107 105/123/109
f 129/122/108 105/123/109 106/124/110
f 96/109/95 97/125/111 119/110/96
f 119/110/96 97/125/111 120/126/112
f 119/110/96 120/126/112 118/112/98
f 118/112/98 120/126/112 117/115/101
f 120/126/112 97/125/111 124/127/113
f 124/127/113 97/125/111 98/128/114
f 124/127/113 98/128/114 125/129/115
f 125/129/115 98/128/114 99/130/116
f 125/129/115 99/130/116 126/131/117
f 126/131/117 99/130/116 128/132/118
f 126/131/117 128/132/118 113/133/119
f 113/133/119 128/132/118 100/134/120
f 113/133/119 100/134/120 101/135/121
f 99/130/116 100/134/120 128/132/118
f 101/135/121 102/136/122 113/133/119
f 113/133/119 102/136/122 127/137/123
f 113/133/119 127/137/123 126/131/117
f 126/131/117 127/137/123 122/138/124
f 126/131/117 122/138/124 121/139/125
f 121/139/125 122/138/124 116/117/103
f 121/139/125 116/117/103 117/115/101
f 102/136/122 103/140/126 127/137/123
f 127/137/123 103/140/126 123/141/127
f 127/137/123 123/141/127 122/138/124
f 122/138/124 123/141/127 115/119/105
f 122/138/124 115/119/105 116/117/103
f 103/140/126 104/142/128 123/141/127
f 123/141/127 104/142/128 114/121/107
f 123/141/127 114/121/107 115/119/105
f 104/142/128 105/123/109 114/121/107
f 129/122/108 106/124/110 133/143/129
f 133/143/129 106/124/110 107/144/130
f 133/143/129 107/144/130 108/145/131
f 133/143/129 108/145/131 134/146/132
f 134/146/132 108/145/131 109/147/133
f 134/146/132 109/147/133 130/120/106
f 130/120/106 109/147/133 131/118/104
f 109/147/133 110/148/134 131/118/104
f 131/118/104 110/148/134 132/116/102
f 110/148/134 111/114/100 132/116/102
f 121/139/125 117/115/101 120/126/112
f 124/127/113 125/129/115 120/126/112
f 120/126/112 125/129/115 121/139/125
f 125/129/115 126/131/117 121/139/125
f 134/146/132 130/120/106 129/122/108
f 133/143/129 134/146/132 129/122/108
f 101/149/121 135/150/135 102/151/122
f 102/151/122 135/150/135 136/152/136
f 102/151/122 136/152/136 103/153/126
f 103/153/126 136/152/136 137/154/137
f 103/153/126 137/154/137 104/155/128
f 104/155/128 137/154/137 138/156/138
f 104/155/128 138/156/138 105/157/109
f 105/157/109 138/156/138 139/158/139
f 105/157/109 139/158/139 106/159/110
f 106/159/110 139/158/139 140/160/140
f 106/159/110 140/160/140 107/161/130
f 107/161/130 140/160/140 141/162/141
f 107/163/130 7/164/27 108/165/131
f 108/165/131 7/164/27 6/166/26
f 108/165/131 6/166/26 109/167/133
f 109/167/133 6/166/26 5/168/22
f 109/167/133 5/168/22 110/169/134
f 110/169/134 5/168/22 4/170/20
f 110/169/134 4/170/20 111/171/100
f 111/171/100 4/170/20 3/172/17
f 111/171/100 3/172/17 112/173/99
f 112/173/99 3/172/17 2/174/1
f 112/173/99 2/174/1 95/175/97
f 95/175/97 2/174/1 1/176/3
f 143/177/142 166/178/143 142/179/144
f 142/179/144 166/178/143 165/180/145
f 142/179/144 165/180/145 159/181/146
f 159/181/146 165/180/145 158/182/147
f 158/182/147 165/180/145 164/183/148
f 158/182/147 164/183/148 179/184/149
f 179/184/149 164/183/148 163/185/150
f 179/184/149 163/185/150 178/186/151
f 178/186/151 163/185/150 162/187/152
f 178/186/151 162/187/152 177/188/153
f 177/188/153 162/187/152 161/189/154
f 177/188/153 161/189/154 176/190/155
f 176/190/155 161/189/154 152/191/156
f 176/190/155 152/191/156 153/192/157
f 143/177/142 144/193/158 166/178/143
f 166/178/143 144/193/158 167/194/159
f 166/178/143 167/194/159 165/180/145
f 165/180/145 167/194/159 164/183/148
f 167/194/159 144/193/158 171/195/160
f 171/195/160 144/193/158 145/196/161
f 171/195/160 145/196/161 172/197/162
f 172/197/162 145/196/161 146/198/163
f 172/197/162 146/198/163 173/199/164
f 173/199/164 146/198/163 175/200/165
f 173/199/164 175/200/165 160/201/166
f 160/201/166 175/200/165 147/202/167
f 160/201/166 147/202/167 148/203/168
f 146/198/163 147/202/167 175/200/165
f 148/203/168 149/204/169 160/201/166
f 160/201/166 149/204/169 174/205/170
f 160/201/166 174/205/170 173/199/164
f 173/199/164 174/205/170 169/206/171
f 173/199/164 169/206/171 168/207/172
f 168/207/172 169/206/171 163/185/150
f 168/207/172 163/185/150 164/183/148
f 149/204/169 150/208/173 174/205/170
f 174/205/170 150/208/173 170/209/174
f 174/205/170 170/209/174 169/206/171
f 169/206/171 170/209/174 162/187/152
f 169/206/171 162/187/152 163/185/150
f 150/208/173 151/210/175 170/209/174
f 170/209/174 151/210/175 161/189/154
f 170/209/174 161/189/154 162/187/152
f 151/210/175 152/191/156 161/189/154
f 176/190/155 153/192/157 180/211/176
f 180/211/176 153/192/157 154/212/177
f 180/211/176 154/212/177 155/213/178
f 180/211/176 155/213/178 181/214/179
f 181/214/179 155/213/178 156/215/180
f 181/214/179 156/215/180 177/188/153
f 177/188/153 156/215/180 178/186/151
f 156/215/180 157/216/181 178/186/151
f 178/186/151 157/216/181 179/184/149
f 157/216/181 158/182/147 179/184/149
f 168/207/172 164/183/148 167/194/159
f 171/195/160 172/197/162 167/194/159
f 167/194/159 172/197/162 168/207/172
f 172/197/162 173/199/164 168/207/172
f 181/214/179 177/188/153 176/190/155
f 180/211/176 181/214/179 176/190/155
f 148/217/168 182/218/182 149/219/169
f 149/219/169 182/218/182 183/220/183
f 149/219/169 183/220/183 150/221/173
f 150/221/173 183/220/183 184/222/184
f 150/221/173 184/222/184 151/223/175
f 151/223/175 184/222/184 185/224/185
f 151/223/175 185/224/185 152/225/156
f 152/225/156 185/224/185 186/226/186
f 152/225/156 186/226/186 153/227/157
f 153/227/157 186/226/186 187/228/187
f 153/227/157 187/228/187 154/229/177
f 154/229/177 187/228/187 188/230/188
f 154/231/177 101/232/121 155/233/178
f 155/233/178 101/232/121 100/234/120
f 155/233/178 100/234/120 156/235/180
f 156/235/180 100/234/120 99/236/116
f 156/235/180 99/236/116 157/237/181
f 157/237/181 99/236/116 98/238/114
f 157/237/181 98/238/114 158/239/147
f 158/239/147 98/238/114 97/240/111
f 158/239/147 97/240/111 159/241/146
f 159/241/146 97/240/111 96/242/95
f 159/241/146 96/242/95 142/243/144
f 142/243/144 96/242/95 95/244/97
f 60/245/80 148/246/168 61/247/86
f 61/247/86 148/246/168 147/248/167
f 61/247/86 147/248/167 62/249/76
f 62/249/76 147/248/167 146/250/163
f 62/249/76 146/250/163 63/251/74
f 63/251/74 146/250/163 145/252/161
f 63/251/74 145/252/161 64/253/73
f 64/253/73 145/252/161 144/254/158
f 64/253/73 144/254/158 65/255/48
f 65/255/48 144/254/158 143/256/142
f 65/255/48 143/256/142 48/257/49
f 48/257/49 143/256/142 142/258/144
f 13/259/36 54/260/61 14/261/37
f 14/261/37 54/260/61 53/262/59
f 14/261/37 53/262/59 15/263/39
f 15/263/39 53/262/59 52/264/57
f 15/263/39 52/264/57 16/265/40
f 16/265/40 52/264/57 51/266/55
f 16/265/40 51/266/55 17/267/6
f 17/267/6 51/266/55 50/268/53
f 17/267/6 50/268/53 18/269/5
f 18/269/5 50/268/53 49/270/51
f 18/269/5 49/270/51 1/271/3
f 1/271/3 49/270/51 48/272/49
f 7/273/27 107/274/130 41/275/41
f 41/275/41 107/274/130 141/276/141
f 101/277/121 154/278/177 135/279/135
f 135/279/135 154/278/177 188/280/188
f 212/281/189 189/282/190 48/283/49
f 48/283/49 189/282/190 190/284/191
f 48/283/49 190/284/191 191/285/192
f 191/285/192 192/286/193 48/283/49
f 48/283/49 192/286/193 193/287/194
f 48/283/49 193/287/194 194/288/195
f 194/288/195 195/289/196 48/283/49
f 48/283/49 195/289/196 196/290/197
f 48/283/49 196/290/197 242/291/198
f 242/291/198 196/290/197 197/292/199
f 242/291/198 197/292/199 241/293/200
f 241/293/200 197/292/199 198/294/201
f 241/293/200 198/294/201 240/295/202
f 240/295/202 198/294/201 199/296/203
f 240/295/202 199/296/203 239/297/204
f 239/297/204 199/296/203 200/298/205
f 239/297/204 200/298/205 238/299/206
f 238/299/206 200/298/205 201/300/207
f 238/299/206 201/300/207 237/301/208
f 237/301/208 201/300/207 260/302/209
f 260/302/209 201/300/207 202/303/210
f 260/302/209 202/303/210 259/304/211
f 259/304/211 202/303/210 203/305/212
f 259/304/211 203/305/212 258/306/213
f 258/306/213 203/305/212 204/307/214
f 258/306/213 204/307/214 205/308/215
f 206/309/216 220/310/217 205/308/215
f 205/308/215 220/310/217 221/311/218
f 205/308/215 221/311/218 257/312/219
f 257/312/219 221/311/218 265/313/220
f 257/312/219 265/313/220 256/314/221
f 256/314/221 265/313/220 266/315/222
f 256/314/221 266/315/222 255/316/223
f 255/316/223 266/315/222 267/317/224
f 255/316/223 267/317/224 254/318/225
f 254/318/225 267/317/224 268/319/226
f 254/318/225 268/319/226 253/320/227
f 253/320/227 268/319/226 269/321/228
f 253/320/227 269/321/228 305/322/229
f 305/322/229 269/321/228 313/323/230
f 305/322/229 313/323/230 304/324/231
f 304/324/231 313/323/230 314/325/232
f 304/324/231 314/325/232 303/326/233
f 303/326/233 314/325/232 315/327/234
f 303/326/233 315/327/234 302/328/235
f 302/328/235 315/327/234 316/329/236
f 302/328/235 316/329/236 301/330/237
f 301/330/237 316/329/236 317/331/238
f 301/330/237 317/331/238 353/332/239
f 353/332/239 317/331/238 361/333/240
f 353/332/239 361/333/240 352/334/241
f 352/334/241 361/333/240 362/335/242
f 352/334/241 362/335/242 351/336/243
f 351/336/243 362/335/242 363/337/244
f 351/336/243 363/337/244 350/338/245
f 350/338/245 363/337/244 364/339/246
f 350/338/245 364/339/246 349/340/247
f 349/340/247 364/339/246 365/341/248
f 349/340/247 365/341/248 348/342/249
f 348/342/249 365/341/248 366/343/250
f 348/342/249 366/343/250 347/344/251
f 347/344/251 366/343/250 367/345/252
f 347/344/251 367/345/252 346/346/253
f 346/346/253 367/345/252 368/347/254
f 346/346/253 368/347/254 1/348/3
f 1/348/3 368/347/254 95/349/97
f 95/349/97 368/347/254 369/350/255
f 95/349/97 369/350/255 370/351/256
f 220/310/217 206/309/216 219/352/257
f 219/352/257 206/309/216 207/353/258
f 219/352/257 207/353/258 218/354/259
f 218/354/259 207/353/258 208/355/260
f 218/354/259 208/355/260 217/356/261
f 217/356/261 208/355/260 209/357/262
f 217/356/261 209/357/262 216/358/263
f 216/358/263 209/357/262 210/359/264
f 216/358/263 210/359/264 215/360/265
f 215/360/265 210/359/264 211/361/266
f 215/360/265 211/361/266 214/362/267
f 214/362/267 211/361/266 212/281/189
f 214/362/267 212/281/189 142/363/144
f 142/363/144 212/281/189 48/283/49
f 236/364/268 213/365/269 142/363/144
f 142/363/144 213/365/269 214/362/267
f 221/311/218 222/366/270 265/313/220
f 265/313/220 222/366/270 264/367/271
f 264/367/271 222/366/270 223/368/272
f 264/367/271 223/368/272 263/369/273
f 263/369/273 223/368/272 224/370/274
f 263/369/273 224/370/274 262/371/275
f 262/371/275 224/370/274 225/372/276
f 262/371/275 225/372/276 261/373/277
f 261/373/277 225/372/276 284/374/278
f 284/374/278 225/372/276 226/375/279
f 284/374/278 226/375/279 283/376/280
f 283/376/280 226/375/279 227/377/281
f 283/376/280 227/377/281 282/378/282
f 282/378/282 227/377/281 228/379/283
f 282/378/282 228/379/283 281/380/284
f 281/380/284 228/379/283 229/381/285
f 281/380/284 229/381/285 280/382/286
f 280/382/286 229/381/285 230/383/287
f 280/382/286 230/383/287 142/363/144
f 142/363/144 230/383/287 231/384/288
f 142/363/144 231/384/288 232/385/289
f 232/385/289 233/386/290 142/363/144
f 142/363/144 233/386/290 234/387/291
f 142/363/144 234/387/291 235/388/292
f 235/388/292 236/364/268 142/363/144
f 242/291/198 243/389/293 48/283/49
f 48/283/49 243/389/293 1/348/3
f 1/348/3 243/389/293 291/390/294
f 1/348/3 291/390/294 292/391/295
f 243/389/293 244/392/296 291/390/294
f 291/390/294 244/392/296 290/393/297
f 290/393/297 244/392/296 245/394/298
f 290/393/297 245/394/298 289/395/299
f 289/395/299 245/394/298 246/396/300
f 289/395/299 246/396/300 288/397/301
f 288/397/301 246/396/300 247/398/302
f 288/397/301 247/398/302 287/399/303
f 287/399/303 247/398/302 248/400/304
f 287/399/303 248/400/304 286/401/305
f 286/401/305 248/400/304 249/402/306
f 286/401/305 249/402/306 285/403/307
f 285/403/307 249/402/306 308/404/308
f 308/404/308 249/402/306 250/405/309
f 308/404/308 250/405/309 307/406/310
f 307/406/310 250/405/309 251/407/311
f 307/406/310 251/407/311 306/408/312
f 306/408/312 251/407/311 252/409/313
f 306/408/312 252/409/313 253/320/227
f 257/312/219 258/306/213 205/308/215
f 269/321/228 270/410/314 313/323/230
f 313/323/230 270/410/314 312/411/315
f 312/411/315 270/410/314 271/412/316
f 312/411/315 271/412/316 311/413/317
f 311/413/317 271/412/316 272/414/318
f 311/413/317 272/414/318 310/415/319
f 310/415/319 272/414/318 273/416/320
f 310/415/319 273/416/320 309/417/321
f 309/417/321 273/416/320 332/418/322
f 332/418/322 273/416/320 274/419/323
f 332/418/322 274/419/323 331/420/324
f 331/420/324 274/419/323 275/421/325
f 331/420/324 275/421/325 330/422/326
f 330/422/326 275/421/325 276/423/327
f 330/422/326 276/423/327 329/424/328
f 329/424/328 276/423/327 277/425/329
f 329/424/328 277/425/329 328/426/330
f 328/426/330 277/425/329 278/427/331
f 328/426/330 278/427/331 327/428/332
f 327/428/332 278/427/331 279/429/333
f 327/428/332 279/429/333 95/349/97
f 95/349/97 279/429/333 142/363/144
f 142/363/144 279/429/333 280/382/286
f 1/348/3 292/391/295 338/430/334
f 338/430/334 292/391/295 293/431/335
f 338/430/334 293/431/335 337/432/336
f 337/432/336 293/431/335 294/433/337
f 337/432/336 294/433/337 336/434/338
f 336/434/338 294/433/337 295/435/339
f 336/434/338 295/435/339 335/436/340
f 335/436/340 295/435/339 296/437/341
f 335/436/340 296/437/341 334/438/342
f 334/438/342 296/437/341 297/439/343
f 334/438/342 297/439/343 333/440/344
f 333/440/344 297/439/343 356/441/345
f 356/441/345 297/439/343 298/442/346
f 356/441/345 298/442/346 355/443/347
f 355/443/347 298/442/346 299/444/348
f 355/443/347 299/444/348 354/445/349
f 354/445/349 299/444/348 300/446/350
f 354/445/349 300/446/350 301/330/237
f 305/322/229 306/408/312 253/320/227
f 317/331/238 318/447/351 361/333/240
f 361/333/240 318/447/351 360/448/352
f 360/448/352 318/447/351 319/449/353
f 360/448/352 319/449/353 359/450/354
f 359/450/354 319/449/353 320/451/355
f 359/450/354 320/451/355 358/452/356
f 358/452/356 320/451/355 321/453/357
f 358/452/356 321/453/357 357/454/358
f 357/454/358 321/453/357 380/455/359
f 380/455/359 321/453/357 322/456/360
f 380/455/359 322/456/360 379/457/361
f 379/457/361 322/456/360 323/458/362
f 379/457/361 323/458/362 378/459/363
f 378/459/363 323/458/362 324/460/364
f 378/459/363 324/460/364 377/461/365
f 377/461/365 324/460/364 325/462/366
f 377/461/365 325/462/366 376/463/367
f 376/463/367 325/462/366 326/464/368
f 376/463/367 326/464/368 95/349/97
f 95/349/97 326/464/368 327/428/332
f 338/430/334 339/465/369 1/348/3
f 1/348/3 339/465/369 340/466/370
f 1/348/3 340/466/370 341/467/371
f 341/467/371 342/468/372 1/348/3
f 1/348/3 342/468/372 343/469/373
f 1/348/3 343/469/373 344/470/374
f 344/470/374 345/471/375 1/348/3
f 1/348/3 345/471/375 346/346/253
f 353/332/239 354/445/349 301/330/237
f 370/351/256 371/472/376 95/349/97
f 95/349/97 371/472/376 372/473/377
f 95/349/97 372/473/377 373/474/378
f 373/474/378 374/475/379 95/349/97
f 95/349/97 374/475/379 375/476/380
f 95/349/97 375/476/380 376/463/367
f 382/477/381 434/478/382 381/479/383
f 381/479/383 434/478/382 443/480/384
f 381/479/383 443/480/384 404/481/385
f 404/481/385 443/480/384 544/482/386
f 404/481/385 544/482/386 403/483/387
f 403/483/387 544/482/386 539/484/388
f 403/483/387 539/484/388 402/485/389
f 402/485/389 539/484/388 534/486/390
f 402/485/389 534/486/390 401/487/391
f 401/487/391 534/486/390 529/488/392
f 401/487/391 529/488/392 400/489/393
f 400/489/393 529/488/392 524/490/394
f 400/489/393 524/490/394 399/491/395
f 399/491/395 524/490/394 519/492/396
f 399/491/395 519/492/396 398/493/397
f 398/493/397 519/492/396 514/494/398
f 398/493/397 514/494/398 397/495/399
f 397/495/399 514/494/398 509/496/400
f 397/495/399 509/496/400 396/497/401
f 396/497/401 509/496/400 504/498/402
f 396/497/401 504/498/402 395/499/403
f 395/499/403 504/498/402 499/500/404
f 395/499/403 499/500/404 394/501/405
f 394/501/405 499/500/404 494/502/406
f 394/501/405 494/502/406 393/503/407
f 393/503/407 494/502/406 489/504/408
f 393/503/407 489/504/408 392/505/409
f 392/505/409 489/504/408 484/506/410
f 392/505/409 484/506/410 391/507/411
f 391/507/411 484/506/410 479/508/412
f 391/507/411 479/508/412 390/509/413
f 390/509/413 479/508/412 474/510/414
f 390/509/413 474/510/414 389/511/415
f 389/511/415 474/510/414 469/512/416
f 389/511/415 469/512/416 388/513/417
f 388/513/417 469/512/416 464/514/418
f 388/513/417 464/514/418 387/515/419
f 387/515/419 464/514/418 429/516/420
f 387/517/419 429/518/420 386/519/421
f 386/519/421 429/518/420 459/520/422
f 386/519/421 459/520/422 385/521/423
f 385/521/423 459/520/422 454/522/424
f 385/521/423 454/522/424 384/523/425
f 384/523/425 454/522/424 449/524/426
f 384/523/425 449/524/426 383/525/427
f 383/525/427 449/524/426 444/526/428
f 383/525/427 444/526/428 382/477/381
f 382/477/381 444/526/428 434/478/382
f 406/527/429 548/528/430 405/529/431
f 405/529/431 548/528/430 439/530/432
f 405/529/431 439/530/432 428/531/433
f 428/531/433 439/530/432 438/532/434
f 428/531/433 438/532/434 427/533/435
f 427/533/435 438/532/434 448/534/436
f 427/533/435 448/534/436 426/535/437
f 426/535/437 448/534/436 453/536/438
f 426/535/437 453/536/438 425/537/439
f 425/537/439 453/536/438 458/538/440
f 425/537/439 458/538/440 424/539/441
f 424/539/441 458/538/440 463/540/442
f 424/539/441 463/540/442 423/541/443
f 423/541/443 463/540/442 433/542/444
f 423/543/443 433/544/444 422/545/445
f 422/545/445 433/544/444 468/546/446
f 422/545/445 468/546/446 421/547/447
f 421/547/447 468/546/446 473/548/448
f 421/547/447 473/548/448 420/549/449
f 420/549/449 473/548/448 478/550/450
f 420/549/449 478/550/450 419/551/451
f 419/551/451 478/550/450 483/552/452
f 419/551/451 483/552/452 418/553/453
f 418/553/453 483/552/452 488/554/454
f 418/553/453 488/554/454 417/555/455
f 417/555/455 488/554/454 493/556/456
f 417/555/455 493/556/456 416/557/457
f 416/557/457 493/556/456 498/558/458
f 416/557/457 498/558/458 415/559/459
f 415/559/459 498/558/458 503/560/460
f 415/559/459 503/560/460 414/561/461
f 414/561/461 503/560/460 508/562/462
f 414/561/461 508/562/462 413/563/463
f 413/563/463 508/562/462 513/564/464
f 413/563/463 513/564/464 412/565/465
f 412/565/465 513/564/464 518/566/466
f 412/565/465 518/566/466 411/567/467
f 411/567/467 518/566/466 523/568/468
f 411/567/467 523/568/468 410/569/469
f 410/569/469 523/568/468 528/570/470
f 410/569/469 528/570/470 409/571/471
f 409/571/471 528/570/470 533/572/472
f 409/571/471 533/572/472 408/573/473
f 408/573/473 533/572/472 538/574/474
f 408/573/473 538/574/474 407/575/475
f 407/575/475 538/574/474 543/576/476
f 407/575/475 543/576/476 406/527/429
f 406/527/429 543/576/476 548/528/430
f 429/518/420 430/577/477 459/520/422
f 459/520/422 430/577/477 460/578/478
f 459/520/422 460/578/478 454/522/424
f 454/522/424 460/578/478 455/579/479
f 454/522/424 455/579/479 449/524/426
f 449/524/426 455/579/479 450/580/480
f 449/524/426 450/580/480 444/526/428
f 444/526/428 450/580/480 445/581/481
f 444/526/428 445/581/481 434/478/382
f 434/478/382 445/581/481 435/582/482
f 434/478/382 435/582/482 443/480/384
f 443/480/384 435/582/482 442/583/483
f 443/480/384 442/583/483 544/482/386
f 544/482/386 442/583/483 545/584/484
f 544/482/386 545/584/484 539/484/388
f 539/484/388 545/584/484 540/585/485
f 539/484/388 540/585/485 534/486/390
f 534/486/390 540/585/485 535/586/486
f 534/486/390 535/586/486 529/488/392
f 529/488/392 535/586/486 530/587/487
f 529/488/392 530/587/487 524/490/394
f 524/490/394 530/587/487 525/588/488
f 524/490/394 525/588/488 519/492/396
f 519/492/396 525/588/488 520/589/489
f 519/492/396 520/589/489 514/494/398
f 514/494/398 520/589/489 515/590/490
f 514/494/398 515/590/490 509/496/400
f 509/496/400 515/590/490 510/591/491
f 509/496/400 510/591/491 504/498/402
f 504/498/402 510/591/491 505/592/492
f 504/498/402 505/592/492 499/500/404
f 499/500/404 505/592/492 500/593/493
f 499/500/404 500/593/493 494/502/406
f 494/502/406 500/593/493 495/594/494
f 494/502/406 495/594/494 489/504/408
f 489/504/408 495/594/494 490/595/495
f 489/504/408 490/595/495 484/506/410
f 484/506/410 490/595/495 485/596/496
f 484/506/410 485/596/496 479/508/412
f 479/508/412 485/596/496 480/597/497
f 479/508/412 480/597/497 474/510/414
f 474/510/414 480/597/497 475/598/498
f 474/510/414 475/598/498 469/512/416
f 469/512/416 475/598/498 470/599/499
f 469/512/416 470/599/499 464/514/418
f 464/514/418 470/599/499 465/600/500
f 464/514/418 465/600/500 429/516/420
f 429/516/420 465/600/500 430/601/477
f 430/577/477 431/602/501 460/578/478
f 460/578/478 431/602/501 461/603/502
f 460/578/478 461/603/502 455/579/479
f 455/579/479 461/603/502 456/604/503
f 455/579/479 456/604/503 450/580/480
f 450/580/480 456/604/503 451/605/504
f 450/580/480 451/605/504 445/581/481
f 445/581/481 451/605/504 446/606/505
f 445/581/481 446/606/505 435/582/482
f 435/582/482 446/606/505 436/607/506
f 435/582/482 436/607/506 442/583/483
f 442/583/483 436/607/506 441/608/507
f 442/583/483 441/608/507 545/584/484
f 545/584/484 441/608/507 546/609/508
f 545/584/484 546/609/508 540/585/485
f 540/585/485 546/609/508 541/610/509
f 540/585/485 541/610/509 535/586/486
f 535/586/486 541/610/509 536/611/510
f 535/586/486 536/611/510 530/587/487
f 530/587/487 536/611/510 531/612/511
f 530/587/487 531/612/511 525/588/488
f 525/588/488 531/612/511 526/613/512
f 525/588/488 526/613/512 520/589/489
f 520/589/489 526/613/512 521/614/513
f 520/589/489 521/614/513 515/590/490
f 515/590/490 521/614/513 516/615/514
f 515/590/490 516/615/514 510/591/491
f 510/591/491 516/615/514 511/616/515
f 510/591/491 511/616/515 505/592/492
f 505/592/492 511/616/515 506/617/516
f 505/592/492 506/617/516 500/593/493
f 500/593/493 506/617/516 501/618/517
f 500/593/493 501/618/517 495/594/494
f 495/594/494 501/618/517 496/619/518
f 495/594/494 496/619/518 490/595/495
f 490/595/495 496/619/518 491/620/519
f 490/595/495 491/620/519 485/596/496
f 485/596/496 491/620/519 486/621/520
f 485/596/496 486/621/520 480/597/497
f 480/597/497 486/621/520 481/622/521
f 480/597/497 481/622/521 475/598/498
f 475/598/498 481/622/521 476/623/522
f 475/598/498 476/623/522 470/599/499
f 470/599/499 476/623/522 471/624/523
f 470/599/499 471/624/523 465/600/500
f 465/600/500 471/624/523 466/625/524
f 465/600/500 466/625/524 430/601/477
f 430/601/477 466/625/524 431/626/501
f 431/602/501 432/627/525 461/603/502
f 461/603/502 432/627/525 462/628/526
f 461/603/502 462/628/526 456/604/503
f 456/604/503 462/628/526 457/629/527
f 456/604/503 457/629/527 451/605/504
f 451/605/504 457/629/527 452/630/528
f 451/605/504 452/630/528 446/606/505
f 446/606/505 452/630/528 447/631/529
f 446/606/505 447/631/529 436/607/506
f 436/607/506 447/631/529 437/632/530
f 436/607/506 437/632/530 441/608/507
f 441/608/507 437/632/530 440/633/531
f 441/608/507 440/633/531 546/609/508
f 546/609/508 440/633/531 547/634/532
f 546/609/508 547/634/532 541/610/509
f 541/610/509 547/634/532 542/635/533
f 541/610/509 542/635/533 536/611/510
f 536/611/510 542/635/533 537/636/534
f 536/611/510 537/636/534 531/612/511
f 531/612/511 537/636/534 532/637/535
f 531/612/511 532/637/535 526/613/512
f 526/613/512 532/637/535 527/638/536
f 526/613/512 527/638/536 521/614/513
f 521/614/513 527/638/536 522/639/537
f 521/614/513 522/639/537 516/615/514
f 516/615/514 522/639/537 517/640/538
f 516/615/514 517/640/538 511/616/515
f 511/616/515 517/640/538 512/641/539
f 511/616/515 512/641/539 506/617/516
f 506/617/516 512/641/539 507/642/540
f 506/617/516 507/642/540 501/618/517
f 501/618/517 507/642/540 502/643/541
f 501/618/517 502/643/541 496/619/518
f 496/619/518 502/643/541 497/644/542
f 496/619/518 497/644/542 491/620/519
f 491/620/519 497/644/542 492/645/543
f 491/620/519 492/645/543 486/621/520
f 486/621/520 492/645/543 487/646/544
f 486/621/520 487/646/544 481/622/521
f 481/622/521 487/646/544 482/647/545
f 481/622/521 482/647/545 476/623/522
f 476/623/522 482/647/545 477/648/546
f 476/623/522 477/648/546 471/624/523
f 471/624/523 477/648/546 472/649/547
f 471/624/523 472/649/547 466/625/524
f 466/625/524 472/649/547 467/650/548
f 466/625/524 467/650/548 431/626/501
f 431/626/501 467/650/548 432/651/525
f 432/627/525 433/542/444 462/628/526
f 462/628/526 433/542/444 463/540/442
f 462/628/526 463/540/442 457/629/527
f 457/629/527 463/540/442 458/538/440
f 457/629/527 458/538/440 452/630/528
f 452/630/528 458/538/440 453/536/438
f 452/630/528 453/536/438 447/631/529
f 447/631/529 453/536/438 448/534/436
f 447/631/529 448/534/436 437/632/530
f 437/632/530 448/534/436 438/532/434
f 437/632/530 438/532/434 440/633/531
f 440/633/531 438/532/434 439/530/432
f 440/633/531 439/530/432 547/634/532
f 547/634/532 439/530/432 548/528/430
f 547/634/532 548/528/430 542/635/533
f 542/635/533 548/528/430 543/576/476
f 542/635/533 543/576/476 537/636/534
f 537/636/534 543/576/476 538/574/474
f 537/636/534 538/574/474 532/637/535
f 532/637/535 538/574/474 533/572/472
f 532/637/535 533/572/472 527/638/536
f 527/638/536 533/572/472 528/570/470
f 527/638/536 528/570/470 522/639/537
f 522/639/537 528/570/470 523/568/468
f 522/639/537 523/568/468 517/640/538
f 517/640/538 523/568/468 518/566/466
f 517/640/538 518/566/466 512/641/539
f 512/641/539 518/566/466 513/564/464
f 512/641/539 513/564/464 507/642/540
f 507/642/540 513/564/464 508/562/462
f 507/642/540 508/562/462 502/643/541
f 502/643/541 508/562/462 503/560/460
f 502/643/541 503/560/460 497/644/542
f 497/644/542 503/560/460 498/558/458
f 497/644/542 498/558/458 492/645/543
f 492/645/543 498/558/458 493/556/456
f 492/645/543 493/556/456 487/646/544
f 487/646/544 493/556/456 488/554/454
f 487/646/544 488/554/454 482/647/545
f 482/647/545 488/554/454 483/552/452
f 482/647/545 483/552/452 477/648/546
f 477/648/546 483/552/452 478/550/450
f 477/648/546 478/550/450 472/649/547
f 472/649/547 478/550/450 473/548/448
f 472/649/547 473/548/448 467/650/548
f 467/650/548 473/548/448 468/546/446
f 467/650/548 468/546/446 432/651/525
f 432/651/525 468/546/446 433/544/444
f 236/652/549 382/653/381 213/654/550
f 213/654/550 382/653/381 381/655/383
f 213/656/550 381/657/383 214/658/551
f 214/658/551 381/657/383 404/659/385
f 214/658/551 404/659/385 215/660/552
f 215/660/552 404/659/385 403/661/387
f 215/660/552 403/661/387 216/662/553
f 216/662/553 403/661/387 402/663/389
f 216/662/553 402/663/389 217/664/554
f 217/664/554 402/663/389 401/665/391
f 217/664/554 401/665/391 218/666/555
f 218/666/555 401/665/391 400/667/393
f 218/666/555 400/667/393 219/668/556
f 219/668/556 400/667/393 399/669/395
f 219/668/556 399/669/395 220/670/557
f 220/670/557 399/669/395 398/671/397
f 220/670/557 398/671/397 221/672/558
f 221/672/558 398/671/397 397/673/399
f 221/672/558 397/673/399 222/674/559
f 222/674/559 397/673/399 396/675/401
f 222/674/559 396/675/401 223/676/560
f 223/676/560 396/675/401 395/677/403
f 223/676/560 395/677/403 224/678/561
f 224/678/561 395/677/403 394/679/405
f 224/678/561 394/679/405 225/680/562
f 225/680/562 394/679/405 393/681/407
f 225/680/562 393/681/407 226/682/563
f 226/682/563 393/681/407 392/683/409
f 226/682/563 392/683/409 227/684/564
f 227/684/564 392/683/409 391/685/411
f 227/684/564 391/685/411 228/686/565
f 228/686/565 391/685/411 390/687/413
f 228/686/565 390/687/413 229/688/566
f 229/688/566 390/687/413 389/689/415
f 229/688/566 389/689/415 230/690/567
f 230/690/567 389/689/415 388/691/417
f 230/690/567 388/691/417 231/692/568
f 231/692/568 388/691/417 387/693/419
f 231/692/568 387/693/419 232/694/569
f 232/694/569 387/693/419 386/695/421
f 232/694/569 386/695/421 233/696/570
f 233/696/570 386/695/421 385/697/423
f 233/696/570 385/697/423 234/698/571
f 234/698/571 385/697/423 384/699/425
f 234/698/571 384/699/425 235/700/572
f 235/700/572 384/699/425 383/701/427
f 235/700/572 383/701/427 236/652/549
f 236/652/549 383/701/427 382/653/381
f 428/702/433 418/703/453 405/704/431
f 405/704/431 418/703/453 417/705/455
f 405/704/431 417/705/455 406/706/429
f 406/706/429 417/705/455 416/707/457
f 406/706/429 416/707/457 407/708/475
f 407/708/475 416/707/457 415/709/459
f 407/708/475 415/709/459 408/710/473
f 408/710/473 415/709/459 414/711/461
f 408/710/473 414/711/461 409/712/471
f 409/712/471 414/711/461 413/713/463
f 409/712/471 413/713/463 410/714/469
f 410/714/469 413/713/463 412/715/465
f 410/714/469 412/715/465 411/716/467
f 418/703/453 428/702/433 419/717/451
f 419/717/451 428/702/433 427/718/435
f 419/717/451 427/718/435 420/719/449
f 420/719/449 427/718/435 426/720/437
f 420/719/449 426/720/437 421/721/447
f 421/721/447 426/720/437 425/722/439
f 421/721/447 425/722/439 422/723/445
f 422/723/445 425/722/439 424/724/441
f 422/723/445 424/724/441 423/725/443
f 550/726/573 602/727/574 549/728/575
f 549/728/575 602/727/574 611/729/576
f 549/728/575 611/729/576 572/730/577
f 572/730/577 611/729/576 712/731/578
f 572/730/577 712/731/578 571/732/579
f 571/732/579 712/731/578 707/733/580
f 571/732/579 707/733/580 570/734/581
f 570/734/581 707/733/580 702/735/582
f 570/734/581 702/735/582 569/736/583
f 569/736/583 702/735/582 697/737/584
f 569/736/583 697/737/584 568/738/585
f 568/738/585 697/737/584 692/739/586
f 568/738/585 692/739/586 567/740/587
f 567/740/587 692/739/586 687/741/588
f 567/740/587 687/741/588 566/742/589
f 566/742/589 687/741/588 682/743/590
f 566/742/589 682/743/590 565/744/591
f 565/744/591 682/743/590 677/745/592
f 565/744/591 677/745/592 564/746/593
f 564/746/593 677/745/592 672/747/594
f 564/746/593 672/747/594 563/748/595
f 563/748/595 672/747/594 667/749/596
f 563/748/595 667/749/596 562/750/597
f 562/750/597 667/749/596 662/751/598
f 562/750/597 662/751/598 561/752/599
f 561/752/599 662/751/598 657/753/600
f 561/752/599 657/753/600 560/754/601
f 560/754/601 657/753/600 652/755/602
f 560/754/601 652/755/602 559/756/603
f 559/756/603 652/755/602 647/757/604
f 559/756/603 647/757/604 558/758/605
f 558/758/605 647/757/604 642/759/606
f 558/758/605 642/759/606 557/760/607
f 557/760/607 642/759/606 637/761/608
f 557/760/607 637/761/608 556/762/609
f 556/762/609 637/761/608 632/763/610
f 556/762/609 632/763/610 555/764/611
f 555/764/611 632/763/610 597/765/612
f 555/766/611 597/767/612 554/768/613
f 554/768/613 597/767/612 627/769/614
f 554/768/613 627/769/614 553/770/615
f 553/770/615 627/769/614 622/771/616
f 553/770/615 622/771/616 552/772/617
f 552/772/617 622/771/616 617/773/618
f 552/772/617 617/773/618 551/774/619
f 551/774/619 617/773/618 612/775/620
f 551/774/619 612/775/620 550/726/573
f 550/726/573 612/775/620 602/727/574
f 574/776/621 716/777/622 573/778/623
f 573/778/623 716/777/622 607/779/624
f 573/778/623 607/779/624 596/780/625
f 596/780/625 607/779/624 606/781/626
f 596/780/625 606/781/626 595/782/627
f 595/782/627 606/781/626 616/783/628
f 595/782/627 616/783/628 594/784/629
f 594/784/629 616/783/628 621/785/630
f 594/784/629 621/785/630 593/786/631
f 593/786/631 621/785/630 626/787/632
f 593/786/631 626/787/632 592/788/633
f 592/788/633 626/787/632 631/789/634
f 592/788/633 631/789/634 591/790/635
f 591/790/635 631/789/634 601/791/636
f 591/792/635 601/793/636 590/794/637
f 590/794/637 601/793/636 636/795/638
f 590/794/637 636/795/638 589/796/639
f 589/796/639 636/795/638 641/797/640
f 589/796/639 641/797/640 588/798/641
f 588/798/641 641/797/640 646/799/642
f 588/798/641 646/799/642 587/800/643
f 587/800/643 646/799/642 651/801/644
f 587/800/643 651/801/644 586/802/645
f 586/802/645 651/801/644 656/803/646
f 586/802/645 656/803/646 585/804/647
f 585/804/647 656/803/646 661/805/648
f 585/804/647 661/805/648 584/806/649
f 584/806/649 661/805/648 666/807/650
f 584/806/649 666/807/650 583/808/651
f 583/808/651 666/807/650 671/809/652
f 583/808/651 671/809/652 582/810/653
f 582/810/653 671/809/652 676/811/654
f 582/810/653 676/811/654 581/812/655
f 581/812/655 676/811/654 681/813/656
f 581/812/655 681/813/656 580/814/657
f 580/814/657 681/813/656 686/815/658
f 580/814/657 686/815/658 579/816/659
f 579/816/659 686/815/658 691/817/660
f 579/816/659 691/817/660 578/818/661
f 578/818/661 691/817/660 696/819/662
f 578/818/661 696/819/662 577/820/663
f 577/820/663 696/819/662 701/821/664
f 577/820/663 701/821/664 576/822/665
f 576/822/665 701/821/664 706/823/666
f 576/822/665 706/823/666 575/824/667
f 575/824/667 706/823/666 711/825/668
f 575/824/667 711/825/668 574/776/621
f 574/776/621 711/825/668 716/777/622
f 597/767/612 598/826/669 627/769/614
f 627/769/614 598/826/669 628/827/670
f 627/769/614 628/827/670 622/771/616
f 622/771/616 628/827/670 623/828/671
f 622/771/616 623/828/671 617/773/618
f 617/773/618 623/828/671 618/829/672
f 617/773/618 618/829/672 612/775/620
f 612/775/620 618/829/672 613/830/673
f 612/775/620 613/830/673 602/727/574
f 602/727/574 613/830/673 603/831/674
f 602/727/574 603/831/674 611/729/576
f 611/729/576 603/831/674 610/832/675
f 611/729/576 610/832/675 712/731/578
f 712/731/578 610/832/675 713/833/676
f 712/731/578 713/833/676 707/733/580
f 707/733/580 713/833/676 708/834/677
f 707/733/580 708/834/677 702/735/582
f 702/735/582 708/834/677 703/835/678
f 702/735/582 703/835/678 697/737/584
f 697/737/584 703/835/678 698/836/679
f 697/737/584 698/836/679 692/739/586
f 692/739/586 698/836/679 693/837/680
f 692/739/586 693/837/680 687/741/588
f 687/741/588 693/837/680 688/838/681
f 687/741/588 688/838/681 682/743/590
f 682/743/590 688/838/681 683/839/682
f 682/743/590 683/839/682 677/745/592
f 677/745/592 683/839/682 678/840/683
f 677/745/592 678/840/683 672/747/594
f 672/747/594 678/840/683 673/841/684
f 672/747/594 673/841/684 667/749/596
f 667/749/596 673/841/684 668/842/685
f 667/749/596 668/842/685 662/751/598
f 662/751/598 668/842/685 663/843/686
f 662/751/598 663/843/686 657/753/600
f 657/753/600 663/843/686 658/844/687
f 657/753/600 658/844/687 652/755/602
f 652/755/602 658/844/687 653/845/688
f 652/755/602 653/845/688 647/757/604
f 647/757/604 653/845/688 648/846/689
f 647/757/604 648/846/689 642/759/606
f 642/759/606 648/846/689 643/847/690
f 642/759/606 643/847/690 637/761/608
f 637/761/608 643/847/690 638/848/691
f 637/761/608 638/848/691 632/763/610
f 632/763/610 638/848/691 633/849/692
f 632/763/610 633/849/692 597/765/612
f 597/765/612 633/849/692 598/850/669
f 598/826/669 599/851/693 628/827/670
f 628/827/670 599/851/693 629/852/694
f 628/827/670 629/852/694 623/828/671
f 623/828/671 629/852/694 624/853/695
f 623/828/671 624/853/695 618/829/672
f 618/829/672 624/853/695 619/854/696
f 618/829/672 619/854/696 613/830/673
f 613/830/673 619/854/696 614/855/697
f 613/830/673 614/855/697 603/831/674
f 603/831/674 614/855/697 604/856/698
f 603/831/674 604/856/698 610/832/675
f 610/832/675 604/856/698 609/857/699
f 610/832/675 609/857/699 713/833/676
f 713/833/676 609/857/699 714/858/700
f 713/833/676 714/858/700 708/834/677
f 708/834/677 714/858/700 709/859/701
f 708/834/677 709/859/701 703/835/678
f 703/835/678 709/859/701 704/860/702
f 703/835/678 704/860/702 698/836/679
f 698/836/679 704/860/702 699/861/703
f 698/836/679 699/861/703 693/837/680
f 693/837/680 699/861/703 694/862/704
f 693/837/680 694/862/704 688/838/681
f 688/838/681 694/862/704 689/863/705
f 688/838/681 689/863/705 683/839/682
f 683/839/682 689/863/705 684/864/706
f 683/839/682 684/864/706 678/840/683
f 678/840/683 684/864/706 679/865/707
f 678/840/683 679/865/707 673/841/684
f 673/841/684 679/865/707 674/866/708
f 673/841/684 674/866/708 668/842/685
f 668/842/685 674/866/708 669/867/709
f 668/842/685 669/867/709 663/843/686
f 663/843/686 669/867/709 664/868/710
f 663/843/686 664/868/710 658/844/687
f 658/844/687 664/868/710 659/869/711
f 658/844/687 659/869/711 653/845/688
f 653/845/688 659/869/711 654/870/712
f 653/845/688 654/870/712 648/846/689
f 648/846/689 654/870/712 649/871/713
f 648/846/689 649/871/713 643/847/690
f 643/847/690 649/871/713 644/872/714
f 643/847/690 644/872/714 638/848/691
f 638/848/691 644/872/714 639/873/715
f 638/848/691 639/873/715 633/849/692
f 633/849/692 639/873/715 634/874/716
f 633/849/692 634/874/716 598/850/669
f 598/850/669 634/874/716 599/875/693
f 599/851/693 600/876/717 629/852/694
f 629/852/694 600/876/717 630/877/718
f 629/852/694 630/877/718 624/853/695
f 624/853/695 630/877/718 625/878/719
f 624/853/695 625/878/719 619/854/696
f 619/854/696 625/878/719 620/879/720
f 619/854/696 620/879/720 614/855/697
f 614/855/697 620/879/720 615/880/721
f 614/855/697 615/880/721 604/856/698
f 604/856/698 615/880/721 605/881/722
f 604/856/698 605/881/722 609/857/699
f 609/857/699 605/881/722 608/882/723
f 609/857/699 608/882/723 714/858/700
f 714/858/700 608/882/723 715/883/724
f 714/858/700 715/883/724 709/859/701
f 709/859/701 715/883/724 710/884/725
f 709/859/701 710/884/725 704/860/702
f 704/860/702 710/884/725 705/885/726
f 704/860/702 705/885/726 699/861/703
f 699/861/703 705/885/726 700/886/727
f 699/861/703 700/886/727 694/862/704
f 694/862/704 700/886/727 695/887/728
f 694/862/704 695/887/728 689/863/705
f 689/863/705 695/887/728 690/888/729
f 689/863/705 690/888/729 684/864/706
f 684/864/706 690/888/729 685/889/730
f 684/864/706 685/889/730 679/865/707
f 679/865/707 685/889/730 680/890/731
f 679/865/707 680/890/731 674/866/708
f 674/866/708 680/890/731 675/891/732
f 674/866/708 675/891/732 669/867/709
f 669/867/709 675/891/732 670/892/733
f 669/867/709 670/892/733 664/868/710
f 664/868/710 670/892/733 665/893/734
f 664/868/710 665/893/734 659/869/711
f 659/869/711 665/893/734 660/894/735
f 659/869/711 660/894/735 654/870/712
f 654/870/712 660/894/735 655/895/736
f 654/870/712 655/895/736 649/871/713
f 649/871/713 655/895/736 650/896/737
f 649/871/713 650/896/737 644/872/714
f 644/872/714 650/896/737 645/897/738
f 644/872/714 645/897/738 639/873/715
f 639/873/715 645/897/738 640/898/739
f 639/873/715 640/898/739 634/874/716
f 634/874/716 640/898/739 635/899/740
f 634/874/716 635/899/740 599/875/693
f 599/875/693 635/899/740 600/900/717
f 600/876/717 601/791/636 630/877/718
f 630/877/718 601/791/636 631/789/634
f 630/877/718 631/789/634 625/878/719
f 625/878/719 631/789/634 626/787/632
f 625/878/719 626/787/632 620/879/720
f 620/879/720 626/787/632 621/785/630
f 620/879/720 621/785/630 615/880/721
f 615/880/721 621/785/630 616/783/628
f 615/880/721 616/783/628 605/881/722
f 605/881/722 616/783/628 606/781/626
f 605/881/722 606/781/626 608/882/723
f 608/882/723 606/781/626 607/779/624
f 608/882/723 607/779/624 715/883/724
f 715/883/724 607/779/624 716/777/622
f 715/883/724 716/777/622 710/884/725
f 710/884/725 716/777/622 711/825/668
f 710/884/725 711/825/668 705/885/726
f 705/885/726 711/825/668 706/823/666
f 705/885/726 706/823/666 700/886/727
f 700/886/727 706/823/666 701/821/664
f 700/886/727 701/821/664 695/887/728
f 695/887/728 701/821/664 696/819/662
f 695/887/728 696/819/662 690/888/729
f 690/888/729 696/819/662 691/817/660
f 690/888/729 691/817/660 685/889/730
f 685/889/730 691/817/660 686/815/658
f 685/889/730 686/815/658 680/890/731
f 680/890/731 686/815/658 681/813/656
f 680/890/731 681/813/656 675/891/732
f 675/891/732 681/813/656 676/811/654
f 675/891/732 676/811/654 670/892/733
f 670/892/733 676/811/654 671/809/652
f 670/892/733 671/809/652 665/893/734
f 665/893/734 671/809/652 666/807/650
f 665/893/734 666/807/650 660/894/735
f 660/894/735 666/807/650 661/805/648
f 660/894/735 661/805/648 655/895/736
f 655/895/736 661/805/648 656/803/646
f 655/895/736 656/803/646 650/896/737
f 650/896/737 656/803/646 651/801/644
f 650/896/737 651/801/644 645/897/738
f 645/897/738 651/801/644 646/799/642
f 645/897/738 646/799/642 640/898/739
f 640/898/739 646/799/642 641/797/640
f 640/898/739 641/797/640 635/899/740
f 635/899/740 641/797/640 636/795/638
f 635/899/740 636/795/638 600/900/717
f 600/900/717 636/795/638 601/793/636
f 284/901/741 550/902/573 261/903/742
f 261/903/742 550/902/573 549/904/575
f 261/905/742 549/906/575 262/907/743
f 262/907/743 549/906/575 572/908/577
f 262/907/743 572/908/577 263/909/744
f 263/909/744 572/908/577 571/910/579
f 263/909/744 571/910/579 264/911/745
f 264/911/745 571/910/579 570/912/581
f 264/911/745 570/912/581 265/913/746
f 265/913/746 570/912/581 569/914/583
f 265/913/746 569/914/583 266/915/747
f 266/915/747 569/914/583 568/916/585
f 266/915/747 568/916/585 267/917/748
f 267/917/748 568/916/585 567/918/587
f 267/917/748 567/918/587 268/919/749
f 268/919/749 567/918/587 566/920/589
f 268/919/749 566/920/589 269/921/750
f 269/921/750 566/920/589 565/922/591
f 269/921/750 565/922/591 270/923/751
f 270/923/751 565/922/591 564/924/593
f 270/923/751 564/924/593 271/925/752
f 271/925/752 564/924/593 563/926/595
f 271/925/752 563/926/595 272/927/753
f 272/927/753 563/926/595 562/928/597
f 272/927/753 562/928/597 273/929/754
f 273/929/754 562/928/597 561/930/599
f 273/929/754 561/930/599 274/931/755
f 274/931/755 561/930/599 560/932/601
f 274/931/755 560/932/601 275/933/756
f 275/933/756 560/932/601 559/934/603
f 275/933/756 559/934/603 276/935/757
f 276/935/757 559/934/603 558/936/605
f 276/935/757 558/936/605 277/937/758
f 277/937/758 558/936/605 557/938/607
f 277/937/758 557/938/607 278/939/759
f 278/939/759 557/938/607 556/940/609
f 278/939/759 556/940/609 279/941/760
f 279/941/760 556/940/609 555/942/611
f 279/941/760 555/942/611 280/943/761
f 280/943/761 555/942/611 554/944/613
f 280/943/761 554/944/613 281/945/762
f 281/945/762 554/944/613 553/946/615
f 281/945/762 553/946/615 282/947/763
f 282/947/763 553/946/615 552/948/617
f 282/947/763 552/948/617 283/949/764
f 283/949/764 552/948/617 551/950/619
f 283/949/764 551/950/619 284/901/741
f 284/901/741 551/950/619 550/902/573
f 596/951/625 586/952/645 573/953/623
f 573/953/623 586/952/645 585/954/647
f 573/953/623 585/954/647 574/955/621
f 574/955/621 585/954/647 584/956/649
f 574/955/621 584/956/649 575/957/667
f 575/957/667 584/956/649 583/958/651
f 575/957/667 583/958/651 576/959/665
f 576/959/665 583/958/651 582/960/653
f 576/959/665 582/960/653 577/961/663
f 577/961/663 582/960/653 581/962/655
f 577/961/663 581/962/655 578/963/661
f 578/963/661 581/962/655 580/964/657
f 578/963/661 580/964/657 579/965/659
f 586/952/645 596/951/625 587/966/643
f 587/966/643 596/951/625 595/967/627
f 587/966/643 595/967/627 588/968/641
f 588/968/641 595/967/627 594/969/629
f 588/968/641 594/969/629 589/970/639
f 589/970/639 594/969/629 593/971/631
f 589/970/639 593/971/631 590/972/637
f 590/972/637 593/971/631 592/973/633
f 590/972/637 592/973/633 591/974/635
f 718/975/765 770/976/766 717/977/767
f 717/977/767 770/976/766 779/978/768
f 717/977/767 779/978/768 740/979/769
f 740/979/769 779/978/768 880/980/770
f 740/979/769 880/980/770 739/981/771
f 739/981/771 880/980/770 875/982/772
f 739/981/771 875/982/772 738/983/773
f 738/983/773 875/982/772 870/984/774
f 738/983/773 870/984/774 737/985/775
f 737/985/775 870/984/774 865/986/776
f 737/985/775 865/986/776 736/987/777
f 736/987/777 865/986/776 860/988/778
f 736/987/777 860/988/778 735/989/779
f 735/989/779 860/988/778 855/990/780
f 735/989/779 855/990/780 734/991/781
f 734/991/781 855/990/780 850/992/782
f 734/991/781 850/992/782 733/993/783
f 733/993/783 850/992/782 845/994/784
f 733/993/783 845/994/784 732/995/785
f 732/995/785 845/994/784 840/996/786
f 732/995/785 840/996/786 731/997/787
f 731/997/787 840/996/786 835/998/788
f 731/997/787 835/998/788 730/999/789
f 730/999/789 835/998/788 830/1000/790
f 730/999/789 830/1000/790 729/1001/791
f 729/1001/791 830/1000/790 825/1002/792
f 729/1001/791 825/1002/792 728/1003/793
f 728/1003/793 825/1002/792 820/1004/794
f 728/1003/793 820/1004/794 727/1005/795
f 727/1005/795 820/1004/794 815/1006/796
f 727/1005/795 815/1006/796 726/1007/797
f 726/1007/797 815/1006/796 810/1008/798
f 726/1007/797 810/1008/798 725/1009/799
f 725/1009/799 810/1008/798 805/1010/800
f 725/1009/799 805/1010/800 724/1011/801
f 724/1011/801 805/1010/800 800/1012/802
f 724/1011/801 800/1012/802 723/1013/803
f 723/1013/803 800/1012/802 765/1014/804
f 723/1015/803 765/1016/804 722/1017/805
f 722/1017/805 765/1016/804 795/1018/806
f 722/1017/805 795/1018/806 721/1019/807
f 721/1019/807 795/1018/806 790/1020/808
f 721/1019/807 790/1020/808 720/1021/809
f 720/1021/809 790/1020/808 785/1022/810
f 720/1021/809 785/1022/810 719/1023/811
f 719/1023/811 785/1022/810 780/1024/812
f 719/1023/811 780/1024/812 718/975/765
f 718/975/765 780/1024/812 770/976/766
f 742/1025/813 884/1026/814 741/1027/815
f 741/1027/815 884/1026/814 775/1028/816
f 741/1027/815 775/1028/816 764/1029/817
f 764/1029/817 775/1028/816 774/1030/818
f 764/1029/817 774/1030/818 763/1031/819
f 763/1031/819 774/1030/818 784/1032/820
f 763/1031/819 784/1032/820 762/1033/821
f 762/1033/821 784/1032/820 789/1034/822
f 762/1033/821 789/1034/822 761/1035/823
f 761/1035/823 789/1034/822 794/1036/824
f 761/1035/823 794/1036/824 760/1037/825
f 760/1037/825 794/1036/824 799/1038/826
f 760/1037/825 799/1038/826 759/1039/827
f 759/1039/827 799/1038/826 769/1040/828
f 759/1041/827 769/1042/828 758/1043/829
f 758/1043/829 769/1042/828 804/1044/830
f 758/1043/829 804/1044/830 757/1045/831
f 757/1045/831 804/1044/830 809/1046/832
f 757/1045/831 809/1046/832 756/1047/833
f 756/1047/833 809/1046/832 814/1048/834
f 756/1047/833 814/1048/834 755/1049/835
f 755/1049/835 814/1048/834 819/1050/836
f 755/1049/835 819/1050/836 754/1051/837
f 754/1051/837 819/1050/836 824/1052/838
f 754/1051/837 824/1052/838 753/1053/839
f 753/1053/839 824/1052/838 829/1054/840
f 753/1053/839 829/1054/840 752/1055/841
f 752/1055/841 829/1054/840 834/1056/842
f 752/1055/841 834/1056/842 751/1057/843
f 751/1057/843 834/1056/842 839/1058/844
f 751/1057/843 839/1058/844 750/1059/845
f 750/1059/845 839/1058/844 844/1060/846
f 750/1059/845 844/1060/846 749/1061/847
f 749/1061/847 844/1060/846 849/1062/848
f 749/1061/847 849/1062/848 748/1063/849
f 748/1063/849 849/1062/848 854/1064/850
f 748/1063/849 854/1064/850 747/1065/851
f 747/1065/851 854/1064/850 859/1066/852
f 747/1065/851 859/1066/852 746/1067/853
f 746/1067/853 859/1066/852 864/1068/854
f 746/1067/853 864/1068/854 745/1069/855
f 745/1069/855 864/1068/854 869/1070/856
f 745/1069/855 869/1070/856 744/1071/857
f 744/1071/857 869/1070/856 874/1072/858
f 744/1071/857 874/1072/858 743/1073/859
f 743/1073/859 874/1072/858 879/1074/860
f 743/1073/859 879/1074/860 742/1025/813
f 742/1025/813 879/1074/860 884/1026/814
f 765/1016/804 766/1075/861 795/1018/806
f 795/1018/806 766/1075/861 796/1076/862
f 795/1018/806 796/1076/862 790/1020/808
f 790/1020/808 796/1076/862 791/1077/863
f 790/1020/808 791/1077/863 785/1022/810
f 785/1022/810 791/1077/863 786/1078/864
f 785/1022/810 786/1078/864 780/1024/812
f 780/1024/812 786/1078/864 781/1079/865
f 780/1024/812 781/1079/865 770/976/766
f 770/976/766 781/1079/865 771/1080/866
f 770/976/766 771/1080/866 779/978/768
f 779/978/768 771/1080/866 778/1081/867
f 779/978/768 778/1081/867 880/980/770
f 880/980/770 778/1081/867 881/1082/868
f 880/980/770 881/1082/868 875/982/772
f 875/982/772 881/1082/868 876/1083/869
f 875/982/772 876/1083/869 870/984/774
f 870/984/774 876/1083/869 871/1084/870
f 870/984/774 871/1084/870 865/986/776
f 865/986/776 871/1084/870 866/1085/871
f 865/986/776 866/1085/871 860/988/778
f 860/988/778 866/1085/871 861/1086/872
f 860/988/778 861/1086/872 855/990/780
f 855/990/780 861/1086/872 856/1087/873
f 855/990/780 856/1087/873 850/992/782
f 850/992/782 856/1087/873 851/1088/874
f 850/992/782 851/1088/874 845/994/784
f 845/994/784 851/1088/874 846/1089/875
f 845/994/784 846/1089/875 840/996/786
f 840/996/786 846/1089/875 841/1090/876
f 840/996/786 841/1090/876 835/998/788
f 835/998/788 841/1090/876 836/1091/877
f 835/998/788 836/1091/877 830/1000/790
f 830/1000/790 836/1091/877 831/1092/878
f 830/1000/790 831/1092/878 825/1002/792
f 825/1002/792 831/1092/878 826/1093/879
f 825/1002/792 826/1093/879 820/1004/794
f 820/1004/794 826/1093/879 821/1094/880
f 820/1004/794 821/1094/880 815/1006/796
f 815/1006/796 821/1094/880 816/1095/881
f 815/1006/796 816/1095/881 810/1008/798
f 810/1008/798 816/1095/881 811/1096/882
f 810/1008/798 811/1096/882 805/1010/800
f 805/1010/800 811/1096/882 806/1097/883
f 805/1010/800 806/1097/883 800/1012/802
f 800/1012/802 806/1097/883 801/1098/884
f 800/1012/802 801/1098/884 765/1014/804
f 765/1014/804 801/1098/884 766/1099/861
f 766/1075/861 767/1100/885 796/1076/862
f 796/1076/862 767/1100/885 797/1101/886
f 796/1076/862 797/1101/886 791/1077/863
f 791/1077/863 797/1101/886 792/1102/887
f 791/1077/863 792/1102/887 786/1078/864
f 786/1078/864 792/1102/887 787/1103/888
f 786/1078/864 787/1103/888 781/1079/865
f 781/1079/865 787/1103/888 782/1104/889
f 781/1079/865 782/1104/889 771/1080/866
f 771/1080/866 782/1104/889 772/1105/890
f 771/1080/866 772/1105/890 778/1081/867
f 778/1081/867 772/1105/890 777/1106/891
f 778/1081/867 777/1106/891 881/1082/868
f 881/1082/868 777/1106/891 882/1107/892
f 881/1082/868 882/1107/892 876/1083/869
f 876/1083/869 882/1107/892 877/1108/893
f 876/1083/869 877/1108/893 871/1084/870
f 871/1084/870 877/1108/893 872/1109/894
f 871/1084/870 872/1109/894 866/1085/871
f 866/1085/871 872/1109/894 867/1110/895
f 866/1085/871 867/1110/895 861/1086/872
f 861/1086/872 867/1110/895 862/1111/896
f 861/1086/872 862/1111/896 856/1087/873
f 856/1087/873 862/1111/896 857/1112/897
f 856/1087/873 857/1112/897 851/1088/874
f 851/1088/874 857/1112/897 852/1113/898
f 851/1088/874 852/1113/898 846/1089/875
f 846/1089/875 852/1113/898 847/1114/899
f 846/1089/875 847/1114/899 841/1090/876
f 841/1090/876 847/1114/899 842/1115/900
f 841/1090/876 842/1115/900 836/1091/877
f 836/1091/877 842/1115/900 837/1116/901
f 836/1091/877 837/1116/901 831/1092/878
f 831/1092/878 837/1116/901 832/1117/902
f 831/1092/878 832/1117/902 826/1093/879
f 826/1093/879 832/1117/902 827/1118/903
f 826/1093/879 827/1118/903 821/1094/880
f 821/1094/880 827/1118/903 822/1119/904
f 821/1094/880 822/1119/904 816/1095/881
f 816/1095/881 822/1119/904 817/1120/905
f 816/1095/881 817/1120/905 811/1096/882
f 811/1096/882 817/1120/905 812/1121/906
f 811/1096/882 812/1121/906 806/1097/883
f 806/1097/883 812/1121/906 807/1122/907
f 806/1097/883 807/1122/907 801/1098/884
f 801/1098/884 807/1122/907 802/1123/908
f 801/1098/884 802/1123/908 766/1099/861
f 766/1099/861 802/1123/908 767/1124/885
f 767/1100/885 768/1125/909 797/1101/886
f 797/1101/886 768/1125/909 798/1126/910
f 797/1101/886 798/1126/910 792/1102/887
f 792/1102/887 798/1126/910 793/1127/911
f 792/1102/887 793/1127/911 787/1103/888
f 787/1103/888 793/1127/911 788/1128/912
f 787/1103/888 788/1128/912 782/1104/889
f 782/1104/889 788/1128/912 783/1129/913
f 782/1104/889 783/1129/913 772/1105/890
f 772/1105/890 783/1129/913 773/1130/914
f 772/1105/890 773/1130/914 777/1106/891
f 777/1106/891 773/1130/914 776/1131/915
f 777/1106/891 776/1131/915 882/1107/892
f 882/1107/892 776/1131/915 883/1132/916
f 882/1107/892 883/1132/916 877/1108/893
f 877/1108/893 883/1132/916 878/1133/917
f 877/1108/893 878/1133/917 872/1109/894
f 872/1109/894 878/1133/917 873/1134/918
f 872/1109/894 873/1134/918 867/1110/895
f 867/1110/895 873/1134/918 868/1135/919
f 867/1110/895 868/1135/919 862/1111/896
f 862/1111/896 868/1135/919 863/1136/920
f 862/1111/896 863/1136/920 857/1112/897
f 857/1112/897 863/1136/920 858/1137/921
f 857/1112/897 858/1137/921 852/1113/898
f 852/1113/898 858/1137/921 853/1138/922
f 852/1113/898 853/1138/922 847/1114/899
f 847/1114/899 853/1138/922 848/1139/923
f 847/1114/899 848/1139/923 842/1115/900
f 842/1115/900 848/1139/923 843/1140/924
f 842/1115/900 843/1140/924 837/1116/901
f 837/1116/901 843/1140/924 838/1141/925
f 837/1116/901 838/1141/925 832/1117/902
f 832/1117/902 838/1141/925 833/1142/926
f 832/1117/902 833/1142/926 827/1118/903
f 827/1118/903 833/1142/926 828/1143/927
f 827/1118/903 828/1143/927 822/1119/904
f 822/1119/904 828/1143/927 823/1144/928
f 822/1119/904 823/1144/928 817/1120/905
f 817/1120/905 823/1144/928 818/1145/929
f 817/1120/905 818/1145/929 812/1121/906
f 812/1121/906 818/1145/929 813/1146/930
f 812/1121/906 813/1146/930 807/1122/907
f 807/1122/907 813/1146/930 808/1147/931
f 807/1122/907 808/1147/931 802/1123/908
f 802/1123/908 808/1147/931 803/1148/932
f 802/1123/908 803/1148/932 767/1124/885
f 767/1124/885 803/1148/932 768/1149/909
f 768/1125/909 769/1040/828 798/1126/910
f 798/1126/910 769/1040/828 799/1038/826
f 798/1126/910 799/1038/826 793/1127/911
f 793/1127/911 799/1038/826 794/1036/824
f 793/1127/911 794/1036/824 788/1128/912
f 788/1128/912 794/1036/824 789/1034/822
f 788/1128/912 789/1034/822 783/1129/913
f 783/1129/913 789/1034/822 784/1032/820
f 783/1129/913 784/1032/820 773/1130/914
f 773/1130/914 784/1032/820 774/1030/818
f 773/1130/914 774/1030/818 776/1131/915
f 776/1131/915 774/1030/818 775/1028/816
f 776/1131/915 775/1028/816 883/1132/916
f 883/1132/916 775/1028/816 884/1026/814
f 883/1132/916 884/1026/814 878/1133/917
f 878/1133/917 884/1026/814 879/1074/860
f 878/1133/917 879/1074/860 873/1134/918
f 873/1134/918 879/1074/860 874/1072/858
f 873/1134/918 874/1072/858 868/1135/919
f 868/1135/919 874/1072/858 869/1070/856
f 868/1135/919 869/1070/856 863/1136/920
f 863/1136/920 869/1070/856 864/1068/854
f 863/1136/920 864/1068/854 858/1137/921
f 858/1137/921 864/1068/854 859/1066/852
f 858/1137/921 859/1066/852 853/1138/922
f 853/1138/922 859/1066/852 854/1064/850
f 853/1138/922 854/1064/850 848/1139/923
f 848/1139/923 854/1064/850 849/1062/848
f 848/1139/923 849/1062/848 843/1140/924
f 843/1140/924 849/1062/848 844/1060/846
f 843/1140/924 844/1060/846 838/1141/925
f 838/1141/925 844/1060/846 839/1058/844
f 838/1141/925 839/1058/844 833/1142/926
f 833/1142/926 839/1058/844 834/1056/842
f 833/1142/926 834/1056/842 828/1143/927
f 828/1143/927 834/1056/842 829/1054/840
f 828/1143/927 829/1054/840 823/1144/928
f 823/1144/928 829/1054/840 824/1052/838
f 823/1144/928 824/1052/838 818/1145/929
f 818/1145/929 824/1052/838 819/1050/836
f 818/1145/929 819/1050/836 813/1146/930
f 813/1146/930 819/1050/836 814/1048/834
f 813/1146/930 814/1048/834 808/1147/931
f 808/1147/931 814/1048/834 809/1046/832
f 808/1147/931 809/1046/832 803/1148/932
f 803/1148/932 809/1046/832 804/1044/830
f 803/1148/932 804/1044/830 768/1149/909
f 768/1149/909 804/1044/830 769/1042/828
f 332/1150/933 718/1151/765 309/1152/934
f 309/1152/934 718/1151/765 717/1153/767
f 309/1154/934 717/1155/767 310/1156/935
f 310/1156/935 717/1155/767 740/1157/769
f 310/1156/935 740/1157/769 311/1158/936
f 311/1158/936 740/1157/769 739/1159/771
f 311/1158/936 739/1159/771 312/1160/937
f 312/1160/937 739/1159/771 738/1161/773
f 312/1160/937 738/1161/773 313/1162/938
f 313/1162/938 738/1161/773 737/1163/775
f 313/1162/938 737/1163/775 314/1164/939
f 314/1164/939 737/1163/775 736/1165/777
f 314/1164/939 736/1165/777 315/1166/940
f 315/1166/940 736/1165/777 735/1167/779
f 315/1166/940 735/1167/779 316/1168/941
f 316/1168/941 735/1167/779 734/1169/781
f 316/1168/941 734/1169/781 317/1170/942
f 317/1170/942 734/1169/781 733/1171/783
f 317/1170/942 733/1171/783 318/1172/943
f 318/1172/943 733/1171/783 732/1173/785
f 318/1172/943 732/1173/785 319/1174/944
f 319/1174/944 732/1173/785 731/1175/787
f 319/1174/944 731/1175/787 320/1176/945
f 320/1176/945 731/1175/787 730/1177/789
f 320/1176/945 730/1177/789 321/1178/946
f 321/1178/946 730/1177/789 729/1179/791
f 321/1178/946 729/1179/791 322/1180/947
f 322/1180/947 729/1179/791 728/1181/793
f 322/1180/947 728/1181/793 323/1182/948
f 323/1182/948 728/1181/793 727/1183/795
f 323/1182/948 727/1183/795 324/1184/949
f 324/1184/949 727/1183/795 726/1185/797
f 324/1184/949 726/1185/797 325/1186/950
f 325/1186/950 726/1185/797 725/1187/799
f 325/1186/950 725/1187/799 326/1188/951
f 326/1188/951 725/1187/799 724/1189/801
f 326/1188/951 724/1189/801 327/1190/952
f 327/1190/952 724/1189/801 723/1191/803
f 327/1190/952 723/1191/803 328/1192/953
f 328/1192/953 723/1191/803 722/1193/805
f 328/1192/953 722/1193/805 329/1194/954
f 329/1194/954 722/1193/805 721/1195/807
f 329/1194/954 721/1195/807 330/1196/955
f 330/1196/955 721/1195/807 720/1197/809
f 330/1196/955 720/1197/809 331/1198/956
f 331/1198/956 720/1197/809 719/1199/811
f 331/1198/956 719/1199/811 332/1150/933
f 332/1150/933 719/1199/811 718/1151/765
f 764/1200/817 754/1201/837 741/1202/815
f 741/1202/815 754/1201/837 753/1203/839
f 741/1202/815 753/1203/839 742/1204/813
f 742/1204/813 753/1203/839 752/1205/841
f 742/1204/813 752/1205/841 743/1206/859
f 743/1206/859 752/1205/841 751/1207/843
f 743/1206/859 751/1207/843 744/1208/857
f 744/1208/857 751/1207/843 750/1209/845
f 744/1208/857 750/1209/845 745/1210/855
f 745/1210/855 750/1209/845 749/1211/847
f 745/1210/855 749/1211/847 746/1212/853
f 746/1212/853 749/1211/847 748/1213/849
f 746/1212/853 748/1213/849 747/1214/851
f 754/1201/837 764/1200/817 755/1215/835
f 755/1215/835 764/1200/817 763/1216/819
f 755/1215/835 763/1216/819 756/1217/833
f 756/1217/833 763/1216/819 762/1218/821
f 756/1217/833 762/1218/821 757/1219/831
f 757/1219/831 762/1218/821 761/1220/823
f 757/1219/831 761/1220/823 758/1221/829
f 758/1221/829 761/1220/823 760/1222/825
f 758/1221/829 760/1222/825 759/1223/827
f 886/1224/957 938/1225/958 885/1226/959
f 885/1226/959 938/1225/958 947/1227/960
f 885/1226/959 947/1227/960 908/1228/961
f 908/1228/961 947/1227/960 1048/1229/962
f 908/1228/961 1048/1229/962 907/1230/963
f 907/1230/963 1048/1229/962 1043/1231/964
f 907/1230/963 1043/1231/964 906/1232/965
f 906/1232/965 1043/1231/964 1038/1233/966
f 906/1232/965 1038/1233/966 905/1234/967
f 905/1234/967 1038/1233/966 1033/1235/968
f 905/1234/967 1033/1235/968 904/1236/969
f 904/1236/969 1033/1235/968 1028/1237/970
f 904/1236/969 1028/1237/970 903/1238/971
f 903/1238/971 1028/1237/970 1023/1239/972
f 903/1238/971 1023/1239/972 902/1240/973
f 902/1240/973 1023/1239/972 1018/1241/974
f 902/1240/973 1018/1241/974 901/1242/975
f 901/1242/975 1018/1241/974 1013/1243/976
f 901/1242/975 1013/1243/976 900/1244/977
f 900/1244/977 1013/1243/976 1008/1245/978
f 900/1244/977 1008/1245/978 899/1246/979
f 899/1246/979 1008/1245/978 1003/1247/980
f 899/1246/979 1003/1247/980 898/1248/981
f 898/1248/981 1003/1247/980 998/1249/982
f 898/1248/981 998/1249/982 897/1250/983
f 897/1250/983 998/1249/982 993/1251/984
f 897/1250/983 993/1251/984 896/1252/985
f 896/1252/985 993/1251/984 988/1253/986
f 896/1252/985 988/1253/986 895/1254/987
f 895/1254/987 988/1253/986 983/1255/988
f 895/1254/987 983/1255/988 894/1256/989
f 894/1256/989 983/1255/988 978/1257/990
f 894/1256/989 978/1257/990 893/1258/991
f 893/1258/991 978/1257/990 973/1259/992
f 893/1258/991 973/1259/992 892/1260/993
f 892/1260/993 973/1259/992 968/1261/994
f 892/1260/993 968/1261/994 891/1262/995
f 891/1262/995 968/1261/994 933/1263/996
f 891/1264/995 933/1265/996 890/1266/997
f 890/1266/997 933/1265/996 963/1267/998
f 890/1266/997 963/1267/998 889/1268/999
f 889/1268/999 963/1267/998 958/1269/1000
f 889/1268/999 958/1269/1000 888/1270/1001
f 888/1270/1001 958/1269/1000 953/1271/1002
f 888/1270/1001 953/1271/1002 887/1272/1003
f 887/1272/1003 953/1271/1002 948/1273/1004
f 887/1272/1003 948/1273/1004 886/1224/957
f 886/1224/957 948/1273/1004 938/1225/958
f 910/1274/1005 1052/1275/1006 909/1276/1007
f 909/1276/1007 1052/1275/1006 943/1277/1008
f 909/1276/1007 943/1277/1008 932/1278/1009
f 932/1278/1009 943/1277/1008 942/1279/1010
f 932/1278/1009 942/1279/1010 931/1280/1011
f 931/1280/1011 942/1279/1010 952/1281/1012
f 931/1280/1011 952/1281/1012 930/1282/1013
f 930/1282/1013 952/1281/1012 957/1283/1014
f 930/1282/1013 957/1283/1014 929/1284/1015
f 929/1284/1015 957/1283/1014 962/1285/1016
f 929/1284/1015 962/1285/1016 928/1286/1017
f 928/1286/1017 962/1285/1016 967/1287/1018
f 928/1286/1017 967/1287/1018 927/1288/1019
f 927/1288/1019 967/1287/1018 937/1289/1020
f 927/1290/1019 937/1291/1020 926/1292/1021
f 926/1292/1021 937/1291/1020 972/1293/1022
f 926/1292/1021 972/1293/1022 925/1294/1023
f 925/1294/1023 972/1293/1022 977/1295/1024
f 925/1294/1023 977/1295/1024 924/1296/1025
f 924/1296/1025 977/1295/1024 982/1297/1026
f 924/1296/1025 982/1297/1026 923/1298/1027
f 923/1298/1027 982/1297/1026 987/1299/1028
f 923/1298/1027 987/1299/1028 922/1300/1029
f 922/1300/1029 987/1299/1028 992/1301/1030
f 922/1300/1029 992/1301/1030 921/1302/1031
f 921/1302/1031 992/1301/1030 997/1303/1032
f 921/1302/1031 997/1303/1032 920/1304/1033
f 920/1304/1033 997/1303/1032 1002/1305/1034
f 920/1304/1033 1002/1305/1034 919/1306/1035
f 919/1306/1035 1002/1305/1034 1007/1307/1036
f 919/1306/1035 1007/1307/1036 918/1308/1037
f 918/1308/1037 1007/1307/1036 1012/1309/1038
f 918/1308/1037 1012/1309/1038 917/1310/1039
f 917/1310/1039 1012/1309/1038 1017/1311/1040
f 917/1310/1039 1017/1311/1040 916/1312/1041
f 916/1312/1041 1017/1311/1040 1022/1313/1042
f 916/1312/1041 1022/1313/1042 915/1314/1043
f 915/1314/1043 1022/1313/1042 1027/1315/1044
f 915/1314/1043 1027/1315/1044 914/1316/1045
f 914/1316/1045 1027/1315/1044 1032/1317/1046
f 914/1316/1045 1032/1317/1046 913/1318/1047
f 913/1318/1047 1032/1317/1046 1037/1319/1048
f 913/1318/1047 1037/1319/1048 912/1320/1049
f 912/1320/1049 1037/1319/1048 1042/1321/1050
f 912/1320/1049 1042/1321/1050 911/1322/1051
f 911/1322/1051 1042/1321/1050 1047/1323/1052
f 911/1322/1051 1047/1323/1052 910/1274/1005
f 910/1274/1005 1047/1323/1052 1052/1275/1006
f 933/1265/996 934/1324/1053 963/1267/998
f 963/1267/998 934/1324/1053 964/1325/1054
f 963/1267/998 964/1325/1054 958/1269/1000
f 958/1269/1000 964/1325/1054 959/1326/1055
f 958/1269/1000 959/1326/1055 953/1271/1002
f 953/1271/1002 959/1326/1055 954/1327/1056
f 953/1271/1002 954/1327/1056 948/1273/1004
f 948/1273/1004 954/1327/1056 949/1328/1057
f 948/1273/1004 949/1328/1057 938/1225/958
f 938/1225/958 949/1328/1057 939/1329/1058
f 938/1225/958 939/1329/1058 947/1227/960
f 947/1227/960 939/1329/1058 946/1330/1059
f 947/1227/960 946/1330/1059 1048/1229/962
f 1048/1229/962 946/1330/1059 1049/1331/1060
f 1048/1229/962 1049/1331/1060 1043/1231/964
f 1043/1231/964 1049/1331/1060 1044/1332/1061
f 1043/1231/964 1044/1332/1061 1038/1233/966
f 1038/1233/966 1044/1332/1061 1039/1333/1062
f 1038/1233/966 1039/1333/1062 1033/1235/968
f 1033/1235/968 1039/1333/1062 1034/1334/1063
f 1033/1235/968 1034/1334/1063 1028/1237/970
f 1028/1237/970 1034/1334/1063 1029/1335/1064
f 1028/1237/970 1029/1335/1064 1023/1239/972
f 1023/1239/972 1029/1335/1064 1024/1336/1065
f 1023/1239/972 1024/1336/1065 1018/1241/974
f 1018/1241/974 1024/1336/1065 1019/1337/1066
f 1018/1241/974 1019/1337/1066 1013/1243/976
f 1013/1243/976 1019/1337/1066 1014/1338/1067
f 1013/1243/976 1014/1338/1067 1008/1245/978
f 1008/1245/978 1014/1338/1067 1009/1339/1068
f 1008/1245/978 1009/1339/1068 1003/1247/980
f 1003/1247/980 1009/1339/1068 1004/1340/1069
f 1003/1247/980 1004/1340/1069 998/1249/982
f 998/1249/982 1004/1340/1069 999/1341/1070
f 998/1249/982 999/1341/1070 993/1251/984
f 993/1251/984 999/1341/1070 994/1342/1071
f 993/1251/984 994/1342/1071 988/1253/986
f 988/1253/986 994/1342/1071 989/1343/1072
f 988/1253/986 989/1343/1072 983/1255/988
f 983/1255/988 989/1343/1072 984/1344/1073
f 983/1255/988 984/1344/1073 978/1257/990
f 978/1257/990 984/1344/1073 979/1345/1074
f 978/1257/990 979/1345/1074 973/1259/992
f 973/1259/992 979/1345/1074 974/1346/1075
f 973/1259/992 974/1346/1075 968/1261/994
f 968/1261/994 974/1346/1075 969/1347/1076
f 968/1261/994 969/1347/1076 933/1263/996
f 933/1263/996 969/1347/1076 934/1348/1053
f 934/1324/1053 935/1349/1077 964/1325/1054
f 964/1325/1054 935/1349/1077 965/1350/1078
f 964/1325/1054 965/1350/1078 959/1326/1055
f 959/1326/1055 965/1350/1078 960/1351/1079
f 959/1326/1055 960/1351/1079 954/1327/1056
f 954/1327/1056 960/1351/1079 955/1352/1080
f 954/1327/1056 955/1352/1080 949/1328/1057
f 949/1328/1057 955/1352/1080 950/1353/1081
f 949/1328/1057 950/1353/1081 939/1329/1058
f 939/1329/1058 950/1353/1081 940/1354/1082
f 939/1329/1058 940/1354/1082 946/1330/1059
f 946/1330/1059 940/1354/1082 945/1355/1083
f 946/1330/1059 945/1355/1083 1049/1331/1060
f 1049/1331/1060 945/1355/1083 1050/1356/1084
f 1049/1331/1060 1050/1356/1084 1044/1332/1061
f 1044/1332/1061 1050/1356/1084 1045/1357/1085
f 1044/1332/1061 1045/1357/1085 1039/1333/1062
f 1039/1333/1062 1045/1357/1085 1040/1358/1086
f 1039/1333/1062 1040/1358/1086 1034/1334/1063
f 1034/1334/1063 1040/1358/1086 1035/1359/1087
f 1034/1334/1063 1035/1359/1087 1029/1335/1064
f 1029/1335/1064 1035/1359/1087 1030/1360/1088
f 1029/1335/1064 1030/1360/1088 1024/1336/1065
f 1024/1336/1065 1030/1360/1088 1025/1361/1089
f 1024/1336/1065 1025/1361/1089 1019/1337/1066
f 1019/1337/1066 1025/1361/1089 1020/1362/1090
f 1019/1337/1066 1020/1362/1090 1014/1338/1067
f 1014/1338/1067 1020/1362/1090 1015/1363/1091
f 1014/1338/1067 1015/1363/1091 1009/1339/1068
f 1009/1339/1068 1015/1363/1091 1010/1364/1092
f 1009/1339/1068 1010/1364/1092 1004/1340/1069
f 1004/1340/1069 1010/1364/1092 1005/1365/1093
f 1004/1340/1069 1005/1365/1093 999/1341/1070
f 999/1341/1070 1005/1365/1093 1000/1366/1094
f 999/1341/1070 1000/1366/1094 994/1342/1071
f 994/1342/1071 1000/1366/1094 995/1367/1095
f 994/1342/1071 995/1367/1095 989/1343/1072
f 989/1343/1072 995/1367/1095 990/1368/1096
f 989/1343/1072 990/1368/1096 984/1344/1073
f 984/1344/1073 990/1368/1096 985/1369/1097
f 984/1344/1073 985/1369/1097 979/1345/1074
f 979/1345/1074 985/1369/1097 980/1370/1098
f 979/1345/1074 980/1370/1098 974/1346/1075
f 974/1346/1075 980/1370/1098 975/1371/1099
f 974/1346/1075 975/1371/1099 969/1347/1076
f 969/1347/1076 975/1371/1099 970/1372/1100
f 969/1347/1076 970/1372/1100 934/1348/1053
f 934/1348/1053 970/1372/1100 935/1373/1077
f 935/1349/1077 936/1374/1101 965/1350/1078
f 965/1350/1078 936/1374/1101 966/1375/1102
f 965/1350/1078 966/1375/1102 960/1351/1079
f 960/1351/1079 966/1375/1102 961/1376/1103
f 960/1351/1079 961/1376/1103 955/1352/1080
f 955/1352/1080 961/1376/1103 956/1377/1104
f 955/1352/1080 956/1377/1104 950/1353/1081
f 950/1353/1081 956/1377/1104 951/1378/1105
f 950/1353/1081 951/1378/1105 940/1354/1082
f 940/1354/1082 951/1378/1105 941/1379/1106
f 940/1354/1082 941/1379/1106 945/1355/1083
f 945/1355/1083 941/1379/1106 944/1380/1107
f 945/1355/1083 944/1380/1107 1050/1356/1084
f 1050/1356/1084 944/1380/1107 1051/1381/1108
f 1050/1356/1084 1051/1381/1108 1045/1357/1085
f 1045/1357/1085 1051/1381/1108 1046/1382/1109
f 1045/1357/1085 1046/1382/1109 1040/1358/1086
f 1040/1358/1086 1046/1382/1109 1041/1383/1110
f 1040/1358/1086 1041/1383/1110 1035/1359/1087
f 1035/1359/1087 1041/1383/1110 1036/1384/1111
f 1035/1359/1087 1036/1384/1111 1030/1360/1088
f 1030/1360/1088 1036/1384/1111 1031/1385/1112
f 1030/1360/1088 1031/1385/1112 1025/1361/1089
f 1025/1361/1089 1031/1385/1112 1026/1386/1113
f 1025/1361/1089 1026/1386/1113 1020/1362/1090
f 1020/1362/1090 1026/1386/1113 1021/1387/1114
f 1020/1362/1090 1021/1387/1114 1015/1363/1091
f 1015/1363/1091 1021/1387/1114 1016/1388/1115
f 1015/1363/1091 1016/1388/1115 1010/1364/1092
f 1010/1364/1092 1016/1388/1115 1011/1389/1116
f 1010/1364/1092 1011/1389/1116 1005/1365/1093
f 1005/1365/1093 1011/1389/1116 1006/1390/1117
f 1005/1365/1093 1006/1390/1117 1000/1366/1094
f 1000/1366/1094 1006/1390/1117 1001/1391/1118
f 1000/1366/1094 1001/1391/1118 995/1367/1095
f 995/1367/1095 1001/1391/1118 996/1392/1119
f 995/1367/1095 996/1392/1119 990/1368/1096
f 990/1368/1096 996/1392/1119 991/1393/1120
f 990/1368/1096 991/1393/1120 985/1369/1097
f 985/1369/1097 991/1393/1120 986/1394/1121
f 985/1369/1097 986/1394/1121 980/1370/1098
f 980/1370/1098 986/1394/1121 981/1395/1122
f 980/1370/1098 981/1395/1122 975/1371/1099
f 975/1371/1099 981/1395/1122 976/1396/1123
f 975/1371/1099 976/1396/1123 970/1372/1100
f 970/1372/1100 976/1396/1123 971/1397/1124
f 970/1372/1100 971/1397/1124 935/1373/1077
f 935/1373/1077 971/1397/1124 936/1398/1101
f 936/1374/1101 937/1289/1020 966/1375/1102
f 966/1375/1102 937/1289/1020 967/1287/1018
f 966/1375/1102 967/1287/1018 961/1376/1103
f 961/1376/1103 967/1287/1018 962/1285/1016
f 961/1376/1103 962/1285/1016 956/1377/1104
f 956/1377/1104 962/1285/1016 957/1283/1014
f 956/1377/1104 957/1283/1014 951/1378/1105
f 951/1378/1105 957/1283/1014 952/1281/1012
f 951/1378/1105 952/1281/1012 941/1379/1106
f 941/1379/1106 952/1281/1012 942/1279/1010
f 941/1379/1106 942/1279/1010 944/1380/1107
f 944/1380/1107 942/1279/1010 943/1277/1008
f 944/1380/1107 943/1277/1008 1051/1381/1108
f 1051/1381/1108 943/1277/1008 1052/1275/1006
f 1051/1381/1108 1052/1275/1006 1046/1382/1109
f 1046/1382/1109 1052/1275/1006 1047/1323/1052
f 1046/1382/1109 1047/1323/1052 1041/1383/1110
f 1041/1383/1110 1047/1323/1052 1042/1321/1050
f 1041/1383/1110 1042/1321/1050 1036/1384/1111
f 1036/1384/1111 1042/1321/1050 1037/1319/1048
f 1036/1384/1111 1037/1319/1048 1031/1385/1112
f 1031/1385/1112 1037/1319/1048 1032/1317/1046
f 1031/1385/1112 1032/1317/1046 1026/1386/1113
f 1026/1386/1113 1032/1317/1046 1027/1315/1044
f 1026/1386/1113 1027/1315/1044 1021/1387/1114
f 1021/1387/1114 1027/1315/1044 1022/1313/1042
f 1021/1387/1114 1022/1313/1042 1016/1388/1115
f 1016/1388/1115 1022/1313/1042 1017/1311/1040
f 1016/1388/1115 1017/1311/1040 1011/1389/1116
f 1011/1389/1116 1017/1311/1040 1012/1309/1038
f 1011/1389/1116 1012/1309/1038 1006/1390/1117
f 1006/1390/1117 1012/1309/1038 1007/1307/1036
f 1006/1390/1117 1007/1307/1036 1001/1391/1118
f 1001/1391/1118 1007/1307/1036 1002/1305/1034
f 1001/1391/1118 1002/1305/1034 996/1392/1119
f 996/1392/1119 1002/1305/1034 997/1303/1032
f 996/1392/1119 997/1303/1032 991/1393/1120
f 991/1393/1120 997/1303/1032 992/1301/1030
f 991/1393/1120 992/1301/1030 986/1394/1121
f 986/1394/1121 992/1301/1030 987/1299/1028
f 986/1394/1121 987/1299/1028 981/1395/1122
f 981/1395/1122 987/1299/1028 982/1297/1026
f 981/1395/1122 982/1297/1026 976/1396/1123
f 976/1396/1123 982/1297/1026 977/1295/1024
f 976/1396/1123 977/1295/1024 971/1397/1124
f 971/1397/1124 977/1295/1024 972/1293/1022
f 971/1397/1124 972/1293/1022 936/1398/1101
f 936/1398/1101 972/1293/1022 937/1291/1020
f 380/1399/1125 886/1400/957 357/1401/1126
f 357/1401/1126 886/1400/957 885/1402/959
f 357/1403/1126 885/1404/959 358/1405/1127
f 358/1405/1127 885/1404/959 908/1406/961
f 358/1405/1127 908/1406/961 359/1407/1128
f 359/1407/1128 908/1406/961 907/1408/963
f 359/1407/1128 907/1408/963 360/1409/1129
f 360/1409/1129 907/1408/963 906/1410/965
f 360/1409/1129 906/1410/965 361/1411/1130
f 361/1411/1130 906/1410/965 905/1412/967
f 361/1411/1130 905/1412/967 362/1413/1131
f 362/1413/1131 905/1412/967 904/1414/969
f 362/1413/1131 904/1414/969 363/1415/1132
f 363/1415/1132 904/1414/969 903/1416/971
f 363/1415/1132 903/1416/971 364/1417/1133
f 364/1417/1133 903/1416/971 902/1418/973
f 364/1417/1133 902/1418/973 365/1419/1134
f 365/1419/1134 902/1418/973 901/1420/975
f 365/1419/1134 901/1420/975 366/1421/1135
f 366/1421/1135 901/1420/975 900/1422/977
f 366/1421/1135 900/1422/977 367/1423/1136
f 367/1423/1136 900/1422/977 899/1424/979
f 367/1423/1136 899/1424/979 368/1425/1137
f 368/1425/1137 899/1424/979 898/1426/981
f 368/1425/1137 898/1426/981 369/1427/1138
f 369/1427/1138 898/1426/981 897/1428/983
f 369/1427/1138 897/1428/983 370/1429/1139
f 370/1429/1139 897/1428/983 896/1430/985
f 370/1429/1139 896/1430/985 371/1431/1140
f 371/1431/1140 896/1430/985 895/1432/987
f 371/1431/1140 895/1432/987 372/1433/1141
f 372/1433/1141 895/1432/987 894/1434/989
f 372/1433/1141 894/1434/989 373/1435/1142
f 373/1435/1142 894/1434/989 893/1436/991
f 373/1435/1142 893/1436/991 374/1437/1143
f 374/1437/1143 893/1436/991 892/1438/993
f 374/1437/1143 892/1438/993 375/1439/1144
f 375/1439/1144 892/1438/993 891/1440/995
f 375/1439/1144 891/1440/995 376/1441/1145
f 376/1441/1145 891/1440/995 890/1442/997
f 376/1441/1145 890/1442/997 377/1443/1146
f 377/1443/1146 890/1442/997 889/1444/999
f 377/1443/1146 889/1444/999 378/1445/1147
f 378/1445/1147 889/1444/999 888/1446/1001
f 378/1445/1147 888/1446/1001 379/1447/1148
f 379/1447/1148 888/1446/1001 887/1448/1003
f 379/1447/1148 887/1448/1003 380/1399/1125
f 380/1399/1125 887/1448/1003 886/1400/957
f 932/1449/1009 922/1450/1029 909/1451/1007
f 909/1451/1007 922/1450/1029 921/1452/1031
f 909/1451/1007 921/1452/1031 910/1453/1005
f 910/1453/1005 921/1452/1031 920/1454/1033
f 910/1453/1005 920/1454/1033 911/1455/1051
f 911/1455/1051 920/1454/1033 919/1456/1035
f 911/1455/1051 919/1456/1035 912/1457/1049
f 912/1457/1049 919/1456/1035 918/1458/1037
f 912/1457/1049 918/1458/1037 913/1459/1047
f 913/1459/1047 918/1458/1037 917/1460/1039
f 913/1459/1047 917/1460/1039 914/1461/1045
f 914/1461/1045 917/1460/1039 916/1462/1041
f 914/1461/1045 916/1462/1041 915/1463/1043
f 922/1450/1029 932/1449/1009 923/1464/1027
f 923/1464/1027 932/1449/1009 931/1465/1011
f 923/1464/1027 931/1465/1011 924/1466/1025
f 924/1466/1025 931/1465/1011 930/1467/1013
f 924/1466/1025 930/1467/1013 925/1468/1023
f 925/1468/1023 930/1467/1013 929/1469/1015
f 925/1468/1023 929/1469/1015 926/1470/1021
f 926/1470/1021 929/1469/1015 928/1471/1017
f 926/1470/1021 928/1471/1017 927/1472/1019
f 1054/1473/1149 1106/1474/1150 1053/1475/1151
f 1053/1475/1151 1106/1474/1150 1115/1476/1152
f 1053/1475/1151 1115/1476/1152 1076/1477/1153
f 1076/1477/1153 1115/1476/1152 1216/1478/1154
f 1076/1477/1153 1216/1478/1154 1075/1479/1155
f 1075/1479/1155 1216/1478/1154 1211/1480/1156
f 1075/1479/1155 1211/1480/1156 1074/1481/1157
f 1074/1481/1157 1211/1480/1156 1206/1482/1158
f 1074/1481/1157 1206/1482/1158 1073/1483/1159
f 1073/1483/1159 1206/1482/1158 1201/1484/1160
f 1073/1483/1159 1201/1484/1160 1072/1485/1161
f 1072/1485/1161 1201/1484/1160 1196/1486/1162
f 1072/1485/1161 1196/1486/1162 1071/1487/1163
f 1071/1487/1163 1196/1486/1162 1191/1488/1164
f 1071/1487/1163 1191/1488/1164 1070/1489/1165
f 1070/1489/1165 1191/1488/1164 1186/1490/1166
f 1070/1489/1165 1186/1490/1166 1069/1491/1167
f 1069/1491/1167 1186/1490/1166 1181/1492/1168
f 1069/1491/1167 1181/1492/1168 1068/1493/1169
f 1068/1493/1169 1181/1492/1168 1176/1494/1170
f 1068/1493/1169 1176/1494/1170 1067/1495/1171
f 1067/1495/1171 1176/1494/1170 1171/1496/1172
f 1067/1495/1171 1171/1496/1172 1066/1497/1173
f 1066/1497/1173 1171/1496/1172 1166/1498/1174
f 1066/1497/1173 1166/1498/1174 1065/1499/1175
f 1065/1499/1175 1166/1498/1174 1161/1500/1176
f 1065/1499/1175 1161/1500/1176 1064/1501/1177
f 1064/1501/1177 1161/1500/1176 1156/1502/1178
f 1064/1501/1177 1156/1502/1178 1063/1503/1179
f 1063/1503/1179 1156/1502/1178 1151/1504/1180
f 1063/1503/1179 1151/1504/1180 1062/1505/1181
f 1062/1505/1181 1151/1504/1180 1146/1506/1182
f 1062/1505/1181 1146/1506/1182 1061/1507/1183
f 1061/1507/1183 1146/1506/1182 1141/1508/1184
f 1061/1507/1183 1141/1508/1184 1060/1509/1185
f 1060/1509/1185 1141/1508/1184 1136/1510/1186
f 1060/1509/1185 1136/1510/1186 1059/1511/1187
f 1059/1511/1187 1136/1510/1186 1101/1512/1188
f 1059/1513/1187 1101/1514/1188 1058/1515/1189
f 1058/1515/1189 1101/1514/1188 1131/1516/1190
f 1058/1515/1189 1131/1516/1190 1057/1517/1191
f 1057/1517/1191 1131/1516/1190 1126/1518/1192
f 1057/1517/1191 1126/1518/1192 1056/1519/1193
f 1056/1519/1193 1126/1518/1192 1121/1520/1194
f 1056/1519/1193 1121/1520/1194 1055/1521/1195
f 1055/1521/1195 1121/1520/1194 1116/1522/1196
f 1055/1521/1195 1116/1522/1196 1054/1473/1149
f 1054/1473/1149 1116/1522/1196 1106/1474/1150
f 1078/1523/1197 1220/1524/1198 1077/1525/1199
f 1077/1525/1199 1220/1524/1198 1111/1526/1200
f 1077/1525/1199 1111/1526/1200 1100/1527/1201
f 1100/1527/1201 1111/1526/1200 1110/1528/1202
f 1100/1527/1201 1110/1528/1202 1099/1529/1203
f 1099/1529/1203 1110/1528/1202 1120/1530/1204
f 1099/1529/1203 1120/1530/1204 1098/1531/1205
f 1098/1531/1205 1120/1530/1204 1125/1532/1206
f 1098/1531/1205 1125/1532/1206 1097/1533/1207
f 1097/1533/1207 1125/1532/1206 1130/1534/1208
f 1097/1533/1207 1130/1534/1208 1096/1535/1209
f 1096/1535/1209 1130/1534/1208 1135/1536/1210
f 1096/1535/1209 1135/1536/1210 1095/1537/1211
f 1095/1537/1211 1135/1536/1210 1105/1538/1212
f 1095/1539/1211 1105/1540/1212 1094/1541/1213
f 1094/1541/1213 1105/1540/1212 1140/1542/1214
f 1094/1541/1213 1140/1542/1214 1093/1543/1215
f 1093/1543/1215 1140/1542/1214 1145/1544/1216
f 1093/1543/1215 1145/1544/1216 1092/1545/1217
f 1092/1545/1217 1145/1544/1216 1150/1546/1218
f 1092/1545/1217 1150/1546/1218 1091/1547/1219
f 1091/1547/1219 1150/1546/1218 1155/1548/1220
f 1091/1547/1219 1155/1548/1220 1090/1549/1221
f 1090/1549/1221 1155/1548/1220 1160/1550/1222
f 1090/1549/1221 1160/1550/1222 1089/1551/1223
f 1089/1551/1223 1160/1550/1222 1165/1552/1224
f 1089/1551/1223 1165/1552/1224 1088/1553/1225
f 1088/1553/1225 1165/1552/1224 1170/1554/1226
f 1088/1553/1225 1170/1554/1226 1087/1555/1227
f 1087/1555/1227 1170/1554/1226 1175/1556/1228
f 1087/1555/1227 1175/1556/1228 1086/1557/1229
f 1086/1557/1229 1175/1556/1228 1180/1558/1230
f 1086/1557/1229 1180/1558/1230 1085/1559/1231
f 1085/1559/1231 1180/1558/1230 1185/1560/1232
f 1085/1559/1231 1185/1560/1232 1084/1561/1233
f 1084/1561/1233 1185/1560/1232 1190/1562/1234
f 1084/1561/1233 1190/1562/1234 1083/1563/1235
f 1083/1563/1235 1190/1562/1234 1195/1564/1236
f 1083/1563/1235 1195/1564/1236 1082/1565/1237
f 1082/1565/1237 1195/1564/1236 1200/1566/1238
f 1082/1565/1237 1200/1566/1238 1081/1567/1239
f 1081/1567/1239 1200/1566/1238 1205/1568/1240
f 1081/1567/1239 1205/1568/1240 1080/1569/1241
f 1080/1569/1241 1205/1568/1240 1210/1570/1242
f 1080/1569/1241 1210/1570/1242 1079/1571/1243
f 1079/1571/1243 1210/1570/1242 1215/1572/1244
f 1079/1571/1243 1215/1572/1244 1078/1523/1197
f 1078/1523/1197 1215/1572/1244 1220/1524/1198
f 1101/1514/1188 1102/1573/1245 1131/1516/1190
f 1131/1516/1190 1102/1573/1245 1132/1574/1246
f 1131/1516/1190 1132/1574/1246 1126/1518/1192
f 1126/1518/1192 1132/1574/1246 1127/1575/1247
f 1126/1518/1192 1127/1575/1247 1121/1520/1194
f 1121/1520/1194 1127/1575/1247 1122/1576/1248
f 1121/1520/1194 1122/1576/1248 1116/1522/1196
f 1116/1522/1196 1122/1576/1248 1117/1577/1249
f 1116/1522/1196 1117/1577/1249 1106/1474/1150
f 1106/1474/1150 1117/1577/1249 1107/1578/1250
f 1106/1474/1150 1107/1578/1250 1115/1476/1152
f 1115/1476/1152 1107/1578/1250 1114/1579/1251
f 1115/1476/1152 1114/1579/1251 1216/1478/1154
f 1216/1478/1154 1114/1579/1251 1217/1580/1252
f 1216/1478/1154 1217/1580/1252 1211/1480/1156
f 1211/1480/1156 1217/1580/1252 1212/1581/1253
f 1211/1480/1156 1212/1581/1253 1206/1482/1158
f 1206/1482/1158 1212/1581/1253 1207/1582/1254
f 1206/1482/1158 1207/1582/1254 1201/1484/1160
f 1201/1484/1160 1207/1582/1254 1202/1583/1255
f 1201/1484/1160 1202/1583/1255 1196/1486/1162
f 1196/1486/1162 1202/1583/1255 1197/1584/1256
f 1196/1486/1162 1197/1584/1256 1191/1488/1164
f 1191/1488/1164 1197/1584/1256 1192/1585/1257
f 1191/1488/1164 1192/1585/1257 1186/1490/1166
f 1186/1490/1166 1192/1585/1257 1187/1586/1258
f 1186/1490/1166 1187/1586/1258 1181/1492/1168
f 1181/1492/1168 1187/1586/1258 1182/1587/1259
f 1181/1492/1168 1182/1587/1259 1176/1494/1170
f 1176/1494/1170 1182/1587/1259 1177/1588/1260
f 1176/1494/1170 1177/1588/1260 1171/1496/1172
f 1171/1496/1172 1177/1588/1260 1172/1589/1261
f 1171/1496/1172 1172/1589/1261 1166/1498/1174
f 1166/1498/1174 1172/1589/1261 1167/1590/1262
f 1166/1498/1174 1167/1590/1262 1161/1500/1176
f 1161/1500/1176 1167/1590/1262 1162/1591/1263
f 1161/1500/1176 1162/1591/1263 1156/1502/1178
f 1156/1502/1178 1162/1591/1263 1157/1592/1264
f 1156/1502/1178 1157/1592/1264 1151/1504/1180
f 1151/1504/1180 1157/1592/1264 1152/1593/1265
f 1151/1504/1180 1152/1593/1265 1146/1506/1182
f 1146/1506/1182 1152/1593/1265 1147/1594/1266
f 1146/1506/1182 1147/1594/1266 1141/1508/1184
f 1141/1508/1184 1147/1594/1266 1142/1595/1267
f 1141/1508/1184 1142/1595/1267 1136/1510/1186
f 1136/1510/1186 1142/1595/1267 1137/1596/1268
f 1136/1510/1186 1137/1596/1268 1101/1512/1188
f 1101/1512/1188 1137/1596/1268 1102/1597/1245
f 1102/1573/1245 1103/1598/1269 1132/1574/1246
f 1132/1574/1246 1103/1598/1269 1133/1599/1270
f 1132/1574/1246 1133/1599/1270 1127/1575/1247
f 1127/1575/1247 1133/1599/1270 1128/1600/1271
f 1127/1575/1247 1128/1600/1271 1122/1576/1248
f 1122/1576/1248 1128/1600/1271 1123/1601/1272
f 1122/1576/1248 1123/1601/1272 1117/1577/1249
f 1117/1577/1249 1123/1601/1272 1118/1602/1273
f 1117/1577/1249 1118/1602/1273 1107/1578/1250
f 1107/1578/1250 1118/1602/1273 1108/1603/1274
f 1107/1578/1250 1108/1603/1274 1114/1579/1251
f 1114/1579/1251 1108/1603/1274 1113/1604/1275
f 1114/1579/1251 1113/1604/1275 1217/1580/1252
f 1217/1580/1252 1113/1604/1275 1218/1605/1276
f 1217/1580/1252 1218/1605/1276 1212/1581/1253
f 1212/1581/1253 1218/1605/1276 1213/1606/1277
f 1212/1581/1253 1213/1606/1277 1207/1582/1254
f 1207/1582/1254 1213/1606/1277 1208/1607/1278
f 1207/1582/1254 1208/1607/1278 1202/1583/1255
f 1202/1583/1255 1208/1607/1278 1203/1608/1279
f 1202/1583/1255 1203/1608/1279 1197/1584/1256
f 1197/1584/1256 1203/1608/1279 1198/1609/1280
f 1197/1584/1256 1198/1609/1280 1192/1585/1257
f 1192/1585/1257 1198/1609/1280 1193/1610/1281
f 1192/1585/1257 1193/1610/1281 1187/1586/1258
f 1187/1586/1258 1193/1610/1281 1188/1611/1282
f 1187/1586/1258 1188/1611/1282 1182/1587/1259
f 1182/1587/1259 1188/1611/1282 1183/1612/1283
f 1182/1587/1259 1183/1612/1283 1177/1588/1260
f 1177/1588/1260 1183/1612/1283 1178/1613/1284
f 1177/1588/1260 1178/1613/1284 1172/1589/1261
f 1172/1589/1261 1178/1613/1284 1173/1614/1285
f 1172/1589/1261 1173/1614/1285 1167/1590/1262
f 1167/1590/1262 1173/1614/1285 1168/1615/1286
f 1167/1590/1262 1168/1615/1286 1162/1591/1263
f 1162/1591/1263 1168/1615/1286 1163/1616/1287
f 1162/1591/1263 1163/1616/1287 1157/1592/1264
f 1157/1592/1264 1163/1616/1287 1158/1617/1288
f 1157/1592/1264 1158/1617/1288 1152/1593/1265
f 1152/1593/1265 1158/1617/1288 1153/1618/1289
f 1152/1593/1265 1153/1618/1289 1147/1594/1266
f 1147/1594/1266 1153/1618/1289 1148/1619/1290
f 1147/1594/1266 1148/1619/1290 1142/1595/1267
f 1142/1595/1267 1148/1619/1290 1143/1620/1291
f 1142/1595/1267 1143/1620/1291 1137/1596/1268
f 1137/1596/1268 1143/1620/1291 1138/1621/1292
f 1137/1596/1268 1138/1621/1292 1102/1597/1245
f 1102/1597/1245 1138/1621/1292 1103/1622/1269
f 1103/1598/1269 1104/1623/1293 1133/1599/1270
f 1133/1599/1270 1104/1623/1293 1134/1624/1294
f 1133/1599/1270 1134/1624/1294 1128/1600/1271
f 1128/1600/1271 1134/1624/1294 1129/1625/1295
f 1128/1600/1271 1129/1625/1295 1123/1601/1272
f 1123/1601/1272 1129/1625/1295 1124/1626/1296
f 1123/1601/1272 1124/1626/1296 1118/1602/1273
f 1118/1602/1273 1124/1626/1296 1119/1627/1297
f 1118/1602/1273 1119/1627/1297 1108/1603/1274
f 1108/1603/1274 1119/1627/1297 1109/1628/1298
f 1108/1603/1274 1109/1628/1298 1113/1604/1275
f 1113/1604/1275 1109/1628/1298 1112/1629/1299
f 1113/1604/1275 1112/1629/1299 1218/1605/1276
f 1218/1605/1276 1112/1629/1299 1219/1630/1300
f 1218/1605/1276 1219/1630/1300 1213/1606/1277
f 1213/1606/1277 1219/1630/1300 1214/1631/1301
f 1213/1606/1277 1214/1631/1301 1208/1607/1278
f 1208/1607/1278 1214/1631/1301 1209/1632/1302
f 1208/1607/1278 1209/1632/1302 1203/1608/1279
f 1203/1608/1279 1209/1632/1302 1204/1633/1303
f 1203/1608/1279 1204/1633/1303 1198/1609/1280
f 1198/1609/1280 1204/1633/1303 1199/1634/1304
f 1198/1609/1280 1199/1634/1304 1193/1610/1281
f 1193/1610/1281 1199/1634/1304 1194/1635/1305
f 1193/1610/1281 1194/1635/1305 1188/1611/1282
f 1188/1611/1282 1194/1635/1305 1189/1636/1306
f 1188/1611/1282 1189/1636/1306 1183/1612/1283
f 1183/1612/1283 1189/1636/1306 1184/1637/1307
f 1183/1612/1283 1184/1637/1307 1178/1613/1284
f 1178/1613/1284 1184/1637/1307 1179/1638/1308
f 1178/1613/1284 1179/1638/1308 1173/1614/1285
f 1173/1614/1285 1179/1638/1308 1174/1639/1309
f 1173/1614/1285 1174/1639/1309 1168/1615/1286
f 1168/1615/1286 1174/1639/1309 1169/1640/1310
f 1168/1615/1286 1169/1640/1310 1163/1616/1287
f 1163/1616/1287 1169/1640/1310 1164/1641/1311
f 1163/1616/1287 1164/1641/1311 1158/1617/1288
f 1158/1617/1288 1164/1641/1311 1159/1642/1312
f 1158/1617/1288 1159/1642/1312 1153/1618/1289
f 1153/1618/1289 1159/1642/1312 1154/1643/1313
f 1153/1618/1289 1154/1643/1313 1148/1619/1290
f 1148/1619/1290 1154/1643/1313 1149/1644/1314
f 1148/1619/1290 1149/1644/1314 1143/1620/1291
f 1143/1620/1291 1149/1644/1314 1144/1645/1315
f 1143/1620/1291 1144/1645/1315 1138/1621/1292
f 1138/1621/1292 1144/1645/1315 1139/1646/1316
f 1138/1621/1292 1139/1646/1316 1103/1622/1269
f 1103/1622/1269 1139/1646/1316 1104/1647/1293
f 1104/1623/1293 1105/1538/1212 1134/1624/1294
f 1134/1624/1294 1105/1538/1212 1135/1536/1210
f 1134/1624/1294 1135/1536/1210 1129/1625/1295
f 1129/1625/1295 1135/1536/1210 1130/1534/1208
f 1129/1625/1295 1130/1534/1208 1124/1626/1296
f 1124/1626/1296 1130/1534/1208 1125/1532/1206
f 1124/1626/1296 1125/1532/1206 1119/1627/1297
f 1119/1627/1297 1125/1532/1206 1120/1530/1204
f 1119/1627/1297 1120/1530/1204 1109/1628/1298
f 1109/1628/1298 1120/1530/1204 1110/1528/1202
f 1109/1628/1298 1110/1528/1202 1112/1629/1299
f 1112/1629/1299 1110/1528/1202 1111/1526/1200
f 1112/1629/1299 1111/1526/1200 1219/1630/1300
f 1219/1630/1300 1111/1526/1200 1220/1524/1198
f 1219/1630/1300 1220/1524/1198 1214/1631/1301
f 1214/1631/1301 1220/1524/1198 1215/1572/1244
f 1214/1631/1301 1215/1572/1244 1209/1632/1302
f 1209/1632/1302 1215/1572/1244 1210/1570/1242
f 1209/1632/1302 1210/1570/1242 1204/1633/1303
f 1204/1633/1303 1210/1570/1242 1205/1568/1240
f 1204/1633/1303 1205/1568/1240 1199/1634/1304
f 1199/1634/1304 1205/1568/1240 1200/1566/1238
f 1199/1634/1304 1200/1566/1238 1194/1635/1305
f 1194/1635/1305 1200/1566/1238 1195/1564/1236
f 1194/1635/1305 1195/1564/1236 1189/1636/1306
f 1189/1636/1306 1195/1564/1236 1190/1562/1234
f 1189/1636/1306 1190/1562/1234 1184/1637/1307
f 1184/1637/1307 1190/1562/1234 1185/1560/1232
f 1184/1637/1307 1185/1560/1232 1179/1638/1308
f 1179/1638/1308 1185/1560/1232 1180/1558/1230
f 1179/1638/1308 1180/1558/1230 1174/1639/1309
f 1174/1639/1309 1180/1558/1230 1175/1556/1228
f 1174/1639/1309 1175/1556/1228 1169/1640/1310
f 1169/1640/1310 1175/1556/1228 1170/1554/1226
f 1169/1640/1310 1170/1554/1226 1164/1641/1311
f 1164/1641/1311 1170/1554/1226 1165/1552/1224
f 1164/1641/1311 1165/1552/1224 1159/1642/1312
f 1159/1642/1312 1165/1552/1224 1160/1550/1222
f 1159/1642/1312 1160/1550/1222 1154/1643/1313
f 1154/1643/1313 1160/1550/1222 1155/1548/1220
f 1154/1643/1313 1155/1548/1220 1149/1644/1314
f 1149/1644/1314 1155/1548/1220 1150/1546/1218
f 1149/1644/1314 1150/1546/1218 1144/1645/1315
f 1144/1645/1315 1150/1546/1218 1145/1544/1216
f 1144/1645/1315 1145/1544/1216 1139/1646/1316
f 1139/1646/1316 1145/1544/1216 1140/1542/1214
f 1139/1646/1316 1140/1542/1214 1104/1647/1293
f 1104/1647/1293 1140/1542/1214 1105/1540/1212
f 356/1648/1317 1054/1649/1149 333/1650/1318
f 333/1650/1318 1054/1649/1149 1053/1651/1151
f 333/1652/1318 1053/1653/1151 334/1654/1319
f 334/1654/1319 1053/1653/1151 1076/1655/1153
f 334/1654/1319 1076/1655/1153 335/1656/1320
f 335/1656/1320 1076/1655/1153 1075/1657/1155
f 335/1656/1320 1075/1657/1155 336/1658/1321
f 336/1658/1321 1075/1657/1155 1074/1659/1157
f 336/1658/1321 1074/1659/1157 337/1660/1322
f 337/1660/1322 1074/1659/1157 1073/1661/1159
f 337/1660/1322 1073/1661/1159 338/1662/1323
f 338/1662/1323 1073/1661/1159 1072/1663/1161
f 338/1662/1323 1072/1663/1161 339/1664/1324
f 339/1664/1324 1072/1663/1161 1071/1665/1163
f 339/1664/1324 1071/1665/1163 340/1666/1325
f 340/1666/1325 1071/1665/1163 1070/1667/1165
f 340/1666/1325 1070/1667/1165 341/1668/1326
f 341/1668/1326 1070/1667/1165 1069/1669/1167
f 341/1668/1326 1069/1669/1167 342/1670/1327
f 342/1670/1327 1069/1669/1167 1068/1671/1169
f 342/1670/1327 1068/1671/1169 343/1672/1328
f 343/1672/1328 1068/1671/1169 1067/1673/1171
f 343/1672/1328 1067/1673/1171 344/1674/1329
f 344/1674/1329 1067/1673/1171 1066/1675/1173
f 344/1674/1329 1066/1675/1173 345/1676/1330
f 345/1676/1330 1066/1675/1173 1065/1677/1175
f 345/1676/1330 1065/1677/1175 346/1678/1331
f 346/1678/1331 1065/1677/1175 1064/1679/1177
f 346/1678/1331 1064/1679/1177 347/1680/1332
f 347/1680/1332 1064/1679/1177 1063/1681/1179
f 347/1680/1332 1063/1681/1179 348/1682/1333
f 348/1682/1333 1063/1681/1179 1062/1683/1181
f 348/1682/1333 1062/1683/1181 349/1684/1334
f 349/1684/1334 1062/1683/1181 1061/1685/1183
f 349/1684/1334 1061/1685/1183 350/1686/1335
f 350/1686/1335 1061/1685/1183 1060/1687/1185
f 350/1686/1335 1060/1687/1185 351/1688/1336
f 351/1688/1336 1060/1687/1185 1059/1689/1187
f 351/1688/1336 1059/1689/1187 352/1690/1337
f 352/1690/1337 1059/1689/1187 1058/1691/1189
f 352/1690/1337 1058/1691/1189 353/1692/1338
f 353/1692/1338 1058/1691/1189 1057/1693/1191
f 353/1692/1338 1057/1693/1191 354/1694/1339
f 354/1694/1339 1057/1693/1191 1056/1695/1193
f 354/1694/1339 1056/1695/1193 355/1696/1340
f 355/1696/1340 1056/1695/1193 1055/1697/1195
f 355/1696/1340 1055/1697/1195 356/1648/1317
f 356/1648/1317 1055/1697/1195 1054/1649/1149
f 1100/1698/1201 1090/1699/1221 1077/1700/1199
f 1077/1700/1199 1090/1699/1221 1089/1701/1223
f 1077/1700/1199 1089/1701/1223 1078/1702/1197
f 1078/1702/1197 1089/1701/1223 1088/1703/1225
f 1078/1702/1197 1088/1703/1225 1079/1704/1243
f 1079/1704/1243 1088/1703/1225 1087/1705/1227
f 1079/1704/1243 1087/1705/1227 1080/1706/1241
f 1080/1706/1241 1087/1705/1227 1086/1707/1229
f 1080/1706/1241 1086/1707/1229 1081/1708/1239
f 1081/1708/1239 1086/1707/1229 1085/1709/1231
f 1081/1708/1239 1085/1709/1231 1082/1710/1237
f 1082/1710/1237 1085/1709/1231 1084/1711/1233
f 1082/1710/1237 1084/1711/1233 1083/1712/1235
f 1090/1699/1221 1100/1698/1201 1091/1713/1219
f 1091/1713/1219 1100/1698/1201 1099/1714/1203
f 1091/1713/1219 1099/1714/1203 1092/1715/1217
f 1092/1715/1217 1099/1714/1203 1098/1716/1205
f 1092/1715/1217 1098/1716/1205 1093/1717/1215
f 1093/1717/1215 1098/1716/1205 1097/1718/1207
f 1093/1717/1215 1097/1718/1207 1094/1719/1213
f 1094/1719/1213 1097/1718/1207 1096/1720/1209
f 1094/1719/1213 1096/1720/1209 1095/1721/1211
f 1222/1722/1341 1274/1723/1342 1221/1724/1343
f 1221/1724/1343 1274/1723/1342 1283/1725/1344
f 1221/1724/1343 1283/1725/1344 1244/1726/1345
f 1244/1726/1345 1283/1725/1344 1384/1727/1346
f 1244/1726/1345 1384/1727/1346 1243/1728/1347
f 1243/1728/1347 1384/1727/1346 1379/1729/1348
f 1243/1728/1347 1379/1729/1348 1242/1730/1349
f 1242/1730/1349 1379/1729/1348 1374/1731/1350
f 1242/1730/1349 1374/1731/1350 1241/1732/1351
f 1241/1732/1351 1374/1731/1350 1369/1733/1352
f 1241/1732/1351 1369/1733/1352 1240/1734/1353
f 1240/1734/1353 1369/1733/1352 1364/1735/1354
f 1240/1734/1353 1364/1735/1354 1239/1736/1355
f 1239/1736/1355 1364/1735/1354 1359/1737/1356
f 1239/1736/1355 1359/1737/1356 1238/1738/1357
f 1238/1738/1357 1359/1737/1356 1354/1739/1358
f 1238/1738/1357 1354/1739/1358 1237/1740/1359
f 1237/1740/1359 1354/1739/1358 1349/1741/1360
f 1237/1740/1359 1349/1741/1360 1236/1742/1361
f 1236/1742/1361 1349/1741/1360 1344/1743/1362
f 1236/1742/1361 1344/1743/1362 1235/1744/1363
f 1235/1744/1363 1344/1743/1362 1339/1745/1364
f 1235/1744/1363 1339/1745/1364 1234/1746/1365
f 1234/1746/1365 1339/1745/1364 1334/1747/1366
f 1234/1746/1365 1334/1747/1366 1233/1748/1367
f 1233/1748/1367 1334/1747/1366 1329/1749/1368
f 1233/1748/1367 1329/1749/1368 1232/1750/1369
f 1232/1750/1369 1329/1749/1368 1324/1751/1370
f 1232/1750/1369 1324/1751/1370 1231/1752/1371
f 1231/1752/1371 1324/1751/1370 1319/1753/1372
f 1231/1752/1371 1319/1753/1372 1230/1754/1373
f 1230/1754/1373 1319/1753/1372 1314/1755/1374
f 1230/1754/1373 1314/1755/1374 1229/1756/1375
f 1229/1756/1375 1314/1755/1374 1309/1757/1376
f 1229/1756/1375 1309/1757/1376 1228/1758/1377
f 1228/1758/1377 1309/1757/1376 1304/1759/1378
f 1228/1758/1377 1304/1759/1378 1227/1760/1379
f 1227/1760/1379 1304/1759/1378 1269/1761/1380
f 1227/1762/1379 1269/1763/1380 1226/1764/1381
f 1226/1764/1381 1269/1763/1380 1299/1765/1382
f 1226/1764/1381 1299/1765/1382 1225/1766/1383
f 1225/1766/1383 1299/1765/1382 1294/1767/1384
f 1225/1766/1383 1294/1767/1384 1224/1768/1385
f 1224/1768/1385 1294/1767/1384 1289/1769/1386
f 1224/1768/1385 1289/1769/1386 1223/1770/1387
f 1223/1770/1387 1289/1769/1386 1284/1771/1388
f 1223/1770/1387 1284/1771/1388 1222/1722/1341
f 1222/1722/1341 1284/1771/1388 1274/1723/1342
f 1246/1772/1389 1388/1773/1390 1245/1774/1391
f 1245/1774/1391 1388/1773/1390 1279/1775/1392
f 1245/1774/1391 1279/1775/1392 1268/1776/1393
f 1268/1776/1393 1279/1775/1392 1278/1777/1394
f 1268/1776/1393 1278/1777/1394 1267/1778/1395
f 1267/1778/1395 1278/1777/1394 1288/1779/1396
f 1267/1778/1395 1288/1779/1396 1266/1780/1397
f 1266/1780/1397 1288/1779/1396 1293/1781/1398
f 1266/1780/1397 1293/1781/1398 1265/1782/1399
f 1265/1782/1399 1293/1781/1398 1298/1783/1400
f 1265/1782/1399 1298/1783/1400 1264/1784/1401
f 1264/1784/1401 1298/1783/1400 1303/1785/1402
f 1264/1784/1401 1303/1785/1402 1263/1786/1403
f 1263/1786/1403 1303/1785/1402 1273/1787/1404
f 1263/1788/1403 1273/1789/1404 1262/1790/1405
f 1262/1790/1405 1273/1789/1404 1308/1791/1406
f 1262/1790/1405 1308/1791/1406 1261/1792/1407
f 1261/1792/1407 1308/1791/1406 1313/1793/1408
f 1261/1792/1407 1313/1793/1408 1260/1794/1409
f 1260/1794/1409 1313/1793/1408 1318/1795/1410
f 1260/1794/1409 1318/1795/1410 1259/1796/1411
f 1259/1796/1411 1318/1795/1410 1323/1797/1412
f 1259/1796/1411 1323/1797/1412 1258/1798/1413
f 1258/1798/1413 1323/1797/1412 1328/1799/1414
f 1258/1798/1413 1328/1799/1414 1257/1800/1415
f 1257/1800/1415 1328/1799/1414 1333/1801/1416
f 1257/1800/1415 1333/1801/1416 1256/1802/1417
f 1256/1802/1417 1333/1801/1416 1338/1803/1418
f 1256/1802/1417 1338/1803/1418 1255/1804/1419
f 1255/1804/1419 1338/1803/1418 1343/1805/1420
f 1255/1804/1419 1343/1805/1420 1254/1806/1421
f 1254/1806/1421 1343/1805/1420 1348/1807/1422
f 1254/1806/1421 1348/1807/1422 1253/1808/1423
f 1253/1808/1423 1348/1807/1422 1353/1809/1424
f 1253/1808/1423 1353/1809/1424 1252/1810/1425
f 1252/1810/1425 1353/1809/1424 1358/1811/1426
f 1252/1810/1425 1358/1811/1426 1251/1812/1427
f 1251/1812/1427 1358/1811/1426 1363/1813/1428
f 1251/1812/1427 1363/1813/1428 1250/1814/1429
f 1250/1814/1429 1363/1813/1428 1368/1815/1430
f 1250/1814/1429 1368/1815/1430 1249/1816/1431
f 1249/1816/1431 1368/1815/1430 1373/1817/1432
f 1249/1816/1431 1373/1817/1432 1248/1818/1433
f 1248/1818/1433 1373/1817/1432 1378/1819/1434
f 1248/1818/1433 1378/1819/1434 1247/1820/1435
f 1247/1820/1435 1378/1819/1434 1383/1821/1436
f 1247/1820/1435 1383/1821/1436 1246/1772/1389
f 1246/1772/1389 1383/1821/1436 1388/1773/1390
f 1269/1763/1380 1270/1822/1437 1299/1765/1382
f 1299/1765/1382 1270/1822/1437 1300/1823/1438
f 1299/1765/1382 1300/1823/1438 1294/1767/1384
f 1294/1767/1384 1300/1823/1438 1295/1824/1439
f 1294/1767/1384 1295/1824/1439 1289/1769/1386
f 1289/1769/1386 1295/1824/1439 1290/1825/1440
f 1289/1769/1386 1290/1825/1440 1284/1771/1388
f 1284/1771/1388 1290/1825/1440 1285/1826/1441
f 1284/1771/1388 1285/1826/1441 1274/1723/1342
f 1274/1723/1342 1285/1826/1441 1275/1827/1442
f 1274/1723/1342 1275/1827/1442 1283/1725/1344
f 1283/1725/1344 1275/1827/1442 1282/1828/1443
f 1283/1725/1344 1282/1828/1443 1384/1727/1346
f 1384/1727/1346 1282/1828/1443 1385/1829/1444
f 1384/1727/1346 1385/1829/1444 1379/1729/1348
f 1379/1729/1348 1385/1829/1444 1380/1830/1445
f 1379/1729/1348 1380/1830/1445 1374/1731/1350
f 1374/1731/1350 1380/1830/1445 1375/1831/1446
f 1374/1731/1350 1375/1831/1446 1369/1733/1352
f 1369/1733/1352 1375/1831/1446 1370/1832/1447
f 1369/1733/1352 1370/1832/1447 1364/1735/1354
f 1364/1735/1354 1370/1832/1447 1365/1833/1448
f 1364/1735/1354 1365/1833/1448 1359/1737/1356
f 1359/1737/1356 1365/1833/1448 1360/1834/1449
f 1359/1737/1356 1360/1834/1449 1354/1739/1358
f 1354/1739/1358 1360/1834/1449 1355/1835/1450
f 1354/1739/1358 1355/1835/1450 1349/1741/1360
f 1349/1741/1360 1355/1835/1450 1350/1836/1451
f 1349/1741/1360 1350/1836/1451 1344/1743/1362
f 1344/1743/1362 1350/1836/1451 1345/1837/1452
f 1344/1743/1362 1345/1837/1452 1339/1745/1364
f 1339/1745/1364 1345/1837/1452 1340/1838/1453
f 1339/1745/1364 1340/1838/1453 1334/1747/1366
f 1334/1747/1366 1340/1838/1453 1335/1839/1454
f 1334/1747/1366 1335/1839/1454 1329/1749/1368
f 1329/1749/1368 1335/1839/1454 1330/1840/1455
f 1329/1749/1368 1330/1840/1455 1324/1751/1370
f 1324/1751/1370 1330/1840/1455 1325/1841/1456
f 1324/1751/1370 1325/1841/1456 1319/1753/1372
f 1319/1753/1372 1325/1841/1456 1320/1842/1457
f 1319/1753/1372 1320/1842/1457 1314/1755/1374
f 1314/1755/1374 1320/1842/1457 1315/1843/1458
f 1314/1755/1374 1315/1843/1458 1309/1757/1376
f 1309/1757/1376 1315/1843/1458 1310/1844/1459
f 1309/1757/1376 1310/1844/1459 1304/1759/1378
f 1304/1759/1378 1310/1844/1459 1305/1845/1460
f 1304/1759/1378 1305/1845/1460 1269/1761/1380
f 1269/1761/1380 1305/1845/1460 1270/1846/1437
f 1270/1822/1437 1271/1847/1461 1300/1823/1438
f 1300/1823/1438 1271/1847/1461 1301/1848/1462
f 1300/1823/1438 1301/1848/1462 1295/1824/1439
f 1295/1824/1439 1301/1848/1462 1296/1849/1463
f 1295/1824/1439 1296/1849/1463 1290/1825/1440
f 1290/1825/1440 1296/1849/1463 1291/1850/1464
f 1290/1825/1440 1291/1850/1464 1285/1826/1441
f 1285/1826/1441 1291/1850/1464 1286/1851/1465
f 1285/1826/1441 1286/1851/1465 1275/1827/1442
f 1275/1827/1442 1286/1851/1465 1276/1852/1466
f 1275/1827/1442 1276/1852/1466 1282/1828/1443
f 1282/1828/1443 1276/1852/1466 1281/1853/1467
f 1282/1828/1443 1281/1853/1467 1385/1829/1444
f 1385/1829/1444 1281/1853/1467 1386/1854/1468
f 1385/1829/1444 1386/1854/1468 1380/1830/1445
f 1380/1830/1445 1386/1854/1468 1381/1855/1469
f 1380/1830/1445 1381/1855/1469 1375/1831/1446
f 1375/1831/1446 1381/1855/1469 1376/1856/1470
f 1375/1831/1446 1376/1856/1470 1370/1832/1447
f 1370/1832/1447 1376/1856/1470 1371/1857/1471
f 1370/1832/1447 1371/1857/1471 1365/1833/1448
f 1365/1833/1448 1371/1857/1471 1366/1858/1472
f 1365/1833/1448 1366/1858/1472 1360/1834/1449
f 1360/1834/1449 1366/1858/1472 1361/1859/1473
f 1360/1834/1449 1361/1859/1473 1355/1835/1450
f 1355/1835/1450 1361/1859/1473 1356/1860/1474
f 1355/1835/1450 1356/1860/1474 1350/1836/1451
f 1350/1836/1451 1356/1860/1474 1351/1861/1475
f 1350/1836/1451 1351/1861/1475 1345/1837/1452
f 1345/1837/1452 1351/1861/1475 1346/1862/1476
f 1345/1837/1452 1346/1862/1476 1340/1838/1453
f 1340/1838/1453 1346/1862/1476 1341/1863/1477
f 1340/1838/1453 1341/1863/1477 1335/1839/1454
f 1335/1839/1454 1341/1863/1477 1336/1864/1478
f 1335/1839/1454 1336/1864/1478 1330/1840/1455
f 1330/1840/1455 1336/1864/1478 1331/1865/1479
f 1330/1840/1455 1331/1865/1479 1325/1841/1456
f 1325/1841/1456 1331/1865/1479 1326/1866/1480
f 1325/1841/1456 1326/1866/1480 1320/1842/1457
f 1320/1842/1457 1326/1866/1480 1321/1867/1481
f 1320/1842/1457 1321/1867/1481 1315/1843/1458
f 1315/1843/1458 1321/1867/1481 1316/1868/1482
f 1315/1843/1458 1316/1868/1482 1310/1844/1459
f 1310/1844/1459 1316/1868/1482 1311/1869/1483
f 1310/1844/1459 1311/1869/1483 1305/1845/1460
f 1305/1845/1460 1311/1869/1483 1306/1870/1484
f 1305/1845/1460 1306/1870/1484 1270/1846/1437
f 1270/1846/1437 1306/1870/1484 1271/1871/1461
f 1271/1847/1461 1272/1872/1485 1301/1848/1462
f 1301/1848/1462 1272/1872/1485 1302/1873/1486
f 1301/1848/1462 1302/1873/1486 1296/1849/1463
f 1296/1849/1463 1302/1873/1486 1297/1874/1487
f 1296/1849/1463 1297/1874/1487 1291/1850/1464
f 1291/1850/1464 1297/1874/1487 1292/1875/1488
f 1291/1850/1464 1292/1875/1488 1286/1851/1465
f 1286/1851/1465 1292/1875/1488 1287/1876/1489
f 1286/1851/1465 1287/1876/1489 1276/1852/1466
f 1276/1852/1466 1287/1876/1489 1277/1877/1490
f 1276/1852/1466 1277/1877/1490 1281/1853/1467
f 1281/1853/1467 1277/1877/1490 1280/1878/1491
f 1281/1853/1467 1280/1878/1491 1386/1854/1468
f 1386/1854/1468 1280/1878/1491 1387/1879/1492
f 1386/1854/1468 1387/1879/1492 1381/1855/1469
f 1381/1855/1469 1387/1879/1492 1382/1880/1493
f 1381/1855/1469 1382/1880/1493 1376/1856/1470
f 1376/1856/1470 1382/1880/1493 1377/1881/1494
f 1376/1856/1470 1377/1881/1494 1371/1857/1471
f 1371/1857/1471 1377/1881/1494 1372/1882/1495
f 1371/1857/1471 1372/1882/1495 1366/1858/1472
f 1366/1858/1472 1372/1882/1495 1367/1883/1496
f 1366/1858/1472 1367/1883/1496 1361/1859/1473
f 1361/1859/1473 1367/1883/1496 1362/1884/1497
f 1361/1859/1473 1362/1884/1497 1356/1860/1474
f 1356/1860/1474 1362/1884/1497 1357/1885/1498
f 1356/1860/1474 1357/1885/1498 1351/1861/1475
f 1351/1861/1475 1357/1885/1498 1352/1886/1499
f 1351/1861/1475 1352/1886/1499 1346/1862/1476
f 1346/1862/1476 1352/1886/1499 1347/1887/1500
f 1346/1862/1476 1347/1887/1500 1341/1863/1477
f 1341/1863/1477 1347/1887/1500 1342/1888/1501
f 1341/1863/1477 1342/1888/1501 1336/1864/1478
f 1336/1864/1478 1342/1888/1501 1337/1889/1502
f 1336/1864/1478 1337/1889/1502 1331/1865/1479
f 1331/1865/1479 1337/1889/1502 1332/1890/1503
f 1331/1865/1479 1332/1890/1503 1326/1866/1480
f 1326/1866/1480 1332/1890/1503 1327/1891/1504
f 1326/1866/1480 1327/1891/1504 1321/1867/1481
f 1321/1867/1481 1327/1891/1504 1322/1892/1505
f 1321/1867/1481 1322/1892/1505 1316/1868/1482
f 1316/1868/1482 1322/1892/1505 1317/1893/1506
f 1316/1868/1482 1317/1893/1506 1311/1869/1483
f 1311/1869/1483 1317/1893/1506 1312/1894/1507
f 1311/1869/1483 1312/1894/1507 1306/1870/1484
f 1306/1870/1484 1312/1894/1507 1307/1895/1508
f 1306/1870/1484 1307/1895/1508 1271/1871/1461
f 1271/1871/1461 1307/1895/1508 1272/1896/1485
f 1272/1872/1485 1273/1787/1404 1302/1873/1486
f 1302/1873/1486 1273/1787/1404 1303/1785/1402
f 1302/1873/1486 1303/1785/1402 1297/1874/1487
f 1297/1874/1487 1303/1785/1402 1298/1783/1400
f 1297/1874/1487 1298/1783/1400 1292/1875/1488
f 1292/1875/1488 1298/1783/1400 1293/1781/1398
f 1292/1875/1488 1293/1781/1398 1287/1876/1489
f 1287/1876/1489 1293/1781/1398 1288/1779/1396
f 1287/1876/1489 1288/1779/1396 1277/1877/1490
f 1277/1877/1490 1288/1779/1396 1278/1777/1394
f 1277/1877/1490 1278/1777/1394 1280/1878/1491
f 1280/1878/1491 1278/1777/1394 1279/1775/1392
f 1280/1878/1491 1279/1775/1392 1387/1879/1492
f 1387/1879/1492 1279/1775/1392 1388/1773/1390
f 1387/1879/1492 1388/1773/1390 1382/1880/1493
f 1382/1880/1493 1388/1773/1390 1383/1821/1436
f 1382/1880/1493 1383/1821/1436 1377/1881/1494
f 1377/1881/1494 1383/1821/1436 1378/1819/1434
f 1377/1881/1494 1378/1819/1434 1372/1882/1495
f 1372/1882/1495 1378/1819/1434 1373/1817/1432
f 1372/1882/1495 1373/1817/1432 1367/1883/1496
f 1367/1883/1496 1373/1817/1432 1368/1815/1430
f 1367/1883/1496 1368/1815/1430 1362/1884/1497
f 1362/1884/1497 1368/1815/1430 1363/1813/1428
f 1362/1884/1497 1363/1813/1428 1357/1885/1498
f 1357/1885/1498 1363/1813/1428 1358/1811/1426
f 1357/1885/1498 1358/1811/1426 1352/1886/1499
f 1352/1886/1499 1358/1811/1426 1353/1809/1424
f 1352/1886/1499 1353/1809/1424 1347/1887/1500
f 1347/1887/1500 1353/1809/1424 1348/1807/1422
f 1347/1887/1500 1348/1807/1422 1342/1888/1501
f 1342/1888/1501 1348/1807/1422 1343/1805/1420
f 1342/1888/1501 1343/1805/1420 1337/1889/1502
f 1337/1889/1502 1343/1805/1420 1338/1803/1418
f 1337/1889/1502 1338/1803/1418 1332/1890/1503
f 1332/1890/1503 1338/1803/1418 1333/1801/1416
f 1332/1890/1503 1333/1801/1416 1327/1891/1504
f 1327/1891/1504 1333/1801/1416 1328/1799/1414
f 1327/1891/1504 1328/1799/1414 1322/1892/1505
f 1322/1892/1505 1328/1799/1414 1323/1797/1412
f 1322/1892/1505 1323/1797/1412 1317/1893/1506
f 1317/1893/1506 1323/1797/1412 1318/1795/1410
f 1317/1893/1506 1318/1795/1410 1312/1894/1507
f 1312/1894/1507 1318/1795/1410 1313/1793/1408
f 1312/1894/1507 1313/1793/1408 1307/1895/1508
f 1307/1895/1508 1313/1793/1408 1308/1791/1406
f 1307/1895/1508 1308/1791/1406 1272/1896/1485
f 1272/1896/1485 1308/1791/1406 1273/1789/1404
f 308/1897/1509 1222/1898/1341 285/1899/1510
f 285/1899/1510 1222/1898/1341 1221/1900/1343
f 285/1901/1510 1221/1902/1343 286/1903/1511
f 286/1903/1511 1221/1902/1343 1244/1904/1345
f 286/1903/1511 1244/1904/1345 287/1905/1512
f 287/1905/1512 1244/1904/1345 1243/1906/1347
f 287/1905/1512 1243/1906/1347 288/1907/1513
f 288/1907/1513 1243/1906/1347 1242/1908/1349
f 288/1907/1513 1242/1908/1349 289/1909/1514
f 289/1909/1514 1242/1908/1349 1241/1910/1351
f 289/1909/1514 1241/1910/1351 290/1911/1515
f 290/1911/1515 1241/1910/1351 1240/1912/1353
f 290/1911/1515 1240/1912/1353 291/1913/1516
f 291/1913/1516 1240/1912/1353 1239/1914/1355
f 291/1913/1516 1239/1914/1355 292/1915/1517
f 292/1915/1517 1239/1914/1355 1238/1916/1357
f 292/1915/1517 1238/1916/1357 293/1917/1518
f 293/1917/1518 1238/1916/1357 1237/1918/1359
f 293/1917/1518 1237/1918/1359 294/1919/1519
f 294/1919/1519 1237/1918/1359 1236/1920/1361
f 294/1919/1519 1236/1920/1361 295/1921/1520
f 295/1921/1520 1236/1920/1361 1235/1922/1363
f 295/1921/1520 1235/1922/1363 296/1923/1521
f 296/1923/1521 1235/1922/1363 1234/1924/1365
f 296/1923/1521 1234/1924/1365 297/1925/1522
f 297/1925/1522 1234/1924/1365 1233/1926/1367
f 297/1925/1522 1233/1926/1367 298/1927/1523
f 298/1927/1523 1233/1926/1367 1232/1928/1369
f 298/1927/1523 1232/1928/1369 299/1929/1524
f 299/1929/1524 1232/1928/1369 1231/1930/1371
f 299/1929/1524 1231/1930/1371 300/1931/1525
f 300/1931/1525 1231/1930/1371 1230/1932/1373
f 300/1931/1525 1230/1932/1373 301/1933/1526
f 301/1933/1526 1230/1932/1373 1229/1934/1375
f 301/1933/1526 1229/1934/1375 302/1935/1527
f 302/1935/1527 1229/1934/1375 1228/1936/1377
f 302/1935/1527 1228/1936/1377 303/1937/1528
f 303/1937/1528 1228/1936/1377 1227/1938/1379
f 303/1937/1528 1227/1938/1379 304/1939/1529
f 304/1939/1529 1227/1938/1379 1226/1940/1381
f 304/1939/1529 1226/1940/1381 305/1941/1530
f 305/1941/1530 1226/1940/1381 1225/1942/1383
f 305/1941/1530 1225/1942/1383 306/1943/1531
f 306/1943/1531 1225/1942/1383 1224/1944/1385
f 306/1943/1531 1224/1944/1385 307/1945/1532
f 307/1945/1532 1224/1944/1385 1223/1946/1387
f 307/1945/1532 1223/1946/1387 308/1897/1509
f 308/1897/1509 1223/1946/1387 1222/1898/1341
f 1268/1947/1393 1258/1948/1413 1245/1949/1391
f 1245/1949/1391 1258/1948/1413 1257/1950/1415
f 1245/1949/1391 1257/1950/1415 1246/1951/1389
f 1246/1951/1389 1257/1950/1415 1256/1952/1417
f 1246/1951/1389 1256/1952/1417 1247/1953/1435
f 1247/1953/1435 1256/1952/1417 1255/1954/1419
f 1247/1953/1435 1255/1954/1419 1248/1955/1433
f 1248/1955/1433 1255/1954/1419 1254/1956/1421
f 1248/1955/1433 1254/1956/1421 1249/1957/1431
f 1249/1957/1431 1254/1956/1421 1253/1958/1423
f 1249/1957/1431 1253/1958/1423 1250/1959/1429
f 1250/1959/1429 1253/1958/1423 1252/1960/1425
f 1250/1959/1429 1252/1960/1425 1251/1961/1427
f 1258/1948/1413 1268/1947/1393 1259/1962/1411
f 1259/1962/1411 1268/1947/1393 1267/1963/1395
f 1259/1962/1411 1267/1963/1395 1260/1964/1409
f 1260/1964/1409 1267/1963/1395 1266/1965/1397
f 1260/1964/1409 1266/1965/1397 1261/1966/1407
f 1261/1966/1407 1266/1965/1397 1265/1967/1399
f 1261/1966/1407 1265/1967/1399 1262/1968/1405
f 1262/1968/1405 1265/1967/1399 1264/1969/1401
f 1262/1968/1405 1264/1969/1401 1263/1970/1403
f 1390/1971/1533 1442/1972/1534 1389/1973/1535
f 1389/1973/1535 1442/1972/1534 1451/1974/1536
f 1389/1973/1535 1451/1974/1536 1412/1975/1537
f 1412/1975/1537 1451/1974/1536 1552/1976/1538
f 1412/1975/1537 1552/1976/1538 1411/1977/1539
f 1411/1977/1539 1552/1976/1538 1547/1978/1540
f 1411/1977/1539 1547/1978/1540 1410/1979/1541
f 1410/1979/1541 1547/1978/1540 1542/1980/1542
f 1410/1979/1541 1542/1980/1542 1409/1981/1543
f 1409/1981/1543 1542/1980/1542 1537/1982/1544
f 1409/1981/1543 1537/1982/1544 1408/1983/1545
f 1408/1983/1545 1537/1982/1544 1532/1984/1546
f 1408/1983/1545 1532/1984/1546 1407/1985/1547
f 1407/1985/1547 1532/1984/1546 1527/1986/1548
f 1407/1985/1547 1527/1986/1548 1406/1987/1549
f 1406/1987/1549 1527/1986/1548 1522/1988/1550
f 1406/1987/1549 1522/1988/1550 1405/1989/1551
f 1405/1989/1551 1522/1988/1550 1517/1990/1552
f 1405/1989/1551 1517/1990/1552 1404/1991/1553
f 1404/1991/1553 1517/1990/1552 1512/1992/1554
f 1404/1991/1553 1512/1992/1554 1403/1993/1555
f 1403/1993/1555 1512/1992/1554 1507/1994/1556
f 1403/1993/1555 1507/1994/1556 1402/1995/1557
f 1402/1995/1557 1507/1994/1556 1502/1996/1558
f 1402/1995/1557 1502/1996/1558 1401/1997/1559
f 1401/1997/1559 1502/1996/1558 1497/1998/1560
f 1401/1997/1559 1497/1998/1560 1400/1999/1561
f 1400/1999/1561 1497/1998/1560 1492/2000/1562
f 1400/1999/1561 1492/2000/1562 1399/2001/1563
f 1399/2001/1563 1492/2000/1562 1487/2002/1564
f 1399/2001/1563 1487/2002/1564 1398/2003/1565
f 1398/2003/1565 1487/2002/1564 1482/2004/1566
f 1398/2003/1565 1482/2004/1566 1397/2005/1567
f 1397/2005/1567 1482/2004/1566 1477/2006/1568
f 1397/2005/1567 1477/2006/1568 1396/2007/1569
f 1396/2007/1569 1477/2006/1568 1472/2008/1570
f 1396/2007/1569 1472/2008/1570 1395/2009/1571
f 1395/2009/1571 1472/2008/1570 1437/2010/1572
f 1395/2011/1571 1437/2012/1572 1394/2013/1573
f 1394/2013/1573 1437/2012/1572 1467/2014/1574
f 1394/2013/1573 1467/2014/1574 1393/2015/1575
f 1393/2015/1575 1467/2014/1574 1462/2016/1576
f 1393/2015/1575 1462/2016/1576 1392/2017/1577
f 1392/2017/1577 1462/2016/1576 1457/2018/1578
f 1392/2017/1577 1457/2018/1578 1391/2019/1579
f 1391/2019/1579 1457/2018/1578 1452/2020/1580
f 1391/2019/1579 1452/2020/1580 1390/1971/1533
f 1390/1971/1533 1452/2020/1580 1442/1972/1534
f 1414/2021/1581 1556/2022/1582 1413/2023/1583
f 1413/2023/1583 1556/2022/1582 1447/2024/1584
f 1413/2023/1583 1447/2024/1584 1436/2025/1585
f 1436/2025/1585 1447/2024/1584 1446/2026/1586
f 1436/2025/1585 1446/2026/1586 1435/2027/1587
f 1435/2027/1587 1446/2026/1586 1456/2028/1588
f 1435/2027/1587 1456/2028/1588 1434/2029/1589
f 1434/2029/1589 1456/2028/1588 1461/2030/1590
f 1434/2029/1589 1461/2030/1590 1433/2031/1591
f 1433/2031/1591 1461/2030/1590 1466/2032/1592
f 1433/2031/1591 1466/2032/1592 1432/2033/1593
f 1432/2033/1593 1466/2032/1592 1471/2034/1594
f 1432/2033/1593 1471/2034/1594 1431/2035/1595
f 1431/2035/1595 1471/2034/1594 1441/2036/1596
f 1431/2037/1595 1441/2038/1596 1430/2039/1597
f 1430/2039/1597 1441/2038/1596 1476/2040/1598
f 1430/2039/1597 1476/2040/1598 1429/2041/1599
f 1429/2041/1599 1476/2040/1598 1481/2042/1600
f 1429/2041/1599 1481/2042/1600 1428/2043/1601
f 1428/2043/1601 1481/2042/1600 1486/2044/1602
f 1428/2043/1601 1486/2044/1602 1427/2045/1603
f 1427/2045/1603 1486/2044/1602 1491/2046/1604
f 1427/2045/1603 1491/2046/1604 1426/2047/1605
f 1426/2047/1605 1491/2046/1604 1496/2048/1606
f 1426/2047/1605 1496/2048/1606 1425/2049/1607
f 1425/2049/1607 1496/2048/1606 1501/2050/1608
f 1425/2049/1607 1501/2050/1608 1424/2051/1609
f 1424/2051/1609 1501/2050/1608 1506/2052/1610
f 1424/2051/1609 1506/2052/1610 1423/2053/1611
f 1423/2053/1611 1506/2052/1610 1511/2054/1612
f 1423/2053/1611 1511/2054/1612 1422/2055/1613
f 1422/2055/1613 1511/2054/1612 1516/2056/1614
f 1422/2055/1613 1516/2056/1614 1421/2057/1615
f 1421/2057/1615 1516/2056/1614 1521/2058/1616
f 1421/2057/1615 1521/2058/1616 1420/2059/1617
f 1420/2059/1617 1521/2058/1616 1526/2060/1618
f 1420/2059/1617 1526/2060/1618 1419/2061/1619
f 1419/2061/1619 1526/2060/1618 1531/2062/1620
f 1419/2061/1619 1531/2062/1620 1418/2063/1621
f 1418/2063/1621 1531/2062/1620 1536/2064/1622
f 1418/2063/1621 1536/2064/1622 1417/2065/1623
f 1417/2065/1623 1536/2064/1622 1541/2066/1624
f 1417/2065/1623 1541/2066/1624 1416/2067/1625
f 1416/2067/1625 1541/2066/1624 1546/2068/1626
f 1416/2067/1625 1546/2068/1626 1415/2069/1627
f 1415/2069/1627 1546/2068/1626 1551/2070/1628
f 1415/2069/1627 1551/2070/1628 1414/2021/1581
f 1414/2021/1581 1551/2070/1628 1556/2022/1582
f 1437/2012/1572 1438/2071/1629 1467/2014/1574
f 1467/2014/1574 1438/2071/1629 1468/2072/1630
f 1467/2014/1574 1468/2072/1630 1462/2016/1576
f 1462/2016/1576 1468/2072/1630 1463/2073/1631
f 1462/2016/1576 1463/2073/1631 1457/2018/1578
f 1457/2018/1578 1463/2073/1631 1458/2074/1632
f 1457/2018/1578 1458/2074/1632 1452/2020/1580
f 1452/2020/1580 1458/2074/1632 1453/2075/1633
f 1452/2020/1580 1453/2075/1633 1442/1972/1534
f 1442/1972/1534 1453/2075/1633 1443/2076/1634
f 1442/1972/1534 1443/2076/1634 1451/1974/1536
f 1451/1974/1536 1443/2076/1634 1450/2077/1635
f 1451/1974/1536 1450/2077/1635 1552/1976/1538
f 1552/1976/1538 1450/2077/1635 1553/2078/1636
f 1552/1976/1538 1553/2078/1636 1547/1978/1540
f 1547/1978/1540 1553/2078/1636 1548/2079/1637
f 1547/1978/1540 1548/2079/1637 1542/1980/1542
f 1542/1980/1542 1548/2079/1637 1543/2080/1638
f 1542/1980/1542 1543/2080/1638 1537/1982/1544
f 1537/1982/1544 1543/2080/1638 1538/2081/1639
f 1537/1982/1544 1538/2081/1639 1532/1984/1546
f 1532/1984/1546 1538/2081/1639 1533/2082/1640
f 1532/1984/1546 1533/2082/1640 1527/1986/1548
f 1527/1986/1548 1533/2082/1640 1528/2083/1641
f 1527/1986/1548 1528/2083/1641 1522/1988/1550
f 1522/1988/1550 1528/2083/1641 1523/2084/1642
f 1522/1988/1550 1523/2084/1642 1517/1990/1552
f 1517/1990/1552 1523/2084/1642 1518/2085/1643
f 1517/1990/1552 1518/2085/1643 1512/1992/1554
f 1512/1992/1554 1518/2085/1643 1513/2086/1644
f 1512/1992/1554 1513/2086/1644 1507/1994/1556
f 1507/1994/1556 1513/2086/1644 1508/2087/1645
f 1507/1994/1556 1508/2087/1645 1502/1996/1558
f 1502/1996/1558 1508/2087/1645 1503/2088/1646
f 1502/1996/1558 1503/2088/1646 1497/1998/1560
f 1497/1998/1560 1503/2088/1646 1498/2089/1647
f 1497/1998/1560 1498/2089/1647 1492/2000/1562
f 1492/2000/1562 1498/2089/1647 1493/2090/1648
f 1492/2000/1562 1493/2090/1648 1487/2002/1564
f 1487/2002/1564 1493/2090/1648 1488/2091/1649
f 1487/2002/1564 1488/2091/1649 1482/2004/1566
f 1482/2004/1566 1488/2091/1649 1483/2092/1650
f 1482/2004/1566 1483/2092/1650 1477/2006/1568
f 1477/2006/1568 1483/2092/1650 1478/2093/1651
f 1477/2006/1568 1478/2093/1651 1472/2008/1570
f 1472/2008/1570 1478/2093/1651 1473/2094/1652
f 1472/2008/1570 1473/2094/1652 1437/2010/1572
f 1437/2010/1572 1473/2094/1652 1438/2095/1629
f 1438/2071/1629 1439/2096/1653 1468/2072/1630
f 1468/2072/1630 1439/2096/1653 1469/2097/1654
f 1468/2072/1630 1469/2097/1654 1463/2073/1631
f 1463/2073/1631 1469/2097/1654 1464/2098/1655
f 1463/2073/1631 1464/2098/1655 1458/2074/1632
f 1458/2074/1632 1464/2098/1655 1459/2099/1656
f 1458/2074/1632 1459/2099/1656 1453/2075/1633
f 1453/2075/1633 1459/2099/1656 1454/2100/1657
f 1453/2075/1633 1454/2100/1657 1443/2076/1634
f 1443/2076/1634 1454/2100/1657 1444/2101/1658
f 1443/2076/1634 1444/2101/1658 1450/2077/1635
f 1450/2077/1635 1444/2101/1658 1449/2102/1659
f 1450/2077/1635 1449/2102/1659 1553/2078/1636
f 1553/2078/1636 1449/2102/1659 1554/2103/1660
f 1553/2078/1636 1554/2103/1660 1548/2079/1637
f 1548/2079/1637 1554/2103/1660 1549/2104/1661
f 1548/2079/1637 1549/2104/1661 1543/2080/1638
f 1543/2080/1638 1549/2104/1661 1544/2105/1662
f 1543/2080/1638 1544/2105/1662 1538/2081/1639
f 1538/2081/1639 1544/2105/1662 1539/2106/1663
f 1538/2081/1639 1539/2106/1663 1533/2082/1640
f 1533/2082/1640 1539/2106/1663 1534/2107/1664
f 1533/2082/1640 1534/2107/1664 1528/2083/1641
f 1528/2083/1641 1534/2107/1664 1529/2108/1665
f 1528/2083/1641 1529/2108/1665 1523/2084/1642
f 1523/2084/1642 1529/2108/1665 1524/2109/1666
f 1523/2084/1642 1524/2109/1666 1518/2085/1643
f 1518/2085/1643 1524/2109/1666 1519/2110/1667
f 1518/2085/1643 1519/2110/1667 1513/2086/1644
f 1513/2086/1644 1519/2110/1667 1514/2111/1668
f 1513/2086/1644 1514/2111/1668 1508/2087/1645
f 1508/2087/1645 1514/2111/1668 1509/2112/1669
f 1508/2087/1645 1509/2112/1669 1503/2088/1646
f 1503/2088/1646 1509/2112/1669 1504/2113/1670
f 1503/2088/1646 1504/2113/1670 1498/2089/1647
f 1498/2089/1647 1504/2113/1670 1499/2114/1671
f 1498/2089/1647 1499/2114/1671 1493/2090/1648
f 1493/2090/1648 1499/2114/1671 1494/2115/1672
f 1493/2090/1648 1494/2115/1672 1488/2091/1649
f 1488/2091/1649 1494/2115/1672 1489/2116/1673
f 1488/2091/1649 1489/2116/1673 1483/2092/1650
f 1483/2092/1650 1489/2116/1673 1484/2117/1674
f 1483/2092/1650 1484/2117/1674 1478/2093/1651
f 1478/2093/1651 1484/2117/1674 1479/2118/1675
f 1478/2093/1651 1479/2118/1675 1473/2094/1652
f 1473/2094/1652 1479/2118/1675 1474/2119/1676
f 1473/2094/1652 1474/2119/1676 1438/2095/1629
f 1438/2095/1629 1474/2119/1676 1439/2120/1653
f 1439/2096/1653 1440/2121/1677 1469/2097/1654
f 1469/2097/1654 1440/2121/1677 1470/2122/1678
f 1469/2097/1654 1470/2122/1678 1464/2098/1655
f 1464/2098/1655 1470/2122/1678 1465/2123/1679
f 1464/2098/1655 1465/2123/1679 1459/2099/1656
f 1459/2099/1656 1465/2123/1679 1460/2124/1680
f 1459/2099/1656 1460/2124/1680 1454/2100/1657
f 1454/2100/1657 1460/2124/1680 1455/2125/1681
f 1454/2100/1657 1455/2125/1681 1444/2101/1658
f 1444/2101/1658 1455/2125/1681 1445/2126/1682
f 1444/2101/1658 1445/2126/1682 1449/2102/1659
f 1449/2102/1659 1445/2126/1682 1448/2127/1683
f 1449/2102/1659 1448/2127/1683 1554/2103/1660
f 1554/2103/1660 1448/2127/1683 1555/2128/1684
f 1554/2103/1660 1555/2128/1684 1549/2104/1661
f 1549/2104/1661 1555/2128/1684 1550/2129/1685
f 1549/2104/1661 1550/2129/1685 1544/2105/1662
f 1544/2105/1662 1550/2129/1685 1545/2130/1686
f 1544/2105/1662 1545/2130/1686 1539/2106/1663
f 1539/2106/1663 1545/2130/1686 1540/2131/1687
f 1539/2106/1663 1540/2131/1687 1534/2107/1664
f 1534/2107/1664 1540/2131/1687 1535/2132/1688
f 1534/2107/1664 1535/2132/1688 1529/2108/1665
f 1529/2108/1665 1535/2132/1688 1530/2133/1689
f 1529/2108/1665 1530/2133/1689 1524/2109/1666
f 1524/2109/1666 1530/2133/1689 1525/2134/1690
f 1524/2109/1666 1525/2134/1690 1519/2110/1667
f 1519/2110/1667 1525/2134/1690 1520/2135/1691
f 1519/2110/1667 1520/2135/1691 1514/2111/1668
f 1514/2111/1668 1520/2135/1691 1515/2136/1692
f 1514/2111/1668 1515/2136/1692 1509/2112/1669
f 1509/2112/1669 1515/2136/1692 1510/2137/1693
f 1509/2112/1669 1510/2137/1693 1504/2113/1670
f 1504/2113/1670 1510/2137/1693 1505/2138/1694
f 1504/2113/1670 1505/2138/1694 1499/2114/1671
f 1499/2114/1671 1505/2138/1694 1500/2139/1695
f 1499/2114/1671 1500/2139/1695 1494/2115/1672
f 1494/2115/1672 1500/2139/1695 1495/2140/1696
f 1494/2115/1672 1495/2140/1696 1489/2116/1673
f 1489/2116/1673 1495/2140/1696 1490/2141/1697
f 1489/2116/1673 1490/2141/1697 1484/2117/1674
f 1484/2117/1674 1490/2141/1697 1485/2142/1698
f 1484/2117/1674 1485/2142/1698 1479/2118/1675
f 1479/2118/1675 1485/2142/1698 1480/2143/1699
f 1479/2118/1675 1480/2143/1699 1474/2119/1676
f 1474/2119/1676 1480/2143/1699 1475/2144/1700
f 1474/2119/1676 1475/2144/1700 1439/2120/1653
f 1439/2120/1653 1475/2144/1700 1440/2145/1677
f 1440/2121/1677 1441/2036/1596 1470/2122/1678
f 1470/2122/1678 1441/2036/1596 1471/2034/1594
f 1470/2122/1678 1471/2034/1594 1465/2123/1679
f 1465/2123/1679 1471/2034/1594 1466/2032/1592
f 1465/2123/1679 1466/2032/1592 1460/2124/1680
f 1460/2124/1680 1466/2032/1592 1461/2030/1590
f 1460/2124/1680 1461/2030/1590 1455/2125/1681
f 1455/2125/1681 1461/2030/1590 1456/2028/1588
f 1455/2125/1681 1456/2028/1588 1445/2126/1682
f 1445/2126/1682 1456/2028/1588 1446/2026/1586
f 1445/2126/1682 1446/2026/1586 1448/2127/1683
f 1448/2127/1683 1446/2026/1586 1447/2024/1584
f 1448/2127/1683 1447/2024/1584 1555/2128/1684
f 1555/2128/1684 1447/2024/1584 1556/2022/1582
f 1555/2128/1684 1556/2022/1582 1550/2129/1685
f 1550/2129/1685 1556/2022/1582 1551/2070/1628
f 1550/2129/1685 1551/2070/1628 1545/2130/1686
f 1545/2130/1686 1551/2070/1628 1546/2068/1626
f 1545/2130/1686 1546/2068/1626 1540/2131/1687
f 1540/2131/1687 1546/2068/1626 1541/2066/1624
f 1540/2131/1687 1541/2066/1624 1535/2132/1688
f 1535/2132/1688 1541/2066/1624 1536/2064/1622
f 1535/2132/1688 1536/2064/1622 1530/2133/1689
f 1530/2133/1689 1536/2064/1622 1531/2062/1620
f 1530/2133/1689 1531/2062/1620 1525/2134/1690
f 1525/2134/1690 1531/2062/1620 1526/2060/1618
f 1525/2134/1690 1526/2060/1618 1520/2135/1691
f 1520/2135/1691 1526/2060/1618 1521/2058/1616
f 1520/2135/1691 1521/2058/1616 1515/2136/1692
f 1515/2136/1692 1521/2058/1616 1516/2056/1614
f 1515/2136/1692 1516/2056/1614 1510/2137/1693
f 1510/2137/1693 1516/2056/1614 1511/2054/1612
f 1510/2137/1693 1511/2054/1612 1505/2138/1694
f 1505/2138/1694 1511/2054/1612 1506/2052/1610
f 1505/2138/1694 1506/2052/1610 1500/2139/1695
f 1500/2139/1695 1506/2052/1610 1501/2050/1608
f 1500/2139/1695 1501/2050/1608 1495/2140/1696
f 1495/2140/1696 1501/2050/1608 1496/2048/1606
f 1495/2140/1696 1496/2048/1606 1490/2141/1697
f 1490/2141/1697 1496/2048/1606 1491/2046/1604
f 1490/2141/1697 1491/2046/1604 1485/2142/1698
f 1485/2142/1698 1491/2046/1604 1486/2044/1602
f 1485/2142/1698 1486/2044/1602 1480/2143/1699
f 1480/2143/1699 1486/2044/1602 1481/2042/1600
f 1480/2143/1699 1481/2042/1600 1475/2144/1700
f 1475/2144/1700 1481/2042/1600 1476/2040/1598
f 1475/2144/1700 1476/2040/1598 1440/2145/1677
f 1440/2145/1677 1476/2040/1598 1441/2038/1596
f 260/2146/1701 1390/2147/1533 237/2148/1702
f 237/2148/1702 1390/2147/1533 1389/2149/1535
f 237/2150/1702 1389/2151/1535 238/2152/1703
f 238/2152/1703 1389/2151/1535 1412/2153/1537
f 238/2152/1703 1412/2153/1537 239/2154/1704
f 239/2154/1704 1412/2153/1537 1411/2155/1539
f 239/2154/1704 1411/2155/1539 240/2156/1705
f 240/2156/1705 1411/2155/1539 1410/2157/1541
f 240/2156/1705 1410/2157/1541 241/2158/1706
f 241/2158/1706 1410/2157/1541 1409/2159/1543
f 241/2158/1706 1409/2159/1543 242/2160/1707
f 242/2160/1707 1409/2159/1543 1408/2161/1545
f 242/2160/1707 1408/2161/1545 243/2162/1708
f 243/2162/1708 1408/2161/1545 1407/2163/1547
f 243/2162/1708 1407/2163/1547 244/2164/1709
f 244/2164/1709 1407/2163/1547 1406/2165/1549
f 244/2164/1709 1406/2165/1549 245/2166/1710
f 245/2166/1710 1406/2165/1549 1405/2167/1551
f 245/2166/1710 1405/2167/1551 246/2168/1711
f 246/2168/1711 1405/2167/1551 1404/2169/1553
f 246/2168/1711 1404/2169/1553 247/2170/1712
f 247/2170/1712 1404/2169/1553 1403/2171/1555
f 247/2170/1712 1403/2171/1555 248/2172/1713
f 248/2172/1713 1403/2171/1555 1402/2173/1557
f 248/2172/1713 1402/2173/1557 249/2174/1714
f 249/2174/1714 1402/2173/1557 1401/2175/1559
f 249/2174/1714 1401/2175/1559 250/2176/1715
f 250/2176/1715 1401/2175/1559 1400/2177/1561
f 250/2176/1715 1400/2177/1561 251/2178/1716
f 251/2178/1716 1400/2177/1561 1399/2179/1563
f 251/2178/1716 1399/2179/1563 252/2180/1717
f 252/2180/1717 1399/2179/1563 1398/2181/1565
f 252/2180/1717 1398/2181/1565 253/2182/1718
f 253/2182/1718 1398/2181/1565 1397/2183/1567
f 253/2182/1718 1397/2183/1567 254/2184/1719
f 254/2184/1719 1397/2183/1567 1396/2185/1569
f 254/2184/1719 1396/2185/1569 255/2186/1720
f 255/2186/1720 1396/2185/1569 1395/2187/1571
f 255/2186/1720 1395/2187/1571 256/2188/1721
f 256/2188/1721 1395/2187/1571 1394/2189/1573
f 256/2188/1721 1394/2189/1573 257/2190/1722
f 257/2190/1722 1394/2189/1573 1393/2191/1575
f 257/2190/1722 1393/2191/1575 258/2192/1723
f 258/2192/1723 1393/2191/1575 1392/2193/1577
f 258/2192/1723 1392/2193/1577 259/2194/1724
f 259/2194/1724 1392/2193/1577 1391/2195/1579
f 259/2194/1724 1391/2195/1579 260/2146/1701
f 260/2146/1701 1391/2195/1579 1390/2147/1533
f 1436/2196/1585 1426/2197/1605 1413/2198/1583
f 1413/2198/1583 1426/2197/1605 1425/2199/1607
f 1413/2198/1583 1425/2199/1607 1414/2200/1581
f 1414/2200/1581 1425/2199/1607 1424/2201/1609
f 1414/2200/1581 1424/2201/1609 1415/2202/1627
f 1415/2202/1627 1424/2201/1609 1423/2203/1611
f 1415/2202/1627 1423/2203/1611 1416/2204/1625
f 1416/2204/1625 1423/2203/1611 1422/2205/1613
f 1416/2204/1625 1422/2205/1613 1417/2206/1623
f 1417/2206/1623 1422/2205/1613 1421/2207/1615
f 1417/2206/1623 1421/2207/1615 1418/2208/1621
f 1418/2208/1621 1421/2207/1615 1420/2209/1617
f 1418/2208/1621 1420/2209/1617 1419/2210/1619
f 1426/2197/1605 1436/2196/1585 1427/2211/1603
f 1427/2211/1603 1436/2196/1585 1435/2212/1587
f 1427/2211/1603 1435/2212/1587 1428/2213/1601
f 1428/2213/1601 1435/2212/1587 1434/2214/1589
f 1428/2213/1601 1434/2214/1589 1429/2215/1599
f 1429/2215/1599 1434/2214/1589 1433/2216/1591
f 1429/2215/1599 1433/2216/1591 1430/2217/1597
f 1430/2217/1597 1433/2216/1591 1432/2218/1593
f 1430/2217/1597 1432/2218/1593 1431/2219/1595
f 1558/2220/1725 1610/2221/1726 1557/2222/1727
f 1557/2222/1727 1610/2221/1726 1619/2223/1728
f 1557/2222/1727 1619/2223/1728 1580/2224/1729
f 1580/2224/1729 1619/2223/1728 1720/2225/1730
f 1580/2224/1729 1720/2225/1730 1579/2226/1731
f 1579/2226/1731 1720/2225/1730 1715/2227/1732
f 1579/2226/1731 1715/2227/1732 1578/2228/1733
f 1578/2228/1733 1715/2227/1732 1710/2229/1734
f 1578/2228/1733 1710/2229/1734 1577/2230/1735
f 1577/2230/1735 1710/2229/1734 1705/2231/1736
f 1577/2230/1735 1705/2231/1736 1576/2232/1737
f 1576/2232/1737 1705/2231/1736 1700/2233/1738
f 1576/2232/1737 1700/2233/1738 1575/2234/1739
f 1575/2234/1739 1700/2233/1738 1695/2235/1740
f 1575/2234/1739 1695/2235/1740 1574/2236/1741
f 1574/2236/1741 1695/2235/1740 1690/2237/1742
f 1574/2236/1741 1690/2237/1742 1573/2238/1743
f 1573/2238/1743 1690/2237/1742 1685/2239/1744
f 1573/2238/1743 1685/2239/1744 1572/2240/1745
f 1572/2240/1745 1685/2239/1744 1680/2241/1746
f 1572/2240/1745 1680/2241/1746 1571/2242/1747
f 1571/2242/1747 1680/2241/1746 1675/2243/1748
f 1571/2242/1747 1675/2243/1748 1570/2244/1749
f 1570/2244/1749 1675/2243/1748 1670/2245/1750
f 1570/2244/1749 1670/2245/1750 1569/2246/1751
f 1569/2246/1751 1670/2245/1750 1665/2247/1752
f 1569/2246/1751 1665/2247/1752 1568/2248/1753
f 1568/2248/1753 1665/2247/1752 1660/2249/1754
f 1568/2248/1753 1660/2249/1754 1567/2250/1755
f 1567/2250/1755 1660/2249/1754 1655/2251/1756
f 1567/2250/1755 1655/2251/1756 1566/2252/1757
f 1566/2252/1757 1655/2251/1756 1650/2253/1758
f 1566/2252/1757 1650/2253/1758 1565/2254/1759
f 1565/2254/1759 1650/2253/1758 1645/2255/1760
f 1565/2254/1759 1645/2255/1760 1564/2256/1761
f 1564/2256/1761 1645/2255/1760 1640/2257/1762
f 1564/2256/1761 1640/2257/1762 1563/2258/1763
f 1563/2258/1763 1640/2257/1762 1605/2259/1764
f 1563/2260/1763 1605/2261/1764 1562/2262/1765
f 1562/2262/1765 1605/2261/1764 1635/2263/1766
f 1562/2262/1765 1635/2263/1766 1561/2264/1767
f 1561/2264/1767 1635/2263/1766 1630/2265/1768
f 1561/2264/1767 1630/2265/1768 1560/2266/1769
f 1560/2266/1769 1630/2265/1768 1625/2267/1770
f 1560/2266/1769 1625/2267/1770 1559/2268/1771
f 1559/2268/1771 1625/2267/1770 1620/2269/1772
f 1559/2268/1771 1620/2269/1772 1558/2220/1725
f 1558/2220/1725 1620/2269/1772 1610/2221/1726
f 1582/2270/1773 1724/2271/1774 1581/2272/1775
f 1581/2272/1775 1724/2271/1774 1615/2273/1776
f 1581/2272/1775 1615/2273/1776 1604/2274/1777
f 1604/2274/1777 1615/2273/1776 1614/2275/1778
f 1604/2274/1777 1614/2275/1778 1603/2276/1779
f 1603/2276/1779 1614/2275/1778 1624/2277/1780
f 1603/2276/1779 1624/2277/1780 1602/2278/1781
f 1602/2278/1781 1624/2277/1780 1629/2279/1782
f 1602/2278/1781 1629/2279/1782 1601/2280/1783
f 1601/2280/1783 1629/2279/1782 1634/2281/1784
f 1601/2280/1783 1634/2281/1784 1600/2282/1785
f 1600/2282/1785 1634/2281/1784 1639/2283/1786
f 1600/2282/1785 1639/2283/1786 1599/2284/1787
f 1599/2284/1787 1639/2283/1786 1609/2285/1788
f 1599/2286/1787 1609/2287/1788 1598/2288/1789
f 1598/2288/1789 1609/2287/1788 1644/2289/1790
f 1598/2288/1789 1644/2289/1790 1597/2290/1791
f 1597/2290/1791 1644/2289/1790 1649/2291/1792
f 1597/2290/1791 1649/2291/1792 1596/2292/1793
f 1596/2292/1793 1649/2291/1792 1654/2293/1794
f 1596/2292/1793 1654/2293/1794 1595/2294/1795
f 1595/2294/1795 1654/2293/1794 1659/2295/1796
f 1595/2294/1795 1659/2295/1796 1594/2296/1797
f 1594/2296/1797 1659/2295/1796 1664/2297/1798
f 1594/2296/1797 1664/2297/1798 1593/2298/1799
f 1593/2298/1799 1664/2297/1798 1669/2299/1800
f 1593/2298/1799 1669/2299/1800 1592/2300/1801
f 1592/2300/1801 1669/2299/1800 1674/2301/1802
f 1592/2300/1801 1674/2301/1802 1591/2302/1803
f 1591/2302/1803 1674/2301/1802 1679/2303/1804
f 1591/2302/1803 1679/2303/1804 1590/2304/1805
f 1590/2304/1805 1679/2303/1804 1684/2305/1806
f 1590/2304/1805 1684/2305/1806 1589/2306/1807
f 1589/2306/1807 1684/2305/1806 1689/2307/1808
f 1589/2306/1807 1689/2307/1808 1588/2308/1809
f 1588/2308/1809 1689/2307/1808 1694/2309/1810
f 1588/2308/1809 1694/2309/1810 1587/2310/1811
f 1587/2310/1811 1694/2309/1810 1699/2311/1812
f 1587/2310/1811 1699/2311/1812 1586/2312/1813
f 1586/2312/1813 1699/2311/1812 1704/2313/1814
f 1586/2312/1813 1704/2313/1814 1585/2314/1815
f 1585/2314/1815 1704/2313/1814 1709/2315/1816
f 1585/2314/1815 1709/2315/1816 1584/2316/1817
f 1584/2316/1817 1709/2315/1816 1714/2317/1818
f 1584/2316/1817 1714/2317/1818 1583/2318/1819
f 1583/2318/1819 1714/2317/1818 1719/2319/1820
f 1583/2318/1819 1719/2319/1820 1582/2270/1773
f 1582/2270/1773 1719/2319/1820 1724/2271/1774
f 1605/2261/1764 1606/2320/1821 1635/2263/1766
f 1635/2263/1766 1606/2320/1821 1636/2321/1822
f 1635/2263/1766 1636/2321/1822 1630/2265/1768
f 1630/2265/1768 1636/2321/1822 1631/2322/1823
f 1630/2265/1768 1631/2322/1823 1625/2267/1770
f 1625/2267/1770 1631/2322/1823 1626/2323/1824
f 1625/2267/1770 1626/2323/1824 1620/2269/1772
f 1620/2269/1772 1626/2323/1824 1621/2324/1825
f 1620/2269/1772 1621/2324/1825 1610/2221/1726
f 1610/2221/1726 1621/2324/1825 1611/2325/1826
f 1610/2221/1726 1611/2325/1826 1619/2223/1728
f 1619/2223/1728 1611/2325/1826 1618/2326/1827
f 1619/2223/1728 1618/2326/1827 1720/2225/1730
f 1720/2225/1730 1618/2326/1827 1721/2327/1828
f 1720/2225/1730 1721/2327/1828 1715/2227/1732
f 1715/2227/1732 1721/2327/1828 1716/2328/1829
f 1715/2227/1732 1716/2328/1829 1710/2229/1734
f 1710/2229/1734 1716/2328/1829 1711/2329/1830
f 1710/2229/1734 1711/2329/1830 1705/2231/1736
f 1705/2231/1736 1711/2329/1830 1706/2330/1831
f 1705/2231/1736 1706/2330/1831 1700/2233/1738
f 1700/2233/1738 1706/2330/1831 1701/2331/1832
f 1700/2233/1738 1701/2331/1832 1695/2235/1740
f 1695/2235/1740 1701/2331/1832 1696/2332/1833
f 1695/2235/1740 1696/2332/1833 1690/2237/1742
f 1690/2237/1742 1696/2332/1833 1691/2333/1834
f 1690/2237/1742 1691/2333/1834 1685/2239/1744
f 1685/2239/1744 1691/2333/1834 1686/2334/1835
f 1685/2239/1744 1686/2334/1835 1680/2241/1746
f 1680/2241/1746 1686/2334/1835 1681/2335/1836
f 1680/2241/1746 1681/2335/1836 1675/2243/1748
f 1675/2243/1748 1681/2335/1836 1676/2336/1837
f 1675/2243/1748 1676/2336/1837 1670/2245/1750
f 1670/2245/1750 1676/2336/1837 1671/2337/1838
f 1670/2245/1750 1671/2337/1838 1665/2247/1752
f 1665/2247/1752 1671/2337/1838 1666/2338/1839
f 1665/2247/1752 1666/2338/1839 1660/2249/1754
f 1660/2249/1754 1666/2338/1839 1661/2339/1840
f 1660/2249/1754 1661/2339/1840 1655/2251/1756
f 1655/2251/1756 1661/2339/1840 1656/2340/1841
f 1655/2251/1756 1656/2340/1841 1650/2253/1758
f 1650/2253/1758 1656/2340/1841 1651/2341/1842
f 1650/2253/1758 1651/2341/1842 1645/2255/1760
f 1645/2255/1760 1651/2341/1842 1646/2342/1843
f 1645/2255/1760 1646/2342/1843 1640/2257/1762
f 1640/2257/1762 1646/2342/1843 1641/2343/1844
f 1640/2257/1762 1641/2343/1844 1605/2259/1764
f 1605/2259/1764 1641/2343/1844 1606/2344/1821
f 1606/2320/1821 1607/2345/1845 1636/2321/1822
f 1636/2321/1822 1607/2345/1845 1637/2346/1846
f 1636/2321/1822 1637/2346/1846 1631/2322/1823
f 1631/2322/1823 1637/2346/1846 1632/2347/1847
f 1631/2322/1823 1632/2347/1847 1626/2323/1824
f 1626/2323/1824 1632/2347/1847 1627/2348/1848
f 1626/2323/1824 1627/2348/1848 1621/2324/1825
f 1621/2324/1825 1627/2348/1848 1622/2349/1849
f 1621/2324/1825 1622/2349/1849 1611/2325/1826
f 1611/2325/1826 1622/2349/1849 1612/2350/1850
f 1611/2325/1826 1612/2350/1850 1618/2326/1827
f 1618/2326/1827 1612/2350/1850 1617/2351/1851
f 1618/2326/1827 1617/2351/1851 1721/2327/1828
f 1721/2327/1828 1617/2351/1851 1722/2352/1852
f 1721/2327/1828 1722/2352/1852 1716/2328/1829
f 1716/2328/1829 1722/2352/1852 1717/2353/1853
f 1716/2328/1829 1717/2353/1853 1711/2329/1830
f 1711/2329/1830 1717/2353/1853 1712/2354/1854
f 1711/2329/1830 1712/2354/1854 1706/2330/1831
f 1706/2330/1831 1712/2354/1854 1707/2355/1855
f 1706/2330/1831 1707/2355/1855 1701/2331/1832
f 1701/2331/1832 1707/2355/1855 1702/2356/1856
f 1701/2331/1832 1702/2356/1856 1696/2332/1833
f 1696/2332/1833 1702/2356/1856 1697/2357/1857
f 1696/2332/1833 1697/2357/1857 1691/2333/1834
f 1691/2333/1834 1697/2357/1857 1692/2358/1858
f 1691/2333/1834 1692/2358/1858 1686/2334/1835
f 1686/2334/1835 1692/2358/1858 1687/2359/1859
f 1686/2334/1835 1687/2359/1859 1681/2335/1836
f 1681/2335/1836 1687/2359/1859 1682/2360/1860
f 1681/2335/1836 1682/2360/1860 1676/2336/1837
f 1676/2336/1837 1682/2360/1860 1677/2361/1861
f 1676/2336/1837 1677/2361/1861 1671/2337/1838
f 1671/2337/1838 1677/2361/1861 1672/2362/1862
f 1671/2337/1838 1672/2362/1862 1666/2338/1839
f 1666/2338/1839 1672/2362/1862 1667/2363/1863
f 1666/2338/1839 1667/2363/1863 1661/2339/1840
f 1661/2339/1840 1667/2363/1863 1662/2364/1864
f 1661/2339/1840 1662/2364/1864 1656/2340/1841
f 1656/2340/1841 1662/2364/1864 1657/2365/1865
f 1656/2340/1841 1657/2365/1865 1651/2341/1842
f 1651/2341/1842 1657/2365/1865 1652/2366/1866
f 1651/2341/1842 1652/2366/1866 1646/2342/1843
f 1646/2342/1843 1652/2366/1866 1647/2367/1867
f 1646/2342/1843 1647/2367/1867 1641/2343/1844
f 1641/2343/1844 1647/2367/1867 1642/2368/1868
f 1641/2343/1844 1642/2368/1868 1606/2344/1821
f 1606/2344/1821 1642/2368/1868 1607/2369/1845
f 1607/2345/1845 1608/2370/1869 1637/2346/1846
f 1637/2346/1846 1608/2370/1869 1638/2371/1870
f 1637/2346/1846 1638/2371/1870 1632/2347/1847
f 1632/2347/1847 1638/2371/1870 1633/2372/1871
f 1632/2347/1847 1633/2372/1871 1627/2348/1848
f 1627/2348/1848 1633/2372/1871 1628/2373/1872
f 1627/2348/1848 1628/2373/1872 1622/2349/1849
f 1622/2349/1849 1628/2373/1872 1623/2374/1873
f 1622/2349/1849 1623/2374/1873 1612/2350/1850
f 1612/2350/1850 1623/2374/1873 1613/2375/1874
f 1612/2350/1850 1613/2375/1874 1617/2351/1851
f 1617/2351/1851 1613/2375/1874 1616/2376/1875
f 1617/2351/1851 1616/2376/1875 1722/2352/1852
f 1722/2352/1852 1616/2376/1875 1723/2377/1876
f 1722/2352/1852 1723/2377/1876 1717/2353/1853
f 1717/2353/1853 1723/2377/1876 1718/2378/1877
f 1717/2353/1853 1718/2378/1877 1712/2354/1854
f 1712/2354/1854 1718/2378/1877 1713/2379/1878
f 1712/2354/1854 1713/2379/1878 1707/2355/1855
f 1707/2355/1855 1713/2379/1878 1708/2380/1879
f 1707/2355/1855 1708/2380/1879 1702/2356/1856
f 1702/2356/1856 1708/2380/1879 1703/2381/1880
f 1702/2356/1856 1703/2381/1880 1697/2357/1857
f 1697/2357/1857 1703/2381/1880 1698/2382/1881
f 1697/2357/1857 1698/2382/1881 1692/2358/1858
f 1692/2358/1858 1698/2382/1881 1693/2383/1882
f 1692/2358/1858 1693/2383/1882 1687/2359/1859
f 1687/2359/1859 1693/2383/1882 1688/2384/1883
f 1687/2359/1859 1688/2384/1883 1682/2360/1860
f 1682/2360/1860 1688/2384/1883 1683/2385/1884
f 1682/2360/1860 1683/2385/1884 1677/2361/1861
f 1677/2361/1861 1683/2385/1884 1678/2386/1885
f 1677/2361/1861 1678/2386/1885 1672/2362/1862
f 1672/2362/1862 1678/2386/1885 1673/2387/1886
f 1672/2362/1862 1673/2387/1886 1667/2363/1863
f 1667/2363/1863 1673/2387/1886 1668/2388/1887
f 1667/2363/1863 1668/2388/1887 1662/2364/1864
f 1662/2364/1864 1668/2388/1887 1663/2389/1888
f 1662/2364/1864 1663/2389/1888 1657/2365/1865
f 1657/2365/1865 1663/2389/1888 1658/2390/1889
f 1657/2365/1865 1658/2390/1889 1652/2366/1866
f 1652/2366/1866 1658/2390/1889 1653/2391/1890
f 1652/2366/1866 1653/2391/1890 1647/2367/1867
f 1647/2367/1867 1653/2391/1890 1648/2392/1891
f 1647/2367/1867 1648/2392/1891 1642/2368/1868
f 1642/2368/1868 1648/2392/1891 1643/2393/1892
f 1642/2368/1868 1643/2393/1892 1607/2369/1845
f 1607/2369/1845 1643/2393/1892 1608/2394/1869
f 1608/2370/1869 1609/2285/1788 1638/2371/1870
f 1638/2371/1870 1609/2285/1788 1639/2283/1786
f 1638/2371/1870 1639/2283/1786 1633/2372/1871
f 1633/2372/1871 1639/2283/1786 1634/2281/1784
f 1633/2372/1871 1634/2281/1784 1628/2373/1872
f 1628/2373/1872 1634/2281/1784 1629/2279/1782
f 1628/2373/1872 1629/2279/1782 1623/2374/1873
f 1623/2374/1873 1629/2279/1782 1624/2277/1780
f 1623/2374/1873 1624/2277/1780 1613/2375/1874
f 1613/2375/1874 1624/2277/1780 1614/2275/1778
f 1613/2375/1874 1614/2275/1778 1616/2376/1875
f 1616/2376/1875 1614/2275/1778 1615/2273/1776
f 1616/2376/1875 1615/2273/1776 1723/2377/1876
f 1723/2377/1876 1615/2273/1776 1724/2271/1774
f 1723/2377/1876 1724/2271/1774 1718/2378/1877
f 1718/2378/1877 1724/2271/1774 1719/2319/1820
f 1718/2378/1877 1719/2319/1820 1713/2379/1878
f 1713/2379/1878 1719/2319/1820 1714/2317/1818
f 1713/2379/1878 1714/2317/1818 1708/2380/1879
f 1708/2380/1879 1714/2317/1818 1709/2315/1816
f 1708/2380/1879 1709/2315/1816 1703/2381/1880
f 1703/2381/1880 1709/2315/1816 1704/2313/1814
f 1703/2381/1880 1704/2313/1814 1698/2382/1881
f 1698/2382/1881 1704/2313/1814 1699/2311/1812
f 1698/2382/1881 1699/2311/1812 1693/2383/1882
f 1693/2383/1882 1699/2311/1812 1694/2309/1810
f 1693/2383/1882 1694/2309/1810 1688/2384/1883
f 1688/2384/1883 1694/2309/1810 1689/2307/1808
f 1688/2384/1883 1689/2307/1808 1683/2385/1884
f 1683/2385/1884 1689/2307/1808 1684/2305/1806
f 1683/2385/1884 1684/2305/1806 1678/2386/1885
f 1678/2386/1885 1684/2305/1806 1679/2303/1804
f 1678/2386/1885 1679/2303/1804 1673/2387/1886
f 1673/2387/1886 1679/2303/1804 1674/2301/1802
f 1673/2387/1886 1674/2301/1802 1668/2388/1887
f 1668/2388/1887 1674/2301/1802 1669/2299/1800
f 1668/2388/1887 1669/2299/1800 1663/2389/1888
f 1663/2389/1888 1669/2299/1800 1664/2297/1798
f 1663/2389/1888 1664/2297/1798 1658/2390/1889
f 1658/2390/1889 1664/2297/1798 1659/2295/1796
f 1658/2390/1889 1659/2295/1796 1653/2391/1890
f 1653/2391/1890 1659/2295/1796 1654/2293/1794
f 1653/2391/1890 1654/2293/1794 1648/2392/1891
f 1648/2392/1891 1654/2293/1794 1649/2291/1792
f 1648/2392/1891 1649/2291/1792 1643/2393/1892
f 1643/2393/1892 1649/2291/1792 1644/2289/1790
f 1643/2393/1892 1644/2289/1790 1608/2394/1869
f 1608/2394/1869 1644/2289/1790 1609/2287/1788
f 212/2395/1893 1558/2396/1725 189/2397/1894
f 189/2397/1894 1558/2396/1725 1557/2398/1727
f 189/2399/1894 1557/2400/1727 190/2401/1895
f 190/2401/1895 1557/2400/1727 1580/2402/1729
f 190/2401/1895 1580/2402/1729 191/2403/1896
f 191/2403/1896 1580/2402/1729 1579/2404/1731
f 191/2403/1896 1579/2404/1731 192/2405/1897
f 192/2405/1897 1579/2404/1731 1578/2406/1733
f 192/2405/1897 1578/2406/1733 193/2407/1898
f 193/2407/1898 1578/2406/1733 1577/2408/1735
f 193/2407/1898 1577/2408/1735 194/2409/1899
f 194/2409/1899 1577/2408/1735 1576/2410/1737
f 194/2409/1899 1576/2410/1737 195/2411/1900
f 195/2411/1900 1576/2410/1737 1575/2412/1739
f 195/2411/1900 1575/2412/1739 196/2413/1901
f 196/2413/1901 1575/2412/1739 1574/2414/1741
f 196/2413/1901 1574/2414/1741 197/2415/1902
f 197/2415/1902 1574/2414/1741 1573/2416/1743
f 197/2415/1902 1573/2416/1743 198/2417/1903
f 198/2417/1903 1573/2416/1743 1572/2418/1745
f 198/2417/1903 1572/2418/1745 199/2419/1904
f 199/2419/1904 1572/2418/1745 1571/2420/1747
f 199/2419/1904 1571/2420/1747 200/2421/1905
f 200/2421/1905 1571/2420/1747 1570/2422/1749
f 200/2421/1905 1570/2422/1749 201/2423/1906
f 201/2423/1906 1570/2422/1749 1569/2424/1751
f 201/2423/1906 1569/2424/1751 202/2425/1907
f 202/2425/1907 1569/2424/1751 1568/2426/1753
f 202/2425/1907 1568/2426/1753 203/2427/1908
f 203/2427/1908 1568/2426/1753 1567/2428/1755
f 203/2427/1908 1567/2428/1755 204/2429/1909
f 204/2429/1909 1567/2428/1755 1566/2430/1757
f 204/2429/1909 1566/2430/1757 205/2431/1910
f 205/2431/1910 1566/2430/1757 1565/2432/1759
f 205/2431/1910 1565/2432/1759 206/2433/1911
f 206/2433/1911 1565/2432/1759 1564/2434/1761
f 206/2433/1911 1564/2434/1761 207/2435/1912
f 207/2435/1912 1564/2434/1761 1563/2436/1763
f 207/2435/1912 1563/2436/1763 208/2437/1913
f 208/2437/1913 1563/2436/1763 1562/2438/1765
f 208/2437/1913 1562/2438/1765 209/2439/1914
f 209/2439/1914 1562/2438/1765 1561/2440/1767
f 209/2439/1914 1561/2440/1767 210/2441/1915
f 210/2441/1915 1561/2440/1767 1560/2442/1769
f 210/2441/1915 1560/2442/1769 211/2443/1916
f 211/2443/1916 1560/2442/1769 1559/2444/1771
f 211/2443/1916 1559/2444/1771 212/2395/1893
f 212/2395/1893 1559/2444/1771 1558/2396/1725
f 1604/2445/1777 1594/2446/1797 1581/2447/1775
f 1581/2447/1775 1594/2446/1797 1593/2448/1799
f 1581/2447/1775 1593/2448/1799 1582/2449/1773
f 1582/2449/1773 1593/2448/1799 1592/2450/1801
f 1582/2449/1773 1592/2450/1801 1583/2451/1819
f 1583/2451/1819 1592/2450/1801 1591/2452/1803
f 1583/2451/1819 1591/2452/1803 1584/2453/1817
f 1584/2453/1817 1591/2452/1803 1590/2454/1805
f 1584/2453/1817 1590/2454/1805 1585/2455/1815
f 1585/2455/1815 1590/2454/1805 1589/2456/1807
f 1585/2455/1815 1589/2456/1807 1586/2457/1813
f 1586/2457/1813 1589/2456/1807 1588/2458/1809
f 1586/2457/1813 1588/2458/1809 1587/2459/1811
f 1594/2446/1797 1604/2445/1777 1595/2460/1795
f 1595/2460/1795 1604/2445/1777 1603/2461/1779
f 1595/2460/1795 1603/2461/1779 1596/2462/1793
f 1596/2462/1793 1603/2461/1779 1602/2463/1781
f 1596/2462/1793 1602/2463/1781 1597/2464/1791
f 1597/2464/1791 1602/2463/1781 1601/2465/1783
f 1597/2464/1791 1601/2465/1783 1598/2466/1789
f 1598/2466/1789 1601/2465/1783 1600/2467/1785
f 1598/2466/1789 1600/2467/1785 1599/2468/1787
f 1726/2469/1917 1772/2470/1918 1725/2471/1919
f 1725/2471/1919 1772/2470/1918 1749/2472/1920
f 1725/2473/1919 1749/2474/1920 1748/2475/1921
f 1748/2475/1921 1749/2474/1920 1750/2476/1922
f 1748/2475/1921 1750/2476/1922 1747/2477/1923
f 1747/2477/1923 1750/2476/1922 1751/2478/1924
f 1747/2477/1923 1751/2478/1924 1746/2479/1925
f 1746/2479/1925 1751/2478/1924 1752/2480/1926
f 1746/2479/1925 1752/2480/1926 1745/2481/1927
f 1745/2481/1927 1752/2480/1926 1753/2482/1928
f 1745/2481/1927 1753/2482/1928 1744/2483/1929
f 1744/2483/1929 1753/2482/1928 1754/2484/1930
f 1744/2483/1929 1754/2484/1930 1743/2485/1931
f 1743/2485/1931 1754/2484/1930 1755/2486/1932
f 1743/2485/1931 1755/2486/1932 1742/2487/1933
f 1742/2487/1933 1755/2486/1932 1756/2488/1934
f 1742/2487/1933 1756/2488/1934 1741/2489/1935
f 1741/2489/1935 1756/2488/1934 1757/2490/1936
f 1741/2489/1935 1757/2490/1936 1740/2491/1937
f 1740/2491/1937 1757/2490/1936 1758/2492/1938
f 1740/2491/1937 1758/2492/1938 1739/2493/1939
f 1739/2493/1939 1758/2492/1938 1759/2494/1940
f 1739/2493/1939 1759/2494/1940 1738/2495/1941
f 1738/2495/1941 1759/2494/1940 1760/2496/1942
f 1738/2495/1941 1760/2496/1942 1737/2497/1943
f 1737/2497/1943 1760/2496/1942 1761/2498/1944
f 1737/2497/1943 1761/2498/1944 1736/2499/1945
f 1736/2499/1945 1761/2498/1944 1762/2500/1946
f 1736/2499/1945 1762/2500/1946 1735/2501/1947
f 1735/2501/1947 1762/2500/1946 1763/2502/1948
f 1735/2501/1947 1763/2502/1948 1734/2503/1949
f 1734/2503/1949 1763/2502/1948 1764/2504/1950
f 1734/2503/1949 1764/2504/1950 1733/2505/1951
f 1733/2505/1951 1764/2504/1950 1765/2506/1952
f 1733/2505/1951 1765/2506/1952 1732/2507/1953
f 1732/2507/1953 1765/2506/1952 1766/2508/1954
f 1732/2507/1953 1766/2508/1954 1731/2509/1955
f 1731/2509/1955 1766/2508/1954 1767/2510/1956
f 1731/2509/1955 1767/2510/1956 1730/2511/1957
f 1730/2511/1957 1767/2510/1956 1768/2512/1958
f 1730/2511/1957 1768/2512/1958 1729/2513/1959
f 1729/2513/1959 1768/2512/1958 1769/2514/1960
f 1729/2513/1959 1769/2514/1960 1728/2515/1961
f 1728/2515/1961 1769/2514/1960 1770/2516/1962
f 1728/2515/1961 1770/2516/1962 1727/2517/1963
f 1727/2517/1963 1770/2516/1962 1771/2518/1964
f 1727/2517/1963 1771/2518/1964 1726/2469/1917
f 1726/2469/1917 1771/2518/1964 1772/2470/1918
f 1774/2519/1965 1820/2520/1966 1773/2521/1967
f 1773/2521/1967 1820/2520/1966 1797/2522/1968
f 1773/2523/1967 1797/2524/1968 1796/2525/1969
f 1796/2525/1969 1797/2524/1968 1798/2526/1970
f 1796/2525/1969 1798/2526/1970 1795/2527/1971
f 1795/2527/1971 1798/2526/1970 1799/2528/1972
f 1795/2527/1971 1799/2528/1972 1794/2529/1973
f 1794/2529/1973 1799/2528/1972 1800/2530/1974
f 1794/2529/1973 1800/2530/1974 1793/2531/1975
f 1793/2531/1975 1800/2530/1974 1801/2532/1976
f 1793/2531/1975 1801/2532/1976 1792/2533/1977
f 1792/2533/1977 1801/2532/1976 1802/2534/1978
f 1792/2533/1977 1802/2534/1978 1791/2535/1979
f 1791/2535/1979 1802/2534/1978 1803/2536/1980
f 1791/2535/1979 1803/2536/1980 1790/2537/1981
f 1790/2537/1981 1803/2536/1980 1804/2538/1982
f 1790/2537/1981 1804/2538/1982 1789/2539/1983
f 1789/2539/1983 1804/2538/1982 1805/2540/1984
f 1789/2539/1983 1805/2540/1984 1788/2541/1985
f 1788/2541/1985 1805/2540/1984 1806/2542/1986
f 1788/2541/1985 1806/2542/1986 1787/2543/1987
f 1787/2543/1987 1806/2542/1986 1807/2544/1988
f 1787/2543/1987 1807/2544/1988 1786/2545/1989
f 1786/2545/1989 1807/2544/1988 1808/2546/1990
f 1786/2545/1989 1808/2546/1990 1785/2547/1991
f 1785/2547/1991 1808/2546/1990 1809/2548/1992
f 1785/2547/1991 1809/2548/1992 1784/2549/1993
f 1784/2549/1993 1809/2548/1992 1810/2550/1994
f 1784/2549/1993 1810/2550/1994 1783/2551/1995
f 1783/2551/1995 1810/2550/1994 1811/2552/1996
f 1783/2551/1995 1811/2552/1996 1782/2553/1997
f 1782/2553/1997 1811/2552/1996 1812/2554/1998
f 1782/2553/1997 1812/2554/1998 1781/2555/1999
f 1781/2555/1999 1812/2554/1998 1813/2556/2000
f 1781/2555/1999 1813/2556/2000 1780/2557/2001
f 1780/2557/2001 1813/2556/2000 1814/2558/2002
f 1780/2557/2001 1814/2558/2002 1779/2559/2003
f 1779/2559/2003 1814/2558/2002 1815/2560/2004
f 1779/2559/2003 1815/2560/2004 1778/2561/2005
f 1778/2561/2005 1815/2560/2004 1816/2562/2006
f 1778/2561/2005 1816/2562/2006 1777/2563/2007
f 1777/2563/2007 1816/2562/2006 1817/2564/2008
f 1777/2563/2007 1817/2564/2008 1776/2565/2009
f 1776/2565/2009 1817/2564/2008 1818/2566/2010
f 1776/2565/2009 1818/2566/2010 1775/2567/2011
f 1775/2567/2011 1818/2566/2010 1819/2568/2012
f 1775/2567/2011 1819/2568/2012 1774/2519/1965
f 1774/2519/1965 1819/2568/2012 1820/2520/1966
f 1726/2569/2013 1725/2570/2014 1773/2571/2015
f 1773/2571/2015 1725/2570/2014 1748/2572/2016
f 1773/2571/2015 1748/2572/2016 1774/2573/2017
f 1774/2573/2017 1748/2572/2016 1747/2574/2018
f 1774/2573/2017 1747/2574/2018 1775/2575/2019
f 1775/2575/2019 1747/2574/2018 1746/2576/2020
f 1775/2575/2019 1746/2576/2020 1776/2577/2021
f 1776/2577/2021 1746/2576/2020 1745/2578/2022
f 1776/2577/2021 1745/2578/2022 1777/2579/2023
f 1777/2579/2023 1745/2578/2022 1744/2580/2024
f 1777/2579/2023 1744/2580/2024 1778/2581/2025
f 1778/2581/2025 1744/2580/2024 1743/2582/2026
f 1778/2581/2025 1743/2582/2026 1779/2583/2027
f 1779/2583/2027 1743/2582/2026 1780/2584/2028
f 1780/2584/2028 1743/2582/2026 1742/2585/2029
f 1780/2584/2028 1742/2585/2029 1781/2586/2030
f 1781/2586/2030 1742/2585/2029 1741/2587/2031
f 1781/2586/2030 1741/2587/2031 1782/2588/2032
f 1782/2588/2032 1741/2587/2031 1740/2589/2033
f 1782/2588/2032 1740/2589/2033 1783/2590/2034
f 1783/2590/2034 1740/2589/2033 1739/2591/2035
f 1783/2590/2034 1739/2591/2035 1784/2592/2036
f 1784/2592/2036 1739/2591/2035 1738/2593/2037
f 1784/2592/2036 1738/2593/2037 1785/2594/2038
f 1785/2594/2038 1738/2593/2037 1737/2595/2039
f 1785/2594/2038 1737/2595/2039 1786/2596/2040
f 1786/2596/2040 1737/2595/2039 1736/2597/2041
f 1786/2596/2040 1736/2597/2041 1735/2598/2042
f 1786/2596/2040 1735/2598/2042 1787/2599/2043
f 1787/2599/2043 1735/2598/2042 1734/2600/2044
f 1787/2599/2043 1734/2600/2044 1788/2601/2045
f 1788/2601/2045 1734/2600/2044 1733/2602/2046
f 1788/2601/2045 1733/2602/2046 1789/2603/2047
f 1789/2603/2047 1733/2602/2046 1732/2604/2048
f 1789/2603/2047 1732/2604/2048 1790/2605/2049
f 1790/2605/2049 1732/2604/2048 1731/2606/2050
f 1790/2605/2049 1731/2606/2050 1791/2607/2051
f 1791/2607/2051 1731/2606/2050 1792/2608/2052
f 1792/2608/2052 1731/2606/2050 1730/2609/2053
f 1792/2608/2052 1730/2609/2053 1793/2610/2054
f 1793/2610/2054 1730/2609/2053 1729/2611/2055
f 1793/2610/2054 1729/2611/2055 1794/2612/2056
f 1794/2612/2056 1729/2611/2055 1728/2613/2057
f 1794/2612/2056 1728/2613/2057 1795/2614/2058
f 1795/2614/2058 1728/2613/2057 1727/2615/2059
f 1795/2614/2058 1727/2615/2059 1796/2616/2060
f 1796/2616/2060 1727/2615/2059 1726/2569/2013
f 1796/2616/2060 1726/2569/2013 1773/2571/2015
f 1822/2617/2061 1868/2618/2062 1821/2619/2063
f 1821/2619/2063 1868/2618/2062 1845/2620/2064
f 1821/2621/2063 1845/2622/2064 1844/2623/2065
f 1844/2623/2065 1845/2622/2064 1846/2624/2066
f 1844/2623/2065 1846/2624/2066 1843/2625/2067
f 1843/2625/2067 1846/2624/2066 1847/2626/2068
f 1843/2625/2067 1847/2626/2068 1842/2627/2069
f 1842/2627/2069 1847/2626/2068 1848/2628/2070
f 1842/2627/2069 1848/2628/2070 1841/2629/2071
f 1841/2629/2071 1848/2628/2070 1849/2630/2072
f 1841/2629/2071 1849/2630/2072 1840/2631/2073
f 1840/2631/2073 1849/2630/2072 1850/2632/2074
f 1840/2631/2073 1850/2632/2074 1839/2633/2075
f 1839/2633/2075 1850/2632/2074 1851/2634/2076
f 1839/2633/2075 1851/2634/2076 1838/2635/2077
f 1838/2635/2077 1851/2634/2076 1852/2636/2078
f 1838/2635/2077 1852/2636/2078 1837/2637/2079
f 1837/2637/2079 1852/2636/2078 1853/2638/2080
f 1837/2637/2079 1853/2638/2080 1836/2639/2081
f 1836/2639/2081 1853/2638/2080 1854/2640/2082
f 1836/2639/2081 1854/2640/2082 1835/2641/2083
f 1835/2641/2083 1854/2640/2082 1855/2642/2084
f 1835/2641/2083 1855/2642/2084 1834/2643/2085
f 1834/2643/2085 1855/2642/2084 1856/2644/2086
f 1834/2643/2085 1856/2644/2086 1833/2645/2087
f 1833/2645/2087 1856/2644/2086 1857/2646/2088
f 1833/2645/2087 1857/2646/2088 1832/2647/2089
f 1832/2647/2089 1857/2646/2088 1858/2648/2090
f 1832/2647/2089 1858/2648/2090 1831/2649/2091
f 1831/2649/2091 1858/2648/2090 1859/2650/2092
f 1831/2649/2091 1859/2650/2092 1830/2651/2093
f 1830/2651/2093 1859/2650/2092 1860/2652/2094
f 1830/2651/2093 1860/2652/2094 1829/2653/2095
f 1829/2653/2095 1860/2652/2094 1861/2654/2096
f 1829/2653/2095 1861/2654/2096 1828/2655/2097
f 1828/2655/2097 1861/2654/2096 1862/2656/2098
f 1828/2655/2097 1862/2656/2098 1827/2657/2099
f 1827/2657/2099 1862/2656/2098 1863/2658/2100
f 1827/2657/2099 1863/2658/2100 1826/2659/2101
f 1826/2659/2101 1863/2658/2100 1864/2660/2102
f 1826/2659/2101 1864/2660/2102 1825/2661/2103
f 1825/2661/2103 1864/2660/2102 1865/2662/2104
f 1825/2661/2103 1865/2662/2104 1824/2663/2105
f 1824/2663/2105 1865/2662/2104 1866/2664/2106
f 1824/2663/2105 1866/2664/2106 1823/2665/2107
f 1823/2665/2107 1866/2664/2106 1867/2666/2108
f 1823/2665/2107 1867/2666/2108 1822/2617/2061
f 1822/2617/2061 1867/2666/2108 1868/2618/2062
f 1870/2667/2109 1916/2668/2110 1869/2669/2111
f 1869/2669/2111 1916/2668/2110 1893/2670/2112
f 1869/2671/2111 1893/2672/2112 1892/2673/2113
f 1892/2673/2113 1893/2672/2112 1894/2674/2114
f 1892/2673/2113 1894/2674/2114 1891/2675/2115
f 1891/2675/2115 1894/2674/2114 1895/2676/2116
f 1891/2675/2115 1895/2676/2116 1890/2677/2117
f 1890/2677/2117 1895/2676/2116 1896/2678/2118
f 1890/2677/2117 1896/2678/2118 1889/2679/2119
f 1889/2679/2119 1896/2678/2118 1897/2680/2120
f 1889/2679/2119 1897/2680/2120 1888/2681/2121
f 1888/2681/2121 1897/2680/2120 1898/2682/2122
f 1888/2681/2121 1898/2682/2122 1887/2683/2123
f 1887/2683/2123 1898/2682/2122 1899/2684/2124
f 1887/2683/2123 1899/2684/2124 1886/2685/2125
f 1886/2685/2125 1899/2684/2124 1900/2686/2126
f 1886/2685/2125 1900/2686/2126 1885/2687/2127
f 1885/2687/2127 1900/2686/2126 1901/2688/2128
f 1885/2687/2127 1901/2688/2128 1884/2689/2129
f 1884/2689/2129 1901/2688/2128 1902/2690/2130
f 1884/2689/2129 1902/2690/2130 1883/2691/2131
f 1883/2691/2131 1902/2690/2130 1903/2692/2132
f 1883/2691/2131 1903/2692/2132 1882/2693/2133
f 1882/2693/2133 1903/2692/2132 1904/2694/2134
f 1882/2693/2133 1904/2694/2134 1881/2695/2135
f 1881/2695/2135 1904/2694/2134 1905/2696/2136
f 1881/2695/2135 1905/2696/2136 1880/2697/2137
f 1880/2697/2137 1905/2696/2136 1906/2698/2138
f 1880/2697/2137 1906/2698/2138 1879/2699/2139
f 1879/2699/2139 1906/2698/2138 1907/2700/2140
f 1879/2699/2139 1907/2700/2140 1878/2701/2141
f 1878/2701/2141 1907/2700/2140 1908/2702/2142
f 1878/2701/2141 1908/2702/2142 1877/2703/2143
f 1877/2703/2143 1908/2702/2142 1909/2704/2144
f 1877/2703/2143 1909/2704/2144 1876/2705/2145
f 1876/2705/2145 1909/2704/2144 1910/2706/2146
f 1876/2705/2145 1910/2706/2146 1875/2707/2147
f 1875/2707/2147 1910/2706/2146 1911/2708/2148
f 1875/2707/2147 1911/2708/2148 1874/2709/2149
f 1874/2709/2149 1911/2708/2148 1912/2710/2150
f 1874/2709/2149 1912/2710/2150 1873/2711/2151
f 1873/2711/2151 1912/2710/2150 1913/2712/2152
f 1873/2711/2151 1913/2712/2152 1872/2713/2153
f 1872/2713/2153 1913/2712/2152 1914/2714/2154
f 1872/2713/2153 1914/2714/2154 1871/2715/2155
f 1871/2715/2155 1914/2714/2154 1915/2716/2156
f 1871/2715/2155 1915/2716/2156 1870/2667/2109
f 1870/2667/2109 1915/2716/2156 1916/2668/2110
f 1822/2717/2157 1821/2718/2158 1869/2719/2159
f 1869/2719/2159 1821/2718/2158 1844/2720/2160
f 1869/2719/2159 1844/2720/2160 1870/2721/2161
f 1870/2721/2161 1844/2720/2160 1843/2722/2162
f 1870/2721/2161 1843/2722/2162 1871/2723/2163
f 1871/2723/2163 1843/2722/2162 1842/2724/2164
f 1871/2723/2163 1842/2724/2164 1872/2725/2165
f 1872/2725/2165 1842/2724/2164 1841/2726/2166
f 1872/2725/2165 1841/2726/2166 1873/2727/2167
f 1873/2727/2167 1841/2726/2166 1840/2728/2168
f 1873/2727/2167 1840/2728/2168 1874/2729/2169
f 1874/2729/2169 1840/2728/2168 1839/2730/2170
f 1874/2729/2169 1839/2730/2170 1875/2731/2171
f 1875/2731/2171 1839/2730/2170 1876/2732/2172
f 1876/2732/2172 1839/2730/2170 1838/2733/2173
f 1876/2732/2172 1838/2733/2173 1877/2734/2174
f 1877/2734/2174 1838/2733/2173 1837/2735/2175
f 1877/2734/2174 1837/2735/2175 1878/2736/2176
f 1878/2736/2176 1837/2735/2175 1836/2737/2177
f 1878/2736/2176 1836/2737/2177 1879/2738/2178
f 1879/2738/2178 1836/2737/2177 1835/2739/2179
f 1879/2738/2178 1835/2739/2179 1880/2740/2180
f 1880/2740/2180 1835/2739/2179 1834/2741/2181
f 1880/2740/2180 1834/2741/2181 1881/2742/2182
f 1881/2742/2182 1834/2741/2181 1833/2743/2183
f 1881/2742/2182 1833/2743/2183 1882/2744/2184
f 1882/2744/2184 1833/2743/2183 1832/2745/2185
f 1882/2744/2184 1832/2745/2185 1831/2746/2186
f 1882/2744/2184 1831/2746/2186 1883/2747/2187
f 1883/2747/2187 1831/2746/2186 1830/2748/2188
f 1883/2747/2187 1830/2748/2188 1884/2749/2189
f 1884/2749/2189 1830/2748/2188 1829/2750/2190
f 1884/2749/2189 1829/2750/2190 1885/2751/2191
f 1885/2751/2191 1829/2750/2190 1828/2752/2192
f 1885/2751/2191 1828/2752/2192 1886/2753/2193
f 1886/2753/2193 1828/2752/2192 1827/2754/2194
f 1886/2753/2193 1827/2754/2194 1887/2755/2195
f 1887/2755/2195 1827/2754/2194 1888/2756/2196
f 1888/2756/2196 1827/2754/2194 1826/2757/2197
f 1888/2756/2196 1826/2757/2197 1889/2758/2198
f 1889/2758/2198 1826/2757/2197 1825/2759/2199
f 1889/2758/2198 1825/2759/2199 1890/2760/2200
f 1890/2760/2200 1825/2759/2199 1824/2761/2201
f 1890/2760/2200 1824/2761/2201 1891/2762/2202
f 1891/2762/2202 1824/2761/2201 1823/2763/2203
f 1891/2762/2202 1823/2763/2203 1892/2764/2204
f 1892/2764/2204 1823/2763/2203 1822/2717/2157
f 1892/2764/2204 1822/2717/2157 1869/2719/2159
f 1845/2765/2205 1868/2766/2206 1846/2767/2207
f 1846/2767/2207 1868/2766/2206 1847/2768/2208
f 1847/2768/2208 1868/2766/2206 1867/2769/2209
f 1847/2768/2208 1867/2769/2209 1848/2770/2210
f 1848/2770/2210 1867/2769/2209 1866/2771/2211
f 1848/2770/2210 1866/2771/2211 1849/2772/2212
f 1849/2772/2212 1866/2771/2211 1865/2773/2213
f 1849/2772/2212 1865/2773/2213 1850/2774/2214
f 1850/2774/2214 1865/2773/2213 1864/2775/2215
f 1850/2774/2214 1864/2775/2215 1851/2776/2216
f 1851/2776/2216 1864/2775/2215 1863/2777/2217
f 1851/2776/2216 1863/2777/2217 1852/2778/2218
f 1852/2778/2218 1863/2777/2217 1862/2779/2219
f 1852/2778/2218 1862/2779/2219 1853/2780/2220
f 1853/2780/2220 1862/2779/2219 1861/2781/2221
f 1853/2780/2220 1861/2781/2221 1854/2782/2222
f 1854/2782/2222 1861/2781/2221 1860/2783/2223
f 1854/2782/2222 1860/2783/2223 1855/2784/2224
f 1855/2784/2224 1860/2783/2223 1859/2785/2225
f 1855/2784/2224 1859/2785/2225 1856/2786/2226
f 1856/2786/2226 1859/2785/2225 1858/2787/2227
f 1856/2786/2226 1858/2787/2227 1857/2788/2228
f 1749/2789/2229 1772/2790/2230 1750/2791/2231
f 1750/2791/2231 1772/2790/2230 1751/2792/2232
f 1751/2792/2232 1772/2790/2230 1771/2793/2233
f 1751/2792/2232 1771/2793/2233 1752/2794/2234
f 1752/2794/2234 1771/2793/2233 1770/2795/2235
f 1752/2794/2234 1770/2795/2235 1753/2796/2236
f 1753/2796/2236 1770/2795/2235 1769/2797/2237
f 1753/2796/2236 1769/2797/2237 1754/2798/2238
f 1754/2798/2238 1769/2797/2237 1768/2799/2239
f 1754/2798/2238 1768/2799/2239 1755/2800/2240
f 1755/2800/2240 1768/2799/2239 1767/2801/2241
f 1755/2800/2240 1767/2801/2241 1756/2802/2242
f 1756/2802/2242 1767/2801/2241 1766/2803/2243
f 1756/2802/2242 1766/2803/2243 1757/2804/2244
f 1757/2804/2244 1766/2803/2243 1765/2805/2245
f 1757/2804/2244 1765/2805/2245 1758/2806/2246
f 1758/2806/2246 1765/2805/2245 1764/2807/2247
f 1758/2806/2246 1764/2807/2247 1759/2808/2248
f 1759/2808/2248 1764/2807/2247 1763/2809/2249
f 1759/2808/2248 1763/2809/2249 1760/2810/2250
f 1760/2810/2250 1763/2809/2249 1762/2811/2251
f 1760/2810/2250 1762/2811/2251 1761/2812/2252
f 1918/2813/2253 1964/2814/2254 1917/2815/2255
f 1917/2815/2255 1964/2814/2254 1941/2816/2256
f 1917/2817/2255 1941/2818/2256 1940/2819/2257
f 1940/2819/2257 1941/2818/2256 1942/2820/2258
f 1940/2819/2257 1942/2820/2258 1939/2821/2259
f 1939/2821/2259 1942/2820/2258 1943/2822/2260
f 1939/2821/2259 1943/2822/2260 1938/2823/2261
f 1938/2823/2261 1943/2822/2260 1944/2824/2262
f 1938/2823/2261 1944/2824/2262 1937/2825/2263
f 1937/2825/2263 1944/2824/2262 1945/2826/2264
f 1937/2825/2263 1945/2826/2264 1936/2827/2265
f 1936/2827/2265 1945/2826/2264 1946/2828/2266
f 1936/2827/2265 1946/2828/2266 1935/2829/2267
f 1935/2829/2267 1946/2828/2266 1947/2830/2268
f 1935/2829/2267 1947/2830/2268 1934/2831/2269
f 1934/2831/2269 1947/2830/2268 1948/2832/2270
f 1934/2831/2269 1948/2832/2270 1933/2833/2271
f 1933/2833/2271 1948/2832/2270 1949/2834/2272
f 1933/2833/2271 1949/2834/2272 1932/2835/2273
f 1932/2835/2273 1949/2834/2272 1950/2836/2274
f 1932/2835/2273 1950/2836/2274 1931/2837/2275
f 1931/2837/2275 1950/2836/2274 1951/2838/2276
f 1931/2837/2275 1951/2838/2276 1930/2839/2277
f 1930/2839/2277 1951/2838/2276 1952/2840/2278
f 1930/2839/2277 1952/2840/2278 1929/2841/2279
f 1929/2841/2279 1952/2840/2278 1953/2842/2280
f 1929/2841/2279 1953/2842/2280 1928/2843/2281
f 1928/2843/2281 1953/2842/2280 1954/2844/2282
f 1928/2843/2281 1954/2844/2282 1927/2845/2283
f 1927/2845/2283 1954/2844/2282 1955/2846/2284
f 1927/2845/2283 1955/2846/2284 1926/2847/2285
f 1926/2847/2285 1955/2846/2284 1956/2848/2286
f 1926/2847/2285 1956/2848/2286 1925/2849/2287
f 1925/2849/2287 1956/2848/2286 1957/2850/2288
f 1925/2849/2287 1957/2850/2288 1924/2851/2289
f 1924/2851/2289 1957/2850/2288 1958/2852/2290
f 1924/2851/2289 1958/2852/2290 1923/2853/2291
f 1923/2853/2291 1958/2852/2290 1959/2854/2292
f 1923/2853/2291 1959/2854/2292 1922/2855/2293
f 1922/2855/2293 1959/2854/2292 1960/2856/2294
f 1922/2855/2293 1960/2856/2294 1921/2857/2295
f 1921/2857/2295 1960/2856/2294 1961/2858/2296
f 1921/2857/2295 1961/2858/2296 1920/2859/2297
f 1920/2859/2297 1961/2858/2296 1962/2860/2298
f 1920/2859/2297 1962/2860/2298 1919/2861/2299
f 1919/2861/2299 1962/2860/2298 1963/2862/2300
f 1919/2861/2299 1963/2862/2300 1918/2813/2253
f 1918/2813/2253 1963/2862/2300 1964/2814/2254
f 1966/2863/2301 2012/2864/2302 1965/2865/2303
f 1965/2865/2303 2012/2864/2302 1989/2866/2304
f 1965/2867/2303 1989/2868/2304 1988/2869/2305
f 1988/2869/2305 1989/2868/2304 1990/2870/2306
f 1988/2869/2305 1990/2870/2306 1987/2871/2307
f 1987/2871/2307 1990/2870/2306 1991/2872/2308
f 1987/2871/2307 1991/2872/2308 1986/2873/2309
f 1986/2873/2309 1991/2872/2308 1992/2874/2310
f 1986/2873/2309 1992/2874/2310 1985/2875/2311
f 1985/2875/2311 1992/2874/2310 1993/2876/2312
f 1985/2875/2311 1993/2876/2312 1984/2877/2313
f 1984/2877/2313 1993/2876/2312 1994/2878/2314
f 1984/2877/2313 1994/2878/2314 1983/2879/2315
f 1983/2879/2315 1994/2878/2314 1995/2880/2316
f 1983/2879/2315 1995/2880/2316 1982/2881/2317
f 1982/2881/2317 1995/2880/2316 1996/2882/2318
f 1982/2881/2317 1996/2882/2318 1981/2883/2319
f 1981/2883/2319 1996/2882/2318 1997/2884/2320
f 1981/2883/2319 1997/2884/2320 1980/2885/2321
f 1980/2885/2321 1997/2884/2320 1998/2886/2322
f 1980/2885/2321 1998/2886/2322 1979/2887/2323
f 1979/2887/2323 1998/2886/2322 1999/2888/2324
f 1979/2887/2323 1999/2888/2324 1978/2889/2325
f 1978/2889/2325 1999/2888/2324 2000/2890/2326
f 1978/2889/2325 2000/2890/2326 1977/2891/2327
f 1977/2891/2327 2000/2890/2326 2001/2892/2328
f 1977/2891/2327 2001/2892/2328 1976/2893/2329
f 1976/2893/2329 2001/2892/2328 2002/2894/2330
f 1976/2893/2329 2002/2894/2330 1975/2895/2331
f 1975/2895/2331 2002/2894/2330 2003/2896/2332
f 1975/2895/2331 2003/2896/2332 1974/2897/2333
f 1974/2897/2333 2003/2896/2332 2004/2898/2334
f 1974/2897/2333 2004/2898/2334 1973/2899/2335
f 1973/2899/2335 2004/2898/2334 2005/2900/2336
f 1973/2899/2335 2005/2900/2336 1972/2901/2337
f 1972/2901/2337 2005/2900/2336 2006/2902/2338
f 1972/2901/2337 2006/2902/2338 1971/2903/2339
f 1971/2903/2339 2006/2902/2338 2007/2904/2340
f 1971/2903/2339 2007/2904/2340 1970/2905/2341
f 1970/2905/2341 2007/2904/2340 2008/2906/2342
f 1970/2905/2341 2008/2906/2342 1969/2907/2343
f 1969/2907/2343 2008/2906/2342 2009/2908/2344
f 1969/2907/2343 2009/2908/2344 1968/2909/2345
f 1968/2909/2345 2009/2908/2344 2010/2910/2346
f 1968/2909/2345 2010/2910/2346 1967/2911/2347
f 1967/2911/2347 2010/2910/2346 2011/2912/2348
f 1967/2911/2347 2011/2912/2348 1966/2863/2301
f 1966/2863/2301 2011/2912/2348 2012/2864/2302
f 1918/2913/2349 1917/2914/2350 1965/2915/2351
f 1965/2915/2351 1917/2914/2350 1940/2916/2352
f 1965/2915/2351 1940/2916/2352 1966/2917/2353
f 1966/2917/2353 1940/2916/2352 1939/2918/2354
f 1966/2917/2353 1939/2918/2354 1967/2919/2355
f 1967/2919/2355 1939/2918/2354 1938/2920/2356
f 1967/2919/2355 1938/2920/2356 1968/2921/2357
f 1968/2921/2357 1938/2920/2356 1937/2922/2358
f 1968/2921/2357 1937/2922/2358 1969/2923/2359
f 1969/2923/2359 1937/2922/2358 1936/2924/2360
f 1969/2923/2359 1936/2924/2360 1970/2925/2361
f 1970/2925/2361 1936/2924/2360 1935/2926/2362
f 1970/2925/2361 1935/2926/2362 1971/2927/2363
f 1971/2927/2363 1935/2926/2362 1972/2928/2364
f 1972/2928/2364 1935/2926/2362 1934/2929/2365
f 1972/2928/2364 1934/2929/2365 1973/2930/2366
f 1973/2930/2366 1934/2929/2365 1933/2931/2367
f 1973/2930/2366 1933/2931/2367 1974/2932/2368
f 1974/2932/2368 1933/2931/2367 1932/2933/2369
f 1974/2932/2368 1932/2933/2369 1975/2934/2370
f 1975/2934/2370 1932/2933/2369 1931/2935/2371
f 1975/2934/2370 1931/2935/2371 1976/2936/2372
f 1976/2936/2372 1931/2935/2371 1930/2937/2373
f 1976/2936/2372 1930/2937/2373 1977/2938/2374
f 1977/2938/2374 1930/2937/2373 1929/2939/2375
f 1977/2938/2374 1929/2939/2375 1978/2940/2376
f 1978/2940/2376 1929/2939/2375 1928/2941/2377
f 1978/2940/2376 1928/2941/2377 1927/2942/2378
f 1978/2940/2376 1927/2942/2378 1979/2943/2379
f 1979/2943/2379 1927/2942/2378 1926/2944/2380
f 1979/2943/2379 1926/2944/2380 1980/2945/2381
f 1980/2945/2381 1926/2944/2380 1925/2946/2382
f 1980/2945/2381 1925/2946/2382 1981/2947/2383
f 1981/2947/2383 1925/2946/2382 1924/2948/2384
f 1981/2947/2383 1924/2948/2384 1982/2949/2385
f 1982/2949/2385 1924/2948/2384 1923/2950/2386
f 1982/2949/2385 1923/2950/2386 1983/2951/2387
f 1983/2951/2387 1923/2950/2386 1984/2952/2388
f 1984/2952/2388 1923/2950/2386 1922/2953/2389
f 1984/2952/2388 1922/2953/2389 1985/2954/2390
f 1985/2954/2390 1922/2953/2389 1921/2955/2391
f 1985/2954/2390 1921/2955/2391 1986/2956/2392
f 1986/2956/2392 1921/2955/2391 1920/2957/2393
f 1986/2956/2392 1920/2957/2393 1987/2958/2394
f 1987/2958/2394 1920/2957/2393 1919/2959/2395
f 1987/2958/2394 1919/2959/2395 1988/2960/2396
f 1988/2960/2396 1919/2959/2395 1918/2913/2349
f 1988/2960/2396 1918/2913/2349 1965/2915/2351
f 1941/2961/2397 1964/2962/2398 1942/2963/2399
f 1942/2963/2399 1964/2962/2398 1943/2964/2400
f 1943/2964/2400 1964/2962/2398 1963/2965/2401
f 1943/2964/2400 1963/2965/2401 1944/2966/2402
f 1944/2966/2402 1963/2965/2401 1962/2967/2403
f 1944/2966/2402 1962/2967/2403 1945/2968/2404
f 1945/2968/2404 1962/2967/2403 1961/2969/2405
f 1945/2968/2404 1961/2969/2405 1946/2970/2406
f 1946/2970/2406 1961/2969/2405 1960/2971/2407
f 1946/2970/2406 1960/2971/2407 1947/2972/2408
f 1947/2972/2408 1960/2971/2407 1959/2973/2409
f 1947/2972/2408 1959/2973/2409 1948/2974/2410
f 1948/2974/2410 1959/2973/2409 1958/2975/2411
f 1948/2974/2410 1958/2975/2411 1949/2976/2412
f 1949/2976/2412 1958/2975/2411 1957/2977/2413
f 1949/2976/2412 1957/2977/2413 1950/2978/2414
f 1950/2978/2414 1957/2977/2413 1956/2979/2415
f 1950/2978/2414 1956/2979/2415 1951/2980/2416
f 1951/2980/2416 1956/2979/2415 1955/2981/2417
f 1951/2980/2416 1955/2981/2417 1952/2982/2418
f 1952/2982/2418 1955/2981/2417 1954/2983/2419
f 1952/2982/2418 1954/2983/2419 1953/2984/2420
f 2014/2985/2421 2060/2986/2422 2013/2987/2423
f 2013/2987/2423 2060/2986/2422 2037/2988/2424
f 2013/2989/2423 2037/2990/2424 2036/2991/2425
f 2036/2991/2425 2037/2990/2424 2038/2992/2426
f 2036/2991/2425 2038/2992/2426 2035/2993/2427
f 2035/2993/2427 2038/2992/2426 2039/2994/2428
f 2035/2993/2427 2039/2994/2428 2034/2995/2429
f 2034/2995/2429 2039/2994/2428 2040/2996/2430
f 2034/2995/2429 2040/2996/2430 2033/2997/2431
f 2033/2997/2431 2040/2996/2430 2041/2998/2432
f 2033/2997/2431 2041/2998/2432 2032/2999/2433
f 2032/2999/2433 2041/2998/2432 2042/3000/2434
f 2032/2999/2433 2042/3000/2434 2031/3001/2435
f 2031/3001/2435 2042/3000/2434 2043/3002/2436
f 2031/3001/2435 2043/3002/2436 2030/3003/2437
f 2030/3003/2437 2043/3002/2436 2044/3004/2438
f 2030/3003/2437 2044/3004/2438 2029/3005/2439
f 2029/3005/2439 2044/3004/2438 2045/3006/2440
f 2029/3005/2439 2045/3006/2440 2028/3007/2441
f 2028/3007/2441 2045/3006/2440 2046/3008/2442
f 2028/3007/2441 2046/3008/2442 2027/3009/2443
f 2027/3009/2443 2046/3008/2442 2047/3010/2444
f 2027/3009/2443 2047/3010/2444 2026/3011/2445
f 2026/3011/2445 2047/3010/2444 2048/3012/2446
f 2026/3011/2445 2048/3012/2446 2025/3013/2447
f 2025/3013/2447 2048/3012/2446 2049/3014/2448
f 2025/3013/2447 2049/3014/2448 2024/3015/2449
f 2024/3015/2449 2049/3014/2448 2050/3016/2450
f 2024/3015/2449 2050/3016/2450 2023/3017/2451
f 2023/3017/2451 2050/3016/2450 2051/3018/2452
f 2023/3017/2451 2051/3018/2452 2022/3019/2453
f 2022/3019/2453 2051/3018/2452 2052/3020/2454
f 2022/3019/2453 2052/3020/2454 2021/3021/2455
f 2021/3021/2455 2052/3020/2454 2053/3022/2456
f 2021/3021/2455 2053/3022/2456 2020/3023/2457
f 2020/3023/2457 2053/3022/2456 2054/3024/2458
f 2020/3023/2457 2054/3024/2458 2019/3025/2459
f 2019/3025/2459 2054/3024/2458 2055/3026/2460
f 2019/3025/2459 2055/3026/2460 2018/3027/2461
f 2018/3027/2461 2055/3026/2460 2056/3028/2462
f 2018/3027/2461 2056/3028/2462 2017/3029/2463
f 2017/3029/2463 2056/3028/2462 2057/3030/2464
f 2017/3029/2463 2057/3030/2464 2016/3031/2465
f 2016/3031/2465 2057/3030/2464 2058/3032/2466
f 2016/3031/2465 2058/3032/2466 2015/3033/2467
f 2015/3033/2467 2058/3032/2466 2059/3034/2468
f 2015/3033/2467 2059/3034/2468 2014/2985/2421
f 2014/2985/2421 2059/3034/2468 2060/2986/2422
f 2036/3035/2469 2026/3036/2470 2013/3037/2471
f 2013/3037/2471 2026/3036/2470 2025/3038/2472
f 2013/3037/2471 2025/3038/2472 2014/3039/2473
f 2014/3039/2473 2025/3038/2472 2024/3040/2474
f 2014/3039/2473 2024/3040/2474 2015/3041/2475
f 2015/3041/2475 2024/3040/2474 2023/3042/2476
f 2015/3041/2475 2023/3042/2476 2016/3043/2477
f 2016/3043/2477 2023/3042/2476 2022/3044/2478
f 2016/3043/2477 2022/3044/2478 2017/3045/2479
f 2017/3045/2479 2022/3044/2478 2021/3046/2480
f 2017/3045/2479 2021/3046/2480 2018/3047/2481
f 2018/3047/2481 2021/3046/2480 2020/3048/2482
f 2018/3047/2481 2020/3048/2482 2019/3049/2483
f 2026/3036/2470 2036/3035/2469 2027/3050/2484
f 2027/3050/2484 2036/3035/2469 2035/3051/2485
f 2027/3050/2484 2035/3051/2485 2028/3052/2486
f 2028/3052/2486 2035/3051/2485 2034/3053/2487
f 2028/3052/2486 2034/3053/2487 2029/3054/2488
f 2029/3054/2488 2034/3053/2487 2033/3055/2489
f 2029/3054/2488 2033/3055/2489 2030/3056/2490
f 2030/3056/2490 2033/3055/2489 2032/3057/2491
f 2030/3056/2490 2032/3057/2491 2031/3058/2492
f 2062/3059/2493 2108/3060/2494 2061/3061/2495
f 2061/3061/2495 2108/3060/2494 2085/3062/2496
f 2061/3063/2495 2085/3064/2496 2084/3065/2497
f 2084/3065/2497 2085/3064/2496 2086/3066/2498
f 2084/3065/2497 2086/3066/2498 2083/3067/2499
f 2083/3067/2499 2086/3066/2498 2087/3068/2500
f 2083/3067/2499 2087/3068/2500 2082/3069/2501
f 2082/3069/2501 2087/3068/2500 2088/3070/2502
f 2082/3069/2501 2088/3070/2502 2081/3071/2503
f 2081/3071/2503 2088/3070/2502 2089/3072/2504
f 2081/3071/2503 2089/3072/2504 2080/3073/2505
f 2080/3073/2505 2089/3072/2504 2090/3074/2506
f 2080/3073/2505 2090/3074/2506 2079/3075/2507
f 2079/3075/2507 2090/3074/2506 2091/3076/2508
f 2079/3075/2507 2091/3076/2508 2078/3077/2509
f 2078/3077/2509 2091/3076/2508 2092/3078/2510
f 2078/3077/2509 2092/3078/2510 2077/3079/2511
f 2077/3079/2511 2092/3078/2510 2093/3080/2512
f 2077/3079/2511 2093/3080/2512 2076/3081/2513
f 2076/3081/2513 2093/3080/2512 2094/3082/2514
f 2076/3081/2513 2094/3082/2514 2075/3083/2515
f 2075/3083/2515 2094/3082/2514 2095/3084/2516
f 2075/3083/2515 2095/3084/2516 2074/3085/2517
f 2074/3085/2517 2095/3084/2516 2096/3086/2518
f 2074/3085/2517 2096/3086/2518 2073/3087/2519
f 2073/3087/2519 2096/3086/2518 2097/3088/2520
f 2073/3087/2519 2097/3088/2520 2072/3089/2521
f 2072/3089/2521 2097/3088/2520 2098/3090/2522
f 2072/3089/2521 2098/3090/2522 2071/3091/2523
f 2071/3091/2523 2098/3090/2522 2099/3092/2524
f 2071/3091/2523 2099/3092/2524 2070/3093/2525
f 2070/3093/2525 2099/3092/2524 2100/3094/2526
f 2070/3093/2525 2100/3094/2526 2069/3095/2527
f 2069/3095/2527 2100/3094/2526 2101/3096/2528
f 2069/3095/2527 2101/3096/2528 2068/3097/2529
f 2068/3097/2529 2101/3096/2528 2102/3098/2530
f 2068/3097/2529 2102/3098/2530 2067/3099/2531
f 2067/3099/2531 2102/3098/2530 2103/3100/2532
f 2067/3099/2531 2103/3100/2532 2066/3101/2533
f 2066/3101/2533 2103/3100/2532 2104/3102/2534
f 2066/3101/2533 2104/3102/2534 2065/3103/2535
f 2065/3103/2535 2104/3102/2534 2105/3104/2536
f 2065/3103/2535 2105/3104/2536 2064/3105/2537
f 2064/3105/2537 2105/3104/2536 2106/3106/2538
f 2064/3105/2537 2106/3106/2538 2063/3107/2539
f 2063/3107/2539 2106/3106/2538 2107/3108/2540
f 2063/3107/2539 2107/3108/2540 2062/3059/2493
f 2062/3059/2493 2107/3108/2540 2108/3060/2494
f 2084/3109/2541 2074/3110/2542 2061/3111/2543
f 2061/3111/2543 2074/3110/2542 2073/3112/2544
f 2061/3111/2543 2073/3112/2544 2062/3113/2545
f 2062/3113/2545 2073/3112/2544 2072/3114/2546
f 2062/3113/2545 2072/3114/2546 2063/3115/2547
f 2063/3115/2547 2072/3114/2546 2071/3116/2548
f 2063/3115/2547 2071/3116/2548 2064/3117/2549
f 2064/3117/2549 2071/3116/2548 2070/3118/2550
f 2064/3117/2549 2070/3118/2550 2065/3119/2551
f 2065/3119/2551 2070/3118/2550 2069/3120/2552
f 2065/3119/2551 2069/3120/2552 2066/3121/2553
f 2066/3121/2553 2069/3120/2552 2068/3122/2554
f 2066/3121/2553 2068/3122/2554 2067/3123/2555
f 2074/3110/2542 2084/3109/2541 2075/3124/2556
f 2075/3124/2556 2084/3109/2541 2083/3125/2557
f 2075/3124/2556 2083/3125/2557 2076/3126/2558
f 2076/3126/2558 2083/3125/2557 2082/3127/2559
f 2076/3126/2558 2082/3127/2559 2077/3128/2560
f 2077/3128/2560 2082/3127/2559 2081/3129/2561
f 2077/3128/2560 2081/3129/2561 2078/3130/2562
f 2078/3130/2562 2081/3129/2561 2080/3131/2563
f 2078/3130/2562 2080/3131/2563 2079/3132/2564
f 2110/3133/2565 2156/3134/2566 2109/3135/2567
f 2109/3135/2567 2156/3134/2566 2133/3136/2568
f 2109/3137/2567 2133/3138/2568 2132/3139/2569
f 2132/3139/2569 2133/3138/2568 2134/3140/2570
f 2132/3139/2569 2134/3140/2570 2131/3141/2571
f 2131/3141/2571 2134/3140/2570 2135/3142/2572
f 2131/3141/2571 2135/3142/2572 2130/3143/2573
f 2130/3143/2573 2135/3142/2572 2136/3144/2574
f 2130/3143/2573 2136/3144/2574 2129/3145/2575
f 2129/3145/2575 2136/3144/2574 2137/3146/2576
f 2129/3145/2575 2137/3146/2576 2128/3147/2577
f 2128/3147/2577 2137/3146/2576 2138/3148/2578
f 2128/3147/2577 2138/3148/2578 2127/3149/2579
f 2127/3149/2579 2138/3148/2578 2139/3150/2580
f 2127/3149/2579 2139/3150/2580 2126/3151/2581
f 2126/3151/2581 2139/3150/2580 2140/3152/2582
f 2126/3151/2581 2140/3152/2582 2125/3153/2583
f 2125/3153/2583 2140/3152/2582 2141/3154/2584
f 2125/3153/2583 2141/3154/2584 2124/3155/2585
f 2124/3155/2585 2141/3154/2584 2142/3156/2586
f 2124/3155/2585 2142/3156/2586 2123/3157/2587
f 2123/3157/2587 2142/3156/2586 2143/3158/2588
f 2123/3157/2587 2143/3158/2588 2122/3159/2589
f 2122/3159/2589 2143/3158/2588 2144/3160/2590
f 2122/3159/2589 2144/3160/2590 2121/3161/2591
f 2121/3161/2591 2144/3160/2590 2145/3162/2592
f 2121/3161/2591 2145/3162/2592 2120/3163/2593
f 2120/3163/2593 2145/3162/2592 2146/3164/2594
f 2120/3163/2593 2146/3164/2594 2119/3165/2595
f 2119/3165/2595 2146/3164/2594 2147/3166/2596
f 2119/3165/2595 2147/3166/2596 2118/3167/2597
f 2118/3167/2597 2147/3166/2596 2148/3168/2598
f 2118/3167/2597 2148/3168/2598 2117/3169/2599
f 2117/3169/2599 2148/3168/2598 2149/3170/2600
f 2117/3169/2599 2149/3170/2600 2116/3171/2601
f 2116/3171/2601 2149/3170/2600 2150/3172/2602
f 2116/3171/2601 2150/3172/2602 2115/3173/2603
f 2115/3173/2603 2150/3172/2602 2151/3174/2604
f 2115/3173/2603 2151/3174/2604 2114/3175/2605
f 2114/3175/2605 2151/3174/2604 2152/3176/2606
f 2114/3175/2605 2152/3176/2606 2113/3177/2607
f 2113/3177/2607 2152/3176/2606 2153/3178/2608
f 2113/3177/2607 2153/3178/2608 2112/3179/2609
f 2112/3179/2609 2153/3178/2608 2154/3180/2610
f 2112/3179/2609 2154/3180/2610 2111/3181/2611
f 2111/3181/2611 2154/3180/2610 2155/3182/2612
f 2111/3181/2611 2155/3182/2612 2110/3133/2565
f 2110/3133/2565 2155/3182/2612 2156/3134/2566
f 2132/3183/2613 2122/3184/2614 2109/3185/2615
f 2109/3185/2615 2122/3184/2614 2121/3186/2616
f 2109/3185/2615 2121/3186/2616 2110/3187/2617
f 2110/3187/2617 2121/3186/2616 2120/3188/2618
f 2110/3187/2617 2120/3188/2618 2111/3189/2619
f 2111/3189/2619 2120/3188/2618 2119/3190/2620
f 2111/3189/2619 2119/3190/2620 2112/3191/2621
f 2112/3191/2621 2119/3190/2620 2118/3192/2622
f 2112/3191/2621 2118/3192/2622 2113/3193/2623
f 2113/3193/2623 2118/3192/2622 2117/3194/2624
f 2113/3193/2623 2117/3194/2624 2114/3195/2625
f 2114/3195/2625 2117/3194/2624 2116/3196/2626
f 2114/3195/2625 2116/3196/2626 2115/3197/2627
f 2122/3184/2614 2132/3183/2613 2123/3198/2628
f 2123/3198/2628 2132/3183/2613 2131/3199/2629
f 2123/3198/2628 2131/3199/2629 2124/3200/2630
f 2124/3200/2630 2131/3199/2629 2130/3201/2631
f 2124/3200/2630 2130/3201/2631 2125/3202/2632
f 2125/3202/2632 2130/3201/2631 2129/3203/2633
f 2125/3202/2632 2129/3203/2633 2126/3204/2634
f 2126/3204/2634 2129/3203/2633 2128/3205/2635
f 2126/3204/2634 2128/3205/2635 2127/3206/2636
f 2158/3207/2637 2204/3208/2638 2157/3209/2639
f 2157/3209/2639 2204/3208/2638 2181/3210/2640
f 2157/3211/2639 2181/3212/2640 2180/3213/2641
f 2180/3213/2641 2181/3212/2640 2182/3214/2642
f 2180/3213/2641 2182/3214/2642 2179/3215/2643
f 2179/3215/2643 2182/3214/2642 2183/3216/2644
f 2179/3215/2643 2183/3216/2644 2178/3217/2645
f 2178/3217/2645 2183/3216/2644 2184/3218/2646
f 2178/3217/2645 2184/3218/2646 2177/3219/2647
f 2177/3219/2647 2184/3218/2646 2185/3220/2648
f 2177/3219/2647 2185/3220/2648 2176/3221/2649
f 2176/3221/2649 2185/3220/2648 2186/3222/2650
f 2176/3221/2649 2186/3222/2650 2175/3223/2651
f 2175/3223/2651 2186/3222/2650 2187/3224/2652
f 2175/3223/2651 2187/3224/2652 2174/3225/2653
f 2174/3225/2653 2187/3224/2652 2188/3226/2654
f 2174/3225/2653 2188/3226/2654 2173/3227/2655
f 2173/3227/2655 2188/3226/2654 2189/3228/2656
f 2173/3227/2655 2189/3228/2656 2172/3229/2657
f 2172/3229/2657 2189/3228/2656 2190/3230/2658
f 2172/3229/2657 2190/3230/2658 2171/3231/2659
f 2171/3231/2659 2190/3230/2658 2191/3232/2660
f 2171/3231/2659 2191/3232/2660 2170/3233/2661
f 2170/3233/2661 2191/3232/2660 2192/3234/2662
f 2170/3233/2661 2192/3234/2662 2169/3235/2663
f 2169/3235/2663 2192/3234/2662 2193/3236/2664
f 2169/3235/2663 2193/3236/2664 2168/3237/2665
f 2168/3237/2665 2193/3236/2664 2194/3238/2666
f 2168/3237/2665 2194/3238/2666 2167/3239/2667
f 2167/3239/2667 2194/3238/2666 2195/3240/2668
f 2167/3239/2667 2195/3240/2668 2166/3241/2669
f 2166/3241/2669 2195/3240/2668 2196/3242/2670
f 2166/3241/2669 2196/3242/2670 2165/3243/2671
f 2165/3243/2671 2196/3242/2670 2197/3244/2672
f 2165/3243/2671 2197/3244/2672 2164/3245/2673
f 2164/3245/2673 2197/3244/2672 2198/3246/2674
f 2164/3245/2673 2198/3246/2674 2163/3247/2675
f 2163/3247/2675 2198/3246/2674 2199/3248/2676
f 2163/3247/2675 2199/3248/2676 2162/3249/2677
f 2162/3249/2677 2199/3248/2676 2200/3250/2678
f 2162/3249/2677 2200/3250/2678 2161/3251/2679
f 2161/3251/2679 2200/3250/2678 2201/3252/2680
f 2161/3251/2679 2201/3252/2680 2160/3253/2681
f 2160/3253/2681 2201/3252/2680 2202/3254/2682
f 2160/3253/2681 2202/3254/2682 2159/3255/2683
f 2159/3255/2683 2202/3254/2682 2203/3256/2684
f 2159/3255/2683 2203/3256/2684 2158/3207/2637
f 2158/3207/2637 2203/3256/2684 2204/3208/2638
f 2180/3257/2685 2170/3258/2686 2157/3259/2687
f 2157/3259/2687 2170/3258/2686 2169/3260/2688
f 2157/3259/2687 2169/3260/2688 2158/3261/2689
f 2158/3261/2689 2169/3260/2688 2168/3262/2690
f 2158/3261/2689 2168/3262/2690 2159/3263/2691
f 2159/3263/2691 2168/3262/2690 2167/3264/2692
f 2159/3263/2691 2167/3264/2692 2160/3265/2693
f 2160/3265/2693 2167/3264/2692 2166/3266/2694
f 2160/3265/2693 2166/3266/2694 2161/3267/2695
f 2161/3267/2695 2166/3266/2694 2165/3268/2696
f 2161/3267/2695 2165/3268/2696 2162/3269/2697
f 2162/3269/2697 2165/3268/2696 2164/3270/2698
f 2162/3269/2697 2164/3270/2698 2163/3271/2699
f 2170/3258/2686 2180/3257/2685 2171/3272/2700
f 2171/3272/2700 2180/3257/2685 2179/3273/2701
f 2171/3272/2700 2179/3273/2701 2172/3274/2702
f 2172/3274/2702 2179/3273/2701 2178/3275/2703
f 2172/3274/2702 2178/3275/2703 2173/3276/2704
f 2173/3276/2704 2178/3275/2703 2177/3277/2705
f 2173/3276/2704 2177/3277/2705 2174/3278/2706
f 2174/3278/2706 2177/3277/2705 2176/3279/2707
f 2174/3278/2706 2176/3279/2707 2175/3280/2708
f 2206/3281/2709 2252/3282/2710 2205/3283/2711
f 2205/3283/2711 2252/3282/2710 2229/3284/2712
f 2205/3285/2711 2229/3286/2712 2228/3287/2713
f 2228/3287/2713 2229/3286/2712 2230/3288/2714
f 2228/3287/2713 2230/3288/2714 2227/3289/2715
f 2227/3289/2715 2230/3288/2714 2231/3290/2716
f 2227/3289/2715 2231/3290/2716 2226/3291/2717
f 2226/3291/2717 2231/3290/2716 2232/3292/2718
f 2226/3291/2717 2232/3292/2718 2225/3293/2719
f 2225/3293/2719 2232/3292/2718 2233/3294/2720
f 2225/3293/2719 2233/3294/2720 2224/3295/2721
f 2224/3295/2721 2233/3294/2720 2234/3296/2722
f 2224/3295/2721 2234/3296/2722 2223/3297/2723
f 2223/3297/2723 2234/3296/2722 2235/3298/2724
f 2223/3297/2723 2235/3298/2724 2222/3299/2725
f 2222/3299/2725 2235/3298/2724 2236/3300/2726
f 2222/3299/2725 2236/3300/2726 2221/3301/2727
f 2221/3301/2727 2236/3300/2726 2237/3302/2728
f 2221/3301/2727 2237/3302/2728 2220/3303/2729
f 2220/3303/2729 2237/3302/2728 2238/3304/2730
f 2220/3303/2729 2238/3304/2730 2219/3305/2731
f 2219/3305/2731 2238/3304/2730 2239/3306/2732
f 2219/3305/2731 2239/3306/2732 2218/3307/2733
f 2218/3307/2733 2239/3306/2732 2240/3308/2734
f 2218/3307/2733 2240/3308/2734 2217/3309/2735
f 2217/3309/2735 2240/3308/2734 2241/3310/2736
f 2217/3309/2735 2241/3310/2736 2216/3311/2737
f 2216/3311/2737 2241/3310/2736 2242/3312/2738
f 2216/3311/2737 2242/3312/2738 2215/3313/2739
f 2215/3313/2739 2242/3312/2738 2243/3314/2740
f 2215/3313/2739 2243/3314/2740 2214/3315/2741
f 2214/3315/2741 2243/3314/2740 2244/3316/2742
f 2214/3315/2741 2244/3316/2742 2213/3317/2743
f 2213/3317/2743 2244/3316/2742 2245/3318/2744
f 2213/3317/2743 2245/3318/2744 2212/3319/2745
f 2212/3319/2745 2245/3318/2744 2246/3320/2746
f 2212/3319/2745 2246/3320/2746 2211/3321/2747
f 2211/3321/2747 2246/3320/2746 2247/3322/2748
f 2211/3321/2747 2247/3322/2748 2210/3323/2749
f 2210/3323/2749 2247/3322/2748 2248/3324/2750
f 2210/3323/2749 2248/3324/2750 2209/3325/2751
f 2209/3325/2751 2248/3324/2750 2249/3326/2752
f 2209/3325/2751 2249/3326/2752 2208/3327/2753
f 2208/3327/2753 2249/3326/2752 2250/3328/2754
f 2208/3327/2753 2250/3328/2754 2207/3329/2755
f 2207/3329/2755 2250/3328/2754 2251/3330/2756
f 2207/3329/2755 2251/3330/2756 2206/3281/2709
f 2206/3281/2709 2251/3330/2756 2252/3282/2710
f 2228/3331/2757 2218/3332/2758 2205/3333/2759
f 2205/3333/2759 2218/3332/2758 2217/3334/2760
f 2205/3333/2759 2217/3334/2760 2206/3335/2761
f 2206/3335/2761 2217/3334/2760 2216/3336/2762
f 2206/3335/2761 2216/3336/2762 2207/3337/2763
f 2207/3337/2763 2216/3336/2762 2215/3338/2764
f 2207/3337/2763 2215/3338/2764 2208/3339/2765
f 2208/3339/2765 2215/3338/2764 2214/3340/2766
f 2208/3339/2765 2214/3340/2766 2209/3341/2767
f 2209/3341/2767 2214/3340/2766 2213/3342/2768
f 2209/3341/2767 2213/3342/2768 2210/3343/2769
f 2210/3343/2769 2213/3342/2768 2212/3344/2770
f 2210/3343/2769 2212/3344/2770 2211/3345/2771
f 2218/3332/2758 2228/3331/2757 2219/3346/2772
f 2219/3346/2772 2228/3331/2757 2227/3347/2773
f 2219/3346/2772 2227/3347/2773 2220/3348/2774
f 2220/3348/2774 2227/3347/2773 2226/3349/2775
f 2220/3348/2774 2226/3349/2775 2221/3350/2776
f 2221/3350/2776 2226/3349/2775 2225/3351/2777
f 2221/3350/2776 2225/3351/2777 2222/3352/2778
f 2222/3352/2778 2225/3351/2777 2224/3353/2779
f 2222/3352/2778 2224/3353/2779 2223/3354/2780
f 2254/3355/2781 2300/3356/2782 2253/3357/2783
f 2253/3357/2783 2300/3356/2782 2277/3358/2784
f 2253/3359/2783 2277/3360/2784 2276/3361/2785
f 2276/3361/2785 2277/3360/2784 2278/3362/2786
f 2276/3361/2785 2278/3362/2786 2275/3363/2787
f 2275/3363/2787 2278/3362/2786 2279/3364/2788
f 2275/3363/2787 2279/3364/2788 2274/3365/2789
f 2274/3365/2789 2279/3364/2788 2280/3366/2790
f 2274/3365/2789 2280/3366/2790 2273/3367/2791
f 2273/3367/2791 2280/3366/2790 2281/3368/2792
f 2273/3367/2791 2281/3368/2792 2272/3369/2793
f 2272/3369/2793 2281/3368/2792 2282/3370/2794
f 2272/3369/2793 2282/3370/2794 2271/3371/2795
f 2271/3371/2795 2282/3370/2794 2283/3372/2796
f 2271/3371/2795 2283/3372/2796 2270/3373/2797
f 2270/3373/2797 2283/3372/2796 2284/3374/2798
f 2270/3373/2797 2284/3374/2798 2269/3375/2799
f 2269/3375/2799 2284/3374/2798 2285/3376/2800
f 2269/3375/2799 2285/3376/2800 2268/3377/2801
f 2268/3377/2801 2285/3376/2800 2286/3378/2802
f 2268/3377/2801 2286/3378/2802 2267/3379/2803
f 2267/3379/2803 2286/3378/2802 2287/3380/2804
f 2267/3379/2803 2287/3380/2804 2266/3381/2805
f 2266/3381/2805 2287/3380/2804 2288/3382/2806
f 2266/3381/2805 2288/3382/2806 2265/3383/2807
f 2265/3383/2807 2288/3382/2806 2289/3384/2808
f 2265/3383/2807 2289/3384/2808 2264/3385/2809
f 2264/3385/2809 2289/3384/2808 2290/3386/2810
f 2264/3385/2809 2290/3386/2810 2263/3387/2811
f 2263/3387/2811 2290/3386/2810 2291/3388/2812
f 2263/3387/2811 2291/3388/2812 2262/3389/2813
f 2262/3389/2813 2291/3388/2812 2292/3390/2814
f 2262/3389/2813 2292/3390/2814 2261/3391/2815
f 2261/3391/2815 2292/3390/2814 2293/3392/2816
f 2261/3391/2815 2293/3392/2816 2260/3393/2817
f 2260/3393/2817 2293/3392/2816 2294/3394/2818
f 2260/3393/2817 2294/3394/2818 2259/3395/2819
f 2259/3395/2819 2294/3394/2818 2295/3396/2820
f 2259/3395/2819 2295/3396/2820 2258/3397/2821
f 2258/3397/2821 2295/3396/2820 2296/3398/2822
f 2258/3397/2821 2296/3398/2822 2257/3399/2823
f 2257/3399/2823 2296/3398/2822 2297/3400/2824
f 2257/3399/2823 2297/3400/2824 2256/3401/2825
f 2256/3401/2825 2297/3400/2824 2298/3402/2826
f 2256/3401/2825 2298/3402/2826 2255/3403/2827
f 2255/3403/2827 2298/3402/2826 2299/3404/2828
f 2255/3403/2827 2299/3404/2828 2254/3355/2781
f 2254/3355/2781 2299/3404/2828 2300/3356/2782
f 2276/3405/2829 2266/3406/2830 2253/3407/2831
f 2253/3407/2831 2266/3406/2830 2265/3408/2832
f 2253/3407/2831 2265/3408/2832 2254/3409/2833
f 2254/3409/2833 2265/3408/2832 2264/3410/2834
f 2254/3409/2833 2264/3410/2834 2255/3411/2835
f 2255/3411/2835 2264/3410/2834 2263/3412/2836
f 2255/3411/2835 2263/3412/2836 2256/3413/2837
f 2256/3413/2837 2263/3412/2836 2262/3414/2838
f 2256/3413/2837 2262/3414/2838 2257/3415/2839
f 2257/3415/2839 2262/3414/2838 2261/3416/2840
f 2257/3415/2839 2261/3416/2840 2258/3417/2841
f 2258/3417/2841 2261/3416/2840 2260/3418/2842
f 2258/3417/2841 2260/3418/2842 2259/3419/2843
f 2266/3406/2830 2276/3405/2829 2267/3420/2844
f 2267/3420/2844 2276/3405/2829 2275/3421/2845
f 2267/3420/2844 2275/3421/2845 2268/3422/2846
f 2268/3422/2846 2275/3421/2845 2274/3423/2847
f 2268/3422/2846 2274/3423/2847 2269/3424/2848
f 2269/3424/2848 2274/3423/2847 2273/3425/2849
f 2269/3424/2848 2273/3425/2849 2270/3426/2850
f 2270/3426/2850 2273/3425/2849 2272/3427/2851
f 2270/3426/2850 2272/3427/2851 2271/3428/2852
f 2302/3429/2853 2348/3430/2854 2301/3431/2855
f 2301/3431/2855 2348/3430/2854 2325/3432/2856
f 2301/3433/2855 2325/3434/2856 2324/3435/2857
f 2324/3435/2857 2325/3434/2856 2326/3436/2858
f 2324/3435/2857 2326/3436/2858 2323/3437/2859
f 2323/3437/2859 2326/3436/2858 2327/3438/2860
f 2323/3437/2859 2327/3438/2860 2322/3439/2861
f 2322/3439/2861 2327/3438/2860 2328/3440/2862
f 2322/3439/2861 2328/3440/2862 2321/3441/2863
f 2321/3441/2863 2328/3440/2862 2329/3442/2864
f 2321/3441/2863 2329/3442/2864 2320/3443/2865
f 2320/3443/2865 2329/3442/2864 2330/3444/2866
f 2320/3443/2865 2330/3444/2866 2319/3445/2867
f 2319/3445/2867 2330/3444/2866 2331/3446/2868
f 2319/3445/2867 2331/3446/2868 2318/3447/2869
f 2318/3447/2869 2331/3446/2868 2332/3448/2870
f 2318/3447/2869 2332/3448/2870 2317/3449/2871
f 2317/3449/2871 2332/3448/2870 2333/3450/2872
f 2317/3449/2871 2333/3450/2872 2316/3451/2873
f 2316/3451/2873 2333/3450/2872 2334/3452/2874
f 2316/3451/2873 2334/3452/2874 2315/3453/2875
f 2315/3453/2875 2334/3452/2874 2335/3454/2876
f 2315/3453/2875 2335/3454/2876 2314/3455/2877
f 2314/3455/2877 2335/3454/2876 2336/3456/2878
f 2314/3455/2877 2336/3456/2878 2313/3457/2879
f 2313/3457/2879 2336/3456/2878 2337/3458/2880
f 2313/3457/2879 2337/3458/2880 2312/3459/2881
f 2312/3459/2881 2337/3458/2880 2338/3460/2882
f 2312/3459/2881 2338/3460/2882 2311/3461/2883
f 2311/3461/2883 2338/3460/2882 2339/3462/2884
f 2311/3461/2883 2339/3462/2884 2310/3463/2885
f 2310/3463/2885 2339/3462/2884 2340/3464/2886
f 2310/3463/2885 2340/3464/2886 2309/3465/2887
f 2309/3465/2887 2340/3464/2886 2341/3466/2888
f 2309/3465/2887 2341/3466/2888 2308/3467/2889
f 2308/3467/2889 2341/3466/2888 2342/3468/2890
f 2308/3467/2889 2342/3468/2890 2307/3469/2891
f 2307/3469/2891 2342/3468/2890 2343/3470/2892
f 2307/3469/2891 2343/3470/2892 2306/3471/2893
f 2306/3471/2893 2343/3470/2892 2344/3472/2894
f 2306/3471/2893 2344/3472/2894 2305/3473/2895
f 2305/3473/2895 2344/3472/2894 2345/3474/2896
f 2305/3473/2895 2345/3474/2896 2304/3475/2897
f 2304/3475/2897 2345/3474/2896 2346/3476/2898
f 2304/3475/2897 2346/3476/2898 2303/3477/2899
f 2303/3477/2899 2346/3476/2898 2347/3478/2900
f 2303/3477/2899 2347/3478/2900 2302/3429/2853
f 2302/3429/2853 2347/3478/2900 2348/3430/2854
f 2324/3479/2901 2314/3480/2902 2301/3481/2903
f 2301/3481/2903 2314/3480/2902 2313/3482/2904
f 2301/3481/2903 2313/3482/2904 2302/3483/2905
f 2302/3483/2905 2313/3482/2904 2312/3484/2906
f 2302/3483/2905 2312/3484/2906 2303/3485/2907
f 2303/3485/2907 2312/3484/2906 2311/3486/2908
f 2303/3485/2907 2311/3486/2908 2304/3487/2909
f 2304/3487/2909 2311/3486/2908 2310/3488/2910
f 2304/3487/2909 2310/3488/2910 2305/3489/2911
f 2305/3489/2911 2310/3488/2910 2309/3490/2912
f 2305/3489/2911 2309/3490/2912 2306/3491/2913
f 2306/3491/2913 2309/3490/2912 2308/3492/2914
f 2306/3491/2913 2308/3492/2914 2307/3493/2915
f 2314/3480/2902 2324/3479/2901 2315/3494/2916
f 2315/3494/2916 2324/3479/2901 2323/3495/2917
f 2315/3494/2916 2323/3495/2917 2316/3496/2918
f 2316/3496/2918 2323/3495/2917 2322/3497/2919
f 2316/3496/2918 2322/3497/2919 2317/3498/2920
f 2317/3498/2920 2322/3497/2919 2321/3499/2921
f 2317/3498/2920 2321/3499/2921 2318/3500/2922
f 2318/3500/2922 2321/3499/2921 2320/3501/2923
f 2318/3500/2922 2320/3501/2923 2319/3502/2924
f 2350/3503/2925 2396/3504/2926 2349/3505/2927
f 2349/3505/2927 2396/3504/2926 2373/3506/2928
f 2349/3507/2927 2373/3508/2928 2372/3509/2929
f 2372/3509/2929 2373/3508/2928 2374/3510/2930
f 2372/3509/2929 2374/3510/2930 2371/3511/2931
f 2371/3511/2931 2374/3510/2930 2375/3512/2932
f 2371/3511/2931 2375/3512/2932 2370/3513/2933
f 2370/3513/2933 2375/3512/2932 2376/3514/2934
f 2370/3513/2933 2376/3514/2934 2369/3515/2935
f 2369/3515/2935 2376/3514/2934 2377/3516/2936
f 2369/3515/2935 2377/3516/2936 2368/3517/2937
f 2368/3517/2937 2377/3516/2936 2378/3518/2938
f 2368/3517/2937 2378/3518/2938 2367/3519/2939
f 2367/3519/2939 2378/3518/2938 2379/3520/2940
f 2367/3519/2939 2379/3520/2940 2366/3521/2941
f 2366/3521/2941 2379/3520/2940 2380/3522/2942
f 2366/3521/2941 2380/3522/2942 2365/3523/2943
f 2365/3523/2943 2380/3522/2942 2381/3524/2944
f 2365/3523/2943 2381/3524/2944 2364/3525/2945
f 2364/3525/2945 2381/3524/2944 2382/3526/2946
f 2364/3525/2945 2382/3526/2946 2363/3527/2947
f 2363/3527/2947 2382/3526/2946 2383/3528/2948
f 2363/3527/2947 2383/3528/2948 2362/3529/2949
f 2362/3529/2949 2383/3528/2948 2384/3530/2950
f 2362/3529/2949 2384/3530/2950 2361/3531/2951
f 2361/3531/2951 2384/3530/2950 2385/3532/2952
f 2361/3531/2951 2385/3532/2952 2360/3533/2953
f 2360/3533/2953 2385/3532/2952 2386/3534/2954
f 2360/3533/2953 2386/3534/2954 2359/3535/2955
f 2359/3535/2955 2386/3534/2954 2387/3536/2956
f 2359/3535/2955 2387/3536/2956 2358/3537/2957
f 2358/3537/2957 2387/3536/2956 2388/3538/2958
f 2358/3537/2957 2388/3538/2958 2357/3539/2959
f 2357/3539/2959 2388/3538/2958 2389/3540/2960
f 2357/3539/2959 2389/3540/2960 2356/3541/2961
f 2356/3541/2961 2389/3540/2960 2390/3542/2962
f 2356/3541/2961 2390/3542/2962 2355/3543/2963
f 2355/3543/2963 2390/3542/2962 2391/3544/2964
f 2355/3543/2963 2391/3544/2964 2354/3545/2965
f 2354/3545/2965 2391/3544/2964 2392/3546/2966
f 2354/3545/2965 2392/3546/2966 2353/3547/2967
f 2353/3547/2967 2392/3546/2966 2393/3548/2968
f 2353/3547/2967 2393/3548/2968 2352/3549/2969
f 2352/3549/2969 2393/3548/2968 2394/3550/2970
f 2352/3549/2969 2394/3550/2970 2351/3551/2971
f 2351/3551/2971 2394/3550/2970 2395/3552/2972
f 2351/3551/2971 2395/3552/2972 2350/3503/2925
f 2350/3503/2925 2395/3552/2972 2396/3504/2926
f 2372/3553/2973 2362/3554/2974 2349/3555/2975
f 2349/3555/2975 2362/3554/2974 2361/3556/2976
f 2349/3555/2975 2361/3556/2976 2350/3557/2977
f 2350/3557/2977 2361/3556/2976 2360/3558/2978
f 2350/3557/2977 2360/3558/2978 2351/3559/2979
f 2351/3559/2979 2360/3558/2978 2359/3560/2980
f 2351/3559/2979 2359/3560/2980 2352/3561/2981
f 2352/3561/2981 2359/3560/2980 2358/3562/2982
f 2352/3561/2981 2358/3562/2982 2353/3563/2983
f 2353/3563/2983 2358/3562/2982 2357/3564/2984
f 2353/3563/2983 2357/3564/2984 2354/3565/2985
f 2354/3565/2985 2357/3564/2984 2356/3566/2986
f 2354/3565/2985 2356/3566/2986 2355/3567/2987
f 2362/3554/2974 2372/3553/2973 2363/3568/2988
f 2363/3568/2988 2372/3553/2973 2371/3569/2989
f 2363/3568/2988 2371/3569/2989 2364/3570/2990
f 2364/3570/2990 2371/3569/2989 2370/3571/2991
f 2364/3570/2990 2370/3571/2991 2365/3572/2992
f 2365/3572/2992 2370/3571/2991 2369/3573/2993
f 2365/3572/2992 2369/3573/2993 2366/3574/2994
f 2366/3574/2994 2369/3573/2993 2368/3575/2995
f 2366/3574/2994 2368/3575/2995 2367/3576/2996
f 2397/3577/2997 2398/3578/2998 2400/3579/2999
f 2400/3579/2999 2398/3578/2998 2399/3580/3000
f 2398/3581/3001 2401/3582/3002 2399/3583/3003
f 2399/3583/3003 2401/3582/3002 2402/3584/3004
f 2401/3585/3005 2403/3586/3006 2402/3587/3007
f 2402/3587/3007 2403/3586/3006 2404/3588/3008
f 2403/3589/3009 2397/3590/3010 2404/3591/3011
f 2404/3591/3011 2397/3590/3010 2400/3592/3012
f 2012/3593/3013 1905/3594/3014 1989/3595/3015
f 1989/3595/3015 1905/3594/3014 1904/3596/3016
f 1989/3595/3015 1904/3596/3016 1990/3597/3017
f 1990/3597/3017 1904/3596/3016 1903/3598/3018
f 1990/3597/3017 1903/3598/3018 1991/3599/3019
f 1991/3599/3019 1903/3598/3018 1992/3600/3020
f 1992/3600/3020 1903/3598/3018 1902/3601/3021
f 1992/3600/3020 1902/3601/3021 2187/3602/3022
f 2187/3602/3022 1902/3601/3021 2188/3603/3023
f 2188/3603/3023 1902/3601/3021 2189/3604/3024
f 2189/3604/3024 1902/3601/3021 1901/3605/3025
f 2189/3604/3024 1901/3605/3025 2190/3606/3026
f 2190/3606/3026 1901/3605/3025 2191/3607/3027
f 2191/3607/3027 1901/3605/3025 1900/3608/3028
f 2191/3607/3027 1900/3608/3028 2192/3609/3029
f 2192/3609/3029 1900/3608/3028 2193/3610/3030
f 2193/3610/3030 1900/3608/3028 1899/3611/3031
f 2193/3610/3030 1899/3611/3031 2194/3612/3032
f 2194/3612/3032 1899/3611/3031 2300/3613/3033
f 2194/3612/3032 2300/3613/3033 2299/3614/3034
f 1905/3594/3014 2012/3593/3013 1906/3615/3035
f 1906/3615/3035 2012/3593/3013 2011/3616/3036
f 1906/3615/3035 2011/3616/3036 1907/3617/3037
f 1907/3617/3037 2011/3616/3036 2010/3618/3038
f 1907/3617/3037 2010/3618/3038 1908/3619/3039
f 1908/3619/3039 2010/3618/3038 2151/3620/3040
f 1908/3619/3039 2151/3620/3040 2150/3621/3041
f 2009/3622/3042 2153/3623/3043 2010/3618/3038
f 2010/3618/3038 2153/3623/3043 2152/3624/3044
f 2010/3618/3038 2152/3624/3044 2151/3620/3040
f 2008/3625/3045 2155/3626/3046 2009/3622/3042
f 2009/3622/3042 2155/3626/3046 2154/3627/3047
f 2009/3622/3042 2154/3627/3047 2153/3623/3043
f 2007/3628/3048 2133/3629/3049 2008/3625/3045
f 2008/3625/3045 2133/3629/3049 2156/3630/3050
f 2008/3625/3045 2156/3630/3050 2155/3626/3046
f 2006/3631/3051 2049/3632/3052 2007/3628/3048
f 2007/3628/3048 2049/3632/3052 2048/3633/3053
f 2007/3628/3048 2048/3633/3053 2134/3634/3054
f 2134/3634/3054 2048/3633/3053 2135/3635/3055
f 2135/3635/3055 2048/3633/3053 2047/3636/3056
f 2135/3635/3055 2047/3636/3056 2136/3637/3057
f 2136/3637/3057 2047/3636/3056 2046/3638/3058
f 2136/3637/3057 2046/3638/3058 2137/3639/3059
f 2137/3639/3059 2046/3638/3058 2045/3640/3060
f 2137/3639/3059 2045/3640/3060 2138/3641/3061
f 2138/3641/3061 2045/3640/3060 2044/3642/3062
f 2138/3641/3061 2044/3642/3062 2402/3643/3063
f 2402/3643/3063 2044/3642/3062 2043/3644/3064
f 2402/3643/3063 2043/3644/3064 2042/3645/3065
f 2005/3646/3066 2051/3647/3067 2006/3631/3051
f 2006/3631/3051 2051/3647/3067 2050/3648/3068
f 2006/3631/3051 2050/3648/3068 2049/3632/3052
f 2004/3649/3069 2053/3650/3070 2005/3646/3066
f 2005/3646/3066 2053/3650/3070 2052/3651/3071
f 2005/3646/3066 2052/3651/3071 2051/3647/3067
f 2003/3652/3072 2055/3653/3073 2004/3649/3069
f 2004/3649/3069 2055/3653/3073 2054/3654/3074
f 2004/3649/3069 2054/3654/3074 2053/3650/3070
f 2055/3653/3073 2003/3652/3072 2056/3655/3075
f 2056/3655/3075 2003/3652/3072 2002/3656/3076
f 2056/3655/3075 2002/3656/3076 2057/3657/3077
f 2057/3657/3077 2002/3656/3076 2001/3658/3078
f 2057/3657/3077 2001/3658/3078 2058/3659/3079
f 2058/3659/3079 2001/3658/3078 2088/3660/3080
f 2058/3659/3079 2088/3660/3080 2059/3661/3081
f 2059/3661/3081 2088/3660/3080 2087/3662/3082
f 2059/3661/3081 2087/3662/3082 2060/3663/3083
f 2060/3663/3083 2087/3662/3082 2086/3664/3084
f 2060/3663/3083 2086/3664/3084 2402/3643/3063
f 2402/3643/3063 2086/3664/3084 2399/3665/3085
f 2399/3665/3085 2086/3664/3084 2085/3666/3086
f 2399/3665/3085 2085/3666/3086 2108/3667/3087
f 2088/3660/3080 2001/3658/3078 2089/3668/3088
f 2089/3668/3088 2001/3658/3078 2000/3669/3089
f 2089/3668/3088 2000/3669/3089 2090/3670/3090
f 2090/3670/3090 2000/3669/3089 1999/3671/3091
f 2090/3670/3090 1999/3671/3091 2091/3672/3092
f 2091/3672/3092 1999/3671/3091 1998/3673/3093
f 2091/3672/3092 1998/3673/3093 2092/3674/3094
f 2092/3674/3094 1998/3673/3093 2093/3675/3095
f 2093/3675/3095 1998/3673/3093 1997/3676/3096
f 2093/3675/3095 1997/3676/3096 2094/3677/3097
f 2094/3677/3097 1997/3676/3096 2095/3678/3098
f 2095/3678/3098 1997/3676/3096 1996/3679/3099
f 2095/3678/3098 1996/3679/3099 2096/3680/3100
f 2096/3680/3100 1996/3679/3099 2097/3681/3101
f 2097/3681/3101 1996/3679/3099 1995/3682/3102
f 2097/3681/3101 1995/3682/3102 2098/3683/3103
f 2098/3683/3103 1995/3682/3102 2204/3684/3104
f 2098/3683/3103 2204/3684/3104 2203/3685/3105
f 2204/3684/3104 1995/3682/3102 2181/3686/3106
f 2181/3686/3106 1995/3682/3102 1994/3687/3107
f 2181/3686/3106 1994/3687/3107 2182/3688/3108
f 2182/3688/3108 1994/3687/3107 2183/3689/3109
f 2183/3689/3109 1994/3687/3107 1993/3690/3110
f 2183/3689/3109 1993/3690/3110 2184/3691/3111
f 2184/3691/3111 1993/3690/3110 2185/3692/3112
f 2185/3692/3112 1993/3690/3110 1992/3600/3020
f 2185/3692/3112 1992/3600/3020 2186/3693/3113
f 2186/3693/3113 1992/3600/3020 2187/3602/3022
f 2400/3694/3114 2338/3695/3115 2404/3696/3116
f 2404/3696/3116 2338/3695/3115 2337/3697/3117
f 2404/3696/3116 2337/3697/3117 2336/3698/3118
f 2399/3665/3085 2199/3699/3119 2400/3694/3114
f 2400/3694/3114 2199/3699/3119 2295/3700/3120
f 2400/3694/3114 2295/3700/3120 2294/3701/3121
f 2138/3641/3061 2402/3643/3063 2139/3702/3122
f 2139/3702/3122 2402/3643/3063 2404/3696/3116
f 2139/3702/3122 2404/3696/3116 2235/3703/3123
f 2235/3703/3123 2404/3696/3116 2236/3704/3124
f 2236/3704/3124 2404/3696/3116 2330/3705/3125
f 2236/3704/3124 2330/3705/3125 2329/3706/3126
f 2396/3707/3127 1803/3708/3128 2373/3709/3129
f 2373/3709/3129 1803/3708/3128 1802/3710/3130
f 2373/3709/3129 1802/3710/3130 2374/3711/3131
f 2374/3711/3131 1802/3710/3130 2375/3712/3132
f 2375/3712/3132 1802/3710/3130 1801/3713/3133
f 2375/3712/3132 1801/3713/3133 2376/3714/3134
f 2376/3714/3134 1801/3713/3133 2377/3715/3135
f 2377/3715/3135 1801/3713/3133 1800/3716/3136
f 2377/3715/3135 1800/3716/3136 2378/3717/3137
f 2378/3717/3137 1800/3716/3136 2379/3718/3138
f 2379/3718/3138 1800/3716/3136 1799/3719/3139
f 2379/3718/3138 1799/3719/3139 2380/3720/3140
f 2380/3720/3140 1799/3719/3139 1798/3721/3141
f 2380/3720/3140 1798/3721/3141 2381/3722/3142
f 2381/3722/3142 1798/3721/3141 1797/3723/3143
f 2381/3722/3142 1797/3723/3143 2382/3724/3144
f 2382/3724/3144 1797/3723/3143 2340/3725/3145
f 2382/3724/3144 2340/3725/3145 2383/3726/3146
f 2383/3726/3146 2340/3725/3145 2339/3727/3147
f 2383/3726/3146 2339/3727/3147 2384/3728/3148
f 2384/3728/3148 2339/3727/3147 2338/3695/3115
f 2384/3728/3148 2338/3695/3115 2400/3694/3114
f 1803/3708/3128 2396/3707/3127 2290/3729/3149
f 2290/3729/3149 2396/3707/3127 2395/3730/3150
f 2290/3729/3149 2395/3730/3150 2291/3731/3151
f 2291/3731/3151 2395/3730/3150 2394/3732/3152
f 2291/3731/3151 2394/3732/3152 2292/3733/3153
f 2292/3733/3153 2394/3732/3152 2393/3734/3154
f 2292/3733/3153 2393/3734/3154 2293/3735/3155
f 2293/3735/3155 2393/3734/3154 2294/3701/3121
f 2294/3701/3121 2393/3734/3154 2392/3736/3156
f 2294/3701/3121 2392/3736/3156 2400/3694/3114
f 2400/3694/3114 2392/3736/3156 2391/3737/3157
f 2400/3694/3114 2391/3737/3157 2390/3738/3158
f 2390/3738/3158 2389/3739/3159 2400/3694/3114
f 2400/3694/3114 2389/3739/3159 2388/3740/3160
f 2400/3694/3114 2388/3740/3160 2387/3741/3161
f 2387/3741/3161 2386/3742/3162 2400/3694/3114
f 2400/3694/3114 2386/3742/3162 2385/3743/3163
f 2400/3694/3114 2385/3743/3163 2384/3728/3148
f 2348/3744/3164 1816/3745/3165 2325/3746/3166
f 2325/3746/3166 1816/3745/3165 1815/3747/3167
f 2325/3746/3166 1815/3747/3167 2326/3748/3168
f 2326/3748/3168 1815/3747/3167 2240/3749/3169
f 2326/3748/3168 2240/3749/3169 2327/3750/3170
f 2327/3750/3170 2240/3749/3169 2239/3751/3171
f 2327/3750/3170 2239/3751/3171 2328/3752/3172
f 2328/3752/3172 2239/3751/3171 2238/3753/3173
f 2328/3752/3172 2238/3753/3173 2329/3706/3126
f 2329/3706/3126 2238/3753/3173 2237/3754/3174
f 2329/3706/3126 2237/3754/3174 2236/3704/3124
f 2348/3744/3164 2347/3755/3175 1816/3745/3165
f 1816/3745/3165 2347/3755/3175 1817/3756/3176
f 1817/3756/3176 2347/3755/3175 2346/3757/3177
f 1817/3756/3176 2346/3757/3177 2345/3758/3178
f 1817/3756/3176 2345/3758/3178 1818/3759/3179
f 1818/3759/3179 2345/3758/3178 2344/3760/3180
f 1818/3759/3179 2344/3760/3180 2343/3761/3181
f 1818/3759/3179 2343/3761/3181 1819/3762/3182
f 1819/3762/3182 2343/3761/3181 2342/3763/3183
f 1819/3762/3182 2342/3763/3183 1820/3764/3184
f 1820/3764/3184 2342/3763/3183 2341/3765/3185
f 1820/3764/3184 2341/3765/3185 1797/3723/3143
f 1797/3723/3143 2341/3765/3185 2340/3725/3145
f 2336/3698/3118 2335/3766/3186 2404/3696/3116
f 2404/3696/3116 2335/3766/3186 2334/3767/3187
f 2404/3696/3116 2334/3767/3187 2333/3768/3188
f 2333/3768/3188 2332/3769/3189 2404/3696/3116
f 2404/3696/3116 2332/3769/3189 2331/3770/3190
f 2404/3696/3116 2331/3770/3190 2330/3705/3125
f 2300/3613/3033 1899/3611/3031 2277/3771/3191
f 2277/3771/3191 1899/3611/3031 1898/3772/3192
f 2277/3771/3191 1898/3772/3192 2278/3773/3193
f 2278/3773/3193 1898/3772/3192 2279/3774/3194
f 2279/3774/3194 1898/3772/3192 1897/3775/3195
f 2279/3774/3194 1897/3775/3195 2280/3776/3196
f 2280/3776/3196 1897/3775/3195 2281/3777/3197
f 2281/3777/3197 1897/3775/3195 1896/3778/3198
f 2281/3777/3197 1896/3778/3198 2282/3779/3199
f 2282/3779/3199 1896/3778/3198 2283/3780/3200
f 2283/3780/3200 1896/3778/3198 1806/3781/3201
f 2283/3780/3200 1806/3781/3201 2284/3782/3202
f 2284/3782/3202 1806/3781/3201 2285/3783/3203
f 2285/3783/3203 1806/3781/3201 1805/3784/3204
f 2285/3783/3203 1805/3784/3204 2286/3785/3205
f 2286/3785/3205 1805/3784/3204 2287/3786/3206
f 2287/3786/3206 1805/3784/3204 1804/3787/3207
f 2287/3786/3206 1804/3787/3207 2288/3788/3208
f 2288/3788/3208 1804/3787/3207 2289/3789/3209
f 2289/3789/3209 1804/3787/3207 1803/3708/3128
f 2289/3789/3209 1803/3708/3128 2290/3729/3149
f 2194/3612/3032 2299/3614/3034 2195/3790/3210
f 2195/3790/3210 2299/3614/3034 2298/3791/3211
f 2195/3790/3210 2298/3791/3211 2196/3792/3212
f 2196/3792/3212 2298/3791/3211 2297/3793/3213
f 2196/3792/3212 2297/3793/3213 2197/3794/3214
f 2197/3794/3214 2297/3793/3213 2296/3795/3215
f 2197/3794/3214 2296/3795/3215 2198/3796/3216
f 2198/3796/3216 2296/3795/3215 2199/3699/3119
f 2199/3699/3119 2296/3795/3215 2295/3700/3120
f 2252/3797/3217 1912/3798/3218 2229/3799/3219
f 2229/3799/3219 1912/3798/3218 1911/3800/3220
f 2229/3799/3219 1911/3800/3220 2230/3801/3221
f 2230/3801/3221 1911/3800/3220 2144/3802/3222
f 2230/3801/3221 2144/3802/3222 2231/3803/3223
f 2231/3803/3223 2144/3802/3222 2143/3804/3224
f 2231/3803/3223 2143/3804/3224 2232/3805/3225
f 2232/3805/3225 2143/3804/3224 2142/3806/3226
f 2232/3805/3225 2142/3806/3226 2233/3807/3227
f 2233/3807/3227 2142/3806/3226 2141/3808/3228
f 2233/3807/3227 2141/3808/3228 2234/3809/3229
f 2234/3809/3229 2141/3808/3228 2140/3810/3230
f 2234/3809/3229 2140/3810/3230 2139/3702/3122
f 2252/3797/3217 2251/3811/3231 1912/3798/3218
f 1912/3798/3218 2251/3811/3231 1913/3812/3232
f 1913/3812/3232 2251/3811/3231 2250/3813/3233
f 1913/3812/3232 2250/3813/3233 2249/3814/3234
f 1913/3812/3232 2249/3814/3234 1914/3815/3235
f 1914/3815/3235 2249/3814/3234 2248/3816/3236
f 1914/3815/3235 2248/3816/3236 2247/3817/3237
f 1914/3815/3235 2247/3817/3237 1812/3818/3238
f 1812/3818/3238 2247/3817/3237 2246/3819/3239
f 1812/3818/3238 2246/3819/3239 2245/3820/3240
f 1812/3818/3238 2245/3820/3240 1813/3821/3241
f 1813/3821/3241 2245/3820/3240 2244/3822/3242
f 1813/3821/3241 2244/3822/3242 2243/3823/3243
f 1813/3821/3241 2243/3823/3243 1814/3824/3244
f 1814/3824/3244 2243/3823/3243 2242/3825/3245
f 1814/3824/3244 2242/3825/3245 2241/3826/3246
f 1814/3824/3244 2241/3826/3246 1815/3747/3167
f 1815/3747/3167 2241/3826/3246 2240/3749/3169
f 2235/3703/3123 2234/3809/3229 2139/3702/3122
f 2098/3683/3103 2203/3685/3105 2099/3827/3247
f 2099/3827/3247 2203/3685/3105 2202/3828/3248
f 2099/3827/3247 2202/3828/3248 2100/3829/3249
f 2100/3829/3249 2202/3828/3248 2201/3830/3250
f 2100/3829/3249 2201/3830/3250 2101/3831/3251
f 2101/3831/3251 2201/3830/3250 2200/3832/3252
f 2101/3831/3251 2200/3832/3252 2102/3833/3253
f 2102/3833/3253 2200/3832/3252 2399/3665/3085
f 2102/3833/3253 2399/3665/3085 2103/3834/3254
f 2103/3834/3254 2399/3665/3085 2104/3835/3255
f 2104/3835/3255 2399/3665/3085 2105/3836/3256
f 2105/3836/3256 2399/3665/3085 2106/3837/3257
f 2106/3837/3257 2399/3665/3085 2107/3838/3258
f 2107/3838/3258 2399/3665/3085 2108/3667/3087
f 2200/3832/3252 2199/3699/3119 2399/3665/3085
f 2150/3621/3041 2149/3839/3259 1908/3619/3039
f 1908/3619/3039 2149/3839/3259 1909/3840/3260
f 1909/3840/3260 2149/3839/3259 2148/3841/3261
f 1909/3840/3260 2148/3841/3261 2147/3842/3262
f 1909/3840/3260 2147/3842/3262 1910/3843/3263
f 1910/3843/3263 2147/3842/3262 2146/3844/3264
f 1910/3843/3263 2146/3844/3264 2145/3845/3265
f 1910/3843/3263 2145/3845/3265 1911/3800/3220
f 1911/3800/3220 2145/3845/3265 2144/3802/3222
f 2134/3634/3054 2133/3629/3049 2007/3628/3048
f 2038/3846/3266 2037/3847/3267 2402/3643/3063
f 2402/3643/3063 2037/3847/3267 2060/3663/3083
f 2042/3645/3065 2041/3848/3268 2402/3643/3063
f 2402/3643/3063 2041/3848/3268 2040/3849/3269
f 2402/3643/3063 2040/3849/3269 2039/3850/3270
f 2039/3850/3270 2038/3846/3266 2402/3643/3063
f 1916/3851/3271 1809/3852/3272 1893/3853/3273
f 1893/3853/3273 1809/3852/3272 1808/3854/3274
f 1893/3853/3273 1808/3854/3274 1894/3855/3275
f 1894/3855/3275 1808/3854/3274 1807/3856/3276
f 1894/3855/3275 1807/3856/3276 1895/3857/3277
f 1895/3857/3277 1807/3856/3276 1896/3778/3198
f 1896/3778/3198 1807/3856/3276 1806/3781/3201
f 1809/3852/3272 1916/3851/3271 1810/3858/3278
f 1810/3858/3278 1916/3851/3271 1915/3859/3279
f 1810/3858/3278 1915/3859/3279 1811/3860/3280
f 1811/3860/3280 1915/3859/3279 1914/3815/3235
f 1811/3860/3280 1914/3815/3235 1812/3818/3238
f 94/3861/94 182/3862/182 60/3863/80
f 60/3863/80 182/3862/182 148/3864/168
f 47/3865/47 88/3866/88 13/3867/36
f 13/3867/36 88/3866/88 54/3868/61
f 46/3869/3281 45/3870/3282 47/3871/3283
f 47/3871/3283 45/3870/3282 44/3872/3284
f 47/3871/3283 44/3872/3284 43/3873/3285
f 43/3873/3285 42/3874/3286 47/3871/3283
f 47/3871/3283 42/3874/3286 41/3875/3287
f 47/3871/3283 41/3875/3287 2403/3876/3288
f 2403/3876/3288 41/3875/3287 2397/3877/3289
f 2397/3877/3289 41/3875/3287 141/3878/3290
f 2397/3877/3289 141/3878/3290 135/3879/3291
f 135/3879/3291 141/3878/3290 140/3880/3292
f 135/3879/3291 140/3880/3292 139/3881/3293
f 139/3881/3293 138/3882/3294 135/3879/3291
f 135/3879/3291 138/3882/3294 137/3883/3295
f 135/3879/3291 137/3883/3295 136/3884/3296
f 135/3879/3291 188/3885/3297 2397/3877/3289
f 2397/3877/3289 188/3885/3297 2398/3886/3298
f 2398/3886/3298 188/3885/3297 182/3887/3299
f 2398/3886/3298 182/3887/3299 94/3888/3300
f 187/3889/3301 186/3890/3302 188/3885/3297
f 188/3885/3297 186/3890/3302 185/3891/3303
f 188/3885/3297 185/3891/3303 184/3892/3304
f 184/3892/3304 183/3893/3305 188/3885/3297
f 188/3885/3297 183/3893/3305 182/3887/3299
f 93/3894/3306 88/3895/3307 94/3888/3300
f 94/3888/3300 88/3895/3307 2401/3896/3308
f 94/3888/3300 2401/3896/3308 2398/3886/3298
f 93/3894/3306 92/3897/3309 88/3895/3307
f 88/3895/3307 92/3897/3309 91/3898/3310
f 88/3895/3307 91/3898/3310 90/3899/3311
f 90/3899/3311 89/3900/3312 88/3895/3307
f 88/3895/3307 47/3871/3283 2401/3896/3308
f 2401/3896/3308 47/3871/3283 2403/3876/3288
# 2404 vertices
# 3900 texture params
# 3312 normals
# 4804 facets

# 1 groups
