ISO-10303-21;
HEADER;
/* Generated by software containing ST-Developer
 * from STEP Tools, Inc. (www.steptools.com) 
 */

FILE_DESCRIPTION(
/* description */ (''),
/* implementation_level */ '2;1');

FILE_NAME(
/* name */ '2efdd3cb-1c52-4f3d-91e4-fdc2f0366055.stp',
/* time_stamp */ '2026-08-04T14:26:13Z',
/* author */ (''),
/* organization */ (''),
/* preprocessor_version */ 'ST-DEVELOPER v20.2',
/* originating_system */ 'Autodesk Translation Framework v15.15.0.0',
/* authorisation */ '');

FILE_SCHEMA (('AUTOMOTIVE_DESIGN { 1 0 10303 214 3 1 1 }'));
ENDSEC;

DATA;
#10=MECHANICAL_DESIGN_GEOMETRIC_PRESENTATION_REPRESENTATION('',(#473,#474,
#475,#476,#477,#478,#479,#480,#481,#482,#483,#484,#485,#486,#487,#488,#489,
#490,#491,#492,#493,#494),#11035);
#11=SHAPE_REPRESENTATION_RELATIONSHIP('SRR','None',#11042,#12);
#12=ADVANCED_BREP_SHAPE_REPRESENTATION('',(#495,#496,#497,#498,#499,#500,
#501,#502,#503,#504,#505,#506,#507,#508,#509,#510,#511,#512,#513,#514,#515,
#516),#11034);
#13=CONICAL_SURFACE('',#4479,25.,0.0872664625997165);
#14=CONICAL_SURFACE('',#4489,25.,0.0872664625997165);
#15=CONICAL_SURFACE('',#4500,25.,0.0872664625997165);
#16=CONICAL_SURFACE('',#4509,25.,0.0872664625997165);
#17=CONICAL_SURFACE('',#4520,25.,0.0872664625997165);
#18=CONICAL_SURFACE('',#4529,25.,0.0872664625997165);
#19=CONICAL_SURFACE('',#4540,25.,0.0872664625997165);
#20=CONICAL_SURFACE('',#4549,25.,0.0872664625997165);
#21=CONICAL_SURFACE('',#4560,25.,0.0872664625997165);
#22=CONICAL_SURFACE('',#4569,25.,0.0872664625997165);
#23=CONICAL_SURFACE('',#4580,25.,0.0872664625997165);
#24=CONICAL_SURFACE('',#4589,25.,0.0872664625997165);
#25=CONICAL_SURFACE('',#4600,25.,0.0872664625997165);
#26=CONICAL_SURFACE('',#4609,25.,0.0872664625997165);
#27=CONICAL_SURFACE('',#4620,25.,0.0872664625997165);
#28=CONICAL_SURFACE('',#4629,25.,0.0872664625997165);
#29=CONICAL_SURFACE('',#4640,25.,0.0872664625997165);
#30=CONICAL_SURFACE('',#4649,25.,0.0872664625997165);
#31=CONICAL_SURFACE('',#4660,25.,0.0872664625997165);
#32=CONICAL_SURFACE('',#4669,25.,0.0872664625997165);
#33=(
BOUNDED_CURVE()
B_SPLINE_CURVE(5,(#5639,#5640,#5641,#5642,#5643,#5644,#5645,#5646),
 .UNSPECIFIED.,.F.,.F.)
B_SPLINE_CURVE_WITH_KNOTS((6,1,1,6),(0.469021113269275,0.5,0.6,0.607981076066646),
 .UNSPECIFIED.)
CURVE()
GEOMETRIC_REPRESENTATION_ITEM()
RATIONAL_B_SPLINE_CURVE((1.,1.,1.,1.,1.,1.,1.,1.))
REPRESENTATION_ITEM('')
);
#34=(
BOUNDED_CURVE()
B_SPLINE_CURVE(2,(#5777,#5778,#5779),.UNSPECIFIED.,.F.,.F.)
B_SPLINE_CURVE_WITH_KNOTS((3,3),(0.306045543617778,0.553429838563054),
 .UNSPECIFIED.)
CURVE()
GEOMETRIC_REPRESENTATION_ITEM()
RATIONAL_B_SPLINE_CURVE((1.,1.,1.))
REPRESENTATION_ITEM('')
);
#35=(
BOUNDED_CURVE()
B_SPLINE_CURVE(5,(#5912,#5913,#5914,#5915,#5916,#5917,#5918,#5919),
 .UNSPECIFIED.,.F.,.F.)
B_SPLINE_CURVE_WITH_KNOTS((6,1,1,6),(0.469021113269275,0.5,0.6,0.607981076066646),
 .UNSPECIFIED.)
CURVE()
GEOMETRIC_REPRESENTATION_ITEM()
RATIONAL_B_SPLINE_CURVE((1.,1.,1.,1.,1.,1.,1.,1.))
REPRESENTATION_ITEM('')
);
#36=(
BOUNDED_CURVE()
B_SPLINE_CURVE(2,(#6050,#6051,#6052),.UNSPECIFIED.,.F.,.F.)
B_SPLINE_CURVE_WITH_KNOTS((3,3),(0.306045543617778,0.553429838563054),
 .UNSPECIFIED.)
CURVE()
GEOMETRIC_REPRESENTATION_ITEM()
RATIONAL_B_SPLINE_CURVE((1.,1.,1.))
REPRESENTATION_ITEM('')
);
#37=(
BOUNDED_CURVE()
B_SPLINE_CURVE(2,(#6180,#6181,#6182),.UNSPECIFIED.,.F.,.F.)
B_SPLINE_CURVE_WITH_KNOTS((3,3),(0.306045543617778,0.553429838563054),
 .UNSPECIFIED.)
CURVE()
GEOMETRIC_REPRESENTATION_ITEM()
RATIONAL_B_SPLINE_CURVE((1.,1.,1.))
REPRESENTATION_ITEM('')
);
#38=(
BOUNDED_CURVE()
B_SPLINE_CURVE(5,(#6290,#6291,#6292,#6293,#6294,#6295,#6296,#6297),
 .UNSPECIFIED.,.F.,.F.)
B_SPLINE_CURVE_WITH_KNOTS((6,1,1,6),(0.469021113269275,0.5,0.6,0.607981076066646),
 .UNSPECIFIED.)
CURVE()
GEOMETRIC_REPRESENTATION_ITEM()
RATIONAL_B_SPLINE_CURVE((1.,1.,1.,1.,1.,1.,1.,1.))
REPRESENTATION_ITEM('')
);
#39=(
BOUNDED_CURVE()
B_SPLINE_CURVE(5,(#6458,#6459,#6460,#6461,#6462,#6463,#6464,#6465),
 .UNSPECIFIED.,.F.,.F.)
B_SPLINE_CURVE_WITH_KNOTS((6,1,1,6),(0.469021113269275,0.5,0.6,0.607981076066646),
 .UNSPECIFIED.)
CURVE()
GEOMETRIC_REPRESENTATION_ITEM()
RATIONAL_B_SPLINE_CURVE((1.,1.,1.,1.,1.,1.,1.,1.))
REPRESENTATION_ITEM('')
);
#40=(
BOUNDED_CURVE()
B_SPLINE_CURVE(2,(#6596,#6597,#6598),.UNSPECIFIED.,.F.,.F.)
B_SPLINE_CURVE_WITH_KNOTS((3,3),(0.306045543617778,0.553429838563054),
 .UNSPECIFIED.)
CURVE()
GEOMETRIC_REPRESENTATION_ITEM()
RATIONAL_B_SPLINE_CURVE((1.,1.,1.))
REPRESENTATION_ITEM('')
);
#41=(
BOUNDED_CURVE()
B_SPLINE_CURVE(2,(#6726,#6727,#6728),.UNSPECIFIED.,.F.,.F.)
B_SPLINE_CURVE_WITH_KNOTS((3,3),(0.306045543617778,0.553429838563054),
 .UNSPECIFIED.)
CURVE()
GEOMETRIC_REPRESENTATION_ITEM()
RATIONAL_B_SPLINE_CURVE((1.,1.,1.))
REPRESENTATION_ITEM('')
);
#42=(
BOUNDED_CURVE()
B_SPLINE_CURVE(5,(#6836,#6837,#6838,#6839,#6840,#6841,#6842,#6843),
 .UNSPECIFIED.,.F.,.F.)
B_SPLINE_CURVE_WITH_KNOTS((6,1,1,6),(0.469021113269275,0.5,0.6,0.607981076066646),
 .UNSPECIFIED.)
CURVE()
GEOMETRIC_REPRESENTATION_ITEM()
RATIONAL_B_SPLINE_CURVE((1.,1.,1.,1.,1.,1.,1.,1.))
REPRESENTATION_ITEM('')
);
#43=(
BOUNDED_CURVE()
B_SPLINE_CURVE(5,(#7004,#7005,#7006,#7007,#7008,#7009,#7010,#7011),
 .UNSPECIFIED.,.F.,.F.)
B_SPLINE_CURVE_WITH_KNOTS((6,1,1,6),(0.469021113269275,0.5,0.6,0.607981076066646),
 .UNSPECIFIED.)
CURVE()
GEOMETRIC_REPRESENTATION_ITEM()
RATIONAL_B_SPLINE_CURVE((1.,1.,1.,1.,1.,1.,1.,1.))
REPRESENTATION_ITEM('')
);
#44=(
BOUNDED_CURVE()
B_SPLINE_CURVE(2,(#7142,#7143,#7144),.UNSPECIFIED.,.F.,.F.)
B_SPLINE_CURVE_WITH_KNOTS((3,3),(0.306045543617778,0.553429838563054),
 .UNSPECIFIED.)
CURVE()
GEOMETRIC_REPRESENTATION_ITEM()
RATIONAL_B_SPLINE_CURVE((1.,1.,1.))
REPRESENTATION_ITEM('')
);
#45=(
BOUNDED_CURVE()
B_SPLINE_CURVE(2,(#7272,#7273,#7274),.UNSPECIFIED.,.F.,.F.)
B_SPLINE_CURVE_WITH_KNOTS((3,3),(0.306045543617778,0.553429838563054),
 .UNSPECIFIED.)
CURVE()
GEOMETRIC_REPRESENTATION_ITEM()
RATIONAL_B_SPLINE_CURVE((1.,1.,1.))
REPRESENTATION_ITEM('')
);
#46=(
BOUNDED_CURVE()
B_SPLINE_CURVE(5,(#7382,#7383,#7384,#7385,#7386,#7387,#7388,#7389),
 .UNSPECIFIED.,.F.,.F.)
B_SPLINE_CURVE_WITH_KNOTS((6,1,1,6),(0.469021113269275,0.5,0.6,0.607981076066646),
 .UNSPECIFIED.)
CURVE()
GEOMETRIC_REPRESENTATION_ITEM()
RATIONAL_B_SPLINE_CURVE((1.,1.,1.,1.,1.,1.,1.,1.))
REPRESENTATION_ITEM('')
);
#47=(
BOUNDED_CURVE()
B_SPLINE_CURVE(5,(#7550,#7551,#7552,#7553,#7554,#7555,#7556,#7557),
 .UNSPECIFIED.,.F.,.F.)
B_SPLINE_CURVE_WITH_KNOTS((6,1,1,6),(0.469021113269275,0.5,0.6,0.607981076066646),
 .UNSPECIFIED.)
CURVE()
GEOMETRIC_REPRESENTATION_ITEM()
RATIONAL_B_SPLINE_CURVE((1.,1.,1.,1.,1.,1.,1.,1.))
REPRESENTATION_ITEM('')
);
#48=(
BOUNDED_CURVE()
B_SPLINE_CURVE(2,(#7688,#7689,#7690),.UNSPECIFIED.,.F.,.F.)
B_SPLINE_CURVE_WITH_KNOTS((3,3),(0.306045543617778,0.553429838563054),
 .UNSPECIFIED.)
CURVE()
GEOMETRIC_REPRESENTATION_ITEM()
RATIONAL_B_SPLINE_CURVE((1.,1.,1.))
REPRESENTATION_ITEM('')
);
#49=(
BOUNDED_CURVE()
B_SPLINE_CURVE(2,(#7818,#7819,#7820),.UNSPECIFIED.,.F.,.F.)
B_SPLINE_CURVE_WITH_KNOTS((3,3),(0.306045543617778,0.553429838563054),
 .UNSPECIFIED.)
CURVE()
GEOMETRIC_REPRESENTATION_ITEM()
RATIONAL_B_SPLINE_CURVE((1.,1.,1.))
REPRESENTATION_ITEM('')
);
#50=(
BOUNDED_CURVE()
B_SPLINE_CURVE(5,(#7928,#7929,#7930,#7931,#7932,#7933,#7934,#7935),
 .UNSPECIFIED.,.F.,.F.)
B_SPLINE_CURVE_WITH_KNOTS((6,1,1,6),(0.469021113269275,0.5,0.6,0.607981076066646),
 .UNSPECIFIED.)
CURVE()
GEOMETRIC_REPRESENTATION_ITEM()
RATIONAL_B_SPLINE_CURVE((1.,1.,1.,1.,1.,1.,1.,1.))
REPRESENTATION_ITEM('')
);
#51=(
BOUNDED_CURVE()
B_SPLINE_CURVE(5,(#8096,#8097,#8098,#8099,#8100,#8101,#8102,#8103),
 .UNSPECIFIED.,.F.,.F.)
B_SPLINE_CURVE_WITH_KNOTS((6,1,1,6),(0.469021113269275,0.5,0.6,0.607981076066646),
 .UNSPECIFIED.)
CURVE()
GEOMETRIC_REPRESENTATION_ITEM()
RATIONAL_B_SPLINE_CURVE((1.,1.,1.,1.,1.,1.,1.,1.))
REPRESENTATION_ITEM('')
);
#52=(
BOUNDED_CURVE()
B_SPLINE_CURVE(2,(#8234,#8235,#8236),.UNSPECIFIED.,.F.,.F.)
B_SPLINE_CURVE_WITH_KNOTS((3,3),(0.306045543617778,0.553429838563054),
 .UNSPECIFIED.)
CURVE()
GEOMETRIC_REPRESENTATION_ITEM()
RATIONAL_B_SPLINE_CURVE((1.,1.,1.))
REPRESENTATION_ITEM('')
);
#53=(
BOUNDED_CURVE()
B_SPLINE_CURVE(2,(#8364,#8365,#8366),.UNSPECIFIED.,.F.,.F.)
B_SPLINE_CURVE_WITH_KNOTS((3,3),(0.306045543617778,0.553429838563054),
 .UNSPECIFIED.)
CURVE()
GEOMETRIC_REPRESENTATION_ITEM()
RATIONAL_B_SPLINE_CURVE((1.,1.,1.))
REPRESENTATION_ITEM('')
);
#54=(
BOUNDED_CURVE()
B_SPLINE_CURVE(5,(#8474,#8475,#8476,#8477,#8478,#8479,#8480,#8481),
 .UNSPECIFIED.,.F.,.F.)
B_SPLINE_CURVE_WITH_KNOTS((6,1,1,6),(0.469021113269275,0.5,0.6,0.607981076066646),
 .UNSPECIFIED.)
CURVE()
GEOMETRIC_REPRESENTATION_ITEM()
RATIONAL_B_SPLINE_CURVE((1.,1.,1.,1.,1.,1.,1.,1.))
REPRESENTATION_ITEM('')
);
#55=(
BOUNDED_CURVE()
B_SPLINE_CURVE(5,(#8642,#8643,#8644,#8645,#8646,#8647,#8648,#8649),
 .UNSPECIFIED.,.F.,.F.)
B_SPLINE_CURVE_WITH_KNOTS((6,1,1,6),(0.469021113269275,0.5,0.6,0.607981076066646),
 .UNSPECIFIED.)
CURVE()
GEOMETRIC_REPRESENTATION_ITEM()
RATIONAL_B_SPLINE_CURVE((1.,1.,1.,1.,1.,1.,1.,1.))
REPRESENTATION_ITEM('')
);
#56=(
BOUNDED_CURVE()
B_SPLINE_CURVE(2,(#8780,#8781,#8782),.UNSPECIFIED.,.F.,.F.)
B_SPLINE_CURVE_WITH_KNOTS((3,3),(0.306045543617778,0.553429838563054),
 .UNSPECIFIED.)
CURVE()
GEOMETRIC_REPRESENTATION_ITEM()
RATIONAL_B_SPLINE_CURVE((1.,1.,1.))
REPRESENTATION_ITEM('')
);
#57=(
BOUNDED_CURVE()
B_SPLINE_CURVE(2,(#8910,#8911,#8912),.UNSPECIFIED.,.F.,.F.)
B_SPLINE_CURVE_WITH_KNOTS((3,3),(0.306045543617778,0.553429838563054),
 .UNSPECIFIED.)
CURVE()
GEOMETRIC_REPRESENTATION_ITEM()
RATIONAL_B_SPLINE_CURVE((1.,1.,1.))
REPRESENTATION_ITEM('')
);
#58=(
BOUNDED_CURVE()
B_SPLINE_CURVE(5,(#9020,#9021,#9022,#9023,#9024,#9025,#9026,#9027),
 .UNSPECIFIED.,.F.,.F.)
B_SPLINE_CURVE_WITH_KNOTS((6,1,1,6),(0.469021113269275,0.5,0.6,0.607981076066646),
 .UNSPECIFIED.)
CURVE()
GEOMETRIC_REPRESENTATION_ITEM()
RATIONAL_B_SPLINE_CURVE((1.,1.,1.,1.,1.,1.,1.,1.))
REPRESENTATION_ITEM('')
);
#59=(
BOUNDED_CURVE()
B_SPLINE_CURVE(5,(#9188,#9189,#9190,#9191,#9192,#9193,#9194,#9195),
 .UNSPECIFIED.,.F.,.F.)
B_SPLINE_CURVE_WITH_KNOTS((6,1,1,6),(0.469021113269275,0.5,0.6,0.607981076066646),
 .UNSPECIFIED.)
CURVE()
GEOMETRIC_REPRESENTATION_ITEM()
RATIONAL_B_SPLINE_CURVE((1.,1.,1.,1.,1.,1.,1.,1.))
REPRESENTATION_ITEM('')
);
#60=(
BOUNDED_CURVE()
B_SPLINE_CURVE(2,(#9326,#9327,#9328),.UNSPECIFIED.,.F.,.F.)
B_SPLINE_CURVE_WITH_KNOTS((3,3),(0.306045543617778,0.553429838563054),
 .UNSPECIFIED.)
CURVE()
GEOMETRIC_REPRESENTATION_ITEM()
RATIONAL_B_SPLINE_CURVE((1.,1.,1.))
REPRESENTATION_ITEM('')
);
#61=(
BOUNDED_CURVE()
B_SPLINE_CURVE(2,(#9456,#9457,#9458),.UNSPECIFIED.,.F.,.F.)
B_SPLINE_CURVE_WITH_KNOTS((3,3),(0.306045543617778,0.553429838563054),
 .UNSPECIFIED.)
CURVE()
GEOMETRIC_REPRESENTATION_ITEM()
RATIONAL_B_SPLINE_CURVE((1.,1.,1.))
REPRESENTATION_ITEM('')
);
#62=(
BOUNDED_CURVE()
B_SPLINE_CURVE(5,(#9566,#9567,#9568,#9569,#9570,#9571,#9572,#9573),
 .UNSPECIFIED.,.F.,.F.)
B_SPLINE_CURVE_WITH_KNOTS((6,1,1,6),(0.469021113269275,0.5,0.6,0.607981076066646),
 .UNSPECIFIED.)
CURVE()
GEOMETRIC_REPRESENTATION_ITEM()
RATIONAL_B_SPLINE_CURVE((1.,1.,1.,1.,1.,1.,1.,1.))
REPRESENTATION_ITEM('')
);
#63=(
BOUNDED_CURVE()
B_SPLINE_CURVE(5,(#9734,#9735,#9736,#9737,#9738,#9739,#9740,#9741),
 .UNSPECIFIED.,.F.,.F.)
B_SPLINE_CURVE_WITH_KNOTS((6,1,1,6),(0.469021113269275,0.5,0.6,0.607981076066646),
 .UNSPECIFIED.)
CURVE()
GEOMETRIC_REPRESENTATION_ITEM()
RATIONAL_B_SPLINE_CURVE((1.,1.,1.,1.,1.,1.,1.,1.))
REPRESENTATION_ITEM('')
);
#64=(
BOUNDED_CURVE()
B_SPLINE_CURVE(2,(#9872,#9873,#9874),.UNSPECIFIED.,.F.,.F.)
B_SPLINE_CURVE_WITH_KNOTS((3,3),(0.306045543617778,0.553429838563054),
 .UNSPECIFIED.)
CURVE()
GEOMETRIC_REPRESENTATION_ITEM()
RATIONAL_B_SPLINE_CURVE((1.,1.,1.))
REPRESENTATION_ITEM('')
);
#65=(
BOUNDED_CURVE()
B_SPLINE_CURVE(2,(#10002,#10003,#10004),.UNSPECIFIED.,.F.,.F.)
B_SPLINE_CURVE_WITH_KNOTS((3,3),(0.306045543617778,0.553429838563054),
 .UNSPECIFIED.)
CURVE()
GEOMETRIC_REPRESENTATION_ITEM()
RATIONAL_B_SPLINE_CURVE((1.,1.,1.))
REPRESENTATION_ITEM('')
);
#66=(
BOUNDED_CURVE()
B_SPLINE_CURVE(5,(#10112,#10113,#10114,#10115,#10116,#10117,#10118,#10119),
 .UNSPECIFIED.,.F.,.F.)
B_SPLINE_CURVE_WITH_KNOTS((6,1,1,6),(0.469021113269275,0.5,0.6,0.607981076066646),
 .UNSPECIFIED.)
CURVE()
GEOMETRIC_REPRESENTATION_ITEM()
RATIONAL_B_SPLINE_CURVE((1.,1.,1.,1.,1.,1.,1.,1.))
REPRESENTATION_ITEM('')
);
#67=(
BOUNDED_CURVE()
B_SPLINE_CURVE(5,(#10280,#10281,#10282,#10283,#10284,#10285,#10286,#10287),
 .UNSPECIFIED.,.F.,.F.)
B_SPLINE_CURVE_WITH_KNOTS((6,1,1,6),(0.469021113269275,0.5,0.6,0.607981076066646),
 .UNSPECIFIED.)
CURVE()
GEOMETRIC_REPRESENTATION_ITEM()
RATIONAL_B_SPLINE_CURVE((1.,1.,1.,1.,1.,1.,1.,1.))
REPRESENTATION_ITEM('')
);
#68=(
BOUNDED_CURVE()
B_SPLINE_CURVE(2,(#10418,#10419,#10420),.UNSPECIFIED.,.F.,.F.)
B_SPLINE_CURVE_WITH_KNOTS((3,3),(0.306045543617778,0.553429838563054),
 .UNSPECIFIED.)
CURVE()
GEOMETRIC_REPRESENTATION_ITEM()
RATIONAL_B_SPLINE_CURVE((1.,1.,1.))
REPRESENTATION_ITEM('')
);
#69=(
BOUNDED_CURVE()
B_SPLINE_CURVE(2,(#10548,#10549,#10550),.UNSPECIFIED.,.F.,.F.)
B_SPLINE_CURVE_WITH_KNOTS((3,3),(0.306045543617778,0.553429838563054),
 .UNSPECIFIED.)
CURVE()
GEOMETRIC_REPRESENTATION_ITEM()
RATIONAL_B_SPLINE_CURVE((1.,1.,1.))
REPRESENTATION_ITEM('')
);
#70=(
BOUNDED_CURVE()
B_SPLINE_CURVE(5,(#10658,#10659,#10660,#10661,#10662,#10663,#10664,#10665),
 .UNSPECIFIED.,.F.,.F.)
B_SPLINE_CURVE_WITH_KNOTS((6,1,1,6),(0.469021113269275,0.5,0.6,0.607981076066646),
 .UNSPECIFIED.)
CURVE()
GEOMETRIC_REPRESENTATION_ITEM()
RATIONAL_B_SPLINE_CURVE((1.,1.,1.,1.,1.,1.,1.,1.))
REPRESENTATION_ITEM('')
);
#71=(
BOUNDED_CURVE()
B_SPLINE_CURVE(5,(#10826,#10827,#10828,#10829,#10830,#10831,#10832,#10833),
 .UNSPECIFIED.,.F.,.F.)
B_SPLINE_CURVE_WITH_KNOTS((6,1,1,6),(0.469021113269275,0.5,0.6,0.607981076066646),
 .UNSPECIFIED.)
CURVE()
GEOMETRIC_REPRESENTATION_ITEM()
RATIONAL_B_SPLINE_CURVE((1.,1.,1.,1.,1.,1.,1.,1.))
REPRESENTATION_ITEM('')
);
#72=(
BOUNDED_CURVE()
B_SPLINE_CURVE(2,(#10964,#10965,#10966),.UNSPECIFIED.,.F.,.F.)
B_SPLINE_CURVE_WITH_KNOTS((3,3),(0.306045543617778,0.553429838563054),
 .UNSPECIFIED.)
CURVE()
GEOMETRIC_REPRESENTATION_ITEM()
RATIONAL_B_SPLINE_CURVE((1.,1.,1.))
REPRESENTATION_ITEM('')
);
#73=B_SPLINE_CURVE_WITH_KNOTS('',3,(#5541,#5542,#5543,#5544),
 .UNSPECIFIED.,.F.,.F.,(4,4),(0.05302950550821,0.3948941473348),
 .UNSPECIFIED.);
#74=B_SPLINE_CURVE_WITH_KNOTS('',3,(#5546,#5547,#5548,#5549),
 .UNSPECIFIED.,.F.,.F.,(4,4),(-0.169956671910371,2.96785409116141E-7),
 .UNSPECIFIED.);
#75=B_SPLINE_CURVE_WITH_KNOTS('',3,(#5551,#5552,#5553,#5554,#5555,#5556,
#5557,#5558,#5559,#5560),.UNSPECIFIED.,.F.,.F.,(4,2,2,2,4),(0.,0.0273291811425791,
0.0679641419482839,0.15045635825855,0.302893015392498),.UNSPECIFIED.);
#76=B_SPLINE_CURVE_WITH_KNOTS('',3,(#5562,#5563,#5564,#5565,#5566,#5567,
#5568,#5569,#5570,#5571),.UNSPECIFIED.,.F.,.F.,(4,2,2,2,4),(0.0417782690580075,
0.191887244640698,0.237711264437833,0.256821308999245,0.273981104480494),
 .UNSPECIFIED.);
#77=B_SPLINE_CURVE_WITH_KNOTS('',3,(#5573,#5574,#5575,#5576),
 .UNSPECIFIED.,.F.,.F.,(4,4),(-9.52086448574698E-7,0.399957017135738),
 .UNSPECIFIED.);
#78=B_SPLINE_CURVE_WITH_KNOTS('',3,(#5578,#5579,#5580,#5581,#5582,#5583,
#5584,#5585,#5586,#5587),.UNSPECIFIED.,.F.,.F.,(4,3,3,4),(-0.111449495114886,
-0.0630264883689656,-0.0197436100400459,-0.00018028726856034),
 .UNSPECIFIED.);
#79=B_SPLINE_CURVE_WITH_KNOTS('',3,(#5588,#5589,#5590,#5591,#5592,#5593,
#5594,#5595,#5596,#5597,#5598,#5599,#5600,#5601,#5602,#5603,#5604,#5605,
#5606,#5607,#5608,#5609,#5610,#5611,#5612,#5613,#5614,#5615,#5616,#5617,
#5618,#5619,#5620,#5621),.UNSPECIFIED.,.F.,.F.,(4,3,3,3,3,3,3,3,3,3,3,4),
(0.0208301717984484,0.0476853046051238,0.0745392693280573,0.0984215432821107,
0.125236235682909,0.151981830286944,0.178097936294817,0.194159632757457,
0.221744265754958,0.24816112319631,0.256825563990037,0.265622719600322),
 .UNSPECIFIED.);
#80=B_SPLINE_CURVE_WITH_KNOTS('',3,(#5647,#5648,#5649,#5650,#5651,#5652),
 .UNSPECIFIED.,.F.,.F.,(4,2,4),(0.,0.253855721758476,0.394381187457903),
 .UNSPECIFIED.);
#81=B_SPLINE_CURVE_WITH_KNOTS('',3,(#5670,#5671,#5672,#5673),
 .UNSPECIFIED.,.F.,.F.,(4,4),(0.248669145013286,0.503401406166116),
 .UNSPECIFIED.);
#82=B_SPLINE_CURVE_WITH_KNOTS('',3,(#5675,#5676,#5677,#5678),
 .UNSPECIFIED.,.F.,.F.,(4,4),(-0.937297190837727,-0.469573438860325),
 .UNSPECIFIED.);
#83=B_SPLINE_CURVE_WITH_KNOTS('',3,(#5679,#5680,#5681,#5682,#5683,#5684),
 .UNSPECIFIED.,.F.,.F.,(4,2,4),(-0.501910000447932,-0.250954721267006,0.),
 .UNSPECIFIED.);
#84=B_SPLINE_CURVE_WITH_KNOTS('',3,(#5714,#5715,#5716,#5717,#5718,#5719,
#5720,#5721,#5722),.UNSPECIFIED.,.F.,.F.,(4,3,2,4),(0.,0.070022397451779,
0.21248240605029,0.317385568513931),.UNSPECIFIED.);
#85=B_SPLINE_CURVE_WITH_KNOTS('',3,(#5724,#5725,#5726,#5727,#5728,#5729,
#5730,#5731,#5732,#5733,#5734,#5735),.UNSPECIFIED.,.F.,.F.,(4,2,2,2,2,4),
(0.169335013504814,0.291530916219172,0.428592712564507,0.475801447691507,
0.496117931896723,0.514922141700981),.UNSPECIFIED.);
#86=B_SPLINE_CURVE_WITH_KNOTS('',3,(#5737,#5738,#5739,#5740),
 .UNSPECIFIED.,.F.,.F.,(4,4),(-0.000302205221841656,0.193829489466812),
 .UNSPECIFIED.);
#87=B_SPLINE_CURVE_WITH_KNOTS('',3,(#5742,#5743,#5744,#5745),
 .UNSPECIFIED.,.F.,.F.,(4,4),(0.,0.322263005845506),.UNSPECIFIED.);
#88=B_SPLINE_CURVE_WITH_KNOTS('',3,(#5746,#5747,#5748,#5749,#5750,#5751,
#5752,#5753,#5754,#5755,#5756,#5757,#5758,#5759,#5760,#5761,#5762,#5763,
#5764,#5765,#5766,#5767,#5768,#5769,#5770),.UNSPECIFIED.,.F.,.F.,(4,3,3,
3,3,3,3,3,4),(0.0520304564911162,0.0765890952128234,0.096246135189386,0.122540102718298,
0.148988273569828,0.162500025328806,0.18876701777439,0.21481742842855,0.226454564105694),
 .UNSPECIFIED.);
#89=B_SPLINE_CURVE_WITH_KNOTS('',3,(#5814,#5815,#5816,#5817),
 .UNSPECIFIED.,.F.,.F.,(4,4),(0.05302950550821,0.3948941473348),
 .UNSPECIFIED.);
#90=B_SPLINE_CURVE_WITH_KNOTS('',3,(#5819,#5820,#5821,#5822),
 .UNSPECIFIED.,.F.,.F.,(4,4),(-0.169956671910365,2.96785407031763E-7),
 .UNSPECIFIED.);
#91=B_SPLINE_CURVE_WITH_KNOTS('',3,(#5824,#5825,#5826,#5827,#5828,#5829,
#5830,#5831,#5832,#5833),.UNSPECIFIED.,.F.,.F.,(4,2,2,2,4),(0.,0.0273291811425791,
0.0679641419482839,0.15045635825855,0.302893015392498),.UNSPECIFIED.);
#92=B_SPLINE_CURVE_WITH_KNOTS('',3,(#5835,#5836,#5837,#5838,#5839,#5840,
#5841,#5842,#5843,#5844),.UNSPECIFIED.,.F.,.F.,(4,2,2,2,4),(0.0417782690580075,
0.191887244640698,0.237711264437833,0.256821308999245,0.273981104480494),
 .UNSPECIFIED.);
#93=B_SPLINE_CURVE_WITH_KNOTS('',3,(#5846,#5847,#5848,#5849),
 .UNSPECIFIED.,.F.,.F.,(4,4),(-9.5208644526718E-7,0.399957017135745),
 .UNSPECIFIED.);
#94=B_SPLINE_CURVE_WITH_KNOTS('',3,(#5851,#5852,#5853,#5854,#5855,#5856,
#5857,#5858,#5859,#5860),.UNSPECIFIED.,.F.,.F.,(4,3,3,4),(-0.111449495114886,
-0.0630265020317877,-0.0197436270837698,-0.00018028726856034),
 .UNSPECIFIED.);
#95=B_SPLINE_CURVE_WITH_KNOTS('',3,(#5861,#5862,#5863,#5864,#5865,#5866,
#5867,#5868,#5869,#5870,#5871,#5872,#5873,#5874,#5875,#5876,#5877,#5878,
#5879,#5880,#5881,#5882,#5883,#5884,#5885,#5886,#5887,#5888,#5889,#5890,
#5891,#5892,#5893,#5894),.UNSPECIFIED.,.F.,.F.,(4,3,3,3,3,3,3,3,3,3,3,4),
(0.0208301717984484,0.0476853563556693,0.0745391971410544,0.0984215432821107,
0.125236221946283,0.151981693337176,0.178097553827913,0.194159632757457,
0.221744265754958,0.248160983857368,0.256825563990037,0.265622719600322),
 .UNSPECIFIED.);
#96=B_SPLINE_CURVE_WITH_KNOTS('',3,(#5920,#5921,#5922,#5923,#5924,#5925),
 .UNSPECIFIED.,.F.,.F.,(4,2,4),(0.,0.253855721758476,0.394381187457903),
 .UNSPECIFIED.);
#97=B_SPLINE_CURVE_WITH_KNOTS('',3,(#5943,#5944,#5945,#5946),
 .UNSPECIFIED.,.F.,.F.,(4,4),(0.248669145013286,0.503401406166116),
 .UNSPECIFIED.);
#98=B_SPLINE_CURVE_WITH_KNOTS('',3,(#5948,#5949,#5950,#5951),
 .UNSPECIFIED.,.F.,.F.,(4,4),(-0.937297190837727,-0.469573438860325),
 .UNSPECIFIED.);
#99=B_SPLINE_CURVE_WITH_KNOTS('',3,(#5952,#5953,#5954,#5955,#5956,#5957),
 .UNSPECIFIED.,.F.,.F.,(4,2,4),(-0.501910000447932,-0.250954721267006,0.),
 .UNSPECIFIED.);
#100=B_SPLINE_CURVE_WITH_KNOTS('',3,(#5987,#5988,#5989,#5990,#5991,#5992,
#5993,#5994,#5995),.UNSPECIFIED.,.F.,.F.,(4,3,2,4),(0.,0.070022397451779,
0.21248240605029,0.317385568513931),.UNSPECIFIED.);
#101=B_SPLINE_CURVE_WITH_KNOTS('',3,(#5997,#5998,#5999,#6000,#6001,#6002,
#6003,#6004,#6005,#6006,#6007,#6008),.UNSPECIFIED.,.F.,.F.,(4,2,2,2,2,4),
(0.169335013504814,0.291530916219172,0.428592712564507,0.475801447691507,
0.496117931896723,0.514922141700981),.UNSPECIFIED.);
#102=B_SPLINE_CURVE_WITH_KNOTS('',3,(#6010,#6011,#6012,#6013),
 .UNSPECIFIED.,.F.,.F.,(4,4),(-0.000302205221841656,0.193829489466812),
 .UNSPECIFIED.);
#103=B_SPLINE_CURVE_WITH_KNOTS('',3,(#6015,#6016,#6017,#6018),
 .UNSPECIFIED.,.F.,.F.,(4,4),(0.,0.322263005845506),.UNSPECIFIED.);
#104=B_SPLINE_CURVE_WITH_KNOTS('',3,(#6019,#6020,#6021,#6022,#6023,#6024,
#6025,#6026,#6027,#6028,#6029,#6030,#6031,#6032,#6033,#6034,#6035,#6036,
#6037,#6038,#6039,#6040,#6041,#6042,#6043),.UNSPECIFIED.,.F.,.F.,(4,3,3,
3,3,3,3,3,4),(0.0520304564911162,0.0765890952128234,0.096246135189386,0.122540052953458,
0.148988274636765,0.162500025328806,0.188767082258827,0.214817654005953,
0.226454564105694),.UNSPECIFIED.);
#105=B_SPLINE_CURVE_WITH_KNOTS('',3,(#6072,#6073,#6074,#6075),
 .UNSPECIFIED.,.F.,.F.,(4,4),(-0.937297190837727,-0.469573438860325),
 .UNSPECIFIED.);
#106=B_SPLINE_CURVE_WITH_KNOTS('',3,(#6088,#6089,#6090,#6091,#6092,#6093,
#6094,#6095,#6096,#6097,#6098,#6099,#6100,#6101,#6102,#6103,#6104,#6105,
#6106,#6107,#6108,#6109,#6110,#6111,#6112,#6113,#6114,#6115,#6116,#6117,
#6118,#6119,#6120,#6121),.UNSPECIFIED.,.F.,.F.,(4,3,3,3,3,3,3,3,3,3,3,4),
(0.0208301717984484,0.0476854097608945,0.074539122649793,0.0984215432821107,
0.125236207770612,0.151981552012976,0.17809715915032,0.194159632757457,
0.221744265754958,0.24816084006782,0.256825563990037,0.265622719600322),
 .UNSPECIFIED.);
#107=B_SPLINE_CURVE_WITH_KNOTS('',3,(#6123,#6124,#6125,#6126,#6127,#6128,
#6129,#6130,#6131,#6132,#6133,#6134,#6135,#6136,#6137,#6138,#6139,#6140,
#6141,#6142,#6143,#6144,#6145,#6146,#6147),.UNSPECIFIED.,.F.,.F.,(4,3,3,
3,3,3,3,3,4),(0.0520304564911162,0.0765890952128234,0.096246135189386,0.122539952864685,
0.148988276784962,0.162500025328806,0.188767211956366,0.214818107718289,
0.226454564105694),.UNSPECIFIED.);
#108=B_SPLINE_CURVE_WITH_KNOTS('',3,(#6151,#6152,#6153,#6154),
 .UNSPECIFIED.,.F.,.F.,(4,4),(0.05302950550821,0.3948941473348),
 .UNSPECIFIED.);
#109=B_SPLINE_CURVE_WITH_KNOTS('',3,(#6156,#6157,#6158,#6159),
 .UNSPECIFIED.,.F.,.F.,(4,4),(0.,0.322263005845506),.UNSPECIFIED.);
#110=B_SPLINE_CURVE_WITH_KNOTS('',3,(#6165,#6166,#6167,#6168,#6169,#6170,
#6171,#6172,#6173),.UNSPECIFIED.,.F.,.F.,(4,3,2,4),(0.,0.070022397451779,
0.21248240605029,0.317385568513931),.UNSPECIFIED.);
#111=B_SPLINE_CURVE_WITH_KNOTS('',3,(#6174,#6175,#6176,#6177,#6178,#6179),
 .UNSPECIFIED.,.F.,.F.,(4,2,4),(-0.501910000447932,-0.250954721267006,0.),
 .UNSPECIFIED.);
#112=B_SPLINE_CURVE_WITH_KNOTS('',3,(#6185,#6186,#6187,#6188,#6189,#6190,
#6191,#6192,#6193,#6194,#6195,#6196),.UNSPECIFIED.,.F.,.F.,(4,2,2,2,2,4),
(0.169335013504814,0.291530916219172,0.428592712564507,0.475801447691507,
0.496117931896723,0.514922141700981),.UNSPECIFIED.);
#113=B_SPLINE_CURVE_WITH_KNOTS('',3,(#6199,#6200,#6201,#6202),
 .UNSPECIFIED.,.F.,.F.,(4,4),(-0.000302205221841656,0.193829489466812),
 .UNSPECIFIED.);
#114=B_SPLINE_CURVE_WITH_KNOTS('',3,(#6224,#6225,#6226,#6227,#6228,#6229,
#6230,#6231,#6232,#6233),.UNSPECIFIED.,.F.,.F.,(4,3,3,4),(-0.111449495114886,
-0.0630265295112479,-0.0197436613630755,-0.00018028726856034),
 .UNSPECIFIED.);
#115=B_SPLINE_CURVE_WITH_KNOTS('',3,(#6234,#6235,#6236,#6237,#6238,#6239),
 .UNSPECIFIED.,.F.,.F.,(4,2,4),(0.,0.253855721758476,0.394381187457903),
 .UNSPECIFIED.);
#116=B_SPLINE_CURVE_WITH_KNOTS('',3,(#6242,#6243,#6244,#6245),
 .UNSPECIFIED.,.F.,.F.,(4,4),(-0.169956671910367,2.96785409906228E-7),
 .UNSPECIFIED.);
#117=B_SPLINE_CURVE_WITH_KNOTS('',3,(#6249,#6250,#6251,#6252,#6253,#6254,
#6255,#6256,#6257,#6258),.UNSPECIFIED.,.F.,.F.,(4,2,2,2,4),(0.,0.0273291811425791,
0.0679641419482839,0.15045635825855,0.302893015392498),.UNSPECIFIED.);
#118=B_SPLINE_CURVE_WITH_KNOTS('',3,(#6259,#6260,#6261,#6262),
 .UNSPECIFIED.,.F.,.F.,(4,4),(0.248669145013286,0.503401406166116),
 .UNSPECIFIED.);
#119=B_SPLINE_CURVE_WITH_KNOTS('',3,(#6280,#6281,#6282,#6283,#6284,#6285,
#6286,#6287,#6288,#6289),.UNSPECIFIED.,.F.,.F.,(4,2,2,2,4),(0.0417782690580075,
0.191887244640698,0.237711264437833,0.256821308999245,0.273981104480494),
 .UNSPECIFIED.);
#120=B_SPLINE_CURVE_WITH_KNOTS('',3,(#6314,#6315,#6316,#6317),
 .UNSPECIFIED.,.F.,.F.,(4,4),(-9.5208645214554E-7,0.399957017135744),
 .UNSPECIFIED.);
#121=B_SPLINE_CURVE_WITH_KNOTS('',3,(#6360,#6361,#6362,#6363),
 .UNSPECIFIED.,.F.,.F.,(4,4),(0.05302950550821,0.3948941473348),
 .UNSPECIFIED.);
#122=B_SPLINE_CURVE_WITH_KNOTS('',3,(#6365,#6366,#6367,#6368),
 .UNSPECIFIED.,.F.,.F.,(4,4),(-0.16995667191037,2.96785409012448E-7),
 .UNSPECIFIED.);
#123=B_SPLINE_CURVE_WITH_KNOTS('',3,(#6370,#6371,#6372,#6373,#6374,#6375,
#6376,#6377,#6378,#6379),.UNSPECIFIED.,.F.,.F.,(4,2,2,2,4),(0.,0.0273291811425791,
0.0679641419482839,0.15045635825855,0.302893015392498),.UNSPECIFIED.);
#124=B_SPLINE_CURVE_WITH_KNOTS('',3,(#6381,#6382,#6383,#6384,#6385,#6386,
#6387,#6388,#6389,#6390),.UNSPECIFIED.,.F.,.F.,(4,2,2,2,4),(0.0417782690580075,
0.191887244640698,0.237711264437833,0.256821308999245,0.273981104480494),
 .UNSPECIFIED.);
#125=B_SPLINE_CURVE_WITH_KNOTS('',3,(#6392,#6393,#6394,#6395),
 .UNSPECIFIED.,.F.,.F.,(4,4),(-9.52086449653795E-7,0.399957017135738),
 .UNSPECIFIED.);
#126=B_SPLINE_CURVE_WITH_KNOTS('',3,(#6397,#6398,#6399,#6400,#6401,#6402,
#6403,#6404,#6405,#6406),.UNSPECIFIED.,.F.,.F.,(4,3,3,4),(-0.111449495114886,
-0.0630264883689391,-0.0197436100400355,-0.00018028726856034),
 .UNSPECIFIED.);
#127=B_SPLINE_CURVE_WITH_KNOTS('',3,(#6407,#6408,#6409,#6410,#6411,#6412,
#6413,#6414,#6415,#6416,#6417,#6418,#6419,#6420,#6421,#6422,#6423,#6424,
#6425,#6426,#6427,#6428,#6429,#6430,#6431,#6432,#6433,#6434,#6435,#6436,
#6437,#6438,#6439,#6440),.UNSPECIFIED.,.F.,.F.,(4,3,3,3,3,3,3,3,3,3,3,4),
(0.0208301717984484,0.0476853046051243,0.0745392693280545,0.0984215432821107,
0.125236235682909,0.151981830286935,0.178097936294804,0.194159632757457,
0.221744265754958,0.248161123196307,0.256825563990037,0.265622719600322),
 .UNSPECIFIED.);
#128=B_SPLINE_CURVE_WITH_KNOTS('',3,(#6466,#6467,#6468,#6469,#6470,#6471),
 .UNSPECIFIED.,.F.,.F.,(4,2,4),(0.,0.253855721758476,0.394381187457903),
 .UNSPECIFIED.);
#129=B_SPLINE_CURVE_WITH_KNOTS('',3,(#6489,#6490,#6491,#6492),
 .UNSPECIFIED.,.F.,.F.,(4,4),(0.248669145013286,0.503401406166116),
 .UNSPECIFIED.);
#130=B_SPLINE_CURVE_WITH_KNOTS('',3,(#6494,#6495,#6496,#6497),
 .UNSPECIFIED.,.F.,.F.,(4,4),(-0.937297190837727,-0.469573438860325),
 .UNSPECIFIED.);
#131=B_SPLINE_CURVE_WITH_KNOTS('',3,(#6498,#6499,#6500,#6501,#6502,#6503),
 .UNSPECIFIED.,.F.,.F.,(4,2,4),(-0.501910000447932,-0.250954721267006,0.),
 .UNSPECIFIED.);
#132=B_SPLINE_CURVE_WITH_KNOTS('',3,(#6533,#6534,#6535,#6536,#6537,#6538,
#6539,#6540,#6541),.UNSPECIFIED.,.F.,.F.,(4,3,2,4),(0.,0.070022397451779,
0.21248240605029,0.317385568513931),.UNSPECIFIED.);
#133=B_SPLINE_CURVE_WITH_KNOTS('',3,(#6543,#6544,#6545,#6546,#6547,#6548,
#6549,#6550,#6551,#6552,#6553,#6554),.UNSPECIFIED.,.F.,.F.,(4,2,2,2,2,4),
(0.169335013504814,0.291530916219172,0.428592712564507,0.475801447691507,
0.496117931896723,0.514922141700981),.UNSPECIFIED.);
#134=B_SPLINE_CURVE_WITH_KNOTS('',3,(#6556,#6557,#6558,#6559),
 .UNSPECIFIED.,.F.,.F.,(4,4),(-0.000302205221841656,0.193829489466812),
 .UNSPECIFIED.);
#135=B_SPLINE_CURVE_WITH_KNOTS('',3,(#6561,#6562,#6563,#6564),
 .UNSPECIFIED.,.F.,.F.,(4,4),(0.,0.322263005845506),.UNSPECIFIED.);
#136=B_SPLINE_CURVE_WITH_KNOTS('',3,(#6565,#6566,#6567,#6568,#6569,#6570,
#6571,#6572,#6573,#6574,#6575,#6576,#6577,#6578,#6579,#6580,#6581,#6582,
#6583,#6584,#6585,#6586,#6587,#6588,#6589),.UNSPECIFIED.,.F.,.F.,(4,3,3,
3,3,3,3,3,4),(0.0520304564911162,0.0765890952128234,0.096246135189386,0.122540102718301,
0.148988273569841,0.162500025328806,0.188767017774389,0.214817428428545,
0.226454564105694),.UNSPECIFIED.);
#137=B_SPLINE_CURVE_WITH_KNOTS('',3,(#6618,#6619,#6620,#6621),
 .UNSPECIFIED.,.F.,.F.,(4,4),(-0.937297190837727,-0.469573438860325),
 .UNSPECIFIED.);
#138=B_SPLINE_CURVE_WITH_KNOTS('',3,(#6634,#6635,#6636,#6637,#6638,#6639,
#6640,#6641,#6642,#6643,#6644,#6645,#6646,#6647,#6648,#6649,#6650,#6651,
#6652,#6653,#6654,#6655,#6656,#6657,#6658,#6659,#6660,#6661,#6662,#6663,
#6664,#6665,#6666,#6667),.UNSPECIFIED.,.F.,.F.,(4,3,3,3,3,3,3,3,3,3,3,4),
(0.0208301717984484,0.0476852977023216,0.074539278957084,0.0984215432821107,
0.125236237515199,0.151981848554456,0.178097987311914,0.194159632757457,
0.221744265754958,0.24816114178253,0.256825563990037,0.265622719600322),
 .UNSPECIFIED.);
#139=B_SPLINE_CURVE_WITH_KNOTS('',3,(#6669,#6670,#6671,#6672,#6673,#6674,
#6675,#6676,#6677,#6678,#6679,#6680,#6681,#6682,#6683,#6684,#6685,#6686,
#6687,#6688,#6689,#6690,#6691,#6692,#6693),.UNSPECIFIED.,.F.,.F.,(4,3,3,
3,3,3,3,3,4),(0.0520304564911162,0.0765890952128234,0.096246135189386,0.122540102565612,
0.148988273573097,0.162500025328806,0.188767017972227,0.214817429120613,
0.226454564105694),.UNSPECIFIED.);
#140=B_SPLINE_CURVE_WITH_KNOTS('',3,(#6697,#6698,#6699,#6700),
 .UNSPECIFIED.,.F.,.F.,(4,4),(0.05302950550821,0.3948941473348),
 .UNSPECIFIED.);
#141=B_SPLINE_CURVE_WITH_KNOTS('',3,(#6702,#6703,#6704,#6705),
 .UNSPECIFIED.,.F.,.F.,(4,4),(0.,0.322263005845506),.UNSPECIFIED.);
#142=B_SPLINE_CURVE_WITH_KNOTS('',3,(#6711,#6712,#6713,#6714,#6715,#6716,
#6717,#6718,#6719),.UNSPECIFIED.,.F.,.F.,(4,3,2,4),(0.,0.070022397451779,
0.21248240605029,0.317385568513931),.UNSPECIFIED.);
#143=B_SPLINE_CURVE_WITH_KNOTS('',3,(#6720,#6721,#6722,#6723,#6724,#6725),
 .UNSPECIFIED.,.F.,.F.,(4,2,4),(-0.501910000447932,-0.250954721267006,0.),
 .UNSPECIFIED.);
#144=B_SPLINE_CURVE_WITH_KNOTS('',3,(#6731,#6732,#6733,#6734,#6735,#6736,
#6737,#6738,#6739,#6740,#6741,#6742),.UNSPECIFIED.,.F.,.F.,(4,2,2,2,2,4),
(0.169335013504814,0.291530916219172,0.428592712564507,0.475801447691507,
0.496117931896723,0.514922141700981),.UNSPECIFIED.);
#145=B_SPLINE_CURVE_WITH_KNOTS('',3,(#6745,#6746,#6747,#6748),
 .UNSPECIFIED.,.F.,.F.,(4,4),(-0.000302205221841656,0.193829489466812),
 .UNSPECIFIED.);
#146=B_SPLINE_CURVE_WITH_KNOTS('',3,(#6770,#6771,#6772,#6773,#6774,#6775,
#6776,#6777,#6778,#6779),.UNSPECIFIED.,.F.,.F.,(4,3,3,4),(-0.111449495114886,
-0.0630264884109621,-0.0197436100924401,-0.00018028726856034),
 .UNSPECIFIED.);
#147=B_SPLINE_CURVE_WITH_KNOTS('',3,(#6780,#6781,#6782,#6783,#6784,#6785),
 .UNSPECIFIED.,.F.,.F.,(4,2,4),(0.,0.253855721758476,0.394381187457903),
 .UNSPECIFIED.);
#148=B_SPLINE_CURVE_WITH_KNOTS('',3,(#6788,#6789,#6790,#6791),
 .UNSPECIFIED.,.F.,.F.,(4,4),(-0.169956671910362,2.96785409135594E-7),
 .UNSPECIFIED.);
#149=B_SPLINE_CURVE_WITH_KNOTS('',3,(#6795,#6796,#6797,#6798,#6799,#6800,
#6801,#6802,#6803,#6804),.UNSPECIFIED.,.F.,.F.,(4,2,2,2,4),(0.,0.0273291811425791,
0.0679641419482839,0.15045635825855,0.302893015392498),.UNSPECIFIED.);
#150=B_SPLINE_CURVE_WITH_KNOTS('',3,(#6805,#6806,#6807,#6808),
 .UNSPECIFIED.,.F.,.F.,(4,4),(0.248669145013286,0.503401406166116),
 .UNSPECIFIED.);
#151=B_SPLINE_CURVE_WITH_KNOTS('',3,(#6826,#6827,#6828,#6829,#6830,#6831,
#6832,#6833,#6834,#6835),.UNSPECIFIED.,.F.,.F.,(4,2,2,2,4),(0.0417782690580075,
0.191887244640698,0.237711264437833,0.256821308999245,0.273981104480494),
 .UNSPECIFIED.);
#152=B_SPLINE_CURVE_WITH_KNOTS('',3,(#6860,#6861,#6862,#6863),
 .UNSPECIFIED.,.F.,.F.,(4,4),(-9.52086452725152E-7,0.399957017135733),
 .UNSPECIFIED.);
#153=B_SPLINE_CURVE_WITH_KNOTS('',3,(#6906,#6907,#6908,#6909),
 .UNSPECIFIED.,.F.,.F.,(4,4),(0.05302950550821,0.3948941473348),
 .UNSPECIFIED.);
#154=B_SPLINE_CURVE_WITH_KNOTS('',3,(#6911,#6912,#6913,#6914),
 .UNSPECIFIED.,.F.,.F.,(4,4),(-0.169956671910364,2.96785408857342E-7),
 .UNSPECIFIED.);
#155=B_SPLINE_CURVE_WITH_KNOTS('',3,(#6916,#6917,#6918,#6919,#6920,#6921,
#6922,#6923,#6924,#6925),.UNSPECIFIED.,.F.,.F.,(4,2,2,2,4),(0.,0.0273291811425791,
0.0679641419482839,0.15045635825855,0.302893015392498),.UNSPECIFIED.);
#156=B_SPLINE_CURVE_WITH_KNOTS('',3,(#6927,#6928,#6929,#6930,#6931,#6932,
#6933,#6934,#6935,#6936),.UNSPECIFIED.,.F.,.F.,(4,2,2,2,4),(0.0417782690580075,
0.191887244640698,0.237711264437833,0.256821308999245,0.273981104480494),
 .UNSPECIFIED.);
#157=B_SPLINE_CURVE_WITH_KNOTS('',3,(#6938,#6939,#6940,#6941),
 .UNSPECIFIED.,.F.,.F.,(4,4),(-9.52086446784149E-7,0.39995701713574),
 .UNSPECIFIED.);
#158=B_SPLINE_CURVE_WITH_KNOTS('',3,(#6943,#6944,#6945,#6946,#6947,#6948,
#6949,#6950,#6951,#6952),.UNSPECIFIED.,.F.,.F.,(4,3,3,4),(-0.111449495114886,
-0.0630265033717851,-0.0197436287553919,-0.00018028726856034),
 .UNSPECIFIED.);
#159=B_SPLINE_CURVE_WITH_KNOTS('',3,(#6953,#6954,#6955,#6956,#6957,#6958,
#6959,#6960,#6961,#6962,#6963,#6964,#6965,#6966,#6967,#6968,#6969,#6970,
#6971,#6972,#6973,#6974,#6975,#6976,#6977,#6978,#6979,#6980,#6981,#6982,
#6983,#6984,#6985,#6986),.UNSPECIFIED.,.F.,.F.,(4,3,3,3,3,3,3,3,3,3,3,4),
(0.0208301717984484,0.0476853332586395,0.0745392293587326,0.0984215432821107,
0.125236228077125,0.15198175445936,0.178097724526392,0.194159632757457,
0.221744265754958,0.248161046045853,0.256825563990037,0.265622719600322),
 .UNSPECIFIED.);
#160=B_SPLINE_CURVE_WITH_KNOTS('',3,(#7012,#7013,#7014,#7015,#7016,#7017),
 .UNSPECIFIED.,.F.,.F.,(4,2,4),(0.,0.253855721758476,0.394381187457903),
 .UNSPECIFIED.);
#161=B_SPLINE_CURVE_WITH_KNOTS('',3,(#7035,#7036,#7037,#7038),
 .UNSPECIFIED.,.F.,.F.,(4,4),(0.248669145013286,0.503401406166116),
 .UNSPECIFIED.);
#162=B_SPLINE_CURVE_WITH_KNOTS('',3,(#7040,#7041,#7042,#7043),
 .UNSPECIFIED.,.F.,.F.,(4,4),(-0.937297190837727,-0.469573438860325),
 .UNSPECIFIED.);
#163=B_SPLINE_CURVE_WITH_KNOTS('',3,(#7044,#7045,#7046,#7047,#7048,#7049),
 .UNSPECIFIED.,.F.,.F.,(4,2,4),(-0.501910000447932,-0.250954721267006,0.),
 .UNSPECIFIED.);
#164=B_SPLINE_CURVE_WITH_KNOTS('',3,(#7079,#7080,#7081,#7082,#7083,#7084,
#7085,#7086,#7087),.UNSPECIFIED.,.F.,.F.,(4,3,2,4),(0.,0.070022397451779,
0.21248240605029,0.317385568513931),.UNSPECIFIED.);
#165=B_SPLINE_CURVE_WITH_KNOTS('',3,(#7089,#7090,#7091,#7092,#7093,#7094,
#7095,#7096,#7097,#7098,#7099,#7100),.UNSPECIFIED.,.F.,.F.,(4,2,2,2,2,4),
(0.169335013504814,0.291530916219172,0.428592712564507,0.475801447691507,
0.496117931896723,0.514922141700981),.UNSPECIFIED.);
#166=B_SPLINE_CURVE_WITH_KNOTS('',3,(#7102,#7103,#7104,#7105),
 .UNSPECIFIED.,.F.,.F.,(4,4),(-0.000302205221841656,0.193829489466812),
 .UNSPECIFIED.);
#167=B_SPLINE_CURVE_WITH_KNOTS('',3,(#7107,#7108,#7109,#7110),
 .UNSPECIFIED.,.F.,.F.,(4,4),(0.,0.322263005845506),.UNSPECIFIED.);
#168=B_SPLINE_CURVE_WITH_KNOTS('',3,(#7111,#7112,#7113,#7114,#7115,#7116,
#7117,#7118,#7119,#7120,#7121,#7122,#7123,#7124,#7125,#7126,#7127,#7128,
#7129,#7130,#7131,#7132,#7133,#7134,#7135),.UNSPECIFIED.,.F.,.F.,(4,3,3,
3,3,3,3,3,4),(0.0520304564911162,0.0765890952128234,0.096246135189386,0.122540048073495,
0.148988274741426,0.162500025328806,0.188767088582272,0.214817676126571,
0.226454564105694),.UNSPECIFIED.);
#169=B_SPLINE_CURVE_WITH_KNOTS('',3,(#7164,#7165,#7166,#7167),
 .UNSPECIFIED.,.F.,.F.,(4,4),(-0.937297190837727,-0.469573438860325),
 .UNSPECIFIED.);
#170=B_SPLINE_CURVE_WITH_KNOTS('',3,(#7180,#7181,#7182,#7183,#7184,#7185,
#7186,#7187,#7188,#7189,#7190,#7191,#7192,#7193,#7194,#7195,#7196,#7197,
#7198,#7199,#7200,#7201,#7202,#7203,#7204,#7205,#7206,#7207,#7208,#7209,
#7210,#7211,#7212,#7213),.UNSPECIFIED.,.F.,.F.,(4,3,3,3,3,3,3,3,3,3,3,4),
(0.0208301717984484,0.0476853332586345,0.0745392293587216,0.0984215432821107,
0.125236228077116,0.151981754459335,0.178097724526359,0.194159632757457,
0.221744265754958,0.248161046045851,0.256825563990037,0.265622719600322),
 .UNSPECIFIED.);
#171=B_SPLINE_CURVE_WITH_KNOTS('',3,(#7215,#7216,#7217,#7218,#7219,#7220,
#7221,#7222,#7223,#7224,#7225,#7226,#7227,#7228,#7229,#7230,#7231,#7232,
#7233,#7234,#7235,#7236,#7237,#7238,#7239),.UNSPECIFIED.,.F.,.F.,(4,3,3,
3,3,3,3,3,4),(0.0520304564911162,0.0765890952128234,0.096246135189386,0.1225400480735,
0.14898827474144,0.162500025328806,0.188767088582272,0.214817676126577,
0.226454564105694),.UNSPECIFIED.);
#172=B_SPLINE_CURVE_WITH_KNOTS('',3,(#7243,#7244,#7245,#7246),
 .UNSPECIFIED.,.F.,.F.,(4,4),(0.05302950550821,0.3948941473348),
 .UNSPECIFIED.);
#173=B_SPLINE_CURVE_WITH_KNOTS('',3,(#7248,#7249,#7250,#7251),
 .UNSPECIFIED.,.F.,.F.,(4,4),(0.,0.322263005845506),.UNSPECIFIED.);
#174=B_SPLINE_CURVE_WITH_KNOTS('',3,(#7257,#7258,#7259,#7260,#7261,#7262,
#7263,#7264,#7265),.UNSPECIFIED.,.F.,.F.,(4,3,2,4),(0.,0.070022397451779,
0.21248240605029,0.317385568513931),.UNSPECIFIED.);
#175=B_SPLINE_CURVE_WITH_KNOTS('',3,(#7266,#7267,#7268,#7269,#7270,#7271),
 .UNSPECIFIED.,.F.,.F.,(4,2,4),(-0.501910000447932,-0.250954721267006,0.),
 .UNSPECIFIED.);
#176=B_SPLINE_CURVE_WITH_KNOTS('',3,(#7277,#7278,#7279,#7280,#7281,#7282,
#7283,#7284,#7285,#7286,#7287,#7288),.UNSPECIFIED.,.F.,.F.,(4,2,2,2,2,4),
(0.169335013504814,0.291530916219172,0.428592712564507,0.475801447691507,
0.496117931896723,0.514922141700981),.UNSPECIFIED.);
#177=B_SPLINE_CURVE_WITH_KNOTS('',3,(#7291,#7292,#7293,#7294),
 .UNSPECIFIED.,.F.,.F.,(4,4),(-0.000302205221841656,0.193829489466812),
 .UNSPECIFIED.);
#178=B_SPLINE_CURVE_WITH_KNOTS('',3,(#7316,#7317,#7318,#7319,#7320,#7321,
#7322,#7323,#7324,#7325),.UNSPECIFIED.,.F.,.F.,(4,3,3,4),(-0.111449495114886,
-0.0630265033717626,-0.019743628755377,-0.00018028726856034),
 .UNSPECIFIED.);
#179=B_SPLINE_CURVE_WITH_KNOTS('',3,(#7326,#7327,#7328,#7329,#7330,#7331),
 .UNSPECIFIED.,.F.,.F.,(4,2,4),(0.,0.253855721758476,0.394381187457903),
 .UNSPECIFIED.);
#180=B_SPLINE_CURVE_WITH_KNOTS('',3,(#7334,#7335,#7336,#7337),
 .UNSPECIFIED.,.F.,.F.,(4,4),(-0.169956671910366,2.96785408511431E-7),
 .UNSPECIFIED.);
#181=B_SPLINE_CURVE_WITH_KNOTS('',3,(#7341,#7342,#7343,#7344,#7345,#7346,
#7347,#7348,#7349,#7350),.UNSPECIFIED.,.F.,.F.,(4,2,2,2,4),(0.,0.0273291811425791,
0.0679641419482839,0.15045635825855,0.302893015392498),.UNSPECIFIED.);
#182=B_SPLINE_CURVE_WITH_KNOTS('',3,(#7351,#7352,#7353,#7354),
 .UNSPECIFIED.,.F.,.F.,(4,4),(0.248669145013286,0.503401406166116),
 .UNSPECIFIED.);
#183=B_SPLINE_CURVE_WITH_KNOTS('',3,(#7372,#7373,#7374,#7375,#7376,#7377,
#7378,#7379,#7380,#7381),.UNSPECIFIED.,.F.,.F.,(4,2,2,2,4),(0.0417782690580075,
0.191887244640698,0.237711264437833,0.256821308999245,0.273981104480494),
 .UNSPECIFIED.);
#184=B_SPLINE_CURVE_WITH_KNOTS('',3,(#7406,#7407,#7408,#7409),
 .UNSPECIFIED.,.F.,.F.,(4,4),(-9.52086446331502E-7,0.399957017135748),
 .UNSPECIFIED.);
#185=B_SPLINE_CURVE_WITH_KNOTS('',3,(#7452,#7453,#7454,#7455),
 .UNSPECIFIED.,.F.,.F.,(4,4),(0.05302950550821,0.3948941473348),
 .UNSPECIFIED.);
#186=B_SPLINE_CURVE_WITH_KNOTS('',3,(#7457,#7458,#7459,#7460),
 .UNSPECIFIED.,.F.,.F.,(4,4),(-0.169956671910363,2.96785408116191E-7),
 .UNSPECIFIED.);
#187=B_SPLINE_CURVE_WITH_KNOTS('',3,(#7462,#7463,#7464,#7465,#7466,#7467,
#7468,#7469,#7470,#7471),.UNSPECIFIED.,.F.,.F.,(4,2,2,2,4),(0.,0.0273291811425791,
0.0679641419482839,0.15045635825855,0.302893015392498),.UNSPECIFIED.);
#188=B_SPLINE_CURVE_WITH_KNOTS('',3,(#7473,#7474,#7475,#7476,#7477,#7478,
#7479,#7480,#7481,#7482),.UNSPECIFIED.,.F.,.F.,(4,2,2,2,4),(0.0417782690580075,
0.191887244640698,0.237711264437833,0.256821308999245,0.273981104480494),
 .UNSPECIFIED.);
#189=B_SPLINE_CURVE_WITH_KNOTS('',3,(#7484,#7485,#7486,#7487),
 .UNSPECIFIED.,.F.,.F.,(4,4),(-9.52086452838548E-7,0.399957017135733),
 .UNSPECIFIED.);
#190=B_SPLINE_CURVE_WITH_KNOTS('',3,(#7489,#7490,#7491,#7492,#7493,#7494,
#7495,#7496,#7497,#7498),.UNSPECIFIED.,.F.,.F.,(4,3,3,4),(-0.111449495114886,
-0.063026488410958,-0.0197436100924459,-0.00018028726856034),
 .UNSPECIFIED.);
#191=B_SPLINE_CURVE_WITH_KNOTS('',3,(#7499,#7500,#7501,#7502,#7503,#7504,
#7505,#7506,#7507,#7508,#7509,#7510,#7511,#7512,#7513,#7514,#7515,#7516,
#7517,#7518,#7519,#7520,#7521,#7522,#7523,#7524,#7525,#7526,#7527,#7528,
#7529,#7530,#7531,#7532),.UNSPECIFIED.,.F.,.F.,(4,3,3,3,3,3,3,3,3,3,3,4),
(0.0208301717984484,0.0476852977023215,0.0745392789570854,0.0984215432821107,
0.125236237515199,0.151981848554465,0.17809798731192,0.194159632757457,
0.221744265754958,0.24816114178253,0.256825563990037,0.265622719600322),
 .UNSPECIFIED.);
#192=B_SPLINE_CURVE_WITH_KNOTS('',3,(#7558,#7559,#7560,#7561,#7562,#7563),
 .UNSPECIFIED.,.F.,.F.,(4,2,4),(0.,0.253855721758476,0.394381187457903),
 .UNSPECIFIED.);
#193=B_SPLINE_CURVE_WITH_KNOTS('',3,(#7581,#7582,#7583,#7584),
 .UNSPECIFIED.,.F.,.F.,(4,4),(0.248669145013286,0.503401406166116),
 .UNSPECIFIED.);
#194=B_SPLINE_CURVE_WITH_KNOTS('',3,(#7586,#7587,#7588,#7589),
 .UNSPECIFIED.,.F.,.F.,(4,4),(-0.937297190837727,-0.469573438860325),
 .UNSPECIFIED.);
#195=B_SPLINE_CURVE_WITH_KNOTS('',3,(#7590,#7591,#7592,#7593,#7594,#7595),
 .UNSPECIFIED.,.F.,.F.,(4,2,4),(-0.501910000447932,-0.250954721267006,0.),
 .UNSPECIFIED.);
#196=B_SPLINE_CURVE_WITH_KNOTS('',3,(#7625,#7626,#7627,#7628,#7629,#7630,
#7631,#7632,#7633),.UNSPECIFIED.,.F.,.F.,(4,3,2,4),(0.,0.070022397451779,
0.21248240605029,0.317385568513931),.UNSPECIFIED.);
#197=B_SPLINE_CURVE_WITH_KNOTS('',3,(#7635,#7636,#7637,#7638,#7639,#7640,
#7641,#7642,#7643,#7644,#7645,#7646),.UNSPECIFIED.,.F.,.F.,(4,2,2,2,2,4),
(0.169335013504814,0.291530916219172,0.428592712564507,0.475801447691507,
0.496117931896723,0.514922141700981),.UNSPECIFIED.);
#198=B_SPLINE_CURVE_WITH_KNOTS('',3,(#7648,#7649,#7650,#7651),
 .UNSPECIFIED.,.F.,.F.,(4,4),(-0.000302205221841656,0.193829489466812),
 .UNSPECIFIED.);
#199=B_SPLINE_CURVE_WITH_KNOTS('',3,(#7653,#7654,#7655,#7656),
 .UNSPECIFIED.,.F.,.F.,(4,4),(0.,0.322263005845506),.UNSPECIFIED.);
#200=B_SPLINE_CURVE_WITH_KNOTS('',3,(#7657,#7658,#7659,#7660,#7661,#7662,
#7663,#7664,#7665,#7666,#7667,#7668,#7669,#7670,#7671,#7672,#7673,#7674,
#7675,#7676,#7677,#7678,#7679,#7680,#7681),.UNSPECIFIED.,.F.,.F.,(4,3,3,
3,3,3,3,3,4),(0.0520304564911162,0.0765890952128234,0.096246135189386,0.122540102565617,
0.148988273573108,0.162500025328806,0.188767017972226,0.214817429120619,
0.226454564105694),.UNSPECIFIED.);
#201=B_SPLINE_CURVE_WITH_KNOTS('',3,(#7710,#7711,#7712,#7713),
 .UNSPECIFIED.,.F.,.F.,(4,4),(-0.937297190837727,-0.469573438860325),
 .UNSPECIFIED.);
#202=B_SPLINE_CURVE_WITH_KNOTS('',3,(#7726,#7727,#7728,#7729,#7730,#7731,
#7732,#7733,#7734,#7735,#7736,#7737,#7738,#7739,#7740,#7741,#7742,#7743,
#7744,#7745,#7746,#7747,#7748,#7749,#7750,#7751,#7752,#7753,#7754,#7755,
#7756,#7757,#7758,#7759),.UNSPECIFIED.,.F.,.F.,(4,3,3,3,3,3,3,3,3,3,3,4),
(0.0208301717984484,0.0476853563556732,0.0745391971410598,0.0984215432821107,
0.125236221946286,0.151981693337172,0.178097553827911,0.194159632757457,
0.221744265754958,0.248160983857378,0.256825563990037,0.265622719600322),
 .UNSPECIFIED.);
#203=B_SPLINE_CURVE_WITH_KNOTS('',3,(#7761,#7762,#7763,#7764,#7765,#7766,
#7767,#7768,#7769,#7770,#7771,#7772,#7773,#7774,#7775,#7776,#7777,#7778,
#7779,#7780,#7781,#7782,#7783,#7784,#7785),.UNSPECIFIED.,.F.,.F.,(4,3,3,
3,3,3,3,3,4),(0.0520304564911162,0.0765890952128234,0.096246135189386,0.122540052953454,
0.148988274636764,0.162500025328806,0.188767082258827,0.214817654005947,
0.226454564105694),.UNSPECIFIED.);
#204=B_SPLINE_CURVE_WITH_KNOTS('',3,(#7789,#7790,#7791,#7792),
 .UNSPECIFIED.,.F.,.F.,(4,4),(0.05302950550821,0.3948941473348),
 .UNSPECIFIED.);
#205=B_SPLINE_CURVE_WITH_KNOTS('',3,(#7794,#7795,#7796,#7797),
 .UNSPECIFIED.,.F.,.F.,(4,4),(0.,0.322263005845506),.UNSPECIFIED.);
#206=B_SPLINE_CURVE_WITH_KNOTS('',3,(#7803,#7804,#7805,#7806,#7807,#7808,
#7809,#7810,#7811),.UNSPECIFIED.,.F.,.F.,(4,3,2,4),(0.,0.070022397451779,
0.21248240605029,0.317385568513931),.UNSPECIFIED.);
#207=B_SPLINE_CURVE_WITH_KNOTS('',3,(#7812,#7813,#7814,#7815,#7816,#7817),
 .UNSPECIFIED.,.F.,.F.,(4,2,4),(-0.501910000447932,-0.250954721267006,0.),
 .UNSPECIFIED.);
#208=B_SPLINE_CURVE_WITH_KNOTS('',3,(#7823,#7824,#7825,#7826,#7827,#7828,
#7829,#7830,#7831,#7832,#7833,#7834),.UNSPECIFIED.,.F.,.F.,(4,2,2,2,2,4),
(0.169335013504814,0.291530916219172,0.428592712564507,0.475801447691507,
0.496117931896723,0.514922141700981),.UNSPECIFIED.);
#209=B_SPLINE_CURVE_WITH_KNOTS('',3,(#7837,#7838,#7839,#7840),
 .UNSPECIFIED.,.F.,.F.,(4,4),(-0.000302205221841656,0.193829489466812),
 .UNSPECIFIED.);
#210=B_SPLINE_CURVE_WITH_KNOTS('',3,(#7862,#7863,#7864,#7865,#7866,#7867,
#7868,#7869,#7870,#7871),.UNSPECIFIED.,.F.,.F.,(4,3,3,4),(-0.111449495114886,
-0.0630265020318035,-0.0197436270838147,-0.00018028726856034),
 .UNSPECIFIED.);
#211=B_SPLINE_CURVE_WITH_KNOTS('',3,(#7872,#7873,#7874,#7875,#7876,#7877),
 .UNSPECIFIED.,.F.,.F.,(4,2,4),(0.,0.253855721758476,0.394381187457903),
 .UNSPECIFIED.);
#212=B_SPLINE_CURVE_WITH_KNOTS('',3,(#7880,#7881,#7882,#7883),
 .UNSPECIFIED.,.F.,.F.,(4,4),(-0.169956671910365,2.96785409254419E-7),
 .UNSPECIFIED.);
#213=B_SPLINE_CURVE_WITH_KNOTS('',3,(#7887,#7888,#7889,#7890,#7891,#7892,
#7893,#7894,#7895,#7896),.UNSPECIFIED.,.F.,.F.,(4,2,2,2,4),(0.,0.0273291811425791,
0.0679641419482839,0.15045635825855,0.302893015392498),.UNSPECIFIED.);
#214=B_SPLINE_CURVE_WITH_KNOTS('',3,(#7897,#7898,#7899,#7900),
 .UNSPECIFIED.,.F.,.F.,(4,4),(0.248669145013286,0.503401406166116),
 .UNSPECIFIED.);
#215=B_SPLINE_CURVE_WITH_KNOTS('',3,(#7918,#7919,#7920,#7921,#7922,#7923,
#7924,#7925,#7926,#7927),.UNSPECIFIED.,.F.,.F.,(4,2,2,2,4),(0.0417782690580075,
0.191887244640698,0.237711264437833,0.256821308999245,0.273981104480494),
 .UNSPECIFIED.);
#216=B_SPLINE_CURVE_WITH_KNOTS('',3,(#7952,#7953,#7954,#7955),
 .UNSPECIFIED.,.F.,.F.,(4,4),(-9.52086446645879E-7,0.399957017135745),
 .UNSPECIFIED.);
#217=B_SPLINE_CURVE_WITH_KNOTS('',3,(#7998,#7999,#8000,#8001),
 .UNSPECIFIED.,.F.,.F.,(4,4),(0.05302950550821,0.3948941473348),
 .UNSPECIFIED.);
#218=B_SPLINE_CURVE_WITH_KNOTS('',3,(#8003,#8004,#8005,#8006),
 .UNSPECIFIED.,.F.,.F.,(4,4),(-0.169956671910366,2.96785409088491E-7),
 .UNSPECIFIED.);
#219=B_SPLINE_CURVE_WITH_KNOTS('',3,(#8008,#8009,#8010,#8011,#8012,#8013,
#8014,#8015,#8016,#8017),.UNSPECIFIED.,.F.,.F.,(4,2,2,2,4),(0.,0.0273291811425791,
0.0679641419482839,0.15045635825855,0.302893015392498),.UNSPECIFIED.);
#220=B_SPLINE_CURVE_WITH_KNOTS('',3,(#8019,#8020,#8021,#8022,#8023,#8024,
#8025,#8026,#8027,#8028),.UNSPECIFIED.,.F.,.F.,(4,2,2,2,4),(0.0417782690580075,
0.191887244640698,0.237711264437833,0.256821308999245,0.273981104480494),
 .UNSPECIFIED.);
#221=B_SPLINE_CURVE_WITH_KNOTS('',3,(#8030,#8031,#8032,#8033),
 .UNSPECIFIED.,.F.,.F.,(4,4),(-9.52086448693218E-7,0.399957017135743),
 .UNSPECIFIED.);
#222=B_SPLINE_CURVE_WITH_KNOTS('',3,(#8035,#8036,#8037,#8038,#8039,#8040,
#8041,#8042,#8043,#8044),.UNSPECIFIED.,.F.,.F.,(4,3,3,4),(-0.111449495114886,
-0.0630265295112678,-0.0197436613630817,-0.00018028726856034),
 .UNSPECIFIED.);
#223=B_SPLINE_CURVE_WITH_KNOTS('',3,(#8045,#8046,#8047,#8048,#8049,#8050,
#8051,#8052,#8053,#8054,#8055,#8056,#8057,#8058,#8059,#8060,#8061,#8062,
#8063,#8064,#8065,#8066,#8067,#8068,#8069,#8070,#8071,#8072,#8073,#8074,
#8075,#8076,#8077,#8078),.UNSPECIFIED.,.F.,.F.,(4,3,3,3,3,3,3,3,3,3,3,4),
(0.0208301717984484,0.0476854097608971,0.0745391226497988,0.0984215432821107,
0.125236207770612,0.151981552012973,0.178097159150319,0.194159632757457,
0.221744265754958,0.248160840067817,0.256825563990037,0.265622719600322),
 .UNSPECIFIED.);
#224=B_SPLINE_CURVE_WITH_KNOTS('',3,(#8104,#8105,#8106,#8107,#8108,#8109),
 .UNSPECIFIED.,.F.,.F.,(4,2,4),(0.,0.253855721758476,0.394381187457903),
 .UNSPECIFIED.);
#225=B_SPLINE_CURVE_WITH_KNOTS('',3,(#8127,#8128,#8129,#8130),
 .UNSPECIFIED.,.F.,.F.,(4,4),(0.248669145013286,0.503401406166116),
 .UNSPECIFIED.);
#226=B_SPLINE_CURVE_WITH_KNOTS('',3,(#8132,#8133,#8134,#8135),
 .UNSPECIFIED.,.F.,.F.,(4,4),(-0.937297190837727,-0.469573438860325),
 .UNSPECIFIED.);
#227=B_SPLINE_CURVE_WITH_KNOTS('',3,(#8136,#8137,#8138,#8139,#8140,#8141),
 .UNSPECIFIED.,.F.,.F.,(4,2,4),(-0.501910000447932,-0.250954721267006,0.),
 .UNSPECIFIED.);
#228=B_SPLINE_CURVE_WITH_KNOTS('',3,(#8171,#8172,#8173,#8174,#8175,#8176,
#8177,#8178,#8179),.UNSPECIFIED.,.F.,.F.,(4,3,2,4),(0.,0.070022397451779,
0.21248240605029,0.317385568513931),.UNSPECIFIED.);
#229=B_SPLINE_CURVE_WITH_KNOTS('',3,(#8181,#8182,#8183,#8184,#8185,#8186,
#8187,#8188,#8189,#8190,#8191,#8192),.UNSPECIFIED.,.F.,.F.,(4,2,2,2,2,4),
(0.169335013504814,0.291530916219172,0.428592712564507,0.475801447691507,
0.496117931896723,0.514922141700981),.UNSPECIFIED.);
#230=B_SPLINE_CURVE_WITH_KNOTS('',3,(#8194,#8195,#8196,#8197),
 .UNSPECIFIED.,.F.,.F.,(4,4),(-0.000302205221841656,0.193829489466812),
 .UNSPECIFIED.);
#231=B_SPLINE_CURVE_WITH_KNOTS('',3,(#8199,#8200,#8201,#8202),
 .UNSPECIFIED.,.F.,.F.,(4,4),(0.,0.322263005845506),.UNSPECIFIED.);
#232=B_SPLINE_CURVE_WITH_KNOTS('',3,(#8203,#8204,#8205,#8206,#8207,#8208,
#8209,#8210,#8211,#8212,#8213,#8214,#8215,#8216,#8217,#8218,#8219,#8220,
#8221,#8222,#8223,#8224,#8225,#8226,#8227),.UNSPECIFIED.,.F.,.F.,(4,3,3,
3,3,3,3,3,4),(0.0520304564911162,0.0765890952128234,0.096246135189386,0.122539952864674,
0.148988276784968,0.162500025328806,0.188767211956363,0.214818107718272,
0.226454564105694),.UNSPECIFIED.);
#233=B_SPLINE_CURVE_WITH_KNOTS('',3,(#8256,#8257,#8258,#8259),
 .UNSPECIFIED.,.F.,.F.,(4,4),(-0.937297190837727,-0.469573438860325),
 .UNSPECIFIED.);
#234=B_SPLINE_CURVE_WITH_KNOTS('',3,(#8272,#8273,#8274,#8275,#8276,#8277,
#8278,#8279,#8280,#8281,#8282,#8283,#8284,#8285,#8286,#8287,#8288,#8289,
#8290,#8291,#8292,#8293,#8294,#8295,#8296,#8297,#8298,#8299,#8300,#8301,
#8302,#8303,#8304,#8305),.UNSPECIFIED.,.F.,.F.,(4,3,3,3,3,3,3,3,3,3,3,4),
(0.0208301717984484,0.0476853332586415,0.0745392293587279,0.0984215432821107,
0.125236228077119,0.151981754459364,0.178097724526393,0.194159632757457,
0.221744265754958,0.248161046045849,0.256825563990037,0.265622719600322),
 .UNSPECIFIED.);
#235=B_SPLINE_CURVE_WITH_KNOTS('',3,(#8307,#8308,#8309,#8310,#8311,#8312,
#8313,#8314,#8315,#8316,#8317,#8318,#8319,#8320,#8321,#8322,#8323,#8324,
#8325,#8326,#8327,#8328,#8329,#8330,#8331),.UNSPECIFIED.,.F.,.F.,(4,3,3,
3,3,3,3,3,4),(0.0520304564911162,0.0765890952128234,0.096246135189386,0.122540048073498,
0.148988274741436,0.162500025328806,0.188767088582267,0.214817676126561,
0.226454564105694),.UNSPECIFIED.);
#236=B_SPLINE_CURVE_WITH_KNOTS('',3,(#8335,#8336,#8337,#8338),
 .UNSPECIFIED.,.F.,.F.,(4,4),(0.05302950550821,0.3948941473348),
 .UNSPECIFIED.);
#237=B_SPLINE_CURVE_WITH_KNOTS('',3,(#8340,#8341,#8342,#8343),
 .UNSPECIFIED.,.F.,.F.,(4,4),(0.,0.322263005845506),.UNSPECIFIED.);
#238=B_SPLINE_CURVE_WITH_KNOTS('',3,(#8349,#8350,#8351,#8352,#8353,#8354,
#8355,#8356,#8357),.UNSPECIFIED.,.F.,.F.,(4,3,2,4),(0.,0.070022397451779,
0.21248240605029,0.317385568513931),.UNSPECIFIED.);
#239=B_SPLINE_CURVE_WITH_KNOTS('',3,(#8358,#8359,#8360,#8361,#8362,#8363),
 .UNSPECIFIED.,.F.,.F.,(4,2,4),(-0.501910000447932,-0.250954721267006,0.),
 .UNSPECIFIED.);
#240=B_SPLINE_CURVE_WITH_KNOTS('',3,(#8369,#8370,#8371,#8372,#8373,#8374,
#8375,#8376,#8377,#8378,#8379,#8380),.UNSPECIFIED.,.F.,.F.,(4,2,2,2,2,4),
(0.169335013504814,0.291530916219172,0.428592712564507,0.475801447691507,
0.496117931896723,0.514922141700981),.UNSPECIFIED.);
#241=B_SPLINE_CURVE_WITH_KNOTS('',3,(#8383,#8384,#8385,#8386),
 .UNSPECIFIED.,.F.,.F.,(4,4),(-0.000302205221841656,0.193829489466812),
 .UNSPECIFIED.);
#242=B_SPLINE_CURVE_WITH_KNOTS('',3,(#8408,#8409,#8410,#8411,#8412,#8413,
#8414,#8415,#8416,#8417),.UNSPECIFIED.,.F.,.F.,(4,3,3,4),(-0.111449495114886,
-0.0630265033717625,-0.0197436287554122,-0.00018028726856034),
 .UNSPECIFIED.);
#243=B_SPLINE_CURVE_WITH_KNOTS('',3,(#8418,#8419,#8420,#8421,#8422,#8423),
 .UNSPECIFIED.,.F.,.F.,(4,2,4),(0.,0.253855721758476,0.394381187457903),
 .UNSPECIFIED.);
#244=B_SPLINE_CURVE_WITH_KNOTS('',3,(#8426,#8427,#8428,#8429),
 .UNSPECIFIED.,.F.,.F.,(4,4),(-0.169956671910365,2.96785407546384E-7),
 .UNSPECIFIED.);
#245=B_SPLINE_CURVE_WITH_KNOTS('',3,(#8433,#8434,#8435,#8436,#8437,#8438,
#8439,#8440,#8441,#8442),.UNSPECIFIED.,.F.,.F.,(4,2,2,2,4),(0.,0.0273291811425791,
0.0679641419482839,0.15045635825855,0.302893015392498),.UNSPECIFIED.);
#246=B_SPLINE_CURVE_WITH_KNOTS('',3,(#8443,#8444,#8445,#8446),
 .UNSPECIFIED.,.F.,.F.,(4,4),(0.248669145013286,0.503401406166116),
 .UNSPECIFIED.);
#247=B_SPLINE_CURVE_WITH_KNOTS('',3,(#8464,#8465,#8466,#8467,#8468,#8469,
#8470,#8471,#8472,#8473),.UNSPECIFIED.,.F.,.F.,(4,2,2,2,4),(0.0417782690580075,
0.191887244640698,0.237711264437833,0.256821308999245,0.273981104480494),
 .UNSPECIFIED.);
#248=B_SPLINE_CURVE_WITH_KNOTS('',3,(#8498,#8499,#8500,#8501),
 .UNSPECIFIED.,.F.,.F.,(4,4),(-9.52086443952845E-7,0.399957017135745),
 .UNSPECIFIED.);
#249=B_SPLINE_CURVE_WITH_KNOTS('',3,(#8544,#8545,#8546,#8547),
 .UNSPECIFIED.,.F.,.F.,(4,4),(0.05302950550821,0.3948941473348),
 .UNSPECIFIED.);
#250=B_SPLINE_CURVE_WITH_KNOTS('',3,(#8549,#8550,#8551,#8552),
 .UNSPECIFIED.,.F.,.F.,(4,4),(-0.169956671910365,2.96785407689049E-7),
 .UNSPECIFIED.);
#251=B_SPLINE_CURVE_WITH_KNOTS('',3,(#8554,#8555,#8556,#8557,#8558,#8559,
#8560,#8561,#8562,#8563),.UNSPECIFIED.,.F.,.F.,(4,2,2,2,4),(0.,0.0273291811425791,
0.0679641419482839,0.15045635825855,0.302893015392498),.UNSPECIFIED.);
#252=B_SPLINE_CURVE_WITH_KNOTS('',3,(#8565,#8566,#8567,#8568,#8569,#8570,
#8571,#8572,#8573,#8574),.UNSPECIFIED.,.F.,.F.,(4,2,2,2,4),(0.0417782690580075,
0.191887244640698,0.237711264437833,0.256821308999245,0.273981104480494),
 .UNSPECIFIED.);
#253=B_SPLINE_CURVE_WITH_KNOTS('',3,(#8576,#8577,#8578,#8579),
 .UNSPECIFIED.,.F.,.F.,(4,4),(-9.52086450515316E-7,0.399957017135741),
 .UNSPECIFIED.);
#254=B_SPLINE_CURVE_WITH_KNOTS('',3,(#8581,#8582,#8583,#8584,#8585,#8586,
#8587,#8588,#8589,#8590),.UNSPECIFIED.,.F.,.F.,(4,3,3,4),(-0.111449495114886,
-0.0630265020318775,-0.0197436270838872,-0.00018028726856034),
 .UNSPECIFIED.);
#255=B_SPLINE_CURVE_WITH_KNOTS('',3,(#8591,#8592,#8593,#8594,#8595,#8596,
#8597,#8598,#8599,#8600,#8601,#8602,#8603,#8604,#8605,#8606,#8607,#8608,
#8609,#8610,#8611,#8612,#8613,#8614,#8615,#8616,#8617,#8618,#8619,#8620,
#8621,#8622,#8623,#8624),.UNSPECIFIED.,.F.,.F.,(4,3,3,3,3,3,3,3,3,3,3,4),
(0.0208301717984484,0.0476853563556763,0.0745391971410636,0.0984215432821107,
0.125236221946291,0.151981693337189,0.17809755382794,0.194159632757457,
0.221744265754958,0.248160983857375,0.256825563990037,0.265622719600322),
 .UNSPECIFIED.);
#256=B_SPLINE_CURVE_WITH_KNOTS('',3,(#8650,#8651,#8652,#8653,#8654,#8655),
 .UNSPECIFIED.,.F.,.F.,(4,2,4),(0.,0.253855721758476,0.394381187457903),
 .UNSPECIFIED.);
#257=B_SPLINE_CURVE_WITH_KNOTS('',3,(#8673,#8674,#8675,#8676),
 .UNSPECIFIED.,.F.,.F.,(4,4),(0.248669145013286,0.503401406166116),
 .UNSPECIFIED.);
#258=B_SPLINE_CURVE_WITH_KNOTS('',3,(#8678,#8679,#8680,#8681),
 .UNSPECIFIED.,.F.,.F.,(4,4),(-0.937297190837727,-0.469573438860325),
 .UNSPECIFIED.);
#259=B_SPLINE_CURVE_WITH_KNOTS('',3,(#8682,#8683,#8684,#8685,#8686,#8687),
 .UNSPECIFIED.,.F.,.F.,(4,2,4),(-0.501910000447932,-0.250954721267006,0.),
 .UNSPECIFIED.);
#260=B_SPLINE_CURVE_WITH_KNOTS('',3,(#8717,#8718,#8719,#8720,#8721,#8722,
#8723,#8724,#8725),.UNSPECIFIED.,.F.,.F.,(4,3,2,4),(0.,0.070022397451779,
0.21248240605029,0.317385568513931),.UNSPECIFIED.);
#261=B_SPLINE_CURVE_WITH_KNOTS('',3,(#8727,#8728,#8729,#8730,#8731,#8732,
#8733,#8734,#8735,#8736,#8737,#8738),.UNSPECIFIED.,.F.,.F.,(4,2,2,2,2,4),
(0.169335013504814,0.291530916219172,0.428592712564507,0.475801447691507,
0.496117931896723,0.514922141700981),.UNSPECIFIED.);
#262=B_SPLINE_CURVE_WITH_KNOTS('',3,(#8740,#8741,#8742,#8743),
 .UNSPECIFIED.,.F.,.F.,(4,4),(-0.000302205221841656,0.193829489466812),
 .UNSPECIFIED.);
#263=B_SPLINE_CURVE_WITH_KNOTS('',3,(#8745,#8746,#8747,#8748),
 .UNSPECIFIED.,.F.,.F.,(4,4),(0.,0.322263005845506),.UNSPECIFIED.);
#264=B_SPLINE_CURVE_WITH_KNOTS('',3,(#8749,#8750,#8751,#8752,#8753,#8754,
#8755,#8756,#8757,#8758,#8759,#8760,#8761,#8762,#8763,#8764,#8765,#8766,
#8767,#8768,#8769,#8770,#8771,#8772,#8773),.UNSPECIFIED.,.F.,.F.,(4,3,3,
3,3,3,3,3,4),(0.0520304564911162,0.0765890952128234,0.096246135189386,0.122540052953453,
0.148988274636764,0.162500025328806,0.188767082258836,0.214817654005958,
0.226454564105694),.UNSPECIFIED.);
#265=B_SPLINE_CURVE_WITH_KNOTS('',3,(#8802,#8803,#8804,#8805),
 .UNSPECIFIED.,.F.,.F.,(4,4),(-0.937297190837727,-0.469573438860325),
 .UNSPECIFIED.);
#266=B_SPLINE_CURVE_WITH_KNOTS('',3,(#8818,#8819,#8820,#8821,#8822,#8823,
#8824,#8825,#8826,#8827,#8828,#8829,#8830,#8831,#8832,#8833,#8834,#8835,
#8836,#8837,#8838,#8839,#8840,#8841,#8842,#8843,#8844,#8845,#8846,#8847,
#8848,#8849,#8850,#8851),.UNSPECIFIED.,.F.,.F.,(4,3,3,3,3,3,3,3,3,3,3,4),
(0.0208301717984484,0.0476854097608961,0.0745391226497905,0.0984215432821107,
0.125236207770615,0.151981552012978,0.17809715915033,0.194159632757457,
0.221744265754958,0.248160840067824,0.256825563990037,0.265622719600322),
 .UNSPECIFIED.);
#267=B_SPLINE_CURVE_WITH_KNOTS('',3,(#8853,#8854,#8855,#8856,#8857,#8858,
#8859,#8860,#8861,#8862,#8863,#8864,#8865,#8866,#8867,#8868,#8869,#8870,
#8871,#8872,#8873,#8874,#8875,#8876,#8877),.UNSPECIFIED.,.F.,.F.,(4,3,3,
3,3,3,3,3,4),(0.0520304564911162,0.0765890952128234,0.096246135189386,0.122539952864681,
0.148988276784962,0.162500025328806,0.188767211956375,0.214818107718301,
0.226454564105694),.UNSPECIFIED.);
#268=B_SPLINE_CURVE_WITH_KNOTS('',3,(#8881,#8882,#8883,#8884),
 .UNSPECIFIED.,.F.,.F.,(4,4),(0.05302950550821,0.3948941473348),
 .UNSPECIFIED.);
#269=B_SPLINE_CURVE_WITH_KNOTS('',3,(#8886,#8887,#8888,#8889),
 .UNSPECIFIED.,.F.,.F.,(4,4),(0.,0.322263005845506),.UNSPECIFIED.);
#270=B_SPLINE_CURVE_WITH_KNOTS('',3,(#8895,#8896,#8897,#8898,#8899,#8900,
#8901,#8902,#8903),.UNSPECIFIED.,.F.,.F.,(4,3,2,4),(0.,0.070022397451779,
0.21248240605029,0.317385568513931),.UNSPECIFIED.);
#271=B_SPLINE_CURVE_WITH_KNOTS('',3,(#8904,#8905,#8906,#8907,#8908,#8909),
 .UNSPECIFIED.,.F.,.F.,(4,2,4),(-0.501910000447932,-0.250954721267006,0.),
 .UNSPECIFIED.);
#272=B_SPLINE_CURVE_WITH_KNOTS('',3,(#8915,#8916,#8917,#8918,#8919,#8920,
#8921,#8922,#8923,#8924,#8925,#8926),.UNSPECIFIED.,.F.,.F.,(4,2,2,2,2,4),
(0.169335013504814,0.291530916219172,0.428592712564507,0.475801447691507,
0.496117931896723,0.514922141700981),.UNSPECIFIED.);
#273=B_SPLINE_CURVE_WITH_KNOTS('',3,(#8929,#8930,#8931,#8932),
 .UNSPECIFIED.,.F.,.F.,(4,4),(-0.000302205221841656,0.193829489466812),
 .UNSPECIFIED.);
#274=B_SPLINE_CURVE_WITH_KNOTS('',3,(#8954,#8955,#8956,#8957,#8958,#8959,
#8960,#8961,#8962,#8963),.UNSPECIFIED.,.F.,.F.,(4,3,3,4),(-0.111449495114886,
-0.063026529511249,-0.0197436613630483,-0.00018028726856034),
 .UNSPECIFIED.);
#275=B_SPLINE_CURVE_WITH_KNOTS('',3,(#8964,#8965,#8966,#8967,#8968,#8969),
 .UNSPECIFIED.,.F.,.F.,(4,2,4),(0.,0.253855721758476,0.394381187457903),
 .UNSPECIFIED.);
#276=B_SPLINE_CURVE_WITH_KNOTS('',3,(#8972,#8973,#8974,#8975),
 .UNSPECIFIED.,.F.,.F.,(4,4),(-0.169956671910365,2.96785409309661E-7),
 .UNSPECIFIED.);
#277=B_SPLINE_CURVE_WITH_KNOTS('',3,(#8979,#8980,#8981,#8982,#8983,#8984,
#8985,#8986,#8987,#8988),.UNSPECIFIED.,.F.,.F.,(4,2,2,2,4),(0.,0.0273291811425791,
0.0679641419482839,0.15045635825855,0.302893015392498),.UNSPECIFIED.);
#278=B_SPLINE_CURVE_WITH_KNOTS('',3,(#8989,#8990,#8991,#8992),
 .UNSPECIFIED.,.F.,.F.,(4,4),(0.248669145013286,0.503401406166116),
 .UNSPECIFIED.);
#279=B_SPLINE_CURVE_WITH_KNOTS('',3,(#9010,#9011,#9012,#9013,#9014,#9015,
#9016,#9017,#9018,#9019),.UNSPECIFIED.,.F.,.F.,(4,2,2,2,4),(0.0417782690580075,
0.191887244640698,0.237711264437833,0.256821308999245,0.273981104480494),
 .UNSPECIFIED.);
#280=B_SPLINE_CURVE_WITH_KNOTS('',3,(#9044,#9045,#9046,#9047),
 .UNSPECIFIED.,.F.,.F.,(4,4),(-9.52086448733475E-7,0.399957017135744),
 .UNSPECIFIED.);
#281=B_SPLINE_CURVE_WITH_KNOTS('',3,(#9090,#9091,#9092,#9093),
 .UNSPECIFIED.,.F.,.F.,(4,4),(0.05302950550821,0.3948941473348),
 .UNSPECIFIED.);
#282=B_SPLINE_CURVE_WITH_KNOTS('',3,(#9095,#9096,#9097,#9098),
 .UNSPECIFIED.,.F.,.F.,(4,4),(-0.169956671910364,2.96785410925873E-7),
 .UNSPECIFIED.);
#283=B_SPLINE_CURVE_WITH_KNOTS('',3,(#9100,#9101,#9102,#9103,#9104,#9105,
#9106,#9107,#9108,#9109),.UNSPECIFIED.,.F.,.F.,(4,2,2,2,4),(0.,0.0273291811425791,
0.0679641419482839,0.15045635825855,0.302893015392498),.UNSPECIFIED.);
#284=B_SPLINE_CURVE_WITH_KNOTS('',3,(#9111,#9112,#9113,#9114,#9115,#9116,
#9117,#9118,#9119,#9120),.UNSPECIFIED.,.F.,.F.,(4,2,2,2,4),(0.0417782690580075,
0.191887244640698,0.237711264437833,0.256821308999245,0.273981104480494),
 .UNSPECIFIED.);
#285=B_SPLINE_CURVE_WITH_KNOTS('',3,(#9122,#9123,#9124,#9125),
 .UNSPECIFIED.,.F.,.F.,(4,4),(-9.52086449896256E-7,0.399957017135743),
 .UNSPECIFIED.);
#286=B_SPLINE_CURVE_WITH_KNOTS('',3,(#9127,#9128,#9129,#9130,#9131,#9132,
#9133,#9134,#9135,#9136),.UNSPECIFIED.,.F.,.F.,(4,3,3,4),(-0.111449495114886,
-0.0630264883689533,-0.0197436100400434,-0.00018028726856034),
 .UNSPECIFIED.);
#287=B_SPLINE_CURVE_WITH_KNOTS('',3,(#9137,#9138,#9139,#9140,#9141,#9142,
#9143,#9144,#9145,#9146,#9147,#9148,#9149,#9150,#9151,#9152,#9153,#9154,
#9155,#9156,#9157,#9158,#9159,#9160,#9161,#9162,#9163,#9164,#9165,#9166,
#9167,#9168,#9169,#9170),.UNSPECIFIED.,.F.,.F.,(4,3,3,3,3,3,3,3,3,3,3,4),
(0.0208301717984484,0.0476853046051215,0.0745392693280536,0.0984215432821107,
0.125236235682905,0.151981830286925,0.178097936294788,0.194159632757457,
0.221744265754958,0.248161123196307,0.256825563990037,0.265622719600322),
 .UNSPECIFIED.);
#288=B_SPLINE_CURVE_WITH_KNOTS('',3,(#9196,#9197,#9198,#9199,#9200,#9201),
 .UNSPECIFIED.,.F.,.F.,(4,2,4),(0.,0.253855721758476,0.394381187457903),
 .UNSPECIFIED.);
#289=B_SPLINE_CURVE_WITH_KNOTS('',3,(#9219,#9220,#9221,#9222),
 .UNSPECIFIED.,.F.,.F.,(4,4),(0.248669145013286,0.503401406166116),
 .UNSPECIFIED.);
#290=B_SPLINE_CURVE_WITH_KNOTS('',3,(#9224,#9225,#9226,#9227),
 .UNSPECIFIED.,.F.,.F.,(4,4),(-0.937297190837727,-0.469573438860325),
 .UNSPECIFIED.);
#291=B_SPLINE_CURVE_WITH_KNOTS('',3,(#9228,#9229,#9230,#9231,#9232,#9233),
 .UNSPECIFIED.,.F.,.F.,(4,2,4),(-0.501910000447932,-0.250954721267006,0.),
 .UNSPECIFIED.);
#292=B_SPLINE_CURVE_WITH_KNOTS('',3,(#9263,#9264,#9265,#9266,#9267,#9268,
#9269,#9270,#9271),.UNSPECIFIED.,.F.,.F.,(4,3,2,4),(0.,0.070022397451779,
0.21248240605029,0.317385568513931),.UNSPECIFIED.);
#293=B_SPLINE_CURVE_WITH_KNOTS('',3,(#9273,#9274,#9275,#9276,#9277,#9278,
#9279,#9280,#9281,#9282,#9283,#9284),.UNSPECIFIED.,.F.,.F.,(4,2,2,2,2,4),
(0.169335013504814,0.291530916219172,0.428592712564507,0.475801447691507,
0.496117931896723,0.514922141700981),.UNSPECIFIED.);
#294=B_SPLINE_CURVE_WITH_KNOTS('',3,(#9286,#9287,#9288,#9289),
 .UNSPECIFIED.,.F.,.F.,(4,4),(-0.000302205221841656,0.193829489466812),
 .UNSPECIFIED.);
#295=B_SPLINE_CURVE_WITH_KNOTS('',3,(#9291,#9292,#9293,#9294),
 .UNSPECIFIED.,.F.,.F.,(4,4),(0.,0.322263005845506),.UNSPECIFIED.);
#296=B_SPLINE_CURVE_WITH_KNOTS('',3,(#9295,#9296,#9297,#9298,#9299,#9300,
#9301,#9302,#9303,#9304,#9305,#9306,#9307,#9308,#9309,#9310,#9311,#9312,
#9313,#9314,#9315,#9316,#9317,#9318,#9319),.UNSPECIFIED.,.F.,.F.,(4,3,3,
3,3,3,3,3,4),(0.0520304564911162,0.0765890952128234,0.096246135189386,0.1225401027183,
0.148988273569838,0.162500025328806,0.188767017774389,0.214817428428542,
0.226454564105694),.UNSPECIFIED.);
#297=B_SPLINE_CURVE_WITH_KNOTS('',3,(#9348,#9349,#9350,#9351),
 .UNSPECIFIED.,.F.,.F.,(4,4),(-0.937297190837727,-0.469573438860325),
 .UNSPECIFIED.);
#298=B_SPLINE_CURVE_WITH_KNOTS('',3,(#9364,#9365,#9366,#9367,#9368,#9369,
#9370,#9371,#9372,#9373,#9374,#9375,#9376,#9377,#9378,#9379,#9380,#9381,
#9382,#9383,#9384,#9385,#9386,#9387,#9388,#9389,#9390,#9391,#9392,#9393,
#9394,#9395,#9396,#9397),.UNSPECIFIED.,.F.,.F.,(4,3,3,3,3,3,3,3,3,3,3,4),
(0.0208301717984484,0.0476852977023187,0.07453927895708,0.0984215432821107,
0.125236237515196,0.151981848554449,0.178097987311902,0.194159632757457,
0.221744265754958,0.248161141782529,0.256825563990037,0.265622719600322),
 .UNSPECIFIED.);
#299=B_SPLINE_CURVE_WITH_KNOTS('',3,(#9399,#9400,#9401,#9402,#9403,#9404,
#9405,#9406,#9407,#9408,#9409,#9410,#9411,#9412,#9413,#9414,#9415,#9416,
#9417,#9418,#9419,#9420,#9421,#9422,#9423),.UNSPECIFIED.,.F.,.F.,(4,3,3,
3,3,3,3,3,4),(0.0520304564911162,0.0765890952128234,0.096246135189386,0.122540102565618,
0.148988273573105,0.162500025328806,0.188767017972225,0.214817429120609,
0.226454564105694),.UNSPECIFIED.);
#300=B_SPLINE_CURVE_WITH_KNOTS('',3,(#9427,#9428,#9429,#9430),
 .UNSPECIFIED.,.F.,.F.,(4,4),(0.05302950550821,0.3948941473348),
 .UNSPECIFIED.);
#301=B_SPLINE_CURVE_WITH_KNOTS('',3,(#9432,#9433,#9434,#9435),
 .UNSPECIFIED.,.F.,.F.,(4,4),(0.,0.322263005845506),.UNSPECIFIED.);
#302=B_SPLINE_CURVE_WITH_KNOTS('',3,(#9441,#9442,#9443,#9444,#9445,#9446,
#9447,#9448,#9449),.UNSPECIFIED.,.F.,.F.,(4,3,2,4),(0.,0.070022397451779,
0.21248240605029,0.317385568513931),.UNSPECIFIED.);
#303=B_SPLINE_CURVE_WITH_KNOTS('',3,(#9450,#9451,#9452,#9453,#9454,#9455),
 .UNSPECIFIED.,.F.,.F.,(4,2,4),(-0.501910000447932,-0.250954721267006,0.),
 .UNSPECIFIED.);
#304=B_SPLINE_CURVE_WITH_KNOTS('',3,(#9461,#9462,#9463,#9464,#9465,#9466,
#9467,#9468,#9469,#9470,#9471,#9472),.UNSPECIFIED.,.F.,.F.,(4,2,2,2,2,4),
(0.169335013504814,0.291530916219172,0.428592712564507,0.475801447691507,
0.496117931896723,0.514922141700981),.UNSPECIFIED.);
#305=B_SPLINE_CURVE_WITH_KNOTS('',3,(#9475,#9476,#9477,#9478),
 .UNSPECIFIED.,.F.,.F.,(4,4),(-0.000302205221841656,0.193829489466812),
 .UNSPECIFIED.);
#306=B_SPLINE_CURVE_WITH_KNOTS('',3,(#9500,#9501,#9502,#9503,#9504,#9505,
#9506,#9507,#9508,#9509),.UNSPECIFIED.,.F.,.F.,(4,3,3,4),(-0.111449495114886,
-0.0630264884109696,-0.0197436100924731,-0.00018028726856034),
 .UNSPECIFIED.);
#307=B_SPLINE_CURVE_WITH_KNOTS('',3,(#9510,#9511,#9512,#9513,#9514,#9515),
 .UNSPECIFIED.,.F.,.F.,(4,2,4),(0.,0.253855721758476,0.394381187457903),
 .UNSPECIFIED.);
#308=B_SPLINE_CURVE_WITH_KNOTS('',3,(#9518,#9519,#9520,#9521),
 .UNSPECIFIED.,.F.,.F.,(4,4),(-0.169956671910373,2.96785408566279E-7),
 .UNSPECIFIED.);
#309=B_SPLINE_CURVE_WITH_KNOTS('',3,(#9525,#9526,#9527,#9528,#9529,#9530,
#9531,#9532,#9533,#9534),.UNSPECIFIED.,.F.,.F.,(4,2,2,2,4),(0.,0.0273291811425791,
0.0679641419482839,0.15045635825855,0.302893015392498),.UNSPECIFIED.);
#310=B_SPLINE_CURVE_WITH_KNOTS('',3,(#9535,#9536,#9537,#9538),
 .UNSPECIFIED.,.F.,.F.,(4,4),(0.248669145013286,0.503401406166116),
 .UNSPECIFIED.);
#311=B_SPLINE_CURVE_WITH_KNOTS('',3,(#9556,#9557,#9558,#9559,#9560,#9561,
#9562,#9563,#9564,#9565),.UNSPECIFIED.,.F.,.F.,(4,2,2,2,4),(0.0417782690580075,
0.191887244640698,0.237711264437833,0.256821308999245,0.273981104480494),
 .UNSPECIFIED.);
#312=B_SPLINE_CURVE_WITH_KNOTS('',3,(#9590,#9591,#9592,#9593),
 .UNSPECIFIED.,.F.,.F.,(4,4),(-9.52086452779425E-7,0.399957017135742),
 .UNSPECIFIED.);
#313=B_SPLINE_CURVE_WITH_KNOTS('',3,(#9636,#9637,#9638,#9639),
 .UNSPECIFIED.,.F.,.F.,(4,4),(0.05302950550821,0.3948941473348),
 .UNSPECIFIED.);
#314=B_SPLINE_CURVE_WITH_KNOTS('',3,(#9641,#9642,#9643,#9644),
 .UNSPECIFIED.,.F.,.F.,(4,4),(-0.169956671910368,2.9678540754154E-7),
 .UNSPECIFIED.);
#315=B_SPLINE_CURVE_WITH_KNOTS('',3,(#9646,#9647,#9648,#9649,#9650,#9651,
#9652,#9653,#9654,#9655),.UNSPECIFIED.,.F.,.F.,(4,2,2,2,4),(0.,0.0273291811425791,
0.0679641419482839,0.15045635825855,0.302893015392498),.UNSPECIFIED.);
#316=B_SPLINE_CURVE_WITH_KNOTS('',3,(#9657,#9658,#9659,#9660,#9661,#9662,
#9663,#9664,#9665,#9666),.UNSPECIFIED.,.F.,.F.,(4,2,2,2,4),(0.0417782690580075,
0.191887244640698,0.237711264437833,0.256821308999245,0.273981104480494),
 .UNSPECIFIED.);
#317=B_SPLINE_CURVE_WITH_KNOTS('',3,(#9668,#9669,#9670,#9671),
 .UNSPECIFIED.,.F.,.F.,(4,4),(-9.5208644074636E-7,0.399957017135753),
 .UNSPECIFIED.);
#318=B_SPLINE_CURVE_WITH_KNOTS('',3,(#9673,#9674,#9675,#9676,#9677,#9678,
#9679,#9680,#9681,#9682),.UNSPECIFIED.,.F.,.F.,(4,3,3,4),(-0.111449495114886,
-0.0630264884109473,-0.0197436100924352,-0.00018028726856034),
 .UNSPECIFIED.);
#319=B_SPLINE_CURVE_WITH_KNOTS('',3,(#9683,#9684,#9685,#9686,#9687,#9688,
#9689,#9690,#9691,#9692,#9693,#9694,#9695,#9696,#9697,#9698,#9699,#9700,
#9701,#9702,#9703,#9704,#9705,#9706,#9707,#9708,#9709,#9710,#9711,#9712,
#9713,#9714,#9715,#9716),.UNSPECIFIED.,.F.,.F.,(4,3,3,3,3,3,3,3,3,3,3,4),
(0.0208301717984484,0.0476852977023072,0.0745392789570633,0.0984215432821107,
0.125236237515184,0.151981848554436,0.178097987311892,0.194159632757457,
0.221744265754958,0.248161141782516,0.256825563990037,0.265622719600322),
 .UNSPECIFIED.);
#320=B_SPLINE_CURVE_WITH_KNOTS('',3,(#9742,#9743,#9744,#9745,#9746,#9747),
 .UNSPECIFIED.,.F.,.F.,(4,2,4),(0.,0.253855721758476,0.394381187457903),
 .UNSPECIFIED.);
#321=B_SPLINE_CURVE_WITH_KNOTS('',3,(#9765,#9766,#9767,#9768),
 .UNSPECIFIED.,.F.,.F.,(4,4),(0.248669145013286,0.503401406166116),
 .UNSPECIFIED.);
#322=B_SPLINE_CURVE_WITH_KNOTS('',3,(#9770,#9771,#9772,#9773),
 .UNSPECIFIED.,.F.,.F.,(4,4),(-0.937297190837727,-0.469573438860325),
 .UNSPECIFIED.);
#323=B_SPLINE_CURVE_WITH_KNOTS('',3,(#9774,#9775,#9776,#9777,#9778,#9779),
 .UNSPECIFIED.,.F.,.F.,(4,2,4),(-0.501910000447932,-0.250954721267006,0.),
 .UNSPECIFIED.);
#324=B_SPLINE_CURVE_WITH_KNOTS('',3,(#9809,#9810,#9811,#9812,#9813,#9814,
#9815,#9816,#9817),.UNSPECIFIED.,.F.,.F.,(4,3,2,4),(0.,0.070022397451779,
0.21248240605029,0.317385568513931),.UNSPECIFIED.);
#325=B_SPLINE_CURVE_WITH_KNOTS('',3,(#9819,#9820,#9821,#9822,#9823,#9824,
#9825,#9826,#9827,#9828,#9829,#9830),.UNSPECIFIED.,.F.,.F.,(4,2,2,2,2,4),
(0.169335013504814,0.291530916219172,0.428592712564507,0.475801447691507,
0.496117931896723,0.514922141700981),.UNSPECIFIED.);
#326=B_SPLINE_CURVE_WITH_KNOTS('',3,(#9832,#9833,#9834,#9835),
 .UNSPECIFIED.,.F.,.F.,(4,4),(-0.000302205221841656,0.193829489466812),
 .UNSPECIFIED.);
#327=B_SPLINE_CURVE_WITH_KNOTS('',3,(#9837,#9838,#9839,#9840),
 .UNSPECIFIED.,.F.,.F.,(4,4),(0.,0.322263005845506),.UNSPECIFIED.);
#328=B_SPLINE_CURVE_WITH_KNOTS('',3,(#9841,#9842,#9843,#9844,#9845,#9846,
#9847,#9848,#9849,#9850,#9851,#9852,#9853,#9854,#9855,#9856,#9857,#9858,
#9859,#9860,#9861,#9862,#9863,#9864,#9865),.UNSPECIFIED.,.F.,.F.,(4,3,3,
3,3,3,3,3,4),(0.0520304564911162,0.0765890952128234,0.096246135189386,0.122540102565615,
0.148988273573114,0.162500025328806,0.188767017972224,0.214817429120613,
0.226454564105694),.UNSPECIFIED.);
#329=B_SPLINE_CURVE_WITH_KNOTS('',3,(#9894,#9895,#9896,#9897),
 .UNSPECIFIED.,.F.,.F.,(4,4),(-0.937297190837727,-0.469573438860325),
 .UNSPECIFIED.);
#330=B_SPLINE_CURVE_WITH_KNOTS('',3,(#9910,#9911,#9912,#9913,#9914,#9915,
#9916,#9917,#9918,#9919,#9920,#9921,#9922,#9923,#9924,#9925,#9926,#9927,
#9928,#9929,#9930,#9931,#9932,#9933,#9934,#9935,#9936,#9937,#9938,#9939,
#9940,#9941,#9942,#9943),.UNSPECIFIED.,.F.,.F.,(4,3,3,3,3,3,3,3,3,3,3,4),
(0.0208301717984484,0.0476853046051274,0.0745392693280632,0.0984215432821107,
0.125236235682914,0.151981830286948,0.178097936294822,0.194159632757457,
0.221744265754958,0.248161123196315,0.256825563990037,0.265622719600322),
 .UNSPECIFIED.);
#331=B_SPLINE_CURVE_WITH_KNOTS('',3,(#9945,#9946,#9947,#9948,#9949,#9950,
#9951,#9952,#9953,#9954,#9955,#9956,#9957,#9958,#9959,#9960,#9961,#9962,
#9963,#9964,#9965,#9966,#9967,#9968,#9969),.UNSPECIFIED.,.F.,.F.,(4,3,3,
3,3,3,3,3,4),(0.0520304564911162,0.0765890952128234,0.096246135189386,0.122540102718298,
0.14898827356983,0.162500025328806,0.188767017774387,0.214817428428534,
0.226454564105694),.UNSPECIFIED.);
#332=B_SPLINE_CURVE_WITH_KNOTS('',3,(#9973,#9974,#9975,#9976),
 .UNSPECIFIED.,.F.,.F.,(4,4),(0.05302950550821,0.3948941473348),
 .UNSPECIFIED.);
#333=B_SPLINE_CURVE_WITH_KNOTS('',3,(#9978,#9979,#9980,#9981),
 .UNSPECIFIED.,.F.,.F.,(4,4),(0.,0.322263005845506),.UNSPECIFIED.);
#334=B_SPLINE_CURVE_WITH_KNOTS('',3,(#9987,#9988,#9989,#9990,#9991,#9992,
#9993,#9994,#9995),.UNSPECIFIED.,.F.,.F.,(4,3,2,4),(0.,0.070022397451779,
0.21248240605029,0.317385568513931),.UNSPECIFIED.);
#335=B_SPLINE_CURVE_WITH_KNOTS('',3,(#9996,#9997,#9998,#9999,#10000,#10001),
 .UNSPECIFIED.,.F.,.F.,(4,2,4),(-0.501910000447932,-0.250954721267006,0.),
 .UNSPECIFIED.);
#336=B_SPLINE_CURVE_WITH_KNOTS('',3,(#10007,#10008,#10009,#10010,#10011,
#10012,#10013,#10014,#10015,#10016,#10017,#10018),.UNSPECIFIED.,.F.,.F.,
(4,2,2,2,2,4),(0.169335013504814,0.291530916219172,0.428592712564507,0.475801447691507,
0.496117931896723,0.514922141700981),.UNSPECIFIED.);
#337=B_SPLINE_CURVE_WITH_KNOTS('',3,(#10021,#10022,#10023,#10024),
 .UNSPECIFIED.,.F.,.F.,(4,4),(-0.000302205221841656,0.193829489466812),
 .UNSPECIFIED.);
#338=B_SPLINE_CURVE_WITH_KNOTS('',3,(#10046,#10047,#10048,#10049,#10050,
#10051,#10052,#10053,#10054,#10055),.UNSPECIFIED.,.F.,.F.,(4,3,3,4),(-0.111449495114886,
-0.0630264883690824,-0.0197436100402429,-0.00018028726856034),
 .UNSPECIFIED.);
#339=B_SPLINE_CURVE_WITH_KNOTS('',3,(#10056,#10057,#10058,#10059,#10060,
#10061),.UNSPECIFIED.,.F.,.F.,(4,2,4),(0.,0.253855721758476,0.394381187457903),
 .UNSPECIFIED.);
#340=B_SPLINE_CURVE_WITH_KNOTS('',3,(#10064,#10065,#10066,#10067),
 .UNSPECIFIED.,.F.,.F.,(4,4),(-0.169956671910365,2.96785409373412E-7),
 .UNSPECIFIED.);
#341=B_SPLINE_CURVE_WITH_KNOTS('',3,(#10071,#10072,#10073,#10074,#10075,
#10076,#10077,#10078,#10079,#10080),.UNSPECIFIED.,.F.,.F.,(4,2,2,2,4),(0.,
0.0273291811425791,0.0679641419482839,0.15045635825855,0.302893015392498),
 .UNSPECIFIED.);
#342=B_SPLINE_CURVE_WITH_KNOTS('',3,(#10081,#10082,#10083,#10084),
 .UNSPECIFIED.,.F.,.F.,(4,4),(0.248669145013286,0.503401406166116),
 .UNSPECIFIED.);
#343=B_SPLINE_CURVE_WITH_KNOTS('',3,(#10102,#10103,#10104,#10105,#10106,
#10107,#10108,#10109,#10110,#10111),.UNSPECIFIED.,.F.,.F.,(4,2,2,2,4),(0.0417782690580075,
0.191887244640698,0.237711264437833,0.256821308999245,0.273981104480494),
 .UNSPECIFIED.);
#344=B_SPLINE_CURVE_WITH_KNOTS('',3,(#10136,#10137,#10138,#10139),
 .UNSPECIFIED.,.F.,.F.,(4,4),(-9.52086452522735E-7,0.399957017135736),
 .UNSPECIFIED.);
#345=B_SPLINE_CURVE_WITH_KNOTS('',3,(#10182,#10183,#10184,#10185),
 .UNSPECIFIED.,.F.,.F.,(4,4),(0.05302950550821,0.3948941473348),
 .UNSPECIFIED.);
#346=B_SPLINE_CURVE_WITH_KNOTS('',3,(#10187,#10188,#10189,#10190),
 .UNSPECIFIED.,.F.,.F.,(4,4),(-0.169956671910365,2.96785409698928E-7),
 .UNSPECIFIED.);
#347=B_SPLINE_CURVE_WITH_KNOTS('',3,(#10192,#10193,#10194,#10195,#10196,
#10197,#10198,#10199,#10200,#10201),.UNSPECIFIED.,.F.,.F.,(4,2,2,2,4),(0.,
0.0273291811425791,0.0679641419482839,0.15045635825855,0.302893015392498),
 .UNSPECIFIED.);
#348=B_SPLINE_CURVE_WITH_KNOTS('',3,(#10203,#10204,#10205,#10206,#10207,
#10208,#10209,#10210,#10211,#10212),.UNSPECIFIED.,.F.,.F.,(4,2,2,2,4),(0.0417782690580075,
0.191887244640698,0.237711264437833,0.256821308999245,0.273981104480494),
 .UNSPECIFIED.);
#349=B_SPLINE_CURVE_WITH_KNOTS('',3,(#10214,#10215,#10216,#10217),
 .UNSPECIFIED.,.F.,.F.,(4,4),(-9.52086453180162E-7,0.39995701713574),
 .UNSPECIFIED.);
#350=B_SPLINE_CURVE_WITH_KNOTS('',3,(#10219,#10220,#10221,#10222,#10223,
#10224,#10225,#10226,#10227,#10228),.UNSPECIFIED.,.F.,.F.,(4,3,3,4),(-0.111449495114886,
-0.0630265033717803,-0.019743628755412,-0.00018028726856034),
 .UNSPECIFIED.);
#351=B_SPLINE_CURVE_WITH_KNOTS('',3,(#10229,#10230,#10231,#10232,#10233,
#10234,#10235,#10236,#10237,#10238,#10239,#10240,#10241,#10242,#10243,#10244,
#10245,#10246,#10247,#10248,#10249,#10250,#10251,#10252,#10253,#10254,#10255,
#10256,#10257,#10258,#10259,#10260,#10261,#10262),.UNSPECIFIED.,.F.,.F.,
(4,3,3,3,3,3,3,3,3,3,3,4),(0.0208301717984484,0.0476853332586424,0.0745392293587374,
0.0984215432821107,0.125236228077126,0.151981754459366,0.178097724526391,
0.194159632757457,0.221744265754958,0.248161046045858,0.256825563990037,
0.265622719600322),.UNSPECIFIED.);
#352=B_SPLINE_CURVE_WITH_KNOTS('',3,(#10288,#10289,#10290,#10291,#10292,
#10293),.UNSPECIFIED.,.F.,.F.,(4,2,4),(0.,0.253855721758476,0.394381187457903),
 .UNSPECIFIED.);
#353=B_SPLINE_CURVE_WITH_KNOTS('',3,(#10311,#10312,#10313,#10314),
 .UNSPECIFIED.,.F.,.F.,(4,4),(0.248669145013286,0.503401406166116),
 .UNSPECIFIED.);
#354=B_SPLINE_CURVE_WITH_KNOTS('',3,(#10316,#10317,#10318,#10319),
 .UNSPECIFIED.,.F.,.F.,(4,4),(-0.937297190837727,-0.469573438860325),
 .UNSPECIFIED.);
#355=B_SPLINE_CURVE_WITH_KNOTS('',3,(#10320,#10321,#10322,#10323,#10324,
#10325),.UNSPECIFIED.,.F.,.F.,(4,2,4),(-0.501910000447932,-0.250954721267006,
0.),.UNSPECIFIED.);
#356=B_SPLINE_CURVE_WITH_KNOTS('',3,(#10355,#10356,#10357,#10358,#10359,
#10360,#10361,#10362,#10363),.UNSPECIFIED.,.F.,.F.,(4,3,2,4),(0.,0.070022397451779,
0.21248240605029,0.317385568513931),.UNSPECIFIED.);
#357=B_SPLINE_CURVE_WITH_KNOTS('',3,(#10365,#10366,#10367,#10368,#10369,
#10370,#10371,#10372,#10373,#10374,#10375,#10376),.UNSPECIFIED.,.F.,.F.,
(4,2,2,2,2,4),(0.169335013504814,0.291530916219172,0.428592712564507,0.475801447691507,
0.496117931896723,0.514922141700981),.UNSPECIFIED.);
#358=B_SPLINE_CURVE_WITH_KNOTS('',3,(#10378,#10379,#10380,#10381),
 .UNSPECIFIED.,.F.,.F.,(4,4),(-0.000302205221841656,0.193829489466812),
 .UNSPECIFIED.);
#359=B_SPLINE_CURVE_WITH_KNOTS('',3,(#10383,#10384,#10385,#10386),
 .UNSPECIFIED.,.F.,.F.,(4,4),(0.,0.322263005845506),.UNSPECIFIED.);
#360=B_SPLINE_CURVE_WITH_KNOTS('',3,(#10387,#10388,#10389,#10390,#10391,
#10392,#10393,#10394,#10395,#10396,#10397,#10398,#10399,#10400,#10401,#10402,
#10403,#10404,#10405,#10406,#10407,#10408,#10409,#10410,#10411),
 .UNSPECIFIED.,.F.,.F.,(4,3,3,3,3,3,3,3,4),(0.0520304564911162,0.0765890952128234,
0.096246135189386,0.122540048073499,0.148988274741439,0.162500025328806,
0.188767088582266,0.214817676126563,0.226454564105694),.UNSPECIFIED.);
#361=B_SPLINE_CURVE_WITH_KNOTS('',3,(#10440,#10441,#10442,#10443),
 .UNSPECIFIED.,.F.,.F.,(4,4),(-0.937297190837727,-0.469573438860325),
 .UNSPECIFIED.);
#362=B_SPLINE_CURVE_WITH_KNOTS('',3,(#10456,#10457,#10458,#10459,#10460,
#10461,#10462,#10463,#10464,#10465,#10466,#10467,#10468,#10469,#10470,#10471,
#10472,#10473,#10474,#10475,#10476,#10477,#10478,#10479,#10480,#10481,#10482,
#10483,#10484,#10485,#10486,#10487,#10488,#10489),.UNSPECIFIED.,.F.,.F.,
(4,3,3,3,3,3,3,3,3,3,3,4),(0.0208301717984484,0.0476853563556688,0.0745391971410557,
0.0984215432821107,0.125236221946281,0.151981693337161,0.178097553827907,
0.194159632757457,0.221744265754958,0.248160983857368,0.256825563990037,
0.265622719600322),.UNSPECIFIED.);
#363=B_SPLINE_CURVE_WITH_KNOTS('',3,(#10491,#10492,#10493,#10494,#10495,
#10496,#10497,#10498,#10499,#10500,#10501,#10502,#10503,#10504,#10505,#10506,
#10507,#10508,#10509,#10510,#10511,#10512,#10513,#10514,#10515),
 .UNSPECIFIED.,.F.,.F.,(4,3,3,3,3,3,3,3,4),(0.0520304564911162,0.0765890952128234,
0.096246135189386,0.122540052953459,0.148988274636766,0.162500025328806,
0.188767082258829,0.214817654005954,0.226454564105694),.UNSPECIFIED.);
#364=B_SPLINE_CURVE_WITH_KNOTS('',3,(#10519,#10520,#10521,#10522),
 .UNSPECIFIED.,.F.,.F.,(4,4),(0.05302950550821,0.3948941473348),
 .UNSPECIFIED.);
#365=B_SPLINE_CURVE_WITH_KNOTS('',3,(#10524,#10525,#10526,#10527),
 .UNSPECIFIED.,.F.,.F.,(4,4),(0.,0.322263005845506),.UNSPECIFIED.);
#366=B_SPLINE_CURVE_WITH_KNOTS('',3,(#10533,#10534,#10535,#10536,#10537,
#10538,#10539,#10540,#10541),.UNSPECIFIED.,.F.,.F.,(4,3,2,4),(0.,0.070022397451779,
0.21248240605029,0.317385568513931),.UNSPECIFIED.);
#367=B_SPLINE_CURVE_WITH_KNOTS('',3,(#10542,#10543,#10544,#10545,#10546,
#10547),.UNSPECIFIED.,.F.,.F.,(4,2,4),(-0.501910000447932,-0.250954721267006,
0.),.UNSPECIFIED.);
#368=B_SPLINE_CURVE_WITH_KNOTS('',3,(#10553,#10554,#10555,#10556,#10557,
#10558,#10559,#10560,#10561,#10562,#10563,#10564),.UNSPECIFIED.,.F.,.F.,
(4,2,2,2,2,4),(0.169335013504814,0.291530916219172,0.428592712564507,0.475801447691507,
0.496117931896723,0.514922141700981),.UNSPECIFIED.);
#369=B_SPLINE_CURVE_WITH_KNOTS('',3,(#10567,#10568,#10569,#10570),
 .UNSPECIFIED.,.F.,.F.,(4,4),(-0.000302205221841656,0.193829489466812),
 .UNSPECIFIED.);
#370=B_SPLINE_CURVE_WITH_KNOTS('',3,(#10592,#10593,#10594,#10595,#10596,
#10597,#10598,#10599,#10600,#10601),.UNSPECIFIED.,.F.,.F.,(4,3,3,4),(-0.111449495114886,
-0.0630265020318022,-0.0197436270837779,-0.00018028726856034),
 .UNSPECIFIED.);
#371=B_SPLINE_CURVE_WITH_KNOTS('',3,(#10602,#10603,#10604,#10605,#10606,
#10607),.UNSPECIFIED.,.F.,.F.,(4,2,4),(0.,0.253855721758476,0.394381187457903),
 .UNSPECIFIED.);
#372=B_SPLINE_CURVE_WITH_KNOTS('',3,(#10610,#10611,#10612,#10613),
 .UNSPECIFIED.,.F.,.F.,(4,4),(-0.169956671910365,2.96785409420958E-7),
 .UNSPECIFIED.);
#373=B_SPLINE_CURVE_WITH_KNOTS('',3,(#10617,#10618,#10619,#10620,#10621,
#10622,#10623,#10624,#10625,#10626),.UNSPECIFIED.,.F.,.F.,(4,2,2,2,4),(0.,
0.0273291811425791,0.0679641419482839,0.15045635825855,0.302893015392498),
 .UNSPECIFIED.);
#374=B_SPLINE_CURVE_WITH_KNOTS('',3,(#10627,#10628,#10629,#10630),
 .UNSPECIFIED.,.F.,.F.,(4,4),(0.248669145013286,0.503401406166116),
 .UNSPECIFIED.);
#375=B_SPLINE_CURVE_WITH_KNOTS('',3,(#10648,#10649,#10650,#10651,#10652,
#10653,#10654,#10655,#10656,#10657),.UNSPECIFIED.,.F.,.F.,(4,2,2,2,4),(0.0417782690580075,
0.191887244640698,0.237711264437833,0.256821308999245,0.273981104480494),
 .UNSPECIFIED.);
#376=B_SPLINE_CURVE_WITH_KNOTS('',3,(#10682,#10683,#10684,#10685),
 .UNSPECIFIED.,.F.,.F.,(4,4),(-9.52086444512889E-7,0.399957017135748),
 .UNSPECIFIED.);
#377=B_SPLINE_CURVE_WITH_KNOTS('',3,(#10728,#10729,#10730,#10731),
 .UNSPECIFIED.,.F.,.F.,(4,4),(0.05302950550821,0.3948941473348),
 .UNSPECIFIED.);
#378=B_SPLINE_CURVE_WITH_KNOTS('',3,(#10733,#10734,#10735,#10736),
 .UNSPECIFIED.,.F.,.F.,(4,4),(-0.169956671910365,2.96785409044102E-7),
 .UNSPECIFIED.);
#379=B_SPLINE_CURVE_WITH_KNOTS('',3,(#10738,#10739,#10740,#10741,#10742,
#10743,#10744,#10745,#10746,#10747),.UNSPECIFIED.,.F.,.F.,(4,2,2,2,4),(0.,
0.0273291811425791,0.0679641419482839,0.15045635825855,0.302893015392498),
 .UNSPECIFIED.);
#380=B_SPLINE_CURVE_WITH_KNOTS('',3,(#10749,#10750,#10751,#10752,#10753,
#10754,#10755,#10756,#10757,#10758),.UNSPECIFIED.,.F.,.F.,(4,2,2,2,4),(0.0417782690580075,
0.191887244640698,0.237711264437833,0.256821308999245,0.273981104480494),
 .UNSPECIFIED.);
#381=B_SPLINE_CURVE_WITH_KNOTS('',3,(#10760,#10761,#10762,#10763),
 .UNSPECIFIED.,.F.,.F.,(4,4),(-9.52086452287754E-7,0.399957017135744),
 .UNSPECIFIED.);
#382=B_SPLINE_CURVE_WITH_KNOTS('',3,(#10765,#10766,#10767,#10768,#10769,
#10770,#10771,#10772,#10773,#10774),.UNSPECIFIED.,.F.,.F.,(4,3,3,4),(-0.111449495114886,
-0.0630265295112536,-0.0197436613631089,-0.00018028726856034),
 .UNSPECIFIED.);
#383=B_SPLINE_CURVE_WITH_KNOTS('',3,(#10775,#10776,#10777,#10778,#10779,
#10780,#10781,#10782,#10783,#10784,#10785,#10786,#10787,#10788,#10789,#10790,
#10791,#10792,#10793,#10794,#10795,#10796,#10797,#10798,#10799,#10800,#10801,
#10802,#10803,#10804,#10805,#10806,#10807,#10808),.UNSPECIFIED.,.F.,.F.,
(4,3,3,3,3,3,3,3,3,3,3,4),(0.0208301717984484,0.0476854097608975,0.0745391226497962,
0.0984215432821107,0.125236207770615,0.151981552012979,0.178097159150329,
0.194159632757457,0.221744265754958,0.248160840067824,0.256825563990037,
0.265622719600322),.UNSPECIFIED.);
#384=B_SPLINE_CURVE_WITH_KNOTS('',3,(#10834,#10835,#10836,#10837,#10838,
#10839),.UNSPECIFIED.,.F.,.F.,(4,2,4),(0.,0.253855721758476,0.394381187457903),
 .UNSPECIFIED.);
#385=B_SPLINE_CURVE_WITH_KNOTS('',3,(#10857,#10858,#10859,#10860),
 .UNSPECIFIED.,.F.,.F.,(4,4),(0.248669145013286,0.503401406166116),
 .UNSPECIFIED.);
#386=B_SPLINE_CURVE_WITH_KNOTS('',3,(#10862,#10863,#10864,#10865),
 .UNSPECIFIED.,.F.,.F.,(4,4),(-0.937297190837727,-0.469573438860325),
 .UNSPECIFIED.);
#387=B_SPLINE_CURVE_WITH_KNOTS('',3,(#10866,#10867,#10868,#10869,#10870,
#10871),.UNSPECIFIED.,.F.,.F.,(4,2,4),(-0.501910000447932,-0.250954721267006,
0.),.UNSPECIFIED.);
#388=B_SPLINE_CURVE_WITH_KNOTS('',3,(#10901,#10902,#10903,#10904,#10905,
#10906,#10907,#10908,#10909),.UNSPECIFIED.,.F.,.F.,(4,3,2,4),(0.,0.070022397451779,
0.21248240605029,0.317385568513931),.UNSPECIFIED.);
#389=B_SPLINE_CURVE_WITH_KNOTS('',3,(#10911,#10912,#10913,#10914,#10915,
#10916,#10917,#10918,#10919,#10920,#10921,#10922),.UNSPECIFIED.,.F.,.F.,
(4,2,2,2,2,4),(0.169335013504814,0.291530916219172,0.428592712564507,0.475801447691507,
0.496117931896723,0.514922141700981),.UNSPECIFIED.);
#390=B_SPLINE_CURVE_WITH_KNOTS('',3,(#10924,#10925,#10926,#10927),
 .UNSPECIFIED.,.F.,.F.,(4,4),(-0.000302205221841656,0.193829489466812),
 .UNSPECIFIED.);
#391=B_SPLINE_CURVE_WITH_KNOTS('',3,(#10929,#10930,#10931,#10932),
 .UNSPECIFIED.,.F.,.F.,(4,4),(0.,0.322263005845506),.UNSPECIFIED.);
#392=B_SPLINE_CURVE_WITH_KNOTS('',3,(#10933,#10934,#10935,#10936,#10937,
#10938,#10939,#10940,#10941,#10942,#10943,#10944,#10945,#10946,#10947,#10948,
#10949,#10950,#10951,#10952,#10953,#10954,#10955,#10956,#10957),
 .UNSPECIFIED.,.F.,.F.,(4,3,3,3,3,3,3,3,4),(0.0520304564911162,0.0765890952128234,
0.096246135189386,0.122539952864682,0.148988276784961,0.162500025328806,
0.188767211956362,0.214818107718274,0.226454564105694),.UNSPECIFIED.);
#393=B_SPLINE_SURFACE_WITH_KNOTS('',3,3,((#5519,#5520,#5521,#5522),(#5523,
#5524,#5525,#5526),(#5527,#5528,#5529,#5530),(#5531,#5532,#5533,#5534),
(#5535,#5536,#5537,#5538)),.UNSPECIFIED.,.F.,.F.,.F.,(4,1,4),(4,4),(0.,
0.571428571428571,1.),(-0.270165389307936,0.511575140616836),
 .UNSPECIFIED.);
#394=B_SPLINE_SURFACE_WITH_KNOTS('',3,3,((#5622,#5623,#5624,#5625),(#5626,
#5627,#5628,#5629),(#5630,#5631,#5632,#5633),(#5634,#5635,#5636,#5637)),
 .UNSPECIFIED.,.F.,.F.,.F.,(4,4),(4,4),(-0.607981076066666,-0.469021113269275),
(0.,0.388389397476536),.UNSPECIFIED.);
#395=B_SPLINE_SURFACE_WITH_KNOTS('',3,3,((#5653,#5654,#5655,#5656),(#5657,
#5658,#5659,#5660),(#5661,#5662,#5663,#5664),(#5665,#5666,#5667,#5668)),
 .UNSPECIFIED.,.F.,.F.,.F.,(4,4),(4,4),(0.469021113269275,0.969296062733764),
(0.,0.5),.UNSPECIFIED.);
#396=B_SPLINE_SURFACE_WITH_KNOTS('',3,3,((#5693,#5694,#5695,#5696),(#5697,
#5698,#5699,#5700),(#5701,#5702,#5703,#5704),(#5705,#5706,#5707,#5708),
(#5709,#5710,#5711,#5712)),.UNSPECIFIED.,.F.,.F.,.F.,(4,1,4),(4,4),(0.,
0.571428571428571,1.),(-0.516209929053183,0.283424574588765),
 .UNSPECIFIED.);
#397=B_SPLINE_SURFACE_WITH_KNOTS('',3,3,((#5792,#5793,#5794,#5795),(#5796,
#5797,#5798,#5799),(#5800,#5801,#5802,#5803),(#5804,#5805,#5806,#5807),
(#5808,#5809,#5810,#5811)),.UNSPECIFIED.,.F.,.F.,.F.,(4,1,4),(4,4),(0.,
0.571428571428571,1.),(-0.270165389307936,0.511575140616836),
 .UNSPECIFIED.);
#398=B_SPLINE_SURFACE_WITH_KNOTS('',3,3,((#5895,#5896,#5897,#5898),(#5899,
#5900,#5901,#5902),(#5903,#5904,#5905,#5906),(#5907,#5908,#5909,#5910)),
 .UNSPECIFIED.,.F.,.F.,.F.,(4,4),(4,4),(-0.607981076066666,-0.469021113269275),
(0.,0.388389397476536),.UNSPECIFIED.);
#399=B_SPLINE_SURFACE_WITH_KNOTS('',3,3,((#5926,#5927,#5928,#5929),(#5930,
#5931,#5932,#5933),(#5934,#5935,#5936,#5937),(#5938,#5939,#5940,#5941)),
 .UNSPECIFIED.,.F.,.F.,.F.,(4,4),(4,4),(0.469021113269275,0.969296062733764),
(0.,0.5),.UNSPECIFIED.);
#400=B_SPLINE_SURFACE_WITH_KNOTS('',3,3,((#5966,#5967,#5968,#5969),(#5970,
#5971,#5972,#5973),(#5974,#5975,#5976,#5977),(#5978,#5979,#5980,#5981),
(#5982,#5983,#5984,#5985)),.UNSPECIFIED.,.F.,.F.,.F.,(4,1,4),(4,4),(0.,
0.571428571428571,1.),(-0.516209929053183,0.283424574588765),
 .UNSPECIFIED.);
#401=B_SPLINE_SURFACE_WITH_KNOTS('',3,3,((#6203,#6204,#6205,#6206),(#6207,
#6208,#6209,#6210),(#6211,#6212,#6213,#6214),(#6215,#6216,#6217,#6218),
(#6219,#6220,#6221,#6222)),.UNSPECIFIED.,.F.,.F.,.F.,(4,1,4),(4,4),(0.,
0.571428571428571,1.),(-0.516209929053183,0.283424574588765),
 .UNSPECIFIED.);
#402=B_SPLINE_SURFACE_WITH_KNOTS('',3,3,((#6263,#6264,#6265,#6266),(#6267,
#6268,#6269,#6270),(#6271,#6272,#6273,#6274),(#6275,#6276,#6277,#6278)),
 .UNSPECIFIED.,.F.,.F.,.F.,(4,4),(4,4),(0.469021113269275,0.969296062733764),
(0.,0.5),.UNSPECIFIED.);
#403=B_SPLINE_SURFACE_WITH_KNOTS('',3,3,((#6298,#6299,#6300,#6301),(#6302,
#6303,#6304,#6305),(#6306,#6307,#6308,#6309),(#6310,#6311,#6312,#6313)),
 .UNSPECIFIED.,.F.,.F.,.F.,(4,4),(4,4),(-0.607981076066666,-0.469021113269275),
(0.,0.388389397476536),.UNSPECIFIED.);
#404=B_SPLINE_SURFACE_WITH_KNOTS('',3,3,((#6318,#6319,#6320,#6321),(#6322,
#6323,#6324,#6325),(#6326,#6327,#6328,#6329),(#6330,#6331,#6332,#6333),
(#6334,#6335,#6336,#6337)),.UNSPECIFIED.,.F.,.F.,.F.,(4,1,4),(4,4),(0.,
0.571428571428571,1.),(-0.270165389307936,0.511575140616836),
 .UNSPECIFIED.);
#405=B_SPLINE_SURFACE_WITH_KNOTS('',3,3,((#6338,#6339,#6340,#6341),(#6342,
#6343,#6344,#6345),(#6346,#6347,#6348,#6349),(#6350,#6351,#6352,#6353),
(#6354,#6355,#6356,#6357)),.UNSPECIFIED.,.F.,.F.,.F.,(4,1,4),(4,4),(0.,
0.571428571428571,1.),(-0.270165389307936,0.511575140616836),
 .UNSPECIFIED.);
#406=B_SPLINE_SURFACE_WITH_KNOTS('',3,3,((#6441,#6442,#6443,#6444),(#6445,
#6446,#6447,#6448),(#6449,#6450,#6451,#6452),(#6453,#6454,#6455,#6456)),
 .UNSPECIFIED.,.F.,.F.,.F.,(4,4),(4,4),(-0.607981076066666,-0.469021113269275),
(0.,0.388389397476536),.UNSPECIFIED.);
#407=B_SPLINE_SURFACE_WITH_KNOTS('',3,3,((#6472,#6473,#6474,#6475),(#6476,
#6477,#6478,#6479),(#6480,#6481,#6482,#6483),(#6484,#6485,#6486,#6487)),
 .UNSPECIFIED.,.F.,.F.,.F.,(4,4),(4,4),(0.469021113269275,0.969296062733764),
(0.,0.5),.UNSPECIFIED.);
#408=B_SPLINE_SURFACE_WITH_KNOTS('',3,3,((#6512,#6513,#6514,#6515),(#6516,
#6517,#6518,#6519),(#6520,#6521,#6522,#6523),(#6524,#6525,#6526,#6527),
(#6528,#6529,#6530,#6531)),.UNSPECIFIED.,.F.,.F.,.F.,(4,1,4),(4,4),(0.,
0.571428571428571,1.),(-0.516209929053183,0.283424574588765),
 .UNSPECIFIED.);
#409=B_SPLINE_SURFACE_WITH_KNOTS('',3,3,((#6749,#6750,#6751,#6752),(#6753,
#6754,#6755,#6756),(#6757,#6758,#6759,#6760),(#6761,#6762,#6763,#6764),
(#6765,#6766,#6767,#6768)),.UNSPECIFIED.,.F.,.F.,.F.,(4,1,4),(4,4),(0.,
0.571428571428571,1.),(-0.516209929053183,0.283424574588765),
 .UNSPECIFIED.);
#410=B_SPLINE_SURFACE_WITH_KNOTS('',3,3,((#6809,#6810,#6811,#6812),(#6813,
#6814,#6815,#6816),(#6817,#6818,#6819,#6820),(#6821,#6822,#6823,#6824)),
 .UNSPECIFIED.,.F.,.F.,.F.,(4,4),(4,4),(0.469021113269275,0.969296062733764),
(0.,0.5),.UNSPECIFIED.);
#411=B_SPLINE_SURFACE_WITH_KNOTS('',3,3,((#6844,#6845,#6846,#6847),(#6848,
#6849,#6850,#6851),(#6852,#6853,#6854,#6855),(#6856,#6857,#6858,#6859)),
 .UNSPECIFIED.,.F.,.F.,.F.,(4,4),(4,4),(-0.607981076066666,-0.469021113269275),
(0.,0.388389397476536),.UNSPECIFIED.);
#412=B_SPLINE_SURFACE_WITH_KNOTS('',3,3,((#6864,#6865,#6866,#6867),(#6868,
#6869,#6870,#6871),(#6872,#6873,#6874,#6875),(#6876,#6877,#6878,#6879),
(#6880,#6881,#6882,#6883)),.UNSPECIFIED.,.F.,.F.,.F.,(4,1,4),(4,4),(0.,
0.571428571428571,1.),(-0.270165389307936,0.511575140616836),
 .UNSPECIFIED.);
#413=B_SPLINE_SURFACE_WITH_KNOTS('',3,3,((#6884,#6885,#6886,#6887),(#6888,
#6889,#6890,#6891),(#6892,#6893,#6894,#6895),(#6896,#6897,#6898,#6899),
(#6900,#6901,#6902,#6903)),.UNSPECIFIED.,.F.,.F.,.F.,(4,1,4),(4,4),(0.,
0.571428571428571,1.),(-0.270165389307936,0.511575140616836),
 .UNSPECIFIED.);
#414=B_SPLINE_SURFACE_WITH_KNOTS('',3,3,((#6987,#6988,#6989,#6990),(#6991,
#6992,#6993,#6994),(#6995,#6996,#6997,#6998),(#6999,#7000,#7001,#7002)),
 .UNSPECIFIED.,.F.,.F.,.F.,(4,4),(4,4),(-0.607981076066666,-0.469021113269275),
(0.,0.388389397476536),.UNSPECIFIED.);
#415=B_SPLINE_SURFACE_WITH_KNOTS('',3,3,((#7018,#7019,#7020,#7021),(#7022,
#7023,#7024,#7025),(#7026,#7027,#7028,#7029),(#7030,#7031,#7032,#7033)),
 .UNSPECIFIED.,.F.,.F.,.F.,(4,4),(4,4),(0.469021113269275,0.969296062733764),
(0.,0.5),.UNSPECIFIED.);
#416=B_SPLINE_SURFACE_WITH_KNOTS('',3,3,((#7058,#7059,#7060,#7061),(#7062,
#7063,#7064,#7065),(#7066,#7067,#7068,#7069),(#7070,#7071,#7072,#7073),
(#7074,#7075,#7076,#7077)),.UNSPECIFIED.,.F.,.F.,.F.,(4,1,4),(4,4),(0.,
0.571428571428571,1.),(-0.516209929053183,0.283424574588765),
 .UNSPECIFIED.);
#417=B_SPLINE_SURFACE_WITH_KNOTS('',3,3,((#7295,#7296,#7297,#7298),(#7299,
#7300,#7301,#7302),(#7303,#7304,#7305,#7306),(#7307,#7308,#7309,#7310),
(#7311,#7312,#7313,#7314)),.UNSPECIFIED.,.F.,.F.,.F.,(4,1,4),(4,4),(0.,
0.571428571428571,1.),(-0.516209929053183,0.283424574588765),
 .UNSPECIFIED.);
#418=B_SPLINE_SURFACE_WITH_KNOTS('',3,3,((#7355,#7356,#7357,#7358),(#7359,
#7360,#7361,#7362),(#7363,#7364,#7365,#7366),(#7367,#7368,#7369,#7370)),
 .UNSPECIFIED.,.F.,.F.,.F.,(4,4),(4,4),(0.469021113269275,0.969296062733764),
(0.,0.5),.UNSPECIFIED.);
#419=B_SPLINE_SURFACE_WITH_KNOTS('',3,3,((#7390,#7391,#7392,#7393),(#7394,
#7395,#7396,#7397),(#7398,#7399,#7400,#7401),(#7402,#7403,#7404,#7405)),
 .UNSPECIFIED.,.F.,.F.,.F.,(4,4),(4,4),(-0.607981076066666,-0.469021113269275),
(0.,0.388389397476536),.UNSPECIFIED.);
#420=B_SPLINE_SURFACE_WITH_KNOTS('',3,3,((#7410,#7411,#7412,#7413),(#7414,
#7415,#7416,#7417),(#7418,#7419,#7420,#7421),(#7422,#7423,#7424,#7425),
(#7426,#7427,#7428,#7429)),.UNSPECIFIED.,.F.,.F.,.F.,(4,1,4),(4,4),(0.,
0.571428571428571,1.),(-0.270165389307936,0.511575140616836),
 .UNSPECIFIED.);
#421=B_SPLINE_SURFACE_WITH_KNOTS('',3,3,((#7430,#7431,#7432,#7433),(#7434,
#7435,#7436,#7437),(#7438,#7439,#7440,#7441),(#7442,#7443,#7444,#7445),
(#7446,#7447,#7448,#7449)),.UNSPECIFIED.,.F.,.F.,.F.,(4,1,4),(4,4),(0.,
0.571428571428571,1.),(-0.270165389307936,0.511575140616836),
 .UNSPECIFIED.);
#422=B_SPLINE_SURFACE_WITH_KNOTS('',3,3,((#7533,#7534,#7535,#7536),(#7537,
#7538,#7539,#7540),(#7541,#7542,#7543,#7544),(#7545,#7546,#7547,#7548)),
 .UNSPECIFIED.,.F.,.F.,.F.,(4,4),(4,4),(-0.607981076066666,-0.469021113269275),
(0.,0.388389397476536),.UNSPECIFIED.);
#423=B_SPLINE_SURFACE_WITH_KNOTS('',3,3,((#7564,#7565,#7566,#7567),(#7568,
#7569,#7570,#7571),(#7572,#7573,#7574,#7575),(#7576,#7577,#7578,#7579)),
 .UNSPECIFIED.,.F.,.F.,.F.,(4,4),(4,4),(0.469021113269275,0.969296062733764),
(0.,0.5),.UNSPECIFIED.);
#424=B_SPLINE_SURFACE_WITH_KNOTS('',3,3,((#7604,#7605,#7606,#7607),(#7608,
#7609,#7610,#7611),(#7612,#7613,#7614,#7615),(#7616,#7617,#7618,#7619),
(#7620,#7621,#7622,#7623)),.UNSPECIFIED.,.F.,.F.,.F.,(4,1,4),(4,4),(0.,
0.571428571428571,1.),(-0.516209929053183,0.283424574588765),
 .UNSPECIFIED.);
#425=B_SPLINE_SURFACE_WITH_KNOTS('',3,3,((#7841,#7842,#7843,#7844),(#7845,
#7846,#7847,#7848),(#7849,#7850,#7851,#7852),(#7853,#7854,#7855,#7856),
(#7857,#7858,#7859,#7860)),.UNSPECIFIED.,.F.,.F.,.F.,(4,1,4),(4,4),(0.,
0.571428571428571,1.),(-0.516209929053183,0.283424574588765),
 .UNSPECIFIED.);
#426=B_SPLINE_SURFACE_WITH_KNOTS('',3,3,((#7901,#7902,#7903,#7904),(#7905,
#7906,#7907,#7908),(#7909,#7910,#7911,#7912),(#7913,#7914,#7915,#7916)),
 .UNSPECIFIED.,.F.,.F.,.F.,(4,4),(4,4),(0.469021113269275,0.969296062733764),
(0.,0.5),.UNSPECIFIED.);
#427=B_SPLINE_SURFACE_WITH_KNOTS('',3,3,((#7936,#7937,#7938,#7939),(#7940,
#7941,#7942,#7943),(#7944,#7945,#7946,#7947),(#7948,#7949,#7950,#7951)),
 .UNSPECIFIED.,.F.,.F.,.F.,(4,4),(4,4),(-0.607981076066666,-0.469021113269275),
(0.,0.388389397476536),.UNSPECIFIED.);
#428=B_SPLINE_SURFACE_WITH_KNOTS('',3,3,((#7956,#7957,#7958,#7959),(#7960,
#7961,#7962,#7963),(#7964,#7965,#7966,#7967),(#7968,#7969,#7970,#7971),
(#7972,#7973,#7974,#7975)),.UNSPECIFIED.,.F.,.F.,.F.,(4,1,4),(4,4),(0.,
0.571428571428571,1.),(-0.270165389307936,0.511575140616836),
 .UNSPECIFIED.);
#429=B_SPLINE_SURFACE_WITH_KNOTS('',3,3,((#7976,#7977,#7978,#7979),(#7980,
#7981,#7982,#7983),(#7984,#7985,#7986,#7987),(#7988,#7989,#7990,#7991),
(#7992,#7993,#7994,#7995)),.UNSPECIFIED.,.F.,.F.,.F.,(4,1,4),(4,4),(0.,
0.571428571428571,1.),(-0.270165389307936,0.511575140616836),
 .UNSPECIFIED.);
#430=B_SPLINE_SURFACE_WITH_KNOTS('',3,3,((#8079,#8080,#8081,#8082),(#8083,
#8084,#8085,#8086),(#8087,#8088,#8089,#8090),(#8091,#8092,#8093,#8094)),
 .UNSPECIFIED.,.F.,.F.,.F.,(4,4),(4,4),(-0.607981076066666,-0.469021113269275),
(0.,0.388389397476536),.UNSPECIFIED.);
#431=B_SPLINE_SURFACE_WITH_KNOTS('',3,3,((#8110,#8111,#8112,#8113),(#8114,
#8115,#8116,#8117),(#8118,#8119,#8120,#8121),(#8122,#8123,#8124,#8125)),
 .UNSPECIFIED.,.F.,.F.,.F.,(4,4),(4,4),(0.469021113269275,0.969296062733764),
(0.,0.5),.UNSPECIFIED.);
#432=B_SPLINE_SURFACE_WITH_KNOTS('',3,3,((#8150,#8151,#8152,#8153),(#8154,
#8155,#8156,#8157),(#8158,#8159,#8160,#8161),(#8162,#8163,#8164,#8165),
(#8166,#8167,#8168,#8169)),.UNSPECIFIED.,.F.,.F.,.F.,(4,1,4),(4,4),(0.,
0.571428571428571,1.),(-0.516209929053183,0.283424574588765),
 .UNSPECIFIED.);
#433=B_SPLINE_SURFACE_WITH_KNOTS('',3,3,((#8387,#8388,#8389,#8390),(#8391,
#8392,#8393,#8394),(#8395,#8396,#8397,#8398),(#8399,#8400,#8401,#8402),
(#8403,#8404,#8405,#8406)),.UNSPECIFIED.,.F.,.F.,.F.,(4,1,4),(4,4),(0.,
0.571428571428571,1.),(-0.516209929053183,0.283424574588765),
 .UNSPECIFIED.);
#434=B_SPLINE_SURFACE_WITH_KNOTS('',3,3,((#8447,#8448,#8449,#8450),(#8451,
#8452,#8453,#8454),(#8455,#8456,#8457,#8458),(#8459,#8460,#8461,#8462)),
 .UNSPECIFIED.,.F.,.F.,.F.,(4,4),(4,4),(0.469021113269275,0.969296062733764),
(0.,0.5),.UNSPECIFIED.);
#435=B_SPLINE_SURFACE_WITH_KNOTS('',3,3,((#8482,#8483,#8484,#8485),(#8486,
#8487,#8488,#8489),(#8490,#8491,#8492,#8493),(#8494,#8495,#8496,#8497)),
 .UNSPECIFIED.,.F.,.F.,.F.,(4,4),(4,4),(-0.607981076066666,-0.469021113269275),
(0.,0.388389397476536),.UNSPECIFIED.);
#436=B_SPLINE_SURFACE_WITH_KNOTS('',3,3,((#8502,#8503,#8504,#8505),(#8506,
#8507,#8508,#8509),(#8510,#8511,#8512,#8513),(#8514,#8515,#8516,#8517),
(#8518,#8519,#8520,#8521)),.UNSPECIFIED.,.F.,.F.,.F.,(4,1,4),(4,4),(0.,
0.571428571428571,1.),(-0.270165389307936,0.511575140616836),
 .UNSPECIFIED.);
#437=B_SPLINE_SURFACE_WITH_KNOTS('',3,3,((#8522,#8523,#8524,#8525),(#8526,
#8527,#8528,#8529),(#8530,#8531,#8532,#8533),(#8534,#8535,#8536,#8537),
(#8538,#8539,#8540,#8541)),.UNSPECIFIED.,.F.,.F.,.F.,(4,1,4),(4,4),(0.,
0.571428571428571,1.),(-0.270165389307936,0.511575140616836),
 .UNSPECIFIED.);
#438=B_SPLINE_SURFACE_WITH_KNOTS('',3,3,((#8625,#8626,#8627,#8628),(#8629,
#8630,#8631,#8632),(#8633,#8634,#8635,#8636),(#8637,#8638,#8639,#8640)),
 .UNSPECIFIED.,.F.,.F.,.F.,(4,4),(4,4),(-0.607981076066666,-0.469021113269275),
(0.,0.388389397476536),.UNSPECIFIED.);
#439=B_SPLINE_SURFACE_WITH_KNOTS('',3,3,((#8656,#8657,#8658,#8659),(#8660,
#8661,#8662,#8663),(#8664,#8665,#8666,#8667),(#8668,#8669,#8670,#8671)),
 .UNSPECIFIED.,.F.,.F.,.F.,(4,4),(4,4),(0.469021113269275,0.969296062733764),
(0.,0.5),.UNSPECIFIED.);
#440=B_SPLINE_SURFACE_WITH_KNOTS('',3,3,((#8696,#8697,#8698,#8699),(#8700,
#8701,#8702,#8703),(#8704,#8705,#8706,#8707),(#8708,#8709,#8710,#8711),
(#8712,#8713,#8714,#8715)),.UNSPECIFIED.,.F.,.F.,.F.,(4,1,4),(4,4),(0.,
0.571428571428571,1.),(-0.516209929053183,0.283424574588765),
 .UNSPECIFIED.);
#441=B_SPLINE_SURFACE_WITH_KNOTS('',3,3,((#8933,#8934,#8935,#8936),(#8937,
#8938,#8939,#8940),(#8941,#8942,#8943,#8944),(#8945,#8946,#8947,#8948),
(#8949,#8950,#8951,#8952)),.UNSPECIFIED.,.F.,.F.,.F.,(4,1,4),(4,4),(0.,
0.571428571428571,1.),(-0.516209929053183,0.283424574588765),
 .UNSPECIFIED.);
#442=B_SPLINE_SURFACE_WITH_KNOTS('',3,3,((#8993,#8994,#8995,#8996),(#8997,
#8998,#8999,#9000),(#9001,#9002,#9003,#9004),(#9005,#9006,#9007,#9008)),
 .UNSPECIFIED.,.F.,.F.,.F.,(4,4),(4,4),(0.469021113269275,0.969296062733764),
(0.,0.5),.UNSPECIFIED.);
#443=B_SPLINE_SURFACE_WITH_KNOTS('',3,3,((#9028,#9029,#9030,#9031),(#9032,
#9033,#9034,#9035),(#9036,#9037,#9038,#9039),(#9040,#9041,#9042,#9043)),
 .UNSPECIFIED.,.F.,.F.,.F.,(4,4),(4,4),(-0.607981076066666,-0.469021113269275),
(0.,0.388389397476536),.UNSPECIFIED.);
#444=B_SPLINE_SURFACE_WITH_KNOTS('',3,3,((#9048,#9049,#9050,#9051),(#9052,
#9053,#9054,#9055),(#9056,#9057,#9058,#9059),(#9060,#9061,#9062,#9063),
(#9064,#9065,#9066,#9067)),.UNSPECIFIED.,.F.,.F.,.F.,(4,1,4),(4,4),(0.,
0.571428571428571,1.),(-0.270165389307936,0.511575140616836),
 .UNSPECIFIED.);
#445=B_SPLINE_SURFACE_WITH_KNOTS('',3,3,((#9068,#9069,#9070,#9071),(#9072,
#9073,#9074,#9075),(#9076,#9077,#9078,#9079),(#9080,#9081,#9082,#9083),
(#9084,#9085,#9086,#9087)),.UNSPECIFIED.,.F.,.F.,.F.,(4,1,4),(4,4),(0.,
0.571428571428571,1.),(-0.270165389307936,0.511575140616836),
 .UNSPECIFIED.);
#446=B_SPLINE_SURFACE_WITH_KNOTS('',3,3,((#9171,#9172,#9173,#9174),(#9175,
#9176,#9177,#9178),(#9179,#9180,#9181,#9182),(#9183,#9184,#9185,#9186)),
 .UNSPECIFIED.,.F.,.F.,.F.,(4,4),(4,4),(-0.607981076066666,-0.469021113269275),
(0.,0.388389397476536),.UNSPECIFIED.);
#447=B_SPLINE_SURFACE_WITH_KNOTS('',3,3,((#9202,#9203,#9204,#9205),(#9206,
#9207,#9208,#9209),(#9210,#9211,#9212,#9213),(#9214,#9215,#9216,#9217)),
 .UNSPECIFIED.,.F.,.F.,.F.,(4,4),(4,4),(0.469021113269275,0.969296062733764),
(0.,0.5),.UNSPECIFIED.);
#448=B_SPLINE_SURFACE_WITH_KNOTS('',3,3,((#9242,#9243,#9244,#9245),(#9246,
#9247,#9248,#9249),(#9250,#9251,#9252,#9253),(#9254,#9255,#9256,#9257),
(#9258,#9259,#9260,#9261)),.UNSPECIFIED.,.F.,.F.,.F.,(4,1,4),(4,4),(0.,
0.571428571428571,1.),(-0.516209929053183,0.283424574588765),
 .UNSPECIFIED.);
#449=B_SPLINE_SURFACE_WITH_KNOTS('',3,3,((#9479,#9480,#9481,#9482),(#9483,
#9484,#9485,#9486),(#9487,#9488,#9489,#9490),(#9491,#9492,#9493,#9494),
(#9495,#9496,#9497,#9498)),.UNSPECIFIED.,.F.,.F.,.F.,(4,1,4),(4,4),(0.,
0.571428571428571,1.),(-0.516209929053183,0.283424574588765),
 .UNSPECIFIED.);
#450=B_SPLINE_SURFACE_WITH_KNOTS('',3,3,((#9539,#9540,#9541,#9542),(#9543,
#9544,#9545,#9546),(#9547,#9548,#9549,#9550),(#9551,#9552,#9553,#9554)),
 .UNSPECIFIED.,.F.,.F.,.F.,(4,4),(4,4),(0.469021113269275,0.969296062733764),
(0.,0.5),.UNSPECIFIED.);
#451=B_SPLINE_SURFACE_WITH_KNOTS('',3,3,((#9574,#9575,#9576,#9577),(#9578,
#9579,#9580,#9581),(#9582,#9583,#9584,#9585),(#9586,#9587,#9588,#9589)),
 .UNSPECIFIED.,.F.,.F.,.F.,(4,4),(4,4),(-0.607981076066666,-0.469021113269275),
(0.,0.388389397476536),.UNSPECIFIED.);
#452=B_SPLINE_SURFACE_WITH_KNOTS('',3,3,((#9594,#9595,#9596,#9597),(#9598,
#9599,#9600,#9601),(#9602,#9603,#9604,#9605),(#9606,#9607,#9608,#9609),
(#9610,#9611,#9612,#9613)),.UNSPECIFIED.,.F.,.F.,.F.,(4,1,4),(4,4),(0.,
0.571428571428571,1.),(-0.270165389307936,0.511575140616836),
 .UNSPECIFIED.);
#453=B_SPLINE_SURFACE_WITH_KNOTS('',3,3,((#9614,#9615,#9616,#9617),(#9618,
#9619,#9620,#9621),(#9622,#9623,#9624,#9625),(#9626,#9627,#9628,#9629),
(#9630,#9631,#9632,#9633)),.UNSPECIFIED.,.F.,.F.,.F.,(4,1,4),(4,4),(0.,
0.571428571428571,1.),(-0.270165389307936,0.511575140616836),
 .UNSPECIFIED.);
#454=B_SPLINE_SURFACE_WITH_KNOTS('',3,3,((#9717,#9718,#9719,#9720),(#9721,
#9722,#9723,#9724),(#9725,#9726,#9727,#9728),(#9729,#9730,#9731,#9732)),
 .UNSPECIFIED.,.F.,.F.,.F.,(4,4),(4,4),(-0.607981076066666,-0.469021113269275),
(0.,0.388389397476536),.UNSPECIFIED.);
#455=B_SPLINE_SURFACE_WITH_KNOTS('',3,3,((#9748,#9749,#9750,#9751),(#9752,
#9753,#9754,#9755),(#9756,#9757,#9758,#9759),(#9760,#9761,#9762,#9763)),
 .UNSPECIFIED.,.F.,.F.,.F.,(4,4),(4,4),(0.469021113269275,0.969296062733764),
(0.,0.5),.UNSPECIFIED.);
#456=B_SPLINE_SURFACE_WITH_KNOTS('',3,3,((#9788,#9789,#9790,#9791),(#9792,
#9793,#9794,#9795),(#9796,#9797,#9798,#9799),(#9800,#9801,#9802,#9803),
(#9804,#9805,#9806,#9807)),.UNSPECIFIED.,.F.,.F.,.F.,(4,1,4),(4,4),(0.,
0.571428571428571,1.),(-0.516209929053183,0.283424574588765),
 .UNSPECIFIED.);
#457=B_SPLINE_SURFACE_WITH_KNOTS('',3,3,((#10025,#10026,#10027,#10028),
(#10029,#10030,#10031,#10032),(#10033,#10034,#10035,#10036),(#10037,#10038,
#10039,#10040),(#10041,#10042,#10043,#10044)),.UNSPECIFIED.,.F.,.F.,.F.,
(4,1,4),(4,4),(0.,0.571428571428571,1.),(-0.516209929053183,0.283424574588765),
 .UNSPECIFIED.);
#458=B_SPLINE_SURFACE_WITH_KNOTS('',3,3,((#10085,#10086,#10087,#10088),
(#10089,#10090,#10091,#10092),(#10093,#10094,#10095,#10096),(#10097,#10098,
#10099,#10100)),.UNSPECIFIED.,.F.,.F.,.F.,(4,4),(4,4),(0.469021113269275,
0.969296062733764),(0.,0.5),.UNSPECIFIED.);
#459=B_SPLINE_SURFACE_WITH_KNOTS('',3,3,((#10120,#10121,#10122,#10123),
(#10124,#10125,#10126,#10127),(#10128,#10129,#10130,#10131),(#10132,#10133,
#10134,#10135)),.UNSPECIFIED.,.F.,.F.,.F.,(4,4),(4,4),(-0.607981076066666,
-0.469021113269275),(0.,0.388389397476536),.UNSPECIFIED.);
#460=B_SPLINE_SURFACE_WITH_KNOTS('',3,3,((#10140,#10141,#10142,#10143),
(#10144,#10145,#10146,#10147),(#10148,#10149,#10150,#10151),(#10152,#10153,
#10154,#10155),(#10156,#10157,#10158,#10159)),.UNSPECIFIED.,.F.,.F.,.F.,
(4,1,4),(4,4),(0.,0.571428571428571,1.),(-0.270165389307936,0.511575140616836),
 .UNSPECIFIED.);
#461=B_SPLINE_SURFACE_WITH_KNOTS('',3,3,((#10160,#10161,#10162,#10163),
(#10164,#10165,#10166,#10167),(#10168,#10169,#10170,#10171),(#10172,#10173,
#10174,#10175),(#10176,#10177,#10178,#10179)),.UNSPECIFIED.,.F.,.F.,.F.,
(4,1,4),(4,4),(0.,0.571428571428571,1.),(-0.270165389307936,0.511575140616836),
 .UNSPECIFIED.);
#462=B_SPLINE_SURFACE_WITH_KNOTS('',3,3,((#10263,#10264,#10265,#10266),
(#10267,#10268,#10269,#10270),(#10271,#10272,#10273,#10274),(#10275,#10276,
#10277,#10278)),.UNSPECIFIED.,.F.,.F.,.F.,(4,4),(4,4),(-0.607981076066666,
-0.469021113269275),(0.,0.388389397476536),.UNSPECIFIED.);
#463=B_SPLINE_SURFACE_WITH_KNOTS('',3,3,((#10294,#10295,#10296,#10297),
(#10298,#10299,#10300,#10301),(#10302,#10303,#10304,#10305),(#10306,#10307,
#10308,#10309)),.UNSPECIFIED.,.F.,.F.,.F.,(4,4),(4,4),(0.469021113269275,
0.969296062733764),(0.,0.5),.UNSPECIFIED.);
#464=B_SPLINE_SURFACE_WITH_KNOTS('',3,3,((#10334,#10335,#10336,#10337),
(#10338,#10339,#10340,#10341),(#10342,#10343,#10344,#10345),(#10346,#10347,
#10348,#10349),(#10350,#10351,#10352,#10353)),.UNSPECIFIED.,.F.,.F.,.F.,
(4,1,4),(4,4),(0.,0.571428571428571,1.),(-0.516209929053183,0.283424574588765),
 .UNSPECIFIED.);
#465=B_SPLINE_SURFACE_WITH_KNOTS('',3,3,((#10571,#10572,#10573,#10574),
(#10575,#10576,#10577,#10578),(#10579,#10580,#10581,#10582),(#10583,#10584,
#10585,#10586),(#10587,#10588,#10589,#10590)),.UNSPECIFIED.,.F.,.F.,.F.,
(4,1,4),(4,4),(0.,0.571428571428571,1.),(-0.516209929053183,0.283424574588765),
 .UNSPECIFIED.);
#466=B_SPLINE_SURFACE_WITH_KNOTS('',3,3,((#10631,#10632,#10633,#10634),
(#10635,#10636,#10637,#10638),(#10639,#10640,#10641,#10642),(#10643,#10644,
#10645,#10646)),.UNSPECIFIED.,.F.,.F.,.F.,(4,4),(4,4),(0.469021113269275,
0.969296062733764),(0.,0.5),.UNSPECIFIED.);
#467=B_SPLINE_SURFACE_WITH_KNOTS('',3,3,((#10666,#10667,#10668,#10669),
(#10670,#10671,#10672,#10673),(#10674,#10675,#10676,#10677),(#10678,#10679,
#10680,#10681)),.UNSPECIFIED.,.F.,.F.,.F.,(4,4),(4,4),(-0.607981076066666,
-0.469021113269275),(0.,0.388389397476536),.UNSPECIFIED.);
#468=B_SPLINE_SURFACE_WITH_KNOTS('',3,3,((#10686,#10687,#10688,#10689),
(#10690,#10691,#10692,#10693),(#10694,#10695,#10696,#10697),(#10698,#10699,
#10700,#10701),(#10702,#10703,#10704,#10705)),.UNSPECIFIED.,.F.,.F.,.F.,
(4,1,4),(4,4),(0.,0.571428571428571,1.),(-0.270165389307936,0.511575140616836),
 .UNSPECIFIED.);
#469=B_SPLINE_SURFACE_WITH_KNOTS('',3,3,((#10706,#10707,#10708,#10709),
(#10710,#10711,#10712,#10713),(#10714,#10715,#10716,#10717),(#10718,#10719,
#10720,#10721),(#10722,#10723,#10724,#10725)),.UNSPECIFIED.,.F.,.F.,.F.,
(4,1,4),(4,4),(0.,0.571428571428571,1.),(-0.270165389307936,0.511575140616836),
 .UNSPECIFIED.);
#470=B_SPLINE_SURFACE_WITH_KNOTS('',3,3,((#10809,#10810,#10811,#10812),
(#10813,#10814,#10815,#10816),(#10817,#10818,#10819,#10820),(#10821,#10822,
#10823,#10824)),.UNSPECIFIED.,.F.,.F.,.F.,(4,4),(4,4),(-0.607981076066666,
-0.469021113269275),(0.,0.388389397476536),.UNSPECIFIED.);
#471=B_SPLINE_SURFACE_WITH_KNOTS('',3,3,((#10840,#10841,#10842,#10843),
(#10844,#10845,#10846,#10847),(#10848,#10849,#10850,#10851),(#10852,#10853,
#10854,#10855)),.UNSPECIFIED.,.F.,.F.,.F.,(4,4),(4,4),(0.469021113269275,
0.969296062733764),(0.,0.5),.UNSPECIFIED.);
#472=B_SPLINE_SURFACE_WITH_KNOTS('',3,3,((#10880,#10881,#10882,#10883),
(#10884,#10885,#10886,#10887),(#10888,#10889,#10890,#10891),(#10892,#10893,
#10894,#10895),(#10896,#10897,#10898,#10899)),.UNSPECIFIED.,.F.,.F.,.F.,
(4,1,4),(4,4),(0.,0.571428571428571,1.),(-0.516209929053183,0.283424574588765),
 .UNSPECIFIED.);
#473=STYLED_ITEM('',(#11052),#495);
#474=STYLED_ITEM('',(#11052),#496);
#475=STYLED_ITEM('',(#11052),#497);
#476=STYLED_ITEM('',(#11052),#498);
#477=STYLED_ITEM('',(#11052),#499);
#478=STYLED_ITEM('',(#11052),#500);
#479=STYLED_ITEM('',(#11052),#501);
#480=STYLED_ITEM('',(#11052),#502);
#481=STYLED_ITEM('',(#11052),#503);
#482=STYLED_ITEM('',(#11052),#504);
#483=STYLED_ITEM('',(#11052),#505);
#484=STYLED_ITEM('',(#11052),#506);
#485=STYLED_ITEM('',(#11052),#507);
#486=STYLED_ITEM('',(#11052),#508);
#487=STYLED_ITEM('',(#11052),#509);
#488=STYLED_ITEM('',(#11052),#510);
#489=STYLED_ITEM('',(#11052),#511);
#490=STYLED_ITEM('',(#11052),#512);
#491=STYLED_ITEM('',(#11052),#513);
#492=STYLED_ITEM('',(#11052),#514);
#493=STYLED_ITEM('',(#11052),#515);
#494=STYLED_ITEM('',(#11052),#516);
#495=MANIFOLD_SOLID_BREP('Body1',#4416);
#496=MANIFOLD_SOLID_BREP('Body2',#4417);
#497=MANIFOLD_SOLID_BREP('Body2',#4418);
#498=MANIFOLD_SOLID_BREP('Body2',#4419);
#499=MANIFOLD_SOLID_BREP('Body2',#4420);
#500=MANIFOLD_SOLID_BREP('Body2',#4421);
#501=MANIFOLD_SOLID_BREP('Body2',#4422);
#502=MANIFOLD_SOLID_BREP('Body2',#4423);
#503=MANIFOLD_SOLID_BREP('Body2',#4424);
#504=MANIFOLD_SOLID_BREP('Body2',#4425);
#505=MANIFOLD_SOLID_BREP('Body2',#4426);
#506=MANIFOLD_SOLID_BREP('Body2',#4427);
#507=MANIFOLD_SOLID_BREP('Body2',#4428);
#508=MANIFOLD_SOLID_BREP('Body2',#4429);
#509=MANIFOLD_SOLID_BREP('Body2',#4430);
#510=MANIFOLD_SOLID_BREP('Body2',#4431);
#511=MANIFOLD_SOLID_BREP('Body2',#4432);
#512=MANIFOLD_SOLID_BREP('Body2',#4433);
#513=MANIFOLD_SOLID_BREP('Body2',#4434);
#514=MANIFOLD_SOLID_BREP('Body2',#4435);
#515=MANIFOLD_SOLID_BREP('Body2',#4436);
#516=MANIFOLD_SOLID_BREP('Body2',#4437);
#517=(
BOUNDED_SURFACE()
B_SPLINE_SURFACE(2,2,((#5486,#5487,#5488,#5489,#5490,#5491,#5492,#5493,
#5494),(#5495,#5496,#5497,#5498,#5499,#5500,#5501,#5502,#5503),(#5504,#5505,
#5506,#5507,#5508,#5509,#5510,#5511,#5512)),.UNSPECIFIED.,.F.,.T.,.F.)
B_SPLINE_SURFACE_WITH_KNOTS((3,3),(3,2,2,2,3),(-1.5707963267949,-0.976551294100691),
(-3.14159265358979,-1.5707963267949,0.,1.5707963267949,3.14159265358979),
 .UNSPECIFIED.)
GEOMETRIC_REPRESENTATION_ITEM()
RATIONAL_B_SPLINE_SURFACE(((1.,0.707106781186548,1.,0.707106781186548,1.,
0.707106781186548,1.,0.707106781186548,1.),(0.956182887467521,0.676123403782817,
0.956182887467521,0.676123403782817,0.956182887467521,0.676123403782817,
0.956182887467521,0.676123403782817,0.956182887467521),(1.,0.707106781186548,
1.,0.707106781186548,1.,0.707106781186548,1.,0.707106781186548,1.)))
REPRESENTATION_ITEM('')
SURFACE()
);
#518=LINE('',#5455,#750);
#519=LINE('',#5461,#751);
#520=LINE('',#5464,#752);
#521=LINE('',#5471,#753);
#522=LINE('',#5472,#754);
#523=LINE('',#5475,#755);
#524=LINE('',#5476,#756);
#525=LINE('',#5480,#757);
#526=LINE('',#5482,#758);
#527=LINE('',#5516,#759);
#528=LINE('',#5687,#760);
#529=LINE('',#5689,#761);
#530=LINE('',#5690,#762);
#531=LINE('',#5692,#763);
#532=LINE('',#5773,#764);
#533=LINE('',#5774,#765);
#534=LINE('',#5781,#766);
#535=LINE('',#5782,#767);
#536=LINE('',#5786,#768);
#537=LINE('',#5787,#769);
#538=LINE('',#5790,#770);
#539=LINE('',#5960,#771);
#540=LINE('',#5962,#772);
#541=LINE('',#5963,#773);
#542=LINE('',#5965,#774);
#543=LINE('',#6046,#775);
#544=LINE('',#6047,#776);
#545=LINE('',#6054,#777);
#546=LINE('',#6055,#778);
#547=LINE('',#6059,#779);
#548=LINE('',#6060,#780);
#549=LINE('',#6063,#781);
#550=LINE('',#6068,#782);
#551=LINE('',#6077,#783);
#552=LINE('',#6078,#784);
#553=LINE('',#6081,#785);
#554=LINE('',#6083,#786);
#555=LINE('',#6084,#787);
#556=LINE('',#6148,#788);
#557=LINE('',#6160,#789);
#558=LINE('',#6161,#790);
#559=LINE('',#6197,#791);
#560=LINE('',#6246,#792);
#561=LINE('',#6506,#793);
#562=LINE('',#6508,#794);
#563=LINE('',#6509,#795);
#564=LINE('',#6511,#796);
#565=LINE('',#6592,#797);
#566=LINE('',#6593,#798);
#567=LINE('',#6600,#799);
#568=LINE('',#6601,#800);
#569=LINE('',#6605,#801);
#570=LINE('',#6606,#802);
#571=LINE('',#6609,#803);
#572=LINE('',#6614,#804);
#573=LINE('',#6623,#805);
#574=LINE('',#6624,#806);
#575=LINE('',#6627,#807);
#576=LINE('',#6629,#808);
#577=LINE('',#6630,#809);
#578=LINE('',#6694,#810);
#579=LINE('',#6706,#811);
#580=LINE('',#6707,#812);
#581=LINE('',#6743,#813);
#582=LINE('',#6792,#814);
#583=LINE('',#7052,#815);
#584=LINE('',#7054,#816);
#585=LINE('',#7055,#817);
#586=LINE('',#7057,#818);
#587=LINE('',#7138,#819);
#588=LINE('',#7139,#820);
#589=LINE('',#7146,#821);
#590=LINE('',#7147,#822);
#591=LINE('',#7151,#823);
#592=LINE('',#7152,#824);
#593=LINE('',#7155,#825);
#594=LINE('',#7160,#826);
#595=LINE('',#7169,#827);
#596=LINE('',#7170,#828);
#597=LINE('',#7173,#829);
#598=LINE('',#7175,#830);
#599=LINE('',#7176,#831);
#600=LINE('',#7240,#832);
#601=LINE('',#7252,#833);
#602=LINE('',#7253,#834);
#603=LINE('',#7289,#835);
#604=LINE('',#7338,#836);
#605=LINE('',#7598,#837);
#606=LINE('',#7600,#838);
#607=LINE('',#7601,#839);
#608=LINE('',#7603,#840);
#609=LINE('',#7684,#841);
#610=LINE('',#7685,#842);
#611=LINE('',#7692,#843);
#612=LINE('',#7693,#844);
#613=LINE('',#7697,#845);
#614=LINE('',#7698,#846);
#615=LINE('',#7701,#847);
#616=LINE('',#7706,#848);
#617=LINE('',#7715,#849);
#618=LINE('',#7716,#850);
#619=LINE('',#7719,#851);
#620=LINE('',#7721,#852);
#621=LINE('',#7722,#853);
#622=LINE('',#7786,#854);
#623=LINE('',#7798,#855);
#624=LINE('',#7799,#856);
#625=LINE('',#7835,#857);
#626=LINE('',#7884,#858);
#627=LINE('',#8144,#859);
#628=LINE('',#8146,#860);
#629=LINE('',#8147,#861);
#630=LINE('',#8149,#862);
#631=LINE('',#8230,#863);
#632=LINE('',#8231,#864);
#633=LINE('',#8238,#865);
#634=LINE('',#8239,#866);
#635=LINE('',#8243,#867);
#636=LINE('',#8244,#868);
#637=LINE('',#8247,#869);
#638=LINE('',#8252,#870);
#639=LINE('',#8261,#871);
#640=LINE('',#8262,#872);
#641=LINE('',#8265,#873);
#642=LINE('',#8267,#874);
#643=LINE('',#8268,#875);
#644=LINE('',#8332,#876);
#645=LINE('',#8344,#877);
#646=LINE('',#8345,#878);
#647=LINE('',#8381,#879);
#648=LINE('',#8430,#880);
#649=LINE('',#8690,#881);
#650=LINE('',#8692,#882);
#651=LINE('',#8693,#883);
#652=LINE('',#8695,#884);
#653=LINE('',#8776,#885);
#654=LINE('',#8777,#886);
#655=LINE('',#8784,#887);
#656=LINE('',#8785,#888);
#657=LINE('',#8789,#889);
#658=LINE('',#8790,#890);
#659=LINE('',#8793,#891);
#660=LINE('',#8798,#892);
#661=LINE('',#8807,#893);
#662=LINE('',#8808,#894);
#663=LINE('',#8811,#895);
#664=LINE('',#8813,#896);
#665=LINE('',#8814,#897);
#666=LINE('',#8878,#898);
#667=LINE('',#8890,#899);
#668=LINE('',#8891,#900);
#669=LINE('',#8927,#901);
#670=LINE('',#8976,#902);
#671=LINE('',#9236,#903);
#672=LINE('',#9238,#904);
#673=LINE('',#9239,#905);
#674=LINE('',#9241,#906);
#675=LINE('',#9322,#907);
#676=LINE('',#9323,#908);
#677=LINE('',#9330,#909);
#678=LINE('',#9331,#910);
#679=LINE('',#9335,#911);
#680=LINE('',#9336,#912);
#681=LINE('',#9339,#913);
#682=LINE('',#9344,#914);
#683=LINE('',#9353,#915);
#684=LINE('',#9354,#916);
#685=LINE('',#9357,#917);
#686=LINE('',#9359,#918);
#687=LINE('',#9360,#919);
#688=LINE('',#9424,#920);
#689=LINE('',#9436,#921);
#690=LINE('',#9437,#922);
#691=LINE('',#9473,#923);
#692=LINE('',#9522,#924);
#693=LINE('',#9782,#925);
#694=LINE('',#9784,#926);
#695=LINE('',#9785,#927);
#696=LINE('',#9787,#928);
#697=LINE('',#9868,#929);
#698=LINE('',#9869,#930);
#699=LINE('',#9876,#931);
#700=LINE('',#9877,#932);
#701=LINE('',#9881,#933);
#702=LINE('',#9882,#934);
#703=LINE('',#9885,#935);
#704=LINE('',#9890,#936);
#705=LINE('',#9899,#937);
#706=LINE('',#9900,#938);
#707=LINE('',#9903,#939);
#708=LINE('',#9905,#940);
#709=LINE('',#9906,#941);
#710=LINE('',#9970,#942);
#711=LINE('',#9982,#943);
#712=LINE('',#9983,#944);
#713=LINE('',#10019,#945);
#714=LINE('',#10068,#946);
#715=LINE('',#10328,#947);
#716=LINE('',#10330,#948);
#717=LINE('',#10331,#949);
#718=LINE('',#10333,#950);
#719=LINE('',#10414,#951);
#720=LINE('',#10415,#952);
#721=LINE('',#10422,#953);
#722=LINE('',#10423,#954);
#723=LINE('',#10427,#955);
#724=LINE('',#10428,#956);
#725=LINE('',#10431,#957);
#726=LINE('',#10436,#958);
#727=LINE('',#10445,#959);
#728=LINE('',#10446,#960);
#729=LINE('',#10449,#961);
#730=LINE('',#10451,#962);
#731=LINE('',#10452,#963);
#732=LINE('',#10516,#964);
#733=LINE('',#10528,#965);
#734=LINE('',#10529,#966);
#735=LINE('',#10565,#967);
#736=LINE('',#10614,#968);
#737=LINE('',#10874,#969);
#738=LINE('',#10876,#970);
#739=LINE('',#10877,#971);
#740=LINE('',#10879,#972);
#741=LINE('',#10960,#973);
#742=LINE('',#10961,#974);
#743=LINE('',#10968,#975);
#744=LINE('',#10969,#976);
#745=LINE('',#10973,#977);
#746=LINE('',#10974,#978);
#747=LINE('',#10977,#979);
#748=LINE('',#11023,#980);
#749=LINE('',#11028,#981);
#750=VECTOR('',#4721,30.);
#751=VECTOR('',#4726,10.);
#752=VECTOR('',#4729,10.);
#753=VECTOR('',#4736,10.);
#754=VECTOR('',#4737,10.);
#755=VECTOR('',#4740,10.);
#756=VECTOR('',#4741,10.);
#757=VECTOR('',#4746,10.);
#758=VECTOR('',#4749,10.);
#759=VECTOR('',#4758,25.);
#760=VECTOR('',#4765,10.);
#761=VECTOR('',#4766,10.);
#762=VECTOR('',#4767,10.);
#763=VECTOR('',#4770,10.);
#764=VECTOR('',#4773,10.);
#765=VECTOR('',#4774,10.);
#766=VECTOR('',#4777,10.);
#767=VECTOR('',#4778,10.);
#768=VECTOR('',#4785,10.);
#769=VECTOR('',#4786,10.);
#770=VECTOR('',#4791,10.);
#771=VECTOR('',#4796,10.);
#772=VECTOR('',#4797,10.);
#773=VECTOR('',#4798,10.);
#774=VECTOR('',#4801,10.);
#775=VECTOR('',#4804,10.);
#776=VECTOR('',#4805,10.);
#777=VECTOR('',#4808,10.);
#778=VECTOR('',#4809,10.);
#779=VECTOR('',#4816,10.);
#780=VECTOR('',#4817,10.);
#781=VECTOR('',#4822,10.);
#782=VECTOR('',#4827,10.);
#783=VECTOR('',#4830,10.);
#784=VECTOR('',#4831,10.);
#785=VECTOR('',#4834,10.);
#786=VECTOR('',#4835,10.);
#787=VECTOR('',#4836,10.);
#788=VECTOR('',#4839,10.);
#789=VECTOR('',#4842,10.);
#790=VECTOR('',#4843,10.);
#791=VECTOR('',#4848,10.);
#792=VECTOR('',#4853,10.);
#793=VECTOR('',#4858,10.);
#794=VECTOR('',#4859,10.);
#795=VECTOR('',#4860,10.);
#796=VECTOR('',#4863,10.);
#797=VECTOR('',#4866,10.);
#798=VECTOR('',#4867,10.);
#799=VECTOR('',#4870,10.);
#800=VECTOR('',#4871,10.);
#801=VECTOR('',#4878,10.);
#802=VECTOR('',#4879,10.);
#803=VECTOR('',#4884,10.);
#804=VECTOR('',#4889,10.);
#805=VECTOR('',#4892,10.);
#806=VECTOR('',#4893,10.);
#807=VECTOR('',#4896,10.);
#808=VECTOR('',#4897,10.);
#809=VECTOR('',#4898,10.);
#810=VECTOR('',#4901,10.);
#811=VECTOR('',#4904,10.);
#812=VECTOR('',#4905,10.);
#813=VECTOR('',#4910,10.);
#814=VECTOR('',#4915,10.);
#815=VECTOR('',#4920,10.);
#816=VECTOR('',#4921,10.);
#817=VECTOR('',#4922,10.);
#818=VECTOR('',#4925,10.);
#819=VECTOR('',#4928,10.);
#820=VECTOR('',#4929,10.);
#821=VECTOR('',#4932,10.);
#822=VECTOR('',#4933,10.);
#823=VECTOR('',#4940,10.);
#824=VECTOR('',#4941,10.);
#825=VECTOR('',#4946,10.);
#826=VECTOR('',#4951,10.);
#827=VECTOR('',#4954,10.);
#828=VECTOR('',#4955,10.);
#829=VECTOR('',#4958,10.);
#830=VECTOR('',#4959,10.);
#831=VECTOR('',#4960,10.);
#832=VECTOR('',#4963,10.);
#833=VECTOR('',#4966,10.);
#834=VECTOR('',#4967,10.);
#835=VECTOR('',#4972,10.);
#836=VECTOR('',#4977,10.);
#837=VECTOR('',#4982,10.);
#838=VECTOR('',#4983,10.);
#839=VECTOR('',#4984,10.);
#840=VECTOR('',#4987,10.);
#841=VECTOR('',#4990,10.);
#842=VECTOR('',#4991,10.);
#843=VECTOR('',#4994,10.);
#844=VECTOR('',#4995,10.);
#845=VECTOR('',#5002,10.);
#846=VECTOR('',#5003,10.);
#847=VECTOR('',#5008,10.);
#848=VECTOR('',#5013,10.);
#849=VECTOR('',#5016,10.);
#850=VECTOR('',#5017,10.);
#851=VECTOR('',#5020,10.);
#852=VECTOR('',#5021,10.);
#853=VECTOR('',#5022,10.);
#854=VECTOR('',#5025,10.);
#855=VECTOR('',#5028,10.);
#856=VECTOR('',#5029,10.);
#857=VECTOR('',#5034,10.);
#858=VECTOR('',#5039,10.);
#859=VECTOR('',#5044,10.);
#860=VECTOR('',#5045,10.);
#861=VECTOR('',#5046,10.);
#862=VECTOR('',#5049,10.);
#863=VECTOR('',#5052,10.);
#864=VECTOR('',#5053,10.);
#865=VECTOR('',#5056,10.);
#866=VECTOR('',#5057,10.);
#867=VECTOR('',#5064,10.);
#868=VECTOR('',#5065,10.);
#869=VECTOR('',#5070,10.);
#870=VECTOR('',#5075,10.);
#871=VECTOR('',#5078,10.);
#872=VECTOR('',#5079,10.);
#873=VECTOR('',#5082,10.);
#874=VECTOR('',#5083,10.);
#875=VECTOR('',#5084,10.);
#876=VECTOR('',#5087,10.);
#877=VECTOR('',#5090,10.);
#878=VECTOR('',#5091,10.);
#879=VECTOR('',#5096,10.);
#880=VECTOR('',#5101,10.);
#881=VECTOR('',#5106,10.);
#882=VECTOR('',#5107,10.);
#883=VECTOR('',#5108,10.);
#884=VECTOR('',#5111,10.);
#885=VECTOR('',#5114,10.);
#886=VECTOR('',#5115,10.);
#887=VECTOR('',#5118,10.);
#888=VECTOR('',#5119,10.);
#889=VECTOR('',#5126,10.);
#890=VECTOR('',#5127,10.);
#891=VECTOR('',#5132,10.);
#892=VECTOR('',#5137,10.);
#893=VECTOR('',#5140,10.);
#894=VECTOR('',#5141,10.);
#895=VECTOR('',#5144,10.);
#896=VECTOR('',#5145,10.);
#897=VECTOR('',#5146,10.);
#898=VECTOR('',#5149,10.);
#899=VECTOR('',#5152,10.);
#900=VECTOR('',#5153,10.);
#901=VECTOR('',#5158,10.);
#902=VECTOR('',#5163,10.);
#903=VECTOR('',#5168,10.);
#904=VECTOR('',#5169,10.);
#905=VECTOR('',#5170,10.);
#906=VECTOR('',#5173,10.);
#907=VECTOR('',#5176,10.);
#908=VECTOR('',#5177,10.);
#909=VECTOR('',#5180,10.);
#910=VECTOR('',#5181,10.);
#911=VECTOR('',#5188,10.);
#912=VECTOR('',#5189,10.);
#913=VECTOR('',#5194,10.);
#914=VECTOR('',#5199,10.);
#915=VECTOR('',#5202,10.);
#916=VECTOR('',#5203,10.);
#917=VECTOR('',#5206,10.);
#918=VECTOR('',#5207,10.);
#919=VECTOR('',#5208,10.);
#920=VECTOR('',#5211,10.);
#921=VECTOR('',#5214,10.);
#922=VECTOR('',#5215,10.);
#923=VECTOR('',#5220,10.);
#924=VECTOR('',#5225,10.);
#925=VECTOR('',#5230,10.);
#926=VECTOR('',#5231,10.);
#927=VECTOR('',#5232,10.);
#928=VECTOR('',#5235,10.);
#929=VECTOR('',#5238,10.);
#930=VECTOR('',#5239,10.);
#931=VECTOR('',#5242,10.);
#932=VECTOR('',#5243,10.);
#933=VECTOR('',#5250,10.);
#934=VECTOR('',#5251,10.);
#935=VECTOR('',#5256,10.);
#936=VECTOR('',#5261,10.);
#937=VECTOR('',#5264,10.);
#938=VECTOR('',#5265,10.);
#939=VECTOR('',#5268,10.);
#940=VECTOR('',#5269,10.);
#941=VECTOR('',#5270,10.);
#942=VECTOR('',#5273,10.);
#943=VECTOR('',#5276,10.);
#944=VECTOR('',#5277,10.);
#945=VECTOR('',#5282,10.);
#946=VECTOR('',#5287,10.);
#947=VECTOR('',#5292,10.);
#948=VECTOR('',#5293,10.);
#949=VECTOR('',#5294,10.);
#950=VECTOR('',#5297,10.);
#951=VECTOR('',#5300,10.);
#952=VECTOR('',#5301,10.);
#953=VECTOR('',#5304,10.);
#954=VECTOR('',#5305,10.);
#955=VECTOR('',#5312,10.);
#956=VECTOR('',#5313,10.);
#957=VECTOR('',#5318,10.);
#958=VECTOR('',#5323,10.);
#959=VECTOR('',#5326,10.);
#960=VECTOR('',#5327,10.);
#961=VECTOR('',#5330,10.);
#962=VECTOR('',#5331,10.);
#963=VECTOR('',#5332,10.);
#964=VECTOR('',#5335,10.);
#965=VECTOR('',#5338,10.);
#966=VECTOR('',#5339,10.);
#967=VECTOR('',#5344,10.);
#968=VECTOR('',#5349,10.);
#969=VECTOR('',#5354,10.);
#970=VECTOR('',#5355,10.);
#971=VECTOR('',#5356,10.);
#972=VECTOR('',#5359,10.);
#973=VECTOR('',#5362,10.);
#974=VECTOR('',#5363,10.);
#975=VECTOR('',#5366,10.);
#976=VECTOR('',#5367,10.);
#977=VECTOR('',#5374,10.);
#978=VECTOR('',#5375,10.);
#979=VECTOR('',#5380,10.);
#980=VECTOR('',#5429,25.);
#981=VECTOR('',#5434,30.);
#982=CYLINDRICAL_SURFACE('',#4458,30.);
#983=CYLINDRICAL_SURFACE('',#4472,25.);
#984=CYLINDRICAL_SURFACE('',#4677,25.);
#985=CYLINDRICAL_SURFACE('',#4698,30.);
#986=FACE_BOUND('',#1438,.T.);
#987=FACE_BOUND('',#1440,.T.);
#988=FACE_BOUND('',#1449,.T.);
#989=FACE_BOUND('',#1715,.T.);
#990=PLANE('',#4456);
#991=PLANE('',#4462);
#992=PLANE('',#4465);
#993=PLANE('',#4466);
#994=PLANE('',#4468);
#995=PLANE('',#4469);
#996=PLANE('',#4474);
#997=PLANE('',#4475);
#998=PLANE('',#4476);
#999=PLANE('',#4477);
#1000=PLANE('',#4478);
#1001=PLANE('',#4481);
#1002=PLANE('',#4482);
#1003=PLANE('',#4483);
#1004=PLANE('',#4484);
#1005=PLANE('',#4485);
#1006=PLANE('',#4486);
#1007=PLANE('',#4487);
#1008=PLANE('',#4488);
#1009=PLANE('',#4491);
#1010=PLANE('',#4492);
#1011=PLANE('',#4493);
#1012=PLANE('',#4494);
#1013=PLANE('',#4495);
#1014=PLANE('',#4497);
#1015=PLANE('',#4498);
#1016=PLANE('',#4499);
#1017=PLANE('',#4501);
#1018=PLANE('',#4502);
#1019=PLANE('',#4503);
#1020=PLANE('',#4504);
#1021=PLANE('',#4505);
#1022=PLANE('',#4506);
#1023=PLANE('',#4507);
#1024=PLANE('',#4508);
#1025=PLANE('',#4511);
#1026=PLANE('',#4512);
#1027=PLANE('',#4513);
#1028=PLANE('',#4514);
#1029=PLANE('',#4515);
#1030=PLANE('',#4517);
#1031=PLANE('',#4518);
#1032=PLANE('',#4519);
#1033=PLANE('',#4521);
#1034=PLANE('',#4522);
#1035=PLANE('',#4523);
#1036=PLANE('',#4524);
#1037=PLANE('',#4525);
#1038=PLANE('',#4526);
#1039=PLANE('',#4527);
#1040=PLANE('',#4528);
#1041=PLANE('',#4531);
#1042=PLANE('',#4532);
#1043=PLANE('',#4533);
#1044=PLANE('',#4534);
#1045=PLANE('',#4535);
#1046=PLANE('',#4537);
#1047=PLANE('',#4538);
#1048=PLANE('',#4539);
#1049=PLANE('',#4541);
#1050=PLANE('',#4542);
#1051=PLANE('',#4543);
#1052=PLANE('',#4544);
#1053=PLANE('',#4545);
#1054=PLANE('',#4546);
#1055=PLANE('',#4547);
#1056=PLANE('',#4548);
#1057=PLANE('',#4551);
#1058=PLANE('',#4552);
#1059=PLANE('',#4553);
#1060=PLANE('',#4554);
#1061=PLANE('',#4555);
#1062=PLANE('',#4557);
#1063=PLANE('',#4558);
#1064=PLANE('',#4559);
#1065=PLANE('',#4561);
#1066=PLANE('',#4562);
#1067=PLANE('',#4563);
#1068=PLANE('',#4564);
#1069=PLANE('',#4565);
#1070=PLANE('',#4566);
#1071=PLANE('',#4567);
#1072=PLANE('',#4568);
#1073=PLANE('',#4571);
#1074=PLANE('',#4572);
#1075=PLANE('',#4573);
#1076=PLANE('',#4574);
#1077=PLANE('',#4575);
#1078=PLANE('',#4577);
#1079=PLANE('',#4578);
#1080=PLANE('',#4579);
#1081=PLANE('',#4581);
#1082=PLANE('',#4582);
#1083=PLANE('',#4583);
#1084=PLANE('',#4584);
#1085=PLANE('',#4585);
#1086=PLANE('',#4586);
#1087=PLANE('',#4587);
#1088=PLANE('',#4588);
#1089=PLANE('',#4591);
#1090=PLANE('',#4592);
#1091=PLANE('',#4593);
#1092=PLANE('',#4594);
#1093=PLANE('',#4595);
#1094=PLANE('',#4597);
#1095=PLANE('',#4598);
#1096=PLANE('',#4599);
#1097=PLANE('',#4601);
#1098=PLANE('',#4602);
#1099=PLANE('',#4603);
#1100=PLANE('',#4604);
#1101=PLANE('',#4605);
#1102=PLANE('',#4606);
#1103=PLANE('',#4607);
#1104=PLANE('',#4608);
#1105=PLANE('',#4611);
#1106=PLANE('',#4612);
#1107=PLANE('',#4613);
#1108=PLANE('',#4614);
#1109=PLANE('',#4615);
#1110=PLANE('',#4617);
#1111=PLANE('',#4618);
#1112=PLANE('',#4619);
#1113=PLANE('',#4621);
#1114=PLANE('',#4622);
#1115=PLANE('',#4623);
#1116=PLANE('',#4624);
#1117=PLANE('',#4625);
#1118=PLANE('',#4626);
#1119=PLANE('',#4627);
#1120=PLANE('',#4628);
#1121=PLANE('',#4631);
#1122=PLANE('',#4632);
#1123=PLANE('',#4633);
#1124=PLANE('',#4634);
#1125=PLANE('',#4635);
#1126=PLANE('',#4637);
#1127=PLANE('',#4638);
#1128=PLANE('',#4639);
#1129=PLANE('',#4641);
#1130=PLANE('',#4642);
#1131=PLANE('',#4643);
#1132=PLANE('',#4644);
#1133=PLANE('',#4645);
#1134=PLANE('',#4646);
#1135=PLANE('',#4647);
#1136=PLANE('',#4648);
#1137=PLANE('',#4651);
#1138=PLANE('',#4652);
#1139=PLANE('',#4653);
#1140=PLANE('',#4654);
#1141=PLANE('',#4655);
#1142=PLANE('',#4657);
#1143=PLANE('',#4658);
#1144=PLANE('',#4659);
#1145=PLANE('',#4661);
#1146=PLANE('',#4662);
#1147=PLANE('',#4663);
#1148=PLANE('',#4664);
#1149=PLANE('',#4665);
#1150=PLANE('',#4666);
#1151=PLANE('',#4667);
#1152=PLANE('',#4668);
#1153=PLANE('',#4671);
#1154=PLANE('',#4672);
#1155=PLANE('',#4673);
#1156=PLANE('',#4674);
#1157=PLANE('',#4675);
#1158=PLANE('',#4701);
#1159=PLANE('',#4702);
#1160=FACE_OUTER_BOUND('',#1436,.T.);
#1161=FACE_OUTER_BOUND('',#1437,.T.);
#1162=FACE_OUTER_BOUND('',#1439,.T.);
#1163=FACE_OUTER_BOUND('',#1441,.T.);
#1164=FACE_OUTER_BOUND('',#1442,.T.);
#1165=FACE_OUTER_BOUND('',#1443,.T.);
#1166=FACE_OUTER_BOUND('',#1444,.T.);
#1167=FACE_OUTER_BOUND('',#1445,.T.);
#1168=FACE_OUTER_BOUND('',#1446,.T.);
#1169=FACE_OUTER_BOUND('',#1447,.T.);
#1170=FACE_OUTER_BOUND('',#1448,.T.);
#1171=FACE_OUTER_BOUND('',#1450,.T.);
#1172=FACE_OUTER_BOUND('',#1451,.T.);
#1173=FACE_OUTER_BOUND('',#1452,.T.);
#1174=FACE_OUTER_BOUND('',#1453,.T.);
#1175=FACE_OUTER_BOUND('',#1454,.T.);
#1176=FACE_OUTER_BOUND('',#1455,.T.);
#1177=FACE_OUTER_BOUND('',#1456,.T.);
#1178=FACE_OUTER_BOUND('',#1457,.T.);
#1179=FACE_OUTER_BOUND('',#1458,.T.);
#1180=FACE_OUTER_BOUND('',#1459,.T.);
#1181=FACE_OUTER_BOUND('',#1460,.T.);
#1182=FACE_OUTER_BOUND('',#1461,.T.);
#1183=FACE_OUTER_BOUND('',#1462,.T.);
#1184=FACE_OUTER_BOUND('',#1463,.T.);
#1185=FACE_OUTER_BOUND('',#1464,.T.);
#1186=FACE_OUTER_BOUND('',#1465,.T.);
#1187=FACE_OUTER_BOUND('',#1466,.T.);
#1188=FACE_OUTER_BOUND('',#1467,.T.);
#1189=FACE_OUTER_BOUND('',#1468,.T.);
#1190=FACE_OUTER_BOUND('',#1469,.T.);
#1191=FACE_OUTER_BOUND('',#1470,.T.);
#1192=FACE_OUTER_BOUND('',#1471,.T.);
#1193=FACE_OUTER_BOUND('',#1472,.T.);
#1194=FACE_OUTER_BOUND('',#1473,.T.);
#1195=FACE_OUTER_BOUND('',#1474,.T.);
#1196=FACE_OUTER_BOUND('',#1475,.T.);
#1197=FACE_OUTER_BOUND('',#1476,.T.);
#1198=FACE_OUTER_BOUND('',#1477,.T.);
#1199=FACE_OUTER_BOUND('',#1478,.T.);
#1200=FACE_OUTER_BOUND('',#1479,.T.);
#1201=FACE_OUTER_BOUND('',#1480,.T.);
#1202=FACE_OUTER_BOUND('',#1481,.T.);
#1203=FACE_OUTER_BOUND('',#1482,.T.);
#1204=FACE_OUTER_BOUND('',#1483,.T.);
#1205=FACE_OUTER_BOUND('',#1484,.T.);
#1206=FACE_OUTER_BOUND('',#1485,.T.);
#1207=FACE_OUTER_BOUND('',#1486,.T.);
#1208=FACE_OUTER_BOUND('',#1487,.T.);
#1209=FACE_OUTER_BOUND('',#1488,.T.);
#1210=FACE_OUTER_BOUND('',#1489,.T.);
#1211=FACE_OUTER_BOUND('',#1490,.T.);
#1212=FACE_OUTER_BOUND('',#1491,.T.);
#1213=FACE_OUTER_BOUND('',#1492,.T.);
#1214=FACE_OUTER_BOUND('',#1493,.T.);
#1215=FACE_OUTER_BOUND('',#1494,.T.);
#1216=FACE_OUTER_BOUND('',#1495,.T.);
#1217=FACE_OUTER_BOUND('',#1496,.T.);
#1218=FACE_OUTER_BOUND('',#1497,.T.);
#1219=FACE_OUTER_BOUND('',#1498,.T.);
#1220=FACE_OUTER_BOUND('',#1499,.T.);
#1221=FACE_OUTER_BOUND('',#1500,.T.);
#1222=FACE_OUTER_BOUND('',#1501,.T.);
#1223=FACE_OUTER_BOUND('',#1502,.T.);
#1224=FACE_OUTER_BOUND('',#1503,.T.);
#1225=FACE_OUTER_BOUND('',#1504,.T.);
#1226=FACE_OUTER_BOUND('',#1505,.T.);
#1227=FACE_OUTER_BOUND('',#1506,.T.);
#1228=FACE_OUTER_BOUND('',#1507,.T.);
#1229=FACE_OUTER_BOUND('',#1508,.T.);
#1230=FACE_OUTER_BOUND('',#1509,.T.);
#1231=FACE_OUTER_BOUND('',#1510,.T.);
#1232=FACE_OUTER_BOUND('',#1511,.T.);
#1233=FACE_OUTER_BOUND('',#1512,.T.);
#1234=FACE_OUTER_BOUND('',#1513,.T.);
#1235=FACE_OUTER_BOUND('',#1514,.T.);
#1236=FACE_OUTER_BOUND('',#1515,.T.);
#1237=FACE_OUTER_BOUND('',#1516,.T.);
#1238=FACE_OUTER_BOUND('',#1517,.T.);
#1239=FACE_OUTER_BOUND('',#1518,.T.);
#1240=FACE_OUTER_BOUND('',#1519,.T.);
#1241=FACE_OUTER_BOUND('',#1520,.T.);
#1242=FACE_OUTER_BOUND('',#1521,.T.);
#1243=FACE_OUTER_BOUND('',#1522,.T.);
#1244=FACE_OUTER_BOUND('',#1523,.T.);
#1245=FACE_OUTER_BOUND('',#1524,.T.);
#1246=FACE_OUTER_BOUND('',#1525,.T.);
#1247=FACE_OUTER_BOUND('',#1526,.T.);
#1248=FACE_OUTER_BOUND('',#1527,.T.);
#1249=FACE_OUTER_BOUND('',#1528,.T.);
#1250=FACE_OUTER_BOUND('',#1529,.T.);
#1251=FACE_OUTER_BOUND('',#1530,.T.);
#1252=FACE_OUTER_BOUND('',#1531,.T.);
#1253=FACE_OUTER_BOUND('',#1532,.T.);
#1254=FACE_OUTER_BOUND('',#1533,.T.);
#1255=FACE_OUTER_BOUND('',#1534,.T.);
#1256=FACE_OUTER_BOUND('',#1535,.T.);
#1257=FACE_OUTER_BOUND('',#1536,.T.);
#1258=FACE_OUTER_BOUND('',#1537,.T.);
#1259=FACE_OUTER_BOUND('',#1538,.T.);
#1260=FACE_OUTER_BOUND('',#1539,.T.);
#1261=FACE_OUTER_BOUND('',#1540,.T.);
#1262=FACE_OUTER_BOUND('',#1541,.T.);
#1263=FACE_OUTER_BOUND('',#1542,.T.);
#1264=FACE_OUTER_BOUND('',#1543,.T.);
#1265=FACE_OUTER_BOUND('',#1544,.T.);
#1266=FACE_OUTER_BOUND('',#1545,.T.);
#1267=FACE_OUTER_BOUND('',#1546,.T.);
#1268=FACE_OUTER_BOUND('',#1547,.T.);
#1269=FACE_OUTER_BOUND('',#1548,.T.);
#1270=FACE_OUTER_BOUND('',#1549,.T.);
#1271=FACE_OUTER_BOUND('',#1550,.T.);
#1272=FACE_OUTER_BOUND('',#1551,.T.);
#1273=FACE_OUTER_BOUND('',#1552,.T.);
#1274=FACE_OUTER_BOUND('',#1553,.T.);
#1275=FACE_OUTER_BOUND('',#1554,.T.);
#1276=FACE_OUTER_BOUND('',#1555,.T.);
#1277=FACE_OUTER_BOUND('',#1556,.T.);
#1278=FACE_OUTER_BOUND('',#1557,.T.);
#1279=FACE_OUTER_BOUND('',#1558,.T.);
#1280=FACE_OUTER_BOUND('',#1559,.T.);
#1281=FACE_OUTER_BOUND('',#1560,.T.);
#1282=FACE_OUTER_BOUND('',#1561,.T.);
#1283=FACE_OUTER_BOUND('',#1562,.T.);
#1284=FACE_OUTER_BOUND('',#1563,.T.);
#1285=FACE_OUTER_BOUND('',#1564,.T.);
#1286=FACE_OUTER_BOUND('',#1565,.T.);
#1287=FACE_OUTER_BOUND('',#1566,.T.);
#1288=FACE_OUTER_BOUND('',#1567,.T.);
#1289=FACE_OUTER_BOUND('',#1568,.T.);
#1290=FACE_OUTER_BOUND('',#1569,.T.);
#1291=FACE_OUTER_BOUND('',#1570,.T.);
#1292=FACE_OUTER_BOUND('',#1571,.T.);
#1293=FACE_OUTER_BOUND('',#1572,.T.);
#1294=FACE_OUTER_BOUND('',#1573,.T.);
#1295=FACE_OUTER_BOUND('',#1574,.T.);
#1296=FACE_OUTER_BOUND('',#1575,.T.);
#1297=FACE_OUTER_BOUND('',#1576,.T.);
#1298=FACE_OUTER_BOUND('',#1577,.T.);
#1299=FACE_OUTER_BOUND('',#1578,.T.);
#1300=FACE_OUTER_BOUND('',#1579,.T.);
#1301=FACE_OUTER_BOUND('',#1580,.T.);
#1302=FACE_OUTER_BOUND('',#1581,.T.);
#1303=FACE_OUTER_BOUND('',#1582,.T.);
#1304=FACE_OUTER_BOUND('',#1583,.T.);
#1305=FACE_OUTER_BOUND('',#1584,.T.);
#1306=FACE_OUTER_BOUND('',#1585,.T.);
#1307=FACE_OUTER_BOUND('',#1586,.T.);
#1308=FACE_OUTER_BOUND('',#1587,.T.);
#1309=FACE_OUTER_BOUND('',#1588,.T.);
#1310=FACE_OUTER_BOUND('',#1589,.T.);
#1311=FACE_OUTER_BOUND('',#1590,.T.);
#1312=FACE_OUTER_BOUND('',#1591,.T.);
#1313=FACE_OUTER_BOUND('',#1592,.T.);
#1314=FACE_OUTER_BOUND('',#1593,.T.);
#1315=FACE_OUTER_BOUND('',#1594,.T.);
#1316=FACE_OUTER_BOUND('',#1595,.T.);
#1317=FACE_OUTER_BOUND('',#1596,.T.);
#1318=FACE_OUTER_BOUND('',#1597,.T.);
#1319=FACE_OUTER_BOUND('',#1598,.T.);
#1320=FACE_OUTER_BOUND('',#1599,.T.);
#1321=FACE_OUTER_BOUND('',#1600,.T.);
#1322=FACE_OUTER_BOUND('',#1601,.T.);
#1323=FACE_OUTER_BOUND('',#1602,.T.);
#1324=FACE_OUTER_BOUND('',#1603,.T.);
#1325=FACE_OUTER_BOUND('',#1604,.T.);
#1326=FACE_OUTER_BOUND('',#1605,.T.);
#1327=FACE_OUTER_BOUND('',#1606,.T.);
#1328=FACE_OUTER_BOUND('',#1607,.T.);
#1329=FACE_OUTER_BOUND('',#1608,.T.);
#1330=FACE_OUTER_BOUND('',#1609,.T.);
#1331=FACE_OUTER_BOUND('',#1610,.T.);
#1332=FACE_OUTER_BOUND('',#1611,.T.);
#1333=FACE_OUTER_BOUND('',#1612,.T.);
#1334=FACE_OUTER_BOUND('',#1613,.T.);
#1335=FACE_OUTER_BOUND('',#1614,.T.);
#1336=FACE_OUTER_BOUND('',#1615,.T.);
#1337=FACE_OUTER_BOUND('',#1616,.T.);
#1338=FACE_OUTER_BOUND('',#1617,.T.);
#1339=FACE_OUTER_BOUND('',#1618,.T.);
#1340=FACE_OUTER_BOUND('',#1619,.T.);
#1341=FACE_OUTER_BOUND('',#1620,.T.);
#1342=FACE_OUTER_BOUND('',#1621,.T.);
#1343=FACE_OUTER_BOUND('',#1622,.T.);
#1344=FACE_OUTER_BOUND('',#1623,.T.);
#1345=FACE_OUTER_BOUND('',#1624,.T.);
#1346=FACE_OUTER_BOUND('',#1625,.T.);
#1347=FACE_OUTER_BOUND('',#1626,.T.);
#1348=FACE_OUTER_BOUND('',#1627,.T.);
#1349=FACE_OUTER_BOUND('',#1628,.T.);
#1350=FACE_OUTER_BOUND('',#1629,.T.);
#1351=FACE_OUTER_BOUND('',#1630,.T.);
#1352=FACE_OUTER_BOUND('',#1631,.T.);
#1353=FACE_OUTER_BOUND('',#1632,.T.);
#1354=FACE_OUTER_BOUND('',#1633,.T.);
#1355=FACE_OUTER_BOUND('',#1634,.T.);
#1356=FACE_OUTER_BOUND('',#1635,.T.);
#1357=FACE_OUTER_BOUND('',#1636,.T.);
#1358=FACE_OUTER_BOUND('',#1637,.T.);
#1359=FACE_OUTER_BOUND('',#1638,.T.);
#1360=FACE_OUTER_BOUND('',#1639,.T.);
#1361=FACE_OUTER_BOUND('',#1640,.T.);
#1362=FACE_OUTER_BOUND('',#1641,.T.);
#1363=FACE_OUTER_BOUND('',#1642,.T.);
#1364=FACE_OUTER_BOUND('',#1643,.T.);
#1365=FACE_OUTER_BOUND('',#1644,.T.);
#1366=FACE_OUTER_BOUND('',#1645,.T.);
#1367=FACE_OUTER_BOUND('',#1646,.T.);
#1368=FACE_OUTER_BOUND('',#1647,.T.);
#1369=FACE_OUTER_BOUND('',#1648,.T.);
#1370=FACE_OUTER_BOUND('',#1649,.T.);
#1371=FACE_OUTER_BOUND('',#1650,.T.);
#1372=FACE_OUTER_BOUND('',#1651,.T.);
#1373=FACE_OUTER_BOUND('',#1652,.T.);
#1374=FACE_OUTER_BOUND('',#1653,.T.);
#1375=FACE_OUTER_BOUND('',#1654,.T.);
#1376=FACE_OUTER_BOUND('',#1655,.T.);
#1377=FACE_OUTER_BOUND('',#1656,.T.);
#1378=FACE_OUTER_BOUND('',#1657,.T.);
#1379=FACE_OUTER_BOUND('',#1658,.T.);
#1380=FACE_OUTER_BOUND('',#1659,.T.);
#1381=FACE_OUTER_BOUND('',#1660,.T.);
#1382=FACE_OUTER_BOUND('',#1661,.T.);
#1383=FACE_OUTER_BOUND('',#1662,.T.);
#1384=FACE_OUTER_BOUND('',#1663,.T.);
#1385=FACE_OUTER_BOUND('',#1664,.T.);
#1386=FACE_OUTER_BOUND('',#1665,.T.);
#1387=FACE_OUTER_BOUND('',#1666,.T.);
#1388=FACE_OUTER_BOUND('',#1667,.T.);
#1389=FACE_OUTER_BOUND('',#1668,.T.);
#1390=FACE_OUTER_BOUND('',#1669,.T.);
#1391=FACE_OUTER_BOUND('',#1670,.T.);
#1392=FACE_OUTER_BOUND('',#1671,.T.);
#1393=FACE_OUTER_BOUND('',#1672,.T.);
#1394=FACE_OUTER_BOUND('',#1673,.T.);
#1395=FACE_OUTER_BOUND('',#1674,.T.);
#1396=FACE_OUTER_BOUND('',#1675,.T.);
#1397=FACE_OUTER_BOUND('',#1676,.T.);
#1398=FACE_OUTER_BOUND('',#1677,.T.);
#1399=FACE_OUTER_BOUND('',#1678,.T.);
#1400=FACE_OUTER_BOUND('',#1679,.T.);
#1401=FACE_OUTER_BOUND('',#1680,.T.);
#1402=FACE_OUTER_BOUND('',#1681,.T.);
#1403=FACE_OUTER_BOUND('',#1682,.T.);
#1404=FACE_OUTER_BOUND('',#1683,.T.);
#1405=FACE_OUTER_BOUND('',#1684,.T.);
#1406=FACE_OUTER_BOUND('',#1685,.T.);
#1407=FACE_OUTER_BOUND('',#1686,.T.);
#1408=FACE_OUTER_BOUND('',#1687,.T.);
#1409=FACE_OUTER_BOUND('',#1688,.T.);
#1410=FACE_OUTER_BOUND('',#1689,.T.);
#1411=FACE_OUTER_BOUND('',#1690,.T.);
#1412=FACE_OUTER_BOUND('',#1691,.T.);
#1413=FACE_OUTER_BOUND('',#1692,.T.);
#1414=FACE_OUTER_BOUND('',#1693,.T.);
#1415=FACE_OUTER_BOUND('',#1694,.T.);
#1416=FACE_OUTER_BOUND('',#1695,.T.);
#1417=FACE_OUTER_BOUND('',#1696,.T.);
#1418=FACE_OUTER_BOUND('',#1697,.T.);
#1419=FACE_OUTER_BOUND('',#1698,.T.);
#1420=FACE_OUTER_BOUND('',#1699,.T.);
#1421=FACE_OUTER_BOUND('',#1700,.T.);
#1422=FACE_OUTER_BOUND('',#1701,.T.);
#1423=FACE_OUTER_BOUND('',#1702,.T.);
#1424=FACE_OUTER_BOUND('',#1703,.T.);
#1425=FACE_OUTER_BOUND('',#1704,.T.);
#1426=FACE_OUTER_BOUND('',#1705,.T.);
#1427=FACE_OUTER_BOUND('',#1706,.T.);
#1428=FACE_OUTER_BOUND('',#1707,.T.);
#1429=FACE_OUTER_BOUND('',#1708,.T.);
#1430=FACE_OUTER_BOUND('',#1709,.T.);
#1431=FACE_OUTER_BOUND('',#1710,.T.);
#1432=FACE_OUTER_BOUND('',#1711,.T.);
#1433=FACE_OUTER_BOUND('',#1712,.T.);
#1434=FACE_OUTER_BOUND('',#1713,.T.);
#1435=FACE_OUTER_BOUND('',#1714,.T.);
#1436=EDGE_LOOP('',(#2841,#2842,#2843,#2844,#2845));
#1437=EDGE_LOOP('',(#2846));
#1438=EDGE_LOOP('',(#2847));
#1439=EDGE_LOOP('',(#2848,#2849,#2850,#2851,#2852));
#1440=EDGE_LOOP('',(#2853,#2854,#2855,#2856));
#1441=EDGE_LOOP('',(#2857,#2858,#2859,#2860,#2861));
#1442=EDGE_LOOP('',(#2862,#2863,#2864,#2865));
#1443=EDGE_LOOP('',(#2866,#2867,#2868,#2869));
#1444=EDGE_LOOP('',(#2870,#2871,#2872,#2873));
#1445=EDGE_LOOP('',(#2874));
#1446=EDGE_LOOP('',(#2875,#2876,#2877,#2878));
#1447=EDGE_LOOP('',(#2879,#2880,#2881,#2882,#2883,#2884,#2885,#2886));
#1448=EDGE_LOOP('',(#2887));
#1449=EDGE_LOOP('',(#2888));
#1450=EDGE_LOOP('',(#2889,#2890,#2891,#2892,#2893,#2894,#2895));
#1451=EDGE_LOOP('',(#2896,#2897,#2898));
#1452=EDGE_LOOP('',(#2899,#2900,#2901,#2902,#2903));
#1453=EDGE_LOOP('',(#2904,#2905,#2906,#2907,#2908));
#1454=EDGE_LOOP('',(#2909,#2910,#2911));
#1455=EDGE_LOOP('',(#2912,#2913,#2914,#2915,#2916,#2917,#2918));
#1456=EDGE_LOOP('',(#2919,#2920,#2921));
#1457=EDGE_LOOP('',(#2922,#2923,#2924,#2925,#2926));
#1458=EDGE_LOOP('',(#2927,#2928,#2929,#2930));
#1459=EDGE_LOOP('',(#2931,#2932,#2933,#2934,#2935,#2936));
#1460=EDGE_LOOP('',(#2937,#2938,#2939));
#1461=EDGE_LOOP('',(#2940,#2941,#2942,#2943));
#1462=EDGE_LOOP('',(#2944,#2945,#2946,#2947,#2948));
#1463=EDGE_LOOP('',(#2949,#2950,#2951,#2952,#2953,#2954,#2955));
#1464=EDGE_LOOP('',(#2956,#2957,#2958));
#1465=EDGE_LOOP('',(#2959,#2960,#2961,#2962,#2963));
#1466=EDGE_LOOP('',(#2964,#2965,#2966,#2967,#2968));
#1467=EDGE_LOOP('',(#2969,#2970,#2971));
#1468=EDGE_LOOP('',(#2972,#2973,#2974,#2975,#2976,#2977,#2978));
#1469=EDGE_LOOP('',(#2979,#2980,#2981));
#1470=EDGE_LOOP('',(#2982,#2983,#2984,#2985,#2986));
#1471=EDGE_LOOP('',(#2987,#2988,#2989,#2990));
#1472=EDGE_LOOP('',(#2991,#2992,#2993,#2994,#2995,#2996));
#1473=EDGE_LOOP('',(#2997,#2998,#2999));
#1474=EDGE_LOOP('',(#3000,#3001,#3002,#3003));
#1475=EDGE_LOOP('',(#3004,#3005,#3006,#3007,#3008));
#1476=EDGE_LOOP('',(#3009,#3010,#3011,#3012,#3013));
#1477=EDGE_LOOP('',(#3014,#3015,#3016,#3017));
#1478=EDGE_LOOP('',(#3018,#3019,#3020));
#1479=EDGE_LOOP('',(#3021,#3022,#3023,#3024,#3025,#3026));
#1480=EDGE_LOOP('',(#3027,#3028,#3029,#3030));
#1481=EDGE_LOOP('',(#3031,#3032,#3033,#3034,#3035));
#1482=EDGE_LOOP('',(#3036,#3037,#3038));
#1483=EDGE_LOOP('',(#3039,#3040,#3041,#3042,#3043,#3044,#3045));
#1484=EDGE_LOOP('',(#3046,#3047,#3048));
#1485=EDGE_LOOP('',(#3049,#3050,#3051,#3052,#3053));
#1486=EDGE_LOOP('',(#3054,#3055,#3056,#3057,#3058));
#1487=EDGE_LOOP('',(#3059,#3060,#3061));
#1488=EDGE_LOOP('',(#3062,#3063,#3064,#3065,#3066,#3067,#3068));
#1489=EDGE_LOOP('',(#3069,#3070,#3071,#3072,#3073,#3074,#3075));
#1490=EDGE_LOOP('',(#3076,#3077,#3078));
#1491=EDGE_LOOP('',(#3079,#3080,#3081,#3082,#3083));
#1492=EDGE_LOOP('',(#3084,#3085,#3086,#3087,#3088));
#1493=EDGE_LOOP('',(#3089,#3090,#3091));
#1494=EDGE_LOOP('',(#3092,#3093,#3094,#3095,#3096,#3097,#3098));
#1495=EDGE_LOOP('',(#3099,#3100,#3101));
#1496=EDGE_LOOP('',(#3102,#3103,#3104,#3105,#3106));
#1497=EDGE_LOOP('',(#3107,#3108,#3109,#3110));
#1498=EDGE_LOOP('',(#3111,#3112,#3113,#3114,#3115,#3116));
#1499=EDGE_LOOP('',(#3117,#3118,#3119));
#1500=EDGE_LOOP('',(#3120,#3121,#3122,#3123));
#1501=EDGE_LOOP('',(#3124,#3125,#3126,#3127,#3128));
#1502=EDGE_LOOP('',(#3129,#3130,#3131,#3132,#3133));
#1503=EDGE_LOOP('',(#3134,#3135,#3136,#3137));
#1504=EDGE_LOOP('',(#3138,#3139,#3140));
#1505=EDGE_LOOP('',(#3141,#3142,#3143,#3144,#3145,#3146));
#1506=EDGE_LOOP('',(#3147,#3148,#3149,#3150));
#1507=EDGE_LOOP('',(#3151,#3152,#3153,#3154,#3155));
#1508=EDGE_LOOP('',(#3156,#3157,#3158));
#1509=EDGE_LOOP('',(#3159,#3160,#3161,#3162,#3163,#3164,#3165));
#1510=EDGE_LOOP('',(#3166,#3167,#3168));
#1511=EDGE_LOOP('',(#3169,#3170,#3171,#3172,#3173));
#1512=EDGE_LOOP('',(#3174,#3175,#3176,#3177,#3178));
#1513=EDGE_LOOP('',(#3179,#3180,#3181));
#1514=EDGE_LOOP('',(#3182,#3183,#3184,#3185,#3186,#3187,#3188));
#1515=EDGE_LOOP('',(#3189,#3190,#3191,#3192,#3193,#3194,#3195));
#1516=EDGE_LOOP('',(#3196,#3197,#3198));
#1517=EDGE_LOOP('',(#3199,#3200,#3201,#3202,#3203));
#1518=EDGE_LOOP('',(#3204,#3205,#3206,#3207,#3208));
#1519=EDGE_LOOP('',(#3209,#3210,#3211));
#1520=EDGE_LOOP('',(#3212,#3213,#3214,#3215,#3216,#3217,#3218));
#1521=EDGE_LOOP('',(#3219,#3220,#3221));
#1522=EDGE_LOOP('',(#3222,#3223,#3224,#3225,#3226));
#1523=EDGE_LOOP('',(#3227,#3228,#3229,#3230));
#1524=EDGE_LOOP('',(#3231,#3232,#3233,#3234,#3235,#3236));
#1525=EDGE_LOOP('',(#3237,#3238,#3239));
#1526=EDGE_LOOP('',(#3240,#3241,#3242,#3243));
#1527=EDGE_LOOP('',(#3244,#3245,#3246,#3247,#3248));
#1528=EDGE_LOOP('',(#3249,#3250,#3251,#3252,#3253));
#1529=EDGE_LOOP('',(#3254,#3255,#3256,#3257));
#1530=EDGE_LOOP('',(#3258,#3259,#3260));
#1531=EDGE_LOOP('',(#3261,#3262,#3263,#3264,#3265,#3266));
#1532=EDGE_LOOP('',(#3267,#3268,#3269,#3270));
#1533=EDGE_LOOP('',(#3271,#3272,#3273,#3274,#3275));
#1534=EDGE_LOOP('',(#3276,#3277,#3278));
#1535=EDGE_LOOP('',(#3279,#3280,#3281,#3282,#3283,#3284,#3285));
#1536=EDGE_LOOP('',(#3286,#3287,#3288));
#1537=EDGE_LOOP('',(#3289,#3290,#3291,#3292,#3293));
#1538=EDGE_LOOP('',(#3294,#3295,#3296,#3297,#3298));
#1539=EDGE_LOOP('',(#3299,#3300,#3301));
#1540=EDGE_LOOP('',(#3302,#3303,#3304,#3305,#3306,#3307,#3308));
#1541=EDGE_LOOP('',(#3309,#3310,#3311,#3312,#3313,#3314,#3315));
#1542=EDGE_LOOP('',(#3316,#3317,#3318));
#1543=EDGE_LOOP('',(#3319,#3320,#3321,#3322,#3323));
#1544=EDGE_LOOP('',(#3324,#3325,#3326,#3327,#3328));
#1545=EDGE_LOOP('',(#3329,#3330,#3331));
#1546=EDGE_LOOP('',(#3332,#3333,#3334,#3335,#3336,#3337,#3338));
#1547=EDGE_LOOP('',(#3339,#3340,#3341));
#1548=EDGE_LOOP('',(#3342,#3343,#3344,#3345,#3346));
#1549=EDGE_LOOP('',(#3347,#3348,#3349,#3350));
#1550=EDGE_LOOP('',(#3351,#3352,#3353,#3354,#3355,#3356));
#1551=EDGE_LOOP('',(#3357,#3358,#3359));
#1552=EDGE_LOOP('',(#3360,#3361,#3362,#3363));
#1553=EDGE_LOOP('',(#3364,#3365,#3366,#3367,#3368));
#1554=EDGE_LOOP('',(#3369,#3370,#3371,#3372,#3373));
#1555=EDGE_LOOP('',(#3374,#3375,#3376,#3377));
#1556=EDGE_LOOP('',(#3378,#3379,#3380));
#1557=EDGE_LOOP('',(#3381,#3382,#3383,#3384,#3385,#3386));
#1558=EDGE_LOOP('',(#3387,#3388,#3389,#3390));
#1559=EDGE_LOOP('',(#3391,#3392,#3393,#3394,#3395));
#1560=EDGE_LOOP('',(#3396,#3397,#3398));
#1561=EDGE_LOOP('',(#3399,#3400,#3401,#3402,#3403,#3404,#3405));
#1562=EDGE_LOOP('',(#3406,#3407,#3408));
#1563=EDGE_LOOP('',(#3409,#3410,#3411,#3412,#3413));
#1564=EDGE_LOOP('',(#3414,#3415,#3416,#3417,#3418));
#1565=EDGE_LOOP('',(#3419,#3420,#3421));
#1566=EDGE_LOOP('',(#3422,#3423,#3424,#3425,#3426,#3427,#3428));
#1567=EDGE_LOOP('',(#3429,#3430,#3431,#3432,#3433,#3434,#3435));
#1568=EDGE_LOOP('',(#3436,#3437,#3438));
#1569=EDGE_LOOP('',(#3439,#3440,#3441,#3442,#3443));
#1570=EDGE_LOOP('',(#3444,#3445,#3446,#3447,#3448));
#1571=EDGE_LOOP('',(#3449,#3450,#3451));
#1572=EDGE_LOOP('',(#3452,#3453,#3454,#3455,#3456,#3457,#3458));
#1573=EDGE_LOOP('',(#3459,#3460,#3461));
#1574=EDGE_LOOP('',(#3462,#3463,#3464,#3465,#3466));
#1575=EDGE_LOOP('',(#3467,#3468,#3469,#3470));
#1576=EDGE_LOOP('',(#3471,#3472,#3473,#3474,#3475,#3476));
#1577=EDGE_LOOP('',(#3477,#3478,#3479));
#1578=EDGE_LOOP('',(#3480,#3481,#3482,#3483));
#1579=EDGE_LOOP('',(#3484,#3485,#3486,#3487,#3488));
#1580=EDGE_LOOP('',(#3489,#3490,#3491,#3492,#3493));
#1581=EDGE_LOOP('',(#3494,#3495,#3496,#3497));
#1582=EDGE_LOOP('',(#3498,#3499,#3500));
#1583=EDGE_LOOP('',(#3501,#3502,#3503,#3504,#3505,#3506));
#1584=EDGE_LOOP('',(#3507,#3508,#3509,#3510));
#1585=EDGE_LOOP('',(#3511,#3512,#3513,#3514,#3515));
#1586=EDGE_LOOP('',(#3516,#3517,#3518));
#1587=EDGE_LOOP('',(#3519,#3520,#3521,#3522,#3523,#3524,#3525));
#1588=EDGE_LOOP('',(#3526,#3527,#3528));
#1589=EDGE_LOOP('',(#3529,#3530,#3531,#3532,#3533));
#1590=EDGE_LOOP('',(#3534,#3535,#3536,#3537,#3538));
#1591=EDGE_LOOP('',(#3539,#3540,#3541));
#1592=EDGE_LOOP('',(#3542,#3543,#3544,#3545,#3546,#3547,#3548));
#1593=EDGE_LOOP('',(#3549,#3550,#3551,#3552,#3553,#3554,#3555));
#1594=EDGE_LOOP('',(#3556,#3557,#3558));
#1595=EDGE_LOOP('',(#3559,#3560,#3561,#3562,#3563));
#1596=EDGE_LOOP('',(#3564,#3565,#3566,#3567,#3568));
#1597=EDGE_LOOP('',(#3569,#3570,#3571));
#1598=EDGE_LOOP('',(#3572,#3573,#3574,#3575,#3576,#3577,#3578));
#1599=EDGE_LOOP('',(#3579,#3580,#3581));
#1600=EDGE_LOOP('',(#3582,#3583,#3584,#3585,#3586));
#1601=EDGE_LOOP('',(#3587,#3588,#3589,#3590));
#1602=EDGE_LOOP('',(#3591,#3592,#3593,#3594,#3595,#3596));
#1603=EDGE_LOOP('',(#3597,#3598,#3599));
#1604=EDGE_LOOP('',(#3600,#3601,#3602,#3603));
#1605=EDGE_LOOP('',(#3604,#3605,#3606,#3607,#3608));
#1606=EDGE_LOOP('',(#3609,#3610,#3611,#3612,#3613));
#1607=EDGE_LOOP('',(#3614,#3615,#3616,#3617));
#1608=EDGE_LOOP('',(#3618,#3619,#3620));
#1609=EDGE_LOOP('',(#3621,#3622,#3623,#3624,#3625,#3626));
#1610=EDGE_LOOP('',(#3627,#3628,#3629,#3630));
#1611=EDGE_LOOP('',(#3631,#3632,#3633,#3634,#3635));
#1612=EDGE_LOOP('',(#3636,#3637,#3638));
#1613=EDGE_LOOP('',(#3639,#3640,#3641,#3642,#3643,#3644,#3645));
#1614=EDGE_LOOP('',(#3646,#3647,#3648));
#1615=EDGE_LOOP('',(#3649,#3650,#3651,#3652,#3653));
#1616=EDGE_LOOP('',(#3654,#3655,#3656,#3657,#3658));
#1617=EDGE_LOOP('',(#3659,#3660,#3661));
#1618=EDGE_LOOP('',(#3662,#3663,#3664,#3665,#3666,#3667,#3668));
#1619=EDGE_LOOP('',(#3669,#3670,#3671,#3672,#3673,#3674,#3675));
#1620=EDGE_LOOP('',(#3676,#3677,#3678));
#1621=EDGE_LOOP('',(#3679,#3680,#3681,#3682,#3683));
#1622=EDGE_LOOP('',(#3684,#3685,#3686,#3687,#3688));
#1623=EDGE_LOOP('',(#3689,#3690,#3691));
#1624=EDGE_LOOP('',(#3692,#3693,#3694,#3695,#3696,#3697,#3698));
#1625=EDGE_LOOP('',(#3699,#3700,#3701));
#1626=EDGE_LOOP('',(#3702,#3703,#3704,#3705,#3706));
#1627=EDGE_LOOP('',(#3707,#3708,#3709,#3710));
#1628=EDGE_LOOP('',(#3711,#3712,#3713,#3714,#3715,#3716));
#1629=EDGE_LOOP('',(#3717,#3718,#3719));
#1630=EDGE_LOOP('',(#3720,#3721,#3722,#3723));
#1631=EDGE_LOOP('',(#3724,#3725,#3726,#3727,#3728));
#1632=EDGE_LOOP('',(#3729,#3730,#3731,#3732,#3733));
#1633=EDGE_LOOP('',(#3734,#3735,#3736,#3737));
#1634=EDGE_LOOP('',(#3738,#3739,#3740));
#1635=EDGE_LOOP('',(#3741,#3742,#3743,#3744,#3745,#3746));
#1636=EDGE_LOOP('',(#3747,#3748,#3749,#3750));
#1637=EDGE_LOOP('',(#3751,#3752,#3753,#3754,#3755));
#1638=EDGE_LOOP('',(#3756,#3757,#3758));
#1639=EDGE_LOOP('',(#3759,#3760,#3761,#3762,#3763,#3764,#3765));
#1640=EDGE_LOOP('',(#3766,#3767,#3768));
#1641=EDGE_LOOP('',(#3769,#3770,#3771,#3772,#3773));
#1642=EDGE_LOOP('',(#3774,#3775,#3776,#3777,#3778));
#1643=EDGE_LOOP('',(#3779,#3780,#3781));
#1644=EDGE_LOOP('',(#3782,#3783,#3784,#3785,#3786,#3787,#3788));
#1645=EDGE_LOOP('',(#3789,#3790,#3791,#3792,#3793,#3794,#3795));
#1646=EDGE_LOOP('',(#3796,#3797,#3798));
#1647=EDGE_LOOP('',(#3799,#3800,#3801,#3802,#3803));
#1648=EDGE_LOOP('',(#3804,#3805,#3806,#3807,#3808));
#1649=EDGE_LOOP('',(#3809,#3810,#3811));
#1650=EDGE_LOOP('',(#3812,#3813,#3814,#3815,#3816,#3817,#3818));
#1651=EDGE_LOOP('',(#3819,#3820,#3821));
#1652=EDGE_LOOP('',(#3822,#3823,#3824,#3825,#3826));
#1653=EDGE_LOOP('',(#3827,#3828,#3829,#3830));
#1654=EDGE_LOOP('',(#3831,#3832,#3833,#3834,#3835,#3836));
#1655=EDGE_LOOP('',(#3837,#3838,#3839));
#1656=EDGE_LOOP('',(#3840,#3841,#3842,#3843));
#1657=EDGE_LOOP('',(#3844,#3845,#3846,#3847,#3848));
#1658=EDGE_LOOP('',(#3849,#3850,#3851,#3852,#3853));
#1659=EDGE_LOOP('',(#3854,#3855,#3856,#3857));
#1660=EDGE_LOOP('',(#3858,#3859,#3860));
#1661=EDGE_LOOP('',(#3861,#3862,#3863,#3864,#3865,#3866));
#1662=EDGE_LOOP('',(#3867,#3868,#3869,#3870));
#1663=EDGE_LOOP('',(#3871,#3872,#3873,#3874,#3875));
#1664=EDGE_LOOP('',(#3876,#3877,#3878));
#1665=EDGE_LOOP('',(#3879,#3880,#3881,#3882,#3883,#3884,#3885));
#1666=EDGE_LOOP('',(#3886,#3887,#3888));
#1667=EDGE_LOOP('',(#3889,#3890,#3891,#3892,#3893));
#1668=EDGE_LOOP('',(#3894,#3895,#3896,#3897,#3898));
#1669=EDGE_LOOP('',(#3899,#3900,#3901));
#1670=EDGE_LOOP('',(#3902,#3903,#3904,#3905,#3906,#3907,#3908));
#1671=EDGE_LOOP('',(#3909,#3910,#3911,#3912,#3913,#3914,#3915));
#1672=EDGE_LOOP('',(#3916,#3917,#3918));
#1673=EDGE_LOOP('',(#3919,#3920,#3921,#3922,#3923));
#1674=EDGE_LOOP('',(#3924,#3925,#3926,#3927,#3928));
#1675=EDGE_LOOP('',(#3929,#3930,#3931));
#1676=EDGE_LOOP('',(#3932,#3933,#3934,#3935,#3936,#3937,#3938));
#1677=EDGE_LOOP('',(#3939,#3940,#3941));
#1678=EDGE_LOOP('',(#3942,#3943,#3944,#3945,#3946));
#1679=EDGE_LOOP('',(#3947,#3948,#3949,#3950));
#1680=EDGE_LOOP('',(#3951,#3952,#3953,#3954,#3955,#3956));
#1681=EDGE_LOOP('',(#3957,#3958,#3959));
#1682=EDGE_LOOP('',(#3960,#3961,#3962,#3963));
#1683=EDGE_LOOP('',(#3964,#3965,#3966,#3967,#3968));
#1684=EDGE_LOOP('',(#3969,#3970,#3971,#3972,#3973));
#1685=EDGE_LOOP('',(#3974,#3975,#3976,#3977));
#1686=EDGE_LOOP('',(#3978,#3979,#3980));
#1687=EDGE_LOOP('',(#3981,#3982,#3983,#3984,#3985,#3986));
#1688=EDGE_LOOP('',(#3987,#3988,#3989,#3990));
#1689=EDGE_LOOP('',(#3991,#3992,#3993,#3994,#3995));
#1690=EDGE_LOOP('',(#3996,#3997,#3998));
#1691=EDGE_LOOP('',(#3999,#4000,#4001,#4002,#4003,#4004,#4005));
#1692=EDGE_LOOP('',(#4006,#4007,#4008));
#1693=EDGE_LOOP('',(#4009,#4010,#4011,#4012,#4013));
#1694=EDGE_LOOP('',(#4014,#4015,#4016,#4017,#4018));
#1695=EDGE_LOOP('',(#4019,#4020,#4021));
#1696=EDGE_LOOP('',(#4022,#4023,#4024,#4025,#4026,#4027,#4028));
#1697=EDGE_LOOP('',(#4029,#4030,#4031,#4032,#4033,#4034,#4035));
#1698=EDGE_LOOP('',(#4036,#4037,#4038));
#1699=EDGE_LOOP('',(#4039,#4040,#4041,#4042,#4043));
#1700=EDGE_LOOP('',(#4044,#4045,#4046,#4047,#4048));
#1701=EDGE_LOOP('',(#4049,#4050,#4051));
#1702=EDGE_LOOP('',(#4052,#4053,#4054,#4055,#4056,#4057,#4058));
#1703=EDGE_LOOP('',(#4059,#4060,#4061));
#1704=EDGE_LOOP('',(#4062,#4063,#4064,#4065,#4066));
#1705=EDGE_LOOP('',(#4067,#4068,#4069,#4070));
#1706=EDGE_LOOP('',(#4071,#4072,#4073,#4074,#4075,#4076));
#1707=EDGE_LOOP('',(#4077,#4078,#4079));
#1708=EDGE_LOOP('',(#4080,#4081,#4082,#4083));
#1709=EDGE_LOOP('',(#4084,#4085,#4086,#4087,#4088));
#1710=EDGE_LOOP('',(#4089));
#1711=EDGE_LOOP('',(#4090,#4091,#4092,#4093,#4094,#4095,#4096,#4097,#4098,
#4099,#4100,#4101,#4102,#4103,#4104,#4105,#4106,#4107,#4108,#4109,#4110,
#4111,#4112));
#1712=EDGE_LOOP('',(#4113,#4114,#4115,#4116));
#1713=EDGE_LOOP('',(#4117));
#1714=EDGE_LOOP('',(#4118));
#1715=EDGE_LOOP('',(#4119,#4120,#4121,#4122,#4123,#4124,#4125,#4126,#4127,
#4128,#4129,#4130,#4131,#4132,#4133,#4134,#4135,#4136,#4137,#4138));
#1716=CIRCLE('',#4452,29.);
#1717=CIRCLE('',#4453,1.);
#1718=CIRCLE('',#4454,30.);
#1719=CIRCLE('',#4455,30.);
#1720=CIRCLE('',#4457,22.0496069761982);
#1721=CIRCLE('',#4459,30.);
#1722=CIRCLE('',#4460,30.);
#1723=CIRCLE('',#4461,30.);
#1724=CIRCLE('',#4463,25.);
#1725=CIRCLE('',#4464,25.);
#1726=CIRCLE('',#4467,25.);
#1727=CIRCLE('',#4470,12.2516480050655);
#1728=CIRCLE('',#4471,17.5);
#1729=CIRCLE('',#4473,25.);
#1730=CIRCLE('',#4480,24.5625566823704);
#1731=CIRCLE('',#4490,24.5625566823704);
#1732=CIRCLE('',#4496,24.5625566823704);
#1733=CIRCLE('',#4510,24.5625566823704);
#1734=CIRCLE('',#4516,24.5625566823704);
#1735=CIRCLE('',#4530,24.5625566823704);
#1736=CIRCLE('',#4536,24.5625566823704);
#1737=CIRCLE('',#4550,24.5625566823704);
#1738=CIRCLE('',#4556,24.5625566823704);
#1739=CIRCLE('',#4570,24.5625566823704);
#1740=CIRCLE('',#4576,24.5625566823704);
#1741=CIRCLE('',#4590,24.5625566823704);
#1742=CIRCLE('',#4596,24.5625566823704);
#1743=CIRCLE('',#4610,24.5625566823704);
#1744=CIRCLE('',#4616,24.5625566823704);
#1745=CIRCLE('',#4630,24.5625566823704);
#1746=CIRCLE('',#4636,24.5625566823704);
#1747=CIRCLE('',#4650,24.5625566823704);
#1748=CIRCLE('',#4656,24.5625566823704);
#1749=CIRCLE('',#4670,24.5625566823704);
#1750=CIRCLE('',#4676,25.);
#1751=CIRCLE('',#4678,25.);
#1752=CIRCLE('',#4679,25.);
#1753=CIRCLE('',#4680,25.);
#1754=CIRCLE('',#4681,25.);
#1755=CIRCLE('',#4682,25.);
#1756=CIRCLE('',#4683,25.);
#1757=CIRCLE('',#4684,25.);
#1758=CIRCLE('',#4685,25.);
#1759=CIRCLE('',#4686,25.);
#1760=CIRCLE('',#4687,25.);
#1761=CIRCLE('',#4688,25.);
#1762=CIRCLE('',#4689,25.);
#1763=CIRCLE('',#4690,25.);
#1764=CIRCLE('',#4691,25.);
#1765=CIRCLE('',#4692,25.);
#1766=CIRCLE('',#4693,25.);
#1767=CIRCLE('',#4694,25.);
#1768=CIRCLE('',#4695,25.);
#1769=CIRCLE('',#4696,25.);
#1770=CIRCLE('',#4697,25.);
#1771=CIRCLE('',#4699,30.);
#1772=CIRCLE('',#4700,30.);
#1773=VERTEX_POINT('',#5443);
#1774=VERTEX_POINT('',#5445);
#1775=VERTEX_POINT('',#5447);
#1776=VERTEX_POINT('',#5451);
#1777=VERTEX_POINT('',#5454);
#1778=VERTEX_POINT('',#5457);
#1779=VERTEX_POINT('',#5458);
#1780=VERTEX_POINT('',#5460);
#1781=VERTEX_POINT('',#5462);
#1782=VERTEX_POINT('',#5466);
#1783=VERTEX_POINT('',#5467);
#1784=VERTEX_POINT('',#5469);
#1785=VERTEX_POINT('',#5474);
#1786=VERTEX_POINT('',#5478);
#1787=VERTEX_POINT('',#5484);
#1788=VERTEX_POINT('',#5515);
#1789=VERTEX_POINT('',#5539);
#1790=VERTEX_POINT('',#5540);
#1791=VERTEX_POINT('',#5545);
#1792=VERTEX_POINT('',#5550);
#1793=VERTEX_POINT('',#5561);
#1794=VERTEX_POINT('',#5572);
#1795=VERTEX_POINT('',#5577);
#1796=VERTEX_POINT('',#5638);
#1797=VERTEX_POINT('',#5669);
#1798=VERTEX_POINT('',#5674);
#1799=VERTEX_POINT('',#5686);
#1800=VERTEX_POINT('',#5688);
#1801=VERTEX_POINT('',#5713);
#1802=VERTEX_POINT('',#5723);
#1803=VERTEX_POINT('',#5736);
#1804=VERTEX_POINT('',#5741);
#1805=VERTEX_POINT('',#5772);
#1806=VERTEX_POINT('',#5776);
#1807=VERTEX_POINT('',#5780);
#1808=VERTEX_POINT('',#5812);
#1809=VERTEX_POINT('',#5813);
#1810=VERTEX_POINT('',#5818);
#1811=VERTEX_POINT('',#5823);
#1812=VERTEX_POINT('',#5834);
#1813=VERTEX_POINT('',#5845);
#1814=VERTEX_POINT('',#5850);
#1815=VERTEX_POINT('',#5911);
#1816=VERTEX_POINT('',#5942);
#1817=VERTEX_POINT('',#5947);
#1818=VERTEX_POINT('',#5959);
#1819=VERTEX_POINT('',#5961);
#1820=VERTEX_POINT('',#5986);
#1821=VERTEX_POINT('',#5996);
#1822=VERTEX_POINT('',#6009);
#1823=VERTEX_POINT('',#6014);
#1824=VERTEX_POINT('',#6045);
#1825=VERTEX_POINT('',#6049);
#1826=VERTEX_POINT('',#6053);
#1827=VERTEX_POINT('',#6066);
#1828=VERTEX_POINT('',#6067);
#1829=VERTEX_POINT('',#6069);
#1830=VERTEX_POINT('',#6071);
#1831=VERTEX_POINT('',#6076);
#1832=VERTEX_POINT('',#6080);
#1833=VERTEX_POINT('',#6082);
#1834=VERTEX_POINT('',#6086);
#1835=VERTEX_POINT('',#6087);
#1836=VERTEX_POINT('',#6122);
#1837=VERTEX_POINT('',#6150);
#1838=VERTEX_POINT('',#6155);
#1839=VERTEX_POINT('',#6163);
#1840=VERTEX_POINT('',#6164);
#1841=VERTEX_POINT('',#6184);
#1842=VERTEX_POINT('',#6223);
#1843=VERTEX_POINT('',#6241);
#1844=VERTEX_POINT('',#6248);
#1845=VERTEX_POINT('',#6279);
#1846=VERTEX_POINT('',#6358);
#1847=VERTEX_POINT('',#6359);
#1848=VERTEX_POINT('',#6364);
#1849=VERTEX_POINT('',#6369);
#1850=VERTEX_POINT('',#6380);
#1851=VERTEX_POINT('',#6391);
#1852=VERTEX_POINT('',#6396);
#1853=VERTEX_POINT('',#6457);
#1854=VERTEX_POINT('',#6488);
#1855=VERTEX_POINT('',#6493);
#1856=VERTEX_POINT('',#6505);
#1857=VERTEX_POINT('',#6507);
#1858=VERTEX_POINT('',#6532);
#1859=VERTEX_POINT('',#6542);
#1860=VERTEX_POINT('',#6555);
#1861=VERTEX_POINT('',#6560);
#1862=VERTEX_POINT('',#6591);
#1863=VERTEX_POINT('',#6595);
#1864=VERTEX_POINT('',#6599);
#1865=VERTEX_POINT('',#6612);
#1866=VERTEX_POINT('',#6613);
#1867=VERTEX_POINT('',#6615);
#1868=VERTEX_POINT('',#6617);
#1869=VERTEX_POINT('',#6622);
#1870=VERTEX_POINT('',#6626);
#1871=VERTEX_POINT('',#6628);
#1872=VERTEX_POINT('',#6632);
#1873=VERTEX_POINT('',#6633);
#1874=VERTEX_POINT('',#6668);
#1875=VERTEX_POINT('',#6696);
#1876=VERTEX_POINT('',#6701);
#1877=VERTEX_POINT('',#6709);
#1878=VERTEX_POINT('',#6710);
#1879=VERTEX_POINT('',#6730);
#1880=VERTEX_POINT('',#6769);
#1881=VERTEX_POINT('',#6787);
#1882=VERTEX_POINT('',#6794);
#1883=VERTEX_POINT('',#6825);
#1884=VERTEX_POINT('',#6904);
#1885=VERTEX_POINT('',#6905);
#1886=VERTEX_POINT('',#6910);
#1887=VERTEX_POINT('',#6915);
#1888=VERTEX_POINT('',#6926);
#1889=VERTEX_POINT('',#6937);
#1890=VERTEX_POINT('',#6942);
#1891=VERTEX_POINT('',#7003);
#1892=VERTEX_POINT('',#7034);
#1893=VERTEX_POINT('',#7039);
#1894=VERTEX_POINT('',#7051);
#1895=VERTEX_POINT('',#7053);
#1896=VERTEX_POINT('',#7078);
#1897=VERTEX_POINT('',#7088);
#1898=VERTEX_POINT('',#7101);
#1899=VERTEX_POINT('',#7106);
#1900=VERTEX_POINT('',#7137);
#1901=VERTEX_POINT('',#7141);
#1902=VERTEX_POINT('',#7145);
#1903=VERTEX_POINT('',#7158);
#1904=VERTEX_POINT('',#7159);
#1905=VERTEX_POINT('',#7161);
#1906=VERTEX_POINT('',#7163);
#1907=VERTEX_POINT('',#7168);
#1908=VERTEX_POINT('',#7172);
#1909=VERTEX_POINT('',#7174);
#1910=VERTEX_POINT('',#7178);
#1911=VERTEX_POINT('',#7179);
#1912=VERTEX_POINT('',#7214);
#1913=VERTEX_POINT('',#7242);
#1914=VERTEX_POINT('',#7247);
#1915=VERTEX_POINT('',#7255);
#1916=VERTEX_POINT('',#7256);
#1917=VERTEX_POINT('',#7276);
#1918=VERTEX_POINT('',#7315);
#1919=VERTEX_POINT('',#7333);
#1920=VERTEX_POINT('',#7340);
#1921=VERTEX_POINT('',#7371);
#1922=VERTEX_POINT('',#7450);
#1923=VERTEX_POINT('',#7451);
#1924=VERTEX_POINT('',#7456);
#1925=VERTEX_POINT('',#7461);
#1926=VERTEX_POINT('',#7472);
#1927=VERTEX_POINT('',#7483);
#1928=VERTEX_POINT('',#7488);
#1929=VERTEX_POINT('',#7549);
#1930=VERTEX_POINT('',#7580);
#1931=VERTEX_POINT('',#7585);
#1932=VERTEX_POINT('',#7597);
#1933=VERTEX_POINT('',#7599);
#1934=VERTEX_POINT('',#7624);
#1935=VERTEX_POINT('',#7634);
#1936=VERTEX_POINT('',#7647);
#1937=VERTEX_POINT('',#7652);
#1938=VERTEX_POINT('',#7683);
#1939=VERTEX_POINT('',#7687);
#1940=VERTEX_POINT('',#7691);
#1941=VERTEX_POINT('',#7704);
#1942=VERTEX_POINT('',#7705);
#1943=VERTEX_POINT('',#7707);
#1944=VERTEX_POINT('',#7709);
#1945=VERTEX_POINT('',#7714);
#1946=VERTEX_POINT('',#7718);
#1947=VERTEX_POINT('',#7720);
#1948=VERTEX_POINT('',#7724);
#1949=VERTEX_POINT('',#7725);
#1950=VERTEX_POINT('',#7760);
#1951=VERTEX_POINT('',#7788);
#1952=VERTEX_POINT('',#7793);
#1953=VERTEX_POINT('',#7801);
#1954=VERTEX_POINT('',#7802);
#1955=VERTEX_POINT('',#7822);
#1956=VERTEX_POINT('',#7861);
#1957=VERTEX_POINT('',#7879);
#1958=VERTEX_POINT('',#7886);
#1959=VERTEX_POINT('',#7917);
#1960=VERTEX_POINT('',#7996);
#1961=VERTEX_POINT('',#7997);
#1962=VERTEX_POINT('',#8002);
#1963=VERTEX_POINT('',#8007);
#1964=VERTEX_POINT('',#8018);
#1965=VERTEX_POINT('',#8029);
#1966=VERTEX_POINT('',#8034);
#1967=VERTEX_POINT('',#8095);
#1968=VERTEX_POINT('',#8126);
#1969=VERTEX_POINT('',#8131);
#1970=VERTEX_POINT('',#8143);
#1971=VERTEX_POINT('',#8145);
#1972=VERTEX_POINT('',#8170);
#1973=VERTEX_POINT('',#8180);
#1974=VERTEX_POINT('',#8193);
#1975=VERTEX_POINT('',#8198);
#1976=VERTEX_POINT('',#8229);
#1977=VERTEX_POINT('',#8233);
#1978=VERTEX_POINT('',#8237);
#1979=VERTEX_POINT('',#8250);
#1980=VERTEX_POINT('',#8251);
#1981=VERTEX_POINT('',#8253);
#1982=VERTEX_POINT('',#8255);
#1983=VERTEX_POINT('',#8260);
#1984=VERTEX_POINT('',#8264);
#1985=VERTEX_POINT('',#8266);
#1986=VERTEX_POINT('',#8270);
#1987=VERTEX_POINT('',#8271);
#1988=VERTEX_POINT('',#8306);
#1989=VERTEX_POINT('',#8334);
#1990=VERTEX_POINT('',#8339);
#1991=VERTEX_POINT('',#8347);
#1992=VERTEX_POINT('',#8348);
#1993=VERTEX_POINT('',#8368);
#1994=VERTEX_POINT('',#8407);
#1995=VERTEX_POINT('',#8425);
#1996=VERTEX_POINT('',#8432);
#1997=VERTEX_POINT('',#8463);
#1998=VERTEX_POINT('',#8542);
#1999=VERTEX_POINT('',#8543);
#2000=VERTEX_POINT('',#8548);
#2001=VERTEX_POINT('',#8553);
#2002=VERTEX_POINT('',#8564);
#2003=VERTEX_POINT('',#8575);
#2004=VERTEX_POINT('',#8580);
#2005=VERTEX_POINT('',#8641);
#2006=VERTEX_POINT('',#8672);
#2007=VERTEX_POINT('',#8677);
#2008=VERTEX_POINT('',#8689);
#2009=VERTEX_POINT('',#8691);
#2010=VERTEX_POINT('',#8716);
#2011=VERTEX_POINT('',#8726);
#2012=VERTEX_POINT('',#8739);
#2013=VERTEX_POINT('',#8744);
#2014=VERTEX_POINT('',#8775);
#2015=VERTEX_POINT('',#8779);
#2016=VERTEX_POINT('',#8783);
#2017=VERTEX_POINT('',#8796);
#2018=VERTEX_POINT('',#8797);
#2019=VERTEX_POINT('',#8799);
#2020=VERTEX_POINT('',#8801);
#2021=VERTEX_POINT('',#8806);
#2022=VERTEX_POINT('',#8810);
#2023=VERTEX_POINT('',#8812);
#2024=VERTEX_POINT('',#8816);
#2025=VERTEX_POINT('',#8817);
#2026=VERTEX_POINT('',#8852);
#2027=VERTEX_POINT('',#8880);
#2028=VERTEX_POINT('',#8885);
#2029=VERTEX_POINT('',#8893);
#2030=VERTEX_POINT('',#8894);
#2031=VERTEX_POINT('',#8914);
#2032=VERTEX_POINT('',#8953);
#2033=VERTEX_POINT('',#8971);
#2034=VERTEX_POINT('',#8978);
#2035=VERTEX_POINT('',#9009);
#2036=VERTEX_POINT('',#9088);
#2037=VERTEX_POINT('',#9089);
#2038=VERTEX_POINT('',#9094);
#2039=VERTEX_POINT('',#9099);
#2040=VERTEX_POINT('',#9110);
#2041=VERTEX_POINT('',#9121);
#2042=VERTEX_POINT('',#9126);
#2043=VERTEX_POINT('',#9187);
#2044=VERTEX_POINT('',#9218);
#2045=VERTEX_POINT('',#9223);
#2046=VERTEX_POINT('',#9235);
#2047=VERTEX_POINT('',#9237);
#2048=VERTEX_POINT('',#9262);
#2049=VERTEX_POINT('',#9272);
#2050=VERTEX_POINT('',#9285);
#2051=VERTEX_POINT('',#9290);
#2052=VERTEX_POINT('',#9321);
#2053=VERTEX_POINT('',#9325);
#2054=VERTEX_POINT('',#9329);
#2055=VERTEX_POINT('',#9342);
#2056=VERTEX_POINT('',#9343);
#2057=VERTEX_POINT('',#9345);
#2058=VERTEX_POINT('',#9347);
#2059=VERTEX_POINT('',#9352);
#2060=VERTEX_POINT('',#9356);
#2061=VERTEX_POINT('',#9358);
#2062=VERTEX_POINT('',#9362);
#2063=VERTEX_POINT('',#9363);
#2064=VERTEX_POINT('',#9398);
#2065=VERTEX_POINT('',#9426);
#2066=VERTEX_POINT('',#9431);
#2067=VERTEX_POINT('',#9439);
#2068=VERTEX_POINT('',#9440);
#2069=VERTEX_POINT('',#9460);
#2070=VERTEX_POINT('',#9499);
#2071=VERTEX_POINT('',#9517);
#2072=VERTEX_POINT('',#9524);
#2073=VERTEX_POINT('',#9555);
#2074=VERTEX_POINT('',#9634);
#2075=VERTEX_POINT('',#9635);
#2076=VERTEX_POINT('',#9640);
#2077=VERTEX_POINT('',#9645);
#2078=VERTEX_POINT('',#9656);
#2079=VERTEX_POINT('',#9667);
#2080=VERTEX_POINT('',#9672);
#2081=VERTEX_POINT('',#9733);
#2082=VERTEX_POINT('',#9764);
#2083=VERTEX_POINT('',#9769);
#2084=VERTEX_POINT('',#9781);
#2085=VERTEX_POINT('',#9783);
#2086=VERTEX_POINT('',#9808);
#2087=VERTEX_POINT('',#9818);
#2088=VERTEX_POINT('',#9831);
#2089=VERTEX_POINT('',#9836);
#2090=VERTEX_POINT('',#9867);
#2091=VERTEX_POINT('',#9871);
#2092=VERTEX_POINT('',#9875);
#2093=VERTEX_POINT('',#9888);
#2094=VERTEX_POINT('',#9889);
#2095=VERTEX_POINT('',#9891);
#2096=VERTEX_POINT('',#9893);
#2097=VERTEX_POINT('',#9898);
#2098=VERTEX_POINT('',#9902);
#2099=VERTEX_POINT('',#9904);
#2100=VERTEX_POINT('',#9908);
#2101=VERTEX_POINT('',#9909);
#2102=VERTEX_POINT('',#9944);
#2103=VERTEX_POINT('',#9972);
#2104=VERTEX_POINT('',#9977);
#2105=VERTEX_POINT('',#9985);
#2106=VERTEX_POINT('',#9986);
#2107=VERTEX_POINT('',#10006);
#2108=VERTEX_POINT('',#10045);
#2109=VERTEX_POINT('',#10063);
#2110=VERTEX_POINT('',#10070);
#2111=VERTEX_POINT('',#10101);
#2112=VERTEX_POINT('',#10180);
#2113=VERTEX_POINT('',#10181);
#2114=VERTEX_POINT('',#10186);
#2115=VERTEX_POINT('',#10191);
#2116=VERTEX_POINT('',#10202);
#2117=VERTEX_POINT('',#10213);
#2118=VERTEX_POINT('',#10218);
#2119=VERTEX_POINT('',#10279);
#2120=VERTEX_POINT('',#10310);
#2121=VERTEX_POINT('',#10315);
#2122=VERTEX_POINT('',#10327);
#2123=VERTEX_POINT('',#10329);
#2124=VERTEX_POINT('',#10354);
#2125=VERTEX_POINT('',#10364);
#2126=VERTEX_POINT('',#10377);
#2127=VERTEX_POINT('',#10382);
#2128=VERTEX_POINT('',#10413);
#2129=VERTEX_POINT('',#10417);
#2130=VERTEX_POINT('',#10421);
#2131=VERTEX_POINT('',#10434);
#2132=VERTEX_POINT('',#10435);
#2133=VERTEX_POINT('',#10437);
#2134=VERTEX_POINT('',#10439);
#2135=VERTEX_POINT('',#10444);
#2136=VERTEX_POINT('',#10448);
#2137=VERTEX_POINT('',#10450);
#2138=VERTEX_POINT('',#10454);
#2139=VERTEX_POINT('',#10455);
#2140=VERTEX_POINT('',#10490);
#2141=VERTEX_POINT('',#10518);
#2142=VERTEX_POINT('',#10523);
#2143=VERTEX_POINT('',#10531);
#2144=VERTEX_POINT('',#10532);
#2145=VERTEX_POINT('',#10552);
#2146=VERTEX_POINT('',#10591);
#2147=VERTEX_POINT('',#10609);
#2148=VERTEX_POINT('',#10616);
#2149=VERTEX_POINT('',#10647);
#2150=VERTEX_POINT('',#10726);
#2151=VERTEX_POINT('',#10727);
#2152=VERTEX_POINT('',#10732);
#2153=VERTEX_POINT('',#10737);
#2154=VERTEX_POINT('',#10748);
#2155=VERTEX_POINT('',#10759);
#2156=VERTEX_POINT('',#10764);
#2157=VERTEX_POINT('',#10825);
#2158=VERTEX_POINT('',#10856);
#2159=VERTEX_POINT('',#10861);
#2160=VERTEX_POINT('',#10873);
#2161=VERTEX_POINT('',#10875);
#2162=VERTEX_POINT('',#10900);
#2163=VERTEX_POINT('',#10910);
#2164=VERTEX_POINT('',#10923);
#2165=VERTEX_POINT('',#10928);
#2166=VERTEX_POINT('',#10959);
#2167=VERTEX_POINT('',#10963);
#2168=VERTEX_POINT('',#10967);
#2169=VERTEX_POINT('',#10980);
#2170=VERTEX_POINT('',#10983);
#2171=VERTEX_POINT('',#10984);
#2172=VERTEX_POINT('',#10986);
#2173=VERTEX_POINT('',#10988);
#2174=VERTEX_POINT('',#10990);
#2175=VERTEX_POINT('',#10992);
#2176=VERTEX_POINT('',#10994);
#2177=VERTEX_POINT('',#10996);
#2178=VERTEX_POINT('',#10998);
#2179=VERTEX_POINT('',#11000);
#2180=VERTEX_POINT('',#11002);
#2181=VERTEX_POINT('',#11004);
#2182=VERTEX_POINT('',#11006);
#2183=VERTEX_POINT('',#11008);
#2184=VERTEX_POINT('',#11010);
#2185=VERTEX_POINT('',#11012);
#2186=VERTEX_POINT('',#11014);
#2187=VERTEX_POINT('',#11016);
#2188=VERTEX_POINT('',#11018);
#2189=VERTEX_POINT('',#11020);
#2190=VERTEX_POINT('',#11025);
#2191=VERTEX_POINT('',#11027);
#2192=EDGE_CURVE('',#1773,#1773,#1716,.T.);
#2193=EDGE_CURVE('',#1773,#1774,#1717,.T.);
#2194=EDGE_CURVE('',#1774,#1775,#1718,.T.);
#2195=EDGE_CURVE('',#1775,#1774,#1719,.T.);
#2196=EDGE_CURVE('',#1776,#1776,#1720,.T.);
#2197=EDGE_CURVE('',#1775,#1777,#518,.T.);
#2198=EDGE_CURVE('',#1777,#1777,#1721,.T.);
#2199=EDGE_CURVE('',#1778,#1779,#1722,.T.);
#2200=EDGE_CURVE('',#1779,#1780,#519,.T.);
#2201=EDGE_CURVE('',#1780,#1781,#1723,.T.);
#2202=EDGE_CURVE('',#1781,#1778,#520,.T.);
#2203=EDGE_CURVE('',#1782,#1783,#1724,.T.);
#2204=EDGE_CURVE('',#1783,#1784,#1725,.T.);
#2205=EDGE_CURVE('',#1779,#1784,#521,.T.);
#2206=EDGE_CURVE('',#1778,#1782,#522,.T.);
#2207=EDGE_CURVE('',#1782,#1785,#523,.T.);
#2208=EDGE_CURVE('',#1781,#1785,#524,.T.);
#2209=EDGE_CURVE('',#1785,#1786,#1726,.T.);
#2210=EDGE_CURVE('',#1780,#1786,#525,.T.);
#2211=EDGE_CURVE('',#1786,#1784,#526,.T.);
#2212=EDGE_CURVE('',#1787,#1787,#1727,.T.);
#2213=EDGE_CURVE('',#1776,#1787,#1728,.T.);
#2214=EDGE_CURVE('',#1783,#1788,#527,.T.);
#2215=EDGE_CURVE('',#1788,#1788,#1729,.T.);
#2216=EDGE_CURVE('',#1789,#1790,#73,.T.);
#2217=EDGE_CURVE('',#1790,#1791,#74,.T.);
#2218=EDGE_CURVE('',#1791,#1792,#75,.T.);
#2219=EDGE_CURVE('',#1792,#1793,#76,.T.);
#2220=EDGE_CURVE('',#1793,#1794,#77,.T.);
#2221=EDGE_CURVE('',#1794,#1795,#78,.T.);
#2222=EDGE_CURVE('',#1795,#1789,#79,.T.);
#2223=EDGE_CURVE('',#1796,#1793,#33,.T.);
#2224=EDGE_CURVE('',#1796,#1794,#80,.T.);
#2225=EDGE_CURVE('',#1792,#1797,#81,.T.);
#2226=EDGE_CURVE('',#1797,#1798,#82,.T.);
#2227=EDGE_CURVE('',#1796,#1798,#83,.T.);
#2228=EDGE_CURVE('',#1791,#1799,#528,.T.);
#2229=EDGE_CURVE('',#1799,#1800,#529,.T.);
#2230=EDGE_CURVE('',#1800,#1797,#530,.T.);
#2231=EDGE_CURVE('',#1799,#1790,#531,.T.);
#2232=EDGE_CURVE('',#1796,#1801,#84,.T.);
#2233=EDGE_CURVE('',#1801,#1802,#85,.T.);
#2234=EDGE_CURVE('',#1802,#1803,#86,.T.);
#2235=EDGE_CURVE('',#1803,#1804,#87,.T.);
#2236=EDGE_CURVE('',#1804,#1795,#88,.T.);
#2237=EDGE_CURVE('',#1805,#1802,#532,.T.);
#2238=EDGE_CURVE('',#1805,#1803,#533,.T.);
#2239=EDGE_CURVE('',#1801,#1806,#34,.T.);
#2240=EDGE_CURVE('',#1806,#1807,#534,.T.);
#2241=EDGE_CURVE('',#1805,#1807,#535,.T.);
#2242=EDGE_CURVE('',#1798,#1806,#1730,.T.);
#2243=EDGE_CURVE('',#1789,#1804,#536,.T.);
#2244=EDGE_CURVE('',#1799,#1805,#537,.T.);
#2245=EDGE_CURVE('',#1807,#1800,#538,.T.);
#2246=EDGE_CURVE('',#1808,#1809,#89,.T.);
#2247=EDGE_CURVE('',#1809,#1810,#90,.T.);
#2248=EDGE_CURVE('',#1810,#1811,#91,.T.);
#2249=EDGE_CURVE('',#1811,#1812,#92,.T.);
#2250=EDGE_CURVE('',#1812,#1813,#93,.T.);
#2251=EDGE_CURVE('',#1813,#1814,#94,.T.);
#2252=EDGE_CURVE('',#1814,#1808,#95,.T.);
#2253=EDGE_CURVE('',#1815,#1812,#35,.T.);
#2254=EDGE_CURVE('',#1815,#1813,#96,.T.);
#2255=EDGE_CURVE('',#1811,#1816,#97,.T.);
#2256=EDGE_CURVE('',#1816,#1817,#98,.T.);
#2257=EDGE_CURVE('',#1815,#1817,#99,.T.);
#2258=EDGE_CURVE('',#1810,#1818,#539,.T.);
#2259=EDGE_CURVE('',#1818,#1819,#540,.T.);
#2260=EDGE_CURVE('',#1819,#1816,#541,.T.);
#2261=EDGE_CURVE('',#1818,#1809,#542,.T.);
#2262=EDGE_CURVE('',#1815,#1820,#100,.T.);
#2263=EDGE_CURVE('',#1820,#1821,#101,.T.);
#2264=EDGE_CURVE('',#1821,#1822,#102,.T.);
#2265=EDGE_CURVE('',#1822,#1823,#103,.T.);
#2266=EDGE_CURVE('',#1823,#1814,#104,.T.);
#2267=EDGE_CURVE('',#1824,#1821,#543,.T.);
#2268=EDGE_CURVE('',#1824,#1822,#544,.T.);
#2269=EDGE_CURVE('',#1820,#1825,#36,.T.);
#2270=EDGE_CURVE('',#1825,#1826,#545,.T.);
#2271=EDGE_CURVE('',#1824,#1826,#546,.T.);
#2272=EDGE_CURVE('',#1817,#1825,#1731,.T.);
#2273=EDGE_CURVE('',#1808,#1823,#547,.T.);
#2274=EDGE_CURVE('',#1818,#1824,#548,.T.);
#2275=EDGE_CURVE('',#1826,#1819,#549,.T.);
#2276=EDGE_CURVE('',#1827,#1828,#550,.T.);
#2277=EDGE_CURVE('',#1829,#1827,#1732,.T.);
#2278=EDGE_CURVE('',#1830,#1829,#105,.T.);
#2279=EDGE_CURVE('',#1831,#1830,#551,.T.);
#2280=EDGE_CURVE('',#1828,#1831,#552,.T.);
#2281=EDGE_CURVE('',#1832,#1831,#553,.T.);
#2282=EDGE_CURVE('',#1832,#1833,#554,.T.);
#2283=EDGE_CURVE('',#1833,#1828,#555,.T.);
#2284=EDGE_CURVE('',#1834,#1835,#106,.T.);
#2285=EDGE_CURVE('',#1836,#1834,#107,.T.);
#2286=EDGE_CURVE('',#1835,#1836,#556,.T.);
#2287=EDGE_CURVE('',#1835,#1837,#108,.T.);
#2288=EDGE_CURVE('',#1838,#1836,#109,.T.);
#2289=EDGE_CURVE('',#1833,#1838,#557,.T.);
#2290=EDGE_CURVE('',#1832,#1837,#558,.T.);
#2291=EDGE_CURVE('',#1839,#1840,#110,.T.);
#2292=EDGE_CURVE('',#1839,#1829,#111,.T.);
#2293=EDGE_CURVE('',#1840,#1827,#37,.T.);
#2294=EDGE_CURVE('',#1840,#1841,#112,.T.);
#2295=EDGE_CURVE('',#1833,#1841,#559,.T.);
#2296=EDGE_CURVE('',#1841,#1838,#113,.T.);
#2297=EDGE_CURVE('',#1842,#1834,#114,.T.);
#2298=EDGE_CURVE('',#1839,#1842,#115,.T.);
#2299=EDGE_CURVE('',#1837,#1843,#116,.T.);
#2300=EDGE_CURVE('',#1843,#1832,#560,.T.);
#2301=EDGE_CURVE('',#1843,#1844,#117,.T.);
#2302=EDGE_CURVE('',#1844,#1830,#118,.T.);
#2303=EDGE_CURVE('',#1844,#1845,#119,.T.);
#2304=EDGE_CURVE('',#1839,#1845,#38,.T.);
#2305=EDGE_CURVE('',#1845,#1842,#120,.T.);
#2306=EDGE_CURVE('',#1846,#1847,#121,.T.);
#2307=EDGE_CURVE('',#1847,#1848,#122,.T.);
#2308=EDGE_CURVE('',#1848,#1849,#123,.T.);
#2309=EDGE_CURVE('',#1849,#1850,#124,.T.);
#2310=EDGE_CURVE('',#1850,#1851,#125,.T.);
#2311=EDGE_CURVE('',#1851,#1852,#126,.T.);
#2312=EDGE_CURVE('',#1852,#1846,#127,.T.);
#2313=EDGE_CURVE('',#1853,#1850,#39,.T.);
#2314=EDGE_CURVE('',#1853,#1851,#128,.T.);
#2315=EDGE_CURVE('',#1849,#1854,#129,.T.);
#2316=EDGE_CURVE('',#1854,#1855,#130,.T.);
#2317=EDGE_CURVE('',#1853,#1855,#131,.T.);
#2318=EDGE_CURVE('',#1848,#1856,#561,.T.);
#2319=EDGE_CURVE('',#1856,#1857,#562,.T.);
#2320=EDGE_CURVE('',#1857,#1854,#563,.T.);
#2321=EDGE_CURVE('',#1856,#1847,#564,.T.);
#2322=EDGE_CURVE('',#1853,#1858,#132,.T.);
#2323=EDGE_CURVE('',#1858,#1859,#133,.T.);
#2324=EDGE_CURVE('',#1859,#1860,#134,.T.);
#2325=EDGE_CURVE('',#1860,#1861,#135,.T.);
#2326=EDGE_CURVE('',#1861,#1852,#136,.T.);
#2327=EDGE_CURVE('',#1862,#1859,#565,.T.);
#2328=EDGE_CURVE('',#1862,#1860,#566,.T.);
#2329=EDGE_CURVE('',#1858,#1863,#40,.T.);
#2330=EDGE_CURVE('',#1863,#1864,#567,.T.);
#2331=EDGE_CURVE('',#1862,#1864,#568,.T.);
#2332=EDGE_CURVE('',#1855,#1863,#1733,.T.);
#2333=EDGE_CURVE('',#1846,#1861,#569,.T.);
#2334=EDGE_CURVE('',#1856,#1862,#570,.T.);
#2335=EDGE_CURVE('',#1864,#1857,#571,.T.);
#2336=EDGE_CURVE('',#1865,#1866,#572,.T.);
#2337=EDGE_CURVE('',#1867,#1865,#1734,.T.);
#2338=EDGE_CURVE('',#1868,#1867,#137,.T.);
#2339=EDGE_CURVE('',#1869,#1868,#573,.T.);
#2340=EDGE_CURVE('',#1866,#1869,#574,.T.);
#2341=EDGE_CURVE('',#1870,#1869,#575,.T.);
#2342=EDGE_CURVE('',#1870,#1871,#576,.T.);
#2343=EDGE_CURVE('',#1871,#1866,#577,.T.);
#2344=EDGE_CURVE('',#1872,#1873,#138,.T.);
#2345=EDGE_CURVE('',#1874,#1872,#139,.T.);
#2346=EDGE_CURVE('',#1873,#1874,#578,.T.);
#2347=EDGE_CURVE('',#1873,#1875,#140,.T.);
#2348=EDGE_CURVE('',#1876,#1874,#141,.T.);
#2349=EDGE_CURVE('',#1871,#1876,#579,.T.);
#2350=EDGE_CURVE('',#1870,#1875,#580,.T.);
#2351=EDGE_CURVE('',#1877,#1878,#142,.T.);
#2352=EDGE_CURVE('',#1877,#1867,#143,.T.);
#2353=EDGE_CURVE('',#1878,#1865,#41,.T.);
#2354=EDGE_CURVE('',#1878,#1879,#144,.T.);
#2355=EDGE_CURVE('',#1871,#1879,#581,.T.);
#2356=EDGE_CURVE('',#1879,#1876,#145,.T.);
#2357=EDGE_CURVE('',#1880,#1872,#146,.T.);
#2358=EDGE_CURVE('',#1877,#1880,#147,.T.);
#2359=EDGE_CURVE('',#1875,#1881,#148,.T.);
#2360=EDGE_CURVE('',#1881,#1870,#582,.T.);
#2361=EDGE_CURVE('',#1881,#1882,#149,.T.);
#2362=EDGE_CURVE('',#1882,#1868,#150,.T.);
#2363=EDGE_CURVE('',#1882,#1883,#151,.T.);
#2364=EDGE_CURVE('',#1877,#1883,#42,.T.);
#2365=EDGE_CURVE('',#1883,#1880,#152,.T.);
#2366=EDGE_CURVE('',#1884,#1885,#153,.T.);
#2367=EDGE_CURVE('',#1885,#1886,#154,.T.);
#2368=EDGE_CURVE('',#1886,#1887,#155,.T.);
#2369=EDGE_CURVE('',#1887,#1888,#156,.T.);
#2370=EDGE_CURVE('',#1888,#1889,#157,.T.);
#2371=EDGE_CURVE('',#1889,#1890,#158,.T.);
#2372=EDGE_CURVE('',#1890,#1884,#159,.T.);
#2373=EDGE_CURVE('',#1891,#1888,#43,.T.);
#2374=EDGE_CURVE('',#1891,#1889,#160,.T.);
#2375=EDGE_CURVE('',#1887,#1892,#161,.T.);
#2376=EDGE_CURVE('',#1892,#1893,#162,.T.);
#2377=EDGE_CURVE('',#1891,#1893,#163,.T.);
#2378=EDGE_CURVE('',#1886,#1894,#583,.T.);
#2379=EDGE_CURVE('',#1894,#1895,#584,.T.);
#2380=EDGE_CURVE('',#1895,#1892,#585,.T.);
#2381=EDGE_CURVE('',#1894,#1885,#586,.T.);
#2382=EDGE_CURVE('',#1891,#1896,#164,.T.);
#2383=EDGE_CURVE('',#1896,#1897,#165,.T.);
#2384=EDGE_CURVE('',#1897,#1898,#166,.T.);
#2385=EDGE_CURVE('',#1898,#1899,#167,.T.);
#2386=EDGE_CURVE('',#1899,#1890,#168,.T.);
#2387=EDGE_CURVE('',#1900,#1897,#587,.T.);
#2388=EDGE_CURVE('',#1900,#1898,#588,.T.);
#2389=EDGE_CURVE('',#1896,#1901,#44,.T.);
#2390=EDGE_CURVE('',#1901,#1902,#589,.T.);
#2391=EDGE_CURVE('',#1900,#1902,#590,.T.);
#2392=EDGE_CURVE('',#1893,#1901,#1735,.T.);
#2393=EDGE_CURVE('',#1884,#1899,#591,.T.);
#2394=EDGE_CURVE('',#1894,#1900,#592,.T.);
#2395=EDGE_CURVE('',#1902,#1895,#593,.T.);
#2396=EDGE_CURVE('',#1903,#1904,#594,.T.);
#2397=EDGE_CURVE('',#1905,#1903,#1736,.T.);
#2398=EDGE_CURVE('',#1906,#1905,#169,.T.);
#2399=EDGE_CURVE('',#1907,#1906,#595,.T.);
#2400=EDGE_CURVE('',#1904,#1907,#596,.T.);
#2401=EDGE_CURVE('',#1908,#1907,#597,.T.);
#2402=EDGE_CURVE('',#1908,#1909,#598,.T.);
#2403=EDGE_CURVE('',#1909,#1904,#599,.T.);
#2404=EDGE_CURVE('',#1910,#1911,#170,.T.);
#2405=EDGE_CURVE('',#1912,#1910,#171,.T.);
#2406=EDGE_CURVE('',#1911,#1912,#600,.T.);
#2407=EDGE_CURVE('',#1911,#1913,#172,.T.);
#2408=EDGE_CURVE('',#1914,#1912,#173,.T.);
#2409=EDGE_CURVE('',#1909,#1914,#601,.T.);
#2410=EDGE_CURVE('',#1908,#1913,#602,.T.);
#2411=EDGE_CURVE('',#1915,#1916,#174,.T.);
#2412=EDGE_CURVE('',#1915,#1905,#175,.T.);
#2413=EDGE_CURVE('',#1916,#1903,#45,.T.);
#2414=EDGE_CURVE('',#1916,#1917,#176,.T.);
#2415=EDGE_CURVE('',#1909,#1917,#603,.T.);
#2416=EDGE_CURVE('',#1917,#1914,#177,.T.);
#2417=EDGE_CURVE('',#1918,#1910,#178,.T.);
#2418=EDGE_CURVE('',#1915,#1918,#179,.T.);
#2419=EDGE_CURVE('',#1913,#1919,#180,.T.);
#2420=EDGE_CURVE('',#1919,#1908,#604,.T.);
#2421=EDGE_CURVE('',#1919,#1920,#181,.T.);
#2422=EDGE_CURVE('',#1920,#1906,#182,.T.);
#2423=EDGE_CURVE('',#1920,#1921,#183,.T.);
#2424=EDGE_CURVE('',#1915,#1921,#46,.T.);
#2425=EDGE_CURVE('',#1921,#1918,#184,.T.);
#2426=EDGE_CURVE('',#1922,#1923,#185,.T.);
#2427=EDGE_CURVE('',#1923,#1924,#186,.T.);
#2428=EDGE_CURVE('',#1924,#1925,#187,.T.);
#2429=EDGE_CURVE('',#1925,#1926,#188,.T.);
#2430=EDGE_CURVE('',#1926,#1927,#189,.T.);
#2431=EDGE_CURVE('',#1927,#1928,#190,.T.);
#2432=EDGE_CURVE('',#1928,#1922,#191,.T.);
#2433=EDGE_CURVE('',#1929,#1926,#47,.T.);
#2434=EDGE_CURVE('',#1929,#1927,#192,.T.);
#2435=EDGE_CURVE('',#1925,#1930,#193,.T.);
#2436=EDGE_CURVE('',#1930,#1931,#194,.T.);
#2437=EDGE_CURVE('',#1929,#1931,#195,.T.);
#2438=EDGE_CURVE('',#1924,#1932,#605,.T.);
#2439=EDGE_CURVE('',#1932,#1933,#606,.T.);
#2440=EDGE_CURVE('',#1933,#1930,#607,.T.);
#2441=EDGE_CURVE('',#1932,#1923,#608,.T.);
#2442=EDGE_CURVE('',#1929,#1934,#196,.T.);
#2443=EDGE_CURVE('',#1934,#1935,#197,.T.);
#2444=EDGE_CURVE('',#1935,#1936,#198,.T.);
#2445=EDGE_CURVE('',#1936,#1937,#199,.T.);
#2446=EDGE_CURVE('',#1937,#1928,#200,.T.);
#2447=EDGE_CURVE('',#1938,#1935,#609,.T.);
#2448=EDGE_CURVE('',#1938,#1936,#610,.T.);
#2449=EDGE_CURVE('',#1934,#1939,#48,.T.);
#2450=EDGE_CURVE('',#1939,#1940,#611,.T.);
#2451=EDGE_CURVE('',#1938,#1940,#612,.T.);
#2452=EDGE_CURVE('',#1931,#1939,#1737,.T.);
#2453=EDGE_CURVE('',#1922,#1937,#613,.T.);
#2454=EDGE_CURVE('',#1932,#1938,#614,.T.);
#2455=EDGE_CURVE('',#1940,#1933,#615,.T.);
#2456=EDGE_CURVE('',#1941,#1942,#616,.T.);
#2457=EDGE_CURVE('',#1943,#1941,#1738,.T.);
#2458=EDGE_CURVE('',#1944,#1943,#201,.T.);
#2459=EDGE_CURVE('',#1945,#1944,#617,.T.);
#2460=EDGE_CURVE('',#1942,#1945,#618,.T.);
#2461=EDGE_CURVE('',#1946,#1945,#619,.T.);
#2462=EDGE_CURVE('',#1946,#1947,#620,.T.);
#2463=EDGE_CURVE('',#1947,#1942,#621,.T.);
#2464=EDGE_CURVE('',#1948,#1949,#202,.T.);
#2465=EDGE_CURVE('',#1950,#1948,#203,.T.);
#2466=EDGE_CURVE('',#1949,#1950,#622,.T.);
#2467=EDGE_CURVE('',#1949,#1951,#204,.T.);
#2468=EDGE_CURVE('',#1952,#1950,#205,.T.);
#2469=EDGE_CURVE('',#1947,#1952,#623,.T.);
#2470=EDGE_CURVE('',#1946,#1951,#624,.T.);
#2471=EDGE_CURVE('',#1953,#1954,#206,.T.);
#2472=EDGE_CURVE('',#1953,#1943,#207,.T.);
#2473=EDGE_CURVE('',#1954,#1941,#49,.T.);
#2474=EDGE_CURVE('',#1954,#1955,#208,.T.);
#2475=EDGE_CURVE('',#1947,#1955,#625,.T.);
#2476=EDGE_CURVE('',#1955,#1952,#209,.T.);
#2477=EDGE_CURVE('',#1956,#1948,#210,.T.);
#2478=EDGE_CURVE('',#1953,#1956,#211,.T.);
#2479=EDGE_CURVE('',#1951,#1957,#212,.T.);
#2480=EDGE_CURVE('',#1957,#1946,#626,.T.);
#2481=EDGE_CURVE('',#1957,#1958,#213,.T.);
#2482=EDGE_CURVE('',#1958,#1944,#214,.T.);
#2483=EDGE_CURVE('',#1958,#1959,#215,.T.);
#2484=EDGE_CURVE('',#1953,#1959,#50,.T.);
#2485=EDGE_CURVE('',#1959,#1956,#216,.T.);
#2486=EDGE_CURVE('',#1960,#1961,#217,.T.);
#2487=EDGE_CURVE('',#1961,#1962,#218,.T.);
#2488=EDGE_CURVE('',#1962,#1963,#219,.T.);
#2489=EDGE_CURVE('',#1963,#1964,#220,.T.);
#2490=EDGE_CURVE('',#1964,#1965,#221,.T.);
#2491=EDGE_CURVE('',#1965,#1966,#222,.T.);
#2492=EDGE_CURVE('',#1966,#1960,#223,.T.);
#2493=EDGE_CURVE('',#1967,#1964,#51,.T.);
#2494=EDGE_CURVE('',#1967,#1965,#224,.T.);
#2495=EDGE_CURVE('',#1963,#1968,#225,.T.);
#2496=EDGE_CURVE('',#1968,#1969,#226,.T.);
#2497=EDGE_CURVE('',#1967,#1969,#227,.T.);
#2498=EDGE_CURVE('',#1962,#1970,#627,.T.);
#2499=EDGE_CURVE('',#1970,#1971,#628,.T.);
#2500=EDGE_CURVE('',#1971,#1968,#629,.T.);
#2501=EDGE_CURVE('',#1970,#1961,#630,.T.);
#2502=EDGE_CURVE('',#1967,#1972,#228,.T.);
#2503=EDGE_CURVE('',#1972,#1973,#229,.T.);
#2504=EDGE_CURVE('',#1973,#1974,#230,.T.);
#2505=EDGE_CURVE('',#1974,#1975,#231,.T.);
#2506=EDGE_CURVE('',#1975,#1966,#232,.T.);
#2507=EDGE_CURVE('',#1976,#1973,#631,.T.);
#2508=EDGE_CURVE('',#1976,#1974,#632,.T.);
#2509=EDGE_CURVE('',#1972,#1977,#52,.T.);
#2510=EDGE_CURVE('',#1977,#1978,#633,.T.);
#2511=EDGE_CURVE('',#1976,#1978,#634,.T.);
#2512=EDGE_CURVE('',#1969,#1977,#1739,.T.);
#2513=EDGE_CURVE('',#1960,#1975,#635,.T.);
#2514=EDGE_CURVE('',#1970,#1976,#636,.T.);
#2515=EDGE_CURVE('',#1978,#1971,#637,.T.);
#2516=EDGE_CURVE('',#1979,#1980,#638,.T.);
#2517=EDGE_CURVE('',#1981,#1979,#1740,.T.);
#2518=EDGE_CURVE('',#1982,#1981,#233,.T.);
#2519=EDGE_CURVE('',#1983,#1982,#639,.T.);
#2520=EDGE_CURVE('',#1980,#1983,#640,.T.);
#2521=EDGE_CURVE('',#1984,#1983,#641,.T.);
#2522=EDGE_CURVE('',#1984,#1985,#642,.T.);
#2523=EDGE_CURVE('',#1985,#1980,#643,.T.);
#2524=EDGE_CURVE('',#1986,#1987,#234,.T.);
#2525=EDGE_CURVE('',#1988,#1986,#235,.T.);
#2526=EDGE_CURVE('',#1987,#1988,#644,.T.);
#2527=EDGE_CURVE('',#1987,#1989,#236,.T.);
#2528=EDGE_CURVE('',#1990,#1988,#237,.T.);
#2529=EDGE_CURVE('',#1985,#1990,#645,.T.);
#2530=EDGE_CURVE('',#1984,#1989,#646,.T.);
#2531=EDGE_CURVE('',#1991,#1992,#238,.T.);
#2532=EDGE_CURVE('',#1991,#1981,#239,.T.);
#2533=EDGE_CURVE('',#1992,#1979,#53,.T.);
#2534=EDGE_CURVE('',#1992,#1993,#240,.T.);
#2535=EDGE_CURVE('',#1985,#1993,#647,.T.);
#2536=EDGE_CURVE('',#1993,#1990,#241,.T.);
#2537=EDGE_CURVE('',#1994,#1986,#242,.T.);
#2538=EDGE_CURVE('',#1991,#1994,#243,.T.);
#2539=EDGE_CURVE('',#1989,#1995,#244,.T.);
#2540=EDGE_CURVE('',#1995,#1984,#648,.T.);
#2541=EDGE_CURVE('',#1995,#1996,#245,.T.);
#2542=EDGE_CURVE('',#1996,#1982,#246,.T.);
#2543=EDGE_CURVE('',#1996,#1997,#247,.T.);
#2544=EDGE_CURVE('',#1991,#1997,#54,.T.);
#2545=EDGE_CURVE('',#1997,#1994,#248,.T.);
#2546=EDGE_CURVE('',#1998,#1999,#249,.T.);
#2547=EDGE_CURVE('',#1999,#2000,#250,.T.);
#2548=EDGE_CURVE('',#2000,#2001,#251,.T.);
#2549=EDGE_CURVE('',#2001,#2002,#252,.T.);
#2550=EDGE_CURVE('',#2002,#2003,#253,.T.);
#2551=EDGE_CURVE('',#2003,#2004,#254,.T.);
#2552=EDGE_CURVE('',#2004,#1998,#255,.T.);
#2553=EDGE_CURVE('',#2005,#2002,#55,.T.);
#2554=EDGE_CURVE('',#2005,#2003,#256,.T.);
#2555=EDGE_CURVE('',#2001,#2006,#257,.T.);
#2556=EDGE_CURVE('',#2006,#2007,#258,.T.);
#2557=EDGE_CURVE('',#2005,#2007,#259,.T.);
#2558=EDGE_CURVE('',#2000,#2008,#649,.T.);
#2559=EDGE_CURVE('',#2008,#2009,#650,.T.);
#2560=EDGE_CURVE('',#2009,#2006,#651,.T.);
#2561=EDGE_CURVE('',#2008,#1999,#652,.T.);
#2562=EDGE_CURVE('',#2005,#2010,#260,.T.);
#2563=EDGE_CURVE('',#2010,#2011,#261,.T.);
#2564=EDGE_CURVE('',#2011,#2012,#262,.T.);
#2565=EDGE_CURVE('',#2012,#2013,#263,.T.);
#2566=EDGE_CURVE('',#2013,#2004,#264,.T.);
#2567=EDGE_CURVE('',#2014,#2011,#653,.T.);
#2568=EDGE_CURVE('',#2014,#2012,#654,.T.);
#2569=EDGE_CURVE('',#2010,#2015,#56,.T.);
#2570=EDGE_CURVE('',#2015,#2016,#655,.T.);
#2571=EDGE_CURVE('',#2014,#2016,#656,.T.);
#2572=EDGE_CURVE('',#2007,#2015,#1741,.T.);
#2573=EDGE_CURVE('',#1998,#2013,#657,.T.);
#2574=EDGE_CURVE('',#2008,#2014,#658,.T.);
#2575=EDGE_CURVE('',#2016,#2009,#659,.T.);
#2576=EDGE_CURVE('',#2017,#2018,#660,.T.);
#2577=EDGE_CURVE('',#2019,#2017,#1742,.T.);
#2578=EDGE_CURVE('',#2020,#2019,#265,.T.);
#2579=EDGE_CURVE('',#2021,#2020,#661,.T.);
#2580=EDGE_CURVE('',#2018,#2021,#662,.T.);
#2581=EDGE_CURVE('',#2022,#2021,#663,.T.);
#2582=EDGE_CURVE('',#2022,#2023,#664,.T.);
#2583=EDGE_CURVE('',#2023,#2018,#665,.T.);
#2584=EDGE_CURVE('',#2024,#2025,#266,.T.);
#2585=EDGE_CURVE('',#2026,#2024,#267,.T.);
#2586=EDGE_CURVE('',#2025,#2026,#666,.T.);
#2587=EDGE_CURVE('',#2025,#2027,#268,.T.);
#2588=EDGE_CURVE('',#2028,#2026,#269,.T.);
#2589=EDGE_CURVE('',#2023,#2028,#667,.T.);
#2590=EDGE_CURVE('',#2022,#2027,#668,.T.);
#2591=EDGE_CURVE('',#2029,#2030,#270,.T.);
#2592=EDGE_CURVE('',#2029,#2019,#271,.T.);
#2593=EDGE_CURVE('',#2030,#2017,#57,.T.);
#2594=EDGE_CURVE('',#2030,#2031,#272,.T.);
#2595=EDGE_CURVE('',#2023,#2031,#669,.T.);
#2596=EDGE_CURVE('',#2031,#2028,#273,.T.);
#2597=EDGE_CURVE('',#2032,#2024,#274,.T.);
#2598=EDGE_CURVE('',#2029,#2032,#275,.T.);
#2599=EDGE_CURVE('',#2027,#2033,#276,.T.);
#2600=EDGE_CURVE('',#2033,#2022,#670,.T.);
#2601=EDGE_CURVE('',#2033,#2034,#277,.T.);
#2602=EDGE_CURVE('',#2034,#2020,#278,.T.);
#2603=EDGE_CURVE('',#2034,#2035,#279,.T.);
#2604=EDGE_CURVE('',#2029,#2035,#58,.T.);
#2605=EDGE_CURVE('',#2035,#2032,#280,.T.);
#2606=EDGE_CURVE('',#2036,#2037,#281,.T.);
#2607=EDGE_CURVE('',#2037,#2038,#282,.T.);
#2608=EDGE_CURVE('',#2038,#2039,#283,.T.);
#2609=EDGE_CURVE('',#2039,#2040,#284,.T.);
#2610=EDGE_CURVE('',#2040,#2041,#285,.T.);
#2611=EDGE_CURVE('',#2041,#2042,#286,.T.);
#2612=EDGE_CURVE('',#2042,#2036,#287,.T.);
#2613=EDGE_CURVE('',#2043,#2040,#59,.T.);
#2614=EDGE_CURVE('',#2043,#2041,#288,.T.);
#2615=EDGE_CURVE('',#2039,#2044,#289,.T.);
#2616=EDGE_CURVE('',#2044,#2045,#290,.T.);
#2617=EDGE_CURVE('',#2043,#2045,#291,.T.);
#2618=EDGE_CURVE('',#2038,#2046,#671,.T.);
#2619=EDGE_CURVE('',#2046,#2047,#672,.T.);
#2620=EDGE_CURVE('',#2047,#2044,#673,.T.);
#2621=EDGE_CURVE('',#2046,#2037,#674,.T.);
#2622=EDGE_CURVE('',#2043,#2048,#292,.T.);
#2623=EDGE_CURVE('',#2048,#2049,#293,.T.);
#2624=EDGE_CURVE('',#2049,#2050,#294,.T.);
#2625=EDGE_CURVE('',#2050,#2051,#295,.T.);
#2626=EDGE_CURVE('',#2051,#2042,#296,.T.);
#2627=EDGE_CURVE('',#2052,#2049,#675,.T.);
#2628=EDGE_CURVE('',#2052,#2050,#676,.T.);
#2629=EDGE_CURVE('',#2048,#2053,#60,.T.);
#2630=EDGE_CURVE('',#2053,#2054,#677,.T.);
#2631=EDGE_CURVE('',#2052,#2054,#678,.T.);
#2632=EDGE_CURVE('',#2045,#2053,#1743,.T.);
#2633=EDGE_CURVE('',#2036,#2051,#679,.T.);
#2634=EDGE_CURVE('',#2046,#2052,#680,.T.);
#2635=EDGE_CURVE('',#2054,#2047,#681,.T.);
#2636=EDGE_CURVE('',#2055,#2056,#682,.T.);
#2637=EDGE_CURVE('',#2057,#2055,#1744,.T.);
#2638=EDGE_CURVE('',#2058,#2057,#297,.T.);
#2639=EDGE_CURVE('',#2059,#2058,#683,.T.);
#2640=EDGE_CURVE('',#2056,#2059,#684,.T.);
#2641=EDGE_CURVE('',#2060,#2059,#685,.T.);
#2642=EDGE_CURVE('',#2060,#2061,#686,.T.);
#2643=EDGE_CURVE('',#2061,#2056,#687,.T.);
#2644=EDGE_CURVE('',#2062,#2063,#298,.T.);
#2645=EDGE_CURVE('',#2064,#2062,#299,.T.);
#2646=EDGE_CURVE('',#2063,#2064,#688,.T.);
#2647=EDGE_CURVE('',#2063,#2065,#300,.T.);
#2648=EDGE_CURVE('',#2066,#2064,#301,.T.);
#2649=EDGE_CURVE('',#2061,#2066,#689,.T.);
#2650=EDGE_CURVE('',#2060,#2065,#690,.T.);
#2651=EDGE_CURVE('',#2067,#2068,#302,.T.);
#2652=EDGE_CURVE('',#2067,#2057,#303,.T.);
#2653=EDGE_CURVE('',#2068,#2055,#61,.T.);
#2654=EDGE_CURVE('',#2068,#2069,#304,.T.);
#2655=EDGE_CURVE('',#2061,#2069,#691,.T.);
#2656=EDGE_CURVE('',#2069,#2066,#305,.T.);
#2657=EDGE_CURVE('',#2070,#2062,#306,.T.);
#2658=EDGE_CURVE('',#2067,#2070,#307,.T.);
#2659=EDGE_CURVE('',#2065,#2071,#308,.T.);
#2660=EDGE_CURVE('',#2071,#2060,#692,.T.);
#2661=EDGE_CURVE('',#2071,#2072,#309,.T.);
#2662=EDGE_CURVE('',#2072,#2058,#310,.T.);
#2663=EDGE_CURVE('',#2072,#2073,#311,.T.);
#2664=EDGE_CURVE('',#2067,#2073,#62,.T.);
#2665=EDGE_CURVE('',#2073,#2070,#312,.T.);
#2666=EDGE_CURVE('',#2074,#2075,#313,.T.);
#2667=EDGE_CURVE('',#2075,#2076,#314,.T.);
#2668=EDGE_CURVE('',#2076,#2077,#315,.T.);
#2669=EDGE_CURVE('',#2077,#2078,#316,.T.);
#2670=EDGE_CURVE('',#2078,#2079,#317,.T.);
#2671=EDGE_CURVE('',#2079,#2080,#318,.T.);
#2672=EDGE_CURVE('',#2080,#2074,#319,.T.);
#2673=EDGE_CURVE('',#2081,#2078,#63,.T.);
#2674=EDGE_CURVE('',#2081,#2079,#320,.T.);
#2675=EDGE_CURVE('',#2077,#2082,#321,.T.);
#2676=EDGE_CURVE('',#2082,#2083,#322,.T.);
#2677=EDGE_CURVE('',#2081,#2083,#323,.T.);
#2678=EDGE_CURVE('',#2076,#2084,#693,.T.);
#2679=EDGE_CURVE('',#2084,#2085,#694,.T.);
#2680=EDGE_CURVE('',#2085,#2082,#695,.T.);
#2681=EDGE_CURVE('',#2084,#2075,#696,.T.);
#2682=EDGE_CURVE('',#2081,#2086,#324,.T.);
#2683=EDGE_CURVE('',#2086,#2087,#325,.T.);
#2684=EDGE_CURVE('',#2087,#2088,#326,.T.);
#2685=EDGE_CURVE('',#2088,#2089,#327,.T.);
#2686=EDGE_CURVE('',#2089,#2080,#328,.T.);
#2687=EDGE_CURVE('',#2090,#2087,#697,.T.);
#2688=EDGE_CURVE('',#2090,#2088,#698,.T.);
#2689=EDGE_CURVE('',#2086,#2091,#64,.T.);
#2690=EDGE_CURVE('',#2091,#2092,#699,.T.);
#2691=EDGE_CURVE('',#2090,#2092,#700,.T.);
#2692=EDGE_CURVE('',#2083,#2091,#1745,.T.);
#2693=EDGE_CURVE('',#2074,#2089,#701,.T.);
#2694=EDGE_CURVE('',#2084,#2090,#702,.T.);
#2695=EDGE_CURVE('',#2092,#2085,#703,.T.);
#2696=EDGE_CURVE('',#2093,#2094,#704,.T.);
#2697=EDGE_CURVE('',#2095,#2093,#1746,.T.);
#2698=EDGE_CURVE('',#2096,#2095,#329,.T.);
#2699=EDGE_CURVE('',#2097,#2096,#705,.T.);
#2700=EDGE_CURVE('',#2094,#2097,#706,.T.);
#2701=EDGE_CURVE('',#2098,#2097,#707,.T.);
#2702=EDGE_CURVE('',#2098,#2099,#708,.T.);
#2703=EDGE_CURVE('',#2099,#2094,#709,.T.);
#2704=EDGE_CURVE('',#2100,#2101,#330,.T.);
#2705=EDGE_CURVE('',#2102,#2100,#331,.T.);
#2706=EDGE_CURVE('',#2101,#2102,#710,.T.);
#2707=EDGE_CURVE('',#2101,#2103,#332,.T.);
#2708=EDGE_CURVE('',#2104,#2102,#333,.T.);
#2709=EDGE_CURVE('',#2099,#2104,#711,.T.);
#2710=EDGE_CURVE('',#2098,#2103,#712,.T.);
#2711=EDGE_CURVE('',#2105,#2106,#334,.T.);
#2712=EDGE_CURVE('',#2105,#2095,#335,.T.);
#2713=EDGE_CURVE('',#2106,#2093,#65,.T.);
#2714=EDGE_CURVE('',#2106,#2107,#336,.T.);
#2715=EDGE_CURVE('',#2099,#2107,#713,.T.);
#2716=EDGE_CURVE('',#2107,#2104,#337,.T.);
#2717=EDGE_CURVE('',#2108,#2100,#338,.T.);
#2718=EDGE_CURVE('',#2105,#2108,#339,.T.);
#2719=EDGE_CURVE('',#2103,#2109,#340,.T.);
#2720=EDGE_CURVE('',#2109,#2098,#714,.T.);
#2721=EDGE_CURVE('',#2109,#2110,#341,.T.);
#2722=EDGE_CURVE('',#2110,#2096,#342,.T.);
#2723=EDGE_CURVE('',#2110,#2111,#343,.T.);
#2724=EDGE_CURVE('',#2105,#2111,#66,.T.);
#2725=EDGE_CURVE('',#2111,#2108,#344,.T.);
#2726=EDGE_CURVE('',#2112,#2113,#345,.T.);
#2727=EDGE_CURVE('',#2113,#2114,#346,.T.);
#2728=EDGE_CURVE('',#2114,#2115,#347,.T.);
#2729=EDGE_CURVE('',#2115,#2116,#348,.T.);
#2730=EDGE_CURVE('',#2116,#2117,#349,.T.);
#2731=EDGE_CURVE('',#2117,#2118,#350,.T.);
#2732=EDGE_CURVE('',#2118,#2112,#351,.T.);
#2733=EDGE_CURVE('',#2119,#2116,#67,.T.);
#2734=EDGE_CURVE('',#2119,#2117,#352,.T.);
#2735=EDGE_CURVE('',#2115,#2120,#353,.T.);
#2736=EDGE_CURVE('',#2120,#2121,#354,.T.);
#2737=EDGE_CURVE('',#2119,#2121,#355,.T.);
#2738=EDGE_CURVE('',#2114,#2122,#715,.T.);
#2739=EDGE_CURVE('',#2122,#2123,#716,.T.);
#2740=EDGE_CURVE('',#2123,#2120,#717,.T.);
#2741=EDGE_CURVE('',#2122,#2113,#718,.T.);
#2742=EDGE_CURVE('',#2119,#2124,#356,.T.);
#2743=EDGE_CURVE('',#2124,#2125,#357,.T.);
#2744=EDGE_CURVE('',#2125,#2126,#358,.T.);
#2745=EDGE_CURVE('',#2126,#2127,#359,.T.);
#2746=EDGE_CURVE('',#2127,#2118,#360,.T.);
#2747=EDGE_CURVE('',#2128,#2125,#719,.T.);
#2748=EDGE_CURVE('',#2128,#2126,#720,.T.);
#2749=EDGE_CURVE('',#2124,#2129,#68,.T.);
#2750=EDGE_CURVE('',#2129,#2130,#721,.T.);
#2751=EDGE_CURVE('',#2128,#2130,#722,.T.);
#2752=EDGE_CURVE('',#2121,#2129,#1747,.T.);
#2753=EDGE_CURVE('',#2112,#2127,#723,.T.);
#2754=EDGE_CURVE('',#2122,#2128,#724,.T.);
#2755=EDGE_CURVE('',#2130,#2123,#725,.T.);
#2756=EDGE_CURVE('',#2131,#2132,#726,.T.);
#2757=EDGE_CURVE('',#2133,#2131,#1748,.T.);
#2758=EDGE_CURVE('',#2134,#2133,#361,.T.);
#2759=EDGE_CURVE('',#2135,#2134,#727,.T.);
#2760=EDGE_CURVE('',#2132,#2135,#728,.T.);
#2761=EDGE_CURVE('',#2136,#2135,#729,.T.);
#2762=EDGE_CURVE('',#2136,#2137,#730,.T.);
#2763=EDGE_CURVE('',#2137,#2132,#731,.T.);
#2764=EDGE_CURVE('',#2138,#2139,#362,.T.);
#2765=EDGE_CURVE('',#2140,#2138,#363,.T.);
#2766=EDGE_CURVE('',#2139,#2140,#732,.T.);
#2767=EDGE_CURVE('',#2139,#2141,#364,.T.);
#2768=EDGE_CURVE('',#2142,#2140,#365,.T.);
#2769=EDGE_CURVE('',#2137,#2142,#733,.T.);
#2770=EDGE_CURVE('',#2136,#2141,#734,.T.);
#2771=EDGE_CURVE('',#2143,#2144,#366,.T.);
#2772=EDGE_CURVE('',#2143,#2133,#367,.T.);
#2773=EDGE_CURVE('',#2144,#2131,#69,.T.);
#2774=EDGE_CURVE('',#2144,#2145,#368,.T.);
#2775=EDGE_CURVE('',#2137,#2145,#735,.T.);
#2776=EDGE_CURVE('',#2145,#2142,#369,.T.);
#2777=EDGE_CURVE('',#2146,#2138,#370,.T.);
#2778=EDGE_CURVE('',#2143,#2146,#371,.T.);
#2779=EDGE_CURVE('',#2141,#2147,#372,.T.);
#2780=EDGE_CURVE('',#2147,#2136,#736,.T.);
#2781=EDGE_CURVE('',#2147,#2148,#373,.T.);
#2782=EDGE_CURVE('',#2148,#2134,#374,.T.);
#2783=EDGE_CURVE('',#2148,#2149,#375,.T.);
#2784=EDGE_CURVE('',#2143,#2149,#70,.T.);
#2785=EDGE_CURVE('',#2149,#2146,#376,.T.);
#2786=EDGE_CURVE('',#2150,#2151,#377,.T.);
#2787=EDGE_CURVE('',#2151,#2152,#378,.T.);
#2788=EDGE_CURVE('',#2152,#2153,#379,.T.);
#2789=EDGE_CURVE('',#2153,#2154,#380,.T.);
#2790=EDGE_CURVE('',#2154,#2155,#381,.T.);
#2791=EDGE_CURVE('',#2155,#2156,#382,.T.);
#2792=EDGE_CURVE('',#2156,#2150,#383,.T.);
#2793=EDGE_CURVE('',#2157,#2154,#71,.T.);
#2794=EDGE_CURVE('',#2157,#2155,#384,.T.);
#2795=EDGE_CURVE('',#2153,#2158,#385,.T.);
#2796=EDGE_CURVE('',#2158,#2159,#386,.T.);
#2797=EDGE_CURVE('',#2157,#2159,#387,.T.);
#2798=EDGE_CURVE('',#2152,#2160,#737,.T.);
#2799=EDGE_CURVE('',#2160,#2161,#738,.T.);
#2800=EDGE_CURVE('',#2161,#2158,#739,.T.);
#2801=EDGE_CURVE('',#2160,#2151,#740,.T.);
#2802=EDGE_CURVE('',#2157,#2162,#388,.T.);
#2803=EDGE_CURVE('',#2162,#2163,#389,.T.);
#2804=EDGE_CURVE('',#2163,#2164,#390,.T.);
#2805=EDGE_CURVE('',#2164,#2165,#391,.T.);
#2806=EDGE_CURVE('',#2165,#2156,#392,.T.);
#2807=EDGE_CURVE('',#2166,#2163,#741,.T.);
#2808=EDGE_CURVE('',#2166,#2164,#742,.T.);
#2809=EDGE_CURVE('',#2162,#2167,#72,.T.);
#2810=EDGE_CURVE('',#2167,#2168,#743,.T.);
#2811=EDGE_CURVE('',#2166,#2168,#744,.T.);
#2812=EDGE_CURVE('',#2159,#2167,#1749,.T.);
#2813=EDGE_CURVE('',#2150,#2165,#745,.T.);
#2814=EDGE_CURVE('',#2160,#2166,#746,.T.);
#2815=EDGE_CURVE('',#2168,#2161,#747,.T.);
#2816=EDGE_CURVE('',#2169,#2169,#1750,.T.);
#2817=EDGE_CURVE('',#2170,#2171,#1751,.T.);
#2818=EDGE_CURVE('',#2171,#2172,#1752,.T.);
#2819=EDGE_CURVE('',#2172,#2173,#1753,.T.);
#2820=EDGE_CURVE('',#2173,#2174,#1754,.T.);
#2821=EDGE_CURVE('',#2174,#2175,#1755,.T.);
#2822=EDGE_CURVE('',#2175,#2176,#1756,.T.);
#2823=EDGE_CURVE('',#2176,#2177,#1757,.T.);
#2824=EDGE_CURVE('',#2177,#2178,#1758,.T.);
#2825=EDGE_CURVE('',#2178,#2179,#1759,.T.);
#2826=EDGE_CURVE('',#2179,#2180,#1760,.T.);
#2827=EDGE_CURVE('',#2180,#2181,#1761,.T.);
#2828=EDGE_CURVE('',#2181,#2182,#1762,.T.);
#2829=EDGE_CURVE('',#2182,#2183,#1763,.T.);
#2830=EDGE_CURVE('',#2183,#2184,#1764,.T.);
#2831=EDGE_CURVE('',#2184,#2185,#1765,.T.);
#2832=EDGE_CURVE('',#2185,#2186,#1766,.T.);
#2833=EDGE_CURVE('',#2186,#2187,#1767,.T.);
#2834=EDGE_CURVE('',#2187,#2188,#1768,.T.);
#2835=EDGE_CURVE('',#2188,#2189,#1769,.T.);
#2836=EDGE_CURVE('',#2189,#2170,#1770,.T.);
#2837=EDGE_CURVE('',#2170,#2169,#748,.T.);
#2838=EDGE_CURVE('',#2190,#2190,#1771,.T.);
#2839=EDGE_CURVE('',#2190,#2191,#749,.T.);
#2840=EDGE_CURVE('',#2191,#2191,#1772,.T.);
#2841=ORIENTED_EDGE('',*,*,#2192,.T.);
#2842=ORIENTED_EDGE('',*,*,#2193,.T.);
#2843=ORIENTED_EDGE('',*,*,#2194,.T.);
#2844=ORIENTED_EDGE('',*,*,#2195,.T.);
#2845=ORIENTED_EDGE('',*,*,#2193,.F.);
#2846=ORIENTED_EDGE('',*,*,#2192,.F.);
#2847=ORIENTED_EDGE('',*,*,#2196,.T.);
#2848=ORIENTED_EDGE('',*,*,#2195,.F.);
#2849=ORIENTED_EDGE('',*,*,#2197,.T.);
#2850=ORIENTED_EDGE('',*,*,#2198,.F.);
#2851=ORIENTED_EDGE('',*,*,#2197,.F.);
#2852=ORIENTED_EDGE('',*,*,#2194,.F.);
#2853=ORIENTED_EDGE('',*,*,#2199,.T.);
#2854=ORIENTED_EDGE('',*,*,#2200,.T.);
#2855=ORIENTED_EDGE('',*,*,#2201,.T.);
#2856=ORIENTED_EDGE('',*,*,#2202,.T.);
#2857=ORIENTED_EDGE('',*,*,#2203,.T.);
#2858=ORIENTED_EDGE('',*,*,#2204,.T.);
#2859=ORIENTED_EDGE('',*,*,#2205,.F.);
#2860=ORIENTED_EDGE('',*,*,#2199,.F.);
#2861=ORIENTED_EDGE('',*,*,#2206,.T.);
#2862=ORIENTED_EDGE('',*,*,#2207,.F.);
#2863=ORIENTED_EDGE('',*,*,#2206,.F.);
#2864=ORIENTED_EDGE('',*,*,#2202,.F.);
#2865=ORIENTED_EDGE('',*,*,#2208,.T.);
#2866=ORIENTED_EDGE('',*,*,#2209,.F.);
#2867=ORIENTED_EDGE('',*,*,#2208,.F.);
#2868=ORIENTED_EDGE('',*,*,#2201,.F.);
#2869=ORIENTED_EDGE('',*,*,#2210,.T.);
#2870=ORIENTED_EDGE('',*,*,#2211,.F.);
#2871=ORIENTED_EDGE('',*,*,#2210,.F.);
#2872=ORIENTED_EDGE('',*,*,#2200,.F.);
#2873=ORIENTED_EDGE('',*,*,#2205,.T.);
#2874=ORIENTED_EDGE('',*,*,#2212,.F.);
#2875=ORIENTED_EDGE('',*,*,#2196,.F.);
#2876=ORIENTED_EDGE('',*,*,#2213,.T.);
#2877=ORIENTED_EDGE('',*,*,#2212,.T.);
#2878=ORIENTED_EDGE('',*,*,#2213,.F.);
#2879=ORIENTED_EDGE('',*,*,#2207,.T.);
#2880=ORIENTED_EDGE('',*,*,#2209,.T.);
#2881=ORIENTED_EDGE('',*,*,#2211,.T.);
#2882=ORIENTED_EDGE('',*,*,#2204,.F.);
#2883=ORIENTED_EDGE('',*,*,#2214,.T.);
#2884=ORIENTED_EDGE('',*,*,#2215,.F.);
#2885=ORIENTED_EDGE('',*,*,#2214,.F.);
#2886=ORIENTED_EDGE('',*,*,#2203,.F.);
#2887=ORIENTED_EDGE('',*,*,#2198,.T.);
#2888=ORIENTED_EDGE('',*,*,#2215,.T.);
#2889=ORIENTED_EDGE('',*,*,#2216,.T.);
#2890=ORIENTED_EDGE('',*,*,#2217,.T.);
#2891=ORIENTED_EDGE('',*,*,#2218,.T.);
#2892=ORIENTED_EDGE('',*,*,#2219,.T.);
#2893=ORIENTED_EDGE('',*,*,#2220,.T.);
#2894=ORIENTED_EDGE('',*,*,#2221,.T.);
#2895=ORIENTED_EDGE('',*,*,#2222,.T.);
#2896=ORIENTED_EDGE('',*,*,#2220,.F.);
#2897=ORIENTED_EDGE('',*,*,#2223,.F.);
#2898=ORIENTED_EDGE('',*,*,#2224,.T.);
#2899=ORIENTED_EDGE('',*,*,#2219,.F.);
#2900=ORIENTED_EDGE('',*,*,#2225,.T.);
#2901=ORIENTED_EDGE('',*,*,#2226,.T.);
#2902=ORIENTED_EDGE('',*,*,#2227,.F.);
#2903=ORIENTED_EDGE('',*,*,#2223,.T.);
#2904=ORIENTED_EDGE('',*,*,#2218,.F.);
#2905=ORIENTED_EDGE('',*,*,#2228,.T.);
#2906=ORIENTED_EDGE('',*,*,#2229,.T.);
#2907=ORIENTED_EDGE('',*,*,#2230,.T.);
#2908=ORIENTED_EDGE('',*,*,#2225,.F.);
#2909=ORIENTED_EDGE('',*,*,#2217,.F.);
#2910=ORIENTED_EDGE('',*,*,#2231,.F.);
#2911=ORIENTED_EDGE('',*,*,#2228,.F.);
#2912=ORIENTED_EDGE('',*,*,#2221,.F.);
#2913=ORIENTED_EDGE('',*,*,#2224,.F.);
#2914=ORIENTED_EDGE('',*,*,#2232,.T.);
#2915=ORIENTED_EDGE('',*,*,#2233,.T.);
#2916=ORIENTED_EDGE('',*,*,#2234,.T.);
#2917=ORIENTED_EDGE('',*,*,#2235,.T.);
#2918=ORIENTED_EDGE('',*,*,#2236,.T.);
#2919=ORIENTED_EDGE('',*,*,#2234,.F.);
#2920=ORIENTED_EDGE('',*,*,#2237,.F.);
#2921=ORIENTED_EDGE('',*,*,#2238,.T.);
#2922=ORIENTED_EDGE('',*,*,#2233,.F.);
#2923=ORIENTED_EDGE('',*,*,#2239,.T.);
#2924=ORIENTED_EDGE('',*,*,#2240,.T.);
#2925=ORIENTED_EDGE('',*,*,#2241,.F.);
#2926=ORIENTED_EDGE('',*,*,#2237,.T.);
#2927=ORIENTED_EDGE('',*,*,#2232,.F.);
#2928=ORIENTED_EDGE('',*,*,#2227,.T.);
#2929=ORIENTED_EDGE('',*,*,#2242,.T.);
#2930=ORIENTED_EDGE('',*,*,#2239,.F.);
#2931=ORIENTED_EDGE('',*,*,#2216,.F.);
#2932=ORIENTED_EDGE('',*,*,#2243,.T.);
#2933=ORIENTED_EDGE('',*,*,#2235,.F.);
#2934=ORIENTED_EDGE('',*,*,#2238,.F.);
#2935=ORIENTED_EDGE('',*,*,#2244,.F.);
#2936=ORIENTED_EDGE('',*,*,#2231,.T.);
#2937=ORIENTED_EDGE('',*,*,#2222,.F.);
#2938=ORIENTED_EDGE('',*,*,#2236,.F.);
#2939=ORIENTED_EDGE('',*,*,#2243,.F.);
#2940=ORIENTED_EDGE('',*,*,#2245,.T.);
#2941=ORIENTED_EDGE('',*,*,#2229,.F.);
#2942=ORIENTED_EDGE('',*,*,#2244,.T.);
#2943=ORIENTED_EDGE('',*,*,#2241,.T.);
#2944=ORIENTED_EDGE('',*,*,#2240,.F.);
#2945=ORIENTED_EDGE('',*,*,#2242,.F.);
#2946=ORIENTED_EDGE('',*,*,#2226,.F.);
#2947=ORIENTED_EDGE('',*,*,#2230,.F.);
#2948=ORIENTED_EDGE('',*,*,#2245,.F.);
#2949=ORIENTED_EDGE('',*,*,#2246,.T.);
#2950=ORIENTED_EDGE('',*,*,#2247,.T.);
#2951=ORIENTED_EDGE('',*,*,#2248,.T.);
#2952=ORIENTED_EDGE('',*,*,#2249,.T.);
#2953=ORIENTED_EDGE('',*,*,#2250,.T.);
#2954=ORIENTED_EDGE('',*,*,#2251,.T.);
#2955=ORIENTED_EDGE('',*,*,#2252,.T.);
#2956=ORIENTED_EDGE('',*,*,#2250,.F.);
#2957=ORIENTED_EDGE('',*,*,#2253,.F.);
#2958=ORIENTED_EDGE('',*,*,#2254,.T.);
#2959=ORIENTED_EDGE('',*,*,#2249,.F.);
#2960=ORIENTED_EDGE('',*,*,#2255,.T.);
#2961=ORIENTED_EDGE('',*,*,#2256,.T.);
#2962=ORIENTED_EDGE('',*,*,#2257,.F.);
#2963=ORIENTED_EDGE('',*,*,#2253,.T.);
#2964=ORIENTED_EDGE('',*,*,#2248,.F.);
#2965=ORIENTED_EDGE('',*,*,#2258,.T.);
#2966=ORIENTED_EDGE('',*,*,#2259,.T.);
#2967=ORIENTED_EDGE('',*,*,#2260,.T.);
#2968=ORIENTED_EDGE('',*,*,#2255,.F.);
#2969=ORIENTED_EDGE('',*,*,#2247,.F.);
#2970=ORIENTED_EDGE('',*,*,#2261,.F.);
#2971=ORIENTED_EDGE('',*,*,#2258,.F.);
#2972=ORIENTED_EDGE('',*,*,#2251,.F.);
#2973=ORIENTED_EDGE('',*,*,#2254,.F.);
#2974=ORIENTED_EDGE('',*,*,#2262,.T.);
#2975=ORIENTED_EDGE('',*,*,#2263,.T.);
#2976=ORIENTED_EDGE('',*,*,#2264,.T.);
#2977=ORIENTED_EDGE('',*,*,#2265,.T.);
#2978=ORIENTED_EDGE('',*,*,#2266,.T.);
#2979=ORIENTED_EDGE('',*,*,#2264,.F.);
#2980=ORIENTED_EDGE('',*,*,#2267,.F.);
#2981=ORIENTED_EDGE('',*,*,#2268,.T.);
#2982=ORIENTED_EDGE('',*,*,#2263,.F.);
#2983=ORIENTED_EDGE('',*,*,#2269,.T.);
#2984=ORIENTED_EDGE('',*,*,#2270,.T.);
#2985=ORIENTED_EDGE('',*,*,#2271,.F.);
#2986=ORIENTED_EDGE('',*,*,#2267,.T.);
#2987=ORIENTED_EDGE('',*,*,#2262,.F.);
#2988=ORIENTED_EDGE('',*,*,#2257,.T.);
#2989=ORIENTED_EDGE('',*,*,#2272,.T.);
#2990=ORIENTED_EDGE('',*,*,#2269,.F.);
#2991=ORIENTED_EDGE('',*,*,#2246,.F.);
#2992=ORIENTED_EDGE('',*,*,#2273,.T.);
#2993=ORIENTED_EDGE('',*,*,#2265,.F.);
#2994=ORIENTED_EDGE('',*,*,#2268,.F.);
#2995=ORIENTED_EDGE('',*,*,#2274,.F.);
#2996=ORIENTED_EDGE('',*,*,#2261,.T.);
#2997=ORIENTED_EDGE('',*,*,#2252,.F.);
#2998=ORIENTED_EDGE('',*,*,#2266,.F.);
#2999=ORIENTED_EDGE('',*,*,#2273,.F.);
#3000=ORIENTED_EDGE('',*,*,#2275,.T.);
#3001=ORIENTED_EDGE('',*,*,#2259,.F.);
#3002=ORIENTED_EDGE('',*,*,#2274,.T.);
#3003=ORIENTED_EDGE('',*,*,#2271,.T.);
#3004=ORIENTED_EDGE('',*,*,#2270,.F.);
#3005=ORIENTED_EDGE('',*,*,#2272,.F.);
#3006=ORIENTED_EDGE('',*,*,#2256,.F.);
#3007=ORIENTED_EDGE('',*,*,#2260,.F.);
#3008=ORIENTED_EDGE('',*,*,#2275,.F.);
#3009=ORIENTED_EDGE('',*,*,#2276,.F.);
#3010=ORIENTED_EDGE('',*,*,#2277,.F.);
#3011=ORIENTED_EDGE('',*,*,#2278,.F.);
#3012=ORIENTED_EDGE('',*,*,#2279,.F.);
#3013=ORIENTED_EDGE('',*,*,#2280,.F.);
#3014=ORIENTED_EDGE('',*,*,#2280,.T.);
#3015=ORIENTED_EDGE('',*,*,#2281,.F.);
#3016=ORIENTED_EDGE('',*,*,#2282,.T.);
#3017=ORIENTED_EDGE('',*,*,#2283,.T.);
#3018=ORIENTED_EDGE('',*,*,#2284,.F.);
#3019=ORIENTED_EDGE('',*,*,#2285,.F.);
#3020=ORIENTED_EDGE('',*,*,#2286,.F.);
#3021=ORIENTED_EDGE('',*,*,#2287,.F.);
#3022=ORIENTED_EDGE('',*,*,#2286,.T.);
#3023=ORIENTED_EDGE('',*,*,#2288,.F.);
#3024=ORIENTED_EDGE('',*,*,#2289,.F.);
#3025=ORIENTED_EDGE('',*,*,#2282,.F.);
#3026=ORIENTED_EDGE('',*,*,#2290,.T.);
#3027=ORIENTED_EDGE('',*,*,#2291,.F.);
#3028=ORIENTED_EDGE('',*,*,#2292,.T.);
#3029=ORIENTED_EDGE('',*,*,#2277,.T.);
#3030=ORIENTED_EDGE('',*,*,#2293,.F.);
#3031=ORIENTED_EDGE('',*,*,#2294,.F.);
#3032=ORIENTED_EDGE('',*,*,#2293,.T.);
#3033=ORIENTED_EDGE('',*,*,#2276,.T.);
#3034=ORIENTED_EDGE('',*,*,#2283,.F.);
#3035=ORIENTED_EDGE('',*,*,#2295,.T.);
#3036=ORIENTED_EDGE('',*,*,#2296,.F.);
#3037=ORIENTED_EDGE('',*,*,#2295,.F.);
#3038=ORIENTED_EDGE('',*,*,#2289,.T.);
#3039=ORIENTED_EDGE('',*,*,#2297,.F.);
#3040=ORIENTED_EDGE('',*,*,#2298,.F.);
#3041=ORIENTED_EDGE('',*,*,#2291,.T.);
#3042=ORIENTED_EDGE('',*,*,#2294,.T.);
#3043=ORIENTED_EDGE('',*,*,#2296,.T.);
#3044=ORIENTED_EDGE('',*,*,#2288,.T.);
#3045=ORIENTED_EDGE('',*,*,#2285,.T.);
#3046=ORIENTED_EDGE('',*,*,#2299,.F.);
#3047=ORIENTED_EDGE('',*,*,#2290,.F.);
#3048=ORIENTED_EDGE('',*,*,#2300,.F.);
#3049=ORIENTED_EDGE('',*,*,#2301,.F.);
#3050=ORIENTED_EDGE('',*,*,#2300,.T.);
#3051=ORIENTED_EDGE('',*,*,#2281,.T.);
#3052=ORIENTED_EDGE('',*,*,#2279,.T.);
#3053=ORIENTED_EDGE('',*,*,#2302,.F.);
#3054=ORIENTED_EDGE('',*,*,#2303,.F.);
#3055=ORIENTED_EDGE('',*,*,#2302,.T.);
#3056=ORIENTED_EDGE('',*,*,#2278,.T.);
#3057=ORIENTED_EDGE('',*,*,#2292,.F.);
#3058=ORIENTED_EDGE('',*,*,#2304,.T.);
#3059=ORIENTED_EDGE('',*,*,#2305,.F.);
#3060=ORIENTED_EDGE('',*,*,#2304,.F.);
#3061=ORIENTED_EDGE('',*,*,#2298,.T.);
#3062=ORIENTED_EDGE('',*,*,#2287,.T.);
#3063=ORIENTED_EDGE('',*,*,#2299,.T.);
#3064=ORIENTED_EDGE('',*,*,#2301,.T.);
#3065=ORIENTED_EDGE('',*,*,#2303,.T.);
#3066=ORIENTED_EDGE('',*,*,#2305,.T.);
#3067=ORIENTED_EDGE('',*,*,#2297,.T.);
#3068=ORIENTED_EDGE('',*,*,#2284,.T.);
#3069=ORIENTED_EDGE('',*,*,#2306,.T.);
#3070=ORIENTED_EDGE('',*,*,#2307,.T.);
#3071=ORIENTED_EDGE('',*,*,#2308,.T.);
#3072=ORIENTED_EDGE('',*,*,#2309,.T.);
#3073=ORIENTED_EDGE('',*,*,#2310,.T.);
#3074=ORIENTED_EDGE('',*,*,#2311,.T.);
#3075=ORIENTED_EDGE('',*,*,#2312,.T.);
#3076=ORIENTED_EDGE('',*,*,#2310,.F.);
#3077=ORIENTED_EDGE('',*,*,#2313,.F.);
#3078=ORIENTED_EDGE('',*,*,#2314,.T.);
#3079=ORIENTED_EDGE('',*,*,#2309,.F.);
#3080=ORIENTED_EDGE('',*,*,#2315,.T.);
#3081=ORIENTED_EDGE('',*,*,#2316,.T.);
#3082=ORIENTED_EDGE('',*,*,#2317,.F.);
#3083=ORIENTED_EDGE('',*,*,#2313,.T.);
#3084=ORIENTED_EDGE('',*,*,#2308,.F.);
#3085=ORIENTED_EDGE('',*,*,#2318,.T.);
#3086=ORIENTED_EDGE('',*,*,#2319,.T.);
#3087=ORIENTED_EDGE('',*,*,#2320,.T.);
#3088=ORIENTED_EDGE('',*,*,#2315,.F.);
#3089=ORIENTED_EDGE('',*,*,#2307,.F.);
#3090=ORIENTED_EDGE('',*,*,#2321,.F.);
#3091=ORIENTED_EDGE('',*,*,#2318,.F.);
#3092=ORIENTED_EDGE('',*,*,#2311,.F.);
#3093=ORIENTED_EDGE('',*,*,#2314,.F.);
#3094=ORIENTED_EDGE('',*,*,#2322,.T.);
#3095=ORIENTED_EDGE('',*,*,#2323,.T.);
#3096=ORIENTED_EDGE('',*,*,#2324,.T.);
#3097=ORIENTED_EDGE('',*,*,#2325,.T.);
#3098=ORIENTED_EDGE('',*,*,#2326,.T.);
#3099=ORIENTED_EDGE('',*,*,#2324,.F.);
#3100=ORIENTED_EDGE('',*,*,#2327,.F.);
#3101=ORIENTED_EDGE('',*,*,#2328,.T.);
#3102=ORIENTED_EDGE('',*,*,#2323,.F.);
#3103=ORIENTED_EDGE('',*,*,#2329,.T.);
#3104=ORIENTED_EDGE('',*,*,#2330,.T.);
#3105=ORIENTED_EDGE('',*,*,#2331,.F.);
#3106=ORIENTED_EDGE('',*,*,#2327,.T.);
#3107=ORIENTED_EDGE('',*,*,#2322,.F.);
#3108=ORIENTED_EDGE('',*,*,#2317,.T.);
#3109=ORIENTED_EDGE('',*,*,#2332,.T.);
#3110=ORIENTED_EDGE('',*,*,#2329,.F.);
#3111=ORIENTED_EDGE('',*,*,#2306,.F.);
#3112=ORIENTED_EDGE('',*,*,#2333,.T.);
#3113=ORIENTED_EDGE('',*,*,#2325,.F.);
#3114=ORIENTED_EDGE('',*,*,#2328,.F.);
#3115=ORIENTED_EDGE('',*,*,#2334,.F.);
#3116=ORIENTED_EDGE('',*,*,#2321,.T.);
#3117=ORIENTED_EDGE('',*,*,#2312,.F.);
#3118=ORIENTED_EDGE('',*,*,#2326,.F.);
#3119=ORIENTED_EDGE('',*,*,#2333,.F.);
#3120=ORIENTED_EDGE('',*,*,#2335,.T.);
#3121=ORIENTED_EDGE('',*,*,#2319,.F.);
#3122=ORIENTED_EDGE('',*,*,#2334,.T.);
#3123=ORIENTED_EDGE('',*,*,#2331,.T.);
#3124=ORIENTED_EDGE('',*,*,#2330,.F.);
#3125=ORIENTED_EDGE('',*,*,#2332,.F.);
#3126=ORIENTED_EDGE('',*,*,#2316,.F.);
#3127=ORIENTED_EDGE('',*,*,#2320,.F.);
#3128=ORIENTED_EDGE('',*,*,#2335,.F.);
#3129=ORIENTED_EDGE('',*,*,#2336,.F.);
#3130=ORIENTED_EDGE('',*,*,#2337,.F.);
#3131=ORIENTED_EDGE('',*,*,#2338,.F.);
#3132=ORIENTED_EDGE('',*,*,#2339,.F.);
#3133=ORIENTED_EDGE('',*,*,#2340,.F.);
#3134=ORIENTED_EDGE('',*,*,#2340,.T.);
#3135=ORIENTED_EDGE('',*,*,#2341,.F.);
#3136=ORIENTED_EDGE('',*,*,#2342,.T.);
#3137=ORIENTED_EDGE('',*,*,#2343,.T.);
#3138=ORIENTED_EDGE('',*,*,#2344,.F.);
#3139=ORIENTED_EDGE('',*,*,#2345,.F.);
#3140=ORIENTED_EDGE('',*,*,#2346,.F.);
#3141=ORIENTED_EDGE('',*,*,#2347,.F.);
#3142=ORIENTED_EDGE('',*,*,#2346,.T.);
#3143=ORIENTED_EDGE('',*,*,#2348,.F.);
#3144=ORIENTED_EDGE('',*,*,#2349,.F.);
#3145=ORIENTED_EDGE('',*,*,#2342,.F.);
#3146=ORIENTED_EDGE('',*,*,#2350,.T.);
#3147=ORIENTED_EDGE('',*,*,#2351,.F.);
#3148=ORIENTED_EDGE('',*,*,#2352,.T.);
#3149=ORIENTED_EDGE('',*,*,#2337,.T.);
#3150=ORIENTED_EDGE('',*,*,#2353,.F.);
#3151=ORIENTED_EDGE('',*,*,#2354,.F.);
#3152=ORIENTED_EDGE('',*,*,#2353,.T.);
#3153=ORIENTED_EDGE('',*,*,#2336,.T.);
#3154=ORIENTED_EDGE('',*,*,#2343,.F.);
#3155=ORIENTED_EDGE('',*,*,#2355,.T.);
#3156=ORIENTED_EDGE('',*,*,#2356,.F.);
#3157=ORIENTED_EDGE('',*,*,#2355,.F.);
#3158=ORIENTED_EDGE('',*,*,#2349,.T.);
#3159=ORIENTED_EDGE('',*,*,#2357,.F.);
#3160=ORIENTED_EDGE('',*,*,#2358,.F.);
#3161=ORIENTED_EDGE('',*,*,#2351,.T.);
#3162=ORIENTED_EDGE('',*,*,#2354,.T.);
#3163=ORIENTED_EDGE('',*,*,#2356,.T.);
#3164=ORIENTED_EDGE('',*,*,#2348,.T.);
#3165=ORIENTED_EDGE('',*,*,#2345,.T.);
#3166=ORIENTED_EDGE('',*,*,#2359,.F.);
#3167=ORIENTED_EDGE('',*,*,#2350,.F.);
#3168=ORIENTED_EDGE('',*,*,#2360,.F.);
#3169=ORIENTED_EDGE('',*,*,#2361,.F.);
#3170=ORIENTED_EDGE('',*,*,#2360,.T.);
#3171=ORIENTED_EDGE('',*,*,#2341,.T.);
#3172=ORIENTED_EDGE('',*,*,#2339,.T.);
#3173=ORIENTED_EDGE('',*,*,#2362,.F.);
#3174=ORIENTED_EDGE('',*,*,#2363,.F.);
#3175=ORIENTED_EDGE('',*,*,#2362,.T.);
#3176=ORIENTED_EDGE('',*,*,#2338,.T.);
#3177=ORIENTED_EDGE('',*,*,#2352,.F.);
#3178=ORIENTED_EDGE('',*,*,#2364,.T.);
#3179=ORIENTED_EDGE('',*,*,#2365,.F.);
#3180=ORIENTED_EDGE('',*,*,#2364,.F.);
#3181=ORIENTED_EDGE('',*,*,#2358,.T.);
#3182=ORIENTED_EDGE('',*,*,#2347,.T.);
#3183=ORIENTED_EDGE('',*,*,#2359,.T.);
#3184=ORIENTED_EDGE('',*,*,#2361,.T.);
#3185=ORIENTED_EDGE('',*,*,#2363,.T.);
#3186=ORIENTED_EDGE('',*,*,#2365,.T.);
#3187=ORIENTED_EDGE('',*,*,#2357,.T.);
#3188=ORIENTED_EDGE('',*,*,#2344,.T.);
#3189=ORIENTED_EDGE('',*,*,#2366,.T.);
#3190=ORIENTED_EDGE('',*,*,#2367,.T.);
#3191=ORIENTED_EDGE('',*,*,#2368,.T.);
#3192=ORIENTED_EDGE('',*,*,#2369,.T.);
#3193=ORIENTED_EDGE('',*,*,#2370,.T.);
#3194=ORIENTED_EDGE('',*,*,#2371,.T.);
#3195=ORIENTED_EDGE('',*,*,#2372,.T.);
#3196=ORIENTED_EDGE('',*,*,#2370,.F.);
#3197=ORIENTED_EDGE('',*,*,#2373,.F.);
#3198=ORIENTED_EDGE('',*,*,#2374,.T.);
#3199=ORIENTED_EDGE('',*,*,#2369,.F.);
#3200=ORIENTED_EDGE('',*,*,#2375,.T.);
#3201=ORIENTED_EDGE('',*,*,#2376,.T.);
#3202=ORIENTED_EDGE('',*,*,#2377,.F.);
#3203=ORIENTED_EDGE('',*,*,#2373,.T.);
#3204=ORIENTED_EDGE('',*,*,#2368,.F.);
#3205=ORIENTED_EDGE('',*,*,#2378,.T.);
#3206=ORIENTED_EDGE('',*,*,#2379,.T.);
#3207=ORIENTED_EDGE('',*,*,#2380,.T.);
#3208=ORIENTED_EDGE('',*,*,#2375,.F.);
#3209=ORIENTED_EDGE('',*,*,#2367,.F.);
#3210=ORIENTED_EDGE('',*,*,#2381,.F.);
#3211=ORIENTED_EDGE('',*,*,#2378,.F.);
#3212=ORIENTED_EDGE('',*,*,#2371,.F.);
#3213=ORIENTED_EDGE('',*,*,#2374,.F.);
#3214=ORIENTED_EDGE('',*,*,#2382,.T.);
#3215=ORIENTED_EDGE('',*,*,#2383,.T.);
#3216=ORIENTED_EDGE('',*,*,#2384,.T.);
#3217=ORIENTED_EDGE('',*,*,#2385,.T.);
#3218=ORIENTED_EDGE('',*,*,#2386,.T.);
#3219=ORIENTED_EDGE('',*,*,#2384,.F.);
#3220=ORIENTED_EDGE('',*,*,#2387,.F.);
#3221=ORIENTED_EDGE('',*,*,#2388,.T.);
#3222=ORIENTED_EDGE('',*,*,#2383,.F.);
#3223=ORIENTED_EDGE('',*,*,#2389,.T.);
#3224=ORIENTED_EDGE('',*,*,#2390,.T.);
#3225=ORIENTED_EDGE('',*,*,#2391,.F.);
#3226=ORIENTED_EDGE('',*,*,#2387,.T.);
#3227=ORIENTED_EDGE('',*,*,#2382,.F.);
#3228=ORIENTED_EDGE('',*,*,#2377,.T.);
#3229=ORIENTED_EDGE('',*,*,#2392,.T.);
#3230=ORIENTED_EDGE('',*,*,#2389,.F.);
#3231=ORIENTED_EDGE('',*,*,#2366,.F.);
#3232=ORIENTED_EDGE('',*,*,#2393,.T.);
#3233=ORIENTED_EDGE('',*,*,#2385,.F.);
#3234=ORIENTED_EDGE('',*,*,#2388,.F.);
#3235=ORIENTED_EDGE('',*,*,#2394,.F.);
#3236=ORIENTED_EDGE('',*,*,#2381,.T.);
#3237=ORIENTED_EDGE('',*,*,#2372,.F.);
#3238=ORIENTED_EDGE('',*,*,#2386,.F.);
#3239=ORIENTED_EDGE('',*,*,#2393,.F.);
#3240=ORIENTED_EDGE('',*,*,#2395,.T.);
#3241=ORIENTED_EDGE('',*,*,#2379,.F.);
#3242=ORIENTED_EDGE('',*,*,#2394,.T.);
#3243=ORIENTED_EDGE('',*,*,#2391,.T.);
#3244=ORIENTED_EDGE('',*,*,#2390,.F.);
#3245=ORIENTED_EDGE('',*,*,#2392,.F.);
#3246=ORIENTED_EDGE('',*,*,#2376,.F.);
#3247=ORIENTED_EDGE('',*,*,#2380,.F.);
#3248=ORIENTED_EDGE('',*,*,#2395,.F.);
#3249=ORIENTED_EDGE('',*,*,#2396,.F.);
#3250=ORIENTED_EDGE('',*,*,#2397,.F.);
#3251=ORIENTED_EDGE('',*,*,#2398,.F.);
#3252=ORIENTED_EDGE('',*,*,#2399,.F.);
#3253=ORIENTED_EDGE('',*,*,#2400,.F.);
#3254=ORIENTED_EDGE('',*,*,#2400,.T.);
#3255=ORIENTED_EDGE('',*,*,#2401,.F.);
#3256=ORIENTED_EDGE('',*,*,#2402,.T.);
#3257=ORIENTED_EDGE('',*,*,#2403,.T.);
#3258=ORIENTED_EDGE('',*,*,#2404,.F.);
#3259=ORIENTED_EDGE('',*,*,#2405,.F.);
#3260=ORIENTED_EDGE('',*,*,#2406,.F.);
#3261=ORIENTED_EDGE('',*,*,#2407,.F.);
#3262=ORIENTED_EDGE('',*,*,#2406,.T.);
#3263=ORIENTED_EDGE('',*,*,#2408,.F.);
#3264=ORIENTED_EDGE('',*,*,#2409,.F.);
#3265=ORIENTED_EDGE('',*,*,#2402,.F.);
#3266=ORIENTED_EDGE('',*,*,#2410,.T.);
#3267=ORIENTED_EDGE('',*,*,#2411,.F.);
#3268=ORIENTED_EDGE('',*,*,#2412,.T.);
#3269=ORIENTED_EDGE('',*,*,#2397,.T.);
#3270=ORIENTED_EDGE('',*,*,#2413,.F.);
#3271=ORIENTED_EDGE('',*,*,#2414,.F.);
#3272=ORIENTED_EDGE('',*,*,#2413,.T.);
#3273=ORIENTED_EDGE('',*,*,#2396,.T.);
#3274=ORIENTED_EDGE('',*,*,#2403,.F.);
#3275=ORIENTED_EDGE('',*,*,#2415,.T.);
#3276=ORIENTED_EDGE('',*,*,#2416,.F.);
#3277=ORIENTED_EDGE('',*,*,#2415,.F.);
#3278=ORIENTED_EDGE('',*,*,#2409,.T.);
#3279=ORIENTED_EDGE('',*,*,#2417,.F.);
#3280=ORIENTED_EDGE('',*,*,#2418,.F.);
#3281=ORIENTED_EDGE('',*,*,#2411,.T.);
#3282=ORIENTED_EDGE('',*,*,#2414,.T.);
#3283=ORIENTED_EDGE('',*,*,#2416,.T.);
#3284=ORIENTED_EDGE('',*,*,#2408,.T.);
#3285=ORIENTED_EDGE('',*,*,#2405,.T.);
#3286=ORIENTED_EDGE('',*,*,#2419,.F.);
#3287=ORIENTED_EDGE('',*,*,#2410,.F.);
#3288=ORIENTED_EDGE('',*,*,#2420,.F.);
#3289=ORIENTED_EDGE('',*,*,#2421,.F.);
#3290=ORIENTED_EDGE('',*,*,#2420,.T.);
#3291=ORIENTED_EDGE('',*,*,#2401,.T.);
#3292=ORIENTED_EDGE('',*,*,#2399,.T.);
#3293=ORIENTED_EDGE('',*,*,#2422,.F.);
#3294=ORIENTED_EDGE('',*,*,#2423,.F.);
#3295=ORIENTED_EDGE('',*,*,#2422,.T.);
#3296=ORIENTED_EDGE('',*,*,#2398,.T.);
#3297=ORIENTED_EDGE('',*,*,#2412,.F.);
#3298=ORIENTED_EDGE('',*,*,#2424,.T.);
#3299=ORIENTED_EDGE('',*,*,#2425,.F.);
#3300=ORIENTED_EDGE('',*,*,#2424,.F.);
#3301=ORIENTED_EDGE('',*,*,#2418,.T.);
#3302=ORIENTED_EDGE('',*,*,#2407,.T.);
#3303=ORIENTED_EDGE('',*,*,#2419,.T.);
#3304=ORIENTED_EDGE('',*,*,#2421,.T.);
#3305=ORIENTED_EDGE('',*,*,#2423,.T.);
#3306=ORIENTED_EDGE('',*,*,#2425,.T.);
#3307=ORIENTED_EDGE('',*,*,#2417,.T.);
#3308=ORIENTED_EDGE('',*,*,#2404,.T.);
#3309=ORIENTED_EDGE('',*,*,#2426,.T.);
#3310=ORIENTED_EDGE('',*,*,#2427,.T.);
#3311=ORIENTED_EDGE('',*,*,#2428,.T.);
#3312=ORIENTED_EDGE('',*,*,#2429,.T.);
#3313=ORIENTED_EDGE('',*,*,#2430,.T.);
#3314=ORIENTED_EDGE('',*,*,#2431,.T.);
#3315=ORIENTED_EDGE('',*,*,#2432,.T.);
#3316=ORIENTED_EDGE('',*,*,#2430,.F.);
#3317=ORIENTED_EDGE('',*,*,#2433,.F.);
#3318=ORIENTED_EDGE('',*,*,#2434,.T.);
#3319=ORIENTED_EDGE('',*,*,#2429,.F.);
#3320=ORIENTED_EDGE('',*,*,#2435,.T.);
#3321=ORIENTED_EDGE('',*,*,#2436,.T.);
#3322=ORIENTED_EDGE('',*,*,#2437,.F.);
#3323=ORIENTED_EDGE('',*,*,#2433,.T.);
#3324=ORIENTED_EDGE('',*,*,#2428,.F.);
#3325=ORIENTED_EDGE('',*,*,#2438,.T.);
#3326=ORIENTED_EDGE('',*,*,#2439,.T.);
#3327=ORIENTED_EDGE('',*,*,#2440,.T.);
#3328=ORIENTED_EDGE('',*,*,#2435,.F.);
#3329=ORIENTED_EDGE('',*,*,#2427,.F.);
#3330=ORIENTED_EDGE('',*,*,#2441,.F.);
#3331=ORIENTED_EDGE('',*,*,#2438,.F.);
#3332=ORIENTED_EDGE('',*,*,#2431,.F.);
#3333=ORIENTED_EDGE('',*,*,#2434,.F.);
#3334=ORIENTED_EDGE('',*,*,#2442,.T.);
#3335=ORIENTED_EDGE('',*,*,#2443,.T.);
#3336=ORIENTED_EDGE('',*,*,#2444,.T.);
#3337=ORIENTED_EDGE('',*,*,#2445,.T.);
#3338=ORIENTED_EDGE('',*,*,#2446,.T.);
#3339=ORIENTED_EDGE('',*,*,#2444,.F.);
#3340=ORIENTED_EDGE('',*,*,#2447,.F.);
#3341=ORIENTED_EDGE('',*,*,#2448,.T.);
#3342=ORIENTED_EDGE('',*,*,#2443,.F.);
#3343=ORIENTED_EDGE('',*,*,#2449,.T.);
#3344=ORIENTED_EDGE('',*,*,#2450,.T.);
#3345=ORIENTED_EDGE('',*,*,#2451,.F.);
#3346=ORIENTED_EDGE('',*,*,#2447,.T.);
#3347=ORIENTED_EDGE('',*,*,#2442,.F.);
#3348=ORIENTED_EDGE('',*,*,#2437,.T.);
#3349=ORIENTED_EDGE('',*,*,#2452,.T.);
#3350=ORIENTED_EDGE('',*,*,#2449,.F.);
#3351=ORIENTED_EDGE('',*,*,#2426,.F.);
#3352=ORIENTED_EDGE('',*,*,#2453,.T.);
#3353=ORIENTED_EDGE('',*,*,#2445,.F.);
#3354=ORIENTED_EDGE('',*,*,#2448,.F.);
#3355=ORIENTED_EDGE('',*,*,#2454,.F.);
#3356=ORIENTED_EDGE('',*,*,#2441,.T.);
#3357=ORIENTED_EDGE('',*,*,#2432,.F.);
#3358=ORIENTED_EDGE('',*,*,#2446,.F.);
#3359=ORIENTED_EDGE('',*,*,#2453,.F.);
#3360=ORIENTED_EDGE('',*,*,#2455,.T.);
#3361=ORIENTED_EDGE('',*,*,#2439,.F.);
#3362=ORIENTED_EDGE('',*,*,#2454,.T.);
#3363=ORIENTED_EDGE('',*,*,#2451,.T.);
#3364=ORIENTED_EDGE('',*,*,#2450,.F.);
#3365=ORIENTED_EDGE('',*,*,#2452,.F.);
#3366=ORIENTED_EDGE('',*,*,#2436,.F.);
#3367=ORIENTED_EDGE('',*,*,#2440,.F.);
#3368=ORIENTED_EDGE('',*,*,#2455,.F.);
#3369=ORIENTED_EDGE('',*,*,#2456,.F.);
#3370=ORIENTED_EDGE('',*,*,#2457,.F.);
#3371=ORIENTED_EDGE('',*,*,#2458,.F.);
#3372=ORIENTED_EDGE('',*,*,#2459,.F.);
#3373=ORIENTED_EDGE('',*,*,#2460,.F.);
#3374=ORIENTED_EDGE('',*,*,#2460,.T.);
#3375=ORIENTED_EDGE('',*,*,#2461,.F.);
#3376=ORIENTED_EDGE('',*,*,#2462,.T.);
#3377=ORIENTED_EDGE('',*,*,#2463,.T.);
#3378=ORIENTED_EDGE('',*,*,#2464,.F.);
#3379=ORIENTED_EDGE('',*,*,#2465,.F.);
#3380=ORIENTED_EDGE('',*,*,#2466,.F.);
#3381=ORIENTED_EDGE('',*,*,#2467,.F.);
#3382=ORIENTED_EDGE('',*,*,#2466,.T.);
#3383=ORIENTED_EDGE('',*,*,#2468,.F.);
#3384=ORIENTED_EDGE('',*,*,#2469,.F.);
#3385=ORIENTED_EDGE('',*,*,#2462,.F.);
#3386=ORIENTED_EDGE('',*,*,#2470,.T.);
#3387=ORIENTED_EDGE('',*,*,#2471,.F.);
#3388=ORIENTED_EDGE('',*,*,#2472,.T.);
#3389=ORIENTED_EDGE('',*,*,#2457,.T.);
#3390=ORIENTED_EDGE('',*,*,#2473,.F.);
#3391=ORIENTED_EDGE('',*,*,#2474,.F.);
#3392=ORIENTED_EDGE('',*,*,#2473,.T.);
#3393=ORIENTED_EDGE('',*,*,#2456,.T.);
#3394=ORIENTED_EDGE('',*,*,#2463,.F.);
#3395=ORIENTED_EDGE('',*,*,#2475,.T.);
#3396=ORIENTED_EDGE('',*,*,#2476,.F.);
#3397=ORIENTED_EDGE('',*,*,#2475,.F.);
#3398=ORIENTED_EDGE('',*,*,#2469,.T.);
#3399=ORIENTED_EDGE('',*,*,#2477,.F.);
#3400=ORIENTED_EDGE('',*,*,#2478,.F.);
#3401=ORIENTED_EDGE('',*,*,#2471,.T.);
#3402=ORIENTED_EDGE('',*,*,#2474,.T.);
#3403=ORIENTED_EDGE('',*,*,#2476,.T.);
#3404=ORIENTED_EDGE('',*,*,#2468,.T.);
#3405=ORIENTED_EDGE('',*,*,#2465,.T.);
#3406=ORIENTED_EDGE('',*,*,#2479,.F.);
#3407=ORIENTED_EDGE('',*,*,#2470,.F.);
#3408=ORIENTED_EDGE('',*,*,#2480,.F.);
#3409=ORIENTED_EDGE('',*,*,#2481,.F.);
#3410=ORIENTED_EDGE('',*,*,#2480,.T.);
#3411=ORIENTED_EDGE('',*,*,#2461,.T.);
#3412=ORIENTED_EDGE('',*,*,#2459,.T.);
#3413=ORIENTED_EDGE('',*,*,#2482,.F.);
#3414=ORIENTED_EDGE('',*,*,#2483,.F.);
#3415=ORIENTED_EDGE('',*,*,#2482,.T.);
#3416=ORIENTED_EDGE('',*,*,#2458,.T.);
#3417=ORIENTED_EDGE('',*,*,#2472,.F.);
#3418=ORIENTED_EDGE('',*,*,#2484,.T.);
#3419=ORIENTED_EDGE('',*,*,#2485,.F.);
#3420=ORIENTED_EDGE('',*,*,#2484,.F.);
#3421=ORIENTED_EDGE('',*,*,#2478,.T.);
#3422=ORIENTED_EDGE('',*,*,#2467,.T.);
#3423=ORIENTED_EDGE('',*,*,#2479,.T.);
#3424=ORIENTED_EDGE('',*,*,#2481,.T.);
#3425=ORIENTED_EDGE('',*,*,#2483,.T.);
#3426=ORIENTED_EDGE('',*,*,#2485,.T.);
#3427=ORIENTED_EDGE('',*,*,#2477,.T.);
#3428=ORIENTED_EDGE('',*,*,#2464,.T.);
#3429=ORIENTED_EDGE('',*,*,#2486,.T.);
#3430=ORIENTED_EDGE('',*,*,#2487,.T.);
#3431=ORIENTED_EDGE('',*,*,#2488,.T.);
#3432=ORIENTED_EDGE('',*,*,#2489,.T.);
#3433=ORIENTED_EDGE('',*,*,#2490,.T.);
#3434=ORIENTED_EDGE('',*,*,#2491,.T.);
#3435=ORIENTED_EDGE('',*,*,#2492,.T.);
#3436=ORIENTED_EDGE('',*,*,#2490,.F.);
#3437=ORIENTED_EDGE('',*,*,#2493,.F.);
#3438=ORIENTED_EDGE('',*,*,#2494,.T.);
#3439=ORIENTED_EDGE('',*,*,#2489,.F.);
#3440=ORIENTED_EDGE('',*,*,#2495,.T.);
#3441=ORIENTED_EDGE('',*,*,#2496,.T.);
#3442=ORIENTED_EDGE('',*,*,#2497,.F.);
#3443=ORIENTED_EDGE('',*,*,#2493,.T.);
#3444=ORIENTED_EDGE('',*,*,#2488,.F.);
#3445=ORIENTED_EDGE('',*,*,#2498,.T.);
#3446=ORIENTED_EDGE('',*,*,#2499,.T.);
#3447=ORIENTED_EDGE('',*,*,#2500,.T.);
#3448=ORIENTED_EDGE('',*,*,#2495,.F.);
#3449=ORIENTED_EDGE('',*,*,#2487,.F.);
#3450=ORIENTED_EDGE('',*,*,#2501,.F.);
#3451=ORIENTED_EDGE('',*,*,#2498,.F.);
#3452=ORIENTED_EDGE('',*,*,#2491,.F.);
#3453=ORIENTED_EDGE('',*,*,#2494,.F.);
#3454=ORIENTED_EDGE('',*,*,#2502,.T.);
#3455=ORIENTED_EDGE('',*,*,#2503,.T.);
#3456=ORIENTED_EDGE('',*,*,#2504,.T.);
#3457=ORIENTED_EDGE('',*,*,#2505,.T.);
#3458=ORIENTED_EDGE('',*,*,#2506,.T.);
#3459=ORIENTED_EDGE('',*,*,#2504,.F.);
#3460=ORIENTED_EDGE('',*,*,#2507,.F.);
#3461=ORIENTED_EDGE('',*,*,#2508,.T.);
#3462=ORIENTED_EDGE('',*,*,#2503,.F.);
#3463=ORIENTED_EDGE('',*,*,#2509,.T.);
#3464=ORIENTED_EDGE('',*,*,#2510,.T.);
#3465=ORIENTED_EDGE('',*,*,#2511,.F.);
#3466=ORIENTED_EDGE('',*,*,#2507,.T.);
#3467=ORIENTED_EDGE('',*,*,#2502,.F.);
#3468=ORIENTED_EDGE('',*,*,#2497,.T.);
#3469=ORIENTED_EDGE('',*,*,#2512,.T.);
#3470=ORIENTED_EDGE('',*,*,#2509,.F.);
#3471=ORIENTED_EDGE('',*,*,#2486,.F.);
#3472=ORIENTED_EDGE('',*,*,#2513,.T.);
#3473=ORIENTED_EDGE('',*,*,#2505,.F.);
#3474=ORIENTED_EDGE('',*,*,#2508,.F.);
#3475=ORIENTED_EDGE('',*,*,#2514,.F.);
#3476=ORIENTED_EDGE('',*,*,#2501,.T.);
#3477=ORIENTED_EDGE('',*,*,#2492,.F.);
#3478=ORIENTED_EDGE('',*,*,#2506,.F.);
#3479=ORIENTED_EDGE('',*,*,#2513,.F.);
#3480=ORIENTED_EDGE('',*,*,#2515,.T.);
#3481=ORIENTED_EDGE('',*,*,#2499,.F.);
#3482=ORIENTED_EDGE('',*,*,#2514,.T.);
#3483=ORIENTED_EDGE('',*,*,#2511,.T.);
#3484=ORIENTED_EDGE('',*,*,#2510,.F.);
#3485=ORIENTED_EDGE('',*,*,#2512,.F.);
#3486=ORIENTED_EDGE('',*,*,#2496,.F.);
#3487=ORIENTED_EDGE('',*,*,#2500,.F.);
#3488=ORIENTED_EDGE('',*,*,#2515,.F.);
#3489=ORIENTED_EDGE('',*,*,#2516,.F.);
#3490=ORIENTED_EDGE('',*,*,#2517,.F.);
#3491=ORIENTED_EDGE('',*,*,#2518,.F.);
#3492=ORIENTED_EDGE('',*,*,#2519,.F.);
#3493=ORIENTED_EDGE('',*,*,#2520,.F.);
#3494=ORIENTED_EDGE('',*,*,#2520,.T.);
#3495=ORIENTED_EDGE('',*,*,#2521,.F.);
#3496=ORIENTED_EDGE('',*,*,#2522,.T.);
#3497=ORIENTED_EDGE('',*,*,#2523,.T.);
#3498=ORIENTED_EDGE('',*,*,#2524,.F.);
#3499=ORIENTED_EDGE('',*,*,#2525,.F.);
#3500=ORIENTED_EDGE('',*,*,#2526,.F.);
#3501=ORIENTED_EDGE('',*,*,#2527,.F.);
#3502=ORIENTED_EDGE('',*,*,#2526,.T.);
#3503=ORIENTED_EDGE('',*,*,#2528,.F.);
#3504=ORIENTED_EDGE('',*,*,#2529,.F.);
#3505=ORIENTED_EDGE('',*,*,#2522,.F.);
#3506=ORIENTED_EDGE('',*,*,#2530,.T.);
#3507=ORIENTED_EDGE('',*,*,#2531,.F.);
#3508=ORIENTED_EDGE('',*,*,#2532,.T.);
#3509=ORIENTED_EDGE('',*,*,#2517,.T.);
#3510=ORIENTED_EDGE('',*,*,#2533,.F.);
#3511=ORIENTED_EDGE('',*,*,#2534,.F.);
#3512=ORIENTED_EDGE('',*,*,#2533,.T.);
#3513=ORIENTED_EDGE('',*,*,#2516,.T.);
#3514=ORIENTED_EDGE('',*,*,#2523,.F.);
#3515=ORIENTED_EDGE('',*,*,#2535,.T.);
#3516=ORIENTED_EDGE('',*,*,#2536,.F.);
#3517=ORIENTED_EDGE('',*,*,#2535,.F.);
#3518=ORIENTED_EDGE('',*,*,#2529,.T.);
#3519=ORIENTED_EDGE('',*,*,#2537,.F.);
#3520=ORIENTED_EDGE('',*,*,#2538,.F.);
#3521=ORIENTED_EDGE('',*,*,#2531,.T.);
#3522=ORIENTED_EDGE('',*,*,#2534,.T.);
#3523=ORIENTED_EDGE('',*,*,#2536,.T.);
#3524=ORIENTED_EDGE('',*,*,#2528,.T.);
#3525=ORIENTED_EDGE('',*,*,#2525,.T.);
#3526=ORIENTED_EDGE('',*,*,#2539,.F.);
#3527=ORIENTED_EDGE('',*,*,#2530,.F.);
#3528=ORIENTED_EDGE('',*,*,#2540,.F.);
#3529=ORIENTED_EDGE('',*,*,#2541,.F.);
#3530=ORIENTED_EDGE('',*,*,#2540,.T.);
#3531=ORIENTED_EDGE('',*,*,#2521,.T.);
#3532=ORIENTED_EDGE('',*,*,#2519,.T.);
#3533=ORIENTED_EDGE('',*,*,#2542,.F.);
#3534=ORIENTED_EDGE('',*,*,#2543,.F.);
#3535=ORIENTED_EDGE('',*,*,#2542,.T.);
#3536=ORIENTED_EDGE('',*,*,#2518,.T.);
#3537=ORIENTED_EDGE('',*,*,#2532,.F.);
#3538=ORIENTED_EDGE('',*,*,#2544,.T.);
#3539=ORIENTED_EDGE('',*,*,#2545,.F.);
#3540=ORIENTED_EDGE('',*,*,#2544,.F.);
#3541=ORIENTED_EDGE('',*,*,#2538,.T.);
#3542=ORIENTED_EDGE('',*,*,#2527,.T.);
#3543=ORIENTED_EDGE('',*,*,#2539,.T.);
#3544=ORIENTED_EDGE('',*,*,#2541,.T.);
#3545=ORIENTED_EDGE('',*,*,#2543,.T.);
#3546=ORIENTED_EDGE('',*,*,#2545,.T.);
#3547=ORIENTED_EDGE('',*,*,#2537,.T.);
#3548=ORIENTED_EDGE('',*,*,#2524,.T.);
#3549=ORIENTED_EDGE('',*,*,#2546,.T.);
#3550=ORIENTED_EDGE('',*,*,#2547,.T.);
#3551=ORIENTED_EDGE('',*,*,#2548,.T.);
#3552=ORIENTED_EDGE('',*,*,#2549,.T.);
#3553=ORIENTED_EDGE('',*,*,#2550,.T.);
#3554=ORIENTED_EDGE('',*,*,#2551,.T.);
#3555=ORIENTED_EDGE('',*,*,#2552,.T.);
#3556=ORIENTED_EDGE('',*,*,#2550,.F.);
#3557=ORIENTED_EDGE('',*,*,#2553,.F.);
#3558=ORIENTED_EDGE('',*,*,#2554,.T.);
#3559=ORIENTED_EDGE('',*,*,#2549,.F.);
#3560=ORIENTED_EDGE('',*,*,#2555,.T.);
#3561=ORIENTED_EDGE('',*,*,#2556,.T.);
#3562=ORIENTED_EDGE('',*,*,#2557,.F.);
#3563=ORIENTED_EDGE('',*,*,#2553,.T.);
#3564=ORIENTED_EDGE('',*,*,#2548,.F.);
#3565=ORIENTED_EDGE('',*,*,#2558,.T.);
#3566=ORIENTED_EDGE('',*,*,#2559,.T.);
#3567=ORIENTED_EDGE('',*,*,#2560,.T.);
#3568=ORIENTED_EDGE('',*,*,#2555,.F.);
#3569=ORIENTED_EDGE('',*,*,#2547,.F.);
#3570=ORIENTED_EDGE('',*,*,#2561,.F.);
#3571=ORIENTED_EDGE('',*,*,#2558,.F.);
#3572=ORIENTED_EDGE('',*,*,#2551,.F.);
#3573=ORIENTED_EDGE('',*,*,#2554,.F.);
#3574=ORIENTED_EDGE('',*,*,#2562,.T.);
#3575=ORIENTED_EDGE('',*,*,#2563,.T.);
#3576=ORIENTED_EDGE('',*,*,#2564,.T.);
#3577=ORIENTED_EDGE('',*,*,#2565,.T.);
#3578=ORIENTED_EDGE('',*,*,#2566,.T.);
#3579=ORIENTED_EDGE('',*,*,#2564,.F.);
#3580=ORIENTED_EDGE('',*,*,#2567,.F.);
#3581=ORIENTED_EDGE('',*,*,#2568,.T.);
#3582=ORIENTED_EDGE('',*,*,#2563,.F.);
#3583=ORIENTED_EDGE('',*,*,#2569,.T.);
#3584=ORIENTED_EDGE('',*,*,#2570,.T.);
#3585=ORIENTED_EDGE('',*,*,#2571,.F.);
#3586=ORIENTED_EDGE('',*,*,#2567,.T.);
#3587=ORIENTED_EDGE('',*,*,#2562,.F.);
#3588=ORIENTED_EDGE('',*,*,#2557,.T.);
#3589=ORIENTED_EDGE('',*,*,#2572,.T.);
#3590=ORIENTED_EDGE('',*,*,#2569,.F.);
#3591=ORIENTED_EDGE('',*,*,#2546,.F.);
#3592=ORIENTED_EDGE('',*,*,#2573,.T.);
#3593=ORIENTED_EDGE('',*,*,#2565,.F.);
#3594=ORIENTED_EDGE('',*,*,#2568,.F.);
#3595=ORIENTED_EDGE('',*,*,#2574,.F.);
#3596=ORIENTED_EDGE('',*,*,#2561,.T.);
#3597=ORIENTED_EDGE('',*,*,#2552,.F.);
#3598=ORIENTED_EDGE('',*,*,#2566,.F.);
#3599=ORIENTED_EDGE('',*,*,#2573,.F.);
#3600=ORIENTED_EDGE('',*,*,#2575,.T.);
#3601=ORIENTED_EDGE('',*,*,#2559,.F.);
#3602=ORIENTED_EDGE('',*,*,#2574,.T.);
#3603=ORIENTED_EDGE('',*,*,#2571,.T.);
#3604=ORIENTED_EDGE('',*,*,#2570,.F.);
#3605=ORIENTED_EDGE('',*,*,#2572,.F.);
#3606=ORIENTED_EDGE('',*,*,#2556,.F.);
#3607=ORIENTED_EDGE('',*,*,#2560,.F.);
#3608=ORIENTED_EDGE('',*,*,#2575,.F.);
#3609=ORIENTED_EDGE('',*,*,#2576,.F.);
#3610=ORIENTED_EDGE('',*,*,#2577,.F.);
#3611=ORIENTED_EDGE('',*,*,#2578,.F.);
#3612=ORIENTED_EDGE('',*,*,#2579,.F.);
#3613=ORIENTED_EDGE('',*,*,#2580,.F.);
#3614=ORIENTED_EDGE('',*,*,#2580,.T.);
#3615=ORIENTED_EDGE('',*,*,#2581,.F.);
#3616=ORIENTED_EDGE('',*,*,#2582,.T.);
#3617=ORIENTED_EDGE('',*,*,#2583,.T.);
#3618=ORIENTED_EDGE('',*,*,#2584,.F.);
#3619=ORIENTED_EDGE('',*,*,#2585,.F.);
#3620=ORIENTED_EDGE('',*,*,#2586,.F.);
#3621=ORIENTED_EDGE('',*,*,#2587,.F.);
#3622=ORIENTED_EDGE('',*,*,#2586,.T.);
#3623=ORIENTED_EDGE('',*,*,#2588,.F.);
#3624=ORIENTED_EDGE('',*,*,#2589,.F.);
#3625=ORIENTED_EDGE('',*,*,#2582,.F.);
#3626=ORIENTED_EDGE('',*,*,#2590,.T.);
#3627=ORIENTED_EDGE('',*,*,#2591,.F.);
#3628=ORIENTED_EDGE('',*,*,#2592,.T.);
#3629=ORIENTED_EDGE('',*,*,#2577,.T.);
#3630=ORIENTED_EDGE('',*,*,#2593,.F.);
#3631=ORIENTED_EDGE('',*,*,#2594,.F.);
#3632=ORIENTED_EDGE('',*,*,#2593,.T.);
#3633=ORIENTED_EDGE('',*,*,#2576,.T.);
#3634=ORIENTED_EDGE('',*,*,#2583,.F.);
#3635=ORIENTED_EDGE('',*,*,#2595,.T.);
#3636=ORIENTED_EDGE('',*,*,#2596,.F.);
#3637=ORIENTED_EDGE('',*,*,#2595,.F.);
#3638=ORIENTED_EDGE('',*,*,#2589,.T.);
#3639=ORIENTED_EDGE('',*,*,#2597,.F.);
#3640=ORIENTED_EDGE('',*,*,#2598,.F.);
#3641=ORIENTED_EDGE('',*,*,#2591,.T.);
#3642=ORIENTED_EDGE('',*,*,#2594,.T.);
#3643=ORIENTED_EDGE('',*,*,#2596,.T.);
#3644=ORIENTED_EDGE('',*,*,#2588,.T.);
#3645=ORIENTED_EDGE('',*,*,#2585,.T.);
#3646=ORIENTED_EDGE('',*,*,#2599,.F.);
#3647=ORIENTED_EDGE('',*,*,#2590,.F.);
#3648=ORIENTED_EDGE('',*,*,#2600,.F.);
#3649=ORIENTED_EDGE('',*,*,#2601,.F.);
#3650=ORIENTED_EDGE('',*,*,#2600,.T.);
#3651=ORIENTED_EDGE('',*,*,#2581,.T.);
#3652=ORIENTED_EDGE('',*,*,#2579,.T.);
#3653=ORIENTED_EDGE('',*,*,#2602,.F.);
#3654=ORIENTED_EDGE('',*,*,#2603,.F.);
#3655=ORIENTED_EDGE('',*,*,#2602,.T.);
#3656=ORIENTED_EDGE('',*,*,#2578,.T.);
#3657=ORIENTED_EDGE('',*,*,#2592,.F.);
#3658=ORIENTED_EDGE('',*,*,#2604,.T.);
#3659=ORIENTED_EDGE('',*,*,#2605,.F.);
#3660=ORIENTED_EDGE('',*,*,#2604,.F.);
#3661=ORIENTED_EDGE('',*,*,#2598,.T.);
#3662=ORIENTED_EDGE('',*,*,#2587,.T.);
#3663=ORIENTED_EDGE('',*,*,#2599,.T.);
#3664=ORIENTED_EDGE('',*,*,#2601,.T.);
#3665=ORIENTED_EDGE('',*,*,#2603,.T.);
#3666=ORIENTED_EDGE('',*,*,#2605,.T.);
#3667=ORIENTED_EDGE('',*,*,#2597,.T.);
#3668=ORIENTED_EDGE('',*,*,#2584,.T.);
#3669=ORIENTED_EDGE('',*,*,#2606,.T.);
#3670=ORIENTED_EDGE('',*,*,#2607,.T.);
#3671=ORIENTED_EDGE('',*,*,#2608,.T.);
#3672=ORIENTED_EDGE('',*,*,#2609,.T.);
#3673=ORIENTED_EDGE('',*,*,#2610,.T.);
#3674=ORIENTED_EDGE('',*,*,#2611,.T.);
#3675=ORIENTED_EDGE('',*,*,#2612,.T.);
#3676=ORIENTED_EDGE('',*,*,#2610,.F.);
#3677=ORIENTED_EDGE('',*,*,#2613,.F.);
#3678=ORIENTED_EDGE('',*,*,#2614,.T.);
#3679=ORIENTED_EDGE('',*,*,#2609,.F.);
#3680=ORIENTED_EDGE('',*,*,#2615,.T.);
#3681=ORIENTED_EDGE('',*,*,#2616,.T.);
#3682=ORIENTED_EDGE('',*,*,#2617,.F.);
#3683=ORIENTED_EDGE('',*,*,#2613,.T.);
#3684=ORIENTED_EDGE('',*,*,#2608,.F.);
#3685=ORIENTED_EDGE('',*,*,#2618,.T.);
#3686=ORIENTED_EDGE('',*,*,#2619,.T.);
#3687=ORIENTED_EDGE('',*,*,#2620,.T.);
#3688=ORIENTED_EDGE('',*,*,#2615,.F.);
#3689=ORIENTED_EDGE('',*,*,#2607,.F.);
#3690=ORIENTED_EDGE('',*,*,#2621,.F.);
#3691=ORIENTED_EDGE('',*,*,#2618,.F.);
#3692=ORIENTED_EDGE('',*,*,#2611,.F.);
#3693=ORIENTED_EDGE('',*,*,#2614,.F.);
#3694=ORIENTED_EDGE('',*,*,#2622,.T.);
#3695=ORIENTED_EDGE('',*,*,#2623,.T.);
#3696=ORIENTED_EDGE('',*,*,#2624,.T.);
#3697=ORIENTED_EDGE('',*,*,#2625,.T.);
#3698=ORIENTED_EDGE('',*,*,#2626,.T.);
#3699=ORIENTED_EDGE('',*,*,#2624,.F.);
#3700=ORIENTED_EDGE('',*,*,#2627,.F.);
#3701=ORIENTED_EDGE('',*,*,#2628,.T.);
#3702=ORIENTED_EDGE('',*,*,#2623,.F.);
#3703=ORIENTED_EDGE('',*,*,#2629,.T.);
#3704=ORIENTED_EDGE('',*,*,#2630,.T.);
#3705=ORIENTED_EDGE('',*,*,#2631,.F.);
#3706=ORIENTED_EDGE('',*,*,#2627,.T.);
#3707=ORIENTED_EDGE('',*,*,#2622,.F.);
#3708=ORIENTED_EDGE('',*,*,#2617,.T.);
#3709=ORIENTED_EDGE('',*,*,#2632,.T.);
#3710=ORIENTED_EDGE('',*,*,#2629,.F.);
#3711=ORIENTED_EDGE('',*,*,#2606,.F.);
#3712=ORIENTED_EDGE('',*,*,#2633,.T.);
#3713=ORIENTED_EDGE('',*,*,#2625,.F.);
#3714=ORIENTED_EDGE('',*,*,#2628,.F.);
#3715=ORIENTED_EDGE('',*,*,#2634,.F.);
#3716=ORIENTED_EDGE('',*,*,#2621,.T.);
#3717=ORIENTED_EDGE('',*,*,#2612,.F.);
#3718=ORIENTED_EDGE('',*,*,#2626,.F.);
#3719=ORIENTED_EDGE('',*,*,#2633,.F.);
#3720=ORIENTED_EDGE('',*,*,#2635,.T.);
#3721=ORIENTED_EDGE('',*,*,#2619,.F.);
#3722=ORIENTED_EDGE('',*,*,#2634,.T.);
#3723=ORIENTED_EDGE('',*,*,#2631,.T.);
#3724=ORIENTED_EDGE('',*,*,#2630,.F.);
#3725=ORIENTED_EDGE('',*,*,#2632,.F.);
#3726=ORIENTED_EDGE('',*,*,#2616,.F.);
#3727=ORIENTED_EDGE('',*,*,#2620,.F.);
#3728=ORIENTED_EDGE('',*,*,#2635,.F.);
#3729=ORIENTED_EDGE('',*,*,#2636,.F.);
#3730=ORIENTED_EDGE('',*,*,#2637,.F.);
#3731=ORIENTED_EDGE('',*,*,#2638,.F.);
#3732=ORIENTED_EDGE('',*,*,#2639,.F.);
#3733=ORIENTED_EDGE('',*,*,#2640,.F.);
#3734=ORIENTED_EDGE('',*,*,#2640,.T.);
#3735=ORIENTED_EDGE('',*,*,#2641,.F.);
#3736=ORIENTED_EDGE('',*,*,#2642,.T.);
#3737=ORIENTED_EDGE('',*,*,#2643,.T.);
#3738=ORIENTED_EDGE('',*,*,#2644,.F.);
#3739=ORIENTED_EDGE('',*,*,#2645,.F.);
#3740=ORIENTED_EDGE('',*,*,#2646,.F.);
#3741=ORIENTED_EDGE('',*,*,#2647,.F.);
#3742=ORIENTED_EDGE('',*,*,#2646,.T.);
#3743=ORIENTED_EDGE('',*,*,#2648,.F.);
#3744=ORIENTED_EDGE('',*,*,#2649,.F.);
#3745=ORIENTED_EDGE('',*,*,#2642,.F.);
#3746=ORIENTED_EDGE('',*,*,#2650,.T.);
#3747=ORIENTED_EDGE('',*,*,#2651,.F.);
#3748=ORIENTED_EDGE('',*,*,#2652,.T.);
#3749=ORIENTED_EDGE('',*,*,#2637,.T.);
#3750=ORIENTED_EDGE('',*,*,#2653,.F.);
#3751=ORIENTED_EDGE('',*,*,#2654,.F.);
#3752=ORIENTED_EDGE('',*,*,#2653,.T.);
#3753=ORIENTED_EDGE('',*,*,#2636,.T.);
#3754=ORIENTED_EDGE('',*,*,#2643,.F.);
#3755=ORIENTED_EDGE('',*,*,#2655,.T.);
#3756=ORIENTED_EDGE('',*,*,#2656,.F.);
#3757=ORIENTED_EDGE('',*,*,#2655,.F.);
#3758=ORIENTED_EDGE('',*,*,#2649,.T.);
#3759=ORIENTED_EDGE('',*,*,#2657,.F.);
#3760=ORIENTED_EDGE('',*,*,#2658,.F.);
#3761=ORIENTED_EDGE('',*,*,#2651,.T.);
#3762=ORIENTED_EDGE('',*,*,#2654,.T.);
#3763=ORIENTED_EDGE('',*,*,#2656,.T.);
#3764=ORIENTED_EDGE('',*,*,#2648,.T.);
#3765=ORIENTED_EDGE('',*,*,#2645,.T.);
#3766=ORIENTED_EDGE('',*,*,#2659,.F.);
#3767=ORIENTED_EDGE('',*,*,#2650,.F.);
#3768=ORIENTED_EDGE('',*,*,#2660,.F.);
#3769=ORIENTED_EDGE('',*,*,#2661,.F.);
#3770=ORIENTED_EDGE('',*,*,#2660,.T.);
#3771=ORIENTED_EDGE('',*,*,#2641,.T.);
#3772=ORIENTED_EDGE('',*,*,#2639,.T.);
#3773=ORIENTED_EDGE('',*,*,#2662,.F.);
#3774=ORIENTED_EDGE('',*,*,#2663,.F.);
#3775=ORIENTED_EDGE('',*,*,#2662,.T.);
#3776=ORIENTED_EDGE('',*,*,#2638,.T.);
#3777=ORIENTED_EDGE('',*,*,#2652,.F.);
#3778=ORIENTED_EDGE('',*,*,#2664,.T.);
#3779=ORIENTED_EDGE('',*,*,#2665,.F.);
#3780=ORIENTED_EDGE('',*,*,#2664,.F.);
#3781=ORIENTED_EDGE('',*,*,#2658,.T.);
#3782=ORIENTED_EDGE('',*,*,#2647,.T.);
#3783=ORIENTED_EDGE('',*,*,#2659,.T.);
#3784=ORIENTED_EDGE('',*,*,#2661,.T.);
#3785=ORIENTED_EDGE('',*,*,#2663,.T.);
#3786=ORIENTED_EDGE('',*,*,#2665,.T.);
#3787=ORIENTED_EDGE('',*,*,#2657,.T.);
#3788=ORIENTED_EDGE('',*,*,#2644,.T.);
#3789=ORIENTED_EDGE('',*,*,#2666,.T.);
#3790=ORIENTED_EDGE('',*,*,#2667,.T.);
#3791=ORIENTED_EDGE('',*,*,#2668,.T.);
#3792=ORIENTED_EDGE('',*,*,#2669,.T.);
#3793=ORIENTED_EDGE('',*,*,#2670,.T.);
#3794=ORIENTED_EDGE('',*,*,#2671,.T.);
#3795=ORIENTED_EDGE('',*,*,#2672,.T.);
#3796=ORIENTED_EDGE('',*,*,#2670,.F.);
#3797=ORIENTED_EDGE('',*,*,#2673,.F.);
#3798=ORIENTED_EDGE('',*,*,#2674,.T.);
#3799=ORIENTED_EDGE('',*,*,#2669,.F.);
#3800=ORIENTED_EDGE('',*,*,#2675,.T.);
#3801=ORIENTED_EDGE('',*,*,#2676,.T.);
#3802=ORIENTED_EDGE('',*,*,#2677,.F.);
#3803=ORIENTED_EDGE('',*,*,#2673,.T.);
#3804=ORIENTED_EDGE('',*,*,#2668,.F.);
#3805=ORIENTED_EDGE('',*,*,#2678,.T.);
#3806=ORIENTED_EDGE('',*,*,#2679,.T.);
#3807=ORIENTED_EDGE('',*,*,#2680,.T.);
#3808=ORIENTED_EDGE('',*,*,#2675,.F.);
#3809=ORIENTED_EDGE('',*,*,#2667,.F.);
#3810=ORIENTED_EDGE('',*,*,#2681,.F.);
#3811=ORIENTED_EDGE('',*,*,#2678,.F.);
#3812=ORIENTED_EDGE('',*,*,#2671,.F.);
#3813=ORIENTED_EDGE('',*,*,#2674,.F.);
#3814=ORIENTED_EDGE('',*,*,#2682,.T.);
#3815=ORIENTED_EDGE('',*,*,#2683,.T.);
#3816=ORIENTED_EDGE('',*,*,#2684,.T.);
#3817=ORIENTED_EDGE('',*,*,#2685,.T.);
#3818=ORIENTED_EDGE('',*,*,#2686,.T.);
#3819=ORIENTED_EDGE('',*,*,#2684,.F.);
#3820=ORIENTED_EDGE('',*,*,#2687,.F.);
#3821=ORIENTED_EDGE('',*,*,#2688,.T.);
#3822=ORIENTED_EDGE('',*,*,#2683,.F.);
#3823=ORIENTED_EDGE('',*,*,#2689,.T.);
#3824=ORIENTED_EDGE('',*,*,#2690,.T.);
#3825=ORIENTED_EDGE('',*,*,#2691,.F.);
#3826=ORIENTED_EDGE('',*,*,#2687,.T.);
#3827=ORIENTED_EDGE('',*,*,#2682,.F.);
#3828=ORIENTED_EDGE('',*,*,#2677,.T.);
#3829=ORIENTED_EDGE('',*,*,#2692,.T.);
#3830=ORIENTED_EDGE('',*,*,#2689,.F.);
#3831=ORIENTED_EDGE('',*,*,#2666,.F.);
#3832=ORIENTED_EDGE('',*,*,#2693,.T.);
#3833=ORIENTED_EDGE('',*,*,#2685,.F.);
#3834=ORIENTED_EDGE('',*,*,#2688,.F.);
#3835=ORIENTED_EDGE('',*,*,#2694,.F.);
#3836=ORIENTED_EDGE('',*,*,#2681,.T.);
#3837=ORIENTED_EDGE('',*,*,#2672,.F.);
#3838=ORIENTED_EDGE('',*,*,#2686,.F.);
#3839=ORIENTED_EDGE('',*,*,#2693,.F.);
#3840=ORIENTED_EDGE('',*,*,#2695,.T.);
#3841=ORIENTED_EDGE('',*,*,#2679,.F.);
#3842=ORIENTED_EDGE('',*,*,#2694,.T.);
#3843=ORIENTED_EDGE('',*,*,#2691,.T.);
#3844=ORIENTED_EDGE('',*,*,#2690,.F.);
#3845=ORIENTED_EDGE('',*,*,#2692,.F.);
#3846=ORIENTED_EDGE('',*,*,#2676,.F.);
#3847=ORIENTED_EDGE('',*,*,#2680,.F.);
#3848=ORIENTED_EDGE('',*,*,#2695,.F.);
#3849=ORIENTED_EDGE('',*,*,#2696,.F.);
#3850=ORIENTED_EDGE('',*,*,#2697,.F.);
#3851=ORIENTED_EDGE('',*,*,#2698,.F.);
#3852=ORIENTED_EDGE('',*,*,#2699,.F.);
#3853=ORIENTED_EDGE('',*,*,#2700,.F.);
#3854=ORIENTED_EDGE('',*,*,#2700,.T.);
#3855=ORIENTED_EDGE('',*,*,#2701,.F.);
#3856=ORIENTED_EDGE('',*,*,#2702,.T.);
#3857=ORIENTED_EDGE('',*,*,#2703,.T.);
#3858=ORIENTED_EDGE('',*,*,#2704,.F.);
#3859=ORIENTED_EDGE('',*,*,#2705,.F.);
#3860=ORIENTED_EDGE('',*,*,#2706,.F.);
#3861=ORIENTED_EDGE('',*,*,#2707,.F.);
#3862=ORIENTED_EDGE('',*,*,#2706,.T.);
#3863=ORIENTED_EDGE('',*,*,#2708,.F.);
#3864=ORIENTED_EDGE('',*,*,#2709,.F.);
#3865=ORIENTED_EDGE('',*,*,#2702,.F.);
#3866=ORIENTED_EDGE('',*,*,#2710,.T.);
#3867=ORIENTED_EDGE('',*,*,#2711,.F.);
#3868=ORIENTED_EDGE('',*,*,#2712,.T.);
#3869=ORIENTED_EDGE('',*,*,#2697,.T.);
#3870=ORIENTED_EDGE('',*,*,#2713,.F.);
#3871=ORIENTED_EDGE('',*,*,#2714,.F.);
#3872=ORIENTED_EDGE('',*,*,#2713,.T.);
#3873=ORIENTED_EDGE('',*,*,#2696,.T.);
#3874=ORIENTED_EDGE('',*,*,#2703,.F.);
#3875=ORIENTED_EDGE('',*,*,#2715,.T.);
#3876=ORIENTED_EDGE('',*,*,#2716,.F.);
#3877=ORIENTED_EDGE('',*,*,#2715,.F.);
#3878=ORIENTED_EDGE('',*,*,#2709,.T.);
#3879=ORIENTED_EDGE('',*,*,#2717,.F.);
#3880=ORIENTED_EDGE('',*,*,#2718,.F.);
#3881=ORIENTED_EDGE('',*,*,#2711,.T.);
#3882=ORIENTED_EDGE('',*,*,#2714,.T.);
#3883=ORIENTED_EDGE('',*,*,#2716,.T.);
#3884=ORIENTED_EDGE('',*,*,#2708,.T.);
#3885=ORIENTED_EDGE('',*,*,#2705,.T.);
#3886=ORIENTED_EDGE('',*,*,#2719,.F.);
#3887=ORIENTED_EDGE('',*,*,#2710,.F.);
#3888=ORIENTED_EDGE('',*,*,#2720,.F.);
#3889=ORIENTED_EDGE('',*,*,#2721,.F.);
#3890=ORIENTED_EDGE('',*,*,#2720,.T.);
#3891=ORIENTED_EDGE('',*,*,#2701,.T.);
#3892=ORIENTED_EDGE('',*,*,#2699,.T.);
#3893=ORIENTED_EDGE('',*,*,#2722,.F.);
#3894=ORIENTED_EDGE('',*,*,#2723,.F.);
#3895=ORIENTED_EDGE('',*,*,#2722,.T.);
#3896=ORIENTED_EDGE('',*,*,#2698,.T.);
#3897=ORIENTED_EDGE('',*,*,#2712,.F.);
#3898=ORIENTED_EDGE('',*,*,#2724,.T.);
#3899=ORIENTED_EDGE('',*,*,#2725,.F.);
#3900=ORIENTED_EDGE('',*,*,#2724,.F.);
#3901=ORIENTED_EDGE('',*,*,#2718,.T.);
#3902=ORIENTED_EDGE('',*,*,#2707,.T.);
#3903=ORIENTED_EDGE('',*,*,#2719,.T.);
#3904=ORIENTED_EDGE('',*,*,#2721,.T.);
#3905=ORIENTED_EDGE('',*,*,#2723,.T.);
#3906=ORIENTED_EDGE('',*,*,#2725,.T.);
#3907=ORIENTED_EDGE('',*,*,#2717,.T.);
#3908=ORIENTED_EDGE('',*,*,#2704,.T.);
#3909=ORIENTED_EDGE('',*,*,#2726,.T.);
#3910=ORIENTED_EDGE('',*,*,#2727,.T.);
#3911=ORIENTED_EDGE('',*,*,#2728,.T.);
#3912=ORIENTED_EDGE('',*,*,#2729,.T.);
#3913=ORIENTED_EDGE('',*,*,#2730,.T.);
#3914=ORIENTED_EDGE('',*,*,#2731,.T.);
#3915=ORIENTED_EDGE('',*,*,#2732,.T.);
#3916=ORIENTED_EDGE('',*,*,#2730,.F.);
#3917=ORIENTED_EDGE('',*,*,#2733,.F.);
#3918=ORIENTED_EDGE('',*,*,#2734,.T.);
#3919=ORIENTED_EDGE('',*,*,#2729,.F.);
#3920=ORIENTED_EDGE('',*,*,#2735,.T.);
#3921=ORIENTED_EDGE('',*,*,#2736,.T.);
#3922=ORIENTED_EDGE('',*,*,#2737,.F.);
#3923=ORIENTED_EDGE('',*,*,#2733,.T.);
#3924=ORIENTED_EDGE('',*,*,#2728,.F.);
#3925=ORIENTED_EDGE('',*,*,#2738,.T.);
#3926=ORIENTED_EDGE('',*,*,#2739,.T.);
#3927=ORIENTED_EDGE('',*,*,#2740,.T.);
#3928=ORIENTED_EDGE('',*,*,#2735,.F.);
#3929=ORIENTED_EDGE('',*,*,#2727,.F.);
#3930=ORIENTED_EDGE('',*,*,#2741,.F.);
#3931=ORIENTED_EDGE('',*,*,#2738,.F.);
#3932=ORIENTED_EDGE('',*,*,#2731,.F.);
#3933=ORIENTED_EDGE('',*,*,#2734,.F.);
#3934=ORIENTED_EDGE('',*,*,#2742,.T.);
#3935=ORIENTED_EDGE('',*,*,#2743,.T.);
#3936=ORIENTED_EDGE('',*,*,#2744,.T.);
#3937=ORIENTED_EDGE('',*,*,#2745,.T.);
#3938=ORIENTED_EDGE('',*,*,#2746,.T.);
#3939=ORIENTED_EDGE('',*,*,#2744,.F.);
#3940=ORIENTED_EDGE('',*,*,#2747,.F.);
#3941=ORIENTED_EDGE('',*,*,#2748,.T.);
#3942=ORIENTED_EDGE('',*,*,#2743,.F.);
#3943=ORIENTED_EDGE('',*,*,#2749,.T.);
#3944=ORIENTED_EDGE('',*,*,#2750,.T.);
#3945=ORIENTED_EDGE('',*,*,#2751,.F.);
#3946=ORIENTED_EDGE('',*,*,#2747,.T.);
#3947=ORIENTED_EDGE('',*,*,#2742,.F.);
#3948=ORIENTED_EDGE('',*,*,#2737,.T.);
#3949=ORIENTED_EDGE('',*,*,#2752,.T.);
#3950=ORIENTED_EDGE('',*,*,#2749,.F.);
#3951=ORIENTED_EDGE('',*,*,#2726,.F.);
#3952=ORIENTED_EDGE('',*,*,#2753,.T.);
#3953=ORIENTED_EDGE('',*,*,#2745,.F.);
#3954=ORIENTED_EDGE('',*,*,#2748,.F.);
#3955=ORIENTED_EDGE('',*,*,#2754,.F.);
#3956=ORIENTED_EDGE('',*,*,#2741,.T.);
#3957=ORIENTED_EDGE('',*,*,#2732,.F.);
#3958=ORIENTED_EDGE('',*,*,#2746,.F.);
#3959=ORIENTED_EDGE('',*,*,#2753,.F.);
#3960=ORIENTED_EDGE('',*,*,#2755,.T.);
#3961=ORIENTED_EDGE('',*,*,#2739,.F.);
#3962=ORIENTED_EDGE('',*,*,#2754,.T.);
#3963=ORIENTED_EDGE('',*,*,#2751,.T.);
#3964=ORIENTED_EDGE('',*,*,#2750,.F.);
#3965=ORIENTED_EDGE('',*,*,#2752,.F.);
#3966=ORIENTED_EDGE('',*,*,#2736,.F.);
#3967=ORIENTED_EDGE('',*,*,#2740,.F.);
#3968=ORIENTED_EDGE('',*,*,#2755,.F.);
#3969=ORIENTED_EDGE('',*,*,#2756,.F.);
#3970=ORIENTED_EDGE('',*,*,#2757,.F.);
#3971=ORIENTED_EDGE('',*,*,#2758,.F.);
#3972=ORIENTED_EDGE('',*,*,#2759,.F.);
#3973=ORIENTED_EDGE('',*,*,#2760,.F.);
#3974=ORIENTED_EDGE('',*,*,#2760,.T.);
#3975=ORIENTED_EDGE('',*,*,#2761,.F.);
#3976=ORIENTED_EDGE('',*,*,#2762,.T.);
#3977=ORIENTED_EDGE('',*,*,#2763,.T.);
#3978=ORIENTED_EDGE('',*,*,#2764,.F.);
#3979=ORIENTED_EDGE('',*,*,#2765,.F.);
#3980=ORIENTED_EDGE('',*,*,#2766,.F.);
#3981=ORIENTED_EDGE('',*,*,#2767,.F.);
#3982=ORIENTED_EDGE('',*,*,#2766,.T.);
#3983=ORIENTED_EDGE('',*,*,#2768,.F.);
#3984=ORIENTED_EDGE('',*,*,#2769,.F.);
#3985=ORIENTED_EDGE('',*,*,#2762,.F.);
#3986=ORIENTED_EDGE('',*,*,#2770,.T.);
#3987=ORIENTED_EDGE('',*,*,#2771,.F.);
#3988=ORIENTED_EDGE('',*,*,#2772,.T.);
#3989=ORIENTED_EDGE('',*,*,#2757,.T.);
#3990=ORIENTED_EDGE('',*,*,#2773,.F.);
#3991=ORIENTED_EDGE('',*,*,#2774,.F.);
#3992=ORIENTED_EDGE('',*,*,#2773,.T.);
#3993=ORIENTED_EDGE('',*,*,#2756,.T.);
#3994=ORIENTED_EDGE('',*,*,#2763,.F.);
#3995=ORIENTED_EDGE('',*,*,#2775,.T.);
#3996=ORIENTED_EDGE('',*,*,#2776,.F.);
#3997=ORIENTED_EDGE('',*,*,#2775,.F.);
#3998=ORIENTED_EDGE('',*,*,#2769,.T.);
#3999=ORIENTED_EDGE('',*,*,#2777,.F.);
#4000=ORIENTED_EDGE('',*,*,#2778,.F.);
#4001=ORIENTED_EDGE('',*,*,#2771,.T.);
#4002=ORIENTED_EDGE('',*,*,#2774,.T.);
#4003=ORIENTED_EDGE('',*,*,#2776,.T.);
#4004=ORIENTED_EDGE('',*,*,#2768,.T.);
#4005=ORIENTED_EDGE('',*,*,#2765,.T.);
#4006=ORIENTED_EDGE('',*,*,#2779,.F.);
#4007=ORIENTED_EDGE('',*,*,#2770,.F.);
#4008=ORIENTED_EDGE('',*,*,#2780,.F.);
#4009=ORIENTED_EDGE('',*,*,#2781,.F.);
#4010=ORIENTED_EDGE('',*,*,#2780,.T.);
#4011=ORIENTED_EDGE('',*,*,#2761,.T.);
#4012=ORIENTED_EDGE('',*,*,#2759,.T.);
#4013=ORIENTED_EDGE('',*,*,#2782,.F.);
#4014=ORIENTED_EDGE('',*,*,#2783,.F.);
#4015=ORIENTED_EDGE('',*,*,#2782,.T.);
#4016=ORIENTED_EDGE('',*,*,#2758,.T.);
#4017=ORIENTED_EDGE('',*,*,#2772,.F.);
#4018=ORIENTED_EDGE('',*,*,#2784,.T.);
#4019=ORIENTED_EDGE('',*,*,#2785,.F.);
#4020=ORIENTED_EDGE('',*,*,#2784,.F.);
#4021=ORIENTED_EDGE('',*,*,#2778,.T.);
#4022=ORIENTED_EDGE('',*,*,#2767,.T.);
#4023=ORIENTED_EDGE('',*,*,#2779,.T.);
#4024=ORIENTED_EDGE('',*,*,#2781,.T.);
#4025=ORIENTED_EDGE('',*,*,#2783,.T.);
#4026=ORIENTED_EDGE('',*,*,#2785,.T.);
#4027=ORIENTED_EDGE('',*,*,#2777,.T.);
#4028=ORIENTED_EDGE('',*,*,#2764,.T.);
#4029=ORIENTED_EDGE('',*,*,#2786,.T.);
#4030=ORIENTED_EDGE('',*,*,#2787,.T.);
#4031=ORIENTED_EDGE('',*,*,#2788,.T.);
#4032=ORIENTED_EDGE('',*,*,#2789,.T.);
#4033=ORIENTED_EDGE('',*,*,#2790,.T.);
#4034=ORIENTED_EDGE('',*,*,#2791,.T.);
#4035=ORIENTED_EDGE('',*,*,#2792,.T.);
#4036=ORIENTED_EDGE('',*,*,#2790,.F.);
#4037=ORIENTED_EDGE('',*,*,#2793,.F.);
#4038=ORIENTED_EDGE('',*,*,#2794,.T.);
#4039=ORIENTED_EDGE('',*,*,#2789,.F.);
#4040=ORIENTED_EDGE('',*,*,#2795,.T.);
#4041=ORIENTED_EDGE('',*,*,#2796,.T.);
#4042=ORIENTED_EDGE('',*,*,#2797,.F.);
#4043=ORIENTED_EDGE('',*,*,#2793,.T.);
#4044=ORIENTED_EDGE('',*,*,#2788,.F.);
#4045=ORIENTED_EDGE('',*,*,#2798,.T.);
#4046=ORIENTED_EDGE('',*,*,#2799,.T.);
#4047=ORIENTED_EDGE('',*,*,#2800,.T.);
#4048=ORIENTED_EDGE('',*,*,#2795,.F.);
#4049=ORIENTED_EDGE('',*,*,#2787,.F.);
#4050=ORIENTED_EDGE('',*,*,#2801,.F.);
#4051=ORIENTED_EDGE('',*,*,#2798,.F.);
#4052=ORIENTED_EDGE('',*,*,#2791,.F.);
#4053=ORIENTED_EDGE('',*,*,#2794,.F.);
#4054=ORIENTED_EDGE('',*,*,#2802,.T.);
#4055=ORIENTED_EDGE('',*,*,#2803,.T.);
#4056=ORIENTED_EDGE('',*,*,#2804,.T.);
#4057=ORIENTED_EDGE('',*,*,#2805,.T.);
#4058=ORIENTED_EDGE('',*,*,#2806,.T.);
#4059=ORIENTED_EDGE('',*,*,#2804,.F.);
#4060=ORIENTED_EDGE('',*,*,#2807,.F.);
#4061=ORIENTED_EDGE('',*,*,#2808,.T.);
#4062=ORIENTED_EDGE('',*,*,#2803,.F.);
#4063=ORIENTED_EDGE('',*,*,#2809,.T.);
#4064=ORIENTED_EDGE('',*,*,#2810,.T.);
#4065=ORIENTED_EDGE('',*,*,#2811,.F.);
#4066=ORIENTED_EDGE('',*,*,#2807,.T.);
#4067=ORIENTED_EDGE('',*,*,#2802,.F.);
#4068=ORIENTED_EDGE('',*,*,#2797,.T.);
#4069=ORIENTED_EDGE('',*,*,#2812,.T.);
#4070=ORIENTED_EDGE('',*,*,#2809,.F.);
#4071=ORIENTED_EDGE('',*,*,#2786,.F.);
#4072=ORIENTED_EDGE('',*,*,#2813,.T.);
#4073=ORIENTED_EDGE('',*,*,#2805,.F.);
#4074=ORIENTED_EDGE('',*,*,#2808,.F.);
#4075=ORIENTED_EDGE('',*,*,#2814,.F.);
#4076=ORIENTED_EDGE('',*,*,#2801,.T.);
#4077=ORIENTED_EDGE('',*,*,#2792,.F.);
#4078=ORIENTED_EDGE('',*,*,#2806,.F.);
#4079=ORIENTED_EDGE('',*,*,#2813,.F.);
#4080=ORIENTED_EDGE('',*,*,#2815,.T.);
#4081=ORIENTED_EDGE('',*,*,#2799,.F.);
#4082=ORIENTED_EDGE('',*,*,#2814,.T.);
#4083=ORIENTED_EDGE('',*,*,#2811,.T.);
#4084=ORIENTED_EDGE('',*,*,#2810,.F.);
#4085=ORIENTED_EDGE('',*,*,#2812,.F.);
#4086=ORIENTED_EDGE('',*,*,#2796,.F.);
#4087=ORIENTED_EDGE('',*,*,#2800,.F.);
#4088=ORIENTED_EDGE('',*,*,#2815,.F.);
#4089=ORIENTED_EDGE('',*,*,#2816,.F.);
#4090=ORIENTED_EDGE('',*,*,#2817,.T.);
#4091=ORIENTED_EDGE('',*,*,#2818,.T.);
#4092=ORIENTED_EDGE('',*,*,#2819,.T.);
#4093=ORIENTED_EDGE('',*,*,#2820,.T.);
#4094=ORIENTED_EDGE('',*,*,#2821,.T.);
#4095=ORIENTED_EDGE('',*,*,#2822,.T.);
#4096=ORIENTED_EDGE('',*,*,#2823,.T.);
#4097=ORIENTED_EDGE('',*,*,#2824,.T.);
#4098=ORIENTED_EDGE('',*,*,#2825,.T.);
#4099=ORIENTED_EDGE('',*,*,#2826,.T.);
#4100=ORIENTED_EDGE('',*,*,#2827,.T.);
#4101=ORIENTED_EDGE('',*,*,#2828,.T.);
#4102=ORIENTED_EDGE('',*,*,#2829,.T.);
#4103=ORIENTED_EDGE('',*,*,#2830,.T.);
#4104=ORIENTED_EDGE('',*,*,#2831,.T.);
#4105=ORIENTED_EDGE('',*,*,#2832,.T.);
#4106=ORIENTED_EDGE('',*,*,#2833,.T.);
#4107=ORIENTED_EDGE('',*,*,#2834,.T.);
#4108=ORIENTED_EDGE('',*,*,#2835,.T.);
#4109=ORIENTED_EDGE('',*,*,#2836,.T.);
#4110=ORIENTED_EDGE('',*,*,#2837,.T.);
#4111=ORIENTED_EDGE('',*,*,#2816,.T.);
#4112=ORIENTED_EDGE('',*,*,#2837,.F.);
#4113=ORIENTED_EDGE('',*,*,#2838,.T.);
#4114=ORIENTED_EDGE('',*,*,#2839,.T.);
#4115=ORIENTED_EDGE('',*,*,#2840,.T.);
#4116=ORIENTED_EDGE('',*,*,#2839,.F.);
#4117=ORIENTED_EDGE('',*,*,#2840,.F.);
#4118=ORIENTED_EDGE('',*,*,#2838,.F.);
#4119=ORIENTED_EDGE('',*,*,#2817,.F.);
#4120=ORIENTED_EDGE('',*,*,#2836,.F.);
#4121=ORIENTED_EDGE('',*,*,#2835,.F.);
#4122=ORIENTED_EDGE('',*,*,#2834,.F.);
#4123=ORIENTED_EDGE('',*,*,#2833,.F.);
#4124=ORIENTED_EDGE('',*,*,#2832,.F.);
#4125=ORIENTED_EDGE('',*,*,#2831,.F.);
#4126=ORIENTED_EDGE('',*,*,#2830,.F.);
#4127=ORIENTED_EDGE('',*,*,#2829,.F.);
#4128=ORIENTED_EDGE('',*,*,#2828,.F.);
#4129=ORIENTED_EDGE('',*,*,#2827,.F.);
#4130=ORIENTED_EDGE('',*,*,#2826,.F.);
#4131=ORIENTED_EDGE('',*,*,#2825,.F.);
#4132=ORIENTED_EDGE('',*,*,#2824,.F.);
#4133=ORIENTED_EDGE('',*,*,#2823,.F.);
#4134=ORIENTED_EDGE('',*,*,#2822,.F.);
#4135=ORIENTED_EDGE('',*,*,#2821,.F.);
#4136=ORIENTED_EDGE('',*,*,#2820,.F.);
#4137=ORIENTED_EDGE('',*,*,#2819,.F.);
#4138=ORIENTED_EDGE('',*,*,#2818,.F.);
#4139=TOROIDAL_SURFACE('',#4451,29.,1.);
#4140=ADVANCED_FACE('',(#1160),#4139,.T.);
#4141=ADVANCED_FACE('',(#1161,#986),#990,.T.);
#4142=ADVANCED_FACE('',(#1162,#987),#982,.T.);
#4143=ADVANCED_FACE('',(#1163),#991,.F.);
#4144=ADVANCED_FACE('',(#1164),#992,.F.);
#4145=ADVANCED_FACE('',(#1165),#993,.F.);
#4146=ADVANCED_FACE('',(#1166),#994,.F.);
#4147=ADVANCED_FACE('',(#1167),#995,.T.);
#4148=ADVANCED_FACE('',(#1168),#517,.T.);
#4149=ADVANCED_FACE('',(#1169),#983,.F.);
#4150=ADVANCED_FACE('',(#1170,#988),#996,.T.);
#4151=ADVANCED_FACE('',(#1171),#393,.F.);
#4152=ADVANCED_FACE('',(#1172),#394,.T.);
#4153=ADVANCED_FACE('',(#1173),#395,.T.);
#4154=ADVANCED_FACE('',(#1174),#997,.T.);
#4155=ADVANCED_FACE('',(#1175),#998,.T.);
#4156=ADVANCED_FACE('',(#1176),#396,.F.);
#4157=ADVANCED_FACE('',(#1177),#999,.T.);
#4158=ADVANCED_FACE('',(#1178),#1000,.T.);
#4159=ADVANCED_FACE('',(#1179),#13,.T.);
#4160=ADVANCED_FACE('',(#1180),#1001,.T.);
#4161=ADVANCED_FACE('',(#1181),#1002,.F.);
#4162=ADVANCED_FACE('',(#1182),#1003,.T.);
#4163=ADVANCED_FACE('',(#1183),#1004,.T.);
#4164=ADVANCED_FACE('',(#1184),#397,.F.);
#4165=ADVANCED_FACE('',(#1185),#398,.T.);
#4166=ADVANCED_FACE('',(#1186),#399,.T.);
#4167=ADVANCED_FACE('',(#1187),#1005,.T.);
#4168=ADVANCED_FACE('',(#1188),#1006,.T.);
#4169=ADVANCED_FACE('',(#1189),#400,.F.);
#4170=ADVANCED_FACE('',(#1190),#1007,.T.);
#4171=ADVANCED_FACE('',(#1191),#1008,.T.);
#4172=ADVANCED_FACE('',(#1192),#14,.T.);
#4173=ADVANCED_FACE('',(#1193),#1009,.T.);
#4174=ADVANCED_FACE('',(#1194),#1010,.F.);
#4175=ADVANCED_FACE('',(#1195),#1011,.T.);
#4176=ADVANCED_FACE('',(#1196),#1012,.T.);
#4177=ADVANCED_FACE('',(#1197),#1013,.T.);
#4178=ADVANCED_FACE('',(#1198),#1014,.T.);
#4179=ADVANCED_FACE('',(#1199),#1015,.F.);
#4180=ADVANCED_FACE('',(#1200),#1016,.T.);
#4181=ADVANCED_FACE('',(#1201),#15,.T.);
#4182=ADVANCED_FACE('',(#1202),#1017,.T.);
#4183=ADVANCED_FACE('',(#1203),#1018,.T.);
#4184=ADVANCED_FACE('',(#1204),#401,.F.);
#4185=ADVANCED_FACE('',(#1205),#1019,.T.);
#4186=ADVANCED_FACE('',(#1206),#1020,.T.);
#4187=ADVANCED_FACE('',(#1207),#402,.T.);
#4188=ADVANCED_FACE('',(#1208),#403,.T.);
#4189=ADVANCED_FACE('',(#1209),#404,.F.);
#4190=ADVANCED_FACE('',(#1210),#405,.F.);
#4191=ADVANCED_FACE('',(#1211),#406,.T.);
#4192=ADVANCED_FACE('',(#1212),#407,.T.);
#4193=ADVANCED_FACE('',(#1213),#1021,.T.);
#4194=ADVANCED_FACE('',(#1214),#1022,.T.);
#4195=ADVANCED_FACE('',(#1215),#408,.F.);
#4196=ADVANCED_FACE('',(#1216),#1023,.T.);
#4197=ADVANCED_FACE('',(#1217),#1024,.T.);
#4198=ADVANCED_FACE('',(#1218),#16,.T.);
#4199=ADVANCED_FACE('',(#1219),#1025,.T.);
#4200=ADVANCED_FACE('',(#1220),#1026,.F.);
#4201=ADVANCED_FACE('',(#1221),#1027,.T.);
#4202=ADVANCED_FACE('',(#1222),#1028,.T.);
#4203=ADVANCED_FACE('',(#1223),#1029,.T.);
#4204=ADVANCED_FACE('',(#1224),#1030,.T.);
#4205=ADVANCED_FACE('',(#1225),#1031,.F.);
#4206=ADVANCED_FACE('',(#1226),#1032,.T.);
#4207=ADVANCED_FACE('',(#1227),#17,.T.);
#4208=ADVANCED_FACE('',(#1228),#1033,.T.);
#4209=ADVANCED_FACE('',(#1229),#1034,.T.);
#4210=ADVANCED_FACE('',(#1230),#409,.F.);
#4211=ADVANCED_FACE('',(#1231),#1035,.T.);
#4212=ADVANCED_FACE('',(#1232),#1036,.T.);
#4213=ADVANCED_FACE('',(#1233),#410,.T.);
#4214=ADVANCED_FACE('',(#1234),#411,.T.);
#4215=ADVANCED_FACE('',(#1235),#412,.F.);
#4216=ADVANCED_FACE('',(#1236),#413,.F.);
#4217=ADVANCED_FACE('',(#1237),#414,.T.);
#4218=ADVANCED_FACE('',(#1238),#415,.T.);
#4219=ADVANCED_FACE('',(#1239),#1037,.T.);
#4220=ADVANCED_FACE('',(#1240),#1038,.T.);
#4221=ADVANCED_FACE('',(#1241),#416,.F.);
#4222=ADVANCED_FACE('',(#1242),#1039,.T.);
#4223=ADVANCED_FACE('',(#1243),#1040,.T.);
#4224=ADVANCED_FACE('',(#1244),#18,.T.);
#4225=ADVANCED_FACE('',(#1245),#1041,.T.);
#4226=ADVANCED_FACE('',(#1246),#1042,.F.);
#4227=ADVANCED_FACE('',(#1247),#1043,.T.);
#4228=ADVANCED_FACE('',(#1248),#1044,.T.);
#4229=ADVANCED_FACE('',(#1249),#1045,.T.);
#4230=ADVANCED_FACE('',(#1250),#1046,.T.);
#4231=ADVANCED_FACE('',(#1251),#1047,.F.);
#4232=ADVANCED_FACE('',(#1252),#1048,.T.);
#4233=ADVANCED_FACE('',(#1253),#19,.T.);
#4234=ADVANCED_FACE('',(#1254),#1049,.T.);
#4235=ADVANCED_FACE('',(#1255),#1050,.T.);
#4236=ADVANCED_FACE('',(#1256),#417,.F.);
#4237=ADVANCED_FACE('',(#1257),#1051,.T.);
#4238=ADVANCED_FACE('',(#1258),#1052,.T.);
#4239=ADVANCED_FACE('',(#1259),#418,.T.);
#4240=ADVANCED_FACE('',(#1260),#419,.T.);
#4241=ADVANCED_FACE('',(#1261),#420,.F.);
#4242=ADVANCED_FACE('',(#1262),#421,.F.);
#4243=ADVANCED_FACE('',(#1263),#422,.T.);
#4244=ADVANCED_FACE('',(#1264),#423,.T.);
#4245=ADVANCED_FACE('',(#1265),#1053,.T.);
#4246=ADVANCED_FACE('',(#1266),#1054,.T.);
#4247=ADVANCED_FACE('',(#1267),#424,.F.);
#4248=ADVANCED_FACE('',(#1268),#1055,.T.);
#4249=ADVANCED_FACE('',(#1269),#1056,.T.);
#4250=ADVANCED_FACE('',(#1270),#20,.T.);
#4251=ADVANCED_FACE('',(#1271),#1057,.T.);
#4252=ADVANCED_FACE('',(#1272),#1058,.F.);
#4253=ADVANCED_FACE('',(#1273),#1059,.T.);
#4254=ADVANCED_FACE('',(#1274),#1060,.T.);
#4255=ADVANCED_FACE('',(#1275),#1061,.T.);
#4256=ADVANCED_FACE('',(#1276),#1062,.T.);
#4257=ADVANCED_FACE('',(#1277),#1063,.F.);
#4258=ADVANCED_FACE('',(#1278),#1064,.T.);
#4259=ADVANCED_FACE('',(#1279),#21,.T.);
#4260=ADVANCED_FACE('',(#1280),#1065,.T.);
#4261=ADVANCED_FACE('',(#1281),#1066,.T.);
#4262=ADVANCED_FACE('',(#1282),#425,.F.);
#4263=ADVANCED_FACE('',(#1283),#1067,.T.);
#4264=ADVANCED_FACE('',(#1284),#1068,.T.);
#4265=ADVANCED_FACE('',(#1285),#426,.T.);
#4266=ADVANCED_FACE('',(#1286),#427,.T.);
#4267=ADVANCED_FACE('',(#1287),#428,.F.);
#4268=ADVANCED_FACE('',(#1288),#429,.F.);
#4269=ADVANCED_FACE('',(#1289),#430,.T.);
#4270=ADVANCED_FACE('',(#1290),#431,.T.);
#4271=ADVANCED_FACE('',(#1291),#1069,.T.);
#4272=ADVANCED_FACE('',(#1292),#1070,.T.);
#4273=ADVANCED_FACE('',(#1293),#432,.F.);
#4274=ADVANCED_FACE('',(#1294),#1071,.T.);
#4275=ADVANCED_FACE('',(#1295),#1072,.T.);
#4276=ADVANCED_FACE('',(#1296),#22,.T.);
#4277=ADVANCED_FACE('',(#1297),#1073,.T.);
#4278=ADVANCED_FACE('',(#1298),#1074,.F.);
#4279=ADVANCED_FACE('',(#1299),#1075,.T.);
#4280=ADVANCED_FACE('',(#1300),#1076,.T.);
#4281=ADVANCED_FACE('',(#1301),#1077,.T.);
#4282=ADVANCED_FACE('',(#1302),#1078,.T.);
#4283=ADVANCED_FACE('',(#1303),#1079,.F.);
#4284=ADVANCED_FACE('',(#1304),#1080,.T.);
#4285=ADVANCED_FACE('',(#1305),#23,.T.);
#4286=ADVANCED_FACE('',(#1306),#1081,.T.);
#4287=ADVANCED_FACE('',(#1307),#1082,.T.);
#4288=ADVANCED_FACE('',(#1308),#433,.F.);
#4289=ADVANCED_FACE('',(#1309),#1083,.T.);
#4290=ADVANCED_FACE('',(#1310),#1084,.T.);
#4291=ADVANCED_FACE('',(#1311),#434,.T.);
#4292=ADVANCED_FACE('',(#1312),#435,.T.);
#4293=ADVANCED_FACE('',(#1313),#436,.F.);
#4294=ADVANCED_FACE('',(#1314),#437,.F.);
#4295=ADVANCED_FACE('',(#1315),#438,.T.);
#4296=ADVANCED_FACE('',(#1316),#439,.T.);
#4297=ADVANCED_FACE('',(#1317),#1085,.T.);
#4298=ADVANCED_FACE('',(#1318),#1086,.T.);
#4299=ADVANCED_FACE('',(#1319),#440,.F.);
#4300=ADVANCED_FACE('',(#1320),#1087,.T.);
#4301=ADVANCED_FACE('',(#1321),#1088,.T.);
#4302=ADVANCED_FACE('',(#1322),#24,.T.);
#4303=ADVANCED_FACE('',(#1323),#1089,.T.);
#4304=ADVANCED_FACE('',(#1324),#1090,.F.);
#4305=ADVANCED_FACE('',(#1325),#1091,.T.);
#4306=ADVANCED_FACE('',(#1326),#1092,.T.);
#4307=ADVANCED_FACE('',(#1327),#1093,.T.);
#4308=ADVANCED_FACE('',(#1328),#1094,.T.);
#4309=ADVANCED_FACE('',(#1329),#1095,.F.);
#4310=ADVANCED_FACE('',(#1330),#1096,.T.);
#4311=ADVANCED_FACE('',(#1331),#25,.T.);
#4312=ADVANCED_FACE('',(#1332),#1097,.T.);
#4313=ADVANCED_FACE('',(#1333),#1098,.T.);
#4314=ADVANCED_FACE('',(#1334),#441,.F.);
#4315=ADVANCED_FACE('',(#1335),#1099,.T.);
#4316=ADVANCED_FACE('',(#1336),#1100,.T.);
#4317=ADVANCED_FACE('',(#1337),#442,.T.);
#4318=ADVANCED_FACE('',(#1338),#443,.T.);
#4319=ADVANCED_FACE('',(#1339),#444,.F.);
#4320=ADVANCED_FACE('',(#1340),#445,.F.);
#4321=ADVANCED_FACE('',(#1341),#446,.T.);
#4322=ADVANCED_FACE('',(#1342),#447,.T.);
#4323=ADVANCED_FACE('',(#1343),#1101,.T.);
#4324=ADVANCED_FACE('',(#1344),#1102,.T.);
#4325=ADVANCED_FACE('',(#1345),#448,.F.);
#4326=ADVANCED_FACE('',(#1346),#1103,.T.);
#4327=ADVANCED_FACE('',(#1347),#1104,.T.);
#4328=ADVANCED_FACE('',(#1348),#26,.T.);
#4329=ADVANCED_FACE('',(#1349),#1105,.T.);
#4330=ADVANCED_FACE('',(#1350),#1106,.F.);
#4331=ADVANCED_FACE('',(#1351),#1107,.T.);
#4332=ADVANCED_FACE('',(#1352),#1108,.T.);
#4333=ADVANCED_FACE('',(#1353),#1109,.T.);
#4334=ADVANCED_FACE('',(#1354),#1110,.T.);
#4335=ADVANCED_FACE('',(#1355),#1111,.F.);
#4336=ADVANCED_FACE('',(#1356),#1112,.T.);
#4337=ADVANCED_FACE('',(#1357),#27,.T.);
#4338=ADVANCED_FACE('',(#1358),#1113,.T.);
#4339=ADVANCED_FACE('',(#1359),#1114,.T.);
#4340=ADVANCED_FACE('',(#1360),#449,.F.);
#4341=ADVANCED_FACE('',(#1361),#1115,.T.);
#4342=ADVANCED_FACE('',(#1362),#1116,.T.);
#4343=ADVANCED_FACE('',(#1363),#450,.T.);
#4344=ADVANCED_FACE('',(#1364),#451,.T.);
#4345=ADVANCED_FACE('',(#1365),#452,.F.);
#4346=ADVANCED_FACE('',(#1366),#453,.F.);
#4347=ADVANCED_FACE('',(#1367),#454,.T.);
#4348=ADVANCED_FACE('',(#1368),#455,.T.);
#4349=ADVANCED_FACE('',(#1369),#1117,.T.);
#4350=ADVANCED_FACE('',(#1370),#1118,.T.);
#4351=ADVANCED_FACE('',(#1371),#456,.F.);
#4352=ADVANCED_FACE('',(#1372),#1119,.T.);
#4353=ADVANCED_FACE('',(#1373),#1120,.T.);
#4354=ADVANCED_FACE('',(#1374),#28,.T.);
#4355=ADVANCED_FACE('',(#1375),#1121,.T.);
#4356=ADVANCED_FACE('',(#1376),#1122,.F.);
#4357=ADVANCED_FACE('',(#1377),#1123,.T.);
#4358=ADVANCED_FACE('',(#1378),#1124,.T.);
#4359=ADVANCED_FACE('',(#1379),#1125,.T.);
#4360=ADVANCED_FACE('',(#1380),#1126,.T.);
#4361=ADVANCED_FACE('',(#1381),#1127,.F.);
#4362=ADVANCED_FACE('',(#1382),#1128,.T.);
#4363=ADVANCED_FACE('',(#1383),#29,.T.);
#4364=ADVANCED_FACE('',(#1384),#1129,.T.);
#4365=ADVANCED_FACE('',(#1385),#1130,.T.);
#4366=ADVANCED_FACE('',(#1386),#457,.F.);
#4367=ADVANCED_FACE('',(#1387),#1131,.T.);
#4368=ADVANCED_FACE('',(#1388),#1132,.T.);
#4369=ADVANCED_FACE('',(#1389),#458,.T.);
#4370=ADVANCED_FACE('',(#1390),#459,.T.);
#4371=ADVANCED_FACE('',(#1391),#460,.F.);
#4372=ADVANCED_FACE('',(#1392),#461,.F.);
#4373=ADVANCED_FACE('',(#1393),#462,.T.);
#4374=ADVANCED_FACE('',(#1394),#463,.T.);
#4375=ADVANCED_FACE('',(#1395),#1133,.T.);
#4376=ADVANCED_FACE('',(#1396),#1134,.T.);
#4377=ADVANCED_FACE('',(#1397),#464,.F.);
#4378=ADVANCED_FACE('',(#1398),#1135,.T.);
#4379=ADVANCED_FACE('',(#1399),#1136,.T.);
#4380=ADVANCED_FACE('',(#1400),#30,.T.);
#4381=ADVANCED_FACE('',(#1401),#1137,.T.);
#4382=ADVANCED_FACE('',(#1402),#1138,.F.);
#4383=ADVANCED_FACE('',(#1403),#1139,.T.);
#4384=ADVANCED_FACE('',(#1404),#1140,.T.);
#4385=ADVANCED_FACE('',(#1405),#1141,.T.);
#4386=ADVANCED_FACE('',(#1406),#1142,.T.);
#4387=ADVANCED_FACE('',(#1407),#1143,.F.);
#4388=ADVANCED_FACE('',(#1408),#1144,.T.);
#4389=ADVANCED_FACE('',(#1409),#31,.T.);
#4390=ADVANCED_FACE('',(#1410),#1145,.T.);
#4391=ADVANCED_FACE('',(#1411),#1146,.T.);
#4392=ADVANCED_FACE('',(#1412),#465,.F.);
#4393=ADVANCED_FACE('',(#1413),#1147,.T.);
#4394=ADVANCED_FACE('',(#1414),#1148,.T.);
#4395=ADVANCED_FACE('',(#1415),#466,.T.);
#4396=ADVANCED_FACE('',(#1416),#467,.T.);
#4397=ADVANCED_FACE('',(#1417),#468,.F.);
#4398=ADVANCED_FACE('',(#1418),#469,.F.);
#4399=ADVANCED_FACE('',(#1419),#470,.T.);
#4400=ADVANCED_FACE('',(#1420),#471,.T.);
#4401=ADVANCED_FACE('',(#1421),#1149,.T.);
#4402=ADVANCED_FACE('',(#1422),#1150,.T.);
#4403=ADVANCED_FACE('',(#1423),#472,.F.);
#4404=ADVANCED_FACE('',(#1424),#1151,.T.);
#4405=ADVANCED_FACE('',(#1425),#1152,.T.);
#4406=ADVANCED_FACE('',(#1426),#32,.T.);
#4407=ADVANCED_FACE('',(#1427),#1153,.T.);
#4408=ADVANCED_FACE('',(#1428),#1154,.F.);
#4409=ADVANCED_FACE('',(#1429),#1155,.T.);
#4410=ADVANCED_FACE('',(#1430),#1156,.T.);
#4411=ADVANCED_FACE('',(#1431),#1157,.T.);
#4412=ADVANCED_FACE('',(#1432),#984,.F.);
#4413=ADVANCED_FACE('',(#1433),#985,.T.);
#4414=ADVANCED_FACE('',(#1434),#1158,.F.);
#4415=ADVANCED_FACE('',(#1435,#989),#1159,.F.);
#4416=CLOSED_SHELL('',(#4140,#4141,#4142,#4143,#4144,#4145,#4146,#4147,
#4148,#4149,#4150));
#4417=CLOSED_SHELL('',(#4151,#4152,#4153,#4154,#4155,#4156,#4157,#4158,
#4159,#4160,#4161,#4162,#4163));
#4418=CLOSED_SHELL('',(#4164,#4165,#4166,#4167,#4168,#4169,#4170,#4171,
#4172,#4173,#4174,#4175,#4176));
#4419=CLOSED_SHELL('',(#4177,#4178,#4179,#4180,#4181,#4182,#4183,#4184,
#4185,#4186,#4187,#4188,#4189));
#4420=CLOSED_SHELL('',(#4190,#4191,#4192,#4193,#4194,#4195,#4196,#4197,
#4198,#4199,#4200,#4201,#4202));
#4421=CLOSED_SHELL('',(#4203,#4204,#4205,#4206,#4207,#4208,#4209,#4210,
#4211,#4212,#4213,#4214,#4215));
#4422=CLOSED_SHELL('',(#4216,#4217,#4218,#4219,#4220,#4221,#4222,#4223,
#4224,#4225,#4226,#4227,#4228));
#4423=CLOSED_SHELL('',(#4229,#4230,#4231,#4232,#4233,#4234,#4235,#4236,
#4237,#4238,#4239,#4240,#4241));
#4424=CLOSED_SHELL('',(#4242,#4243,#4244,#4245,#4246,#4247,#4248,#4249,
#4250,#4251,#4252,#4253,#4254));
#4425=CLOSED_SHELL('',(#4255,#4256,#4257,#4258,#4259,#4260,#4261,#4262,
#4263,#4264,#4265,#4266,#4267));
#4426=CLOSED_SHELL('',(#4268,#4269,#4270,#4271,#4272,#4273,#4274,#4275,
#4276,#4277,#4278,#4279,#4280));
#4427=CLOSED_SHELL('',(#4281,#4282,#4283,#4284,#4285,#4286,#4287,#4288,
#4289,#4290,#4291,#4292,#4293));
#4428=CLOSED_SHELL('',(#4294,#4295,#4296,#4297,#4298,#4299,#4300,#4301,
#4302,#4303,#4304,#4305,#4306));
#4429=CLOSED_SHELL('',(#4307,#4308,#4309,#4310,#4311,#4312,#4313,#4314,
#4315,#4316,#4317,#4318,#4319));
#4430=CLOSED_SHELL('',(#4320,#4321,#4322,#4323,#4324,#4325,#4326,#4327,
#4328,#4329,#4330,#4331,#4332));
#4431=CLOSED_SHELL('',(#4333,#4334,#4335,#4336,#4337,#4338,#4339,#4340,
#4341,#4342,#4343,#4344,#4345));
#4432=CLOSED_SHELL('',(#4346,#4347,#4348,#4349,#4350,#4351,#4352,#4353,
#4354,#4355,#4356,#4357,#4358));
#4433=CLOSED_SHELL('',(#4359,#4360,#4361,#4362,#4363,#4364,#4365,#4366,
#4367,#4368,#4369,#4370,#4371));
#4434=CLOSED_SHELL('',(#4372,#4373,#4374,#4375,#4376,#4377,#4378,#4379,
#4380,#4381,#4382,#4383,#4384));
#4435=CLOSED_SHELL('',(#4385,#4386,#4387,#4388,#4389,#4390,#4391,#4392,
#4393,#4394,#4395,#4396,#4397));
#4436=CLOSED_SHELL('',(#4398,#4399,#4400,#4401,#4402,#4403,#4404,#4405,
#4406,#4407,#4408,#4409,#4410));
#4437=CLOSED_SHELL('',(#4411,#4412,#4413,#4414,#4415));
#4438=DERIVED_UNIT_ELEMENT(#4440,1.);
#4439=DERIVED_UNIT_ELEMENT(#11037,-3.);
#4440=(
MASS_UNIT()
NAMED_UNIT(*)
SI_UNIT(.KILO.,.GRAM.)
);
#4441=DERIVED_UNIT((#4438,#4439));
#4442=MEASURE_REPRESENTATION_ITEM('density measure',
POSITIVE_RATIO_MEASURE(7850.),#4441);
#4443=PROPERTY_DEFINITION_REPRESENTATION(#4448,#4445);
#4444=PROPERTY_DEFINITION_REPRESENTATION(#4449,#4446);
#4445=REPRESENTATION('material name',(#4447),#11034);
#4446=REPRESENTATION('density',(#4442),#11034);
#4447=DESCRIPTIVE_REPRESENTATION_ITEM('Steel','Steel');
#4448=PROPERTY_DEFINITION('material property','material name',#11044);
#4449=PROPERTY_DEFINITION('material property','density of part',#11044);
#4450=AXIS2_PLACEMENT_3D('',#5441,#4703,#4704);
#4451=AXIS2_PLACEMENT_3D('',#5442,#4705,#4706);
#4452=AXIS2_PLACEMENT_3D('',#5444,#4707,#4708);
#4453=AXIS2_PLACEMENT_3D('',#5446,#4709,#4710);
#4454=AXIS2_PLACEMENT_3D('',#5448,#4711,#4712);
#4455=AXIS2_PLACEMENT_3D('',#5449,#4713,#4714);
#4456=AXIS2_PLACEMENT_3D('',#5450,#4715,#4716);
#4457=AXIS2_PLACEMENT_3D('',#5452,#4717,#4718);
#4458=AXIS2_PLACEMENT_3D('',#5453,#4719,#4720);
#4459=AXIS2_PLACEMENT_3D('',#5456,#4722,#4723);
#4460=AXIS2_PLACEMENT_3D('',#5459,#4724,#4725);
#4461=AXIS2_PLACEMENT_3D('',#5463,#4727,#4728);
#4462=AXIS2_PLACEMENT_3D('',#5465,#4730,#4731);
#4463=AXIS2_PLACEMENT_3D('',#5468,#4732,#4733);
#4464=AXIS2_PLACEMENT_3D('',#5470,#4734,#4735);
#4465=AXIS2_PLACEMENT_3D('',#5473,#4738,#4739);
#4466=AXIS2_PLACEMENT_3D('',#5477,#4742,#4743);
#4467=AXIS2_PLACEMENT_3D('',#5479,#4744,#4745);
#4468=AXIS2_PLACEMENT_3D('',#5481,#4747,#4748);
#4469=AXIS2_PLACEMENT_3D('',#5483,#4750,#4751);
#4470=AXIS2_PLACEMENT_3D('',#5485,#4752,#4753);
#4471=AXIS2_PLACEMENT_3D('',#5513,#4754,#4755);
#4472=AXIS2_PLACEMENT_3D('',#5514,#4756,#4757);
#4473=AXIS2_PLACEMENT_3D('',#5517,#4759,#4760);
#4474=AXIS2_PLACEMENT_3D('',#5518,#4761,#4762);
#4475=AXIS2_PLACEMENT_3D('',#5685,#4763,#4764);
#4476=AXIS2_PLACEMENT_3D('',#5691,#4768,#4769);
#4477=AXIS2_PLACEMENT_3D('',#5771,#4771,#4772);
#4478=AXIS2_PLACEMENT_3D('',#5775,#4775,#4776);
#4479=AXIS2_PLACEMENT_3D('',#5783,#4779,#4780);
#4480=AXIS2_PLACEMENT_3D('',#5784,#4781,#4782);
#4481=AXIS2_PLACEMENT_3D('',#5785,#4783,#4784);
#4482=AXIS2_PLACEMENT_3D('',#5788,#4787,#4788);
#4483=AXIS2_PLACEMENT_3D('',#5789,#4789,#4790);
#4484=AXIS2_PLACEMENT_3D('',#5791,#4792,#4793);
#4485=AXIS2_PLACEMENT_3D('',#5958,#4794,#4795);
#4486=AXIS2_PLACEMENT_3D('',#5964,#4799,#4800);
#4487=AXIS2_PLACEMENT_3D('',#6044,#4802,#4803);
#4488=AXIS2_PLACEMENT_3D('',#6048,#4806,#4807);
#4489=AXIS2_PLACEMENT_3D('',#6056,#4810,#4811);
#4490=AXIS2_PLACEMENT_3D('',#6057,#4812,#4813);
#4491=AXIS2_PLACEMENT_3D('',#6058,#4814,#4815);
#4492=AXIS2_PLACEMENT_3D('',#6061,#4818,#4819);
#4493=AXIS2_PLACEMENT_3D('',#6062,#4820,#4821);
#4494=AXIS2_PLACEMENT_3D('',#6064,#4823,#4824);
#4495=AXIS2_PLACEMENT_3D('',#6065,#4825,#4826);
#4496=AXIS2_PLACEMENT_3D('',#6070,#4828,#4829);
#4497=AXIS2_PLACEMENT_3D('',#6079,#4832,#4833);
#4498=AXIS2_PLACEMENT_3D('',#6085,#4837,#4838);
#4499=AXIS2_PLACEMENT_3D('',#6149,#4840,#4841);
#4500=AXIS2_PLACEMENT_3D('',#6162,#4844,#4845);
#4501=AXIS2_PLACEMENT_3D('',#6183,#4846,#4847);
#4502=AXIS2_PLACEMENT_3D('',#6198,#4849,#4850);
#4503=AXIS2_PLACEMENT_3D('',#6240,#4851,#4852);
#4504=AXIS2_PLACEMENT_3D('',#6247,#4854,#4855);
#4505=AXIS2_PLACEMENT_3D('',#6504,#4856,#4857);
#4506=AXIS2_PLACEMENT_3D('',#6510,#4861,#4862);
#4507=AXIS2_PLACEMENT_3D('',#6590,#4864,#4865);
#4508=AXIS2_PLACEMENT_3D('',#6594,#4868,#4869);
#4509=AXIS2_PLACEMENT_3D('',#6602,#4872,#4873);
#4510=AXIS2_PLACEMENT_3D('',#6603,#4874,#4875);
#4511=AXIS2_PLACEMENT_3D('',#6604,#4876,#4877);
#4512=AXIS2_PLACEMENT_3D('',#6607,#4880,#4881);
#4513=AXIS2_PLACEMENT_3D('',#6608,#4882,#4883);
#4514=AXIS2_PLACEMENT_3D('',#6610,#4885,#4886);
#4515=AXIS2_PLACEMENT_3D('',#6611,#4887,#4888);
#4516=AXIS2_PLACEMENT_3D('',#6616,#4890,#4891);
#4517=AXIS2_PLACEMENT_3D('',#6625,#4894,#4895);
#4518=AXIS2_PLACEMENT_3D('',#6631,#4899,#4900);
#4519=AXIS2_PLACEMENT_3D('',#6695,#4902,#4903);
#4520=AXIS2_PLACEMENT_3D('',#6708,#4906,#4907);
#4521=AXIS2_PLACEMENT_3D('',#6729,#4908,#4909);
#4522=AXIS2_PLACEMENT_3D('',#6744,#4911,#4912);
#4523=AXIS2_PLACEMENT_3D('',#6786,#4913,#4914);
#4524=AXIS2_PLACEMENT_3D('',#6793,#4916,#4917);
#4525=AXIS2_PLACEMENT_3D('',#7050,#4918,#4919);
#4526=AXIS2_PLACEMENT_3D('',#7056,#4923,#4924);
#4527=AXIS2_PLACEMENT_3D('',#7136,#4926,#4927);
#4528=AXIS2_PLACEMENT_3D('',#7140,#4930,#4931);
#4529=AXIS2_PLACEMENT_3D('',#7148,#4934,#4935);
#4530=AXIS2_PLACEMENT_3D('',#7149,#4936,#4937);
#4531=AXIS2_PLACEMENT_3D('',#7150,#4938,#4939);
#4532=AXIS2_PLACEMENT_3D('',#7153,#4942,#4943);
#4533=AXIS2_PLACEMENT_3D('',#7154,#4944,#4945);
#4534=AXIS2_PLACEMENT_3D('',#7156,#4947,#4948);
#4535=AXIS2_PLACEMENT_3D('',#7157,#4949,#4950);
#4536=AXIS2_PLACEMENT_3D('',#7162,#4952,#4953);
#4537=AXIS2_PLACEMENT_3D('',#7171,#4956,#4957);
#4538=AXIS2_PLACEMENT_3D('',#7177,#4961,#4962);
#4539=AXIS2_PLACEMENT_3D('',#7241,#4964,#4965);
#4540=AXIS2_PLACEMENT_3D('',#7254,#4968,#4969);
#4541=AXIS2_PLACEMENT_3D('',#7275,#4970,#4971);
#4542=AXIS2_PLACEMENT_3D('',#7290,#4973,#4974);
#4543=AXIS2_PLACEMENT_3D('',#7332,#4975,#4976);
#4544=AXIS2_PLACEMENT_3D('',#7339,#4978,#4979);
#4545=AXIS2_PLACEMENT_3D('',#7596,#4980,#4981);
#4546=AXIS2_PLACEMENT_3D('',#7602,#4985,#4986);
#4547=AXIS2_PLACEMENT_3D('',#7682,#4988,#4989);
#4548=AXIS2_PLACEMENT_3D('',#7686,#4992,#4993);
#4549=AXIS2_PLACEMENT_3D('',#7694,#4996,#4997);
#4550=AXIS2_PLACEMENT_3D('',#7695,#4998,#4999);
#4551=AXIS2_PLACEMENT_3D('',#7696,#5000,#5001);
#4552=AXIS2_PLACEMENT_3D('',#7699,#5004,#5005);
#4553=AXIS2_PLACEMENT_3D('',#7700,#5006,#5007);
#4554=AXIS2_PLACEMENT_3D('',#7702,#5009,#5010);
#4555=AXIS2_PLACEMENT_3D('',#7703,#5011,#5012);
#4556=AXIS2_PLACEMENT_3D('',#7708,#5014,#5015);
#4557=AXIS2_PLACEMENT_3D('',#7717,#5018,#5019);
#4558=AXIS2_PLACEMENT_3D('',#7723,#5023,#5024);
#4559=AXIS2_PLACEMENT_3D('',#7787,#5026,#5027);
#4560=AXIS2_PLACEMENT_3D('',#7800,#5030,#5031);
#4561=AXIS2_PLACEMENT_3D('',#7821,#5032,#5033);
#4562=AXIS2_PLACEMENT_3D('',#7836,#5035,#5036);
#4563=AXIS2_PLACEMENT_3D('',#7878,#5037,#5038);
#4564=AXIS2_PLACEMENT_3D('',#7885,#5040,#5041);
#4565=AXIS2_PLACEMENT_3D('',#8142,#5042,#5043);
#4566=AXIS2_PLACEMENT_3D('',#8148,#5047,#5048);
#4567=AXIS2_PLACEMENT_3D('',#8228,#5050,#5051);
#4568=AXIS2_PLACEMENT_3D('',#8232,#5054,#5055);
#4569=AXIS2_PLACEMENT_3D('',#8240,#5058,#5059);
#4570=AXIS2_PLACEMENT_3D('',#8241,#5060,#5061);
#4571=AXIS2_PLACEMENT_3D('',#8242,#5062,#5063);
#4572=AXIS2_PLACEMENT_3D('',#8245,#5066,#5067);
#4573=AXIS2_PLACEMENT_3D('',#8246,#5068,#5069);
#4574=AXIS2_PLACEMENT_3D('',#8248,#5071,#5072);
#4575=AXIS2_PLACEMENT_3D('',#8249,#5073,#5074);
#4576=AXIS2_PLACEMENT_3D('',#8254,#5076,#5077);
#4577=AXIS2_PLACEMENT_3D('',#8263,#5080,#5081);
#4578=AXIS2_PLACEMENT_3D('',#8269,#5085,#5086);
#4579=AXIS2_PLACEMENT_3D('',#8333,#5088,#5089);
#4580=AXIS2_PLACEMENT_3D('',#8346,#5092,#5093);
#4581=AXIS2_PLACEMENT_3D('',#8367,#5094,#5095);
#4582=AXIS2_PLACEMENT_3D('',#8382,#5097,#5098);
#4583=AXIS2_PLACEMENT_3D('',#8424,#5099,#5100);
#4584=AXIS2_PLACEMENT_3D('',#8431,#5102,#5103);
#4585=AXIS2_PLACEMENT_3D('',#8688,#5104,#5105);
#4586=AXIS2_PLACEMENT_3D('',#8694,#5109,#5110);
#4587=AXIS2_PLACEMENT_3D('',#8774,#5112,#5113);
#4588=AXIS2_PLACEMENT_3D('',#8778,#5116,#5117);
#4589=AXIS2_PLACEMENT_3D('',#8786,#5120,#5121);
#4590=AXIS2_PLACEMENT_3D('',#8787,#5122,#5123);
#4591=AXIS2_PLACEMENT_3D('',#8788,#5124,#5125);
#4592=AXIS2_PLACEMENT_3D('',#8791,#5128,#5129);
#4593=AXIS2_PLACEMENT_3D('',#8792,#5130,#5131);
#4594=AXIS2_PLACEMENT_3D('',#8794,#5133,#5134);
#4595=AXIS2_PLACEMENT_3D('',#8795,#5135,#5136);
#4596=AXIS2_PLACEMENT_3D('',#8800,#5138,#5139);
#4597=AXIS2_PLACEMENT_3D('',#8809,#5142,#5143);
#4598=AXIS2_PLACEMENT_3D('',#8815,#5147,#5148);
#4599=AXIS2_PLACEMENT_3D('',#8879,#5150,#5151);
#4600=AXIS2_PLACEMENT_3D('',#8892,#5154,#5155);
#4601=AXIS2_PLACEMENT_3D('',#8913,#5156,#5157);
#4602=AXIS2_PLACEMENT_3D('',#8928,#5159,#5160);
#4603=AXIS2_PLACEMENT_3D('',#8970,#5161,#5162);
#4604=AXIS2_PLACEMENT_3D('',#8977,#5164,#5165);
#4605=AXIS2_PLACEMENT_3D('',#9234,#5166,#5167);
#4606=AXIS2_PLACEMENT_3D('',#9240,#5171,#5172);
#4607=AXIS2_PLACEMENT_3D('',#9320,#5174,#5175);
#4608=AXIS2_PLACEMENT_3D('',#9324,#5178,#5179);
#4609=AXIS2_PLACEMENT_3D('',#9332,#5182,#5183);
#4610=AXIS2_PLACEMENT_3D('',#9333,#5184,#5185);
#4611=AXIS2_PLACEMENT_3D('',#9334,#5186,#5187);
#4612=AXIS2_PLACEMENT_3D('',#9337,#5190,#5191);
#4613=AXIS2_PLACEMENT_3D('',#9338,#5192,#5193);
#4614=AXIS2_PLACEMENT_3D('',#9340,#5195,#5196);
#4615=AXIS2_PLACEMENT_3D('',#9341,#5197,#5198);
#4616=AXIS2_PLACEMENT_3D('',#9346,#5200,#5201);
#4617=AXIS2_PLACEMENT_3D('',#9355,#5204,#5205);
#4618=AXIS2_PLACEMENT_3D('',#9361,#5209,#5210);
#4619=AXIS2_PLACEMENT_3D('',#9425,#5212,#5213);
#4620=AXIS2_PLACEMENT_3D('',#9438,#5216,#5217);
#4621=AXIS2_PLACEMENT_3D('',#9459,#5218,#5219);
#4622=AXIS2_PLACEMENT_3D('',#9474,#5221,#5222);
#4623=AXIS2_PLACEMENT_3D('',#9516,#5223,#5224);
#4624=AXIS2_PLACEMENT_3D('',#9523,#5226,#5227);
#4625=AXIS2_PLACEMENT_3D('',#9780,#5228,#5229);
#4626=AXIS2_PLACEMENT_3D('',#9786,#5233,#5234);
#4627=AXIS2_PLACEMENT_3D('',#9866,#5236,#5237);
#4628=AXIS2_PLACEMENT_3D('',#9870,#5240,#5241);
#4629=AXIS2_PLACEMENT_3D('',#9878,#5244,#5245);
#4630=AXIS2_PLACEMENT_3D('',#9879,#5246,#5247);
#4631=AXIS2_PLACEMENT_3D('',#9880,#5248,#5249);
#4632=AXIS2_PLACEMENT_3D('',#9883,#5252,#5253);
#4633=AXIS2_PLACEMENT_3D('',#9884,#5254,#5255);
#4634=AXIS2_PLACEMENT_3D('',#9886,#5257,#5258);
#4635=AXIS2_PLACEMENT_3D('',#9887,#5259,#5260);
#4636=AXIS2_PLACEMENT_3D('',#9892,#5262,#5263);
#4637=AXIS2_PLACEMENT_3D('',#9901,#5266,#5267);
#4638=AXIS2_PLACEMENT_3D('',#9907,#5271,#5272);
#4639=AXIS2_PLACEMENT_3D('',#9971,#5274,#5275);
#4640=AXIS2_PLACEMENT_3D('',#9984,#5278,#5279);
#4641=AXIS2_PLACEMENT_3D('',#10005,#5280,#5281);
#4642=AXIS2_PLACEMENT_3D('',#10020,#5283,#5284);
#4643=AXIS2_PLACEMENT_3D('',#10062,#5285,#5286);
#4644=AXIS2_PLACEMENT_3D('',#10069,#5288,#5289);
#4645=AXIS2_PLACEMENT_3D('',#10326,#5290,#5291);
#4646=AXIS2_PLACEMENT_3D('',#10332,#5295,#5296);
#4647=AXIS2_PLACEMENT_3D('',#10412,#5298,#5299);
#4648=AXIS2_PLACEMENT_3D('',#10416,#5302,#5303);
#4649=AXIS2_PLACEMENT_3D('',#10424,#5306,#5307);
#4650=AXIS2_PLACEMENT_3D('',#10425,#5308,#5309);
#4651=AXIS2_PLACEMENT_3D('',#10426,#5310,#5311);
#4652=AXIS2_PLACEMENT_3D('',#10429,#5314,#5315);
#4653=AXIS2_PLACEMENT_3D('',#10430,#5316,#5317);
#4654=AXIS2_PLACEMENT_3D('',#10432,#5319,#5320);
#4655=AXIS2_PLACEMENT_3D('',#10433,#5321,#5322);
#4656=AXIS2_PLACEMENT_3D('',#10438,#5324,#5325);
#4657=AXIS2_PLACEMENT_3D('',#10447,#5328,#5329);
#4658=AXIS2_PLACEMENT_3D('',#10453,#5333,#5334);
#4659=AXIS2_PLACEMENT_3D('',#10517,#5336,#5337);
#4660=AXIS2_PLACEMENT_3D('',#10530,#5340,#5341);
#4661=AXIS2_PLACEMENT_3D('',#10551,#5342,#5343);
#4662=AXIS2_PLACEMENT_3D('',#10566,#5345,#5346);
#4663=AXIS2_PLACEMENT_3D('',#10608,#5347,#5348);
#4664=AXIS2_PLACEMENT_3D('',#10615,#5350,#5351);
#4665=AXIS2_PLACEMENT_3D('',#10872,#5352,#5353);
#4666=AXIS2_PLACEMENT_3D('',#10878,#5357,#5358);
#4667=AXIS2_PLACEMENT_3D('',#10958,#5360,#5361);
#4668=AXIS2_PLACEMENT_3D('',#10962,#5364,#5365);
#4669=AXIS2_PLACEMENT_3D('',#10970,#5368,#5369);
#4670=AXIS2_PLACEMENT_3D('',#10971,#5370,#5371);
#4671=AXIS2_PLACEMENT_3D('',#10972,#5372,#5373);
#4672=AXIS2_PLACEMENT_3D('',#10975,#5376,#5377);
#4673=AXIS2_PLACEMENT_3D('',#10976,#5378,#5379);
#4674=AXIS2_PLACEMENT_3D('',#10978,#5381,#5382);
#4675=AXIS2_PLACEMENT_3D('',#10979,#5383,#5384);
#4676=AXIS2_PLACEMENT_3D('',#10981,#5385,#5386);
#4677=AXIS2_PLACEMENT_3D('',#10982,#5387,#5388);
#4678=AXIS2_PLACEMENT_3D('',#10985,#5389,#5390);
#4679=AXIS2_PLACEMENT_3D('',#10987,#5391,#5392);
#4680=AXIS2_PLACEMENT_3D('',#10989,#5393,#5394);
#4681=AXIS2_PLACEMENT_3D('',#10991,#5395,#5396);
#4682=AXIS2_PLACEMENT_3D('',#10993,#5397,#5398);
#4683=AXIS2_PLACEMENT_3D('',#10995,#5399,#5400);
#4684=AXIS2_PLACEMENT_3D('',#10997,#5401,#5402);
#4685=AXIS2_PLACEMENT_3D('',#10999,#5403,#5404);
#4686=AXIS2_PLACEMENT_3D('',#11001,#5405,#5406);
#4687=AXIS2_PLACEMENT_3D('',#11003,#5407,#5408);
#4688=AXIS2_PLACEMENT_3D('',#11005,#5409,#5410);
#4689=AXIS2_PLACEMENT_3D('',#11007,#5411,#5412);
#4690=AXIS2_PLACEMENT_3D('',#11009,#5413,#5414);
#4691=AXIS2_PLACEMENT_3D('',#11011,#5415,#5416);
#4692=AXIS2_PLACEMENT_3D('',#11013,#5417,#5418);
#4693=AXIS2_PLACEMENT_3D('',#11015,#5419,#5420);
#4694=AXIS2_PLACEMENT_3D('',#11017,#5421,#5422);
#4695=AXIS2_PLACEMENT_3D('',#11019,#5423,#5424);
#4696=AXIS2_PLACEMENT_3D('',#11021,#5425,#5426);
#4697=AXIS2_PLACEMENT_3D('',#11022,#5427,#5428);
#4698=AXIS2_PLACEMENT_3D('',#11024,#5430,#5431);
#4699=AXIS2_PLACEMENT_3D('',#11026,#5432,#5433);
#4700=AXIS2_PLACEMENT_3D('',#11029,#5435,#5436);
#4701=AXIS2_PLACEMENT_3D('',#11030,#5437,#5438);
#4702=AXIS2_PLACEMENT_3D('',#11031,#5439,#5440);
#4703=DIRECTION('axis',(0.,0.,1.));
#4704=DIRECTION('refdir',(1.,0.,0.));
#4705=DIRECTION('center_axis',(0.,1.,0.));
#4706=DIRECTION('ref_axis',(0.,0.,1.));
#4707=DIRECTION('center_axis',(0.,-1.,0.));
#4708=DIRECTION('ref_axis',(-1.,0.,0.));
#4709=DIRECTION('center_axis',(-1.,0.,1.22464679914735E-16));
#4710=DIRECTION('ref_axis',(-1.22464679914735E-16,0.,-1.));
#4711=DIRECTION('center_axis',(0.,1.,0.));
#4712=DIRECTION('ref_axis',(-1.,0.,0.));
#4713=DIRECTION('center_axis',(0.,1.,0.));
#4714=DIRECTION('ref_axis',(-1.,0.,0.));
#4715=DIRECTION('center_axis',(0.,1.,0.));
#4716=DIRECTION('ref_axis',(-1.,0.,0.));
#4717=DIRECTION('center_axis',(0.,-1.,0.));
#4718=DIRECTION('ref_axis',(-1.,0.,0.));
#4719=DIRECTION('center_axis',(0.,1.,0.));
#4720=DIRECTION('ref_axis',(1.,0.,0.));
#4721=DIRECTION('',(0.,-1.,0.));
#4722=DIRECTION('center_axis',(0.,-1.,0.));
#4723=DIRECTION('ref_axis',(1.,0.,0.));
#4724=DIRECTION('center_axis',(0.,1.,0.));
#4725=DIRECTION('ref_axis',(1.,0.,0.));
#4726=DIRECTION('',(0.,-1.,0.));
#4727=DIRECTION('center_axis',(0.,-1.,0.));
#4728=DIRECTION('ref_axis',(1.,0.,0.));
#4729=DIRECTION('',(0.,1.,0.));
#4730=DIRECTION('center_axis',(0.,1.,0.));
#4731=DIRECTION('ref_axis',(-1.,0.,0.));
#4732=DIRECTION('center_axis',(0.,-1.,0.));
#4733=DIRECTION('ref_axis',(-1.,0.,0.));
#4734=DIRECTION('center_axis',(0.,-1.,0.));
#4735=DIRECTION('ref_axis',(-1.,0.,0.));
#4736=DIRECTION('',(0.,0.,-1.));
#4737=DIRECTION('',(0.,0.,-1.));
#4738=DIRECTION('center_axis',(-1.,0.,0.));
#4739=DIRECTION('ref_axis',(0.,1.,0.));
#4740=DIRECTION('',(0.,-1.,0.));
#4741=DIRECTION('',(0.,0.,-1.));
#4742=DIRECTION('center_axis',(0.,-1.,0.));
#4743=DIRECTION('ref_axis',(-1.,0.,0.));
#4744=DIRECTION('center_axis',(0.,1.,0.));
#4745=DIRECTION('ref_axis',(-1.,0.,0.));
#4746=DIRECTION('',(0.,0.,-1.));
#4747=DIRECTION('center_axis',(1.,0.,0.));
#4748=DIRECTION('ref_axis',(0.,-1.,0.));
#4749=DIRECTION('',(0.,1.,0.));
#4750=DIRECTION('center_axis',(0.,1.,0.));
#4751=DIRECTION('ref_axis',(-1.,0.,0.));
#4752=DIRECTION('center_axis',(0.,-1.,0.));
#4753=DIRECTION('ref_axis',(1.,0.,0.));
#4754=DIRECTION('center_axis',(1.22464679914735E-16,0.,1.));
#4755=DIRECTION('ref_axis',(-1.,0.,1.22464679914735E-16));
#4756=DIRECTION('center_axis',(0.,-1.,0.));
#4757=DIRECTION('ref_axis',(-1.,0.,0.));
#4758=DIRECTION('',(0.,-1.,0.));
#4759=DIRECTION('center_axis',(0.,1.,0.));
#4760=DIRECTION('ref_axis',(-1.,0.,0.));
#4761=DIRECTION('center_axis',(0.,-1.,0.));
#4762=DIRECTION('ref_axis',(0.,0.,-1.));
#4763=DIRECTION('center_axis',(0.585548551950281,0.0871557427476582,-0.805938440462442));
#4764=DIRECTION('ref_axis',(-0.809016994374947,0.,-0.587785252292473));
#4765=DIRECTION('',(-0.809016994374947,0.,-0.587785252292473));
#4766=DIRECTION('',(0.0192087986196753,0.992432509138967,0.121279581380061));
#4767=DIRECTION('',(0.809016994374947,0.,0.587785252292473));
#4768=DIRECTION('center_axis',(0.578855473563864,-0.17364817766693,-0.796726208379082));
#4769=DIRECTION('ref_axis',(0.809016994374947,0.,0.587785252292473));
#4770=DIRECTION('',(0.0378500674730949,-0.970287525247814,0.238975920838806));
#4771=DIRECTION('center_axis',(-0.578855473563864,-0.17364817766693,0.796726208379082));
#4772=DIRECTION('ref_axis',(-0.809016994374947,0.,-0.587785252292473));
#4773=DIRECTION('',(0.809016994374947,0.,0.587785252292473));
#4774=DIRECTION('',(0.238975920838806,-0.970287525247814,-0.0378500674730948));
#4775=DIRECTION('center_axis',(-0.585548551950281,0.0871557427476578,0.805938440462442));
#4776=DIRECTION('ref_axis',(0.809016994374947,0.,0.587785252292473));
#4777=DIRECTION('',(-0.809016994374947,0.,-0.587785252292473));
#4778=DIRECTION('',(0.121279581380061,0.992432509138967,-0.0192087986196744));
#4779=DIRECTION('center_axis',(0.,-1.,0.));
#4780=DIRECTION('ref_axis',(0.587785252292473,0.,-0.809016994374947));
#4781=DIRECTION('center_axis',(0.,-1.,0.));
#4782=DIRECTION('ref_axis',(0.587785252292473,0.,-0.809016994374947));
#4783=DIRECTION('center_axis',(-0.796726208379082,-0.17364817766693,-0.578855473563864));
#4784=DIRECTION('ref_axis',(0.587785252292473,0.,-0.809016994374947));
#4785=DIRECTION('',(-0.587785252292473,0.,0.809016994374947));
#4786=DIRECTION('',(-0.587785252292473,0.,0.809016994374947));
#4787=DIRECTION('center_axis',(0.,1.,0.));
#4788=DIRECTION('ref_axis',(0.587785252292473,0.,-0.809016994374947));
#4789=DIRECTION('center_axis',(-0.805938440462442,0.0871557427476586,-0.585548551950281));
#4790=DIRECTION('ref_axis',(-0.587785252292473,0.,0.809016994374947));
#4791=DIRECTION('',(0.587785252292473,0.,-0.809016994374947));
#4792=DIRECTION('center_axis',(0.,1.,0.));
#4793=DIRECTION('ref_axis',(0.587785252292473,0.,-0.809016994374947));
#4794=DIRECTION('center_axis',(0.947437459118838,0.0871557427476582,0.30784109141657));
#4795=DIRECTION('ref_axis',(0.309016994374948,0.,-0.951056516295153));
#4796=DIRECTION('',(0.309016994374948,0.,-0.951056516295153));
#4797=DIRECTION('',(-0.10940789095005,0.992432509138967,0.0557461048145618));
#4798=DIRECTION('',(-0.309016994374948,0.,0.951056516295153));
#4799=DIRECTION('center_axis',(0.936607830800249,-0.17364817766693,0.304322331872978));
#4800=DIRECTION('ref_axis',(-0.309016994374948,0.,0.951056516295153));
#4801=DIRECTION('',(-0.215583292663956,-0.970287525247814,0.109845174098091));
#4802=DIRECTION('center_axis',(-0.936607830800249,-0.17364817766693,-0.304322331872978));
#4803=DIRECTION('ref_axis',(0.309016994374948,0.,-0.951056516295153));
#4804=DIRECTION('',(-0.309016994374948,0.,0.951056516295153));
#4805=DIRECTION('',(0.109845174098091,-0.970287525247814,0.215583292663956));
#4806=DIRECTION('center_axis',(-0.947437459118838,0.0871557427476578,-0.30784109141657));
#4807=DIRECTION('ref_axis',(-0.309016994374948,0.,0.951056516295153));
#4808=DIRECTION('',(0.309016994374948,0.,-0.951056516295153));
#4809=DIRECTION('',(0.055746104814561,0.992432509138967,0.10940789095005));
#4810=DIRECTION('center_axis',(0.,-1.,0.));
#4811=DIRECTION('ref_axis',(0.951056516295154,0.,0.309016994374948));
#4812=DIRECTION('center_axis',(0.,-1.,0.));
#4813=DIRECTION('ref_axis',(0.951056516295154,0.,0.309016994374948));
#4814=DIRECTION('center_axis',(0.304322331872978,-0.17364817766693,-0.936607830800249));
#4815=DIRECTION('ref_axis',(0.951056516295153,0.,0.309016994374948));
#4816=DIRECTION('',(-0.951056516295153,0.,-0.309016994374948));
#4817=DIRECTION('',(-0.951056516295153,0.,-0.309016994374948));
#4818=DIRECTION('center_axis',(0.,1.,0.));
#4819=DIRECTION('ref_axis',(0.951056516295153,0.,0.309016994374948));
#4820=DIRECTION('center_axis',(0.307841091416569,0.0871557427476586,-0.947437459118838));
#4821=DIRECTION('ref_axis',(-0.951056516295153,0.,-0.309016994374948));
#4822=DIRECTION('',(0.951056516295153,0.,0.309016994374948));
#4823=DIRECTION('center_axis',(0.,1.,0.));
#4824=DIRECTION('ref_axis',(0.951056516295153,0.,0.309016994374948));
#4825=DIRECTION('center_axis',(0.,1.,0.));
#4826=DIRECTION('ref_axis',(1.,0.,1.22464679914735E-16));
#4827=DIRECTION('',(1.22464679914735E-16,0.,-1.));
#4828=DIRECTION('center_axis',(0.,-1.,0.));
#4829=DIRECTION('ref_axis',(1.,0.,1.22464679914735E-16));
#4830=DIRECTION('',(-1.22464679914735E-16,0.,1.));
#4831=DIRECTION('',(1.,0.,1.22464679914735E-16));
#4832=DIRECTION('center_axis',(1.21998664834562E-16,0.0871557427476586,
-0.996194698091746));
#4833=DIRECTION('ref_axis',(-1.,0.,-1.22464679914735E-16));
#4834=DIRECTION('',(-0.0868265938642476,0.992432509138967,0.086826593864248));
#4835=DIRECTION('',(-1.,0.,-1.22464679914735E-16));
#4836=DIRECTION('',(0.0868265938642472,0.992432509138967,0.086826593864248));
#4837=DIRECTION('center_axis',(0.,1.,0.));
#4838=DIRECTION('ref_axis',(1.,0.,1.22464679914735E-16));
#4839=DIRECTION('',(-1.,0.,-1.22464679914735E-16));
#4840=DIRECTION('center_axis',(1.2060416625019E-16,-0.17364817766693,-0.984807753012208));
#4841=DIRECTION('ref_axis',(1.,0.,1.22464679914735E-16));
#4842=DIRECTION('',(0.171087869746035,-0.970287525247814,0.171087869746036));
#4843=DIRECTION('',(-0.171087869746036,-0.970287525247814,0.171087869746036));
#4844=DIRECTION('center_axis',(0.,-1.,0.));
#4845=DIRECTION('ref_axis',(1.,0.,1.22464679914735E-16));
#4846=DIRECTION('center_axis',(-0.996194698091746,0.0871557427476578,-1.21998664834562E-16));
#4847=DIRECTION('ref_axis',(-1.22464679914735E-16,0.,1.));
#4848=DIRECTION('',(-1.22464679914735E-16,0.,1.));
#4849=DIRECTION('center_axis',(-0.984807753012208,-0.17364817766693,-1.2060416625019E-16));
#4850=DIRECTION('ref_axis',(1.22464679914735E-16,0.,-1.));
#4851=DIRECTION('center_axis',(0.984807753012208,-0.17364817766693,1.2060416625019E-16));
#4852=DIRECTION('ref_axis',(-1.22464679914735E-16,0.,1.));
#4853=DIRECTION('',(1.22464679914735E-16,0.,-1.));
#4854=DIRECTION('center_axis',(0.996194698091746,0.0871557427476582,1.21998664834562E-16));
#4855=DIRECTION('ref_axis',(1.22464679914735E-16,0.,-1.));
#4856=DIRECTION('center_axis',(0.805938440462442,0.0871557427476582,0.585548551950281));
#4857=DIRECTION('ref_axis',(0.587785252292473,0.,-0.809016994374947));
#4858=DIRECTION('',(0.587785252292473,0.,-0.809016994374947));
#4859=DIRECTION('',(-0.121279581380061,0.992432509138967,0.0192087986196753));
#4860=DIRECTION('',(-0.587785252292473,0.,0.809016994374947));
#4861=DIRECTION('center_axis',(0.796726208379082,-0.17364817766693,0.578855473563864));
#4862=DIRECTION('ref_axis',(-0.587785252292473,0.,0.809016994374947));
#4863=DIRECTION('',(-0.238975920838806,-0.970287525247814,0.0378500674730949));
#4864=DIRECTION('center_axis',(-0.796726208379082,-0.17364817766693,-0.578855473563864));
#4865=DIRECTION('ref_axis',(0.587785252292473,0.,-0.809016994374947));
#4866=DIRECTION('',(-0.587785252292473,0.,0.809016994374947));
#4867=DIRECTION('',(0.0378500674730948,-0.970287525247814,0.238975920838806));
#4868=DIRECTION('center_axis',(-0.805938440462442,0.0871557427476578,-0.585548551950281));
#4869=DIRECTION('ref_axis',(-0.587785252292473,0.,0.809016994374947));
#4870=DIRECTION('',(0.587785252292473,0.,-0.809016994374947));
#4871=DIRECTION('',(0.0192087986196744,0.992432509138967,0.121279581380061));
#4872=DIRECTION('center_axis',(0.,-1.,0.));
#4873=DIRECTION('ref_axis',(0.809016994374947,0.,0.587785252292473));
#4874=DIRECTION('center_axis',(0.,-1.,0.));
#4875=DIRECTION('ref_axis',(0.809016994374947,0.,0.587785252292473));
#4876=DIRECTION('center_axis',(0.578855473563864,-0.17364817766693,-0.796726208379082));
#4877=DIRECTION('ref_axis',(0.809016994374947,0.,0.587785252292473));
#4878=DIRECTION('',(-0.809016994374947,0.,-0.587785252292473));
#4879=DIRECTION('',(-0.809016994374947,0.,-0.587785252292473));
#4880=DIRECTION('center_axis',(0.,1.,0.));
#4881=DIRECTION('ref_axis',(0.809016994374947,0.,0.587785252292473));
#4882=DIRECTION('center_axis',(0.585548551950281,0.0871557427476586,-0.805938440462442));
#4883=DIRECTION('ref_axis',(-0.809016994374947,0.,-0.587785252292473));
#4884=DIRECTION('',(0.809016994374947,0.,0.587785252292473));
#4885=DIRECTION('center_axis',(0.,1.,0.));
#4886=DIRECTION('ref_axis',(0.809016994374947,0.,0.587785252292473));
#4887=DIRECTION('center_axis',(0.,1.,0.));
#4888=DIRECTION('ref_axis',(0.809016994374947,0.,-0.587785252292473));
#4889=DIRECTION('',(-0.587785252292473,0.,-0.809016994374947));
#4890=DIRECTION('center_axis',(0.,-1.,0.));
#4891=DIRECTION('ref_axis',(0.809016994374947,0.,-0.587785252292473));
#4892=DIRECTION('',(0.587785252292473,0.,0.809016994374947));
#4893=DIRECTION('',(0.809016994374947,0.,-0.587785252292473));
#4894=DIRECTION('center_axis',(-0.585548551950281,0.0871557427476586,-0.805938440462442));
#4895=DIRECTION('ref_axis',(-0.809016994374947,0.,0.587785252292473));
#4896=DIRECTION('',(-0.0192087986196747,0.992432509138967,0.121279581380061));
#4897=DIRECTION('',(-0.809016994374947,0.,0.587785252292473));
#4898=DIRECTION('',(0.121279581380061,0.992432509138967,0.0192087986196755));
#4899=DIRECTION('center_axis',(0.,1.,0.));
#4900=DIRECTION('ref_axis',(0.809016994374947,0.,-0.587785252292473));
#4901=DIRECTION('',(-0.809016994374947,0.,0.587785252292473));
#4902=DIRECTION('center_axis',(-0.578855473563864,-0.17364817766693,-0.796726208379082));
#4903=DIRECTION('ref_axis',(0.809016994374947,0.,-0.587785252292473));
#4904=DIRECTION('',(0.238975920838806,-0.970287525247814,0.037850067473095));
#4905=DIRECTION('',(-0.0378500674730948,-0.970287525247814,0.238975920838806));
#4906=DIRECTION('center_axis',(0.,-1.,0.));
#4907=DIRECTION('ref_axis',(0.809016994374947,0.,-0.587785252292473));
#4908=DIRECTION('center_axis',(-0.805938440462442,0.0871557427476578,0.585548551950281));
#4909=DIRECTION('ref_axis',(0.587785252292473,0.,0.809016994374947));
#4910=DIRECTION('',(0.587785252292473,0.,0.809016994374947));
#4911=DIRECTION('center_axis',(-0.796726208379082,-0.17364817766693,0.578855473563864));
#4912=DIRECTION('ref_axis',(-0.587785252292473,0.,-0.809016994374947));
#4913=DIRECTION('center_axis',(0.796726208379082,-0.17364817766693,-0.578855473563864));
#4914=DIRECTION('ref_axis',(0.587785252292473,0.,0.809016994374947));
#4915=DIRECTION('',(-0.587785252292473,0.,-0.809016994374947));
#4916=DIRECTION('center_axis',(0.805938440462442,0.0871557427476582,-0.585548551950281));
#4917=DIRECTION('ref_axis',(-0.587785252292473,0.,-0.809016994374947));
#4918=DIRECTION('center_axis',(0.307841091416569,0.0871557427476582,0.947437459118838));
#4919=DIRECTION('ref_axis',(0.951056516295154,0.,-0.309016994374947));
#4920=DIRECTION('',(0.951056516295154,0.,-0.309016994374947));
#4921=DIRECTION('',(-0.10940789095005,0.992432509138967,-0.0557461048145613));
#4922=DIRECTION('',(-0.951056516295154,0.,0.309016994374947));
#4923=DIRECTION('center_axis',(0.304322331872978,-0.17364817766693,0.936607830800249));
#4924=DIRECTION('ref_axis',(-0.951056516295154,0.,0.309016994374947));
#4925=DIRECTION('',(-0.215583292663956,-0.970287525247814,-0.109845174098091));
#4926=DIRECTION('center_axis',(-0.304322331872978,-0.17364817766693,-0.936607830800249));
#4927=DIRECTION('ref_axis',(0.951056516295154,0.,-0.309016994374947));
#4928=DIRECTION('',(-0.951056516295154,0.,0.309016994374947));
#4929=DIRECTION('',(-0.109845174098091,-0.970287525247814,0.215583292663956));
#4930=DIRECTION('center_axis',(-0.307841091416569,0.0871557427476578,-0.947437459118838));
#4931=DIRECTION('ref_axis',(-0.951056516295154,0.,0.309016994374947));
#4932=DIRECTION('',(0.951056516295154,0.,-0.309016994374947));
#4933=DIRECTION('',(-0.055746104814562,0.992432509138967,0.109407890950049));
#4934=DIRECTION('center_axis',(0.,-1.,0.));
#4935=DIRECTION('ref_axis',(0.309016994374947,0.,0.951056516295154));
#4936=DIRECTION('center_axis',(0.,-1.,0.));
#4937=DIRECTION('ref_axis',(0.309016994374947,0.,0.951056516295154));
#4938=DIRECTION('center_axis',(0.936607830800249,-0.17364817766693,-0.304322331872978));
#4939=DIRECTION('ref_axis',(0.309016994374947,0.,0.951056516295154));
#4940=DIRECTION('',(-0.309016994374947,0.,-0.951056516295154));
#4941=DIRECTION('',(-0.309016994374947,0.,-0.951056516295154));
#4942=DIRECTION('center_axis',(0.,1.,0.));
#4943=DIRECTION('ref_axis',(0.309016994374947,0.,0.951056516295154));
#4944=DIRECTION('center_axis',(0.947437459118838,0.0871557427476586,-0.307841091416569));
#4945=DIRECTION('ref_axis',(-0.309016994374947,0.,-0.951056516295154));
#4946=DIRECTION('',(0.309016994374947,0.,0.951056516295154));
#4947=DIRECTION('center_axis',(0.,1.,0.));
#4948=DIRECTION('ref_axis',(0.309016994374947,0.,0.951056516295154));
#4949=DIRECTION('center_axis',(0.,1.,0.));
#4950=DIRECTION('ref_axis',(0.951056516295154,0.,-0.309016994374947));
#4951=DIRECTION('',(-0.309016994374947,0.,-0.951056516295154));
#4952=DIRECTION('center_axis',(0.,-1.,0.));
#4953=DIRECTION('ref_axis',(0.951056516295154,0.,-0.309016994374947));
#4954=DIRECTION('',(0.309016994374947,0.,0.951056516295154));
#4955=DIRECTION('',(0.951056516295154,0.,-0.309016994374947));
#4956=DIRECTION('center_axis',(-0.307841091416569,0.0871557427476586,-0.947437459118838));
#4957=DIRECTION('ref_axis',(-0.951056516295154,0.,0.309016994374947));
#4958=DIRECTION('',(-0.0557461048145613,0.992432509138967,0.10940789095005));
#4959=DIRECTION('',(-0.951056516295154,0.,0.309016994374947));
#4960=DIRECTION('',(0.109407890950049,0.992432509138967,0.055746104814562));
#4961=DIRECTION('center_axis',(0.,1.,0.));
#4962=DIRECTION('ref_axis',(0.951056516295154,0.,-0.309016994374947));
#4963=DIRECTION('',(-0.951056516295154,0.,0.309016994374947));
#4964=DIRECTION('center_axis',(-0.304322331872978,-0.17364817766693,-0.936607830800249));
#4965=DIRECTION('ref_axis',(0.951056516295154,0.,-0.309016994374947));
#4966=DIRECTION('',(0.215583292663956,-0.970287525247814,0.109845174098091));
#4967=DIRECTION('',(-0.109845174098091,-0.970287525247814,0.215583292663956));
#4968=DIRECTION('center_axis',(0.,-1.,0.));
#4969=DIRECTION('ref_axis',(0.951056516295154,0.,-0.309016994374947));
#4970=DIRECTION('center_axis',(-0.947437459118838,0.0871557427476578,0.307841091416569));
#4971=DIRECTION('ref_axis',(0.309016994374947,0.,0.951056516295154));
#4972=DIRECTION('',(0.309016994374947,0.,0.951056516295154));
#4973=DIRECTION('center_axis',(-0.936607830800249,-0.17364817766693,0.304322331872978));
#4974=DIRECTION('ref_axis',(-0.309016994374947,0.,-0.951056516295154));
#4975=DIRECTION('center_axis',(0.936607830800249,-0.17364817766693,-0.304322331872978));
#4976=DIRECTION('ref_axis',(0.309016994374947,0.,0.951056516295154));
#4977=DIRECTION('',(-0.309016994374947,0.,-0.951056516295154));
#4978=DIRECTION('center_axis',(0.947437459118838,0.0871557427476582,-0.307841091416569));
#4979=DIRECTION('ref_axis',(-0.309016994374947,0.,-0.951056516295154));
#4980=DIRECTION('center_axis',(0.585548551950281,0.0871557427476582,0.805938440462442));
#4981=DIRECTION('ref_axis',(0.809016994374947,0.,-0.587785252292473));
#4982=DIRECTION('',(0.809016994374947,0.,-0.587785252292473));
#4983=DIRECTION('',(-0.121279581380061,0.992432509138967,-0.0192087986196747));
#4984=DIRECTION('',(-0.809016994374947,0.,0.587785252292473));
#4985=DIRECTION('center_axis',(0.578855473563864,-0.17364817766693,0.796726208379082));
#4986=DIRECTION('ref_axis',(-0.809016994374947,0.,0.587785252292473));
#4987=DIRECTION('',(-0.238975920838806,-0.970287525247814,-0.0378500674730948));
#4988=DIRECTION('center_axis',(-0.578855473563864,-0.17364817766693,-0.796726208379082));
#4989=DIRECTION('ref_axis',(0.809016994374947,0.,-0.587785252292473));
#4990=DIRECTION('',(-0.809016994374947,0.,0.587785252292473));
#4991=DIRECTION('',(-0.037850067473095,-0.970287525247814,0.238975920838806));
#4992=DIRECTION('center_axis',(-0.585548551950281,0.0871557427476578,-0.805938440462442));
#4993=DIRECTION('ref_axis',(-0.809016994374947,0.,0.587785252292473));
#4994=DIRECTION('',(0.809016994374947,0.,-0.587785252292473));
#4995=DIRECTION('',(-0.0192087986196755,0.992432509138967,0.121279581380061));
#4996=DIRECTION('center_axis',(0.,-1.,0.));
#4997=DIRECTION('ref_axis',(0.587785252292473,0.,0.809016994374947));
#4998=DIRECTION('center_axis',(0.,-1.,0.));
#4999=DIRECTION('ref_axis',(0.587785252292473,0.,0.809016994374947));
#5000=DIRECTION('center_axis',(0.796726208379082,-0.17364817766693,-0.578855473563864));
#5001=DIRECTION('ref_axis',(0.587785252292473,0.,0.809016994374947));
#5002=DIRECTION('',(-0.587785252292473,0.,-0.809016994374947));
#5003=DIRECTION('',(-0.587785252292473,0.,-0.809016994374947));
#5004=DIRECTION('center_axis',(0.,1.,0.));
#5005=DIRECTION('ref_axis',(0.587785252292473,0.,0.809016994374947));
#5006=DIRECTION('center_axis',(0.805938440462442,0.0871557427476586,-0.585548551950281));
#5007=DIRECTION('ref_axis',(-0.587785252292473,0.,-0.809016994374947));
#5008=DIRECTION('',(0.587785252292473,0.,0.809016994374947));
#5009=DIRECTION('center_axis',(0.,1.,0.));
#5010=DIRECTION('ref_axis',(0.587785252292473,0.,0.809016994374947));
#5011=DIRECTION('center_axis',(0.,1.,0.));
#5012=DIRECTION('ref_axis',(0.309016994374948,0.,-0.951056516295153));
#5013=DIRECTION('',(-0.951056516295153,0.,-0.309016994374948));
#5014=DIRECTION('center_axis',(0.,-1.,0.));
#5015=DIRECTION('ref_axis',(0.309016994374948,0.,-0.951056516295154));
#5016=DIRECTION('',(0.951056516295153,0.,0.309016994374948));
#5017=DIRECTION('',(0.309016994374948,0.,-0.951056516295153));
#5018=DIRECTION('center_axis',(-0.947437459118838,0.0871557427476586,-0.30784109141657));
#5019=DIRECTION('ref_axis',(-0.309016994374948,0.,0.951056516295153));
#5020=DIRECTION('',(0.0557461048145618,0.992432509138967,0.10940789095005));
#5021=DIRECTION('',(-0.309016994374948,0.,0.951056516295153));
#5022=DIRECTION('',(0.10940789095005,0.992432509138967,-0.055746104814561));
#5023=DIRECTION('center_axis',(0.,1.,0.));
#5024=DIRECTION('ref_axis',(0.309016994374948,0.,-0.951056516295153));
#5025=DIRECTION('',(-0.309016994374948,0.,0.951056516295153));
#5026=DIRECTION('center_axis',(-0.936607830800249,-0.17364817766693,-0.304322331872978));
#5027=DIRECTION('ref_axis',(0.309016994374948,0.,-0.951056516295153));
#5028=DIRECTION('',(0.215583292663956,-0.970287525247814,-0.109845174098091));
#5029=DIRECTION('',(0.109845174098091,-0.970287525247814,0.215583292663956));
#5030=DIRECTION('center_axis',(0.,-1.,0.));
#5031=DIRECTION('ref_axis',(0.309016994374948,0.,-0.951056516295154));
#5032=DIRECTION('center_axis',(-0.30784109141657,0.0871557427476578,0.947437459118838));
#5033=DIRECTION('ref_axis',(0.951056516295153,0.,0.309016994374948));
#5034=DIRECTION('',(0.951056516295153,0.,0.309016994374948));
#5035=DIRECTION('center_axis',(-0.304322331872978,-0.17364817766693,0.936607830800249));
#5036=DIRECTION('ref_axis',(-0.951056516295153,0.,-0.309016994374948));
#5037=DIRECTION('center_axis',(0.304322331872978,-0.17364817766693,-0.936607830800249));
#5038=DIRECTION('ref_axis',(0.951056516295153,0.,0.309016994374948));
#5039=DIRECTION('',(-0.951056516295153,0.,-0.309016994374948));
#5040=DIRECTION('center_axis',(0.30784109141657,0.0871557427476582,-0.947437459118838));
#5041=DIRECTION('ref_axis',(-0.951056516295153,0.,-0.309016994374948));
#5042=DIRECTION('center_axis',(-6.0999332417281E-17,0.0871557427476582,
0.996194698091746));
#5043=DIRECTION('ref_axis',(1.,0.,6.12323399573677E-17));
#5044=DIRECTION('',(1.,0.,6.12323399573677E-17));
#5045=DIRECTION('',(-0.086826593864248,0.992432509138967,-0.0868265938642476));
#5046=DIRECTION('',(-1.,0.,-6.12323399573677E-17));
#5047=DIRECTION('center_axis',(-6.03020831250949E-17,-0.17364817766693,
0.984807753012208));
#5048=DIRECTION('ref_axis',(-1.,0.,-6.12323399573677E-17));
#5049=DIRECTION('',(-0.171087869746036,-0.970287525247814,-0.171087869746035));
#5050=DIRECTION('center_axis',(6.03020831250949E-17,-0.17364817766693,-0.984807753012208));
#5051=DIRECTION('ref_axis',(1.,0.,6.12323399573677E-17));
#5052=DIRECTION('',(-1.,0.,-6.12323399573677E-17));
#5053=DIRECTION('',(-0.171087869746036,-0.970287525247814,0.171087869746035));
#5054=DIRECTION('center_axis',(6.0999332417281E-17,0.0871557427476578,-0.996194698091746));
#5055=DIRECTION('ref_axis',(-1.,0.,-6.12323399573677E-17));
#5056=DIRECTION('',(1.,0.,6.12323399573677E-17));
#5057=DIRECTION('',(-0.086826593864248,0.992432509138967,0.0868265938642473));
#5058=DIRECTION('center_axis',(0.,-1.,0.));
#5059=DIRECTION('ref_axis',(-6.12323399573677E-17,0.,1.));
#5060=DIRECTION('center_axis',(0.,-1.,0.));
#5061=DIRECTION('ref_axis',(-6.12323399573677E-17,0.,1.));
#5062=DIRECTION('center_axis',(0.984807753012208,-0.17364817766693,6.03020831250949E-17));
#5063=DIRECTION('ref_axis',(-6.12323399573677E-17,0.,1.));
#5064=DIRECTION('',(6.12323399573677E-17,0.,-1.));
#5065=DIRECTION('',(6.12323399573677E-17,0.,-1.));
#5066=DIRECTION('center_axis',(0.,1.,0.));
#5067=DIRECTION('ref_axis',(-6.12323399573677E-17,0.,1.));
#5068=DIRECTION('center_axis',(0.996194698091746,0.0871557427476586,6.0999332417281E-17));
#5069=DIRECTION('ref_axis',(6.12323399573677E-17,0.,-1.));
#5070=DIRECTION('',(-6.12323399573677E-17,0.,1.));
#5071=DIRECTION('center_axis',(0.,1.,0.));
#5072=DIRECTION('ref_axis',(-6.12323399573677E-17,0.,1.));
#5073=DIRECTION('center_axis',(0.,1.,0.));
#5074=DIRECTION('ref_axis',(-0.951056516295154,0.,0.309016994374947));
#5075=DIRECTION('',(0.309016994374947,0.,0.951056516295154));
#5076=DIRECTION('center_axis',(0.,-1.,0.));
#5077=DIRECTION('ref_axis',(-0.951056516295154,0.,0.309016994374947));
#5078=DIRECTION('',(-0.309016994374947,0.,-0.951056516295154));
#5079=DIRECTION('',(-0.951056516295154,0.,0.309016994374947));
#5080=DIRECTION('center_axis',(0.307841091416569,0.0871557427476586,0.947437459118838));
#5081=DIRECTION('ref_axis',(0.951056516295154,0.,-0.309016994374947));
#5082=DIRECTION('',(0.0557461048145613,0.992432509138967,-0.10940789095005));
#5083=DIRECTION('',(0.951056516295154,0.,-0.309016994374947));
#5084=DIRECTION('',(-0.109407890950049,0.992432509138967,-0.0557461048145619));
#5085=DIRECTION('center_axis',(0.,1.,0.));
#5086=DIRECTION('ref_axis',(-0.951056516295154,0.,0.309016994374947));
#5087=DIRECTION('',(0.951056516295154,0.,-0.309016994374947));
#5088=DIRECTION('center_axis',(0.304322331872978,-0.17364817766693,0.936607830800249));
#5089=DIRECTION('ref_axis',(-0.951056516295154,0.,0.309016994374947));
#5090=DIRECTION('',(-0.215583292663956,-0.970287525247814,-0.109845174098091));
#5091=DIRECTION('',(0.109845174098091,-0.970287525247814,-0.215583292663956));
#5092=DIRECTION('center_axis',(0.,-1.,0.));
#5093=DIRECTION('ref_axis',(-0.951056516295154,0.,0.309016994374947));
#5094=DIRECTION('center_axis',(0.947437459118838,0.0871557427476578,-0.307841091416569));
#5095=DIRECTION('ref_axis',(-0.309016994374947,0.,-0.951056516295154));
#5096=DIRECTION('',(-0.309016994374947,0.,-0.951056516295154));
#5097=DIRECTION('center_axis',(0.936607830800249,-0.17364817766693,-0.304322331872978));
#5098=DIRECTION('ref_axis',(0.309016994374947,0.,0.951056516295154));
#5099=DIRECTION('center_axis',(-0.936607830800249,-0.17364817766693,0.304322331872978));
#5100=DIRECTION('ref_axis',(-0.309016994374947,0.,-0.951056516295154));
#5101=DIRECTION('',(0.309016994374947,0.,0.951056516295154));
#5102=DIRECTION('center_axis',(-0.947437459118838,0.0871557427476582,0.307841091416569));
#5103=DIRECTION('ref_axis',(0.309016994374947,0.,0.951056516295154));
#5104=DIRECTION('center_axis',(-0.307841091416569,0.0871557427476582,0.947437459118838));
#5105=DIRECTION('ref_axis',(0.951056516295154,0.,0.309016994374948));
#5106=DIRECTION('',(0.951056516295154,0.,0.309016994374948));
#5107=DIRECTION('',(-0.0557461048145618,0.992432509138967,-0.10940789095005));
#5108=DIRECTION('',(-0.951056516295154,0.,-0.309016994374948));
#5109=DIRECTION('center_axis',(-0.304322331872978,-0.17364817766693,0.936607830800249));
#5110=DIRECTION('ref_axis',(-0.951056516295154,0.,-0.309016994374948));
#5111=DIRECTION('',(-0.109845174098091,-0.970287525247814,-0.215583292663956));
#5112=DIRECTION('center_axis',(0.304322331872978,-0.17364817766693,-0.936607830800249));
#5113=DIRECTION('ref_axis',(0.951056516295154,0.,0.309016994374948));
#5114=DIRECTION('',(-0.951056516295154,0.,-0.309016994374948));
#5115=DIRECTION('',(-0.215583292663956,-0.970287525247814,0.109845174098091));
#5116=DIRECTION('center_axis',(0.307841091416569,0.0871557427476578,-0.947437459118838));
#5117=DIRECTION('ref_axis',(-0.951056516295154,0.,-0.309016994374948));
#5118=DIRECTION('',(0.951056516295154,0.,0.309016994374948));
#5119=DIRECTION('',(-0.10940789095005,0.992432509138967,0.055746104814561));
#5120=DIRECTION('center_axis',(0.,-1.,0.));
#5121=DIRECTION('ref_axis',(-0.309016994374948,0.,0.951056516295154));
#5122=DIRECTION('center_axis',(0.,-1.,0.));
#5123=DIRECTION('ref_axis',(-0.309016994374948,0.,0.951056516295154));
#5124=DIRECTION('center_axis',(0.936607830800249,-0.17364817766693,0.304322331872978));
#5125=DIRECTION('ref_axis',(-0.309016994374948,0.,0.951056516295154));
#5126=DIRECTION('',(0.309016994374948,0.,-0.951056516295154));
#5127=DIRECTION('',(0.309016994374948,0.,-0.951056516295154));
#5128=DIRECTION('center_axis',(0.,1.,0.));
#5129=DIRECTION('ref_axis',(-0.309016994374948,0.,0.951056516295154));
#5130=DIRECTION('center_axis',(0.947437459118838,0.0871557427476586,0.307841091416569));
#5131=DIRECTION('ref_axis',(0.309016994374948,0.,-0.951056516295154));
#5132=DIRECTION('',(-0.309016994374948,0.,0.951056516295154));
#5133=DIRECTION('center_axis',(0.,1.,0.));
#5134=DIRECTION('ref_axis',(-0.309016994374948,0.,0.951056516295154));
#5135=DIRECTION('center_axis',(0.,1.,0.));
#5136=DIRECTION('ref_axis',(-1.,0.,0.));
#5137=DIRECTION('',(0.,0.,1.));
#5138=DIRECTION('center_axis',(0.,-1.,0.));
#5139=DIRECTION('ref_axis',(-1.,0.,0.));
#5140=DIRECTION('',(0.,0.,-1.));
#5141=DIRECTION('',(-1.,0.,0.));
#5142=DIRECTION('center_axis',(0.,0.0871557427476586,0.996194698091746));
#5143=DIRECTION('ref_axis',(1.,0.,0.));
#5144=DIRECTION('',(0.0868265938642476,0.992432509138967,-0.086826593864248));
#5145=DIRECTION('',(1.,0.,0.));
#5146=DIRECTION('',(-0.0868265938642473,0.992432509138967,-0.086826593864248));
#5147=DIRECTION('center_axis',(0.,1.,0.));
#5148=DIRECTION('ref_axis',(-1.,0.,0.));
#5149=DIRECTION('',(1.,0.,0.));
#5150=DIRECTION('center_axis',(0.,-0.17364817766693,0.984807753012208));
#5151=DIRECTION('ref_axis',(-1.,0.,0.));
#5152=DIRECTION('',(-0.171087869746035,-0.970287525247814,-0.171087869746036));
#5153=DIRECTION('',(0.171087869746035,-0.970287525247814,-0.171087869746036));
#5154=DIRECTION('center_axis',(0.,-1.,0.));
#5155=DIRECTION('ref_axis',(-1.,0.,0.));
#5156=DIRECTION('center_axis',(0.996194698091746,0.0871557427476578,0.));
#5157=DIRECTION('ref_axis',(0.,0.,-1.));
#5158=DIRECTION('',(0.,0.,-1.));
#5159=DIRECTION('center_axis',(0.984807753012208,-0.17364817766693,0.));
#5160=DIRECTION('ref_axis',(0.,0.,1.));
#5161=DIRECTION('center_axis',(-0.984807753012208,-0.17364817766693,0.));
#5162=DIRECTION('ref_axis',(0.,0.,-1.));
#5163=DIRECTION('',(0.,0.,1.));
#5164=DIRECTION('center_axis',(-0.996194698091746,0.0871557427476582,0.));
#5165=DIRECTION('ref_axis',(0.,0.,1.));
#5166=DIRECTION('center_axis',(-0.585548551950281,0.0871557427476582,0.805938440462442));
#5167=DIRECTION('ref_axis',(0.809016994374947,0.,0.587785252292473));
#5168=DIRECTION('',(0.809016994374947,0.,0.587785252292473));
#5169=DIRECTION('',(-0.0192087986196753,0.992432509138967,-0.121279581380061));
#5170=DIRECTION('',(-0.809016994374947,0.,-0.587785252292473));
#5171=DIRECTION('center_axis',(-0.578855473563864,-0.17364817766693,0.796726208379082));
#5172=DIRECTION('ref_axis',(-0.809016994374947,0.,-0.587785252292473));
#5173=DIRECTION('',(-0.037850067473095,-0.970287525247814,-0.238975920838805));
#5174=DIRECTION('center_axis',(0.578855473563864,-0.17364817766693,-0.796726208379082));
#5175=DIRECTION('ref_axis',(0.809016994374947,0.,0.587785252292473));
#5176=DIRECTION('',(-0.809016994374947,0.,-0.587785252292473));
#5177=DIRECTION('',(-0.238975920838806,-0.970287525247814,0.0378500674730948));
#5178=DIRECTION('center_axis',(0.585548551950281,0.0871557427476578,-0.805938440462442));
#5179=DIRECTION('ref_axis',(-0.809016994374947,0.,-0.587785252292473));
#5180=DIRECTION('',(0.809016994374947,0.,0.587785252292473));
#5181=DIRECTION('',(-0.121279581380061,0.992432509138967,0.0192087986196744));
#5182=DIRECTION('center_axis',(0.,-1.,0.));
#5183=DIRECTION('ref_axis',(-0.587785252292473,0.,0.809016994374947));
#5184=DIRECTION('center_axis',(0.,-1.,0.));
#5185=DIRECTION('ref_axis',(-0.587785252292473,0.,0.809016994374947));
#5186=DIRECTION('center_axis',(0.796726208379082,-0.17364817766693,0.578855473563864));
#5187=DIRECTION('ref_axis',(-0.587785252292473,0.,0.809016994374947));
#5188=DIRECTION('',(0.587785252292473,0.,-0.809016994374947));
#5189=DIRECTION('',(0.587785252292473,0.,-0.809016994374947));
#5190=DIRECTION('center_axis',(0.,1.,0.));
#5191=DIRECTION('ref_axis',(-0.587785252292473,0.,0.809016994374947));
#5192=DIRECTION('center_axis',(0.805938440462442,0.0871557427476586,0.585548551950281));
#5193=DIRECTION('ref_axis',(0.587785252292473,0.,-0.809016994374947));
#5194=DIRECTION('',(-0.587785252292473,0.,0.809016994374947));
#5195=DIRECTION('center_axis',(0.,1.,0.));
#5196=DIRECTION('ref_axis',(-0.587785252292473,0.,0.809016994374947));
#5197=DIRECTION('center_axis',(0.,1.,0.));
#5198=DIRECTION('ref_axis',(-0.587785252292473,0.,-0.809016994374948));
#5199=DIRECTION('',(-0.809016994374948,0.,0.587785252292473));
#5200=DIRECTION('center_axis',(0.,-1.,0.));
#5201=DIRECTION('ref_axis',(-0.587785252292473,0.,-0.809016994374948));
#5202=DIRECTION('',(0.809016994374948,0.,-0.587785252292473));
#5203=DIRECTION('',(-0.587785252292473,0.,-0.809016994374948));
#5204=DIRECTION('center_axis',(-0.805938440462442,0.0871557427476586,0.585548551950281));
#5205=DIRECTION('ref_axis',(0.587785252292473,0.,0.809016994374948));
#5206=DIRECTION('',(0.121279581380061,0.992432509138967,0.0192087986196747));
#5207=DIRECTION('',(0.587785252292473,0.,0.809016994374948));
#5208=DIRECTION('',(0.0192087986196755,0.992432509138967,-0.121279581380061));
#5209=DIRECTION('center_axis',(0.,1.,0.));
#5210=DIRECTION('ref_axis',(-0.587785252292473,0.,-0.809016994374948));
#5211=DIRECTION('',(0.587785252292473,0.,0.809016994374948));
#5212=DIRECTION('center_axis',(-0.796726208379082,-0.17364817766693,0.578855473563864));
#5213=DIRECTION('ref_axis',(-0.587785252292473,0.,-0.809016994374948));
#5214=DIRECTION('',(0.037850067473095,-0.970287525247814,-0.238975920838805));
#5215=DIRECTION('',(0.238975920838805,-0.970287525247814,0.0378500674730949));
#5216=DIRECTION('center_axis',(0.,-1.,0.));
#5217=DIRECTION('ref_axis',(-0.587785252292473,0.,-0.809016994374948));
#5218=DIRECTION('center_axis',(0.585548551950281,0.0871557427476578,0.805938440462442));
#5219=DIRECTION('ref_axis',(0.809016994374948,0.,-0.587785252292473));
#5220=DIRECTION('',(0.809016994374948,0.,-0.587785252292473));
#5221=DIRECTION('center_axis',(0.578855473563864,-0.17364817766693,0.796726208379082));
#5222=DIRECTION('ref_axis',(-0.809016994374948,0.,0.587785252292473));
#5223=DIRECTION('center_axis',(-0.578855473563864,-0.17364817766693,-0.796726208379082));
#5224=DIRECTION('ref_axis',(0.809016994374948,0.,-0.587785252292473));
#5225=DIRECTION('',(-0.809016994374948,0.,0.587785252292473));
#5226=DIRECTION('center_axis',(-0.585548551950281,0.0871557427476582,-0.805938440462442));
#5227=DIRECTION('ref_axis',(-0.809016994374948,0.,0.587785252292473));
#5228=DIRECTION('center_axis',(-0.805938440462442,0.0871557427476582,0.585548551950281));
#5229=DIRECTION('ref_axis',(0.587785252292473,0.,0.809016994374947));
#5230=DIRECTION('',(0.587785252292473,0.,0.809016994374947));
#5231=DIRECTION('',(0.0192087986196747,0.992432509138967,-0.121279581380061));
#5232=DIRECTION('',(-0.587785252292473,0.,-0.809016994374947));
#5233=DIRECTION('center_axis',(-0.796726208379082,-0.17364817766693,0.578855473563864));
#5234=DIRECTION('ref_axis',(-0.587785252292473,0.,-0.809016994374947));
#5235=DIRECTION('',(0.0378500674730948,-0.970287525247814,-0.238975920838806));
#5236=DIRECTION('center_axis',(0.796726208379082,-0.17364817766693,-0.578855473563864));
#5237=DIRECTION('ref_axis',(0.587785252292473,0.,0.809016994374947));
#5238=DIRECTION('',(-0.587785252292473,0.,-0.809016994374947));
#5239=DIRECTION('',(-0.238975920838805,-0.970287525247814,-0.037850067473095));
#5240=DIRECTION('center_axis',(0.805938440462442,0.0871557427476578,-0.585548551950281));
#5241=DIRECTION('ref_axis',(-0.587785252292473,0.,-0.809016994374947));
#5242=DIRECTION('',(0.587785252292473,0.,0.809016994374947));
#5243=DIRECTION('',(-0.121279581380061,0.992432509138967,-0.0192087986196755));
#5244=DIRECTION('center_axis',(0.,-1.,0.));
#5245=DIRECTION('ref_axis',(-0.809016994374947,0.,0.587785252292473));
#5246=DIRECTION('center_axis',(0.,-1.,0.));
#5247=DIRECTION('ref_axis',(-0.809016994374947,0.,0.587785252292473));
#5248=DIRECTION('center_axis',(0.578855473563864,-0.17364817766693,0.796726208379082));
#5249=DIRECTION('ref_axis',(-0.809016994374947,0.,0.587785252292473));
#5250=DIRECTION('',(0.809016994374947,0.,-0.587785252292473));
#5251=DIRECTION('',(0.809016994374947,0.,-0.587785252292473));
#5252=DIRECTION('center_axis',(0.,1.,0.));
#5253=DIRECTION('ref_axis',(-0.809016994374947,0.,0.587785252292473));
#5254=DIRECTION('center_axis',(0.585548551950281,0.0871557427476586,0.805938440462442));
#5255=DIRECTION('ref_axis',(0.809016994374947,0.,-0.587785252292473));
#5256=DIRECTION('',(-0.809016994374947,0.,0.587785252292473));
#5257=DIRECTION('center_axis',(0.,1.,0.));
#5258=DIRECTION('ref_axis',(-0.809016994374947,0.,0.587785252292473));
#5259=DIRECTION('center_axis',(0.,1.,0.));
#5260=DIRECTION('ref_axis',(-0.809016994374947,0.,-0.587785252292473));
#5261=DIRECTION('',(-0.587785252292473,0.,0.809016994374947));
#5262=DIRECTION('center_axis',(0.,-1.,0.));
#5263=DIRECTION('ref_axis',(-0.809016994374947,0.,-0.587785252292473));
#5264=DIRECTION('',(0.587785252292473,0.,-0.809016994374947));
#5265=DIRECTION('',(-0.809016994374947,0.,-0.587785252292473));
#5266=DIRECTION('center_axis',(-0.585548551950281,0.0871557427476586,0.805938440462442));
#5267=DIRECTION('ref_axis',(0.809016994374947,0.,0.587785252292473));
#5268=DIRECTION('',(0.121279581380061,0.992432509138967,-0.0192087986196753));
#5269=DIRECTION('',(0.809016994374947,0.,0.587785252292473));
#5270=DIRECTION('',(-0.0192087986196744,0.992432509138967,-0.121279581380061));
#5271=DIRECTION('center_axis',(0.,1.,0.));
#5272=DIRECTION('ref_axis',(-0.809016994374947,0.,-0.587785252292473));
#5273=DIRECTION('',(0.809016994374947,0.,0.587785252292473));
#5274=DIRECTION('center_axis',(-0.578855473563864,-0.17364817766693,0.796726208379082));
#5275=DIRECTION('ref_axis',(-0.809016994374947,0.,-0.587785252292473));
#5276=DIRECTION('',(-0.0378500674730948,-0.970287525247814,-0.238975920838806));
#5277=DIRECTION('',(0.238975920838806,-0.970287525247814,-0.0378500674730949));
#5278=DIRECTION('center_axis',(0.,-1.,0.));
#5279=DIRECTION('ref_axis',(-0.809016994374947,0.,-0.587785252292473));
#5280=DIRECTION('center_axis',(0.805938440462442,0.0871557427476578,0.585548551950281));
#5281=DIRECTION('ref_axis',(0.587785252292473,0.,-0.809016994374947));
#5282=DIRECTION('',(0.587785252292473,0.,-0.809016994374947));
#5283=DIRECTION('center_axis',(0.796726208379082,-0.17364817766693,0.578855473563864));
#5284=DIRECTION('ref_axis',(-0.587785252292473,0.,0.809016994374947));
#5285=DIRECTION('center_axis',(-0.796726208379082,-0.17364817766693,-0.578855473563864));
#5286=DIRECTION('ref_axis',(0.587785252292473,0.,-0.809016994374947));
#5287=DIRECTION('',(-0.587785252292473,0.,0.809016994374947));
#5288=DIRECTION('center_axis',(-0.805938440462442,0.0871557427476582,-0.585548551950281));
#5289=DIRECTION('ref_axis',(-0.587785252292473,0.,0.809016994374947));
#5290=DIRECTION('center_axis',(-0.307841091416569,0.0871557427476582,-0.947437459118838));
#5291=DIRECTION('ref_axis',(-0.951056516295154,0.,0.309016994374947));
#5292=DIRECTION('',(-0.951056516295154,0.,0.309016994374947));
#5293=DIRECTION('',(0.10940789095005,0.992432509138967,0.0557461048145613));
#5294=DIRECTION('',(0.951056516295154,0.,-0.309016994374947));
#5295=DIRECTION('center_axis',(-0.304322331872978,-0.17364817766693,-0.936607830800249));
#5296=DIRECTION('ref_axis',(0.951056516295154,0.,-0.309016994374947));
#5297=DIRECTION('',(0.215583292663956,-0.970287525247814,0.109845174098091));
#5298=DIRECTION('center_axis',(0.304322331872978,-0.17364817766693,0.936607830800249));
#5299=DIRECTION('ref_axis',(-0.951056516295154,0.,0.309016994374947));
#5300=DIRECTION('',(0.951056516295154,0.,-0.309016994374947));
#5301=DIRECTION('',(0.109845174098091,-0.970287525247814,-0.215583292663956));
#5302=DIRECTION('center_axis',(0.307841091416569,0.0871557427476578,0.947437459118838));
#5303=DIRECTION('ref_axis',(0.951056516295154,0.,-0.309016994374947));
#5304=DIRECTION('',(-0.951056516295154,0.,0.309016994374947));
#5305=DIRECTION('',(0.055746104814562,0.992432509138967,-0.109407890950049));
#5306=DIRECTION('center_axis',(0.,-1.,0.));
#5307=DIRECTION('ref_axis',(-0.309016994374947,0.,-0.951056516295154));
#5308=DIRECTION('center_axis',(0.,-1.,0.));
#5309=DIRECTION('ref_axis',(-0.309016994374947,0.,-0.951056516295154));
#5310=DIRECTION('center_axis',(-0.936607830800249,-0.17364817766693,0.304322331872978));
#5311=DIRECTION('ref_axis',(-0.309016994374947,0.,-0.951056516295154));
#5312=DIRECTION('',(0.309016994374947,0.,0.951056516295154));
#5313=DIRECTION('',(0.309016994374947,0.,0.951056516295154));
#5314=DIRECTION('center_axis',(0.,1.,0.));
#5315=DIRECTION('ref_axis',(-0.309016994374947,0.,-0.951056516295154));
#5316=DIRECTION('center_axis',(-0.947437459118838,0.0871557427476586,0.307841091416569));
#5317=DIRECTION('ref_axis',(0.309016994374947,0.,0.951056516295154));
#5318=DIRECTION('',(-0.309016994374947,0.,-0.951056516295154));
#5319=DIRECTION('center_axis',(0.,1.,0.));
#5320=DIRECTION('ref_axis',(-0.309016994374947,0.,-0.951056516295154));
#5321=DIRECTION('center_axis',(0.,1.,0.));
#5322=DIRECTION('ref_axis',(-0.951056516295153,0.,-0.309016994374948));
#5323=DIRECTION('',(-0.309016994374948,0.,0.951056516295153));
#5324=DIRECTION('center_axis',(0.,-1.,0.));
#5325=DIRECTION('ref_axis',(-0.951056516295154,0.,-0.309016994374948));
#5326=DIRECTION('',(0.309016994374948,0.,-0.951056516295153));
#5327=DIRECTION('',(-0.951056516295153,0.,-0.309016994374948));
#5328=DIRECTION('center_axis',(-0.30784109141657,0.0871557427476586,0.947437459118838));
#5329=DIRECTION('ref_axis',(0.951056516295153,0.,0.309016994374948));
#5330=DIRECTION('',(0.10940789095005,0.992432509138967,-0.0557461048145618));
#5331=DIRECTION('',(0.951056516295153,0.,0.309016994374948));
#5332=DIRECTION('',(-0.055746104814561,0.992432509138967,-0.10940789095005));
#5333=DIRECTION('center_axis',(0.,1.,0.));
#5334=DIRECTION('ref_axis',(-0.951056516295153,0.,-0.309016994374948));
#5335=DIRECTION('',(0.951056516295153,0.,0.309016994374948));
#5336=DIRECTION('center_axis',(-0.304322331872978,-0.17364817766693,0.936607830800249));
#5337=DIRECTION('ref_axis',(-0.951056516295153,0.,-0.309016994374948));
#5338=DIRECTION('',(-0.109845174098091,-0.970287525247814,-0.215583292663956));
#5339=DIRECTION('',(0.215583292663956,-0.970287525247814,-0.109845174098091));
#5340=DIRECTION('center_axis',(0.,-1.,0.));
#5341=DIRECTION('ref_axis',(-0.951056516295154,0.,-0.309016994374948));
#5342=DIRECTION('center_axis',(0.947437459118838,0.0871557427476578,0.30784109141657));
#5343=DIRECTION('ref_axis',(0.309016994374948,0.,-0.951056516295153));
#5344=DIRECTION('',(0.309016994374948,0.,-0.951056516295153));
#5345=DIRECTION('center_axis',(0.936607830800249,-0.17364817766693,0.304322331872978));
#5346=DIRECTION('ref_axis',(-0.309016994374948,0.,0.951056516295153));
#5347=DIRECTION('center_axis',(-0.936607830800249,-0.17364817766693,-0.304322331872978));
#5348=DIRECTION('ref_axis',(0.309016994374948,0.,-0.951056516295153));
#5349=DIRECTION('',(-0.309016994374948,0.,0.951056516295153));
#5350=DIRECTION('center_axis',(-0.947437459118838,0.0871557427476582,-0.30784109141657));
#5351=DIRECTION('ref_axis',(-0.309016994374948,0.,0.951056516295153));
#5352=DIRECTION('center_axis',(1.82997997251843E-16,0.0871557427476582,
-0.996194698091746));
#5353=DIRECTION('ref_axis',(-1.,0.,-1.83697019872103E-16));
#5354=DIRECTION('',(-1.,0.,-1.83697019872103E-16));
#5355=DIRECTION('',(0.086826593864248,0.992432509138967,0.0868265938642476));
#5356=DIRECTION('',(1.,0.,1.83697019872103E-16));
#5357=DIRECTION('center_axis',(1.80906249375285E-16,-0.17364817766693,-0.984807753012208));
#5358=DIRECTION('ref_axis',(1.,0.,1.83697019872103E-16));
#5359=DIRECTION('',(0.171087869746036,-0.970287525247814,0.171087869746036));
#5360=DIRECTION('center_axis',(-1.80906249375285E-16,-0.17364817766693,
0.984807753012208));
#5361=DIRECTION('ref_axis',(-1.,0.,-1.83697019872103E-16));
#5362=DIRECTION('',(1.,0.,1.83697019872103E-16));
#5363=DIRECTION('',(0.171087869746036,-0.970287525247814,-0.171087869746035));
#5364=DIRECTION('center_axis',(-1.82997997251843E-16,0.0871557427476578,
0.996194698091746));
#5365=DIRECTION('ref_axis',(1.,0.,1.83697019872103E-16));
#5366=DIRECTION('',(-1.,0.,-1.83697019872103E-16));
#5367=DIRECTION('',(0.086826593864248,0.992432509138967,-0.0868265938642472));
#5368=DIRECTION('center_axis',(0.,-1.,0.));
#5369=DIRECTION('ref_axis',(1.83697019872103E-16,0.,-1.));
#5370=DIRECTION('center_axis',(0.,-1.,0.));
#5371=DIRECTION('ref_axis',(1.83697019872103E-16,0.,-1.));
#5372=DIRECTION('center_axis',(-0.984807753012208,-0.17364817766693,-1.80906249375285E-16));
#5373=DIRECTION('ref_axis',(1.83697019872103E-16,0.,-1.));
#5374=DIRECTION('',(-1.83697019872103E-16,0.,1.));
#5375=DIRECTION('',(-1.83697019872103E-16,0.,1.));
#5376=DIRECTION('center_axis',(0.,1.,0.));
#5377=DIRECTION('ref_axis',(1.83697019872103E-16,0.,-1.));
#5378=DIRECTION('center_axis',(-0.996194698091746,0.0871557427476586,-1.82997997251843E-16));
#5379=DIRECTION('ref_axis',(-1.83697019872103E-16,0.,1.));
#5380=DIRECTION('',(1.83697019872103E-16,0.,-1.));
#5381=DIRECTION('center_axis',(0.,1.,0.));
#5382=DIRECTION('ref_axis',(1.83697019872103E-16,0.,-1.));
#5383=DIRECTION('center_axis',(0.,1.,0.));
#5384=DIRECTION('ref_axis',(-1.,0.,0.));
#5385=DIRECTION('center_axis',(0.,-1.,0.));
#5386=DIRECTION('ref_axis',(-1.,0.,0.));
#5387=DIRECTION('center_axis',(0.,-1.,0.));
#5388=DIRECTION('ref_axis',(-1.,0.,0.));
#5389=DIRECTION('center_axis',(0.,1.,0.));
#5390=DIRECTION('ref_axis',(-1.,0.,0.));
#5391=DIRECTION('center_axis',(0.,1.,0.));
#5392=DIRECTION('ref_axis',(-1.,0.,0.));
#5393=DIRECTION('center_axis',(0.,1.,0.));
#5394=DIRECTION('ref_axis',(-1.,0.,0.));
#5395=DIRECTION('center_axis',(0.,1.,0.));
#5396=DIRECTION('ref_axis',(-1.,0.,0.));
#5397=DIRECTION('center_axis',(0.,1.,0.));
#5398=DIRECTION('ref_axis',(-1.,0.,0.));
#5399=DIRECTION('center_axis',(0.,1.,0.));
#5400=DIRECTION('ref_axis',(-1.,0.,0.));
#5401=DIRECTION('center_axis',(0.,1.,0.));
#5402=DIRECTION('ref_axis',(-1.,0.,0.));
#5403=DIRECTION('center_axis',(0.,1.,0.));
#5404=DIRECTION('ref_axis',(-1.,0.,0.));
#5405=DIRECTION('center_axis',(0.,1.,0.));
#5406=DIRECTION('ref_axis',(-1.,0.,0.));
#5407=DIRECTION('center_axis',(0.,1.,0.));
#5408=DIRECTION('ref_axis',(-1.,0.,0.));
#5409=DIRECTION('center_axis',(0.,1.,0.));
#5410=DIRECTION('ref_axis',(-1.,0.,0.));
#5411=DIRECTION('center_axis',(0.,1.,0.));
#5412=DIRECTION('ref_axis',(-1.,0.,0.));
#5413=DIRECTION('center_axis',(0.,1.,0.));
#5414=DIRECTION('ref_axis',(-1.,0.,0.));
#5415=DIRECTION('center_axis',(0.,1.,0.));
#5416=DIRECTION('ref_axis',(-1.,0.,0.));
#5417=DIRECTION('center_axis',(0.,1.,0.));
#5418=DIRECTION('ref_axis',(-1.,0.,0.));
#5419=DIRECTION('center_axis',(0.,1.,0.));
#5420=DIRECTION('ref_axis',(-1.,0.,0.));
#5421=DIRECTION('center_axis',(0.,1.,0.));
#5422=DIRECTION('ref_axis',(-1.,0.,0.));
#5423=DIRECTION('center_axis',(0.,1.,0.));
#5424=DIRECTION('ref_axis',(-1.,0.,0.));
#5425=DIRECTION('center_axis',(0.,1.,0.));
#5426=DIRECTION('ref_axis',(-1.,0.,0.));
#5427=DIRECTION('center_axis',(0.,1.,0.));
#5428=DIRECTION('ref_axis',(-1.,0.,0.));
#5429=DIRECTION('',(0.,-1.,0.));
#5430=DIRECTION('center_axis',(0.,1.,0.));
#5431=DIRECTION('ref_axis',(1.,0.,0.));
#5432=DIRECTION('center_axis',(0.,-1.,0.));
#5433=DIRECTION('ref_axis',(1.,0.,0.));
#5434=DIRECTION('',(0.,-1.,0.));
#5435=DIRECTION('center_axis',(0.,1.,0.));
#5436=DIRECTION('ref_axis',(1.,0.,0.));
#5437=DIRECTION('center_axis',(0.,1.,0.));
#5438=DIRECTION('ref_axis',(1.,0.,0.));
#5439=DIRECTION('center_axis',(0.,-1.,0.));
#5440=DIRECTION('ref_axis',(0.,0.,-1.));
#5441=CARTESIAN_POINT('',(0.,0.,0.));
#5442=CARTESIAN_POINT('Origin',(0.,112.,0.));
#5443=CARTESIAN_POINT('',(-3.55147571752732E-15,113.,-29.));
#5444=CARTESIAN_POINT('Origin',(0.,113.,0.));
#5445=CARTESIAN_POINT('',(-3.67394039744206E-15,112.,-30.));
#5446=CARTESIAN_POINT('Origin',(-3.55147571752732E-15,112.,-29.));
#5447=CARTESIAN_POINT('',(-30.,112.,3.67394039744206E-15));
#5448=CARTESIAN_POINT('Origin',(0.,112.,0.));
#5449=CARTESIAN_POINT('Origin',(0.,112.,0.));
#5450=CARTESIAN_POINT('Origin',(0.,113.,0.));
#5451=CARTESIAN_POINT('',(-22.0496069761982,113.,2.70029806058583E-15));
#5452=CARTESIAN_POINT('Origin',(0.,113.,0.));
#5453=CARTESIAN_POINT('Origin',(0.,0.,0.));
#5454=CARTESIAN_POINT('',(-30.,75.,-3.67394039744206E-15));
#5455=CARTESIAN_POINT('',(-30.,0.,3.67394039744206E-15));
#5456=CARTESIAN_POINT('Origin',(0.,75.,0.));
#5457=CARTESIAN_POINT('',(-20.,100.,22.3606797749979));
#5458=CARTESIAN_POINT('',(20.,100.,22.3606797749979));
#5459=CARTESIAN_POINT('Origin',(0.,100.,0.));
#5460=CARTESIAN_POINT('',(20.,85.,22.3606797749979));
#5461=CARTESIAN_POINT('',(20.,0.,22.3606797749979));
#5462=CARTESIAN_POINT('',(-20.,85.,22.3606797749979));
#5463=CARTESIAN_POINT('Origin',(0.,85.,0.));
#5464=CARTESIAN_POINT('',(-20.,0.,22.3606797749979));
#5465=CARTESIAN_POINT('Origin',(0.,100.,0.));
#5466=CARTESIAN_POINT('',(-20.,100.,15.));
#5467=CARTESIAN_POINT('',(25.,100.,3.06161699786838E-15));
#5468=CARTESIAN_POINT('Origin',(0.,100.,0.));
#5469=CARTESIAN_POINT('',(20.,100.,15.));
#5470=CARTESIAN_POINT('Origin',(0.,100.,0.));
#5471=CARTESIAN_POINT('',(20.,100.,30.));
#5472=CARTESIAN_POINT('',(-20.,100.,30.));
#5473=CARTESIAN_POINT('Origin',(-20.,85.,30.));
#5474=CARTESIAN_POINT('',(-20.,85.,15.));
#5475=CARTESIAN_POINT('',(-20.,100.,15.));
#5476=CARTESIAN_POINT('',(-20.,85.,30.));
#5477=CARTESIAN_POINT('Origin',(20.,85.,30.));
#5478=CARTESIAN_POINT('',(20.,85.,15.));
#5479=CARTESIAN_POINT('Origin',(0.,85.,0.));
#5480=CARTESIAN_POINT('',(20.,85.,30.));
#5481=CARTESIAN_POINT('Origin',(20.,100.,30.));
#5482=CARTESIAN_POINT('',(20.,100.,15.));
#5483=CARTESIAN_POINT('Origin',(0.,110.,0.));
#5484=CARTESIAN_POINT('',(-12.2516480050655,110.,-1.50039415136835E-15));
#5485=CARTESIAN_POINT('Origin',(0.,110.,0.));
#5486=CARTESIAN_POINT('Ctrl Pts',(-12.2516480050655,110.,0.));
#5487=CARTESIAN_POINT('Ctrl Pts',(-12.2516480050655,110.,12.2516480050655));
#5488=CARTESIAN_POINT('Ctrl Pts',(0.,110.,12.2516480050655));
#5489=CARTESIAN_POINT('Ctrl Pts',(12.2516480050655,110.,12.2516480050655));
#5490=CARTESIAN_POINT('Ctrl Pts',(12.2516480050655,110.,0.));
#5491=CARTESIAN_POINT('Ctrl Pts',(12.2516480050655,110.,-12.2516480050655));
#5492=CARTESIAN_POINT('Ctrl Pts',(0.,110.,-12.2516480050655));
#5493=CARTESIAN_POINT('Ctrl Pts',(-12.2516480050655,110.,-12.2516480050655));
#5494=CARTESIAN_POINT('Ctrl Pts',(-12.2516480050655,110.,0.));
#5495=CARTESIAN_POINT('Ctrl Pts',(-17.6099068174037,110.,0.));
#5496=CARTESIAN_POINT('Ctrl Pts',(-17.6099068174037,110.,17.6099068174037));
#5497=CARTESIAN_POINT('Ctrl Pts',(0.,110.,17.6099068174037));
#5498=CARTESIAN_POINT('Ctrl Pts',(17.6099068174037,110.,17.6099068174037));
#5499=CARTESIAN_POINT('Ctrl Pts',(17.6099068174037,110.,0.));
#5500=CARTESIAN_POINT('Ctrl Pts',(17.6099068174037,110.,-17.6099068174037));
#5501=CARTESIAN_POINT('Ctrl Pts',(0.,110.,-17.6099068174037));
#5502=CARTESIAN_POINT('Ctrl Pts',(-17.6099068174037,110.,-17.6099068174037));
#5503=CARTESIAN_POINT('Ctrl Pts',(-17.6099068174037,110.,0.));
#5504=CARTESIAN_POINT('Ctrl Pts',(-22.0496069761982,113.,0.));
#5505=CARTESIAN_POINT('Ctrl Pts',(-22.0496069761982,113.,22.0496069761982));
#5506=CARTESIAN_POINT('Ctrl Pts',(0.,113.,22.0496069761982));
#5507=CARTESIAN_POINT('Ctrl Pts',(22.0496069761982,113.,22.0496069761982));
#5508=CARTESIAN_POINT('Ctrl Pts',(22.0496069761982,113.,0.));
#5509=CARTESIAN_POINT('Ctrl Pts',(22.0496069761982,113.,-22.0496069761982));
#5510=CARTESIAN_POINT('Ctrl Pts',(0.,113.,-22.0496069761982));
#5511=CARTESIAN_POINT('Ctrl Pts',(-22.0496069761982,113.,-22.0496069761982));
#5512=CARTESIAN_POINT('Ctrl Pts',(-22.0496069761982,113.,0.));
#5513=CARTESIAN_POINT('Origin',(-12.2516480050655,127.5,1.50039415136835E-15));
#5514=CARTESIAN_POINT('Origin',(0.,100.,0.));
#5515=CARTESIAN_POINT('',(25.,75.,-3.06161699786838E-15));
#5516=CARTESIAN_POINT('',(25.,100.,3.06161699786838E-15));
#5517=CARTESIAN_POINT('Origin',(0.,75.,0.));
#5518=CARTESIAN_POINT('Origin',(0.,75.,0.));
#5519=CARTESIAN_POINT('Ctrl Pts',(21.2983285810085,77.6250333469674,13.927786500494));
#5520=CARTESIAN_POINT('Ctrl Pts',(20.6777468855878,75.0926596081466,14.0673906776507));
#5521=CARTESIAN_POINT('Ctrl Pts',(20.0459813335363,72.5614411761121,14.2104327090939));
#5522=CARTESIAN_POINT('Ctrl Pts',(19.3887768312999,70.0328386105629,14.3590979053249));
#5523=CARTESIAN_POINT('Ctrl Pts',(21.6590379655792,77.5122885250825,13.3299259303656));
#5524=CARTESIAN_POINT('Ctrl Pts',(21.0489113584053,74.9775257601486,13.469314151126));
#5525=CARTESIAN_POINT('Ctrl Pts',(20.4299312296239,72.4434257802273,13.611693762055));
#5526=CARTESIAN_POINT('Ctrl Pts',(19.7934745375604,69.909835760844,13.7614087324477));
#5527=CARTESIAN_POINT('Ctrl Pts',(21.8222349136263,77.4136642024455,11.9954689438063));
#5528=CARTESIAN_POINT('Ctrl Pts',(21.2251211570574,74.876682277213,12.1234041833631));
#5529=CARTESIAN_POINT('Ctrl Pts',(20.6243561127007,72.339350167978,12.251420493173));
#5530=CARTESIAN_POINT('Ctrl Pts',(20.0148594532561,69.8010663055249,12.3796495332757));
#5531=CARTESIAN_POINT('Ctrl Pts',(21.0892103209885,77.5404747305538,10.9243575561294));
#5532=CARTESIAN_POINT('Ctrl Pts',(20.4887162586085,75.0063509739895,11.0403132617599));
#5533=CARTESIAN_POINT('Ctrl Pts',(19.8834140531628,72.4728365136016,11.1529724081483));
#5534=CARTESIAN_POINT('Ctrl Pts',(19.267872362705,69.9405864732737,11.2574899386165));
#5535=CARTESIAN_POINT('Ctrl Pts',(20.6744758154442,77.6250333469675,10.6046055690891));
#5536=CARTESIAN_POINT('Ctrl Pts',(20.0707852349902,75.0926596081466,10.7179349501656));
#5537=CARTESIAN_POINT('Ctrl Pts',(19.4613354905997,72.5614411761121,10.8268282521368));
#5538=CARTESIAN_POINT('Ctrl Pts',(18.8396627136006,70.0328386105629,10.9262708674126));
#5539=CARTESIAN_POINT('',(19.6077198489075,70.,11.8511723871838));
#5540=CARTESIAN_POINT('',(19.6481262365983,73.3492095279032,10.7908438792388));
#5541=CARTESIAN_POINT('Ctrl Pts',(19.6077198489075,70.,11.8511723871838));
#5542=CARTESIAN_POINT('Ctrl Pts',(19.6843336538769,71.0727993198057,11.4238984223951));
#5543=CARTESIAN_POINT('Ctrl Pts',(19.6917097038579,72.231946170139,11.0660190552579));
#5544=CARTESIAN_POINT('Ctrl Pts',(19.6481262374356,73.3492095358297,10.7908438781193));
#5545=CARTESIAN_POINT('',(20.0461797152506,75.,10.7202533530215));
#5546=CARTESIAN_POINT('Ctrl Pts',(19.6482074608623,73.3491925230989,10.7909065983544));
#5547=CARTESIAN_POINT('Ctrl Pts',(19.7813101741313,73.8993684077537,10.7676993717686));
#5548=CARTESIAN_POINT('Ctrl Pts',(19.9139686615425,74.4496377667565,10.7441490232714));
#5549=CARTESIAN_POINT('Ctrl Pts',(20.0462493465672,74.9999855912248,10.7203070835576));
#5550=CARTESIAN_POINT('',(21.6105046624461,77.4698859960816,12.1239002065597));
#5551=CARTESIAN_POINT('Ctrl Pts',(20.0461797152506,75.0000000000001,10.7202533530215));
#5552=CARTESIAN_POINT('Ctrl Pts',(20.1198789552063,75.0000000000001,10.773798985131));
#5553=CARTESIAN_POINT('Ctrl Pts',(20.1910478046896,75.0186440483018,10.8275223844165));
#5554=CARTESIAN_POINT('Ctrl Pts',(20.3591601011021,75.0963524628016,10.95806665558));
#5555=CARTESIAN_POINT('Ctrl Pts',(20.4520033957708,75.170779240353,11.0335699133651));
#5556=CARTESIAN_POINT('Ctrl Pts',(20.7007494979617,75.4225495915765,11.2415214683347));
#5557=CARTESIAN_POINT('Ctrl Pts',(20.8482543024779,75.6523511452785,11.3735411666975));
#5558=CARTESIAN_POINT('Ctrl Pts',(21.190605248846,76.2820476340992,11.690370285739));
#5559=CARTESIAN_POINT('Ctrl Pts',(21.4069777438252,76.8215600359755,11.9059180205056));
#5560=CARTESIAN_POINT('Ctrl Pts',(21.6105046624462,77.4698859960816,12.1239002065597));
#5561=CARTESIAN_POINT('',(20.6502647254801,75.,14.0736931968124));
#5562=CARTESIAN_POINT('Ctrl Pts',(21.6105046624461,77.4698859960816,12.1239002065597));
#5563=CARTESIAN_POINT('Ctrl Pts',(21.5159429957661,76.8776253310702,12.385568731255));
#5564=CARTESIAN_POINT('Ctrl Pts',(21.3646567755274,76.1060826642484,12.7706838219277));
#5565=CARTESIAN_POINT('Ctrl Pts',(21.0815228833503,75.4181741771016,13.3383179342328));
#5566=CARTESIAN_POINT('Ctrl Pts',(21.0008992129471,75.2600502504766,13.4922524083471));
#5567=CARTESIAN_POINT('Ctrl Pts',(20.8680759488055,75.103557821456,13.7244206522922));
#5568=CARTESIAN_POINT('Ctrl Pts',(20.8255321493507,75.0644217117462,13.7965199358247));
#5569=CARTESIAN_POINT('Ctrl Pts',(20.7388258289182,75.0137681928335,13.937483070329));
#5570=CARTESIAN_POINT('Ctrl Pts',(20.6955422716175,75.,14.0054846800494));
#5571=CARTESIAN_POINT('Ctrl Pts',(20.6502647254801,75.,14.0736931968124));
#5572=CARTESIAN_POINT('',(19.6687687316991,71.1161060252739,14.2956906467154));
#5573=CARTESIAN_POINT('Ctrl Pts',(20.6503259820405,74.9999919571333,14.0738473840891));
#5574=CARTESIAN_POINT('Ctrl Pts',(20.3279948951982,73.7048641364188,14.1466216245389));
#5575=CARTESIAN_POINT('Ctrl Pts',(20.0014467682613,72.4101708549354,14.2204934469191));
#5576=CARTESIAN_POINT('Ctrl Pts',(19.6687725163014,71.1161077152234,14.2957555145733));
#5577=CARTESIAN_POINT('',(19.4949247315995,70.,14.1876770821747));
#5578=CARTESIAN_POINT('Ctrl Pts',(19.6687430938251,71.1159271479455,14.2956722734995));
#5579=CARTESIAN_POINT('Ctrl Pts',(19.6460458181535,70.9575646526182,14.279405903282));
#5580=CARTESIAN_POINT('Ctrl Pts',(19.6216140114866,70.7947063413301,14.2633252730942));
#5581=CARTESIAN_POINT('Ctrl Pts',(19.5962822528027,70.6312272426621,14.2475181754196));
#5582=CARTESIAN_POINT('Ctrl Pts',(19.573639474036,70.4851015389426,14.2333890097325));
#5583=CARTESIAN_POINT('Ctrl Pts',(19.5502781244096,70.338479786684,14.2194778715208));
#5584=CARTESIAN_POINT('Ctrl Pts',(19.5267923594888,70.1941158519747,14.2058890321129));
#5585=CARTESIAN_POINT('Ctrl Pts',(19.5161770857959,70.128865148687,14.1997470456811));
#5586=CARTESIAN_POINT('Ctrl Pts',(19.5055363274493,70.0640755118546,14.1936715434844));
#5587=CARTESIAN_POINT('Ctrl Pts',(19.4949243882449,70.0000002762577,14.187675560316));
#5588=CARTESIAN_POINT('Ctrl Pts',(19.4944625196324,70.0001083870156,14.1875435688802));
#5589=CARTESIAN_POINT('Ctrl Pts',(19.5402140948325,70.0001942715482,14.1110834634526));
#5590=CARTESIAN_POINT('Ctrl Pts',(19.5816705833948,70.0003175689792,14.0322636060026));
#5591=CARTESIAN_POINT('Ctrl Pts',(19.6187914224984,70.000442351213,13.951449276502));
#5592=CARTESIAN_POINT('Ctrl Pts',(19.6559106470037,70.0005671280193,13.87063846208));
#5593=CARTESIAN_POINT('Ctrl Pts',(19.6886947600627,70.0006933148688,13.7878324373074));
#5594=CARTESIAN_POINT('Ctrl Pts',(19.7170551504159,70.0007965505515,13.7033816859164));
#5595=CARTESIAN_POINT('Ctrl Pts',(19.7422771471991,70.0008883620543,13.6282763522662));
#5596=CARTESIAN_POINT('Ctrl Pts',(19.7639997460019,70.0009621409484,13.5518695287043));
#5597=CARTESIAN_POINT('Ctrl Pts',(19.7821270065848,70.0010091902685,13.4744067838078));
#5598=CARTESIAN_POINT('Ctrl Pts',(19.8024802542704,70.00106201714,13.387431786892));
#5599=CARTESIAN_POINT('Ctrl Pts',(19.8181803473161,70.0010791914353,13.2996439556179));
#5600=CARTESIAN_POINT('Ctrl Pts',(19.8292076873015,70.0010575031897,13.2114193068414));
#5601=CARTESIAN_POINT('Ctrl Pts',(19.8402066113393,70.0010358708317,13.1234220009245));
#5602=CARTESIAN_POINT('Ctrl Pts',(19.8465569420424,70.0009755140708,13.0349891934515));
#5603=CARTESIAN_POINT('Ctrl Pts',(19.8481899319544,70.0008852878245,12.9464847409628));
#5604=CARTESIAN_POINT('Ctrl Pts',(19.8497844875544,70.0007971851575,12.860063343436));
#5605=CARTESIAN_POINT('Ctrl Pts',(19.8468810990816,70.0006805827438,12.7735727990292));
#5606=CARTESIAN_POINT('Ctrl Pts',(19.8393685046409,70.0005557523979,12.6873560321523));
#5607=CARTESIAN_POINT('Ctrl Pts',(19.8347481752734,70.000478980343,12.6343317589644));
#5608=CARTESIAN_POINT('Ctrl Pts',(19.828383543689,70.0003993327052,12.5814111700743));
#5609=CARTESIAN_POINT('Ctrl Pts',(19.8202395821759,70.0003239301671,12.5286768870355));
#5610=CARTESIAN_POINT('Ctrl Pts',(19.806253002987,70.0001944325548,12.4381101248387));
#5611=CARTESIAN_POINT('Ctrl Pts',(19.7870958064103,70.0000769444627,12.3485759590023));
#5612=CARTESIAN_POINT('Ctrl Pts',(19.7627090715208,70.0000179802788,12.2604737853374));
#5613=CARTESIAN_POINT('Ctrl Pts',(19.739354731476,69.9999615123011,12.1761013536945));
#5614=CARTESIAN_POINT('Ctrl Pts',(19.7112038369958,69.9999587924936,12.0930413968684));
#5615=CARTESIAN_POINT('Ctrl Pts',(19.6785039265943,69.9999753337842,12.0115947568794));
#5616=CARTESIAN_POINT('Ctrl Pts',(19.6677787130346,69.999980759147,11.9848811482831));
#5617=CARTESIAN_POINT('Ctrl Pts',(19.6565637452941,69.9999883576441,11.9583412297433));
#5618=CARTESIAN_POINT('Ctrl Pts',(19.6448666763936,69.9999971993636,11.9319860817588));
#5619=CARTESIAN_POINT('Ctrl Pts',(19.6329905573755,70.0000061764258,11.9052275085755));
#5620=CARTESIAN_POINT('Ctrl Pts',(19.6206331871621,70.000016398503,11.8786948297893));
#5621=CARTESIAN_POINT('Ctrl Pts',(19.6078058962214,70.0000270744671,11.852398243537));
#5622=CARTESIAN_POINT('Ctrl Pts',(20.6502647254802,75.,14.0736931968123));
#5623=CARTESIAN_POINT('Ctrl Pts',(20.4600752683039,73.7053686750782,13.9474433920838));
#5624=CARTESIAN_POINT('Ctrl Pts',(20.2698858111276,72.4107373501564,13.8211935873553));
#5625=CARTESIAN_POINT('Ctrl Pts',(20.0796963539513,71.1161060252346,13.6949437826268));
#5626=CARTESIAN_POINT('Ctrl Pts',(20.50702623412,75.,14.2894753200174));
#5627=CARTESIAN_POINT('Ctrl Pts',(20.3179422550922,73.7053686750782,14.161560056498));
#5628=CARTESIAN_POINT('Ctrl Pts',(20.1288642314455,72.4107373501564,14.0336361436483));
#5629=CARTESIAN_POINT('Ctrl Pts',(19.9397802524178,71.1161060252346,13.905720880129));
#5630=CARTESIAN_POINT('Ctrl Pts',(20.3653758657316,75.,14.4966555287146));
#5631=CARTESIAN_POINT('Ctrl Pts',(20.1775588794038,73.7053686750782,14.3668794937798));
#5632=CARTESIAN_POINT('Ctrl Pts',(19.9897478981676,72.4107373501564,14.2370952048176));
#5633=CARTESIAN_POINT('Ctrl Pts',(19.8019309118399,71.1161060252346,14.1073191698828));
#5634=CARTESIAN_POINT('Ctrl Pts',(20.2254248593737,75.,14.6946313073118));
#5635=CARTESIAN_POINT('Ctrl Pts',(20.0390189867863,73.7053686750782,14.5628591802139));
#5636=CARTESIAN_POINT('Ctrl Pts',(19.8526131141988,72.4107373501564,14.431087053116));
#5637=CARTESIAN_POINT('Ctrl Pts',(19.6662072416114,71.1161060252346,14.299314926018));
#5638=CARTESIAN_POINT('',(20.2254248593737,75.,14.6946313073118));
#5639=CARTESIAN_POINT('Ctrl Pts',(20.2254248593737,75.,14.6946313073118));
#5640=CARTESIAN_POINT('Ctrl Pts',(20.2441447537369,75.,14.6681499996152));
#5641=CARTESIAN_POINT('Ctrl Pts',(20.3233986869665,75.,14.5556120725802));
#5642=CARTESIAN_POINT('Ctrl Pts',(20.407957740183,75.,14.4336393261439));
#5643=CARTESIAN_POINT('Ctrl Pts',(20.4930184912594,75.,14.3089491817643));
#5644=CARTESIAN_POINT('Ctrl Pts',(20.5785662745243,75.,14.1816210746324));
#5645=CARTESIAN_POINT('Ctrl Pts',(20.6453286391188,75.,14.0811291812692));
#5646=CARTESIAN_POINT('Ctrl Pts',(20.6502647254801,75.,14.0736931968124));
#5647=CARTESIAN_POINT('Ctrl Pts',(20.2254248593737,75.,14.6946313073118));
#5648=CARTESIAN_POINT('Ctrl Pts',(20.1059889862197,74.1666702519641,14.6090339448569));
#5649=CARTESIAN_POINT('Ctrl Pts',(19.9865528167534,73.3333405137207,14.5234369005179));
#5650=CARTESIAN_POINT('Ctrl Pts',(19.8010005642889,72.0387091957718,14.390456905451));
#5651=CARTESIAN_POINT('Ctrl Pts',(19.7348846969581,71.5774076088851,14.3430737237059));
#5652=CARTESIAN_POINT('Ctrl Pts',(19.6687687317008,71.1161060252735,14.2956906467166));
#5653=CARTESIAN_POINT('Ctrl Pts',(20.2254248593737,75.,14.6946313073118));
#5654=CARTESIAN_POINT('Ctrl Pts',(20.1063568096208,76.6666666666667,14.6104609431084));
#5655=CARTESIAN_POINT('Ctrl Pts',(19.9872887598679,78.3333333333333,14.526290578905));
#5656=CARTESIAN_POINT('Ctrl Pts',(19.8682207101151,80.,14.4421202147016));
#5657=CARTESIAN_POINT('Ctrl Pts',(20.7292677017561,75.,13.9818913163165));
#5658=CARTESIAN_POINT('Ctrl Pts',(20.6069020259418,76.6666666666667,13.9024143179134));
#5659=CARTESIAN_POINT('Ctrl Pts',(20.4847079920354,78.3333333333333,13.8226089583121));
#5660=CARTESIAN_POINT('Ctrl Pts',(20.3623423162211,80.,13.743131959909));
#5661=CARTESIAN_POINT('Ctrl Pts',(21.2553048287676,75.,13.1489381289135));
#5662=CARTESIAN_POINT('Ctrl Pts',(21.1311798251134,76.6666666666667,13.0723973107532));
#5663=CARTESIAN_POINT('Ctrl Pts',(21.0070982343918,78.3333333333333,12.9957106350687));
#5664=CARTESIAN_POINT('Ctrl Pts',(20.8829732307376,80.,12.9191698169084));
#5665=CARTESIAN_POINT('Ctrl Pts',(21.796496153274,75.,12.233903695831));
#5666=CARTESIAN_POINT('Ctrl Pts',(21.6709900295584,76.6666666666667,12.1596738932448));
#5667=CARTESIAN_POINT('Ctrl Pts',(21.5454839058429,78.3333333333333,12.0854440906586));
#5668=CARTESIAN_POINT('Ctrl Pts',(21.4199777821273,80.,12.0112142880724));
#5669=CARTESIAN_POINT('',(21.317140772684,80.,12.1843702895788));
#5670=CARTESIAN_POINT('Ctrl Pts',(21.6105046624461,77.4698859960816,12.1239002065597));
#5671=CARTESIAN_POINT('Ctrl Pts',(21.5128326517824,78.3131117089029,12.1441253975623));
#5672=CARTESIAN_POINT('Ctrl Pts',(21.4150096382157,79.1567991684877,12.1642908127226));
#5673=CARTESIAN_POINT('Ctrl Pts',(21.317140772684,80.,12.1843702895788));
#5674=CARTESIAN_POINT('',(19.8698573981349,80.,14.4398046299955));
#5675=CARTESIAN_POINT('Ctrl Pts',(21.317136823474,80.,12.1843981697644));
#5676=CARTESIAN_POINT('Ctrl Pts',(20.8170704207703,80.,13.023073621308));
#5677=CARTESIAN_POINT('Ctrl Pts',(20.3318829036389,80.,13.7860392097503));
#5678=CARTESIAN_POINT('Ctrl Pts',(19.8698574031255,80.,14.4398046162478));
#5679=CARTESIAN_POINT('Ctrl Pts',(20.2254248593737,75.,14.6946313073118));
#5680=CARTESIAN_POINT('Ctrl Pts',(20.1661636987696,75.8333342621458,14.6521599885215));
#5681=CARTESIAN_POINT('Ctrl Pts',(20.1069024649439,76.6666685230672,14.609688747876));
#5682=CARTESIAN_POINT('Ctrl Pts',(19.9883799790608,78.3333351897571,14.524746520889));
#5683=CARTESIAN_POINT('Ctrl Pts',(19.9291187270038,79.1666675955255,14.4822755345472));
#5684=CARTESIAN_POINT('Ctrl Pts',(19.8698573981349,80.,14.4398046299955));
#5685=CARTESIAN_POINT('Origin',(19.5837303456747,75.,10.3842642189753));
#5686=CARTESIAN_POINT('',(19.5837303456747,75.,10.3842642189753));
#5687=CARTESIAN_POINT('',(21.8963200103874,75.,12.0644589602148));
#5688=CARTESIAN_POINT('',(19.6805066928962,80.,10.99528602783));
#5689=CARTESIAN_POINT('',(19.5881479549083,75.2282380643853,10.4121559059654));
#5690=CARTESIAN_POINT('',(21.6391972795708,80.,12.4183580382529));
#5691=CARTESIAN_POINT('Origin',(21.8963200103874,75.,12.0644589602148));
#5692=CARTESIAN_POINT('',(19.5929857802879,74.7627366780164,10.4427007332836));
#5693=CARTESIAN_POINT('Ctrl Pts',(19.5090560314194,70.0017665106451,14.1812302968036));
#5694=CARTESIAN_POINT('Ctrl Pts',(19.8778926734732,72.5751920697352,14.4455614599956));
#5695=CARTESIAN_POINT('Ctrl Pts',(20.2488048893475,75.1631210819031,14.711385680215));
#5696=CARTESIAN_POINT('Ctrl Pts',(20.6195348602825,77.7497975624265,14.9770841571159));
#5697=CARTESIAN_POINT('Ctrl Pts',(19.0528863111758,69.9444158288158,14.3910536458343));
#5698=CARTESIAN_POINT('Ctrl Pts',(19.377843266831,72.5020043252836,14.7922305826224));
#5699=CARTESIAN_POINT('Ctrl Pts',(19.7601504794226,75.0637580767694,15.2054721896596));
#5700=CARTESIAN_POINT('Ctrl Pts',(20.2062870131986,77.6080205363827,15.6156107747802));
#5701=CARTESIAN_POINT('Ctrl Pts',(18.1376728096476,69.8866044165602,14.5109495124874));
#5702=CARTESIAN_POINT('Ctrl Pts',(18.2866007036956,72.439217904074,15.0741447340275));
#5703=CARTESIAN_POINT('Ctrl Pts',(18.5508454873846,74.9782714434558,15.7055888215295));
#5704=CARTESIAN_POINT('Ctrl Pts',(18.922803567041,77.4796767641087,16.3769936419168));
#5705=CARTESIAN_POINT('Ctrl Pts',(17.2987394565181,69.9203027619456,14.164960295553));
#5706=CARTESIAN_POINT('Ctrl Pts',(17.258910979498,72.5135652941942,14.7014926086524));
#5707=CARTESIAN_POINT('Ctrl Pts',(17.3518664770356,75.0916495138931,15.3290137363238));
#5708=CARTESIAN_POINT('Ctrl Pts',(17.5348426924337,77.6424152372364,16.0195502336891));
#5709=CARTESIAN_POINT('Ctrl Pts',(16.9899927982614,69.9499196022606,13.9470977715115));
#5710=CARTESIAN_POINT('Ctrl Pts',(16.8898894296848,72.5665986490878,14.4446792003998));
#5711=CARTESIAN_POINT('Ctrl Pts',(16.9297055649575,75.1680747468779,15.0406045841399));
#5712=CARTESIAN_POINT('Ctrl Pts',(17.0625613226753,77.7484521319385,15.6995287009029));
#5713=CARTESIAN_POINT('',(18.8271784076183,77.5536975520131,16.1064052545971));
#5714=CARTESIAN_POINT('Ctrl Pts',(20.2254248593737,75.,14.6946313073118));
#5715=CARTESIAN_POINT('Ctrl Pts',(20.0928207799824,75.0914835785031,14.8635283276879));
#5716=CARTESIAN_POINT('Ctrl Pts',(19.9608772764682,75.256004935769,15.0157024901245));
#5717=CARTESIAN_POINT('Ctrl Pts',(19.8492437668152,75.4199156732364,15.1384272136748));
#5718=CARTESIAN_POINT('Ctrl Pts',(19.6221262826417,75.7533907600482,15.3881096839767));
#5719=CARTESIAN_POINT('Ctrl Pts',(19.3990849780564,76.2018649153031,15.6041088354078));
#5720=CARTESIAN_POINT('Ctrl Pts',(19.0835760271034,76.9066180533164,15.8914014837884));
#5721=CARTESIAN_POINT('Ctrl Pts',(18.9528592131589,77.2253442198807,16.0036850457616));
#5722=CARTESIAN_POINT('Ctrl Pts',(18.8271784076183,77.5536975520131,16.1064052545971));
#5723=CARTESIAN_POINT('',(16.9602906311238,74.9999999999997,15.0261936856068));
#5724=CARTESIAN_POINT('Ctrl Pts',(18.8271784076183,77.5536975520131,16.1064052545971));
#5725=CARTESIAN_POINT('Ctrl Pts',(18.6520856986337,77.1475940351455,16.0231097754543));
#5726=CARTESIAN_POINT('Ctrl Pts',(18.467124536531,76.7533989342444,15.9313566462856));
#5727=CARTESIAN_POINT('Ctrl Pts',(18.066023719051,76.0083443729723,15.7205114865873));
#5728=CARTESIAN_POINT('Ctrl Pts',(17.8122233284995,75.6000455260303,15.5802689367485));
#5729=CARTESIAN_POINT('Ctrl Pts',(17.453360251426,75.2313567066187,15.3594103720074));
#5730=CARTESIAN_POINT('Ctrl Pts',(17.3506652650181,75.1433779541544,15.2943122895328));
#5731=CARTESIAN_POINT('Ctrl Pts',(17.1958154542731,75.0566382596537,15.1911875150104));
#5732=CARTESIAN_POINT('Ctrl Pts',(17.1475879062246,75.0352603760692,15.1584599960368));
#5733=CARTESIAN_POINT('Ctrl Pts',(17.0526469098196,75.0073697729228,15.0924974683006));
#5734=CARTESIAN_POINT('Ctrl Pts',(17.0065335591695,75.,15.0597911394516));
#5735=CARTESIAN_POINT('Ctrl Pts',(16.9602906311239,75.,15.026193685607));
#5736=CARTESIAN_POINT('',(16.9362029793521,73.1070690189856,14.5961246345675));
#5737=CARTESIAN_POINT('Ctrl Pts',(16.9585143827274,74.9999170874181,15.0248850946324));
#5738=CARTESIAN_POINT('Ctrl Pts',(16.9436820809042,74.3700168057475,14.8768206857059));
#5739=CARTESIAN_POINT('Ctrl Pts',(16.9353118464148,73.7389960028842,14.7332070235307));
#5740=CARTESIAN_POINT('Ctrl Pts',(16.9340744919428,73.1069390423748,14.5945498692646));
#5741=CARTESIAN_POINT('',(17.7972147127333,70.,14.3431189235343));
#5742=CARTESIAN_POINT('Ctrl Pts',(16.9362029793521,73.1070690189854,14.5961246345675));
#5743=CARTESIAN_POINT('Ctrl Pts',(17.1929133079328,72.0647764375829,14.5554657128497));
#5744=CARTESIAN_POINT('Ctrl Pts',(17.4838631567741,71.0287093918239,14.4658125648205));
#5745=CARTESIAN_POINT('Ctrl Pts',(17.7972147127333,70.,14.3431189235343));
#5746=CARTESIAN_POINT('Ctrl Pts',(17.797406079102,69.9999904450936,14.3432017901103));
#5747=CARTESIAN_POINT('Ctrl Pts',(17.876025077771,69.9999810622004,14.3643622487265));
#5748=CARTESIAN_POINT('Ctrl Pts',(17.9556984151254,69.9999748020572,14.3815950477149));
#5749=CARTESIAN_POINT('Ctrl Pts',(18.0361595179271,69.9999869964602,14.39473910693));
#5750=CARTESIAN_POINT('Ctrl Pts',(18.1005615856578,69.9999967570122,14.4052597754561));
#5751=CARTESIAN_POINT('Ctrl Pts',(18.1654686287136,70.0000185223388,14.4131600325202));
#5752=CARTESIAN_POINT('Ctrl Pts',(18.2307337905538,70.000042678565,14.4184453217311));
#5753=CARTESIAN_POINT('Ctrl Pts',(18.3180360415173,70.0000749912547,14.425515213724));
#5754=CARTESIAN_POINT('Ctrl Pts',(18.4055564200657,70.0001105667374,14.4278739547778));
#5755=CARTESIAN_POINT('Ctrl Pts',(18.4929386379852,70.0001364795976,14.4256287790382));
#5756=CARTESIAN_POINT('Ctrl Pts',(18.5808333167314,70.000162544426,14.4233704362648));
#5757=CARTESIAN_POINT('Ctrl Pts',(18.6685891577054,70.0001788845291,14.4164540202628));
#5758=CARTESIAN_POINT('Ctrl Pts',(18.7558471499565,70.0001803981305,14.4049371423826));
#5759=CARTESIAN_POINT('Ctrl Pts',(18.8004252168822,70.0001811713941,14.3990534388997));
#5760=CARTESIAN_POINT('Ctrl Pts',(18.84487331642,70.0001781993513,14.3919682122293));
#5761=CARTESIAN_POINT('Ctrl Pts',(18.8891427122198,70.0001715352629,14.3836840048636));
#5762=CARTESIAN_POINT('Ctrl Pts',(18.9752028965724,70.000158580203,14.3675794161241));
#5763=CARTESIAN_POINT('Ctrl Pts',(19.0602594222495,70.0001313436433,14.347008258976));
#5764=CARTESIAN_POINT('Ctrl Pts',(19.1439681199816,70.0001006617529,14.3220549389175));
#5765=CARTESIAN_POINT('Ctrl Pts',(19.2269866062345,70.0000702328469,14.2973073688996));
#5766=CARTESIAN_POINT('Ctrl Pts',(19.3086802671145,70.0000364785227,14.2682494962181));
#5767=CARTESIAN_POINT('Ctrl Pts',(19.388706918841,70.0000165509371,14.2349137239845));
#5768=CARTESIAN_POINT('Ctrl Pts',(19.4244561059188,70.0000076489654,14.2200221006035));
#5769=CARTESIAN_POINT('Ctrl Pts',(19.4598724679215,70.0000015885347,14.2042761416977));
#5770=CARTESIAN_POINT('Ctrl Pts',(19.4949243882449,70.0000002762577,14.187675560316));
#5771=CARTESIAN_POINT('Origin',(16.4699855824452,75.,14.6699662160462));
#5772=CARTESIAN_POINT('',(16.4699855824452,75.,14.6699662160462));
#5773=CARTESIAN_POINT('',(16.4699855824452,75.,14.6699662160462));
#5774=CARTESIAN_POINT('',(16.5782804044339,74.5603025005376,14.6528140012754));
#5775=CARTESIAN_POINT('Origin',(18.8621116783145,75.,16.4079475570466));
#5776=CARTESIAN_POINT('',(18.7924064945956,80.,15.8165940997592));
#5777=CARTESIAN_POINT('Ctrl Pts',(18.8271784076183,77.5536975520131,16.1064052545971));
#5778=CARTESIAN_POINT('Ctrl Pts',(18.810046202512,78.7817832173483,15.9611504183288));
#5779=CARTESIAN_POINT('Ctrl Pts',(18.7924064945958,79.9999999999917,15.8165940997602));
#5780=CARTESIAN_POINT('',(17.0810073912999,80.,14.5731898688246));
#5781=CARTESIAN_POINT('',(16.7271083132618,80.,14.316067138008));
#5782=CARTESIAN_POINT('',(16.4855537279561,75.1273943522578,14.6675004640325));
#5783=CARTESIAN_POINT('Origin',(0.,75.,0.));
#5784=CARTESIAN_POINT('Origin',(0.,80.,0.));
#5785=CARTESIAN_POINT('Origin',(19.5837303456747,75.,10.3842642189753));
#5786=CARTESIAN_POINT('',(20.2969879654745,70.,10.9024762131838));
#5787=CARTESIAN_POINT('',(19.5837303456747,75.,10.3842642189753));
#5788=CARTESIAN_POINT('Origin',(19.2617058967139,70.,13.4242847562033));
#5789=CARTESIAN_POINT('Origin',(16.4699855824452,75.,14.6699662160462));
#5790=CARTESIAN_POINT('',(19.9376294237128,80.,10.6413869497919));
#5791=CARTESIAN_POINT('Origin',(19.2617058967139,80.,13.4242847562033));
#5792=CARTESIAN_POINT('Ctrl Pts',(-6.66456662554918,77.6250333469674,24.5598369058421));
#5793=CARTESIAN_POINT('Ctrl Pts',(-6.98910837821939,75.0926596081466,24.0127687037458));
#5794=CARTESIAN_POINT('Ctrl Pts',(-7.32037572637054,72.5614411761121,23.4561263773228));
#5795=CARTESIAN_POINT('Ctrl Pts',(-7.66485208996441,70.0328386105629,22.8770278250394));
#5796=CARTESIAN_POINT('Ctrl Pts',(-5.98450210462979,77.5122885250825,24.7181428400905));
#5797=CARTESIAN_POINT('Ctrl Pts',(-6.30560767061605,74.9775257601486,24.1809512836033));
#5798=CARTESIAN_POINT('Ctrl Pts',(-6.63229410635,72.4434257802274,23.6362639180982));
#5799=CARTESIAN_POINT('Ctrl Pts',(-6.97135743856144,69.909835760844,23.0772221039352));
#5800=CARTESIAN_POINT('Ctrl Pts',(-4.66492241659486,77.4136603315519,24.4609979020138));
#5801=CARTESIAN_POINT('Ctrl Pts',(-4.97111435819405,74.8766784063194,23.932643136062));
#5802=CARTESIAN_POINT('Ctrl Pts',(-5.27851160296625,72.3393456372082,23.4008432161006));
#5803=CARTESIAN_POINT('Ctrl Pts',(-5.58880949291792,69.8010617747549,22.8608023990402));
#5804=CARTESIAN_POINT('Ctrl Pts',(-3.87275705296216,77.5404747305538,23.4328430367674));
#5805=CARTESIAN_POINT('Ctrl Pts',(-4.16860035270028,75.0063509739895,22.897571529379));
#5806=CARTESIAN_POINT('Ctrl Pts',(-4.46279423620834,72.4728365136017,22.3567085133677));
#5807=CARTESIAN_POINT('Ctrl Pts',(-4.75240915772498,69.9405864732737,21.8035912707314));
#5808=CARTESIAN_POINT('Ctrl Pts',(-3.69681485245595,77.6250333469675,22.9395982847565));
#5809=CARTESIAN_POINT('Ctrl Pts',(-3.99114814752086,75.0926596081467,22.4004751291043));
#5810=CARTESIAN_POINT('Ctrl Pts',(-4.28304216017546,72.5614411761121,21.8545038592301));
#5811=CARTESIAN_POINT('Ctrl Pts',(-4.56972516046391,70.0328386105629,21.2939873717471));
#5812=CARTESIAN_POINT('',(-5.21201607031298,70.,22.3102634029002));
#5813=CARTESIAN_POINT('',(-4.19109747294053,73.3492095279032,22.0210326326383));
#5814=CARTESIAN_POINT('Ctrl Pts',(-5.21201607031296,70.,22.3102634029003));
#5815=CARTESIAN_POINT('Ctrl Pts',(-4.78197941411811,71.0727993198057,22.2510925449808));
#5816=CARTESIAN_POINT('Ctrl Pts',(-4.43933658515931,72.231946170139,22.1475167789982));
#5817=CARTESIAN_POINT('Ctrl Pts',(-4.19109747161727,73.3492095358297,22.0210326330886));
#5818=CARTESIAN_POINT('',(-4.00095660341931,75.,22.3777903151015));
#5819=CARTESIAN_POINT('Ctrl Pts',(-4.19113202268612,73.3491925230989,22.0211292627765));
#5820=CARTESIAN_POINT('Ctrl Pts',(-4.12792963821906,73.8993684077537,22.1405460381601));
#5821=CARTESIAN_POINT('Ctrl Pts',(-4.06453819876173,74.4496377667565,22.2594342991453));
#5822=CARTESIAN_POINT('Ctrl Pts',(-4.00098618693563,74.9999855912248,22.3778731420676));
#5823=CARTESIAN_POINT('',(-4.85250109664589,77.4698859960816,24.2993024815791));
#5824=CARTESIAN_POINT('Ctrl Pts',(-4.00095660341931,75.0000000000001,22.3777903151015));
#5825=CARTESIAN_POINT('Ctrl Pts',(-4.02910720813734,75.0000000000001,22.4644289678037));
#5826=CARTESIAN_POINT('Ctrl Pts',(-4.05820881314489,75.0186440483018,22.5487160092368));
#5827=CARTESIAN_POINT('Ctrl Pts',(-4.13041423634512,75.0963524628016,22.7489407025171));
#5828=CARTESIAN_POINT('Ctrl Pts',(-4.17353194579673,75.170779240353,22.8605717126923));
#5829=CARTESIAN_POINT('Ctrl Pts',(-4.29443885436272,75.4225495915765,23.1614038785763));
#5830=CARTESIAN_POINT('Ctrl Pts',(-4.37441555742258,75.6523511452785,23.3424856144827));
#5831=CARTESIAN_POINT('Ctrl Pts',(-4.56994569517096,76.2820476340992,23.7659862949825));
#5832=CARTESIAN_POINT('Ctrl Pts',(-4.70808099482947,76.8215600359756,24.0383766794214));
#5833=CARTESIAN_POINT('Ctrl Pts',(-4.85250109664585,77.4698859960816,24.2993024815791));
#5834=CARTESIAN_POINT('',(-7.00359488465235,75.,23.9885792018219));
#5835=CARTESIAN_POINT('Ctrl Pts',(-4.85250109664587,77.4698859960816,24.2993024815791));
#5836=CARTESIAN_POINT('Ctrl Pts',(-5.13058381418724,76.8776253310702,24.2902290133151));
#5837=CARTESIAN_POINT('Ctrl Pts',(-5.54360004376357,76.1060826642484,24.2653543755396));
#5838=CARTESIAN_POINT('Ctrl Pts',(-6.17094534950903,75.4181741771016,24.1714866296897));
#5839=CARTESIAN_POINT('Ctrl Pts',(-6.34225981850132,75.2600502504766,24.1423773311067));
#5840=CARTESIAN_POINT('Ctrl Pts',(-6.60410958565028,75.103557821456,24.0877988331625));
#5841=CARTESIAN_POINT('Ctrl Pts',(-6.6858268361109,75.0644217117462,24.0696171793568));
#5842=CARTESIAN_POINT('Ctrl Pts',(-6.84668447027198,75.0137681928335,24.0307145724477));
#5843=CARTESIAN_POINT('Ctrl Pts',(-6.92473319909804,75.,24.0105631162769));
#5844=CARTESIAN_POINT('Ctrl Pts',(-7.00359488465235,75.,23.9885792018219));
#5845=CARTESIAN_POINT('',(-7.51802594797272,71.1161060252739,23.1237220259469));
#5846=CARTESIAN_POINT('Ctrl Pts',(-7.00372259614821,74.9999919571333,23.9886851067617));
#5847=CARTESIAN_POINT('Ctrl Pts',(-7.17254079539578,73.7048641364187,23.7046185032676));
#5848=CARTESIAN_POINT('Ctrl Pts',(-7.34370599414562,72.4101708549354,23.4168804277813));
#5849=CARTESIAN_POINT('Ctrl Pts',(-7.5180864714649,71.1161077152233,23.1237456705881));
#5850=CARTESIAN_POINT('',(-7.46901969396901,70.,22.9250085297672));
#5851=CARTESIAN_POINT('Ctrl Pts',(-7.51801639654478,71.1159271479453,23.1236919652437));
#5852=CARTESIAN_POINT('Ctrl Pts',(-7.50956000544751,70.9575646973009,23.0970789959891));
#5853=CARTESIAN_POINT('Ctrl Pts',(-7.50181626276467,70.794706433233,23.0688737874518));
#5854=CARTESIAN_POINT('Ctrl Pts',(-7.4946107652058,70.6312273810365,23.0398972000943));
#5855=CARTESIAN_POINT('Ctrl Pts',(-7.48817013380486,70.4851016890394,23.0139964879086));
#5856=CARTESIAN_POINT('Ctrl Pts',(-7.48215890946141,70.338479947703,22.987479748339));
#5857=CARTESIAN_POINT('Ctrl Pts',(-7.47649265599212,70.1941160224643,22.9609442783938));
#5858=CARTESIAN_POINT('Ctrl Pts',(-7.47393157745397,70.1288652615134,22.9489505645678));
#5859=CARTESIAN_POINT('Ctrl Pts',(-7.47144160451802,70.0640755675969,22.9369531581052));
#5860=CARTESIAN_POINT('Ctrl Pts',(-7.46901835320703,70.0000002761558,22.9250077331056));
#5861=CARTESIAN_POINT('Ctrl Pts',(-7.46903547525736,70.0001083242717,22.9245279287316));
#5862=CARTESIAN_POINT('Ctrl Pts',(-7.38217935296372,70.000194156964,22.9444130331564));
#5863=CARTESIAN_POINT('Ctrl Pts',(-7.2944061904485,70.0003173728824,22.9594841625783));
#5864=CARTESIAN_POINT('Ctrl Pts',(-7.20607593689662,70.0004420530635,22.9698155809034));
#5865=CARTESIAN_POINT('Ctrl Pts',(-7.11775010318803,70.0005667270059,22.9801464822679));
#5866=CARTESIAN_POINT('Ctrl Pts',(-7.02886631730621,70.0006927904302,22.9857380180908));
#5867=CARTESIAN_POINT('Ctrl Pts',(-6.93978529705146,70.0007958917596,22.9866141826256));
#5868=CARTESIAN_POINT('Ctrl Pts',(-6.86056148034214,70.000887584477,22.9873933957319));
#5869=CARTESIAN_POINT('Ctrl Pts',(-6.78118123479872,70.0009612356452,22.9844423133905));
#5870=CARTESIAN_POINT('Ctrl Pts',(-6.70190776716801,70.001008154905,22.9777455494641));
#5871=CARTESIAN_POINT('Ctrl Pts',(-6.61290000944497,70.0010608355589,22.9702264644675));
#5872=CARTESIAN_POINT('Ctrl Pts',(-6.52455710140068,70.0010778618427,22.9580307987838));
#5873=CARTESIAN_POINT('Ctrl Pts',(-6.43724272300551,70.001056033464,22.9412560706704));
#5874=CARTESIAN_POINT('Ctrl Pts',(-6.35015369842206,70.0010342614232,22.9245246372468));
#5875=CARTESIAN_POINT('Ctrl Pts',(-6.26408698084194,70.000973773125,22.9032375627877));
#5876=CARTESIAN_POINT('Ctrl Pts',(-6.17940986839649,70.0008834329789,22.8774418639978));
#5877=CARTESIAN_POINT('Ctrl Pts',(-6.09672612642524,70.0007952195157,22.8522534176618));
#5878=CARTESIAN_POINT('Ctrl Pts',(-6.01536655522883,70.0006785233912,22.822765820156));
#5879=CARTESIAN_POINT('Ctrl Pts',(-5.9356916772626,70.0005536250057,22.7889791885433));
#5880=CARTESIAN_POINT('Ctrl Pts',(-5.88668911121469,70.0004768085544,22.7681993431341));
#5881=CARTESIAN_POINT('Ctrl Pts',(-5.83832421324816,70.0003971260269,22.7457924921011));
#5882=CARTESIAN_POINT('Ctrl Pts',(-5.79068639418307,70.0003217008473,22.7217508442266));
#5883=CARTESIAN_POINT('Ctrl Pts',(-5.7088743347681,70.0001921674345,22.680462288979));
#5884=CARTESIAN_POINT('Ctrl Pts',(-5.62964218216172,70.0000746792816,22.6345751337569));
#5885=CARTESIAN_POINT('Ctrl Pts',(-5.55338800402847,70.000015761421,22.5841567196984));
#5886=CARTESIAN_POINT('Ctrl Pts',(-5.48036237675042,69.9999593381031,22.5358729875393));
#5887=CARTESIAN_POINT('Ctrl Pts',(-5.41006722365262,69.9999567049332,22.483432914727));
#5888=CARTESIAN_POINT('Ctrl Pts',(-5.34271214885729,69.999973360735,22.4271649420216));
#5889=CARTESIAN_POINT('Ctrl Pts',(-5.32061994797739,69.9999788237728,22.4087092672281));
#5890=CARTESIAN_POINT('Ctrl Pts',(-5.29884429199394,69.9999864630365,22.3898414564678));
#5891=CARTESIAN_POINT('Ctrl Pts',(-5.27739335398422,69.999995348058,22.3705722147834));
#5892=CARTESIAN_POINT('Ctrl Pts',(-5.25561441105327,70.0000043689398,22.3510083283568));
#5893=CARTESIAN_POINT('Ctrl Pts',(-5.23419902411843,70.0000146373506,22.3310565401744));
#5894=CARTESIAN_POINT('Ctrl Pts',(-5.21315339025125,70.0000253616123,22.31073077971));
#5895=CARTESIAN_POINT('Ctrl Pts',(-7.00359488465225,75.,23.988579201822));
#5896=CARTESIAN_POINT('Ctrl Pts',(-6.94229595960263,73.7053686750782,23.7686849440462));
#5897=CARTESIAN_POINT('Ctrl Pts',(-6.88099703455302,72.4107373501564,23.5487906862704));
#5898=CARTESIAN_POINT('Ctrl Pts',(-6.81969810950341,71.1161060252346,23.3288964284947));
#5899=CARTESIAN_POINT('Ctrl Pts',(-7.2530790071054,75.,23.9190316443822));
#5900=CARTESIAN_POINT('Ctrl Pts',(-7.18985452508529,73.7053686750782,23.6996741037334));
#5901=CARTESIAN_POINT('Ctrl Pts',(-7.12661997674927,72.4107373501564,23.4803195541985));
#5902=CARTESIAN_POINT('Ctrl Pts',(-7.06339549472915,71.1161060252346,23.2609620135498));
#5903=CARTESIAN_POINT('Ctrl Pts',(-7.49389146572573,75.,23.8483363438764));
#5904=CARTESIAN_POINT('Ctrl Pts',(-7.42850576264957,73.7053686750782,23.6296087749011));
#5905=CARTESIAN_POINT('Ctrl Pts',(-7.36311035385162,72.4107373501564,23.4108843664724));
#5906=CARTESIAN_POINT('Ctrl Pts',(-7.29772465077546,71.1161060252346,23.1921567974971));
#5907=CARTESIAN_POINT('Ctrl Pts',(-7.72542485937368,75.,23.7764129073788));
#5908=CARTESIAN_POINT('Ctrl Pts',(-7.65770470171192,73.7053686750782,23.5584105609207));
#5909=CARTESIAN_POINT('Ctrl Pts',(-7.58998454405016,72.4107373501564,23.3404082144625));
#5910=CARTESIAN_POINT('Ctrl Pts',(-7.5222643863884,71.1161060252346,23.1224058680044));
#5911=CARTESIAN_POINT('',(-7.72542485937369,75.,23.7764129073788));
#5912=CARTESIAN_POINT('Ctrl Pts',(-7.72542485937369,75.,23.7764129073788));
#5913=CARTESIAN_POINT('Ctrl Pts',(-7.69445487363761,75.,23.7860334107858));
#5914=CARTESIAN_POINT('Ctrl Pts',(-7.56293413256165,75.,23.8266322484603));
#5915=CARTESIAN_POINT('Ctrl Pts',(-7.42080097278083,75.,23.8693610355341));
#5916=CARTESIAN_POINT('Ctrl Pts',(-7.27592838081395,75.,23.911727243482));
#5917=CARTESIAN_POINT('Ctrl Pts',(-7.12839643595864,75.,23.9537414712453));
#5918=CARTESIAN_POINT('Ctrl Pts',(-7.01219226069636,75.,23.9861825502901));
#5919=CARTESIAN_POINT('Ctrl Pts',(-7.00359488465235,75.,23.9885792018219));
#5920=CARTESIAN_POINT('Ctrl Pts',(-7.72542485937369,75.,23.7764129073788));
#5921=CARTESIAN_POINT('Ctrl Pts',(-7.68092464457584,74.1666702519641,23.6363716022641));
#5922=CARTESIAN_POINT('Ctrl Pts',(-7.63642482388976,73.3333405137207,23.4963301136428));
#5923=CARTESIAN_POINT('Ctrl Pts',(-7.56729213240053,72.0387091957718,23.2787663564356));
#5924=CARTESIAN_POINT('Ctrl Pts',(-7.54265897524219,71.5774076088851,23.2012442215734));
#5925=CARTESIAN_POINT('Ctrl Pts',(-7.51802594797333,71.1161060252735,23.1237220259488));
#5926=CARTESIAN_POINT('Ctrl Pts',(-7.72542485937368,75.,23.7764129073788));
#5927=CARTESIAN_POINT('Ctrl Pts',(-7.68216813687981,76.6666666666667,23.6371623898172));
#5928=CARTESIAN_POINT('Ctrl Pts',(-7.63891141438593,78.3333333333333,23.4979118722556));
#5929=CARTESIAN_POINT('Ctrl Pts',(-7.59565469189205,80.,23.358661354694));
#5930=CARTESIAN_POINT('Ctrl Pts',(-6.89187284572311,75.,24.0353471560271));
#5931=CARTESIAN_POINT('Ctrl Pts',(-6.85409880185099,76.6666666666667,23.8944107395046));
#5932=CARTESIAN_POINT('Ctrl Pts',(-6.81595942765529,78.3333333333333,23.7535360949465));
#5933=CARTESIAN_POINT('Ctrl Pts',(-6.77818538378316,80.,23.612599678424));
#5934=CARTESIAN_POINT('Ctrl Pts',(-5.93713287715594,75.,24.2782415030583));
#5935=CARTESIAN_POINT('Ctrl Pts',(-5.90269496883803,76.6666666666667,24.1365391959229));
#5936=CARTESIAN_POINT('Ctrl Pts',(-5.86810492643732,78.3333333333333,23.9948331044862));
#5937=CARTESIAN_POINT('Ctrl Pts',(-5.83366701811941,80.,23.8531307973508));
#5938=CARTESIAN_POINT('Ctrl Pts',(-4.89964610045758,75.,24.5101838485317));
#5939=CARTESIAN_POINT('Ctrl Pts',(-4.86783288813091,76.6666666666667,24.3678821612489));
#5940=CARTESIAN_POINT('Ctrl Pts',(-4.83601967580424,78.3333333333333,24.225580473966));
#5941=CARTESIAN_POINT('Ctrl Pts',(-4.80420646347757,80.,24.0832787866832));
#5942=CARTESIAN_POINT('',(-5.0006659906145,80.,24.0389831258793));
#5943=CARTESIAN_POINT('Ctrl Pts',(-4.85250109664589,77.4698859960816,24.2993024815791));
#5944=CARTESIAN_POINT('Ctrl Pts',(-4.90191870751205,78.3131117089029,24.212660807112));
#5945=CARTESIAN_POINT('Ctrl Pts',(-4.95132613063713,79.1567991684877,24.1258570485989));
#5946=CARTESIAN_POINT('Ctrl Pts',(-5.0006659906145,80.,24.0389831258793));
#5947=CARTESIAN_POINT('',(-7.5929466755557,80.,23.3595023824744));
#5948=CARTESIAN_POINT('Ctrl Pts',(-5.00069372661977,80.,24.0389879854085));
#5949=CARTESIAN_POINT('Ctrl Pts',(-5.95285049661841,80.,23.8225615418289));
#5950=CARTESIAN_POINT('Ctrl Pts',(-6.82840507946762,80.,23.596890124988));
#5951=CARTESIAN_POINT('Ctrl Pts',(-7.59294666093864,80.,23.3595023829724));
#5952=CARTESIAN_POINT('Ctrl Pts',(-7.72542485937369,75.,23.7764129073788));
#5953=CARTESIAN_POINT('Ctrl Pts',(-7.7033449406155,75.8333342621458,23.7069278351433));
#5954=CARTESIAN_POINT('Ctrl Pts',(-7.68126511880424,76.6666685230672,23.6374427174181));
#5955=CARTESIAN_POINT('Ctrl Pts',(-7.6371057226731,78.3333351897571,23.4984725432124));
#5956=CARTESIAN_POINT('Ctrl Pts',(-7.61502614835282,79.1666675955255,23.4289874867323));
#5957=CARTESIAN_POINT('Ctrl Pts',(-7.5929466755557,80.,23.3595023824744));
#5958=CARTESIAN_POINT('Origin',(-3.82431666231726,75.,21.8341484763641));
#5959=CARTESIAN_POINT('',(-3.82431666231726,75.,21.8341484763641));
#5960=CARTESIAN_POINT('',(-4.70764731220581,75.,24.5527606754084));
#5961=CARTESIAN_POINT('',(-4.37552739928199,80.,22.1150043748822));
#5962=CARTESIAN_POINT('',(-3.84947811665191,75.2282380643853,21.8469688776939));
#5963=CARTESIAN_POINT('',(-5.12368062994723,80.,24.4175832561851));
#5964=CARTESIAN_POINT('Origin',(-4.70764731220581,75.,24.5527606754084));
#5965=CARTESIAN_POINT('',(-3.87703300345392,74.7627366780164,21.8610087937775));
#5966=CARTESIAN_POINT('Ctrl Pts',(-7.45852162493569,70.0017665106451,22.9364560283059));
#5967=CARTESIAN_POINT('Ctrl Pts',(-7.59593870960641,72.5751920697346,23.3689233417487));
#5968=CARTESIAN_POINT('Ctrl Pts',(-7.73413438830882,75.163121081903,23.8038260231938));
#5969=CARTESIAN_POINT('Ctrl Pts',(-7.872266794792,77.7497975624264,24.2385165225793));
#5970=CARTESIAN_POINT('Ctrl Pts',(-7.79903968417672,69.9444158288158,22.5674518239988));
#5971=CARTESIAN_POINT('Ctrl Pts',(-8.08016440235851,72.5020043252831,23.0004747454089));
#5972=CARTESIAN_POINT('Ctrl Pts',(-8.35504109977266,75.0637580767693,23.4917691905281));
#5973=CARTESIAN_POINT('Ctrl Pts',(-8.60724230298733,77.6080205363826,24.0428100409842));
#5974=CARTESIAN_POINT('Ctrl Pts',(-8.19588677040707,69.8866038532802,21.7340828497089));
#5975=CARTESIAN_POINT('Ctrl Pts',(-8.6854960056017,72.4392173407937,22.0497585884079));
#5976=CARTESIAN_POINT('Ctrl Pts',(-9.20438810848825,74.9782675065609,22.4962057666679));
#5977=CARTESIAN_POINT('Ctrl Pts',(-9.72799067018065,77.4796728272139,23.0574344217187));
#5978=CARTESIAN_POINT('Ctrl Pts',(-8.12607331881925,69.9203027619456,20.8292923397859));
#5979=CARTESIAN_POINT('Ctrl Pts',(-8.64865354765459,72.5135652941941,20.9572108099608));
#5980=CARTESIAN_POINT('Ctrl Pts',(-9.2167367767797,75.0916495138931,21.2395314343992));
#5981=CARTESIAN_POINT('Ctrl Pts',(-9.81693325221419,77.6424152372363,21.6269396693026));
#5982=CARTESIAN_POINT('Ctrl Pts',(-8.01428171003086,69.9499196022606,20.4683335962003));
#5983=CARTESIAN_POINT('Ctrl Pts',(-8.5184434124469,72.5665986490878,20.5268907528242));
#5984=CARTESIAN_POINT('Ctrl Pts',(-9.07289826942898,75.1680747468779,20.7489092186841));
#5985=CARTESIAN_POINT('Ctrl Pts',(-9.65851765748515,77.7484521319385,21.0788813028722));
#5986=CARTESIAN_POINT('',(-9.50018358739195,77.5536975520131,22.8828636499772));
#5987=CARTESIAN_POINT('Ctrl Pts',(-7.72542485937368,75.,23.7764129073788));
#5988=CARTESIAN_POINT('Ctrl Pts',(-7.92703238524048,75.0914835785031,23.7024909831819));
#5989=CARTESIAN_POINT('Ctrl Pts',(-8.11253139892086,75.256004935769,23.6240296566797));
#5990=CARTESIAN_POINT('Ctrl Pts',(-8.26374619858836,75.4199156732364,23.5557839050943));
#5991=CARTESIAN_POINT('Ctrl Pts',(-8.57139150130298,75.7533907600482,23.4169384683272));
#5992=CARTESIAN_POINT('Ctrl Pts',(-8.84574245535017,76.2018649153031,23.2715609907613));
#5993=CARTESIAN_POINT('Ctrl Pts',(-9.21647162839809,76.9066180533164,23.0602724577165));
#5994=CARTESIAN_POINT('Ctrl Pts',(-9.36365335864494,77.2253442198807,22.9706509088639));
#5995=CARTESIAN_POINT('Ctrl Pts',(-9.50018358739195,77.5536975520132,22.8828636499772));
#5996=CARTESIAN_POINT('',(-9.04974138525402,74.9999999999997,20.773544132612));
#5997=CARTESIAN_POINT('Ctrl Pts',(-9.50018358739195,77.5536975520131,22.8828636499772));
#5998=CARTESIAN_POINT('Ctrl Pts',(-9.47507150184264,77.1475940351455,22.690600869532));
#5999=CARTESIAN_POINT('Ctrl Pts',(-9.44496523284537,76.7533989342444,22.4863390748524));
#6000=CARTESIAN_POINT('Ctrl Pts',(-9.36838653884403,76.0083443729723,22.0397147911683));
#6001=CARTESIAN_POINT('Ctrl Pts',(-9.31343658181735,75.6000455260303,21.7549989446613));
#6002=CARTESIAN_POINT('Ctrl Pts',(-9.21428239411012,75.2313567066187,21.3454508268947));
#6003=CARTESIAN_POINT('Ctrl Pts',(-9.18410493461149,75.1433779541544,21.2276656770947));
#6004=CARTESIAN_POINT('Ctrl Pts',(-9.13387866890644,75.0566382596537,21.04852744767));
#6005=CARTESIAN_POINT('Ctrl Pts',(-9.11765608066852,75.0352603760692,20.992546964287));
#6006=CARTESIAN_POINT('Ctrl Pts',(-9.08426037018568,75.0073697729228,20.8818691689301));
#6007=CARTESIAN_POINT('Ctrl Pts',(-9.0674046120282,75.,20.8279059548681));
#6008=CARTESIAN_POINT('Ctrl Pts',(-9.04974138525411,75.,20.7735441326121));
#6009=CARTESIAN_POINT('',(-8.64816490555826,73.1070690189856,20.6177367689064));
#6010=CARTESIAN_POINT('Ctrl Pts',(-9.04904573222134,74.9999170874181,20.7714504431502));
#6011=CARTESIAN_POINT('Ctrl Pts',(-8.91281154460949,74.3700168057475,20.7115896672293));
#6012=CARTESIAN_POINT('Ctrl Pts',(-8.77881338007281,73.7389960028842,20.6592500389386));
#6013=CARTESIAN_POINT('Ctrl Pts',(-8.64732495353708,73.1069390423748,20.6152258278452));
#6014=CARTESIAN_POINT('',(-8.14147491744918,70.,21.358424524162));
#6015=CARTESIAN_POINT('Ctrl Pts',(-8.64816490555823,73.1070690189854,20.6177367689064));
#6016=CARTESIAN_POINT('Ctrl Pts',(-8.53016811894999,72.0647764375829,20.8493185019196));
#6017=CARTESIAN_POINT('Ctrl Pts',(-8.35499446050764,71.0287093918239,21.0983239052349));
#6018=CARTESIAN_POINT('Ctrl Pts',(-8.14147491744918,70.,21.358424524162));
#6019=CARTESIAN_POINT('Ctrl Pts',(-8.14149574342188,69.9999902146364,21.3586325124774));
#6020=CARTESIAN_POINT('Ctrl Pts',(-8.13732603809309,69.9999808098485,21.4399426009871));
#6021=CARTESIAN_POINT('Ctrl Pts',(-8.12909507274486,69.9999745328535,21.5210417032605));
#6022=CARTESIAN_POINT('Ctrl Pts',(-8.11673200465562,69.9999867198696,21.6016265092648));
#6023=CARTESIAN_POINT('Ctrl Pts',(-8.10683645114318,69.9999964745089,21.6661275905781));
#6024=CARTESIAN_POINT('Ctrl Pts',(-8.09429266197223,70.0000182399965,21.7302991702449));
#6025=CARTESIAN_POINT('Ctrl Pts',(-8.07915120245287,70.0000424010613,21.7940032638725));
#6026=CARTESIAN_POINT('Ctrl Pts',(-8.05889719618366,70.0000747201621,21.8792171833138));
#6027=CARTESIAN_POINT('Ctrl Pts',(-8.03409518961927,70.0001103103756,21.9631827196605));
#6028=CARTESIAN_POINT('Ctrl Pts',(-8.00495728405975,70.0001362428178,22.0455941674546));
#6029=CARTESIAN_POINT('Ctrl Pts',(-7.97564838484814,70.0001623274426,22.1284892407586));
#6030=CARTESIAN_POINT('Ctrl Pts',(-7.9419522564842,70.0001786921794,22.2098128342349));
#6031=CARTESIAN_POINT('Ctrl Pts',(-7.90403464989244,70.0001802316473,22.2892413151238));
#6032=CARTESIAN_POINT('Ctrl Pts',(-7.88466347048985,70.0001810181239,22.3298193866656));
#6033=CARTESIAN_POINT('Ctrl Pts',(-7.86418973524538,70.0001780596316,22.3699025603137));
#6034=CARTESIAN_POINT('Ctrl Pts',(-7.84263092498675,70.0001714089469,22.4094452715293));
#6035=CARTESIAN_POINT('Ctrl Pts',(-7.80072025841692,70.0001584799112,22.4863169247024));
#6036=CARTESIAN_POINT('Ctrl Pts',(-7.75487176435567,70.0001312686483,22.5608537858478));
#6037=CARTESIAN_POINT('Ctrl Pts',(-7.70527209070838,70.0001006078085,22.6327546169845));
#6038=CARTESIAN_POINT('Ctrl Pts',(-7.65608120265324,70.0000701996661,22.7040628630966));
#6039=CARTESIAN_POINT('Ctrl Pts',(-7.60320034238595,70.0000364619109,22.7727791427733));
#6040=CARTESIAN_POINT('Ctrl Pts',(-7.54676608833452,70.0000165433884,22.8385880330394));
#6041=CARTESIAN_POINT('Ctrl Pts',(-7.52155664773884,70.0000076456929,22.8679851667079));
#6042=CARTESIAN_POINT('Ctrl Pts',(-7.49563756992476,70.0000015878954,22.8968017852442));
#6043=CARTESIAN_POINT('Ctrl Pts',(-7.46901835320703,70.0000002761558,22.9250077331056));
#6044=CARTESIAN_POINT('Origin',(-8.86246152151453,75.,20.1971559791363));
#6045=CARTESIAN_POINT('',(-8.86246152151453,75.,20.1971559791363));
#6046=CARTESIAN_POINT('',(-8.86246152151453,75.,20.1971559791363));
#6047=CARTESIAN_POINT('',(-8.81268385549063,74.5603025005376,20.2948501494144));
#6048=CARTESIAN_POINT('Origin',(-9.776172384761,75.,23.0092688606882));
#6049=CARTESIAN_POINT('',(-9.2353019121393,80.,22.7602370235087));
#6050=CARTESIAN_POINT('Ctrl Pts',(-9.50018358739195,77.5536975520131,22.8828636499772));
#6051=CARTESIAN_POINT('Ctrl Pts',(-9.36733217136454,78.7817832173483,22.8216837417504));
#6052=CARTESIAN_POINT('Ctrl Pts',(-9.2353019121402,79.9999999999917,22.7602370235091));
#6053=CARTESIAN_POINT('',(-8.58160562299642,80.,20.7483667161011));
#6054=CARTESIAN_POINT('',(-8.44642820377311,80.,20.3323333983597));
#6055=CARTESIAN_POINT('',(-8.85530563046063,75.1273943522578,20.211200206095));
#6056=CARTESIAN_POINT('Origin',(0.,75.,0.));
#6057=CARTESIAN_POINT('Origin',(0.,80.,0.));
#6058=CARTESIAN_POINT('Origin',(-3.82431666231726,75.,21.8341484763641));
#6059=CARTESIAN_POINT('',(-4.09675683034595,70.,22.6726330963713));
#6060=CARTESIAN_POINT('',(-3.82431666231726,75.,21.8341484763641));
#6061=CARTESIAN_POINT('Origin',(-6.81505903125216,70.,22.4673030350259));
#6062=CARTESIAN_POINT('Origin',(-8.86246152151453,75.,20.1971559791363));
#6063=CARTESIAN_POINT('',(-3.95949408154057,80.,22.2501817941055));
#6064=CARTESIAN_POINT('Origin',(-6.81505903125216,80.,22.4673030350259));
#6065=CARTESIAN_POINT('Origin',(0.461272154986334,80.,23.4736440133646));
#6066=CARTESIAN_POINT('',(-1.74999402722713,80.,24.5001369726646));
#6067=CARTESIAN_POINT('',(-1.74999402722712,80.,22.3847313443589));
#6068=CARTESIAN_POINT('',(-1.74999402722712,80.,21.9472880267293));
#6069=CARTESIAN_POINT('',(-0.00283819734222197,80.,24.5625565183939));
#6070=CARTESIAN_POINT('Origin',(0.,80.,0.));
#6071=CARTESIAN_POINT('',(2.67253833719981,80.,24.4077223212694));
#6072=CARTESIAN_POINT('Ctrl Pts',(2.67251346036839,80.,24.4077355138534));
#6073=CARTESIAN_POINT('Ctrl Pts',(1.70007911062841,80.,24.4961343576272));
#6074=CARTESIAN_POINT('Ctrl Pts',(0.797640916289057,80.,24.5520693317023));
#6075=CARTESIAN_POINT('Ctrl Pts',(-0.00283818328667852,80.,24.5625565143506));
#6076=CARTESIAN_POINT('',(2.67253833719979,80.,22.3847313443589));
#6077=CARTESIAN_POINT('',(2.67253833719979,80.,24.8058060563777));
#6078=CARTESIAN_POINT('',(3.10998165482941,80.,22.3847313443589));
#6079=CARTESIAN_POINT('Origin',(-2.18743734485674,75.,21.9472880267293));
#6080=CARTESIAN_POINT('',(3.10998165482941,75.,21.9472880267293));
#6081=CARTESIAN_POINT('',(3.09001341161059,75.2282380643853,21.9672562699481));
#6082=CARTESIAN_POINT('',(-2.18743734485674,75.,21.9472880267293));
#6083=CARTESIAN_POINT('',(3.10998165482941,75.,21.9472880267293));
#6084=CARTESIAN_POINT('',(-2.17629178323696,75.1273943522578,21.9584335883491));
#6085=CARTESIAN_POINT('Origin',(0.461272154986334,70.,23.4736440133646));
#6086=CARTESIAN_POINT('',(-0.0192426183973732,70.,24.1110327651147));
#6087=CARTESIAN_POINT('',(1.9373286937714,70.,22.8289229302716));
#6088=CARTESIAN_POINT('Ctrl Pts',(-0.0194059925080826,70.0001082595222,
24.1105807822658));
#6089=CARTESIAN_POINT('Ctrl Pts',(0.0693442235025825,70.000194038717,24.102652788481));
#6090=CARTESIAN_POINT('Ctrl Pts',(0.157479064704833,70.0003171705167,24.0898631362274));
#6091=CARTESIAN_POINT('Ctrl Pts',(0.244679123869345,70.0004417453825,24.072393653532));
#6092=CARTESIAN_POINT('Ctrl Pts',(0.331874231057496,70.0005663131739,24.0549251629055));
#6093=CARTESIAN_POINT('Ctrl Pts',(0.41813549460865,70.0006922492289,24.0327769675659));
#6094=CARTESIAN_POINT('Ctrl Pts',(0.503127248911937,70.0007952119117,24.0060833209378));
#6095=CARTESIAN_POINT('Ctrl Pts',(0.578714890551945,70.0008867820462,23.9823432556583));
#6096=CARTESIAN_POINT('Ctrl Pts',(0.653298595690825,70.0009603014049,23.9550071377269));
#6097=CARTESIAN_POINT('Ctrl Pts',(0.726623267034733,70.0010070864463,23.9241416466786));
#6098=CARTESIAN_POINT('Ctrl Pts',(0.808951452874787,70.0010596162089,23.8894861912024));
#6099=CARTESIAN_POINT('Ctrl Pts',(0.889202192727573,70.0010764897503,23.8505885039187));
#6100=CARTESIAN_POINT('Ctrl Pts',(0.967059718774085,70.0010545167593,23.8076536793951));
#6101=CARTESIAN_POINT('Ctrl Pts',(1.04471597051894,70.001032600572,23.7648298483395));
#6102=CARTESIAN_POINT('Ctrl Pts',(1.11999218436928,70.0009719765332,23.7179892663097));
#6103=CARTESIAN_POINT('Ctrl Pts',(1.19255354999236,70.0008815188471,23.6672901143642));
#6104=CARTESIAN_POINT('Ctrl Pts',(1.26340640949528,70.0007931910481,23.6177847080248));
#6105=CARTESIAN_POINT('Ctrl Pts',(1.33167140954279,70.0006763982182,23.5645997698631));
#6106=CARTESIAN_POINT('Ctrl Pts',(1.39700569743951,70.0005514296179,23.5078467834377));
#6107=CARTESIAN_POINT('Ctrl Pts',(1.43718972492404,70.0004745673481,23.4729407082395));
#6108=CARTESIAN_POINT('Ctrl Pts',(1.47626444599883,70.0003948488134,23.4366842078892));
#6109=CARTESIAN_POINT('Ctrl Pts',(1.51414240659003,70.0003194002676,23.3990974956219));
#6110=CARTESIAN_POINT('Ctrl Pts',(1.57919151839916,70.0001898299101,23.334548554479));
#6111=CARTESIAN_POINT('Ctrl Pts',(1.64036586278616,70.0000723416945,23.2664231950468));
#6112=CARTESIAN_POINT('Ctrl Pts',(1.69730763923871,70.0000134716378,23.1949084350379));
#6113=CARTESIAN_POINT('Ctrl Pts',(1.75183824217628,69.9999570944067,23.1264219348762));
#6114=CARTESIAN_POINT('Ctrl Pts',(1.80248757137476,69.9999545506424,23.0548261679971));
#6115=CARTESIAN_POINT('Ctrl Pts',(1.84915781159863,69.9999713246138,22.9804983163471));
#6116=CARTESIAN_POINT('Ctrl Pts',(1.86446580506267,69.999976826532,22.9561185346748));
#6117=CARTESIAN_POINT('Ctrl Pts',(1.87934536815114,69.9999845078668,22.9314445856804));
#6118=CARTESIAN_POINT('Ctrl Pts',(1.89379203683753,69.9999934375757,22.9064891785023));
#6119=CARTESIAN_POINT('Ctrl Pts',(1.90845936520514,70.0000025036778,22.881152600252));
#6120=CARTESIAN_POINT('Ctrl Pts',(1.92266105708202,70.0000128199032,22.8555594417075));
#6121=CARTESIAN_POINT('Ctrl Pts',(1.93639552445019,70.0000235940064,22.8297248675071));
#6122=CARTESIAN_POINT('',(-1.1428866214529,70.,22.8289229302716));
#6123=CARTESIAN_POINT('Ctrl Pts',(-1.14284412043324,69.9999897511264,22.8291286182316));
#6124=CARTESIAN_POINT('Ctrl Pts',(-1.11375248239178,69.9999803023025,22.9051707351076));
#6125=CARTESIAN_POINT('Ctrl Pts',(-1.08086351192449,69.9999739914142,22.9797571621902));
#6126=CARTESIAN_POINT('Ctrl Pts',(-1.04420352390275,69.9999861635732,23.0525775151882));
#6127=CARTESIAN_POINT('Ctrl Pts',(-1.01486041338879,69.9999959063207,23.1108638317145));
#6128=CARTESIAN_POINT('Ctrl Pts',(-0.983100450979171,70.0000176721319,23.1680183856784));
#6129=CARTESIAN_POINT('Ctrl Pts',(-0.949014378548601,70.0000418429283,23.2239255804095));
#6130=CARTESIAN_POINT('Ctrl Pts',(-0.903419243161312,70.0000741749237,23.2987096764088));
#6131=CARTESIAN_POINT('Ctrl Pts',(-0.853884433070003,70.0001097947643,23.3709010476909));
#6132=CARTESIAN_POINT('Ctrl Pts',(-0.800706163532354,70.0001357665907,23.4402745187509));
#6133=CARTESIAN_POINT('Ctrl Pts',(-0.747215410853528,70.0001618910314,23.5100556382797));
#6134=CARTESIAN_POINT('Ctrl Pts',(-0.690037698289815,70.0001783053135,23.5769864117592));
#6135=CARTESIAN_POINT('Ctrl Pts',(-0.629430705780207,70.0001798968059,23.6408102854378));
#6136=CARTESIAN_POINT('Ctrl Pts',(-0.598468197711383,70.0001807098573,23.6734162129378));
#6137=CARTESIAN_POINT('Ctrl Pts',(-0.566610025981096,70.0001777786186,23.7052107542211));
#6138=CARTESIAN_POINT('Ctrl Pts',(-0.533886900173436,70.0001711548923,23.7361559797612));
#6139=CARTESIAN_POINT('Ctrl Pts',(-0.470272304183714,70.0001582781984,23.7963142920237));
#6140=CARTESIAN_POINT('Ctrl Pts',(-0.403634077776977,70.0001311178144,23.8530351996828));
#6141=CARTESIAN_POINT('Ctrl Pts',(-0.334242856028211,70.0001004993131,23.9060899048977));
#6142=CARTESIAN_POINT('Ctrl Pts',(-0.265423019697778,70.0000701329325,23.9587077438322));
#6143=CARTESIAN_POINT('Ctrl Pts',(-0.193894742454175,70.000036428502,24.0077201474888));
#6144=CARTESIAN_POINT('Ctrl Pts',(-0.119885428616526,70.0000165282075,24.0528693487237));
#6145=CARTESIAN_POINT('Ctrl Pts',(-0.0868268282288837,70.0000076391116,
24.0730366671873));
#6146=CARTESIAN_POINT('Ctrl Pts',(-0.0532727645324224,70.0000015866096,
24.0924326619858));
#6147=CARTESIAN_POINT('Ctrl Pts',(-0.0192415903086788,70.0000002759508,
24.1110315937645));
#6148=CARTESIAN_POINT('',(3.10998165482941,70.,22.8289229302716));
#6149=CARTESIAN_POINT('Origin',(3.10998165482941,75.,21.9472880267293));
#6150=CARTESIAN_POINT('',(2.81890275510228,73.3492095279032,22.2383669250394));
#6151=CARTESIAN_POINT('Ctrl Pts',(1.93732869377141,70.,22.8289229302716));
#6152=CARTESIAN_POINT('Ctrl Pts',(2.32803305722244,71.0727993198058,22.6397594653042));
#6153=CARTESIAN_POINT('Ctrl Pts',(2.62189908057166,72.231946170139,22.4353706009872));
#6154=CARTESIAN_POINT('Ctrl Pts',(2.81890275650008,73.3492095358297,22.2383669250588));
#6155=CARTESIAN_POINT('',(-1.85366254028496,73.1070690189856,22.2810628313011));
#6156=CARTESIAN_POINT('Ctrl Pts',(-1.85366254028493,73.1070690189854,22.2810628313011));
#6157=CARTESIAN_POINT('Ctrl Pts',(-1.6698782363914,72.0647764375829,22.4648471351946));
#6158=CARTESIAN_POINT('Ctrl Pts',(-1.42633128573091,71.0287093918239,22.6475337091849));
#6159=CARTESIAN_POINT('Ctrl Pts',(-1.14288662145289,70.,22.8289229302716));
#6160=CARTESIAN_POINT('',(-2.10990681235147,74.5603025005376,22.0248185592346));
#6161=CARTESIAN_POINT('',(3.06814572963118,74.7627366780164,21.9891239519275));
#6162=CARTESIAN_POINT('Origin',(0.,75.,0.));
#6163=CARTESIAN_POINT('',(-1.56108119114844E-15,75.,25.));
#6164=CARTESIAN_POINT('',(-1.96401775898169,77.5536975520131,24.6986147639904));
#6165=CARTESIAN_POINT('Ctrl Pts',(7.49400541621981E-15,75.,25.));
#6166=CARTESIAN_POINT('Ctrl Pts',(-0.2145832820435,75.0914835785031,24.9919962239822));
#6167=CARTESIAN_POINT('Ctrl Pts',(-0.415249211060947,75.256004935769,24.9746974158021));
#6168=CARTESIAN_POINT('Ctrl Pts',(-0.580152128678773,75.4199156732364,24.9565197919456));
#6169=CARTESIAN_POINT('Ctrl Pts',(-0.915645798085529,75.7533907600482,24.9195375613289));
#6170=CARTESIAN_POINT('Ctrl Pts',(-1.22149317185116,76.2018649153031,24.8660544711908));
#6171=CARTESIAN_POINT('Ctrl Pts',(-1.63936931508646,76.9066180533164,24.7796687498025));
#6172=CARTESIAN_POINT('Ctrl Pts',(-1.807042040375,77.2253442198807,24.7399152476735));
#6173=CARTESIAN_POINT('Ctrl Pts',(-1.96401775898169,77.5536975520131,24.6986147639904));
#6174=CARTESIAN_POINT('Ctrl Pts',(-1.67383821708694E-15,75.,25.));
#6175=CARTESIAN_POINT('Ctrl Pts',(-0.000472817561903681,75.8333342621458,
24.9270926991345));
#6176=CARTESIAN_POINT('Ctrl Pts',(-0.000945741382915397,76.6666685230672,
24.8541853849639));
#6177=CARTESIAN_POINT('Ctrl Pts',(-0.00189180547752671,78.3333351897571,
24.7083708913491));
#6178=CARTESIAN_POINT('Ctrl Pts',(-0.00236494575065813,79.1666675955255,
24.635463711905));
#6179=CARTESIAN_POINT('Ctrl Pts',(-0.00283819734222197,80.,24.5625565183939));
#6180=CARTESIAN_POINT('Ctrl Pts',(-1.96401775898169,77.5536975520131,24.6986147639904));
#6181=CARTESIAN_POINT('Ctrl Pts',(-1.85657418542617,78.7817832173483,24.5993758683257));
#6182=CARTESIAN_POINT('Ctrl Pts',(-1.74999402722785,79.9999999999917,24.5001369726653));
#6183=CARTESIAN_POINT('Origin',(-2.18743734485674,75.,24.9041184919749));
#6184=CARTESIAN_POINT('',(-2.18743734485668,74.9999999999997,22.5533383966074));
#6185=CARTESIAN_POINT('Ctrl Pts',(-1.96401775898169,77.5536975520131,24.6986147639904));
#6186=CARTESIAN_POINT('Ctrl Pts',(-1.99954721292562,77.1475940351455,24.508001932608));
#6187=CARTESIAN_POINT('Ctrl Pts',(-2.03403481547193,76.7533989342444,24.3044340729905));
#6188=CARTESIAN_POINT('Ctrl Pts',(-2.09921864329152,76.0083443729723,23.8560050198036));
#6189=CARTESIAN_POINT('Ctrl Pts',(-2.13494016372965,75.6000455260303,23.5682436881292));
#6190=CARTESIAN_POINT('Ctrl Pts',(-2.16719625579692,75.2313567066187,23.1480999529258));
#6191=CARTESIAN_POINT('Ctrl Pts',(-2.17489339926869,75.1433779541544,23.0267542708537));
#6192=CARTESIAN_POINT('Ctrl Pts',(-2.1824821392152,75.0566382596537,22.8408629207749));
#6193=CARTESIAN_POINT('Ctrl Pts',(-2.18435246167903,75.0352603760692,22.7826092618099));
#6194=CARTESIAN_POINT('Ctrl Pts',(-2.18679257327324,75.0073697729228,22.6670285812481));
#6195=CARTESIAN_POINT('Ctrl Pts',(-2.18743734485674,75.,22.6104977991504));
#6196=CARTESIAN_POINT('Ctrl Pts',(-2.18743734485674,75.,22.5533383966075));
#6197=CARTESIAN_POINT('',(-2.18743734485674,75.,21.9472880267293));
#6198=CARTESIAN_POINT('Origin',(-2.18743734485674,75.,21.9472880267293));
#6199=CARTESIAN_POINT('Ctrl Pts',(-2.1874227251315,74.9999170874181,22.5511322109924));
#6200=CARTESIAN_POINT('Ctrl Pts',(-2.07635431031711,74.3700168057475,22.4521025507953));
#6201=CARTESIAN_POINT('Ctrl Pts',(-1.96508831738399,73.7389960028842,22.3609168961922));
#6202=CARTESIAN_POINT('Ctrl Pts',(-1.85363962190161,73.1069390423748,22.2784152249938));
#6203=CARTESIAN_POINT('Ctrl Pts',(-0.00572088984318375,70.0017665106451,
24.1186759014557));
#6204=CARTESIAN_POINT('Ctrl Pts',(-0.00277255430404513,72.5751920697332,
24.5724409724707));
#6205=CARTESIAN_POINT('Ctrl Pts',(0.000187864407959283,75.1631210819031,
25.0287628148817));
#6206=CARTESIAN_POINT('Ctrl Pts',(0.00314289071407181,77.7497975624265,
25.4848633079712));
#6207=CARTESIAN_POINT('Ctrl Pts',(-0.443601379127224,69.9444158288158,23.8729579156063));
#6208=CARTESIAN_POINT('Ctrl Pts',(-0.577155432576021,72.5020043252818,24.3716595021752));
#6209=CARTESIAN_POINT('Ctrl Pts',(-0.686760374045632,75.0637580767694,24.9238498564844));
#6210=CARTESIAN_POINT('Ctrl Pts',(-0.756336984394645,77.6080205363827,25.5258553058507));
#6211=CARTESIAN_POINT('Ctrl Pts',(-1.0785553698175,69.8866027203762,23.2030129443512));
#6212=CARTESIAN_POINT('Ctrl Pts',(-1.44665225541767,72.4392162078889,23.6545359869551));
#6213=CARTESIAN_POINT('Ctrl Pts',(-1.8022005542821,74.9782595884309,24.2395009524862));
#6214=CARTESIAN_POINT('Ctrl Pts',(-2.12674699038759,77.4796649090838,24.935063211865));
#6215=CARTESIAN_POINT('Ctrl Pts',(-1.29174966795748,69.9203027619456,22.3209289626221));
#6216=CARTESIAN_POINT('Ctrl Pts',(-1.7492240186998,72.5135652941939,22.6040728288709));
#6217=CARTESIAN_POINT('Ctrl Pts',(-2.20226140474325,75.0916495138931,23.0481230704466));
#6218=CARTESIAN_POINT('Ctrl Pts',(-2.65336644541666,77.6424152372364,23.6020411075911));
#6219=CARTESIAN_POINT('Ctrl Pts',(-1.29697191598835,69.9499196022606,21.9430912904771));
#6220=CARTESIAN_POINT('Ctrl Pts',(-1.75836303179849,72.5665986490878,22.1545769898196));
#6221=CARTESIAN_POINT('Ctrl Pts',(-2.21707345750704,75.1680747468779,22.5370650719347));
#6222=CARTESIAN_POINT('Ctrl Pts',(-2.6720636109032,77.7484521319385,23.0318535159421));
#6223=CARTESIAN_POINT('',(-0.00444448827563285,71.1161060252739,24.3151642958499));
#6224=CARTESIAN_POINT('Ctrl Pts',(-0.00444469359598302,71.1159271479449,
24.3151327548687));
#6225=CARTESIAN_POINT('Ctrl Pts',(-0.00462604740611307,70.9575647871693,
24.2872091643273));
#6226=CARTESIAN_POINT('Ctrl Pts',(-0.00597719779769504,70.7947066180734,
24.2579914861761));
#6227=CARTESIAN_POINT('Ctrl Pts',(-0.00807861832732458,70.6312276593431,
24.2282065103341));
#6228=CARTESIAN_POINT('Ctrl Pts',(-0.00995697308263483,70.4851019909228,
24.2015832094665));
#6229=CARTESIAN_POINT('Ctrl Pts',(-0.0124340811968681,70.3384802715534,
24.1745067256649));
#6230=CARTESIAN_POINT('Ctrl Pts',(-0.0152450643495571,70.1941163653627,
24.1475190297195));
#6231=CARTESIAN_POINT('Ctrl Pts',(-0.0165155974113028,70.1288654884363,
24.1353208918808));
#6232=CARTESIAN_POINT('Ctrl Pts',(-0.0178548973167985,70.0640756797089,
24.1231412149721));
#6233=CARTESIAN_POINT('Ctrl Pts',(-0.0192415903086758,70.0000002759508,
24.1110315937645));
#6234=CARTESIAN_POINT('Ctrl Pts',(-1.67383821708694E-15,75.,25.));
#6235=CARTESIAN_POINT('Ctrl Pts',(-0.000952923934880664,74.1666702519641,
24.8530614815943));
#6236=CARTESIAN_POINT('Ctrl Pts',(-0.00190627939895725,73.3333405137207,
24.7061229104507));
#6237=CARTESIAN_POINT('Ctrl Pts',(-0.0033880810061886,72.0387091957718,
24.4778443049121));
#6238=CARTESIAN_POINT('Ctrl Pts',(-0.00391621348647142,71.5774076088851,
24.3965043092072));
#6239=CARTESIAN_POINT('Ctrl Pts',(-0.00444448827561436,71.1161060252735,
24.315164295852));
#6240=CARTESIAN_POINT('Origin',(3.10998165482941,75.,24.8058060563777));
#6241=CARTESIAN_POINT('',(3.10998165482941,75.,22.5189068836771));
#6242=CARTESIAN_POINT('Ctrl Pts',(2.81889975669648,73.3491925230989,22.2384695022205));
#6243=CARTESIAN_POINT('Ctrl Pts',(2.91591060929626,73.8993684077537,22.3325109937187));
#6244=CARTESIAN_POINT('Ctrl Pts',(3.0129379439456,74.4496377667565,22.4259914169495));
#6245=CARTESIAN_POINT('Ctrl Pts',(3.10997911417358,74.9999855912249,22.5189947986123));
#6246=CARTESIAN_POINT('',(3.10998165482941,75.,24.8058060563777));
#6247=CARTESIAN_POINT('Origin',(3.10998165482941,75.,21.9472880267293));
#6248=CARTESIAN_POINT('',(2.89389462997082,77.4698859960816,24.6095152706194));
#6249=CARTESIAN_POINT('Ctrl Pts',(3.10998165482941,75.0000000000001,22.5189068836771));
#6250=CARTESIAN_POINT('Ctrl Pts',(3.10998165482941,75.0000000000001,22.6100041541524));
#6251=CARTESIAN_POINT('Ctrl Pts',(3.10835051196076,75.0186440483018,22.6991587846575));
#6252=CARTESIAN_POINT('Ctrl Pts',(3.10155190663145,75.0963524628016,22.9118964867798));
#6253=CARTESIAN_POINT('Ctrl Pts',(3.09504040733315,75.170779240353,23.0313879914066));
#6254=CARTESIAN_POINT('Ctrl Pts',(3.07301335578915,75.4225495915765,23.354858672566));
#6255=CARTESIAN_POINT('Ctrl Pts',(3.05290832495825,75.6523511452785,23.5517917978814));
#6256=CARTESIAN_POINT('Ctrl Pts',(2.99781702072436,76.2820476340992,24.0149870152029));
#6257=CARTESIAN_POINT('Ctrl Pts',(2.95061580174967,76.8215600359756,24.3167318204172));
#6258=CARTESIAN_POINT('Ctrl Pts',(2.89389462997083,77.4698859960816,24.6095152706194));
#6259=CARTESIAN_POINT('Ctrl Pts',(2.89389462997081,77.4698859960816,24.6095152706194));
#6260=CARTESIAN_POINT('Ctrl Pts',(2.82012193930538,78.3131117089029,24.5423850231138));
#6261=CARTESIAN_POINT('Ctrl Pts',(2.74630885103277,79.1567991684877,24.475097476335));
#6262=CARTESIAN_POINT('Ctrl Pts',(2.67253833719981,80.,24.4077223212694));
#6263=CARTESIAN_POINT('Ctrl Pts',(-1.66533453693773E-15,75.,25.));
#6264=CARTESIAN_POINT('Ctrl Pts',(-0.00189118860067502,76.6666666666667,
24.854197825504));
#6265=CARTESIAN_POINT('Ctrl Pts',(-0.0037823772013482,78.3333333333333,
24.708395651008));
#6266=CARTESIAN_POINT('Ctrl Pts',(-0.00567356580202155,80.,24.5625934765119));
#6267=CARTESIAN_POINT('Ctrl Pts',(0.872770157511333,75.,24.9886793665554));
#6268=CARTESIAN_POINT('Ctrl Pts',(0.865143660250977,76.6666666666667,24.8429680477356));
#6269=CARTESIAN_POINT('Ctrl Pts',(0.857883701362236,78.3333333333333,24.6972025842666));
#6270=CARTESIAN_POINT('Ctrl Pts',(0.85025720410188,80.,24.5514912654468));
#6271=CARTESIAN_POINT('Ctrl Pts',(1.85584030705482,75.,24.9246547425744));
#6272=CARTESIAN_POINT('Ctrl Pts',(1.84480428312117,76.6666666666667,24.7792459410783));
#6273=CARTESIAN_POINT('Ctrl Pts',(1.8339117778849,78.3333333333333,24.6337865284807));
#6274=CARTESIAN_POINT('Ctrl Pts',(1.82287575395125,80.,24.4883777269846));
#6275=CARTESIAN_POINT('Ctrl Pts',(2.91422299307034,75.,24.8246439762027));
#6276=CARTESIAN_POINT('Ctrl Pts',(2.90050551625927,76.6666666666667,24.6794762059779));
#6277=CARTESIAN_POINT('Ctrl Pts',(2.8867880394482,78.3333333333333,24.5343084357532));
#6278=CARTESIAN_POINT('Ctrl Pts',(2.87307056263713,80.,24.3891406655284));
#6279=CARTESIAN_POINT('',(0.75206409173236,75.,24.9787244076302));
#6280=CARTESIAN_POINT('Ctrl Pts',(2.89389462997083,77.4698859960816,24.6095152706194));
#6281=CARTESIAN_POINT('Ctrl Pts',(2.62661839349258,76.8776253310702,24.6868181750639));
#6282=CARTESIAN_POINT('Ctrl Pts',(2.22612993121678,76.1060826642484,24.7907900226087));
#6283=CARTESIAN_POINT('Ctrl Pts',(1.60048236152911,75.4181741771016,24.8953768520649));
#6284=CARTESIAN_POINT('Ctrl Pts',(1.42855735150185,75.2600502504766,24.9206313462637));
#6285=CARTESIAN_POINT('Ctrl Pts',(1.16265774077224,75.103557821456,24.9496401381664));
#6286=CARTESIAN_POINT('Ctrl Pts',(1.07932157721614,75.0644217117462,24.9576003769634));
#6287=CARTESIAN_POINT('Ctrl Pts',(0.914315309391048,75.0137681928335,24.9703095417924));
#6288=CARTESIAN_POINT('Ctrl Pts',(0.833859414834277,75.,24.9752627516849));
#6289=CARTESIAN_POINT('Ctrl Pts',(0.752064091732361,75.,24.9787244076302));
#6290=CARTESIAN_POINT('Ctrl Pts',(-1.57165946923499E-15,75.,25.));
#6291=CARTESIAN_POINT('Ctrl Pts',(0.0324271057910547,75.,24.9995793905472));
#6292=CARTESIAN_POINT('Ctrl Pts',(0.170056494412611,75.,24.9975490355663));
#6293=CARTESIAN_POINT('Ctrl Pts',(0.318437083558616,75.,24.9942649651098));
#6294=CARTESIAN_POINT('Ctrl Pts',(0.469310984424403,75.,24.9897895303124));
#6295=CARTESIAN_POINT('Ctrl Pts',(0.622605312325156,75.,24.9841575572304));
#6296=CARTESIAN_POINT('Ctrl Pts',(0.743146895169721,75.,24.9791017918781));
#6297=CARTESIAN_POINT('Ctrl Pts',(0.75206409173236,75.,24.9787244076302));
#6298=CARTESIAN_POINT('Ctrl Pts',(0.752064091732468,75.,24.9787244076302));
#6299=CARTESIAN_POINT('Ctrl Pts',(0.742411771224614,73.7053686750782,24.7506501312994));
#6300=CARTESIAN_POINT('Ctrl Pts',(0.732759450716759,72.4107373501564,24.5225758549686));
#6301=CARTESIAN_POINT('Ctrl Pts',(0.723107130208904,71.1161060252346,24.2945015786378));
#6302=CARTESIAN_POINT('Ctrl Pts',(0.493299214195075,75.,24.9896755835994));
#6303=CARTESIAN_POINT('Ctrl Pts',(0.485644061904923,73.7053686750782,24.7615167257622));
#6304=CARTESIAN_POINT('Ctrl Pts',(0.477999407555129,72.4107373501564,24.5333576019806));
#6305=CARTESIAN_POINT('Ctrl Pts',(0.470344255264977,71.1161060252346,24.3051987441433));
#6306=CARTESIAN_POINT('Ctrl Pts',(0.242426906940412,75.,24.9968554995528));
#6307=CARTESIAN_POINT('Ctrl Pts',(0.23702186997183,73.7053686750782,24.7686279263457));
#6308=CARTESIAN_POINT('Ctrl Pts',(0.231627040355846,72.4107373501564,24.5404003597642));
#6309=CARTESIAN_POINT('Ctrl Pts',(0.226222003387264,71.1161060252346,24.3121727865571));
#6310=CARTESIAN_POINT('Ctrl Pts',(-1.66533453693773E-15,75.,25.));
#6311=CARTESIAN_POINT('Ctrl Pts',(-0.0029607326404335,73.7053686750782,
24.7717407682541));
#6312=CARTESIAN_POINT('Ctrl Pts',(-0.00592146528086535,72.4107373501564,
24.5434815365082));
#6313=CARTESIAN_POINT('Ctrl Pts',(-0.00888219792129719,71.1161060252346,
24.3152223047623));
#6314=CARTESIAN_POINT('Ctrl Pts',(0.751975357307871,74.9999919571333,24.9788645942359));
#6315=CARTESIAN_POINT('Ctrl Pts',(0.503638300830163,73.7048641364188,24.7608688924482));
#6316=CARTESIAN_POINT('Ctrl Pts',(0.251934567942273,72.4101708549354,24.54010667603));
#6317=CARTESIAN_POINT('Ctrl Pts',(-0.00449474294139309,71.1161077152233,
24.3152054860277));
#6318=CARTESIAN_POINT('Ctrl Pts',(1.25102746547034,77.6250333469674,25.4172572758861));
#6319=CARTESIAN_POINT('Ctrl Pts',(0.773316545253192,75.0926596081466,24.9972534143839));
#6320=CARTESIAN_POINT('Ctrl Pts',(0.286250636505292,72.5614411761121,24.5702223428539));
#6321=CARTESIAN_POINT('Ctrl Pts',(-0.220317147873435,70.0328386105629,24.1259159416386));
#6322=CARTESIAN_POINT('Ctrl Pts',(1.94672648358505,77.5122885250825,25.3576636719857));
#6323=CARTESIAN_POINT('Ctrl Pts',(1.47533562244558,74.9775257601486,24.9459912185681));
#6324=CARTESIAN_POINT('Ctrl Pts',(0.996320706393334,72.4434257802274,24.5289144107344));
#6325=CARTESIAN_POINT('Ctrl Pts',(0.501098893714643,69.909835760844,24.1020103823158));
#6326=CARTESIAN_POINT('Ctrl Pts',(3.12226906006168,77.4136563369259,24.7053452872436));
#6327=CARTESIAN_POINT('Ctrl Pts',(2.66779261702852,74.8766744116933,24.2974685576646));
#6328=CARTESIAN_POINT('Ctrl Pts',(2.2111061159515,72.3393409616129,23.8866900471659));
#6329=CARTESIAN_POINT('Ctrl Pts',(1.74911349559264,69.8010570991597,23.4689680303488));
#6330=CARTESIAN_POINT('Ctrl Pts',(3.55793589363409,77.5404747305537,23.48270580989));
#6331=CARTESIAN_POINT('Ctrl Pts',(3.11116420322815,75.0063509739894,23.0650529620921));
#6332=CARTESIAN_POINT('Ctrl Pts',(2.66423332968733,72.4728365136017,22.6415725759367));
#6333=CARTESIAN_POINT('Ctrl Pts',(2.21787054350621,69.9405864732737,22.2050227506254));
#6334=CARTESIAN_POINT('Ctrl Pts',(3.5728458591592,77.6250333469674,22.9592330443774));
#6335=CARTESIAN_POINT('Ctrl Pts',(3.12632004376751,75.0926596081466,22.5374504442942));
#6336=CARTESIAN_POINT('Ctrl Pts',(2.67999794013328,72.5614411761121,22.108401120837));
#6337=CARTESIAN_POINT('Ctrl Pts',(2.23413708433831,70.0328386105629,21.663908182013));
#6338=CARTESIAN_POINT('Ctrl Pts',(-13.927786500494,77.6250333469674,21.2983285810085));
#6339=CARTESIAN_POINT('Ctrl Pts',(-14.0673906776508,75.0926596081466,20.6777468855877));
#6340=CARTESIAN_POINT('Ctrl Pts',(-14.2104327090939,72.5614411761121,20.0459813335363));
#6341=CARTESIAN_POINT('Ctrl Pts',(-14.3590979053249,70.0328386105629,19.3887768312999));
#6342=CARTESIAN_POINT('Ctrl Pts',(-13.3299259303656,77.5122885250825,21.6590379655792));
#6343=CARTESIAN_POINT('Ctrl Pts',(-13.4693141511261,74.9775257601486,21.0489113584052));
#6344=CARTESIAN_POINT('Ctrl Pts',(-13.611693762055,72.4434257802273,20.4299312296239));
#6345=CARTESIAN_POINT('Ctrl Pts',(-13.7614087324477,69.909835760844,19.7934745375604));
#6346=CARTESIAN_POINT('Ctrl Pts',(-11.9954689438063,77.4136642024456,21.8222349136263));
#6347=CARTESIAN_POINT('Ctrl Pts',(-12.1234041833631,74.876682277213,21.2251211570574));
#6348=CARTESIAN_POINT('Ctrl Pts',(-12.251420493173,72.339350167978,20.6243561127007));
#6349=CARTESIAN_POINT('Ctrl Pts',(-12.3796495332757,69.8010663055249,20.0148594532561));
#6350=CARTESIAN_POINT('Ctrl Pts',(-10.9243575561294,77.5404747305538,21.0892103209885));
#6351=CARTESIAN_POINT('Ctrl Pts',(-11.0403132617599,75.0063509739894,20.4887162586085));
#6352=CARTESIAN_POINT('Ctrl Pts',(-11.1529724081483,72.4728365136016,19.8834140531628));
#6353=CARTESIAN_POINT('Ctrl Pts',(-11.2574899386165,69.9405864732737,19.267872362705));
#6354=CARTESIAN_POINT('Ctrl Pts',(-10.6046055690891,77.6250333469675,20.6744758154442));
#6355=CARTESIAN_POINT('Ctrl Pts',(-10.7179349501656,75.0926596081466,20.0707852349902));
#6356=CARTESIAN_POINT('Ctrl Pts',(-10.8268282521368,72.5614411761121,19.4613354905997));
#6357=CARTESIAN_POINT('Ctrl Pts',(-10.9262708674126,70.0328386105629,18.8396627136006));
#6358=CARTESIAN_POINT('',(-11.8511723871838,70.,19.6077198489075));
#6359=CARTESIAN_POINT('',(-10.7908438792388,73.3492095279032,19.6481262365983));
#6360=CARTESIAN_POINT('Ctrl Pts',(-11.8511723871838,70.,19.6077198489076));
#6361=CARTESIAN_POINT('Ctrl Pts',(-11.4238984223951,71.0727993198058,19.6843336538769));
#6362=CARTESIAN_POINT('Ctrl Pts',(-11.0660190552579,72.231946170139,19.6917097038579));
#6363=CARTESIAN_POINT('Ctrl Pts',(-10.7908438781193,73.3492095358297,19.6481262374356));
#6364=CARTESIAN_POINT('',(-10.7202533530215,75.,20.0461797152506));
#6365=CARTESIAN_POINT('Ctrl Pts',(-10.7909065983544,73.3491925230989,19.6482074608623));
#6366=CARTESIAN_POINT('Ctrl Pts',(-10.7676993717686,73.8993684077537,19.7813101741313));
#6367=CARTESIAN_POINT('Ctrl Pts',(-10.7441490232714,74.4496377667565,19.9139686615425));
#6368=CARTESIAN_POINT('Ctrl Pts',(-10.7203070835576,74.9999855912249,20.0462493465672));
#6369=CARTESIAN_POINT('',(-12.1239002065597,77.4698859960816,21.6105046624461));
#6370=CARTESIAN_POINT('Ctrl Pts',(-10.7202533530215,75.0000000000001,20.0461797152506));
#6371=CARTESIAN_POINT('Ctrl Pts',(-10.773798985131,75.0000000000001,20.1198789552063));
#6372=CARTESIAN_POINT('Ctrl Pts',(-10.8275223844165,75.0186440483018,20.1910478046896));
#6373=CARTESIAN_POINT('Ctrl Pts',(-10.95806665558,75.0963524628016,20.3591601011021));
#6374=CARTESIAN_POINT('Ctrl Pts',(-11.0335699133651,75.170779240353,20.4520033957708));
#6375=CARTESIAN_POINT('Ctrl Pts',(-11.2415214683347,75.4225495915765,20.7007494979617));
#6376=CARTESIAN_POINT('Ctrl Pts',(-11.3735411666975,75.6523511452785,20.8482543024779));
#6377=CARTESIAN_POINT('Ctrl Pts',(-11.690370285739,76.2820476340992,21.190605248846));
#6378=CARTESIAN_POINT('Ctrl Pts',(-11.9059180205056,76.8215600359755,21.4069777438252));
#6379=CARTESIAN_POINT('Ctrl Pts',(-12.1239002065597,77.4698859960816,21.6105046624461));
#6380=CARTESIAN_POINT('',(-14.0736931968124,75.,20.6502647254801));
#6381=CARTESIAN_POINT('Ctrl Pts',(-12.1239002065597,77.4698859960816,21.6105046624461));
#6382=CARTESIAN_POINT('Ctrl Pts',(-12.385568731255,76.8776253310702,21.5159429957661));
#6383=CARTESIAN_POINT('Ctrl Pts',(-12.7706838219277,76.1060826642484,21.3646567755274));
#6384=CARTESIAN_POINT('Ctrl Pts',(-13.3383179342328,75.4181741771016,21.0815228833503));
#6385=CARTESIAN_POINT('Ctrl Pts',(-13.4922524083471,75.2600502504766,21.0008992129471));
#6386=CARTESIAN_POINT('Ctrl Pts',(-13.7244206522922,75.103557821456,20.8680759488055));
#6387=CARTESIAN_POINT('Ctrl Pts',(-13.7965199358247,75.0644217117462,20.8255321493507));
#6388=CARTESIAN_POINT('Ctrl Pts',(-13.937483070329,75.0137681928335,20.7388258289182));
#6389=CARTESIAN_POINT('Ctrl Pts',(-14.0054846800494,75.,20.6955422716175));
#6390=CARTESIAN_POINT('Ctrl Pts',(-14.0736931968124,75.,20.6502647254801));
#6391=CARTESIAN_POINT('',(-14.2956906467154,71.1161060252739,19.6687687316991));
#6392=CARTESIAN_POINT('Ctrl Pts',(-14.0738473840892,74.9999919571333,20.6503259820405));
#6393=CARTESIAN_POINT('Ctrl Pts',(-14.1466216245389,73.7048641364188,20.3279948951981));
#6394=CARTESIAN_POINT('Ctrl Pts',(-14.2204934469191,72.4101708549354,20.0014467682613));
#6395=CARTESIAN_POINT('Ctrl Pts',(-14.2957555145733,71.1161077152234,19.6687725163014));
#6396=CARTESIAN_POINT('',(-14.1876770821747,70.,19.4949247315995));
#6397=CARTESIAN_POINT('Ctrl Pts',(-14.2956722734995,71.1159271479456,19.6687430938251));
#6398=CARTESIAN_POINT('Ctrl Pts',(-14.279405903282,70.9575646526182,19.6460458181535));
#6399=CARTESIAN_POINT('Ctrl Pts',(-14.2633252730942,70.79470634133,19.6216140114865));
#6400=CARTESIAN_POINT('Ctrl Pts',(-14.2475181754196,70.6312272426619,19.5962822528027));
#6401=CARTESIAN_POINT('Ctrl Pts',(-14.2333890097325,70.4851015389424,19.5736394740359));
#6402=CARTESIAN_POINT('Ctrl Pts',(-14.2194778715208,70.3384797866839,19.5502781244096));
#6403=CARTESIAN_POINT('Ctrl Pts',(-14.2058890321129,70.1941158519747,19.5267923594888));
#6404=CARTESIAN_POINT('Ctrl Pts',(-14.1997470456811,70.1288651486869,19.5161770857959));
#6405=CARTESIAN_POINT('Ctrl Pts',(-14.1936715434844,70.0640755118546,19.5055363274493));
#6406=CARTESIAN_POINT('Ctrl Pts',(-14.187675560316,70.0000002762577,19.4949243882449));
#6407=CARTESIAN_POINT('Ctrl Pts',(-14.1875435688802,70.0001083870156,19.4944625196324));
#6408=CARTESIAN_POINT('Ctrl Pts',(-14.1110834634526,70.0001942715482,19.5402140948325));
#6409=CARTESIAN_POINT('Ctrl Pts',(-14.0322636060026,70.0003175689793,19.5816705833948));
#6410=CARTESIAN_POINT('Ctrl Pts',(-13.951449276502,70.000442351213,19.6187914224984));
#6411=CARTESIAN_POINT('Ctrl Pts',(-13.87063846208,70.0005671280193,19.6559106470037));
#6412=CARTESIAN_POINT('Ctrl Pts',(-13.7878324373074,70.0006933148688,19.6886947600627));
#6413=CARTESIAN_POINT('Ctrl Pts',(-13.7033816859164,70.0007965505515,19.7170551504158));
#6414=CARTESIAN_POINT('Ctrl Pts',(-13.6282763522662,70.0008883620543,19.7422771471991));
#6415=CARTESIAN_POINT('Ctrl Pts',(-13.5518695287043,70.0009621409484,19.7639997460019));
#6416=CARTESIAN_POINT('Ctrl Pts',(-13.4744067838078,70.0010091902685,19.7821270065848));
#6417=CARTESIAN_POINT('Ctrl Pts',(-13.387431786892,70.00106201714,19.8024802542704));
#6418=CARTESIAN_POINT('Ctrl Pts',(-13.2996439556179,70.0010791914353,19.8181803473161));
#6419=CARTESIAN_POINT('Ctrl Pts',(-13.2114193068414,70.0010575031897,19.8292076873015));
#6420=CARTESIAN_POINT('Ctrl Pts',(-13.1234220009245,70.0010358708318,19.8402066113393));
#6421=CARTESIAN_POINT('Ctrl Pts',(-13.0349891934515,70.0009755140708,19.8465569420424));
#6422=CARTESIAN_POINT('Ctrl Pts',(-12.9464847409629,70.0008852878245,19.8481899319544));
#6423=CARTESIAN_POINT('Ctrl Pts',(-12.8600633434361,70.0007971851575,19.8497844875544));
#6424=CARTESIAN_POINT('Ctrl Pts',(-12.7735727990293,70.0006805827438,19.8468810990816));
#6425=CARTESIAN_POINT('Ctrl Pts',(-12.6873560321524,70.0005557523979,19.8393685046409));
#6426=CARTESIAN_POINT('Ctrl Pts',(-12.6343317589644,70.000478980343,19.8347481752734));
#6427=CARTESIAN_POINT('Ctrl Pts',(-12.5814111700743,70.0003993327053,19.828383543689));
#6428=CARTESIAN_POINT('Ctrl Pts',(-12.5286768870355,70.0003239301671,19.8202395821759));
#6429=CARTESIAN_POINT('Ctrl Pts',(-12.4381101248387,70.0001944325548,19.806253002987));
#6430=CARTESIAN_POINT('Ctrl Pts',(-12.3485759590023,70.0000769444627,19.7870958064103));
#6431=CARTESIAN_POINT('Ctrl Pts',(-12.2604737853374,70.0000179802788,19.7627090715208));
#6432=CARTESIAN_POINT('Ctrl Pts',(-12.1761013536945,69.9999615123011,19.739354731476));
#6433=CARTESIAN_POINT('Ctrl Pts',(-12.0930413968684,69.9999587924936,19.7112038369958));
#6434=CARTESIAN_POINT('Ctrl Pts',(-12.0115947568794,69.9999753337842,19.6785039265943));
#6435=CARTESIAN_POINT('Ctrl Pts',(-11.9848811482831,69.999980759147,19.6677787130346));
#6436=CARTESIAN_POINT('Ctrl Pts',(-11.9583412297433,69.9999883576441,19.6565637452942));
#6437=CARTESIAN_POINT('Ctrl Pts',(-11.9319860817588,69.9999971993636,19.6448666763936));
#6438=CARTESIAN_POINT('Ctrl Pts',(-11.9052275085755,70.0000061764258,19.6329905573755));
#6439=CARTESIAN_POINT('Ctrl Pts',(-11.8786948297893,70.000016398503,19.6206331871621));
#6440=CARTESIAN_POINT('Ctrl Pts',(-11.852398243537,70.0000270744671,19.6078058962214));
#6441=CARTESIAN_POINT('Ctrl Pts',(-14.0736931968123,75.,20.6502647254802));
#6442=CARTESIAN_POINT('Ctrl Pts',(-13.9474433920838,73.7053686750782,20.4600752683039));
#6443=CARTESIAN_POINT('Ctrl Pts',(-13.8211935873553,72.4107373501564,20.2698858111276));
#6444=CARTESIAN_POINT('Ctrl Pts',(-13.6949437826268,71.1161060252346,20.0796963539513));
#6445=CARTESIAN_POINT('Ctrl Pts',(-14.2894753200174,75.,20.50702623412));
#6446=CARTESIAN_POINT('Ctrl Pts',(-14.161560056498,73.7053686750782,20.3179422550922));
#6447=CARTESIAN_POINT('Ctrl Pts',(-14.0336361436483,72.4107373501564,20.1288642314455));
#6448=CARTESIAN_POINT('Ctrl Pts',(-13.905720880129,71.1161060252346,19.9397802524178));
#6449=CARTESIAN_POINT('Ctrl Pts',(-14.4966555287146,75.,20.3653758657316));
#6450=CARTESIAN_POINT('Ctrl Pts',(-14.3668794937798,73.7053686750782,20.1775588794038));
#6451=CARTESIAN_POINT('Ctrl Pts',(-14.2370952048176,72.4107373501564,19.9897478981676));
#6452=CARTESIAN_POINT('Ctrl Pts',(-14.1073191698828,71.1161060252346,19.8019309118399));
#6453=CARTESIAN_POINT('Ctrl Pts',(-14.6946313073118,75.,20.2254248593737));
#6454=CARTESIAN_POINT('Ctrl Pts',(-14.5628591802139,73.7053686750782,20.0390189867863));
#6455=CARTESIAN_POINT('Ctrl Pts',(-14.431087053116,72.4107373501564,19.8526131141988));
#6456=CARTESIAN_POINT('Ctrl Pts',(-14.299314926018,71.1161060252346,19.6662072416114));
#6457=CARTESIAN_POINT('',(-14.6946313073118,75.,20.2254248593737));
#6458=CARTESIAN_POINT('Ctrl Pts',(-14.6946313073118,75.,20.2254248593737));
#6459=CARTESIAN_POINT('Ctrl Pts',(-14.6681499996152,75.,20.2441447537369));
#6460=CARTESIAN_POINT('Ctrl Pts',(-14.5556120725802,75.,20.3233986869665));
#6461=CARTESIAN_POINT('Ctrl Pts',(-14.4336393261439,75.,20.407957740183));
#6462=CARTESIAN_POINT('Ctrl Pts',(-14.3089491817643,75.,20.4930184912594));
#6463=CARTESIAN_POINT('Ctrl Pts',(-14.1816210746324,75.,20.5785662745243));
#6464=CARTESIAN_POINT('Ctrl Pts',(-14.0811291812692,75.,20.6453286391188));
#6465=CARTESIAN_POINT('Ctrl Pts',(-14.0736931968124,75.,20.6502647254801));
#6466=CARTESIAN_POINT('Ctrl Pts',(-14.6946313073118,75.,20.2254248593737));
#6467=CARTESIAN_POINT('Ctrl Pts',(-14.6090339448569,74.1666702519641,20.1059889862197));
#6468=CARTESIAN_POINT('Ctrl Pts',(-14.5234369005179,73.3333405137207,19.9865528167534));
#6469=CARTESIAN_POINT('Ctrl Pts',(-14.390456905451,72.0387091957718,19.8010005642889));
#6470=CARTESIAN_POINT('Ctrl Pts',(-14.3430737237059,71.5774076088851,19.7348846969581));
#6471=CARTESIAN_POINT('Ctrl Pts',(-14.2956906467166,71.1161060252735,19.6687687317008));
#6472=CARTESIAN_POINT('Ctrl Pts',(-14.6946313073118,75.,20.2254248593737));
#6473=CARTESIAN_POINT('Ctrl Pts',(-14.6104609431084,76.6666666666667,20.1063568096208));
#6474=CARTESIAN_POINT('Ctrl Pts',(-14.526290578905,78.3333333333333,19.9872887598679));
#6475=CARTESIAN_POINT('Ctrl Pts',(-14.4421202147016,80.,19.8682207101151));
#6476=CARTESIAN_POINT('Ctrl Pts',(-13.9818913163165,75.,20.7292677017561));
#6477=CARTESIAN_POINT('Ctrl Pts',(-13.9024143179134,76.6666666666667,20.6069020259418));
#6478=CARTESIAN_POINT('Ctrl Pts',(-13.8226089583121,78.3333333333333,20.4847079920354));
#6479=CARTESIAN_POINT('Ctrl Pts',(-13.743131959909,80.,20.3623423162211));
#6480=CARTESIAN_POINT('Ctrl Pts',(-13.1489381289135,75.,21.2553048287676));
#6481=CARTESIAN_POINT('Ctrl Pts',(-13.0723973107532,76.6666666666667,21.1311798251134));
#6482=CARTESIAN_POINT('Ctrl Pts',(-12.9957106350687,78.3333333333333,21.0070982343918));
#6483=CARTESIAN_POINT('Ctrl Pts',(-12.9191698169084,80.,20.8829732307376));
#6484=CARTESIAN_POINT('Ctrl Pts',(-12.233903695831,75.,21.796496153274));
#6485=CARTESIAN_POINT('Ctrl Pts',(-12.1596738932448,76.6666666666667,21.6709900295584));
#6486=CARTESIAN_POINT('Ctrl Pts',(-12.0854440906586,78.3333333333333,21.5454839058429));
#6487=CARTESIAN_POINT('Ctrl Pts',(-12.0112142880724,80.,21.4199777821273));
#6488=CARTESIAN_POINT('',(-12.1843702895788,80.,21.317140772684));
#6489=CARTESIAN_POINT('Ctrl Pts',(-12.1239002065597,77.4698859960816,21.6105046624461));
#6490=CARTESIAN_POINT('Ctrl Pts',(-12.1441253975623,78.3131117089029,21.5128326517824));
#6491=CARTESIAN_POINT('Ctrl Pts',(-12.1642908127226,79.1567991684877,21.4150096382157));
#6492=CARTESIAN_POINT('Ctrl Pts',(-12.1843702895788,80.,21.317140772684));
#6493=CARTESIAN_POINT('',(-14.4398046299955,80.,19.8698573981349));
#6494=CARTESIAN_POINT('Ctrl Pts',(-12.1843981697644,80.,21.317136823474));
#6495=CARTESIAN_POINT('Ctrl Pts',(-13.023073621308,80.,20.8170704207703));
#6496=CARTESIAN_POINT('Ctrl Pts',(-13.7860392097503,80.,20.3318829036389));
#6497=CARTESIAN_POINT('Ctrl Pts',(-14.4398046162478,80.,19.8698574031255));
#6498=CARTESIAN_POINT('Ctrl Pts',(-14.6946313073118,75.,20.2254248593737));
#6499=CARTESIAN_POINT('Ctrl Pts',(-14.6521599885215,75.8333342621458,20.1661636987696));
#6500=CARTESIAN_POINT('Ctrl Pts',(-14.609688747876,76.6666685230672,20.1069024649439));
#6501=CARTESIAN_POINT('Ctrl Pts',(-14.524746520889,78.3333351897571,19.9883799790608));
#6502=CARTESIAN_POINT('Ctrl Pts',(-14.4822755345472,79.1666675955255,19.9291187270038));
#6503=CARTESIAN_POINT('Ctrl Pts',(-14.4398046299955,80.,19.8698573981349));
#6504=CARTESIAN_POINT('Origin',(-10.3842642189753,75.,19.5837303456747));
#6505=CARTESIAN_POINT('',(-10.3842642189753,75.,19.5837303456747));
#6506=CARTESIAN_POINT('',(-12.0644589602148,75.,21.8963200103874));
#6507=CARTESIAN_POINT('',(-10.99528602783,80.,19.6805066928962));
#6508=CARTESIAN_POINT('',(-10.4121559059654,75.2282380643853,19.5881479549083));
#6509=CARTESIAN_POINT('',(-12.4183580382529,80.,21.6391972795708));
#6510=CARTESIAN_POINT('Origin',(-12.0644589602148,75.,21.8963200103874));
#6511=CARTESIAN_POINT('',(-10.4427007332836,74.7627366780164,19.5929857802879));
#6512=CARTESIAN_POINT('Ctrl Pts',(-14.1812302968036,70.0017665106451,19.5090560314194));
#6513=CARTESIAN_POINT('Ctrl Pts',(-14.4455614599956,72.5751920697355,19.8778926734732));
#6514=CARTESIAN_POINT('Ctrl Pts',(-14.711385680215,75.1631210819031,20.2488048893475));
#6515=CARTESIAN_POINT('Ctrl Pts',(-14.9770841571159,77.7497975624265,20.6195348602825));
#6516=CARTESIAN_POINT('Ctrl Pts',(-14.3910536458343,69.9444158288158,19.0528863111758));
#6517=CARTESIAN_POINT('Ctrl Pts',(-14.7922305826224,72.5020043252838,19.377843266831));
#6518=CARTESIAN_POINT('Ctrl Pts',(-15.2054721896596,75.0637580767694,19.7601504794226));
#6519=CARTESIAN_POINT('Ctrl Pts',(-15.6156107747802,77.6080205363827,20.2062870131986));
#6520=CARTESIAN_POINT('Ctrl Pts',(-14.5109495124874,69.8866044165602,18.1376728096476));
#6521=CARTESIAN_POINT('Ctrl Pts',(-15.0741447340276,72.4392179040741,18.2866007036956));
#6522=CARTESIAN_POINT('Ctrl Pts',(-15.7055888215295,74.9782714434558,18.5508454873846));
#6523=CARTESIAN_POINT('Ctrl Pts',(-16.3769936419168,77.4796767641087,18.922803567041));
#6524=CARTESIAN_POINT('Ctrl Pts',(-14.164960295553,69.9203027619456,17.2987394565181));
#6525=CARTESIAN_POINT('Ctrl Pts',(-14.7014926086524,72.5135652941943,17.258910979498));
#6526=CARTESIAN_POINT('Ctrl Pts',(-15.3290137363238,75.0916495138931,17.3518664770356));
#6527=CARTESIAN_POINT('Ctrl Pts',(-16.0195502336891,77.6424152372364,17.5348426924337));
#6528=CARTESIAN_POINT('Ctrl Pts',(-13.9470977715115,69.9499196022606,16.9899927982614));
#6529=CARTESIAN_POINT('Ctrl Pts',(-14.4446792003998,72.5665986490878,16.8898894296848));
#6530=CARTESIAN_POINT('Ctrl Pts',(-15.0406045841399,75.1680747468779,16.9297055649575));
#6531=CARTESIAN_POINT('Ctrl Pts',(-15.6995287009029,77.7484521319385,17.0625613226753));
#6532=CARTESIAN_POINT('',(-16.1064052545971,77.5536975520131,18.8271784076183));
#6533=CARTESIAN_POINT('Ctrl Pts',(-14.6946313073118,75.,20.2254248593737));
#6534=CARTESIAN_POINT('Ctrl Pts',(-14.8635283276879,75.0914835785031,20.0928207799824));
#6535=CARTESIAN_POINT('Ctrl Pts',(-15.0157024901245,75.256004935769,19.9608772764682));
#6536=CARTESIAN_POINT('Ctrl Pts',(-15.1384272136748,75.4199156732364,19.8492437668152));
#6537=CARTESIAN_POINT('Ctrl Pts',(-15.3881096839767,75.7533907600482,19.6221262826417));
#6538=CARTESIAN_POINT('Ctrl Pts',(-15.6041088354078,76.2018649153031,19.3990849780564));
#6539=CARTESIAN_POINT('Ctrl Pts',(-15.8914014837884,76.9066180533164,19.0835760271034));
#6540=CARTESIAN_POINT('Ctrl Pts',(-16.0036850457616,77.2253442198807,18.9528592131589));
#6541=CARTESIAN_POINT('Ctrl Pts',(-16.1064052545971,77.5536975520131,18.8271784076183));
#6542=CARTESIAN_POINT('',(-15.0261936856068,74.9999999999997,16.9602906311238));
#6543=CARTESIAN_POINT('Ctrl Pts',(-16.1064052545971,77.5536975520131,18.8271784076183));
#6544=CARTESIAN_POINT('Ctrl Pts',(-16.0231097754543,77.1475940351455,18.6520856986337));
#6545=CARTESIAN_POINT('Ctrl Pts',(-15.9313566462856,76.7533989342444,18.467124536531));
#6546=CARTESIAN_POINT('Ctrl Pts',(-15.7205114865873,76.0083443729723,18.066023719051));
#6547=CARTESIAN_POINT('Ctrl Pts',(-15.5802689367485,75.6000455260303,17.8122233284995));
#6548=CARTESIAN_POINT('Ctrl Pts',(-15.3594103720074,75.2313567066187,17.453360251426));
#6549=CARTESIAN_POINT('Ctrl Pts',(-15.2943122895328,75.1433779541544,17.3506652650181));
#6550=CARTESIAN_POINT('Ctrl Pts',(-15.1911875150104,75.0566382596537,17.1958154542731));
#6551=CARTESIAN_POINT('Ctrl Pts',(-15.1584599960368,75.0352603760692,17.1475879062246));
#6552=CARTESIAN_POINT('Ctrl Pts',(-15.0924974683006,75.0073697729228,17.0526469098196));
#6553=CARTESIAN_POINT('Ctrl Pts',(-15.0597911394516,75.,17.0065335591695));
#6554=CARTESIAN_POINT('Ctrl Pts',(-15.026193685607,75.,16.9602906311239));
#6555=CARTESIAN_POINT('',(-14.5961246345675,73.1070690189856,16.9362029793521));
#6556=CARTESIAN_POINT('Ctrl Pts',(-15.0248850946324,74.9999170874181,16.9585143827274));
#6557=CARTESIAN_POINT('Ctrl Pts',(-14.8768206857059,74.3700168057475,16.9436820809042));
#6558=CARTESIAN_POINT('Ctrl Pts',(-14.7332070235307,73.7389960028842,16.9353118464148));
#6559=CARTESIAN_POINT('Ctrl Pts',(-14.5945498692646,73.1069390423748,16.9340744919428));
#6560=CARTESIAN_POINT('',(-14.3431189235343,70.,17.7972147127333));
#6561=CARTESIAN_POINT('Ctrl Pts',(-14.5961246345675,73.1070690189854,16.9362029793521));
#6562=CARTESIAN_POINT('Ctrl Pts',(-14.5554657128497,72.0647764375829,17.1929133079328));
#6563=CARTESIAN_POINT('Ctrl Pts',(-14.4658125648205,71.0287093918239,17.4838631567741));
#6564=CARTESIAN_POINT('Ctrl Pts',(-14.3431189235343,70.,17.7972147127333));
#6565=CARTESIAN_POINT('Ctrl Pts',(-14.3432017901103,69.9999904450936,17.797406079102));
#6566=CARTESIAN_POINT('Ctrl Pts',(-14.3643622487265,69.9999810622004,17.876025077771));
#6567=CARTESIAN_POINT('Ctrl Pts',(-14.3815950477149,69.9999748020572,17.9556984151254));
#6568=CARTESIAN_POINT('Ctrl Pts',(-14.39473910693,69.9999869964602,18.0361595179271));
#6569=CARTESIAN_POINT('Ctrl Pts',(-14.4052597754561,69.9999967570122,18.1005615856578));
#6570=CARTESIAN_POINT('Ctrl Pts',(-14.4131600325202,70.0000185223388,18.1654686287136));
#6571=CARTESIAN_POINT('Ctrl Pts',(-14.4184453217311,70.000042678565,18.2307337905538));
#6572=CARTESIAN_POINT('Ctrl Pts',(-14.425515213724,70.0000749912547,18.3180360415173));
#6573=CARTESIAN_POINT('Ctrl Pts',(-14.4278739547778,70.0001105667374,18.4055564200657));
#6574=CARTESIAN_POINT('Ctrl Pts',(-14.4256287790382,70.0001364795976,18.4929386379852));
#6575=CARTESIAN_POINT('Ctrl Pts',(-14.4233704362648,70.000162544426,18.5808333167315));
#6576=CARTESIAN_POINT('Ctrl Pts',(-14.4164540202628,70.0001788845291,18.6685891577055));
#6577=CARTESIAN_POINT('Ctrl Pts',(-14.4049371423826,70.0001803981305,18.7558471499566));
#6578=CARTESIAN_POINT('Ctrl Pts',(-14.3990534388997,70.0001811713941,18.8004252168823));
#6579=CARTESIAN_POINT('Ctrl Pts',(-14.3919682122293,70.0001781993513,18.84487331642));
#6580=CARTESIAN_POINT('Ctrl Pts',(-14.3836840048636,70.0001715352629,18.8891427122198));
#6581=CARTESIAN_POINT('Ctrl Pts',(-14.3675794161241,70.000158580203,18.9752028965724));
#6582=CARTESIAN_POINT('Ctrl Pts',(-14.347008258976,70.0001313436433,19.0602594222495));
#6583=CARTESIAN_POINT('Ctrl Pts',(-14.3220549389175,70.0001006617529,19.1439681199816));
#6584=CARTESIAN_POINT('Ctrl Pts',(-14.2973073688996,70.0000702328469,19.2269866062344));
#6585=CARTESIAN_POINT('Ctrl Pts',(-14.2682494962181,70.0000364785227,19.3086802671144));
#6586=CARTESIAN_POINT('Ctrl Pts',(-14.2349137239846,70.0000165509371,19.3887069188409));
#6587=CARTESIAN_POINT('Ctrl Pts',(-14.2200221006035,70.0000076489654,19.4244561059187));
#6588=CARTESIAN_POINT('Ctrl Pts',(-14.2042761416977,70.0000015885347,19.4598724679215));
#6589=CARTESIAN_POINT('Ctrl Pts',(-14.187675560316,70.0000002762577,19.4949243882449));
#6590=CARTESIAN_POINT('Origin',(-14.6699662160462,75.,16.4699855824452));
#6591=CARTESIAN_POINT('',(-14.6699662160462,75.,16.4699855824452));
#6592=CARTESIAN_POINT('',(-14.6699662160462,75.,16.4699855824452));
#6593=CARTESIAN_POINT('',(-14.6528140012754,74.5603025005376,16.5782804044339));
#6594=CARTESIAN_POINT('Origin',(-16.4079475570466,75.,18.8621116783145));
#6595=CARTESIAN_POINT('',(-15.8165940997592,80.,18.7924064945956));
#6596=CARTESIAN_POINT('Ctrl Pts',(-16.1064052545971,77.5536975520131,18.8271784076183));
#6597=CARTESIAN_POINT('Ctrl Pts',(-15.9611504183288,78.7817832173483,18.810046202512));
#6598=CARTESIAN_POINT('Ctrl Pts',(-15.8165940997602,79.9999999999917,18.7924064945958));
#6599=CARTESIAN_POINT('',(-14.5731898688246,80.,17.0810073912999));
#6600=CARTESIAN_POINT('',(-14.316067138008,80.,16.7271083132618));
#6601=CARTESIAN_POINT('',(-14.6675004640325,75.1273943522578,16.4855537279561));
#6602=CARTESIAN_POINT('Origin',(0.,75.,0.));
#6603=CARTESIAN_POINT('Origin',(0.,80.,0.));
#6604=CARTESIAN_POINT('Origin',(-10.3842642189753,75.,19.5837303456747));
#6605=CARTESIAN_POINT('',(-10.9024762131838,70.,20.2969879654745));
#6606=CARTESIAN_POINT('',(-10.3842642189753,75.,19.5837303456747));
#6607=CARTESIAN_POINT('Origin',(-13.4242847562033,70.,19.2617058967139));
#6608=CARTESIAN_POINT('Origin',(-14.6699662160462,75.,16.4699855824452));
#6609=CARTESIAN_POINT('',(-10.6413869497919,80.,19.9376294237128));
#6610=CARTESIAN_POINT('Origin',(-13.4242847562033,80.,19.2617058967139));
#6611=CARTESIAN_POINT('Origin',(14.1706387810351,80.,18.7194479567256));
#6612=CARTESIAN_POINT('',(12.9850442835964,80.,20.8496478562037));
#6613=CARTESIAN_POINT('',(11.7416400526618,80.,19.1382487529079));
#6614=CARTESIAN_POINT('',(11.4845173218453,80.,18.7843496748698));
#6615=CARTESIAN_POINT('',(14.435212330229,80.,19.8731938992166));
#6616=CARTESIAN_POINT('Origin',(0.,80.,0.));
#6617=CARTESIAN_POINT('',(16.5086281554052,80.,18.1753835310994));
#6618=CARTESIAN_POINT('Ctrl Pts',(16.5086157840321,80.,18.1754088263586));
#6619=CARTESIAN_POINT('Ctrl Pts',(15.7738594058684,80.,18.8185075628545));
#6620=CARTESIAN_POINT('Ctrl Pts',(15.0766493231236,80.,19.3941997691994));
#6621=CARTESIAN_POINT('Ctrl Pts',(14.4352123392236,80.,19.8731938876839));
#6622=CARTESIAN_POINT('',(15.3195438936564,80.,16.5387494513116));
#6623=CARTESIAN_POINT('',(16.7426159040793,80.,18.4974400379863));
#6624=CARTESIAN_POINT('',(15.6734429716946,80.,16.2816267204951));
#6625=CARTESIAN_POINT('Origin',(11.1306182438071,75.,19.0414724056864));
#6626=CARTESIAN_POINT('',(15.416320240878,75.,15.9277276424569));
#6627=CARTESIAN_POINT('',(15.4119026316443,75.2282380643853,15.955619329447));
#6628=CARTESIAN_POINT('',(11.1306182438071,75.,19.0414724056864));
#6629=CARTESIAN_POINT('',(15.416320240878,75.,15.9277276424569));
#6630=CARTESIAN_POINT('',(11.146186389318,75.1273943522578,19.0439381577));
#6631=CARTESIAN_POINT('Origin',(14.1706387810351,70.,18.7194479567256));
#6632=CARTESIAN_POINT('',(14.1565418715753,70.,19.5175457862184));
#6633=CARTESIAN_POINT('',(14.9858360610864,70.,17.3302533788238));
#6634=CARTESIAN_POINT('Ctrl Pts',(14.1561435075478,70.0001083953848,19.5172759645494));
#6635=CARTESIAN_POINT('Ctrl Pts',(14.2232832692939,70.0001942868322,19.4586961027218));
#6636=CARTESIAN_POINT('Ctrl Pts',(14.2870673508052,70.0003175951359,19.396544724903));
#6637=CARTESIAN_POINT('Ctrl Pts',(14.3473443017373,70.0004423909821,19.3311566998644));
#6638=CARTESIAN_POINT('Ctrl Pts',(14.407618683478,70.0005671815092,19.2657714618671));
#6639=CARTESIAN_POINT('Ctrl Pts',(14.4643866683447,70.0006933848221,19.1971490350912));
#6640=CARTESIAN_POINT('Ctrl Pts',(14.5174556810073,70.0007966384259,19.1255953692771));
#6641=CARTESIAN_POINT('Ctrl Pts',(14.5646519673177,70.000888465773,19.0619599796422));
#6642=CARTESIAN_POINT('Ctrl Pts',(14.6089223086221,70.0009622617039,18.9960054264105));
#6643=CARTESIAN_POINT('Ctrl Pts',(14.6500995790999,70.0010093283723,18.927935613006));
#6644=CARTESIAN_POINT('Ctrl Pts',(14.6963333482012,70.0010621747474,18.8515069425477));
#6645=CARTESIAN_POINT('Ctrl Pts',(14.7383928823807,70.0010793687855,18.7728673161743));
#6646=CARTESIAN_POINT('Ctrl Pts',(14.7761433517687,70.0010576992318,18.6923682927847));
#6647=CARTESIAN_POINT('Ctrl Pts',(14.8137965639227,70.0010360855058,18.6120766605213));
#6648=CARTESIAN_POINT('Ctrl Pts',(14.8471632771951,70.0009757462903,18.5299343465169));
#6649=CARTESIAN_POINT('Ctrl Pts',(14.8760656756224,70.0008855352367,18.4462661571532));
#6650=CARTESIAN_POINT('Ctrl Pts',(14.9042878406215,70.0007974473486,18.3645671434421));
#6651=CARTESIAN_POINT('Ctrl Pts',(14.9282535718871,70.0006808574348,18.2814124256144));
#6652=CARTESIAN_POINT('Ctrl Pts',(14.9477510875008,70.0005560361645,18.19709376516));
#6653=CARTESIAN_POINT('Ctrl Pts',(14.9597422239304,70.0004792700312,18.1452370783335));
#6654=CARTESIAN_POINT('Ctrl Pts',(14.9700424057521,70.0003996270471,18.0929399869337));
#6655=CARTESIAN_POINT('Ctrl Pts',(14.9785927898744,70.000324227529,18.0402702443422));
#6656=CARTESIAN_POINT('Ctrl Pts',(14.9932774128665,70.000194734692,17.9498140376986));
#6657=CARTESIAN_POINT('Ctrl Pts',(15.0027254150184,70.000077246608,17.8587420865304));
#6658=CARTESIAN_POINT('Ctrl Pts',(15.0067573445701,70.0000182762452,17.7674160332316));
#6659=CARTESIAN_POINT('Ctrl Pts',(15.010618588007,69.9999618023105,17.6799561410409));
#6660=CARTESIAN_POINT('Ctrl Pts',(15.0095124749157,69.9999590709465,17.5922622772944));
#6661=CARTESIAN_POINT('Ctrl Pts',(15.0035814558967,69.9999755969628,17.5046970514211));
#6662=CARTESIAN_POINT('Ctrl Pts',(15.0016361519611,69.9999810173002,17.4759766952794));
#6663=CARTESIAN_POINT('Ctrl Pts',(14.9991713947213,69.9999886103596,17.4472701863581));
#6664=CARTESIAN_POINT('Ctrl Pts',(14.9961910382827,69.9999974463034,17.4185904275736));
#6665=CARTESIAN_POINT('Ctrl Pts',(14.9931650542512,70.0000064175206,17.3894715976967));
#6666=CARTESIAN_POINT('Ctrl Pts',(14.989611569217,70.0000166334175,17.3604188918262));
#6667=CARTESIAN_POINT('Ctrl Pts',(14.9855382074157,70.0000273029394,17.3314455101717));
#6668=CARTESIAN_POINT('',(12.493889524736,70.,19.140758514998));
#6669=CARTESIAN_POINT('Ctrl Pts',(12.4940459166581,69.9999904443866,19.1408964647981));
#6670=CARTESIAN_POINT('Ctrl Pts',(12.5622780862184,69.9999810614262,19.1853158638588));
#6671=CARTESIAN_POINT('Ctrl Pts',(12.6327267050538,69.9999748012312,19.2263256451309));
#6672=CARTESIAN_POINT('Ctrl Pts',(12.7051880234728,69.9999869956116,19.2636902365634));
#6673=CARTESIAN_POINT('Ctrl Pts',(12.7631869642552,69.9999967561454,19.2935973204136));
#6674=CARTESIAN_POINT('Ctrl Pts',(12.8224759168148,70.0000185214726,19.3211682907312));
#6675=CARTESIAN_POINT('Ctrl Pts',(12.8829135301073,70.0000426777136,19.3463629435507));
#6676=CARTESIAN_POINT('Ctrl Pts',(12.9637581875613,70.000074990423,19.3800646892998));
#6677=CARTESIAN_POINT('Ctrl Pts',(13.046266122401,70.0001105659509,19.4093532693031));
#6678=CARTESIAN_POINT('Ctrl Pts',(13.1300653472147,70.0001364788711,19.4342205702348));
#6679=CARTESIAN_POINT('Ctrl Pts',(13.2143560210585,70.0001625437603,19.4592337079681));
#6680=CARTESIAN_POINT('Ctrl Pts',(13.2999540761642,70.0001788839389,19.4797738514457));
#6681=CARTESIAN_POINT('Ctrl Pts',(13.3865002699178,70.0001803976197,19.4957848518866));
#6682=CARTESIAN_POINT('Ctrl Pts',(13.4307146953716,70.0001811709238,19.5039644974));
#6683=CARTESIAN_POINT('Ctrl Pts',(13.4751768055799,70.0001781989226,19.5109612643202));
#6684=CARTESIAN_POINT('Ctrl Pts',(13.5198394638435,70.0001715348754,19.5167625103481));
#6685=CARTESIAN_POINT('Ctrl Pts',(13.6066641553553,70.0001585798953,19.5280401954735));
#6686=CARTESIAN_POINT('Ctrl Pts',(13.6939145562917,70.0001313434132,19.5347597739625));
#6687=CARTESIAN_POINT('Ctrl Pts',(13.7812372594672,70.0001006615874,19.5368951661158));
#6688=CARTESIAN_POINT('Ctrl Pts',(13.867839953243,70.0000702327451,19.5390129511363));
#6689=CARTESIAN_POINT('Ctrl Pts',(13.9545146199686,70.0000364784717,19.5366220010597));
#6690=CARTESIAN_POINT('Ctrl Pts',(14.0409258103806,70.0000165509139,19.5296473925241));
#6691=CARTESIAN_POINT('Ctrl Pts',(14.0795270701195,70.0000076489554,19.5265317234264));
#6692=CARTESIAN_POINT('Ctrl Pts',(14.1180757985948,70.0000015885327,19.5225006844889));
#6693=CARTESIAN_POINT('Ctrl Pts',(14.1565420153054,70.0000002762574,19.5175442327439));
#6694=CARTESIAN_POINT('',(15.9345322350864,70.,16.6409852622568));
#6695=CARTESIAN_POINT('Origin',(15.416320240878,75.,15.9277276424569));
#6696=CARTESIAN_POINT('',(15.351924347975,73.3492095279032,16.3343073024069));
#6697=CARTESIAN_POINT('Ctrl Pts',(14.9858360610865,70.,17.3302533788238));
#6698=CARTESIAN_POINT('Ctrl Pts',(15.1907350359144,71.0727993198058,16.9475666581074));
#6699=CARTESIAN_POINT('Ctrl Pts',(15.3083408826948,72.231946170139,16.6094824787396));
#6700=CARTESIAN_POINT('Ctrl Pts',(15.3519243491171,73.3492095358297,16.334307301601));
#6701=CARTESIAN_POINT('',(11.596835640714,73.1070690189856,19.1153139871651));
#6702=CARTESIAN_POINT('Ctrl Pts',(11.596835640714,73.1070690189854,19.1153139871651));
#6703=CARTESIAN_POINT('Ctrl Pts',(11.8535459692947,72.0647764375829,19.1559729088829));
#6704=CARTESIAN_POINT('Ctrl Pts',(12.1579600652905,71.0287093918239,19.160616146046));
#6705=CARTESIAN_POINT('Ctrl Pts',(12.493889524736,70.,19.140758514998));
#6706=CARTESIAN_POINT('',(11.2389130657958,74.5603025005376,19.0586246204571));
#6707=CARTESIAN_POINT('',(15.4070648062647,74.7627366780164,15.9861641567652));
#6708=CARTESIAN_POINT('Origin',(0.,75.,0.));
#6709=CARTESIAN_POINT('',(14.6946313073118,75.,20.2254248593737));
#6710=CARTESIAN_POINT('',(12.9285577660563,77.5536975520131,21.1360197555582));
#6711=CARTESIAN_POINT('Ctrl Pts',(14.6946313073118,75.,20.2254248593737));
#6712=CARTESIAN_POINT('Ctrl Pts',(14.516325283924,75.0914835785031,20.3450785571298));
#6713=CARTESIAN_POINT('Ctrl Pts',(14.3438151528263,75.256004935769,20.4490320010437));
#6714=CARTESIAN_POINT('Ctrl Pts',(14.1997213508269,75.4199156732364,20.5312534974622));
#6715=CARTESIAN_POINT('Ctrl Pts',(13.9065636610183,75.7533907600482,20.6985324755182));
#6716=CARTESIAN_POINT('Ctrl Pts',(13.6276913663267,76.2018649153031,20.8350363224366));
#6717=CARTESIAN_POINT('Ctrl Pts',(13.2388462118648,76.9066180533164,21.0107702400407));
#6718=CARTESIAN_POINT('Ctrl Pts',(13.0798296053348,77.2253442198807,21.0771645363687));
#6719=CARTESIAN_POINT('Ctrl Pts',(12.9285577660563,77.5536975520131,21.1360197555582));
#6720=CARTESIAN_POINT('Ctrl Pts',(14.6946313073118,75.,20.2254248593737));
#6721=CARTESIAN_POINT('Ctrl Pts',(14.6513949536358,75.8333342621458,20.1667195291494));
#6722=CARTESIAN_POINT('Ctrl Pts',(14.6081585061738,76.6666685230672,20.1080142506186));
#6723=CARTESIAN_POINT('Ctrl Pts',(14.5216855153263,78.3333351897571,19.9906039297806));
#6724=CARTESIAN_POINT('Ctrl Pts',(14.4784489719411,79.1666675955255,19.9318988874732));
#6725=CARTESIAN_POINT('Ctrl Pts',(14.435212330229,80.,19.8731938992166));
#6726=CARTESIAN_POINT('Ctrl Pts',(12.9285577660563,77.5536975520131,21.1360197555582));
#6727=CARTESIAN_POINT('Ctrl Pts',(12.9571502836736,78.7817832173483,20.9925800544729));
#6728=CARTESIAN_POINT('Ctrl Pts',(12.9850442835962,79.9999999999917,20.8496478562046));
#6729=CARTESIAN_POINT('Origin',(12.8685995848076,75.,21.4335985015557));
#6730=CARTESIAN_POINT('',(11.4868457133679,74.9999999999997,19.5317774543649));
#6731=CARTESIAN_POINT('Ctrl Pts',(12.9285577660563,77.5536975520131,21.1360197555582));
#6732=CARTESIAN_POINT('Ctrl Pts',(12.7877744228305,77.1475940351454,21.0026944246741));
#6733=CARTESIAN_POINT('Ctrl Pts',(12.6402191805514,76.7533989342444,20.8582758708987));
#6734=CARTESIAN_POINT('Ctrl Pts',(12.3239043719242,76.0083443729723,20.5338032387793));
#6735=CARTESIAN_POINT('Ctrl Pts',(12.1258631878866,75.6000455260303,20.3219960140338));
#6736=CARTESIAN_POINT('Ctrl Pts',(11.8528131698364,75.2313567066187,20.0010522473878));
#6737=CARTESIAN_POINT('Ctrl Pts',(11.7752608476082,75.1433779541544,19.9074057958149));
#6738=CARTESIAN_POINT('Ctrl Pts',(11.6598572339206,75.0566382596537,19.7614770839179));
#6739=CARTESIAN_POINT('Ctrl Pts',(11.6241034696307,75.0352603760692,19.715448231792));
#6740=CARTESIAN_POINT('Ctrl Pts',(11.5541927583986,75.0073697729228,19.6233757586051));
#6741=CARTESIAN_POINT('Ctrl Pts',(11.5204431672125,75.,19.5780203824106));
#6742=CARTESIAN_POINT('Ctrl Pts',(11.4868457133679,75.,19.5317774543651));
#6743=CARTESIAN_POINT('',(11.1306182438071,75.,19.0414724056864));
#6744=CARTESIAN_POINT('Origin',(11.1306182438071,75.,19.0414724056864));
#6745=CARTESIAN_POINT('Ctrl Pts',(11.4855607776057,74.9999170874181,19.5299840194508));
#6746=CARTESIAN_POINT('Ctrl Pts',(11.5172088389255,74.3700168057475,19.3845829651809));
#6747=CARTESIAN_POINT('Ctrl Pts',(11.553627335108,73.7389960028842,19.2454117112359));
#6748=CARTESIAN_POINT('Ctrl Pts',(11.5952979581343,73.1069390423748,19.1131585575803));
#6749=CARTESIAN_POINT('Ctrl Pts',(14.1719737025915,70.0017665106451,19.515781340779));
#6750=CARTESIAN_POINT('Ctrl Pts',(14.4410753728958,72.575192069734,19.8811520065352));
#6751=CARTESIAN_POINT('Ctrl Pts',(14.7116896512124,75.163121081903,20.2485840414906));
#6752=CARTESIAN_POINT('Ctrl Pts',(14.9821694611142,77.7497975624265,20.6158401706599));
#6753=CARTESIAN_POINT('Ctrl Pts',(13.6732915369501,69.9444158288158,19.574371008271));
#6754=CARTESIAN_POINT('Ctrl Pts',(13.8583734759225,72.5020043252825,20.0563301699282));
#6755=CARTESIAN_POINT('Ctrl Pts',(14.0942705623272,75.0637580767693,20.5674857188684));
#6756=CARTESIAN_POINT('Ctrl Pts',(14.391831827081,77.6080205363827,21.0954144635797));
#6757=CARTESIAN_POINT('Ctrl Pts',(12.7658219093998,69.8866044148321,19.4055822367398));
#6758=CARTESIAN_POINT('Ctrl Pts',(12.7334238588856,72.4392179023451,19.9872339723289));
#6759=CARTESIAN_POINT('Ctrl Pts',(12.7896086327515,74.9782714313772,20.6694291534677));
#6760=CARTESIAN_POINT('Ctrl Pts',(12.9358862885925,77.4796767520302,21.4229144507779));
#6761=CARTESIAN_POINT('Ctrl Pts',(12.0748654278414,69.9203027619456,18.8172822654763));
#6762=CARTESIAN_POINT('Ctrl Pts',(11.8711886924583,72.513565294194,19.3152471417931));
#6763=CARTESIAN_POINT('Ctrl Pts',(11.7656799313371,75.0916495138931,19.9407800278376));
#6764=CARTESIAN_POINT('Ctrl Pts',(11.7263131403964,77.6424152372363,20.6540620235209));
#6765=CARTESIAN_POINT('Ctrl Pts',(11.8485531289883,69.9499196022606,18.5146747279724));
#6766=CARTESIAN_POINT('Ctrl Pts',(11.5995880503885,72.5665986490878,18.9569691462197));
#6767=CARTESIAN_POINT('Ctrl Pts',(11.4533043743382,75.1680747468779,19.536031728101));
#6768=CARTESIAN_POINT('Ctrl Pts',(11.3760389583598,77.7484521319385,20.2037604900279));
#6769=CARTESIAN_POINT('',(14.2884993136228,71.1161060252739,19.673993541024));
#6770=CARTESIAN_POINT('Ctrl Pts',(14.2884806081916,71.1159271479451,19.6739681445184));
#6771=CARTESIAN_POINT('Ctrl Pts',(14.2719208011103,70.9575646527552,19.6514840632376));
#6772=CARTESIAN_POINT('Ctrl Pts',(14.2536539602004,70.7947063416122,19.6286406316681));
#6773=CARTESIAN_POINT('Ctrl Pts',(14.2344466878664,70.6312272430872,19.6057792445102));
#6774=CARTESIAN_POINT('Ctrl Pts',(14.2172782778925,70.4851015394038,19.5853446059799));
#6775=CARTESIAN_POINT('Ctrl Pts',(14.1993590922247,70.3384797871789,19.5648952732934));
#6776=CARTESIAN_POINT('Ctrl Pts',(14.1812219847723,70.1941158524988,19.5447140185438));
#6777=CARTESIAN_POINT('Ctrl Pts',(14.1730242377193,70.1288651490338,19.5355923423293));
#6778=CARTESIAN_POINT('Ctrl Pts',(14.1647817085614,70.0640755120259,19.5265260211889));
#6779=CARTESIAN_POINT('Ctrl Pts',(14.1565420153054,70.0000002762574,19.5175442327439));
#6780=CARTESIAN_POINT('Ctrl Pts',(14.6946313073118,75.,20.2254248593737));
#6781=CARTESIAN_POINT('Ctrl Pts',(14.6074920815416,74.1666702519641,20.1071092154907));
#6782=CARTESIAN_POINT('Ctrl Pts',(14.5203524756583,73.3333405137207,19.9887937825883));
#6783=CARTESIAN_POINT('Ctrl Pts',(14.3849748752263,72.0387091957718,19.8049834923869));
#6784=CARTESIAN_POINT('Ctrl Pts',(14.3367371571776,71.5774076088851,19.7394884820225));
#6785=CARTESIAN_POINT('Ctrl Pts',(14.288499313624,71.1161060252735,19.6739935410256));
#6786=CARTESIAN_POINT('Origin',(17.0965149821174,75.,18.2403173071697));
#6787=CARTESIAN_POINT('',(15.7523093749242,75.,16.3901770120329));
#6788=CARTESIAN_POINT('Ctrl Pts',(15.3519822155679,73.349192523099,16.3343920515084));
#6789=CARTESIAN_POINT('Ctrl Pts',(15.4857418457662,73.8993684077537,16.3534516678363));
#6790=CARTESIAN_POINT('Ctrl Pts',(15.6191850225696,74.4496377667565,16.3720476824953));
#6791=CARTESIAN_POINT('Ctrl Pts',(15.7523589945928,74.9999855912248,16.3902496300695));
#6792=CARTESIAN_POINT('',(17.0965149821174,75.,18.2403173071697));
#6793=CARTESIAN_POINT('Origin',(15.416320240878,75.,15.9277276424569));
#6794=CARTESIAN_POINT('',(16.8063200777133,77.4698859960816,18.2085274920757));
#6795=CARTESIAN_POINT('Ctrl Pts',(15.7523093749242,75.,16.3901770120329));
#6796=CARTESIAN_POINT('Ctrl Pts',(15.8058550070336,75.,16.4638762519885));
#6797=CARTESIAN_POINT('Ctrl Pts',(15.8569391617171,75.0186440483018,16.536962624917));
#6798=CARTESIAN_POINT('Ctrl Pts',(15.9764830583818,75.0963524628016,16.7130671612269));
#6799=CARTESIAN_POINT('Ctrl Pts',(16.0414504889845,75.170779240353,16.8135651824113));
#6800=CARTESIAN_POINT('Ctrl Pts',(16.2137615258839,75.4225495915765,17.0882056367004));
#6801=CARTESIAN_POINT('Ctrl Pts',(16.3132506010175,75.6523511452785,17.2593453224552));
#6802=CARTESIAN_POINT('Ctrl Pts',(16.540940117324,76.2820476340992,17.6664599811397));
#6803=CARTESIAN_POINT('Ctrl Pts',(16.6801146754791,76.8215600359756,17.938320836926));
#6804=CARTESIAN_POINT('Ctrl Pts',(16.8063200777133,77.4698859960816,18.2085274920756));
#6805=CARTESIAN_POINT('Ctrl Pts',(16.8063200777133,77.4698859960816,18.2085274920757));
#6806=CARTESIAN_POINT('Ctrl Pts',(16.7071785477777,78.3131117089029,18.1975804806021));
#6807=CARTESIAN_POINT('Ctrl Pts',(16.6079118772983,79.1567991684877,18.1865299564611));
#6808=CARTESIAN_POINT('Ctrl Pts',(16.5086281554052,80.,18.1753835310994));
#6809=CARTESIAN_POINT('Ctrl Pts',(14.6946313073118,75.,20.2254248593737));
#6810=CARTESIAN_POINT('Ctrl Pts',(14.6074009356734,76.6666666666667,20.1085800351584));
#6811=CARTESIAN_POINT('Ctrl Pts',(14.5201705640349,78.3333333333333,19.991735210943));
#6812=CARTESIAN_POINT('Ctrl Pts',(14.4329401923965,80.,19.8748903867277));
#6813=CARTESIAN_POINT('Ctrl Pts',(15.3940630955365,75.,19.7032648473038));
#6814=CARTESIAN_POINT('Ctrl Pts',(15.3022461653509,76.6666666666667,19.5898646567221));
#6815=CARTESIAN_POINT('Ctrl Pts',(15.2106939455108,78.3333333333333,19.4762052163497));
#6816=CARTESIAN_POINT('Ctrl Pts',(15.1188770153253,80.,19.3628050257681));
#6817=CARTESIAN_POINT('Ctrl Pts',(16.1517508234203,75.,19.0736337025741));
#6818=CARTESIAN_POINT('Ctrl Pts',(16.0573533434347,76.6666666666667,18.9624823231442));
#6819=CARTESIAN_POINT('Ctrl Pts',(15.9630422240552,78.3333333333333,18.8512056402993));
#6820=CARTESIAN_POINT('Ctrl Pts',(15.8686447440696,80.,18.7400542608694));
#6821=CARTESIAN_POINT('Ctrl Pts',(16.9492155494152,75.,18.3706215588373));
#6822=CARTESIAN_POINT('Ctrl Pts',(16.8527904031088,76.6666666666667,18.2612412962581));
#6823=CARTESIAN_POINT('Ctrl Pts',(16.7563652568025,78.3333333333333,18.151861033679));
#6824=CARTESIAN_POINT('Ctrl Pts',(16.6599401104961,80.,18.0424807710998));
#6825=CARTESIAN_POINT('',(15.2905584589537,75.,19.7661603616821));
#6826=CARTESIAN_POINT('Ctrl Pts',(16.8063200777133,77.4698859960816,18.2085274920756));
#6827=CARTESIAN_POINT('Ctrl Pts',(16.6355265674017,76.8776253310702,18.4281678855759));
#6828=CARTESIAN_POINT('Ctrl Pts',(16.3726377140099,76.1060826642484,18.7476840890152));
#6829=CARTESIAN_POINT('Ctrl Pts',(15.9279527935816,75.4181741771016,19.2000430260282));
#6830=CARTESIAN_POINT('Ctrl Pts',(15.8037067579556,75.2600502504766,19.3215293264136));
#6831=CARTESIAN_POINT('Ctrl Pts',(15.6056403941449,75.103557821456,19.5012898018263));
#6832=CARTESIAN_POINT('Ctrl Pts',(15.5428989325516,75.0644217117462,19.5567135382133));
#6833=CARTESIAN_POINT('Ctrl Pts',(15.4168763173581,75.0137681928335,19.6639837193077));
#6834=CARTESIAN_POINT('Ctrl Pts',(15.3546975550904,75.,19.7152817385679));
#6835=CARTESIAN_POINT('Ctrl Pts',(15.2905584589537,75.,19.7661603616821));
#6836=CARTESIAN_POINT('Ctrl Pts',(14.6946313073118,75.,20.2254248593737));
#6837=CARTESIAN_POINT('Ctrl Pts',(14.7206181589419,75.,20.2060244046199));
#6838=CARTESIAN_POINT('Ctrl Pts',(14.8307692605475,75.,20.123485288022));
#6839=CARTESIAN_POINT('Ctrl Pts',(14.9488813506201,75.,20.0336124971854));
#6840=CARTESIAN_POINT('Ctrl Pts',(15.0683103058567,75.,19.9413103404924));
#6841=CARTESIAN_POINT('Ctrl Pts',(15.1890176315507,75.,19.846649833357));
#6842=CARTESIAN_POINT('Ctrl Pts',(15.2835661162877,75.,19.7717070685834));
#6843=CARTESIAN_POINT('Ctrl Pts',(15.2905584589537,75.,19.7661603616821));
#6844=CARTESIAN_POINT('Ctrl Pts',(15.2905584589538,75.,19.766160361682));
#6845=CARTESIAN_POINT('Ctrl Pts',(15.1486908715733,73.7053686750782,19.5873178877956));
#6846=CARTESIAN_POINT('Ctrl Pts',(15.0068232841927,72.4107373501564,19.4084754139091));
#6847=CARTESIAN_POINT('Ctrl Pts',(14.8649556968122,71.1161060252346,19.2296329400227));
#6848=CARTESIAN_POINT('Ctrl Pts',(15.0876502152087,75.,19.9271182279773));
#6849=CARTESIAN_POINT('Ctrl Pts',(14.9473486550948,73.7053686750782,19.74703342019));
#6850=CARTESIAN_POINT('Ctrl Pts',(14.8070554316749,72.4107373501564,19.5669422267146));
#6851=CARTESIAN_POINT('Ctrl Pts',(14.666753871561,71.1161060252346,19.3868574189273));
#6852=CARTESIAN_POINT('Ctrl Pts',(14.8889105039317,75.,20.0803859444146));
#6853=CARTESIAN_POINT('Ctrl Pts',(14.7503889354713,73.7053686750782,19.8989229601234));
#6854=CARTESIAN_POINT('Ctrl Pts',(14.6118756288269,72.4107373501564,19.717453981461));
#6855=CARTESIAN_POINT('Ctrl Pts',(14.4733540603665,71.1161060252346,19.5359909971697));
#6856=CARTESIAN_POINT('Ctrl Pts',(14.6946313073118,75.,20.2254248593737));
#6857=CARTESIAN_POINT('Ctrl Pts',(14.5580686141701,73.7053686750782,20.0424995367503));
#6858=CARTESIAN_POINT('Ctrl Pts',(14.4215059210283,72.4107373501564,19.8595742141269));
#6859=CARTESIAN_POINT('Ctrl Pts',(14.2849432278866,71.1161060252346,19.6766488915036));
#6860=CARTESIAN_POINT('Ctrl Pts',(15.2905690709156,74.9999919571333,19.7663259318146));
#6861=CARTESIAN_POINT('Ctrl Pts',(14.9615255133179,73.7048641364188,19.7359325637632));
#6862=CARTESIAN_POINT('Ctrl Pts',(14.6281321407897,72.4101708549355,19.7052799211037));
#6863=CARTESIAN_POINT('Ctrl Pts',(14.2884828677228,71.1161077152234,19.6740564035295));
#6864=CARTESIAN_POINT('Ctrl Pts',(15.9519914604848,77.6250333469674,19.8276575921758));
#6865=CARTESIAN_POINT('Ctrl Pts',(15.3186431319341,75.0926596081466,19.7686587642798));
#6866=CARTESIAN_POINT('Ctrl Pts',(14.6735959682587,72.5614411761121,19.7094735283435));
#6867=CARTESIAN_POINT('Ctrl Pts',(14.0026172717611,70.0328386105629,19.6477751719943));
#6868=CARTESIAN_POINT('Ctrl Pts',(16.479795547606,77.5122885250825,19.3705237309821));
#6869=CARTESIAN_POINT('Ctrl Pts',(15.8564573330573,74.9775257601486,19.3145503162942));
#6870=CARTESIAN_POINT('Ctrl Pts',(15.223774528693,72.4434257802273,19.2586859940821));
#6871=CARTESIAN_POINT('Ctrl Pts',(14.5722037742028,69.909835760844,19.2043974582294));
#6872=CARTESIAN_POINT('Ctrl Pts',(17.0473728951764,77.4136647187717,18.1518096833691));
#6873=CARTESIAN_POINT('Ctrl Pts',(16.4399498028197,74.8766827935392,18.0889650282586));
#6874=CARTESIAN_POINT('Ctrl Pts',(15.8290288124862,72.339350772323,18.0250689911439));
#6875=CARTESIAN_POINT('Ctrl Pts',(15.2097380902971,69.8010669098699,17.9586772295285));
#6876=CARTESIAN_POINT('Ctrl Pts',(16.6812187618227,77.5404747305538,16.9066058272281));
#6877=CARTESIAN_POINT('Ctrl Pts',(16.0742826871652,75.0063509739894,16.8313233863729));
#6878=CARTESIAN_POINT('Ctrl Pts',(15.4637924895424,72.4728365136016,16.7514199334505));
#6879=CARTESIAN_POINT('Ctrl Pts',(14.8460798606564,69.9405864732737,16.6606091687716));
#6880=CARTESIAN_POINT('Ctrl Pts',(16.3855916057731,77.6250333469674,16.4743436059881));
#6881=CARTESIAN_POINT('Ctrl Pts',(15.7764270406916,75.0926596081466,16.3955756036443));
#6882=CARTESIAN_POINT('Ctrl Pts',(15.1631560090518,72.5614411761121,16.3108089598308));
#6883=CARTESIAN_POINT('Ctrl Pts',(14.5411806053983,70.0328386105629,16.2132770540533));
#6884=CARTESIAN_POINT('Ctrl Pts',(-23.7866594113217,77.6250333469674,9.04416227174903));
#6885=CARTESIAN_POINT('Ctrl Pts',(-23.5348327947163,75.0926596081466,8.46004385726436));
#6886=CARTESIAN_POINT('Ctrl Pts',(-23.2792137546613,72.5614411761121,7.86485679265427));
#6887=CARTESIAN_POINT('Ctrl Pts',(-23.0131913107296,70.0328386105629,7.24578397169114));
#6888=CARTESIAN_POINT('Ctrl Pts',(-23.5149997064352,77.5122885250825,9.68739591994585));
#6889=CARTESIAN_POINT('Ctrl Pts',(-23.2691437241181,74.9775257601486,9.11186278551545));
#6890=CARTESIAN_POINT('Ctrl Pts',(-23.0205038578521,72.4434257802274,8.52740870662016));
#6891=CARTESIAN_POINT('Ctrl Pts',(-22.7675259558946,69.909835760844,7.92450417491253));
#6892=CARTESIAN_POINT('Ctrl Pts',(-22.5313313543918,77.4136620591847,10.6038064417455));
#6893=CARTESIAN_POINT('Ctrl Pts',(-22.2838584773205,74.8766801339522,10.0455328180463));
#6894=CARTESIAN_POINT('Ctrl Pts',(-22.0343060426484,72.3393476593527,9.48425841041361));
#6895=CARTESIAN_POINT('Ctrl Pts',(-21.779792367521,69.8010637968996,8.91579411622005));
#6896=CARTESIAN_POINT('Ctrl Pts',(-21.2339177247083,77.5404747305538,10.6403532853644));
#6897=CARTESIAN_POINT('Ctrl Pts',(-20.9747663072019,75.0063509739895,10.086386330189));
#6898=CARTESIAN_POINT('Ctrl Pts',(-20.7101217616608,72.4728365136016,9.53046717446788));
#6899=CARTESIAN_POINT('Ctrl Pts',(-20.4328718921975,69.9405864732737,8.97104962312605));
#6900=CARTESIAN_POINT('Ctrl Pts',(-20.7314581072318,77.6250333469675,10.492771524599));
#6901=CARTESIAN_POINT('Ctrl Pts',(-20.4683030823459,75.0926596081467,9.93776224681938));
#6902=CARTESIAN_POINT('Ctrl Pts',(-20.1981740424481,72.5614411761121,9.38070116941792));
#6903=CARTESIAN_POINT('Ctrl Pts',(-19.9132147180996,70.0328386105629,8.8193064251769));
#6904=CARTESIAN_POINT('',(-21.1129284227691,70.,8.89703422714672));
#6905=CARTESIAN_POINT('',(-20.2788549190043,73.3492095279032,9.55296914102529));
#6906=CARTESIAN_POINT('Ctrl Pts',(-21.1129284227691,70.,8.89703422714675));
#6907=CARTESIAN_POINT('Ctrl Pts',(-20.812288988684,71.0727993198058,9.21016143256201));
#6908=CARTESIAN_POINT('Ctrl Pts',(-20.5270940321329,72.231946170139,9.42648499645093));
#6909=CARTESIAN_POINT('Ctrl Pts',(-20.2788549185909,73.3492095358297,9.55296914236053));
#6910=CARTESIAN_POINT('',(-20.4557159480283,75.,9.9164932401871));
#6911=CARTESIAN_POINT('Ctrl Pts',(-20.2789534022593,73.349192523099,9.55299798746402));
#6912=CARTESIAN_POINT('Ctrl Pts',(-20.3384141734586,73.8993684077537,9.67432121002973));
#6913=CARTESIAN_POINT('Ctrl Pts',(-20.3973362437928,74.4496377667565,9.79548672832644));
#6914=CARTESIAN_POINT('Ctrl Pts',(-20.4558003452061,74.9999855912249,9.9165179910888));
#6915=CARTESIAN_POINT('',(-22.5107772403963,77.4698859960816,10.3570157872565));
#6916=CARTESIAN_POINT('Ctrl Pts',(-20.4557159480283,75.,9.91649324018711));
#6917=CARTESIAN_POINT('Ctrl Pts',(-20.5423546007305,75.,9.94464384490513));
#6918=CARTESIAN_POINT('Ctrl Pts',(-20.627649743897,75.0186440483018,9.9706428318042));
#6919=CARTESIAN_POINT('Ctrl Pts',(-20.8320762063468,75.0963524628016,10.0299165392041));
#6920=CARTESIAN_POINT('Ctrl Pts',(-20.9477315444061,75.170779240353,10.0606486409787));
#6921=CARTESIAN_POINT('Ctrl Pts',(-21.2621771768163,75.4225495915765,10.1396576077333));
#6922=CARTESIAN_POINT('Ctrl Pts',(-21.455684505121,75.6523511452785,10.1813922696291));
#6923=CARTESIAN_POINT('Ctrl Pts',(-21.9132334841219,76.2820476340992,10.2721325196118));
#6924=CARTESIAN_POINT('Ctrl Pts',(-22.2147958261976,76.8215600359755,10.3204857655045));
#6925=CARTESIAN_POINT('Ctrl Pts',(-22.5107772403963,77.4698859960816,10.3570157872565));
#6926=CARTESIAN_POINT('',(-23.523778031413,75.,8.43410579487967));
#6927=CARTESIAN_POINT('Ctrl Pts',(-22.5107772403963,77.4698859960816,10.3570157872565));
#6928=CARTESIAN_POINT('Ctrl Pts',(-22.6668895706611,76.8776253310702,10.1267088920909));
#6929=CARTESIAN_POINT('Ctrl Pts',(-22.8895304146741,76.1060826642484,9.77795079817037));
#6930=CARTESIAN_POINT('Ctrl Pts',(-23.18233413187,75.4181741771016,9.21524370780446));
#6931=CARTESIAN_POINT('Ctrl Pts',(-23.259480333,75.2600502504766,9.05953737459569));
#6932=CARTESIAN_POINT('Ctrl Pts',(-23.3692368320821,75.103557821456,8.81561602681517));
#6933=CARTESIAN_POINT('Ctrl Pts',(-23.402559759846,75.0644217117462,8.73881847448966));
#6934=CARTESIAN_POINT('Ctrl Pts',(-23.4656366348097,75.0137681928335,8.58581553616153));
#6935=CARTESIAN_POINT('Ctrl Pts',(-23.4952096560702,75.,8.51082805940245));
#6936=CARTESIAN_POINT('Ctrl Pts',(-23.523778031413,75.,8.43410579487967));
#6937=CARTESIAN_POINT('',(-23.1264688707638,71.1161060252739,7.50957202890044));
#6938=CARTESIAN_POINT('Ctrl Pts',(-23.5239387772429,74.9999919571333,8.43406472347077));
#6939=CARTESIAN_POINT('Ctrl Pts',(-23.3933529153182,73.7048641364187,8.13051777111687));
#6940=CARTESIAN_POINT('Ctrl Pts',(-23.261176301852,72.4101708549354,7.82291401918865));
#6941=CARTESIAN_POINT('Ctrl Pts',(-23.1265235744966,71.1161077152234,7.50953696233786));
#6942=CARTESIAN_POINT('',(-22.9369011219693,70.,7.43241805873421));
#6943=CARTESIAN_POINT('Ctrl Pts',(-23.1264389369554,71.1159271479443,7.50956208692993));
#6944=CARTESIAN_POINT('Ctrl Pts',(-23.0999380513165,70.9575647016823,7.50076074043471));
#6945=CARTESIAN_POINT('Ctrl Pts',(-23.0725679013146,70.7947064422457,7.49044695457664));
#6946=CARTESIAN_POINT('Ctrl Pts',(-23.0448900652882,70.6312273946071,7.47924431420172));
#6947=CARTESIAN_POINT('Ctrl Pts',(-23.0201502410176,70.48510170376,7.46923083793217));
#6948=CARTESIAN_POINT('Ctrl Pts',(-22.9951644392536,70.338479963495,7.45850787223979));
#6949=CARTESIAN_POINT('Ctrl Pts',(-22.9703662530765,70.1941160391855,7.44749480979272));
#6950=CARTESIAN_POINT('Ctrl Pts',(-22.959157769612,70.1288652725791,7.4425170373278));
#6951=CARTESIAN_POINT('Ctrl Pts',(-22.9479880935705,70.0640755730639,7.43747956873055));
#6952=CARTESIAN_POINT('Ctrl Pts',(-22.9368996894191,70.0000002761458,7.43241867513679));
#6953=CARTESIAN_POINT('Ctrl Pts',(-22.9365215132759,70.0001083522752,7.43212271075311));
#6954=CARTESIAN_POINT('Ctrl Pts',(-22.9015561247413,70.0001942081045,7.51407881541842));
#6955=CARTESIAN_POINT('Ctrl Pts',(-22.8621571001192,70.0003174604032,7.59394719830569));
#6956=CARTESIAN_POINT('Ctrl Pts',(-22.818596102765,70.0004421861319,7.67148031973373));
#6957=CARTESIAN_POINT('Ctrl Pts',(-22.7750371579156,70.0005669059837,7.74900978796019));
#6958=CARTESIAN_POINT('Ctrl Pts',(-22.7273159894255,70.0006930244943,7.82420488087323));
#6959=CARTESIAN_POINT('Ctrl Pts',(-22.6756640455029,70.0007961857872,7.89678788679435));
#6960=CARTESIAN_POINT('Ctrl Pts',(-22.6297277711197,70.0008879315202,7.96133904638957));
#6961=CARTESIAN_POINT('Ctrl Pts',(-22.5806816764207,70.0009616396943,8.02382413942343));
#6962=CARTESIAN_POINT('Ctrl Pts',(-22.5286680297199,70.0010086170019,8.08402119395472));
#6963=CARTESIAN_POINT('Ctrl Pts',(-22.4702673377083,70.0010613629147,8.1516101800126));
#6964=CARTESIAN_POINT('Ctrl Pts',(-22.4084739976806,70.0010784552581,8.21591246207858));
#6965=CARTESIAN_POINT('Ctrl Pts',(-22.3435806803173,70.0010566894227,8.2766911504454));
#6966=CARTESIAN_POINT('Ctrl Pts',(-22.2788547309042,70.0010349797241,8.33731308300284));
#6967=CARTESIAN_POINT('Ctrl Pts',(-22.2110440835577,70.0009745501326,8.39443020996509));
#6968=CARTESIAN_POINT('Ctrl Pts',(-22.1404026803542,70.0008842608214,8.44777302882762));
#6969=CARTESIAN_POINT('Ctrl Pts',(-22.0714240876284,70.0007960968079,8.49986022430083));
#6970=CARTESIAN_POINT('Ctrl Pts',(-21.9997457330775,70.0006794425077,8.54834915860219));
#6971=CARTESIAN_POINT('Ctrl Pts',(-21.925579634171,70.0005545744892,8.5929482412574));
#6972=CARTESIAN_POINT('Ctrl Pts',(-21.8799658173595,70.000477777853,8.62037767891409));
#6973=CARTESIAN_POINT('Ctrl Pts',(-21.8334105687282,70.0003981108975,8.6463349469712));
#6974=CARTESIAN_POINT('Ctrl Pts',(-21.7859601404533,70.0003226958232,8.67074313665728));
#6975=CARTESIAN_POINT('Ctrl Pts',(-21.7044690354918,70.0001931783887,8.71266162759485));
#6976=CARTESIAN_POINT('Ctrl Pts',(-21.6207740562153,70.0000756902629,8.74978999236011));
#6977=CARTESIAN_POINT('Ctrl Pts',(-21.5351636729772,70.0000167517276,8.78184578491985));
#6978=CARTESIAN_POINT('Ctrl Pts',(-21.4531777830498,69.9999603084775,8.81254442895031));
#6979=CARTESIAN_POINT('Ctrl Pts',(-21.3694343147371,69.9999576366402,8.83859107666282));
#6980=CARTESIAN_POINT('Ctrl Pts',(-21.2843221707624,69.9999742413343,8.86000918642955));
#6981=CARTESIAN_POINT('Ctrl Pts',(-21.2564059867833,69.9999796875571,8.86703417563569));
#6982=CARTESIAN_POINT('Ctrl Pts',(-21.2283424438048,69.999987308626,8.87356083868382));
#6983=CARTESIAN_POINT('Ctrl Pts',(-21.2001450055406,69.9999961743211,8.87958885495078));
#6984=CARTESIAN_POINT('Ctrl Pts',(-21.1715161965732,70.0000051756455,8.88570908915585));
#6985=CARTESIAN_POINT('Ctrl Pts',(-21.1427872641625,70.000015423377,8.89130720107432));
#6986=CARTESIAN_POINT('Ctrl Pts',(-21.113973119421,70.0000261260828,8.89638636391641));
#6987=CARTESIAN_POINT('Ctrl Pts',(-23.523778031413,75.,8.43410579487977));
#6988=CARTESIAN_POINT('Ctrl Pts',(-23.3098492357814,73.7053686750782,8.35444706519743));
#6989=CARTESIAN_POINT('Ctrl Pts',(-23.0959204401498,72.4107373501564,8.27478833551509));
#6990=CARTESIAN_POINT('Ctrl Pts',(-22.8819916445181,71.1161060252346,8.19512960583274));
#6991=CARTESIAN_POINT('Ctrl Pts',(-23.6141559633861,75.,8.19138987139242));
#6992=CARTESIAN_POINT('Ctrl Pts',(-23.3995295670416,73.7053686750782,8.11360442443474));
#6993=CARTESIAN_POINT('Ctrl Pts',(-23.1848996737272,72.4107373501564,8.03582887943033));
#6994=CARTESIAN_POINT('Ctrl Pts',(-22.9702732773827,71.1161060252346,7.95804343247265));
#6995=CARTESIAN_POINT('Ctrl Pts',(-23.6985082755997,75.,7.95501484486764));
#6996=CARTESIAN_POINT('Ctrl Pts',(-23.4831212031814,73.7053686750782,7.87934815053192));
#6997=CARTESIAN_POINT('Ctrl Pts',(-23.2677309828189,72.4107373501564,7.8036911660128));
#6998=CARTESIAN_POINT('Ctrl Pts',(-23.0523439104006,71.1161060252346,7.72802447167707));
#6999=CARTESIAN_POINT('Ctrl Pts',(-23.7764129073788,75.,7.72542485937368));
#7000=CARTESIAN_POINT('Ctrl Pts',(-23.5602403943241,73.7053686750782,7.65207305357054));
#7001=CARTESIAN_POINT('Ctrl Pts',(-23.3440678812693,72.4107373501564,7.5787212477674));
#7002=CARTESIAN_POINT('Ctrl Pts',(-23.1278953682145,71.1161060252346,7.50536944196426));
#7003=CARTESIAN_POINT('',(-23.7764129073788,75.,7.72542485937368));
#7004=CARTESIAN_POINT('Ctrl Pts',(-23.7764129073788,75.,7.72542485937368));
#7005=CARTESIAN_POINT('Ctrl Pts',(-23.7659923572502,75.,7.75613489417196));
#7006=CARTESIAN_POINT('Ctrl Pts',(-23.7215315549057,75.,7.8864008068605));
#7007=CARTESIAN_POINT('Ctrl Pts',(-23.6725560946165,75.,8.02650429947773));
#7008=CARTESIAN_POINT('Ctrl Pts',(-23.6216771038141,75.,8.1686109206254));
#7009=CARTESIAN_POINT('Ctrl Pts',(-23.5689502266522,75.,8.31266211469228));
#7010=CARTESIAN_POINT('Ctrl Pts',(-23.5268925104412,75.,8.42574165512772));
#7011=CARTESIAN_POINT('Ctrl Pts',(-23.523778031413,75.,8.43410579487967));
#7012=CARTESIAN_POINT('Ctrl Pts',(-23.7764129073788,75.,7.72542485937368));
#7013=CARTESIAN_POINT('Ctrl Pts',(-23.6369605416446,74.1666702519641,7.67911207554024));
#7014=CARTESIAN_POINT('Ctrl Pts',(-23.4975082591034,73.3333405137207,7.63279886500124));
#7015=CARTESIAN_POINT('Ctrl Pts',(-23.2808603056541,72.0387091957718,7.56084761936319));
#7016=CARTESIAN_POINT('Ctrl Pts',(-23.2036645746153,71.5774076088851,7.53520989453117));
#7017=CARTESIAN_POINT('Ctrl Pts',(-23.1264688707657,71.1161060252735,7.50957202890109));
#7018=CARTESIAN_POINT('Ctrl Pts',(-23.7764129073788,75.,7.72542485937368));
#7019=CARTESIAN_POINT('Ctrl Pts',(-23.6383312086516,76.6666666666667,7.67857088239538));
#7020=CARTESIAN_POINT('Ctrl Pts',(-23.5002495099243,78.3333333333333,7.63171690541708));
#7021=CARTESIAN_POINT('Ctrl Pts',(-23.3621678111971,80.,7.58486292843877));
#7022=CARTESIAN_POINT('Ctrl Pts',(-23.4959455343185,75.,8.55198033678132));
#7023=CARTESIAN_POINT('Ctrl Pts',(-23.359722552318,76.6666666666667,8.49969983307725));
#7024=CARTESIAN_POINT('Ctrl Pts',(-23.22333480911,78.3333333333333,8.44775119646321));
#7025=CARTESIAN_POINT('Ctrl Pts',(-23.0871118271095,80.,8.39547069275915));
#7026=CARTESIAN_POINT('Ctrl Pts',(-23.1312691156063,75.,9.46715091161131));
#7027=CARTESIAN_POINT('Ctrl Pts',(-22.9963874463626,76.6666666666667,9.41172123834123));
#7028=CARTESIAN_POINT('Ctrl Pts',(-22.8614132933846,78.3333333333333,9.35641241977305));
#7029=CARTESIAN_POINT('Ctrl Pts',(-22.7265316241408,80.,9.30098274650297));
#7030=CARTESIAN_POINT('Ctrl Pts',(-22.7090949880178,75.,10.442827635451));
#7031=CARTESIAN_POINT('Ctrl Pts',(-22.5752711676441,76.6666666666667,10.3849222317077));
#7032=CARTESIAN_POINT('Ctrl Pts',(-22.4414473472704,78.3333333333333,10.3270168279645));
#7033=CARTESIAN_POINT('Ctrl Pts',(-22.3076235268966,80.,10.2691114242212));
#7034=CARTESIAN_POINT('',(-22.3872635972527,80.,10.0841359918995));
#7035=CARTESIAN_POINT('Ctrl Pts',(-22.5107772403963,77.4698859960816,10.3570157872565));
#7036=CARTESIAN_POINT('Ctrl Pts',(-22.469729596202,78.3131117089029,10.2661094017587));
#7037=CARTESIAN_POINT('Ctrl Pts',(-22.428544835056,79.1567991684877,10.1751159877047));
#7038=CARTESIAN_POINT('Ctrl Pts',(-22.3872635972527,80.,10.0841359918995));
#7039=CARTESIAN_POINT('',(-23.3612564848986,80.,7.587548103402));
#7040=CARTESIAN_POINT('Ctrl Pts',(-22.3872838315093,80.,10.0841164093595));
#7041=CARTESIAN_POINT('Ctrl Pts',(-22.7718548678969,80.,9.18659312937925));
#7042=CARTESIAN_POINT('Ctrl Pts',(-23.1039209279037,80.,8.34560826166831));
#7043=CARTESIAN_POINT('Ctrl Pts',(-23.3612564767098,80.,7.58754811552016));
#7044=CARTESIAN_POINT('Ctrl Pts',(-23.7764129073788,75.,7.72542485937368));
#7045=CARTESIAN_POINT('Ctrl Pts',(-23.7072200524671,75.8333342621458,7.70244558816897));
#7046=CARTESIAN_POINT('Ctrl Pts',(-23.6380272177373,76.6666685230672,7.67946621179433));
#7047=CARTESIAN_POINT('Ctrl Pts',(-23.4996417432977,78.3333351897571,7.63350729481917));
#7048=CARTESIAN_POINT('Ctrl Pts',(-23.4304491035878,79.1666675955255,7.61052775421913));
#7049=CARTESIAN_POINT('Ctrl Pts',(-23.3612564848986,80.,7.587548103402));
#7050=CARTESIAN_POINT('Origin',(-19.9120741092909,75.,9.73985329908505));
#7051=CARTESIAN_POINT('',(-19.9120741092909,75.,9.73985329908505));
#7052=CARTESIAN_POINT('',(-22.6306863083352,75.,10.6231839489736));
#7053=CARTESIAN_POINT('',(-20.4632848462556,80.,9.45899740056694));
#7054=CARTESIAN_POINT('',(-19.9372355636255,75.2282380643853,9.72703289775526));
#7055=CARTESIAN_POINT('',(-22.7658637275585,80.,10.2071506312322));
#7056=CARTESIAN_POINT('Origin',(-22.6306863083352,75.,10.6231839489736));
#7057=CARTESIAN_POINT('',(-19.9647904504276,74.7627366780164,9.71299298167169));
#7058=CARTESIAN_POINT('Ctrl Pts',(-22.9399917326748,70.0017665106451,7.44763984580695));
#7059=CARTESIAN_POINT('Ctrl Pts',(-23.3706368745437,72.5751920697315,7.59066499793095));
#7060=CARTESIAN_POINT('Ctrl Pts',(-23.8037099166044,75.1631210819031,7.73449172764757));
#7061=CARTESIAN_POINT('Ctrl Pts',(-24.2365741092951,77.7497975624264,7.87824492817925));
#7062=CARTESIAN_POINT('Ctrl Pts',(-22.8416125537558,69.9444158288158,6.95525971966379));
#7063=CARTESIAN_POINT('Ctrl Pts',(-23.3571764195319,72.5020043252803,6.98234953222519));
#7064=CARTESIAN_POINT('Ctrl Pts',(-23.9162104438149,75.0637580767694,7.04874524203388));
#7065=CARTESIAN_POINT('Ctrl Pts',(-24.5102520042887,77.6080205363826,7.16860386794022));
#7066=CARTESIAN_POINT('Ctrl Pts',(-22.4006639917177,69.8866037980445,6.14436152015795));
#7067=CARTESIAN_POINT('Ctrl Pts',(-22.9438361168702,72.4392172855562,5.93380887199649));
#7068=CARTESIAN_POINT('Ctrl Pts',(-23.6100178024674,74.9782671205055,5.7764311685372));
#7069=CARTESIAN_POINT('Ctrl Pts',(-24.371827185959,77.4796724411584,5.68270972443261));
#7070=CARTESIAN_POINT('Ctrl Pts',(-21.62763753954,69.9203027619456,5.66901944055313));
#7071=CARTESIAN_POINT('Ctrl Pts',(-22.0382907074549,72.5135652941936,5.32143174476568));
#7072=CARTESIAN_POINT('Ctrl Pts',(-22.6006038346426,75.0916495138931,5.02778665764691));
#7073=CARTESIAN_POINT('Ctrl Pts',(-23.2668103171786,77.6424152372364,4.76993035614933));
#7074=CARTESIAN_POINT('Ctrl Pts',(-21.2699063227351,69.9499196022606,5.5472945257258));
#7075=CARTESIAN_POINT('Ctrl Pts',(-21.613618871037,72.5665986490878,5.17383817363798));
#7076=CARTESIAN_POINT('Ctrl Pts',(-22.1191359709787,75.1680747468779,4.85577395169476));
#7077=CARTESIAN_POINT('Ctrl Pts',(-22.7303074345122,77.7484521319385,4.57595063927586));
#7078=CARTESIAN_POINT('',(-24.0966933795363,77.5536975520131,5.76439981179407));
#7079=CARTESIAN_POINT('Ctrl Pts',(-23.7764129073788,75.,7.72542485937369));
#7080=CARTESIAN_POINT('Ctrl Pts',(-23.8351107449023,75.0914835785031,7.51887072788954));
#7081=CARTESIAN_POINT('Ctrl Pts',(-23.8806677829169,75.256004935769,7.32268046278899));
#7082=CARTESIAN_POINT('Ctrl Pts',(-23.9143376392634,75.4199156732364,7.16023127374346));
#7083=CARTESIAN_POINT('Ctrl Pts',(-23.9828386932001,75.7533907600482,6.82972969552794));
#7084=CARTESIAN_POINT('Ctrl Pts',(-24.0264852879912,76.2018649153031,6.52232437395202));
#7085=CARTESIAN_POINT('Ctrl Pts',(-24.0734584145536,76.9066180533164,6.09820588894349));
#7086=CARTESIAN_POINT('Ctrl Pts',(-24.0874643089156,77.2253442198807,5.92645514320908));
#7087=CARTESIAN_POINT('Ctrl Pts',(-24.0966933795363,77.5536975520131,5.76439981179408));
#7088=CARTESIAN_POINT('',(-22.1254547599942,74.9999999999997,4.88898830362738));
#7089=CARTESIAN_POINT('Ctrl Pts',(-24.0966933795363,77.5536975520131,5.76439981179407));
#7090=CARTESIAN_POINT('Ctrl Pts',(-23.9263890092301,77.1475940351455,5.6717066888572));
#7091=CARTESIAN_POINT('Ctrl Pts',(-23.7434417251147,76.7533989342444,5.5760011015938));
#7092=CARTESIAN_POINT('Ctrl Pts',(-23.3371032625399,76.0083443729723,5.37543539918268));
#7093=CARTESIAN_POINT('Ctrl Pts',(-23.0744645297935,75.6000455260303,5.2525390725867));
#7094=CARTESIAN_POINT('Ctrl Pts',(-22.6848517732687,75.2313567066187,5.09203015177789));
#7095=CARTESIAN_POINT('Ctrl Pts',(-22.5718237197506,75.1433779541544,5.04721185536788));
#7096=CARTESIAN_POINT('Ctrl Pts',(-22.3973755895446,75.0566382596537,4.98255094850964));
#7097=CARTESIAN_POINT('Ctrl Pts',(-22.3425510290142,75.0352603760692,4.96277079553813));
#7098=CARTESIAN_POINT('Ctrl Pts',(-22.2333813055588,75.0073697729228,4.92473371699095));
#7099=CARTESIAN_POINT('Ctrl Pts',(-22.1798165822504,75.,4.90665153040146));
#7100=CARTESIAN_POINT('Ctrl Pts',(-22.1254547599944,75.,4.88898830362736));
#7101=CARTESIAN_POINT('',(-21.7633632224749,73.1070690189856,5.12228922965779));
#7102=CARTESIAN_POINT('Ctrl Pts',(-22.1233520350454,74.9999170874181,4.8883204589645));
#7103=CARTESIAN_POINT('Ctrl Pts',(-21.9948472036926,74.3700168057475,4.96335095068024));
#7104=CARTESIAN_POINT('Ctrl Pts',(-21.8737414099773,73.7389960028842,5.04099328138575));
#7105=CARTESIAN_POINT('Ctrl Pts',(-21.7608381170739,73.1069390423748,5.12149287099225));
#7106=CARTESIAN_POINT('',(-22.0647673015074,70.,5.96757538001052));
#7107=CARTESIAN_POINT('Ctrl Pts',(-21.7633632224749,73.1070690189854,5.12228922965782));
#7108=CARTESIAN_POINT('Ctrl Pts',(-21.8813600090832,72.0647764375829,5.353870962671));
#7109=CARTESIAN_POINT('Ctrl Pts',(-21.9798451190339,71.0287093918239,5.64195113312758));
#7110=CARTESIAN_POINT('Ctrl Pts',(-22.0647673015074,70.,5.96757538001052));
#7111=CARTESIAN_POINT('Ctrl Pts',(-22.0649479053282,69.9999901920375,5.96768071458065));
#7112=CARTESIAN_POINT('Ctrl Pts',(-22.1282782666189,69.9999807851026,6.01884694135827));
#7113=CARTESIAN_POINT('Ctrl Pts',(-22.1890507856016,69.9999745064551,6.0731747834278));
#7114=CARTESIAN_POINT('Ctrl Pts',(-22.2469784371464,69.9999866927468,6.13054327391922));
#7115=CARTESIAN_POINT('Ctrl Pts',(-22.2933444501436,69.9999964468063,6.17646172745256));
#7116=CARTESIAN_POINT('Ctrl Pts',(-22.3378872943008,70.0000182123097,6.22432897425556));
#7117=CARTESIAN_POINT('Ctrl Pts',(-22.3805250600274,70.000042373849,6.27402300052247));
#7118=CARTESIAN_POINT('Ctrl Pts',(-22.437559549533,70.0000746935785,6.34049631054029));
#7119=CARTESIAN_POINT('Ctrl Pts',(-22.490910826276,70.0001102852365,6.40991525032619));
#7120=CARTESIAN_POINT('Ctrl Pts',(-22.5404562409131,70.0001362195989,6.48192853629677));
#7121=CARTESIAN_POINT('Ctrl Pts',(-22.5902924278075,70.0001623061649,6.55436445402598));
#7122=CARTESIAN_POINT('Ctrl Pts',(-22.6362785087608,70.0001786733174,6.62942602454542));
#7123=CARTESIAN_POINT('Ctrl Pts',(-22.6782500867247,70.0001802153218,6.70678892472033));
#7124=CARTESIAN_POINT('Ctrl Pts',(-22.6996923369113,70.000181003094,6.74631173375415));
#7125=CARTESIAN_POINT('Ctrl Pts',(-22.7200861401023,70.0001780459305,6.78643563561069));
#7126=CARTESIAN_POINT('Ctrl Pts',(-22.7394049089879,70.0001713965602,6.82711970569468));
#7127=CARTESIAN_POINT('Ctrl Pts',(-22.7769609091927,70.0001584700764,6.90621019813029));
#7128=CARTESIAN_POINT('Ctrl Pts',(-22.8103134242941,70.0001312612942,6.98711410428553));
#7129=CARTESIAN_POINT('Ctrl Pts',(-22.8393284579422,70.0001006025187,7.069503358269));
#7130=CARTESIAN_POINT('Ctrl Pts',(-22.8681043689323,70.0000701964124,7.15121361468003));
#7131=CARTESIAN_POINT('Ctrl Pts',(-22.8926144203257,70.0000364602819,7.23438560211425));
#7132=CARTESIAN_POINT('Ctrl Pts',(-22.9126837095525,70.0000165426482,7.3187234236938));
#7133=CARTESIAN_POINT('Ctrl Pts',(-22.9216487307888,70.000007645372,7.35639742165854));
#7134=CARTESIAN_POINT('Ctrl Pts',(-22.9297269951202,70.0000015878327,7.39430430855283));
#7135=CARTESIAN_POINT('Ctrl Pts',(-22.9368996894191,70.0000002761458,7.43241867513679));
#7136=CARTESIAN_POINT('Origin',(-21.5490666065186,75.,4.70170843988778));
#7137=CARTESIAN_POINT('',(-21.5490666065186,75.,4.70170843988778));
#7138=CARTESIAN_POINT('',(-21.5490666065186,75.,4.70170843988778));
#7139=CARTESIAN_POINT('',(-21.5988442725425,74.5603025005376,4.79940261016582));
#7140=CARTESIAN_POINT('Origin',(-24.3611794880705,75.,5.61541930313426));
#7141=CARTESIAN_POINT('',(-23.8417928124443,80.,5.90661546599539));
#7142=CARTESIAN_POINT('Ctrl Pts',(-24.0966933795363,77.5536975520131,5.76439981179407));
#7143=CARTESIAN_POINT('Ctrl Pts',(-23.9691096909794,78.7817832173483,5.83591821729468));
#7144=CARTESIAN_POINT('Ctrl Pts',(-23.8417928124452,79.9999999999917,5.90661546599491));
#7145=CARTESIAN_POINT('',(-21.8299225050367,80.,5.25291917685251));
#7146=CARTESIAN_POINT('',(-21.4138891872953,80.,5.1177417576292));
#7147=CARTESIAN_POINT('',(-21.5562224975725,75.1273943522578,4.71575266684642));
#7148=CARTESIAN_POINT('Origin',(0.,75.,0.));
#7149=CARTESIAN_POINT('Origin',(0.,80.,0.));
#7150=CARTESIAN_POINT('Origin',(-19.9120741092909,75.,9.73985329908505));
#7151=CARTESIAN_POINT('',(-20.7505587292981,70.,10.0122934671137));
#7152=CARTESIAN_POINT('',(-19.9120741092909,75.,9.73985329908505));
#7153=CARTESIAN_POINT('Origin',(-22.1822211651804,70.,7.69245080882268));
#7154=CARTESIAN_POINT('Origin',(-21.5490666065186,75.,4.70170843988778));
#7155=CARTESIAN_POINT('',(-20.3281074270323,80.,9.87503071830836));
#7156=CARTESIAN_POINT('Origin',(-22.1822211651804,80.,7.69245080882268));
#7157=CARTESIAN_POINT('Origin',(7.69245080882268,80.,22.1822211651804));
#7158=CARTESIAN_POINT('',(5.90661546599539,80.,23.8417928124443));
#7159=CARTESIAN_POINT('',(5.25291917685251,80.,21.8299225050367));
#7160=CARTESIAN_POINT('',(5.1177417576292,80.,21.4138891872953));
#7161=CARTESIAN_POINT('',(7.587548103402,80.,23.3612564848986));
#7162=CARTESIAN_POINT('Origin',(0.,80.,0.));
#7163=CARTESIAN_POINT('',(10.0841359918995,80.,22.3872635972527));
#7164=CARTESIAN_POINT('Ctrl Pts',(10.0841164093595,80.,22.3872838315093));
#7165=CARTESIAN_POINT('Ctrl Pts',(9.18659312937925,80.,22.7718548678969));
#7166=CARTESIAN_POINT('Ctrl Pts',(8.34560826166831,80.,23.1039209279037));
#7167=CARTESIAN_POINT('Ctrl Pts',(7.58754811552016,80.,23.3612564767098));
#7168=CARTESIAN_POINT('',(9.45899740056694,80.,20.4632848462556));
#7169=CARTESIAN_POINT('',(10.2071506312322,80.,22.7658637275585));
#7170=CARTESIAN_POINT('',(9.87503071830836,80.,20.3281074270323));
#7171=CARTESIAN_POINT('Origin',(4.70170843988778,75.,21.5490666065186));
#7172=CARTESIAN_POINT('',(9.73985329908505,75.,19.9120741092909));
#7173=CARTESIAN_POINT('',(9.72703289775525,75.2282380643853,19.9372355636255));
#7174=CARTESIAN_POINT('',(4.70170843988778,75.,21.5490666065186));
#7175=CARTESIAN_POINT('',(9.73985329908505,75.,19.9120741092909));
#7176=CARTESIAN_POINT('',(4.71575266684641,75.1273943522578,21.5562224975725));
#7177=CARTESIAN_POINT('Origin',(7.69245080882268,70.,22.1822211651804));
#7178=CARTESIAN_POINT('',(7.43241805873421,70.,22.9369011219693));
#7179=CARTESIAN_POINT('',(8.89703422714672,70.,21.1129284227691));
#7180=CARTESIAN_POINT('Ctrl Pts',(7.43212271075319,70.0001083522752,22.9365215132758));
#7181=CARTESIAN_POINT('Ctrl Pts',(7.51407881541849,70.0001942081045,22.9015561247413));
#7182=CARTESIAN_POINT('Ctrl Pts',(7.59394719830577,70.0003174604032,22.8621571001192));
#7183=CARTESIAN_POINT('Ctrl Pts',(7.67148031973381,70.0004421861318,22.818596102765));
#7184=CARTESIAN_POINT('Ctrl Pts',(7.74900978796027,70.0005669059837,22.7750371579156));
#7185=CARTESIAN_POINT('Ctrl Pts',(7.82420488087331,70.0006930244942,22.7273159894255));
#7186=CARTESIAN_POINT('Ctrl Pts',(7.89678788679443,70.0007961857871,22.675664045503));
#7187=CARTESIAN_POINT('Ctrl Pts',(7.96133904638969,70.0008879315202,22.6297277711197));
#7188=CARTESIAN_POINT('Ctrl Pts',(8.02382413942358,70.0009616396943,22.5806816764207));
#7189=CARTESIAN_POINT('Ctrl Pts',(8.08402119395492,70.0010086170019,22.5286680297198));
#7190=CARTESIAN_POINT('Ctrl Pts',(8.15161018001278,70.0010613629147,22.4702673377083));
#7191=CARTESIAN_POINT('Ctrl Pts',(8.21591246207876,70.001078455258,22.4084739976807));
#7192=CARTESIAN_POINT('Ctrl Pts',(8.27669115044556,70.0010566894226,22.3435806803174));
#7193=CARTESIAN_POINT('Ctrl Pts',(8.33731308300298,70.001034979724,22.2788547309043));
#7194=CARTESIAN_POINT('Ctrl Pts',(8.3944302099652,70.0009745501326,22.2110440835578));
#7195=CARTESIAN_POINT('Ctrl Pts',(8.44777302882772,70.0008842608214,22.1404026803544));
#7196=CARTESIAN_POINT('Ctrl Pts',(8.49986022430092,70.0007960968079,22.0714240876286));
#7197=CARTESIAN_POINT('Ctrl Pts',(8.54834915860229,70.0006794425077,21.9997457330777));
#7198=CARTESIAN_POINT('Ctrl Pts',(8.5929482412575,70.0005545744892,21.9255796341712));
#7199=CARTESIAN_POINT('Ctrl Pts',(8.62037767891426,70.000477777853,21.8799658173596));
#7200=CARTESIAN_POINT('Ctrl Pts',(8.64633494697143,70.0003981108975,21.8334105687283));
#7201=CARTESIAN_POINT('Ctrl Pts',(8.67074313665756,70.0003226958232,21.7859601404532));
#7202=CARTESIAN_POINT('Ctrl Pts',(8.71266162759513,70.0001931783887,21.7044690354918));
#7203=CARTESIAN_POINT('Ctrl Pts',(8.7497899923604,70.0000756902629,21.6207740562153));
#7204=CARTESIAN_POINT('Ctrl Pts',(8.78184578492015,70.0000167517276,21.5351636729772));
#7205=CARTESIAN_POINT('Ctrl Pts',(8.81254442895061,69.9999603084775,21.4531777830497));
#7206=CARTESIAN_POINT('Ctrl Pts',(8.83859107666312,69.9999576366402,21.3694343147371));
#7207=CARTESIAN_POINT('Ctrl Pts',(8.86000918642986,69.9999742413343,21.2843221707624));
#7208=CARTESIAN_POINT('Ctrl Pts',(8.86703417563599,69.9999796875571,21.2564059867833));
#7209=CARTESIAN_POINT('Ctrl Pts',(8.87356083868413,69.9999873086259,21.2283424438047));
#7210=CARTESIAN_POINT('Ctrl Pts',(8.87958885495109,69.999996174321,21.2001450055406));
#7211=CARTESIAN_POINT('Ctrl Pts',(8.88570908915616,70.0000051756455,21.1715161965731));
#7212=CARTESIAN_POINT('Ctrl Pts',(8.89130720107463,70.000015423377,21.1427872641625));
#7213=CARTESIAN_POINT('Ctrl Pts',(8.89638636391673,70.0000261260828,21.1139731194209));
#7214=CARTESIAN_POINT('',(5.96757538001052,70.,22.0647673015074));
#7215=CARTESIAN_POINT('Ctrl Pts',(5.96768071458065,69.9999901920375,22.0649479053282));
#7216=CARTESIAN_POINT('Ctrl Pts',(6.01884694135828,69.9999807851026,22.1282782666189));
#7217=CARTESIAN_POINT('Ctrl Pts',(6.0731747834278,69.9999745064551,22.1890507856016));
#7218=CARTESIAN_POINT('Ctrl Pts',(6.13054327391922,69.9999866927468,22.2469784371464));
#7219=CARTESIAN_POINT('Ctrl Pts',(6.17646172745256,69.9999964468063,22.2933444501436));
#7220=CARTESIAN_POINT('Ctrl Pts',(6.22432897425556,70.0000182123097,22.3378872943008));
#7221=CARTESIAN_POINT('Ctrl Pts',(6.27402300052247,70.000042373849,22.3805250600274));
#7222=CARTESIAN_POINT('Ctrl Pts',(6.3404963105403,70.0000746935785,22.437559549533));
#7223=CARTESIAN_POINT('Ctrl Pts',(6.40991525032622,70.0001102852365,22.490910826276));
#7224=CARTESIAN_POINT('Ctrl Pts',(6.48192853629681,70.0001362195989,22.5404562409131));
#7225=CARTESIAN_POINT('Ctrl Pts',(6.55436445402604,70.0001623061649,22.5902924278075));
#7226=CARTESIAN_POINT('Ctrl Pts',(6.62942602454552,70.0001786733174,22.6362785087609));
#7227=CARTESIAN_POINT('Ctrl Pts',(6.70678892472045,70.0001802153218,22.6782500867247));
#7228=CARTESIAN_POINT('Ctrl Pts',(6.74631173375423,70.000181003094,22.6996923369113));
#7229=CARTESIAN_POINT('Ctrl Pts',(6.78643563561073,70.0001780459305,22.7200861401023));
#7230=CARTESIAN_POINT('Ctrl Pts',(6.82711970569468,70.0001713965602,22.7394049089879));
#7231=CARTESIAN_POINT('Ctrl Pts',(6.90621019813029,70.0001584700764,22.7769609091927));
#7232=CARTESIAN_POINT('Ctrl Pts',(6.98711410428553,70.0001312612942,22.8103134242941));
#7233=CARTESIAN_POINT('Ctrl Pts',(7.06950335826899,70.0001006025187,22.8393284579422));
#7234=CARTESIAN_POINT('Ctrl Pts',(7.15121361468005,70.0000701964124,22.8681043689323));
#7235=CARTESIAN_POINT('Ctrl Pts',(7.23438560211429,70.0000364602819,22.8926144203257));
#7236=CARTESIAN_POINT('Ctrl Pts',(7.31872342369385,70.0000165426482,22.9126837095525));
#7237=CARTESIAN_POINT('Ctrl Pts',(7.35639742165858,70.000007645372,22.9216487307888));
#7238=CARTESIAN_POINT('Ctrl Pts',(7.39430430855285,70.0000015878327,22.9297269951202));
#7239=CARTESIAN_POINT('Ctrl Pts',(7.43241867513679,70.0000002761458,22.9368996894191));
#7240=CARTESIAN_POINT('',(10.0122934671137,70.,20.7505587292981));
#7241=CARTESIAN_POINT('Origin',(9.73985329908505,75.,19.9120741092909));
#7242=CARTESIAN_POINT('',(9.55296914102529,73.3492095279032,20.2788549190043));
#7243=CARTESIAN_POINT('Ctrl Pts',(8.89703422714675,70.,21.1129284227691));
#7244=CARTESIAN_POINT('Ctrl Pts',(9.21016143256202,71.0727993198058,20.812288988684));
#7245=CARTESIAN_POINT('Ctrl Pts',(9.42648499645095,72.231946170139,20.5270940321329));
#7246=CARTESIAN_POINT('Ctrl Pts',(9.55296914236056,73.3492095358297,20.2788549185909));
#7247=CARTESIAN_POINT('',(5.12228922965779,73.1070690189856,21.7633632224749));
#7248=CARTESIAN_POINT('Ctrl Pts',(5.12228922965781,73.1070690189854,21.7633632224749));
#7249=CARTESIAN_POINT('Ctrl Pts',(5.353870962671,72.0647764375829,21.8813600090832));
#7250=CARTESIAN_POINT('Ctrl Pts',(5.64195113312758,71.0287093918239,21.9798451190339));
#7251=CARTESIAN_POINT('Ctrl Pts',(5.96757538001052,70.,22.0647673015074));
#7252=CARTESIAN_POINT('',(4.79940261016582,74.5603025005376,21.5988442725425));
#7253=CARTESIAN_POINT('',(9.71299298167169,74.7627366780164,19.9647904504276));
#7254=CARTESIAN_POINT('Origin',(0.,75.,0.));
#7255=CARTESIAN_POINT('',(7.72542485937368,75.,23.7764129073788));
#7256=CARTESIAN_POINT('',(5.76439981179407,77.5536975520131,24.0966933795363));
#7257=CARTESIAN_POINT('Ctrl Pts',(7.72542485937369,75.,23.7764129073788));
#7258=CARTESIAN_POINT('Ctrl Pts',(7.51887072788954,75.0914835785031,23.8351107449023));
#7259=CARTESIAN_POINT('Ctrl Pts',(7.32268046278899,75.256004935769,23.8806677829169));
#7260=CARTESIAN_POINT('Ctrl Pts',(7.16023127374346,75.4199156732364,23.9143376392634));
#7261=CARTESIAN_POINT('Ctrl Pts',(6.82972969552794,75.7533907600482,23.9828386932001));
#7262=CARTESIAN_POINT('Ctrl Pts',(6.52232437395202,76.2018649153031,24.0264852879912));
#7263=CARTESIAN_POINT('Ctrl Pts',(6.09820588894349,76.9066180533164,24.0734584145536));
#7264=CARTESIAN_POINT('Ctrl Pts',(5.92645514320908,77.2253442198807,24.0874643089156));
#7265=CARTESIAN_POINT('Ctrl Pts',(5.76439981179407,77.5536975520131,24.0966933795363));
#7266=CARTESIAN_POINT('Ctrl Pts',(7.72542485937368,75.,23.7764129073788));
#7267=CARTESIAN_POINT('Ctrl Pts',(7.70244558816897,75.8333342621458,23.7072200524671));
#7268=CARTESIAN_POINT('Ctrl Pts',(7.67946621179433,76.6666685230672,23.6380272177373));
#7269=CARTESIAN_POINT('Ctrl Pts',(7.63350729481917,78.3333351897571,23.4996417432977));
#7270=CARTESIAN_POINT('Ctrl Pts',(7.61052775421913,79.1666675955255,23.4304491035878));
#7271=CARTESIAN_POINT('Ctrl Pts',(7.587548103402,80.,23.3612564848986));
#7272=CARTESIAN_POINT('Ctrl Pts',(5.76439981179407,77.5536975520131,24.0966933795363));
#7273=CARTESIAN_POINT('Ctrl Pts',(5.83591821729468,78.7817832173483,23.9691096909794));
#7274=CARTESIAN_POINT('Ctrl Pts',(5.90661546599491,79.9999999999917,23.8417928124452));
#7275=CARTESIAN_POINT('Origin',(5.61541930313425,75.,24.3611794880705));
#7276=CARTESIAN_POINT('',(4.88898830362738,74.9999999999997,22.1254547599942));
#7277=CARTESIAN_POINT('Ctrl Pts',(5.76439981179407,77.5536975520131,24.0966933795363));
#7278=CARTESIAN_POINT('Ctrl Pts',(5.6717066888572,77.1475940351455,23.9263890092301));
#7279=CARTESIAN_POINT('Ctrl Pts',(5.5760011015938,76.7533989342444,23.7434417251147));
#7280=CARTESIAN_POINT('Ctrl Pts',(5.37543539918268,76.0083443729723,23.3371032625399));
#7281=CARTESIAN_POINT('Ctrl Pts',(5.2525390725867,75.6000455260303,23.0744645297935));
#7282=CARTESIAN_POINT('Ctrl Pts',(5.09203015177789,75.2313567066187,22.6848517732687));
#7283=CARTESIAN_POINT('Ctrl Pts',(5.04721185536788,75.1433779541544,22.5718237197506));
#7284=CARTESIAN_POINT('Ctrl Pts',(4.98255094850964,75.0566382596537,22.3973755895446));
#7285=CARTESIAN_POINT('Ctrl Pts',(4.96277079553813,75.0352603760692,22.3425510290142));
#7286=CARTESIAN_POINT('Ctrl Pts',(4.92473371699095,75.0073697729228,22.2333813055588));
#7287=CARTESIAN_POINT('Ctrl Pts',(4.90665153040146,75.,22.1798165822504));
#7288=CARTESIAN_POINT('Ctrl Pts',(4.88898830362736,75.,22.1254547599944));
#7289=CARTESIAN_POINT('',(4.70170843988778,75.,21.5490666065186));
#7290=CARTESIAN_POINT('Origin',(4.70170843988778,75.,21.5490666065186));
#7291=CARTESIAN_POINT('Ctrl Pts',(4.8883204589645,74.9999170874181,22.1233520350454));
#7292=CARTESIAN_POINT('Ctrl Pts',(4.96335095068024,74.3700168057475,21.9948472036926));
#7293=CARTESIAN_POINT('Ctrl Pts',(5.04099328138575,73.7389960028842,21.8737414099773));
#7294=CARTESIAN_POINT('Ctrl Pts',(5.12149287099225,73.1069390423748,21.7608381170739));
#7295=CARTESIAN_POINT('Ctrl Pts',(7.44763984580695,70.0017665106451,22.9399917326748));
#7296=CARTESIAN_POINT('Ctrl Pts',(7.59066499793095,72.5751920697315,23.3706368745437));
#7297=CARTESIAN_POINT('Ctrl Pts',(7.73449172764757,75.1631210819031,23.8037099166044));
#7298=CARTESIAN_POINT('Ctrl Pts',(7.87824492817925,77.7497975624264,24.2365741092951));
#7299=CARTESIAN_POINT('Ctrl Pts',(6.95525971966379,69.9444158288158,22.8416125537558));
#7300=CARTESIAN_POINT('Ctrl Pts',(6.98234953222519,72.5020043252803,23.3571764195319));
#7301=CARTESIAN_POINT('Ctrl Pts',(7.04874524203388,75.0637580767694,23.9162104438149));
#7302=CARTESIAN_POINT('Ctrl Pts',(7.16860386794022,77.6080205363826,24.5102520042887));
#7303=CARTESIAN_POINT('Ctrl Pts',(6.14436152015795,69.8866037980445,22.4006639917177));
#7304=CARTESIAN_POINT('Ctrl Pts',(5.93380887199649,72.4392172855562,22.9438361168702));
#7305=CARTESIAN_POINT('Ctrl Pts',(5.7764311685372,74.9782671205055,23.6100178024674));
#7306=CARTESIAN_POINT('Ctrl Pts',(5.68270972443261,77.4796724411584,24.371827185959));
#7307=CARTESIAN_POINT('Ctrl Pts',(5.66901944055313,69.9203027619456,21.62763753954));
#7308=CARTESIAN_POINT('Ctrl Pts',(5.32143174476569,72.5135652941936,22.0382907074549));
#7309=CARTESIAN_POINT('Ctrl Pts',(5.02778665764691,75.0916495138931,22.6006038346426));
#7310=CARTESIAN_POINT('Ctrl Pts',(4.76993035614933,77.6424152372364,23.2668103171786));
#7311=CARTESIAN_POINT('Ctrl Pts',(5.5472945257258,69.9499196022606,21.2699063227351));
#7312=CARTESIAN_POINT('Ctrl Pts',(5.17383817363798,72.5665986490878,21.613618871037));
#7313=CARTESIAN_POINT('Ctrl Pts',(4.85577395169476,75.1680747468779,22.1191359709787));
#7314=CARTESIAN_POINT('Ctrl Pts',(4.57595063927586,77.7484521319385,22.7303074345122));
#7315=CARTESIAN_POINT('',(7.50957202890044,71.1161060252739,23.1264688707638));
#7316=CARTESIAN_POINT('Ctrl Pts',(7.50956208692993,71.1159271479443,23.1264389369554));
#7317=CARTESIAN_POINT('Ctrl Pts',(7.5007607404347,70.9575647016823,23.0999380513165));
#7318=CARTESIAN_POINT('Ctrl Pts',(7.49044695457663,70.7947064422455,23.0725679013145));
#7319=CARTESIAN_POINT('Ctrl Pts',(7.4792443142017,70.6312273946069,23.0448900652882));
#7320=CARTESIAN_POINT('Ctrl Pts',(7.46923083793215,70.4851017037598,23.0201502410175));
#7321=CARTESIAN_POINT('Ctrl Pts',(7.45850787223978,70.3384799634948,22.9951644392535));
#7322=CARTESIAN_POINT('Ctrl Pts',(7.4474948097927,70.1941160391853,22.9703662530765));
#7323=CARTESIAN_POINT('Ctrl Pts',(7.44251703732779,70.128865272579,22.959157769612));
#7324=CARTESIAN_POINT('Ctrl Pts',(7.43747956873055,70.0640755730639,22.9479880935705));
#7325=CARTESIAN_POINT('Ctrl Pts',(7.43241867513679,70.0000002761458,22.9368996894191));
#7326=CARTESIAN_POINT('Ctrl Pts',(7.72542485937368,75.,23.7764129073788));
#7327=CARTESIAN_POINT('Ctrl Pts',(7.67911207554024,74.1666702519641,23.6369605416446));
#7328=CARTESIAN_POINT('Ctrl Pts',(7.63279886500124,73.3333405137207,23.4975082591034));
#7329=CARTESIAN_POINT('Ctrl Pts',(7.56084761936319,72.0387091957718,23.2808603056541));
#7330=CARTESIAN_POINT('Ctrl Pts',(7.53520989453116,71.5774076088851,23.2036645746153));
#7331=CARTESIAN_POINT('Ctrl Pts',(7.50957202890109,71.1161060252735,23.1264688707657));
#7332=CARTESIAN_POINT('Origin',(10.6231839489736,75.,22.6306863083352));
#7333=CARTESIAN_POINT('',(9.9164932401871,75.,20.4557159480283));
#7334=CARTESIAN_POINT('Ctrl Pts',(9.55299798746423,73.3491925230989,20.2789534022592));
#7335=CARTESIAN_POINT('Ctrl Pts',(9.67432121002991,73.8993684077537,20.3384141734586));
#7336=CARTESIAN_POINT('Ctrl Pts',(9.79548672832659,74.4496377667565,20.3973362437927));
#7337=CARTESIAN_POINT('Ctrl Pts',(9.91651799108891,74.9999855912249,20.4558003452061));
#7338=CARTESIAN_POINT('',(10.6231839489736,75.,22.6306863083352));
#7339=CARTESIAN_POINT('Origin',(9.73985329908505,75.,19.9120741092909));
#7340=CARTESIAN_POINT('',(10.3570157872565,77.4698859960816,22.5107772403963));
#7341=CARTESIAN_POINT('Ctrl Pts',(9.91649324018711,75.0000000000001,20.4557159480283));
#7342=CARTESIAN_POINT('Ctrl Pts',(9.94464384490513,75.0000000000001,20.5423546007305));
#7343=CARTESIAN_POINT('Ctrl Pts',(9.9706428318042,75.0186440483018,20.627649743897));
#7344=CARTESIAN_POINT('Ctrl Pts',(10.0299165392041,75.0963524628016,20.8320762063468));
#7345=CARTESIAN_POINT('Ctrl Pts',(10.0606486409787,75.170779240353,20.9477315444061));
#7346=CARTESIAN_POINT('Ctrl Pts',(10.1396576077333,75.4225495915765,21.2621771768163));
#7347=CARTESIAN_POINT('Ctrl Pts',(10.1813922696291,75.6523511452785,21.455684505121));
#7348=CARTESIAN_POINT('Ctrl Pts',(10.2721325196118,76.2820476340992,21.9132334841219));
#7349=CARTESIAN_POINT('Ctrl Pts',(10.3204857655045,76.8215600359755,22.2147958261976));
#7350=CARTESIAN_POINT('Ctrl Pts',(10.3570157872565,77.4698859960816,22.5107772403963));
#7351=CARTESIAN_POINT('Ctrl Pts',(10.3570157872565,77.4698859960816,22.5107772403963));
#7352=CARTESIAN_POINT('Ctrl Pts',(10.2661094017587,78.3131117089029,22.469729596202));
#7353=CARTESIAN_POINT('Ctrl Pts',(10.1751159877047,79.1567991684877,22.428544835056));
#7354=CARTESIAN_POINT('Ctrl Pts',(10.0841359918995,80.,22.3872635972527));
#7355=CARTESIAN_POINT('Ctrl Pts',(7.72542485937368,75.,23.7764129073788));
#7356=CARTESIAN_POINT('Ctrl Pts',(7.67857088239538,76.6666666666667,23.6383312086516));
#7357=CARTESIAN_POINT('Ctrl Pts',(7.63171690541707,78.3333333333333,23.5002495099243));
#7358=CARTESIAN_POINT('Ctrl Pts',(7.58486292843877,80.,23.3621678111971));
#7359=CARTESIAN_POINT('Ctrl Pts',(8.55198033678132,75.,23.4959455343185));
#7360=CARTESIAN_POINT('Ctrl Pts',(8.49969983307725,76.6666666666667,23.359722552318));
#7361=CARTESIAN_POINT('Ctrl Pts',(8.44775119646321,78.3333333333333,23.22333480911));
#7362=CARTESIAN_POINT('Ctrl Pts',(8.39547069275915,80.,23.0871118271095));
#7363=CARTESIAN_POINT('Ctrl Pts',(9.46715091161131,75.,23.1312691156063));
#7364=CARTESIAN_POINT('Ctrl Pts',(9.41172123834123,76.6666666666667,22.9963874463626));
#7365=CARTESIAN_POINT('Ctrl Pts',(9.35641241977305,78.3333333333333,22.8614132933846));
#7366=CARTESIAN_POINT('Ctrl Pts',(9.30098274650297,80.,22.7265316241408));
#7367=CARTESIAN_POINT('Ctrl Pts',(10.442827635451,75.,22.7090949880178));
#7368=CARTESIAN_POINT('Ctrl Pts',(10.3849222317077,76.6666666666667,22.5752711676441));
#7369=CARTESIAN_POINT('Ctrl Pts',(10.3270168279645,78.3333333333333,22.4414473472704));
#7370=CARTESIAN_POINT('Ctrl Pts',(10.2691114242212,80.,22.3076235268966));
#7371=CARTESIAN_POINT('',(8.43410579487967,75.,23.523778031413));
#7372=CARTESIAN_POINT('Ctrl Pts',(10.3570157872565,77.4698859960816,22.5107772403963));
#7373=CARTESIAN_POINT('Ctrl Pts',(10.1267088920909,76.8776253310702,22.6668895706611));
#7374=CARTESIAN_POINT('Ctrl Pts',(9.77795079817037,76.1060826642484,22.8895304146741));
#7375=CARTESIAN_POINT('Ctrl Pts',(9.21524370780446,75.4181741771016,23.18233413187));
#7376=CARTESIAN_POINT('Ctrl Pts',(9.05953737459568,75.2600502504766,23.259480333));
#7377=CARTESIAN_POINT('Ctrl Pts',(8.81561602681517,75.103557821456,23.3692368320821));
#7378=CARTESIAN_POINT('Ctrl Pts',(8.73881847448966,75.0644217117462,23.402559759846));
#7379=CARTESIAN_POINT('Ctrl Pts',(8.58581553616153,75.0137681928335,23.4656366348097));
#7380=CARTESIAN_POINT('Ctrl Pts',(8.51082805940244,75.,23.4952096560702));
#7381=CARTESIAN_POINT('Ctrl Pts',(8.43410579487966,75.,23.523778031413));
#7382=CARTESIAN_POINT('Ctrl Pts',(7.72542485937368,75.,23.7764129073788));
#7383=CARTESIAN_POINT('Ctrl Pts',(7.75613489417196,75.,23.7659923572502));
#7384=CARTESIAN_POINT('Ctrl Pts',(7.8864008068605,75.,23.7215315549057));
#7385=CARTESIAN_POINT('Ctrl Pts',(8.02650429947772,75.,23.6725560946165));
#7386=CARTESIAN_POINT('Ctrl Pts',(8.1686109206254,75.,23.6216771038141));
#7387=CARTESIAN_POINT('Ctrl Pts',(8.31266211469227,75.,23.5689502266522));
#7388=CARTESIAN_POINT('Ctrl Pts',(8.42574165512771,75.,23.5268925104412));
#7389=CARTESIAN_POINT('Ctrl Pts',(8.43410579487967,75.,23.523778031413));
#7390=CARTESIAN_POINT('Ctrl Pts',(8.43410579487977,75.,23.523778031413));
#7391=CARTESIAN_POINT('Ctrl Pts',(8.35444706519743,73.7053686750782,23.3098492357814));
#7392=CARTESIAN_POINT('Ctrl Pts',(8.27478833551509,72.4107373501564,23.0959204401498));
#7393=CARTESIAN_POINT('Ctrl Pts',(8.19512960583274,71.1161060252346,22.8819916445181));
#7394=CARTESIAN_POINT('Ctrl Pts',(8.19138987139242,75.,23.6141559633861));
#7395=CARTESIAN_POINT('Ctrl Pts',(8.11360442443474,73.7053686750782,23.3995295670416));
#7396=CARTESIAN_POINT('Ctrl Pts',(8.03582887943033,72.4107373501564,23.1848996737272));
#7397=CARTESIAN_POINT('Ctrl Pts',(7.95804343247265,71.1161060252346,22.9702732773827));
#7398=CARTESIAN_POINT('Ctrl Pts',(7.95501484486764,75.,23.6985082755997));
#7399=CARTESIAN_POINT('Ctrl Pts',(7.87934815053192,73.7053686750782,23.4831212031814));
#7400=CARTESIAN_POINT('Ctrl Pts',(7.8036911660128,72.4107373501564,23.2677309828189));
#7401=CARTESIAN_POINT('Ctrl Pts',(7.72802447167707,71.1161060252346,23.0523439104006));
#7402=CARTESIAN_POINT('Ctrl Pts',(7.72542485937368,75.,23.7764129073788));
#7403=CARTESIAN_POINT('Ctrl Pts',(7.65207305357054,73.7053686750782,23.5602403943241));
#7404=CARTESIAN_POINT('Ctrl Pts',(7.5787212477674,72.4107373501564,23.3440678812693));
#7405=CARTESIAN_POINT('Ctrl Pts',(7.50536944196426,71.1161060252346,23.1278953682145));
#7406=CARTESIAN_POINT('Ctrl Pts',(8.43406472347082,74.9999919571333,23.523938777243));
#7407=CARTESIAN_POINT('Ctrl Pts',(8.13051777111721,73.7048641364187,23.3933529153181));
#7408=CARTESIAN_POINT('Ctrl Pts',(7.82291401918942,72.4101708549353,23.2611763018517));
#7409=CARTESIAN_POINT('Ctrl Pts',(7.50953696233833,71.1161077152233,23.1265235744965));
#7410=CARTESIAN_POINT('Ctrl Pts',(9.04416227174894,77.6250333469674,23.7866594113217));
#7411=CARTESIAN_POINT('Ctrl Pts',(8.4600438572637,75.0926596081466,23.5348327947166));
#7412=CARTESIAN_POINT('Ctrl Pts',(7.86485679265582,72.5614411761121,23.2792137546609));
#7413=CARTESIAN_POINT('Ctrl Pts',(7.24578397169119,70.0328386105629,23.0131913107296));
#7414=CARTESIAN_POINT('Ctrl Pts',(9.68739591994579,77.5122885250825,23.5149997064353));
#7415=CARTESIAN_POINT('Ctrl Pts',(9.11186278551499,74.9775257601486,23.2691437241185));
#7416=CARTESIAN_POINT('Ctrl Pts',(8.52740870662137,72.4434257802275,23.0205038578514));
#7417=CARTESIAN_POINT('Ctrl Pts',(7.92450417491265,69.909835760844,22.7675259558946));
#7418=CARTESIAN_POINT('Ctrl Pts',(10.6038064417455,77.4136620591847,22.5313313543918));
#7419=CARTESIAN_POINT('Ctrl Pts',(10.0455328180462,74.8766801339521,22.2838584773209));
#7420=CARTESIAN_POINT('Ctrl Pts',(9.4842584104141,72.3393476593529,22.0343060426477));
#7421=CARTESIAN_POINT('Ctrl Pts',(8.91579411622035,69.8010637968995,21.7797923675211));
#7422=CARTESIAN_POINT('Ctrl Pts',(10.6403532853645,77.5404747305538,21.2339177247083));
#7423=CARTESIAN_POINT('Ctrl Pts',(10.0863863301891,75.0063509739894,20.974766307202));
#7424=CARTESIAN_POINT('Ctrl Pts',(9.53046717446818,72.4728365136017,20.7101217616606));
#7425=CARTESIAN_POINT('Ctrl Pts',(8.97104962312639,69.9405864732737,20.4328718921974));
#7426=CARTESIAN_POINT('Ctrl Pts',(10.492771524599,77.6250333469675,20.7314581072318));
#7427=CARTESIAN_POINT('Ctrl Pts',(9.93776224681941,75.0926596081466,20.4683030823459));
#7428=CARTESIAN_POINT('Ctrl Pts',(9.38070116941826,72.5614411761121,20.198174042448));
#7429=CARTESIAN_POINT('Ctrl Pts',(8.81930642517723,70.0328386105629,19.9132147180994));
#7430=CARTESIAN_POINT('Ctrl Pts',(-19.8276575921758,77.6250333469674,15.9519914604848));
#7431=CARTESIAN_POINT('Ctrl Pts',(-19.7686587642799,75.0926596081466,15.3186431319341));
#7432=CARTESIAN_POINT('Ctrl Pts',(-19.7094735283435,72.5614411761121,14.6735959682587));
#7433=CARTESIAN_POINT('Ctrl Pts',(-19.6477751719943,70.0328386105629,14.0026172717611));
#7434=CARTESIAN_POINT('Ctrl Pts',(-19.3705237309821,77.5122885250825,16.479795547606));
#7435=CARTESIAN_POINT('Ctrl Pts',(-19.3145503162942,74.9775257601486,15.8564573330573));
#7436=CARTESIAN_POINT('Ctrl Pts',(-19.2586859940821,72.4434257802273,15.223774528693));
#7437=CARTESIAN_POINT('Ctrl Pts',(-19.2043974582294,69.909835760844,14.5722037742028));
#7438=CARTESIAN_POINT('Ctrl Pts',(-18.1518096833691,77.4136647187717,17.0473728951764));
#7439=CARTESIAN_POINT('Ctrl Pts',(-18.0889650282587,74.8766827935392,16.4399498028197));
#7440=CARTESIAN_POINT('Ctrl Pts',(-18.0250689911439,72.339350772323,15.8290288124862));
#7441=CARTESIAN_POINT('Ctrl Pts',(-17.9586772295285,69.8010669098699,15.2097380902971));
#7442=CARTESIAN_POINT('Ctrl Pts',(-16.9066058272281,77.5404747305538,16.6812187618227));
#7443=CARTESIAN_POINT('Ctrl Pts',(-16.8313233863729,75.0063509739894,16.0742826871652));
#7444=CARTESIAN_POINT('Ctrl Pts',(-16.7514199334505,72.4728365136016,15.4637924895424));
#7445=CARTESIAN_POINT('Ctrl Pts',(-16.6606091687716,69.9405864732737,14.8460798606564));
#7446=CARTESIAN_POINT('Ctrl Pts',(-16.4743436059881,77.6250333469675,16.3855916057731));
#7447=CARTESIAN_POINT('Ctrl Pts',(-16.3955756036443,75.0926596081466,15.7764270406916));
#7448=CARTESIAN_POINT('Ctrl Pts',(-16.3108089598308,72.5614411761121,15.1631560090518));
#7449=CARTESIAN_POINT('Ctrl Pts',(-16.2132770540533,70.0328386105629,14.5411806053983));
#7450=CARTESIAN_POINT('',(-17.3302533788238,70.,14.9858360610864));
#7451=CARTESIAN_POINT('',(-16.3343073024069,73.3492095279032,15.351924347975));
#7452=CARTESIAN_POINT('Ctrl Pts',(-17.3302533788238,70.,14.9858360610864));
#7453=CARTESIAN_POINT('Ctrl Pts',(-16.9475666581074,71.0727993198058,15.1907350359143));
#7454=CARTESIAN_POINT('Ctrl Pts',(-16.6094824787396,72.231946170139,15.3083408826948));
#7455=CARTESIAN_POINT('Ctrl Pts',(-16.334307301601,73.3492095358297,15.3519243491171));
#7456=CARTESIAN_POINT('',(-16.3901770120329,75.,15.7523093749242));
#7457=CARTESIAN_POINT('Ctrl Pts',(-16.3343920515084,73.349192523099,15.3519822155679));
#7458=CARTESIAN_POINT('Ctrl Pts',(-16.3534516678363,73.8993684077537,15.4857418457662));
#7459=CARTESIAN_POINT('Ctrl Pts',(-16.3720476824953,74.4496377667565,15.6191850225696));
#7460=CARTESIAN_POINT('Ctrl Pts',(-16.3902496300695,74.9999855912248,15.7523589945928));
#7461=CARTESIAN_POINT('',(-18.2085274920757,77.4698859960816,16.8063200777133));
#7462=CARTESIAN_POINT('Ctrl Pts',(-16.3901770120329,75.,15.7523093749242));
#7463=CARTESIAN_POINT('Ctrl Pts',(-16.4638762519885,75.,15.8058550070336));
#7464=CARTESIAN_POINT('Ctrl Pts',(-16.536962624917,75.0186440483018,15.8569391617171));
#7465=CARTESIAN_POINT('Ctrl Pts',(-16.7130671612269,75.0963524628016,15.9764830583818));
#7466=CARTESIAN_POINT('Ctrl Pts',(-16.8135651824113,75.170779240353,16.0414504889845));
#7467=CARTESIAN_POINT('Ctrl Pts',(-17.0882056367004,75.4225495915765,16.2137615258839));
#7468=CARTESIAN_POINT('Ctrl Pts',(-17.2593453224552,75.6523511452785,16.3132506010175));
#7469=CARTESIAN_POINT('Ctrl Pts',(-17.6664599811397,76.2820476340992,16.540940117324));
#7470=CARTESIAN_POINT('Ctrl Pts',(-17.938320836926,76.8215600359756,16.6801146754791));
#7471=CARTESIAN_POINT('Ctrl Pts',(-18.2085274920756,77.4698859960816,16.8063200777133));
#7472=CARTESIAN_POINT('',(-19.7661603616821,75.,15.2905584589537));
#7473=CARTESIAN_POINT('Ctrl Pts',(-18.2085274920757,77.4698859960816,16.8063200777133));
#7474=CARTESIAN_POINT('Ctrl Pts',(-18.4281678855759,76.8776253310702,16.6355265674016));
#7475=CARTESIAN_POINT('Ctrl Pts',(-18.7476840890152,76.1060826642484,16.3726377140099));
#7476=CARTESIAN_POINT('Ctrl Pts',(-19.2000430260282,75.4181741771016,15.9279527935816));
#7477=CARTESIAN_POINT('Ctrl Pts',(-19.3215293264136,75.2600502504766,15.8037067579556));
#7478=CARTESIAN_POINT('Ctrl Pts',(-19.5012898018263,75.103557821456,15.6056403941449));
#7479=CARTESIAN_POINT('Ctrl Pts',(-19.5567135382133,75.0644217117462,15.5428989325516));
#7480=CARTESIAN_POINT('Ctrl Pts',(-19.6639837193077,75.0137681928335,15.4168763173581));
#7481=CARTESIAN_POINT('Ctrl Pts',(-19.7152817385679,75.,15.3546975550904));
#7482=CARTESIAN_POINT('Ctrl Pts',(-19.7661603616821,75.,15.2905584589537));
#7483=CARTESIAN_POINT('',(-19.673993541024,71.1161060252739,14.2884993136228));
#7484=CARTESIAN_POINT('Ctrl Pts',(-19.7663259318146,74.9999919571333,15.2905690709156));
#7485=CARTESIAN_POINT('Ctrl Pts',(-19.7359325637632,73.7048641364188,14.9615255133179));
#7486=CARTESIAN_POINT('Ctrl Pts',(-19.7052799211037,72.4101708549354,14.6281321407897));
#7487=CARTESIAN_POINT('Ctrl Pts',(-19.6740564035295,71.1161077152234,14.2884828677228));
#7488=CARTESIAN_POINT('',(-19.5175457862184,70.,14.1565418715753));
#7489=CARTESIAN_POINT('Ctrl Pts',(-19.6739681445184,71.1159271479451,14.2884806081916));
#7490=CARTESIAN_POINT('Ctrl Pts',(-19.6514840632376,70.9575646527552,14.2719208011103));
#7491=CARTESIAN_POINT('Ctrl Pts',(-19.6286406316681,70.7947063416122,14.2536539602004));
#7492=CARTESIAN_POINT('Ctrl Pts',(-19.6057792445102,70.6312272430872,14.2344466878664));
#7493=CARTESIAN_POINT('Ctrl Pts',(-19.5853446059799,70.4851015394038,14.2172782778925));
#7494=CARTESIAN_POINT('Ctrl Pts',(-19.5648952732934,70.3384797871789,14.1993590922247));
#7495=CARTESIAN_POINT('Ctrl Pts',(-19.5447140185438,70.1941158524988,14.1812219847723));
#7496=CARTESIAN_POINT('Ctrl Pts',(-19.5355923423293,70.1288651490338,14.1730242377193));
#7497=CARTESIAN_POINT('Ctrl Pts',(-19.5265260211889,70.064075512026,14.1647817085614));
#7498=CARTESIAN_POINT('Ctrl Pts',(-19.5175442327439,70.0000002762574,14.1565420153054));
#7499=CARTESIAN_POINT('Ctrl Pts',(-19.5172759645494,70.0001083953848,14.1561435075478));
#7500=CARTESIAN_POINT('Ctrl Pts',(-19.4586961027218,70.0001942868322,14.2232832692939));
#7501=CARTESIAN_POINT('Ctrl Pts',(-19.396544724903,70.0003175951359,14.2870673508052));
#7502=CARTESIAN_POINT('Ctrl Pts',(-19.3311566998644,70.0004423909821,14.3473443017373));
#7503=CARTESIAN_POINT('Ctrl Pts',(-19.2657714618671,70.0005671815092,14.407618683478));
#7504=CARTESIAN_POINT('Ctrl Pts',(-19.1971490350912,70.0006933848221,14.4643866683447));
#7505=CARTESIAN_POINT('Ctrl Pts',(-19.1255953692771,70.0007966384259,14.5174556810073));
#7506=CARTESIAN_POINT('Ctrl Pts',(-19.0619599796422,70.000888465773,14.5646519673177));
#7507=CARTESIAN_POINT('Ctrl Pts',(-18.9960054264105,70.0009622617039,14.6089223086221));
#7508=CARTESIAN_POINT('Ctrl Pts',(-18.927935613006,70.0010093283723,14.6500995790999));
#7509=CARTESIAN_POINT('Ctrl Pts',(-18.8515069425477,70.0010621747474,14.6963333482012));
#7510=CARTESIAN_POINT('Ctrl Pts',(-18.7728673161743,70.0010793687855,14.7383928823807));
#7511=CARTESIAN_POINT('Ctrl Pts',(-18.6923682927847,70.0010576992318,14.7761433517687));
#7512=CARTESIAN_POINT('Ctrl Pts',(-18.6120766605213,70.0010360855058,14.8137965639227));
#7513=CARTESIAN_POINT('Ctrl Pts',(-18.5299343465169,70.0009757462903,14.8471632771951));
#7514=CARTESIAN_POINT('Ctrl Pts',(-18.4462661571531,70.0008855352367,14.8760656756224));
#7515=CARTESIAN_POINT('Ctrl Pts',(-18.364567143442,70.0007974473486,14.9042878406215));
#7516=CARTESIAN_POINT('Ctrl Pts',(-18.2814124256144,70.0006808574348,14.9282535718871));
#7517=CARTESIAN_POINT('Ctrl Pts',(-18.1970937651599,70.0005560361645,14.9477510875008));
#7518=CARTESIAN_POINT('Ctrl Pts',(-18.1452370783335,70.0004792700312,14.9597422239304));
#7519=CARTESIAN_POINT('Ctrl Pts',(-18.0929399869337,70.0003996270471,14.9700424057521));
#7520=CARTESIAN_POINT('Ctrl Pts',(-18.0402702443422,70.000324227529,14.9785927898744));
#7521=CARTESIAN_POINT('Ctrl Pts',(-17.9498140376986,70.000194734692,14.9932774128665));
#7522=CARTESIAN_POINT('Ctrl Pts',(-17.8587420865304,70.000077246608,15.0027254150184));
#7523=CARTESIAN_POINT('Ctrl Pts',(-17.7674160332316,70.0000182762452,15.0067573445701));
#7524=CARTESIAN_POINT('Ctrl Pts',(-17.6799561410409,69.9999618023105,15.010618588007));
#7525=CARTESIAN_POINT('Ctrl Pts',(-17.5922622772944,69.9999590709465,15.0095124749157));
#7526=CARTESIAN_POINT('Ctrl Pts',(-17.5046970514211,69.9999755969628,15.0035814558967));
#7527=CARTESIAN_POINT('Ctrl Pts',(-17.4759766952794,69.9999810173002,15.0016361519611));
#7528=CARTESIAN_POINT('Ctrl Pts',(-17.4472701863581,69.9999886103596,14.9991713947213));
#7529=CARTESIAN_POINT('Ctrl Pts',(-17.4185904275736,69.9999974463034,14.9961910382827));
#7530=CARTESIAN_POINT('Ctrl Pts',(-17.3894715976967,70.0000064175206,14.9931650542512));
#7531=CARTESIAN_POINT('Ctrl Pts',(-17.3604188918262,70.0000166334175,14.989611569217));
#7532=CARTESIAN_POINT('Ctrl Pts',(-17.3314455101717,70.0000273029394,14.9855382074157));
#7533=CARTESIAN_POINT('Ctrl Pts',(-19.766160361682,75.,15.2905584589538));
#7534=CARTESIAN_POINT('Ctrl Pts',(-19.5873178877956,73.7053686750782,15.1486908715733));
#7535=CARTESIAN_POINT('Ctrl Pts',(-19.4084754139091,72.4107373501564,15.0068232841927));
#7536=CARTESIAN_POINT('Ctrl Pts',(-19.2296329400227,71.1161060252346,14.8649556968122));
#7537=CARTESIAN_POINT('Ctrl Pts',(-19.9271182279773,75.,15.0876502152087));
#7538=CARTESIAN_POINT('Ctrl Pts',(-19.74703342019,73.7053686750782,14.9473486550948));
#7539=CARTESIAN_POINT('Ctrl Pts',(-19.5669422267146,72.4107373501564,14.8070554316749));
#7540=CARTESIAN_POINT('Ctrl Pts',(-19.3868574189273,71.1161060252346,14.666753871561));
#7541=CARTESIAN_POINT('Ctrl Pts',(-20.0803859444146,75.,14.8889105039317));
#7542=CARTESIAN_POINT('Ctrl Pts',(-19.8989229601234,73.7053686750782,14.7503889354713));
#7543=CARTESIAN_POINT('Ctrl Pts',(-19.717453981461,72.4107373501564,14.6118756288269));
#7544=CARTESIAN_POINT('Ctrl Pts',(-19.5359909971697,71.1161060252346,14.4733540603665));
#7545=CARTESIAN_POINT('Ctrl Pts',(-20.2254248593737,75.,14.6946313073118));
#7546=CARTESIAN_POINT('Ctrl Pts',(-20.0424995367503,73.7053686750782,14.5580686141701));
#7547=CARTESIAN_POINT('Ctrl Pts',(-19.8595742141269,72.4107373501564,14.4215059210283));
#7548=CARTESIAN_POINT('Ctrl Pts',(-19.6766488915036,71.1161060252346,14.2849432278866));
#7549=CARTESIAN_POINT('',(-20.2254248593737,75.,14.6946313073118));
#7550=CARTESIAN_POINT('Ctrl Pts',(-20.2254248593737,75.,14.6946313073118));
#7551=CARTESIAN_POINT('Ctrl Pts',(-20.2060244046199,75.,14.7206181589419));
#7552=CARTESIAN_POINT('Ctrl Pts',(-20.123485288022,75.,14.8307692605475));
#7553=CARTESIAN_POINT('Ctrl Pts',(-20.0336124971854,75.,14.9488813506201));
#7554=CARTESIAN_POINT('Ctrl Pts',(-19.9413103404924,75.,15.0683103058567));
#7555=CARTESIAN_POINT('Ctrl Pts',(-19.846649833357,75.,15.1890176315507));
#7556=CARTESIAN_POINT('Ctrl Pts',(-19.7717070685834,75.,15.2835661162877));
#7557=CARTESIAN_POINT('Ctrl Pts',(-19.7661603616821,75.,15.2905584589537));
#7558=CARTESIAN_POINT('Ctrl Pts',(-20.2254248593737,75.,14.6946313073118));
#7559=CARTESIAN_POINT('Ctrl Pts',(-20.1071092154907,74.1666702519641,14.6074920815416));
#7560=CARTESIAN_POINT('Ctrl Pts',(-19.9887937825883,73.3333405137207,14.5203524756583));
#7561=CARTESIAN_POINT('Ctrl Pts',(-19.8049834923869,72.0387091957718,14.3849748752263));
#7562=CARTESIAN_POINT('Ctrl Pts',(-19.7394884820225,71.5774076088851,14.3367371571776));
#7563=CARTESIAN_POINT('Ctrl Pts',(-19.6739935410256,71.1161060252735,14.288499313624));
#7564=CARTESIAN_POINT('Ctrl Pts',(-20.2254248593737,75.,14.6946313073118));
#7565=CARTESIAN_POINT('Ctrl Pts',(-20.1085800351584,76.6666666666667,14.6074009356734));
#7566=CARTESIAN_POINT('Ctrl Pts',(-19.991735210943,78.3333333333333,14.5201705640349));
#7567=CARTESIAN_POINT('Ctrl Pts',(-19.8748903867277,80.,14.4329401923965));
#7568=CARTESIAN_POINT('Ctrl Pts',(-19.7032648473038,75.,15.3940630955365));
#7569=CARTESIAN_POINT('Ctrl Pts',(-19.5898646567221,76.6666666666667,15.3022461653509));
#7570=CARTESIAN_POINT('Ctrl Pts',(-19.4762052163497,78.3333333333333,15.2106939455108));
#7571=CARTESIAN_POINT('Ctrl Pts',(-19.3628050257681,80.,15.1188770153253));
#7572=CARTESIAN_POINT('Ctrl Pts',(-19.0736337025741,75.,16.1517508234203));
#7573=CARTESIAN_POINT('Ctrl Pts',(-18.9624823231442,76.6666666666667,16.0573533434347));
#7574=CARTESIAN_POINT('Ctrl Pts',(-18.8512056402993,78.3333333333333,15.9630422240552));
#7575=CARTESIAN_POINT('Ctrl Pts',(-18.7400542608694,80.,15.8686447440696));
#7576=CARTESIAN_POINT('Ctrl Pts',(-18.3706215588373,75.,16.9492155494152));
#7577=CARTESIAN_POINT('Ctrl Pts',(-18.2612412962581,76.6666666666667,16.8527904031088));
#7578=CARTESIAN_POINT('Ctrl Pts',(-18.151861033679,78.3333333333333,16.7563652568025));
#7579=CARTESIAN_POINT('Ctrl Pts',(-18.0424807710998,80.,16.6599401104961));
#7580=CARTESIAN_POINT('',(-18.1753835310994,80.,16.5086281554052));
#7581=CARTESIAN_POINT('Ctrl Pts',(-18.2085274920757,77.4698859960816,16.8063200777133));
#7582=CARTESIAN_POINT('Ctrl Pts',(-18.1975804806021,78.3131117089029,16.7071785477777));
#7583=CARTESIAN_POINT('Ctrl Pts',(-18.1865299564611,79.1567991684877,16.6079118772983));
#7584=CARTESIAN_POINT('Ctrl Pts',(-18.1753835310994,80.,16.5086281554052));
#7585=CARTESIAN_POINT('',(-19.8731938992166,80.,14.435212330229));
#7586=CARTESIAN_POINT('Ctrl Pts',(-18.1754088263586,80.,16.5086157840321));
#7587=CARTESIAN_POINT('Ctrl Pts',(-18.8185075628545,80.,15.7738594058684));
#7588=CARTESIAN_POINT('Ctrl Pts',(-19.3941997691994,80.,15.0766493231236));
#7589=CARTESIAN_POINT('Ctrl Pts',(-19.8731938876839,80.,14.4352123392236));
#7590=CARTESIAN_POINT('Ctrl Pts',(-20.2254248593737,75.,14.6946313073118));
#7591=CARTESIAN_POINT('Ctrl Pts',(-20.1667195291494,75.8333342621458,14.6513949536358));
#7592=CARTESIAN_POINT('Ctrl Pts',(-20.1080142506186,76.6666685230672,14.6081585061738));
#7593=CARTESIAN_POINT('Ctrl Pts',(-19.9906039297806,78.3333351897571,14.5216855153263));
#7594=CARTESIAN_POINT('Ctrl Pts',(-19.9318988874732,79.1666675955255,14.4784489719411));
#7595=CARTESIAN_POINT('Ctrl Pts',(-19.8731938992166,80.,14.435212330229));
#7596=CARTESIAN_POINT('Origin',(-15.9277276424569,75.,15.416320240878));
#7597=CARTESIAN_POINT('',(-15.9277276424569,75.,15.416320240878));
#7598=CARTESIAN_POINT('',(-18.2403173071697,75.,17.0965149821174));
#7599=CARTESIAN_POINT('',(-16.5387494513116,80.,15.3195438936564));
#7600=CARTESIAN_POINT('',(-15.955619329447,75.2282380643853,15.4119026316443));
#7601=CARTESIAN_POINT('',(-18.4974400379863,80.,16.7426159040793));
#7602=CARTESIAN_POINT('Origin',(-18.2403173071697,75.,17.0965149821174));
#7603=CARTESIAN_POINT('',(-15.9861641567652,74.7627366780164,15.4070648062647));
#7604=CARTESIAN_POINT('Ctrl Pts',(-19.515781340779,70.0017665106451,14.1719737025915));
#7605=CARTESIAN_POINT('Ctrl Pts',(-19.8811520065352,72.575192069734,14.4410753728958));
#7606=CARTESIAN_POINT('Ctrl Pts',(-20.2485840414906,75.163121081903,14.7116896512124));
#7607=CARTESIAN_POINT('Ctrl Pts',(-20.6158401706599,77.7497975624265,14.9821694611142));
#7608=CARTESIAN_POINT('Ctrl Pts',(-19.574371008271,69.9444158288158,13.6732915369501));
#7609=CARTESIAN_POINT('Ctrl Pts',(-20.0563301699282,72.5020043252825,13.8583734759225));
#7610=CARTESIAN_POINT('Ctrl Pts',(-20.5674857188684,75.0637580767694,14.0942705623272));
#7611=CARTESIAN_POINT('Ctrl Pts',(-21.0954144635797,77.6080205363827,14.391831827081));
#7612=CARTESIAN_POINT('Ctrl Pts',(-19.4055822367398,69.8866044148321,12.7658219093998));
#7613=CARTESIAN_POINT('Ctrl Pts',(-19.9872339723289,72.4392179023451,12.7334238588856));
#7614=CARTESIAN_POINT('Ctrl Pts',(-20.6694291534677,74.9782714313772,12.7896086327515));
#7615=CARTESIAN_POINT('Ctrl Pts',(-21.4229144507779,77.4796767520302,12.9358862885925));
#7616=CARTESIAN_POINT('Ctrl Pts',(-18.8172822654763,69.9203027619456,12.0748654278414));
#7617=CARTESIAN_POINT('Ctrl Pts',(-19.3152471417931,72.513565294194,11.8711886924583));
#7618=CARTESIAN_POINT('Ctrl Pts',(-19.9407800278376,75.0916495138931,11.7656799313371));
#7619=CARTESIAN_POINT('Ctrl Pts',(-20.6540620235209,77.6424152372363,11.7263131403964));
#7620=CARTESIAN_POINT('Ctrl Pts',(-18.5146747279724,69.9499196022606,11.8485531289883));
#7621=CARTESIAN_POINT('Ctrl Pts',(-18.9569691462197,72.5665986490878,11.5995880503885));
#7622=CARTESIAN_POINT('Ctrl Pts',(-19.536031728101,75.1680747468779,11.4533043743382));
#7623=CARTESIAN_POINT('Ctrl Pts',(-20.2037604900279,77.7484521319385,11.3760389583598));
#7624=CARTESIAN_POINT('',(-21.1360197555582,77.5536975520131,12.9285577660563));
#7625=CARTESIAN_POINT('Ctrl Pts',(-20.2254248593737,75.,14.6946313073118));
#7626=CARTESIAN_POINT('Ctrl Pts',(-20.3450785571298,75.0914835785031,14.516325283924));
#7627=CARTESIAN_POINT('Ctrl Pts',(-20.4490320010437,75.256004935769,14.3438151528263));
#7628=CARTESIAN_POINT('Ctrl Pts',(-20.5312534974622,75.4199156732364,14.1997213508269));
#7629=CARTESIAN_POINT('Ctrl Pts',(-20.6985324755182,75.7533907600482,13.9065636610183));
#7630=CARTESIAN_POINT('Ctrl Pts',(-20.8350363224366,76.2018649153031,13.6276913663267));
#7631=CARTESIAN_POINT('Ctrl Pts',(-21.0107702400407,76.9066180533164,13.2388462118648));
#7632=CARTESIAN_POINT('Ctrl Pts',(-21.0771645363687,77.2253442198807,13.0798296053348));
#7633=CARTESIAN_POINT('Ctrl Pts',(-21.1360197555582,77.5536975520131,12.9285577660563));
#7634=CARTESIAN_POINT('',(-19.5317774543649,74.9999999999997,11.4868457133679));
#7635=CARTESIAN_POINT('Ctrl Pts',(-21.1360197555582,77.5536975520131,12.9285577660563));
#7636=CARTESIAN_POINT('Ctrl Pts',(-21.0026944246741,77.1475940351454,12.7877744228305));
#7637=CARTESIAN_POINT('Ctrl Pts',(-20.8582758708987,76.7533989342444,12.6402191805514));
#7638=CARTESIAN_POINT('Ctrl Pts',(-20.5338032387793,76.0083443729723,12.3239043719242));
#7639=CARTESIAN_POINT('Ctrl Pts',(-20.3219960140338,75.6000455260303,12.1258631878866));
#7640=CARTESIAN_POINT('Ctrl Pts',(-20.0010522473878,75.2313567066187,11.8528131698364));
#7641=CARTESIAN_POINT('Ctrl Pts',(-19.9074057958149,75.1433779541544,11.7752608476082));
#7642=CARTESIAN_POINT('Ctrl Pts',(-19.7614770839179,75.0566382596537,11.6598572339206));
#7643=CARTESIAN_POINT('Ctrl Pts',(-19.715448231792,75.0352603760692,11.6241034696307));
#7644=CARTESIAN_POINT('Ctrl Pts',(-19.6233757586051,75.0073697729228,11.5541927583986));
#7645=CARTESIAN_POINT('Ctrl Pts',(-19.5780203824106,75.,11.5204431672125));
#7646=CARTESIAN_POINT('Ctrl Pts',(-19.5317774543651,75.,11.4868457133679));
#7647=CARTESIAN_POINT('',(-19.1153139871651,73.1070690189856,11.596835640714));
#7648=CARTESIAN_POINT('Ctrl Pts',(-19.5299840194508,74.9999170874181,11.4855607776057));
#7649=CARTESIAN_POINT('Ctrl Pts',(-19.3845829651809,74.3700168057475,11.5172088389255));
#7650=CARTESIAN_POINT('Ctrl Pts',(-19.2454117112359,73.7389960028842,11.553627335108));
#7651=CARTESIAN_POINT('Ctrl Pts',(-19.1131585575803,73.1069390423748,11.5952979581343));
#7652=CARTESIAN_POINT('',(-19.140758514998,70.,12.493889524736));
#7653=CARTESIAN_POINT('Ctrl Pts',(-19.1153139871651,73.1070690189854,11.596835640714));
#7654=CARTESIAN_POINT('Ctrl Pts',(-19.1559729088829,72.0647764375829,11.8535459692947));
#7655=CARTESIAN_POINT('Ctrl Pts',(-19.160616146046,71.0287093918239,12.1579600652905));
#7656=CARTESIAN_POINT('Ctrl Pts',(-19.140758514998,70.,12.493889524736));
#7657=CARTESIAN_POINT('Ctrl Pts',(-19.1408964647981,69.9999904443865,12.4940459166581));
#7658=CARTESIAN_POINT('Ctrl Pts',(-19.1853158638588,69.9999810614261,12.5622780862184));
#7659=CARTESIAN_POINT('Ctrl Pts',(-19.2263256451309,69.9999748012312,12.6327267050538));
#7660=CARTESIAN_POINT('Ctrl Pts',(-19.2636902365634,69.9999869956116,12.7051880234728));
#7661=CARTESIAN_POINT('Ctrl Pts',(-19.2935973204136,69.9999967561454,12.7631869642552));
#7662=CARTESIAN_POINT('Ctrl Pts',(-19.3211682907312,70.0000185214726,12.8224759168148));
#7663=CARTESIAN_POINT('Ctrl Pts',(-19.3463629435507,70.0000426777136,12.8829135301073));
#7664=CARTESIAN_POINT('Ctrl Pts',(-19.3800646892998,70.000074990423,12.9637581875613));
#7665=CARTESIAN_POINT('Ctrl Pts',(-19.4093532693031,70.0001105659509,13.046266122401));
#7666=CARTESIAN_POINT('Ctrl Pts',(-19.4342205702348,70.0001364788711,13.1300653472147));
#7667=CARTESIAN_POINT('Ctrl Pts',(-19.4592337079681,70.0001625437603,13.2143560210585));
#7668=CARTESIAN_POINT('Ctrl Pts',(-19.4797738514457,70.0001788839389,13.2999540761643));
#7669=CARTESIAN_POINT('Ctrl Pts',(-19.4957848518866,70.0001803976197,13.3865002699179));
#7670=CARTESIAN_POINT('Ctrl Pts',(-19.5039644974,70.0001811709238,13.4307146953717));
#7671=CARTESIAN_POINT('Ctrl Pts',(-19.5109612643202,70.0001781989226,13.4751768055799));
#7672=CARTESIAN_POINT('Ctrl Pts',(-19.5167625103481,70.0001715348754,13.5198394638435));
#7673=CARTESIAN_POINT('Ctrl Pts',(-19.5280401954735,70.0001585798953,13.6066641553553));
#7674=CARTESIAN_POINT('Ctrl Pts',(-19.5347597739625,70.0001313434132,13.6939145562917));
#7675=CARTESIAN_POINT('Ctrl Pts',(-19.5368951661158,70.0001006615874,13.7812372594672));
#7676=CARTESIAN_POINT('Ctrl Pts',(-19.5390129511363,70.0000702327451,13.867839953243));
#7677=CARTESIAN_POINT('Ctrl Pts',(-19.5366220010597,70.0000364784717,13.9545146199687));
#7678=CARTESIAN_POINT('Ctrl Pts',(-19.5296473925241,70.0000165509139,14.0409258103806));
#7679=CARTESIAN_POINT('Ctrl Pts',(-19.5265317234264,70.0000076489554,14.0795270701195));
#7680=CARTESIAN_POINT('Ctrl Pts',(-19.5225006844889,70.0000015885327,14.1180757985948));
#7681=CARTESIAN_POINT('Ctrl Pts',(-19.5175442327439,70.0000002762574,14.1565420153054));
#7682=CARTESIAN_POINT('Origin',(-19.0414724056864,75.,11.1306182438071));
#7683=CARTESIAN_POINT('',(-19.0414724056864,75.,11.1306182438071));
#7684=CARTESIAN_POINT('',(-19.0414724056864,75.,11.1306182438071));
#7685=CARTESIAN_POINT('',(-19.0586246204571,74.5603025005376,11.2389130657958));
#7686=CARTESIAN_POINT('Origin',(-21.4335985015557,75.,12.8685995848076));
#7687=CARTESIAN_POINT('',(-20.8496478562037,80.,12.9850442835964));
#7688=CARTESIAN_POINT('Ctrl Pts',(-21.1360197555582,77.5536975520131,12.9285577660563));
#7689=CARTESIAN_POINT('Ctrl Pts',(-20.9925800544729,78.7817832173483,12.9571502836736));
#7690=CARTESIAN_POINT('Ctrl Pts',(-20.8496478562046,79.9999999999917,12.9850442835962));
#7691=CARTESIAN_POINT('',(-19.1382487529079,80.,11.7416400526618));
#7692=CARTESIAN_POINT('',(-18.7843496748698,80.,11.4845173218453));
#7693=CARTESIAN_POINT('',(-19.0439381577,75.1273943522578,11.146186389318));
#7694=CARTESIAN_POINT('Origin',(0.,75.,0.));
#7695=CARTESIAN_POINT('Origin',(0.,80.,0.));
#7696=CARTESIAN_POINT('Origin',(-15.9277276424569,75.,15.416320240878));
#7697=CARTESIAN_POINT('',(-16.6409852622568,70.,15.9345322350864));
#7698=CARTESIAN_POINT('',(-15.9277276424569,75.,15.416320240878));
#7699=CARTESIAN_POINT('Origin',(-18.7194479567256,70.,14.1706387810351));
#7700=CARTESIAN_POINT('Origin',(-19.0414724056864,75.,11.1306182438071));
#7701=CARTESIAN_POINT('',(-16.2816267204951,80.,15.6734429716946));
#7702=CARTESIAN_POINT('Origin',(-18.7194479567256,80.,14.1706387810351));
#7703=CARTESIAN_POINT('Origin',(22.4673030350259,80.,6.81505903125216));
#7704=CARTESIAN_POINT('',(22.7602370235087,80.,9.2353019121393));
#7705=CARTESIAN_POINT('',(20.7483667161011,80.,8.58160562299642));
#7706=CARTESIAN_POINT('',(20.3323333983597,80.,8.44642820377311));
#7707=CARTESIAN_POINT('',(23.3595023824744,80.,7.5929466755557));
#7708=CARTESIAN_POINT('Origin',(0.,80.,0.));
#7709=CARTESIAN_POINT('',(24.0389831258793,80.,5.0006659906145));
#7710=CARTESIAN_POINT('Ctrl Pts',(24.0389879854085,80.,5.00069372661977));
#7711=CARTESIAN_POINT('Ctrl Pts',(23.8225615418289,80.,5.95285049661841));
#7712=CARTESIAN_POINT('Ctrl Pts',(23.596890124988,80.,6.82840507946763));
#7713=CARTESIAN_POINT('Ctrl Pts',(23.3595023829724,80.,7.59294666093864));
#7714=CARTESIAN_POINT('',(22.1150043748822,80.,4.37552739928199));
#7715=CARTESIAN_POINT('',(24.4175832561851,80.,5.12368062994723));
#7716=CARTESIAN_POINT('',(22.2501817941055,80.,3.95949408154057));
#7717=CARTESIAN_POINT('Origin',(20.1971559791363,75.,8.86246152151453));
#7718=CARTESIAN_POINT('',(21.8341484763641,75.,3.82431666231726));
#7719=CARTESIAN_POINT('',(21.8469688776939,75.2282380643853,3.84947811665191));
#7720=CARTESIAN_POINT('',(20.1971559791363,75.,8.86246152151453));
#7721=CARTESIAN_POINT('',(21.8341484763641,75.,3.82431666231726));
#7722=CARTESIAN_POINT('',(20.211200206095,75.1273943522578,8.85530563046063));
#7723=CARTESIAN_POINT('Origin',(22.4673030350259,70.,6.81505903125216));
#7724=CARTESIAN_POINT('',(22.9250085297672,70.,7.46901969396901));
#7725=CARTESIAN_POINT('',(22.3102634029002,70.,5.21201607031299));
#7726=CARTESIAN_POINT('Ctrl Pts',(22.9245279287316,70.0001083242717,7.46903547525732));
#7727=CARTESIAN_POINT('Ctrl Pts',(22.9444130331564,70.000194156964,7.38217935296367));
#7728=CARTESIAN_POINT('Ctrl Pts',(22.9594841625783,70.0003173728824,7.29440619044844));
#7729=CARTESIAN_POINT('Ctrl Pts',(22.9698155809034,70.0004420530635,7.20607593689655));
#7730=CARTESIAN_POINT('Ctrl Pts',(22.9801464822679,70.0005667270059,7.11775010318796));
#7731=CARTESIAN_POINT('Ctrl Pts',(22.9857380180908,70.0006927904302,7.02886631730613));
#7732=CARTESIAN_POINT('Ctrl Pts',(22.9866141826256,70.0007958917596,6.93978529705137));
#7733=CARTESIAN_POINT('Ctrl Pts',(22.9873933957319,70.000887584477,6.86056148034208));
#7734=CARTESIAN_POINT('Ctrl Pts',(22.9844423133905,70.0009612356452,6.78118123479868));
#7735=CARTESIAN_POINT('Ctrl Pts',(22.9777455494641,70.001008154905,6.70190776716799));
#7736=CARTESIAN_POINT('Ctrl Pts',(22.9702264644675,70.0010608355589,6.61290000944493));
#7737=CARTESIAN_POINT('Ctrl Pts',(22.9580307987838,70.0010778618427,6.52455710140064));
#7738=CARTESIAN_POINT('Ctrl Pts',(22.9412560706705,70.001056033464,6.43724272300547));
#7739=CARTESIAN_POINT('Ctrl Pts',(22.9245246372468,70.0010342614232,6.35015369842204));
#7740=CARTESIAN_POINT('Ctrl Pts',(22.9032375627878,70.000973773125,6.26408698084193));
#7741=CARTESIAN_POINT('Ctrl Pts',(22.8774418639978,70.0008834329789,6.1794098683965));
#7742=CARTESIAN_POINT('Ctrl Pts',(22.8522534176618,70.0007952195158,6.09672612642525));
#7743=CARTESIAN_POINT('Ctrl Pts',(22.822765820156,70.0006785233912,6.01536655522883));
#7744=CARTESIAN_POINT('Ctrl Pts',(22.7889791885433,70.0005536250057,5.9356916772626));
#7745=CARTESIAN_POINT('Ctrl Pts',(22.7681993431341,70.0004768085544,5.88668911121468));
#7746=CARTESIAN_POINT('Ctrl Pts',(22.7457924921011,70.0003971260269,5.83832421324814));
#7747=CARTESIAN_POINT('Ctrl Pts',(22.7217508442266,70.0003217008473,5.79068639418305));
#7748=CARTESIAN_POINT('Ctrl Pts',(22.680462288979,70.0001921674345,5.70887433476808));
#7749=CARTESIAN_POINT('Ctrl Pts',(22.6345751337569,70.0000746792816,5.62964218216169));
#7750=CARTESIAN_POINT('Ctrl Pts',(22.5841567196984,70.000015761421,5.55338800402844));
#7751=CARTESIAN_POINT('Ctrl Pts',(22.5358729875393,69.9999593381031,5.48036237675036));
#7752=CARTESIAN_POINT('Ctrl Pts',(22.483432914727,69.9999567049332,5.41006722365254));
#7753=CARTESIAN_POINT('Ctrl Pts',(22.4271649420216,69.999973360735,5.34271214885719));
#7754=CARTESIAN_POINT('Ctrl Pts',(22.4087092672281,69.9999788237728,5.32061994797732));
#7755=CARTESIAN_POINT('Ctrl Pts',(22.3898414564678,69.9999864630365,5.29884429199389));
#7756=CARTESIAN_POINT('Ctrl Pts',(22.3705722147835,69.999995348058,5.27739335398419));
#7757=CARTESIAN_POINT('Ctrl Pts',(22.3510083283568,70.0000043689398,5.25561441105324));
#7758=CARTESIAN_POINT('Ctrl Pts',(22.3310565401744,70.0000146373506,5.23419902411839));
#7759=CARTESIAN_POINT('Ctrl Pts',(22.31073077971,70.0000253616123,5.21315339025122));
#7760=CARTESIAN_POINT('',(21.358424524162,70.,8.14147491744918));
#7761=CARTESIAN_POINT('Ctrl Pts',(21.3586325124774,69.9999902146364,8.14149574342188));
#7762=CARTESIAN_POINT('Ctrl Pts',(21.4399426009871,69.9999808098485,8.13732603809309));
#7763=CARTESIAN_POINT('Ctrl Pts',(21.5210417032605,69.9999745328535,8.12909507274486));
#7764=CARTESIAN_POINT('Ctrl Pts',(21.6016265092649,69.9999867198696,8.11673200465562));
#7765=CARTESIAN_POINT('Ctrl Pts',(21.6661275905781,69.9999964745089,8.10683645114319));
#7766=CARTESIAN_POINT('Ctrl Pts',(21.7302991702449,70.0000182399965,8.09429266197223));
#7767=CARTESIAN_POINT('Ctrl Pts',(21.7940032638725,70.0000424010613,8.07915120245287));
#7768=CARTESIAN_POINT('Ctrl Pts',(21.8792171833138,70.0000747201621,8.05889719618366));
#7769=CARTESIAN_POINT('Ctrl Pts',(21.9631827196605,70.0001103103756,8.03409518961928));
#7770=CARTESIAN_POINT('Ctrl Pts',(22.0455941674546,70.0001362428178,8.00495728405977));
#7771=CARTESIAN_POINT('Ctrl Pts',(22.1284892407586,70.0001623274426,7.97564838484816));
#7772=CARTESIAN_POINT('Ctrl Pts',(22.2098128342348,70.0001786921794,7.94195225648422));
#7773=CARTESIAN_POINT('Ctrl Pts',(22.2892413151238,70.0001802316473,7.90403464989245));
#7774=CARTESIAN_POINT('Ctrl Pts',(22.3298193866656,70.0001810181239,7.88466347048985));
#7775=CARTESIAN_POINT('Ctrl Pts',(22.3699025603137,70.0001780596316,7.86418973524539));
#7776=CARTESIAN_POINT('Ctrl Pts',(22.4094452715294,70.0001714089469,7.84263092498675));
#7777=CARTESIAN_POINT('Ctrl Pts',(22.4863169247024,70.0001584799112,7.80072025841692));
#7778=CARTESIAN_POINT('Ctrl Pts',(22.5608537858478,70.0001312686483,7.75487176435567));
#7779=CARTESIAN_POINT('Ctrl Pts',(22.6327546169845,70.0001006078085,7.70527209070838));
#7780=CARTESIAN_POINT('Ctrl Pts',(22.7040628630966,70.0000701996661,7.65608120265325));
#7781=CARTESIAN_POINT('Ctrl Pts',(22.7727791427733,70.0000364619109,7.60320034238598));
#7782=CARTESIAN_POINT('Ctrl Pts',(22.8385880330394,70.0000165433884,7.54676608833456));
#7783=CARTESIAN_POINT('Ctrl Pts',(22.8679851667079,70.0000076456929,7.52155664773887));
#7784=CARTESIAN_POINT('Ctrl Pts',(22.8968017852442,70.0000015878954,7.49563756992478));
#7785=CARTESIAN_POINT('Ctrl Pts',(22.9250077331056,70.0000002761558,7.46901835320703));
#7786=CARTESIAN_POINT('',(22.6726330963713,70.,4.09675683034595));
#7787=CARTESIAN_POINT('Origin',(21.8341484763641,75.,3.82431666231726));
#7788=CARTESIAN_POINT('',(22.0210326326383,73.3492095279032,4.19109747294053));
#7789=CARTESIAN_POINT('Ctrl Pts',(22.3102634029003,70.,5.21201607031298));
#7790=CARTESIAN_POINT('Ctrl Pts',(22.2510925449808,71.0727993198058,4.78197941411813));
#7791=CARTESIAN_POINT('Ctrl Pts',(22.1475167789982,72.231946170139,4.43933658515932));
#7792=CARTESIAN_POINT('Ctrl Pts',(22.0210326330886,73.3492095358297,4.19109747161727));
#7793=CARTESIAN_POINT('',(20.6177367689064,73.1070690189856,8.64816490555826));
#7794=CARTESIAN_POINT('Ctrl Pts',(20.6177367689064,73.1070690189854,8.64816490555823));
#7795=CARTESIAN_POINT('Ctrl Pts',(20.8493185019196,72.0647764375829,8.53016811894999));
#7796=CARTESIAN_POINT('Ctrl Pts',(21.0983239052349,71.0287093918239,8.35499446050762));
#7797=CARTESIAN_POINT('Ctrl Pts',(21.358424524162,70.,8.14147491744918));
#7798=CARTESIAN_POINT('',(20.2948501494144,74.5603025005376,8.81268385549063));
#7799=CARTESIAN_POINT('',(21.8610087937775,74.7627366780164,3.87703300345393));
#7800=CARTESIAN_POINT('Origin',(0.,75.,0.));
#7801=CARTESIAN_POINT('',(23.7764129073788,75.,7.72542485937369));
#7802=CARTESIAN_POINT('',(22.8828636499772,77.5536975520131,9.50018358739195));
#7803=CARTESIAN_POINT('Ctrl Pts',(23.7764129073788,75.,7.72542485937368));
#7804=CARTESIAN_POINT('Ctrl Pts',(23.7024909831819,75.0914835785031,7.92703238524049));
#7805=CARTESIAN_POINT('Ctrl Pts',(23.6240296566797,75.256004935769,8.11253139892086));
#7806=CARTESIAN_POINT('Ctrl Pts',(23.5557839050943,75.4199156732364,8.26374619858836));
#7807=CARTESIAN_POINT('Ctrl Pts',(23.4169384683272,75.7533907600482,8.57139150130298));
#7808=CARTESIAN_POINT('Ctrl Pts',(23.2715609907613,76.2018649153031,8.84574245535018));
#7809=CARTESIAN_POINT('Ctrl Pts',(23.0602724577165,76.9066180533164,9.21647162839809));
#7810=CARTESIAN_POINT('Ctrl Pts',(22.9706509088639,77.2253442198807,9.36365335864494));
#7811=CARTESIAN_POINT('Ctrl Pts',(22.8828636499772,77.5536975520132,9.50018358739195));
#7812=CARTESIAN_POINT('Ctrl Pts',(23.7764129073788,75.,7.72542485937369));
#7813=CARTESIAN_POINT('Ctrl Pts',(23.7069278351433,75.8333342621458,7.70334494061551));
#7814=CARTESIAN_POINT('Ctrl Pts',(23.6374427174181,76.6666685230672,7.68126511880424));
#7815=CARTESIAN_POINT('Ctrl Pts',(23.4984725432124,78.3333351897571,7.6371057226731));
#7816=CARTESIAN_POINT('Ctrl Pts',(23.4289874867323,79.1666675955255,7.61502614835282));
#7817=CARTESIAN_POINT('Ctrl Pts',(23.3595023824744,80.,7.5929466755557));
#7818=CARTESIAN_POINT('Ctrl Pts',(22.8828636499772,77.5536975520131,9.50018358739195));
#7819=CARTESIAN_POINT('Ctrl Pts',(22.8216837417504,78.7817832173483,9.36733217136454));
#7820=CARTESIAN_POINT('Ctrl Pts',(22.7602370235091,79.9999999999917,9.2353019121402));
#7821=CARTESIAN_POINT('Origin',(23.0092688606882,75.,9.77617238476101));
#7822=CARTESIAN_POINT('',(20.773544132612,74.9999999999997,9.04974138525402));
#7823=CARTESIAN_POINT('Ctrl Pts',(22.8828636499772,77.5536975520131,9.50018358739195));
#7824=CARTESIAN_POINT('Ctrl Pts',(22.690600869532,77.1475940351455,9.47507150184265));
#7825=CARTESIAN_POINT('Ctrl Pts',(22.4863390748524,76.7533989342444,9.44496523284537));
#7826=CARTESIAN_POINT('Ctrl Pts',(22.0397147911683,76.0083443729723,9.36838653884403));
#7827=CARTESIAN_POINT('Ctrl Pts',(21.7549989446613,75.6000455260303,9.31343658181735));
#7828=CARTESIAN_POINT('Ctrl Pts',(21.3454508268947,75.2313567066187,9.21428239411012));
#7829=CARTESIAN_POINT('Ctrl Pts',(21.2276656770947,75.1433779541544,9.18410493461149));
#7830=CARTESIAN_POINT('Ctrl Pts',(21.04852744767,75.0566382596537,9.13387866890645));
#7831=CARTESIAN_POINT('Ctrl Pts',(20.992546964287,75.0352603760692,9.11765608066852));
#7832=CARTESIAN_POINT('Ctrl Pts',(20.8818691689301,75.0073697729228,9.08426037018568));
#7833=CARTESIAN_POINT('Ctrl Pts',(20.8279059548681,75.,9.06740461202821));
#7834=CARTESIAN_POINT('Ctrl Pts',(20.7735441326121,75.,9.04974138525411));
#7835=CARTESIAN_POINT('',(20.1971559791363,75.,8.86246152151453));
#7836=CARTESIAN_POINT('Origin',(20.1971559791363,75.,8.86246152151453));
#7837=CARTESIAN_POINT('Ctrl Pts',(20.7714504431502,74.9999170874181,9.04904573222134));
#7838=CARTESIAN_POINT('Ctrl Pts',(20.7115896672293,74.3700168057475,8.91281154460949));
#7839=CARTESIAN_POINT('Ctrl Pts',(20.6592500389386,73.7389960028842,8.77881338007281));
#7840=CARTESIAN_POINT('Ctrl Pts',(20.6152258278452,73.1069390423748,8.64732495353708));
#7841=CARTESIAN_POINT('Ctrl Pts',(22.9364560283059,70.0017665106451,7.45852162493569));
#7842=CARTESIAN_POINT('Ctrl Pts',(23.3689233417487,72.5751920697344,7.5959387096064));
#7843=CARTESIAN_POINT('Ctrl Pts',(23.8038260231938,75.163121081903,7.73413438830882));
#7844=CARTESIAN_POINT('Ctrl Pts',(24.2385165225793,77.7497975624264,7.87226679479201));
#7845=CARTESIAN_POINT('Ctrl Pts',(22.5674518239988,69.9444158288158,7.79903968417672));
#7846=CARTESIAN_POINT('Ctrl Pts',(23.0004747454088,72.5020043252829,8.08016440235849));
#7847=CARTESIAN_POINT('Ctrl Pts',(23.4917691905281,75.0637580767693,8.35504109977266));
#7848=CARTESIAN_POINT('Ctrl Pts',(24.0428100409843,77.6080205363826,8.60724230298733));
#7849=CARTESIAN_POINT('Ctrl Pts',(21.7340828497089,69.8866038532803,8.19588677040708));
#7850=CARTESIAN_POINT('Ctrl Pts',(22.0497585884079,72.4392173407935,8.68549600560168));
#7851=CARTESIAN_POINT('Ctrl Pts',(22.4962057666679,74.9782675065609,9.20438810848826));
#7852=CARTESIAN_POINT('Ctrl Pts',(23.0574344217188,77.4796728272139,9.72799067018065));
#7853=CARTESIAN_POINT('Ctrl Pts',(20.8292923397859,69.9203027619456,8.12607331881925));
#7854=CARTESIAN_POINT('Ctrl Pts',(20.9572108099608,72.5135652941941,8.64865354765458));
#7855=CARTESIAN_POINT('Ctrl Pts',(21.2395314343992,75.0916495138931,9.2167367767797));
#7856=CARTESIAN_POINT('Ctrl Pts',(21.6269396693026,77.6424152372364,9.81693325221419));
#7857=CARTESIAN_POINT('Ctrl Pts',(20.4683335962003,69.9499196022606,8.01428171003086));
#7858=CARTESIAN_POINT('Ctrl Pts',(20.5268907528242,72.5665986490878,8.5184434124469));
#7859=CARTESIAN_POINT('Ctrl Pts',(20.7489092186841,75.1680747468779,9.07289826942898));
#7860=CARTESIAN_POINT('Ctrl Pts',(21.0788813028722,77.7484521319385,9.65851765748515));
#7861=CARTESIAN_POINT('',(23.1237220259469,71.1161060252739,7.51802594797272));
#7862=CARTESIAN_POINT('Ctrl Pts',(23.1236919652437,71.1159271479452,7.51801639654477));
#7863=CARTESIAN_POINT('Ctrl Pts',(23.0970789959891,70.9575646973009,7.50956000544751));
#7864=CARTESIAN_POINT('Ctrl Pts',(23.0688737874518,70.794706433233,7.50181626276468));
#7865=CARTESIAN_POINT('Ctrl Pts',(23.0398972000943,70.6312273810367,7.49461076520581));
#7866=CARTESIAN_POINT('Ctrl Pts',(23.0139964879086,70.4851016890397,7.48817013380487));
#7867=CARTESIAN_POINT('Ctrl Pts',(22.9874797483391,70.3384799477033,7.48215890946142));
#7868=CARTESIAN_POINT('Ctrl Pts',(22.9609442783939,70.1941160224648,7.47649265599214));
#7869=CARTESIAN_POINT('Ctrl Pts',(22.9489505645679,70.1288652615137,7.47393157745399));
#7870=CARTESIAN_POINT('Ctrl Pts',(22.9369531581052,70.064075567597,7.47144160451803));
#7871=CARTESIAN_POINT('Ctrl Pts',(22.9250077331056,70.0000002761558,7.46901835320703));
#7872=CARTESIAN_POINT('Ctrl Pts',(23.7764129073788,75.,7.72542485937369));
#7873=CARTESIAN_POINT('Ctrl Pts',(23.6363716022641,74.1666702519641,7.68092464457585));
#7874=CARTESIAN_POINT('Ctrl Pts',(23.4963301136428,73.3333405137207,7.63642482388976));
#7875=CARTESIAN_POINT('Ctrl Pts',(23.2787663564356,72.0387091957718,7.56729213240053));
#7876=CARTESIAN_POINT('Ctrl Pts',(23.2012442215734,71.5774076088851,7.54265897524219));
#7877=CARTESIAN_POINT('Ctrl Pts',(23.1237220259488,71.1161060252735,7.51802594797333));
#7878=CARTESIAN_POINT('Origin',(24.5527606754084,75.,4.70764731220581));
#7879=CARTESIAN_POINT('',(22.3777903151015,75.,4.00095660341931));
#7880=CARTESIAN_POINT('Ctrl Pts',(22.0211292627765,73.3491925230989,4.19113202268612));
#7881=CARTESIAN_POINT('Ctrl Pts',(22.1405460381601,73.8993684077537,4.12792963821906));
#7882=CARTESIAN_POINT('Ctrl Pts',(22.2594342991454,74.4496377667565,4.06453819876174));
#7883=CARTESIAN_POINT('Ctrl Pts',(22.3778731420676,74.9999855912249,4.00098618693565));
#7884=CARTESIAN_POINT('',(24.5527606754084,75.,4.70764731220581));
#7885=CARTESIAN_POINT('Origin',(21.8341484763641,75.,3.82431666231726));
#7886=CARTESIAN_POINT('',(24.2993024815791,77.4698859960816,4.85250109664589));
#7887=CARTESIAN_POINT('Ctrl Pts',(22.3777903151015,75.0000000000001,4.00095660341931));
#7888=CARTESIAN_POINT('Ctrl Pts',(22.4644289678037,75.0000000000001,4.02910720813734));
#7889=CARTESIAN_POINT('Ctrl Pts',(22.5487160092368,75.0186440483018,4.05820881314489));
#7890=CARTESIAN_POINT('Ctrl Pts',(22.7489407025171,75.0963524628016,4.13041423634512));
#7891=CARTESIAN_POINT('Ctrl Pts',(22.8605717126923,75.170779240353,4.17353194579673));
#7892=CARTESIAN_POINT('Ctrl Pts',(23.1614038785763,75.4225495915765,4.29443885436272));
#7893=CARTESIAN_POINT('Ctrl Pts',(23.3424856144827,75.6523511452785,4.37441555742258));
#7894=CARTESIAN_POINT('Ctrl Pts',(23.7659862949825,76.2820476340992,4.56994569517096));
#7895=CARTESIAN_POINT('Ctrl Pts',(24.0383766794214,76.8215600359756,4.70808099482945));
#7896=CARTESIAN_POINT('Ctrl Pts',(24.2993024815791,77.4698859960816,4.85250109664583));
#7897=CARTESIAN_POINT('Ctrl Pts',(24.2993024815791,77.4698859960816,4.85250109664589));
#7898=CARTESIAN_POINT('Ctrl Pts',(24.212660807112,78.3131117089029,4.90191870751205));
#7899=CARTESIAN_POINT('Ctrl Pts',(24.1258570485989,79.1567991684877,4.95132613063713));
#7900=CARTESIAN_POINT('Ctrl Pts',(24.0389831258793,80.,5.0006659906145));
#7901=CARTESIAN_POINT('Ctrl Pts',(23.7764129073788,75.,7.72542485937369));
#7902=CARTESIAN_POINT('Ctrl Pts',(23.6371623898172,76.6666666666667,7.68216813687981));
#7903=CARTESIAN_POINT('Ctrl Pts',(23.4979118722556,78.3333333333333,7.63891141438593));
#7904=CARTESIAN_POINT('Ctrl Pts',(23.358661354694,80.,7.59565469189206));
#7905=CARTESIAN_POINT('Ctrl Pts',(24.0353471560271,75.,6.89187284572312));
#7906=CARTESIAN_POINT('Ctrl Pts',(23.8944107395046,76.6666666666667,6.85409880185099));
#7907=CARTESIAN_POINT('Ctrl Pts',(23.7535360949465,78.3333333333333,6.81595942765529));
#7908=CARTESIAN_POINT('Ctrl Pts',(23.612599678424,80.,6.77818538378316));
#7909=CARTESIAN_POINT('Ctrl Pts',(24.2782415030583,75.,5.93713287715594));
#7910=CARTESIAN_POINT('Ctrl Pts',(24.1365391959229,76.6666666666667,5.90269496883804));
#7911=CARTESIAN_POINT('Ctrl Pts',(23.9948331044862,78.3333333333333,5.86810492643732));
#7912=CARTESIAN_POINT('Ctrl Pts',(23.8531307973508,80.,5.83366701811941));
#7913=CARTESIAN_POINT('Ctrl Pts',(24.5101838485317,75.,4.89964610045758));
#7914=CARTESIAN_POINT('Ctrl Pts',(24.3678821612489,76.6666666666667,4.86783288813091));
#7915=CARTESIAN_POINT('Ctrl Pts',(24.225580473966,78.3333333333333,4.83601967580424));
#7916=CARTESIAN_POINT('Ctrl Pts',(24.0832787866832,80.,4.80420646347757));
#7917=CARTESIAN_POINT('',(23.9885792018219,75.,7.00359488465235));
#7918=CARTESIAN_POINT('Ctrl Pts',(24.2993024815791,77.4698859960816,4.8525010966459));
#7919=CARTESIAN_POINT('Ctrl Pts',(24.2902290133152,76.8776253310702,5.13058381418727));
#7920=CARTESIAN_POINT('Ctrl Pts',(24.2653543755396,76.1060826642484,5.54360004376357));
#7921=CARTESIAN_POINT('Ctrl Pts',(24.1714866296897,75.4181741771016,6.17094534950904));
#7922=CARTESIAN_POINT('Ctrl Pts',(24.1423773311067,75.2600502504766,6.34225981850133));
#7923=CARTESIAN_POINT('Ctrl Pts',(24.0877988331625,75.103557821456,6.60410958565028));
#7924=CARTESIAN_POINT('Ctrl Pts',(24.0696171793568,75.0644217117462,6.6858268361109));
#7925=CARTESIAN_POINT('Ctrl Pts',(24.0307145724477,75.0137681928335,6.84668447027198));
#7926=CARTESIAN_POINT('Ctrl Pts',(24.0105631162769,75.,6.92473319909804));
#7927=CARTESIAN_POINT('Ctrl Pts',(23.9885792018219,75.,7.00359488465235));
#7928=CARTESIAN_POINT('Ctrl Pts',(23.7764129073788,75.,7.72542485937369));
#7929=CARTESIAN_POINT('Ctrl Pts',(23.7860334107858,75.,7.69445487363761));
#7930=CARTESIAN_POINT('Ctrl Pts',(23.8266322484603,75.,7.56293413256165));
#7931=CARTESIAN_POINT('Ctrl Pts',(23.8693610355341,75.,7.42080097278083));
#7932=CARTESIAN_POINT('Ctrl Pts',(23.911727243482,75.,7.27592838081396));
#7933=CARTESIAN_POINT('Ctrl Pts',(23.9537414712453,75.,7.12839643595864));
#7934=CARTESIAN_POINT('Ctrl Pts',(23.9861825502901,75.,7.01219226069637));
#7935=CARTESIAN_POINT('Ctrl Pts',(23.9885792018219,75.,7.00359488465235));
#7936=CARTESIAN_POINT('Ctrl Pts',(23.988579201822,75.,7.00359488465225));
#7937=CARTESIAN_POINT('Ctrl Pts',(23.7686849440462,73.7053686750782,6.94229595960264));
#7938=CARTESIAN_POINT('Ctrl Pts',(23.5487906862704,72.4107373501564,6.88099703455302));
#7939=CARTESIAN_POINT('Ctrl Pts',(23.3288964284947,71.1161060252346,6.81969810950341));
#7940=CARTESIAN_POINT('Ctrl Pts',(23.9190316443822,75.,7.25307900710541));
#7941=CARTESIAN_POINT('Ctrl Pts',(23.6996741037335,73.7053686750782,7.18985452508529));
#7942=CARTESIAN_POINT('Ctrl Pts',(23.4803195541985,72.4107373501564,7.12661997674927));
#7943=CARTESIAN_POINT('Ctrl Pts',(23.2609620135498,71.1161060252346,7.06339549472915));
#7944=CARTESIAN_POINT('Ctrl Pts',(23.8483363438764,75.,7.49389146572573));
#7945=CARTESIAN_POINT('Ctrl Pts',(23.6296087749011,73.7053686750782,7.42850576264957));
#7946=CARTESIAN_POINT('Ctrl Pts',(23.4108843664724,72.4107373501564,7.36311035385162));
#7947=CARTESIAN_POINT('Ctrl Pts',(23.1921567974971,71.1161060252346,7.29772465077547));
#7948=CARTESIAN_POINT('Ctrl Pts',(23.7764129073788,75.,7.72542485937369));
#7949=CARTESIAN_POINT('Ctrl Pts',(23.5584105609207,73.7053686750782,7.65770470171193));
#7950=CARTESIAN_POINT('Ctrl Pts',(23.3404082144625,72.4107373501564,7.58998454405017));
#7951=CARTESIAN_POINT('Ctrl Pts',(23.1224058680044,71.1161060252346,7.52226438638841));
#7952=CARTESIAN_POINT('Ctrl Pts',(23.9886851067617,74.9999919571333,7.0037225961484));
#7953=CARTESIAN_POINT('Ctrl Pts',(23.7046185032675,73.7048641364187,7.17254079539602));
#7954=CARTESIAN_POINT('Ctrl Pts',(23.4168804277813,72.4101708549354,7.34370599414584));
#7955=CARTESIAN_POINT('Ctrl Pts',(23.1237456705881,71.1161077152233,7.51808647146499));
#7956=CARTESIAN_POINT('Ctrl Pts',(24.5598369058421,77.6250333469675,6.66456662554921));
#7957=CARTESIAN_POINT('Ctrl Pts',(24.0127687037457,75.0926596081467,6.98910837821963));
#7958=CARTESIAN_POINT('Ctrl Pts',(23.4561263773227,72.5614411761121,7.32037572637088));
#7959=CARTESIAN_POINT('Ctrl Pts',(22.8770278250394,70.0328386105629,7.66485208996437));
#7960=CARTESIAN_POINT('Ctrl Pts',(24.7181428400905,77.5122885250825,5.98450210462982));
#7961=CARTESIAN_POINT('Ctrl Pts',(24.1809512836033,74.9775257601486,6.30560767061627));
#7962=CARTESIAN_POINT('Ctrl Pts',(23.6362639180982,72.4434257802274,6.63229410635031));
#7963=CARTESIAN_POINT('Ctrl Pts',(23.0772221039352,69.909835760844,6.9713574385614));
#7964=CARTESIAN_POINT('Ctrl Pts',(24.4609979020138,77.413660331552,4.6649224165949));
#7965=CARTESIAN_POINT('Ctrl Pts',(23.9326431360621,74.8766784063194,4.97111435819417));
#7966=CARTESIAN_POINT('Ctrl Pts',(23.4008432161008,72.3393456372082,5.27851160296637));
#7967=CARTESIAN_POINT('Ctrl Pts',(22.8608023990402,69.8010617747549,5.58880949291788));
#7968=CARTESIAN_POINT('Ctrl Pts',(23.4328430367674,77.5404747305538,3.87275705296221));
#7969=CARTESIAN_POINT('Ctrl Pts',(22.897571529379,75.0063509739894,4.16860035270034));
#7970=CARTESIAN_POINT('Ctrl Pts',(22.3567085133678,72.4728365136017,4.46279423620832));
#7971=CARTESIAN_POINT('Ctrl Pts',(21.8035912707314,69.9405864732737,4.75240915772494));
#7972=CARTESIAN_POINT('Ctrl Pts',(22.9395982847565,77.6250333469675,3.69681485245601));
#7973=CARTESIAN_POINT('Ctrl Pts',(22.4004751291043,75.0926596081467,3.9911481475209));
#7974=CARTESIAN_POINT('Ctrl Pts',(21.8545038592301,72.5614411761121,4.28304216017542));
#7975=CARTESIAN_POINT('Ctrl Pts',(21.2939873717472,70.0328386105629,4.56972516046388));
#7976=CARTESIAN_POINT('Ctrl Pts',(-25.4172572758861,77.6250333469674,1.25102746547054));
#7977=CARTESIAN_POINT('Ctrl Pts',(-24.9972534143839,75.0926596081466,0.773316545253559));
#7978=CARTESIAN_POINT('Ctrl Pts',(-24.5702223428539,72.5614411761121,0.286250636505283));
#7979=CARTESIAN_POINT('Ctrl Pts',(-24.1259159416386,70.0328386105629,-0.220317147873442));
#7980=CARTESIAN_POINT('Ctrl Pts',(-25.3576636719857,77.5122885250825,1.94672648358522));
#7981=CARTESIAN_POINT('Ctrl Pts',(-24.945991218568,74.9775257601486,1.47533562244589));
#7982=CARTESIAN_POINT('Ctrl Pts',(-24.5289144107344,72.4434257802274,0.996320706393327));
#7983=CARTESIAN_POINT('Ctrl Pts',(-24.1020103823158,69.909835760844,0.501098893714636));
#7984=CARTESIAN_POINT('Ctrl Pts',(-24.7053452872436,77.4136563369259,3.12226906006178));
#7985=CARTESIAN_POINT('Ctrl Pts',(-24.2974685576645,74.8766744116933,2.66779261702866));
#7986=CARTESIAN_POINT('Ctrl Pts',(-23.8866900471659,72.3393409616129,2.2111061159515));
#7987=CARTESIAN_POINT('Ctrl Pts',(-23.4689680303488,69.8010570991596,1.74911349559263));
#7988=CARTESIAN_POINT('Ctrl Pts',(-23.4827058098899,77.5404747305538,3.55793589363414));
#7989=CARTESIAN_POINT('Ctrl Pts',(-23.0650529620921,75.0063509739894,3.11116420322822));
#7990=CARTESIAN_POINT('Ctrl Pts',(-22.6415725759367,72.4728365136017,2.66423332968732));
#7991=CARTESIAN_POINT('Ctrl Pts',(-22.2050227506254,69.9405864732737,2.2178705435062));
#7992=CARTESIAN_POINT('Ctrl Pts',(-22.9592330443774,77.6250333469675,3.57284585915925));
#7993=CARTESIAN_POINT('Ctrl Pts',(-22.5374504442942,75.0926596081466,3.12632004376759));
#7994=CARTESIAN_POINT('Ctrl Pts',(-22.108401120837,72.5614411761121,2.67999794013327));
#7995=CARTESIAN_POINT('Ctrl Pts',(-21.663908182013,70.0328386105629,2.2341370843383));
#7996=CARTESIAN_POINT('',(-22.8289229302716,70.,1.9373286937714));
#7997=CARTESIAN_POINT('',(-22.2383669250394,73.3492095279032,2.81890275510228));
#7998=CARTESIAN_POINT('Ctrl Pts',(-22.8289229302716,70.,1.93732869377138));
#7999=CARTESIAN_POINT('Ctrl Pts',(-22.6397594653042,71.0727993198058,2.32803305722241));
#8000=CARTESIAN_POINT('Ctrl Pts',(-22.4353706009872,72.231946170139,2.62189908057144));
#8001=CARTESIAN_POINT('Ctrl Pts',(-22.2383669250588,73.3492095358297,2.81890275649986));
#8002=CARTESIAN_POINT('',(-22.5189068836771,75.,3.10998165482941));
#8003=CARTESIAN_POINT('Ctrl Pts',(-22.2384695022205,73.3491925230989,2.81889975669651));
#8004=CARTESIAN_POINT('Ctrl Pts',(-22.3325109937187,73.8993684077537,2.9159106092963));
#8005=CARTESIAN_POINT('Ctrl Pts',(-22.4259914169495,74.4496377667565,3.01293794394565));
#8006=CARTESIAN_POINT('Ctrl Pts',(-22.5189947986123,74.9999855912248,3.10997911417362));
#8007=CARTESIAN_POINT('',(-24.6095152706194,77.4698859960816,2.89389462997082));
#8008=CARTESIAN_POINT('Ctrl Pts',(-22.5189068836771,75.0000000000001,3.10998165482942));
#8009=CARTESIAN_POINT('Ctrl Pts',(-22.6100041541524,75.0000000000001,3.10998165482942));
#8010=CARTESIAN_POINT('Ctrl Pts',(-22.6991587846575,75.0186440483018,3.10835051196076));
#8011=CARTESIAN_POINT('Ctrl Pts',(-22.9118964867798,75.0963524628016,3.10155190663145));
#8012=CARTESIAN_POINT('Ctrl Pts',(-23.0313879914066,75.170779240353,3.09504040733316));
#8013=CARTESIAN_POINT('Ctrl Pts',(-23.354858672566,75.4225495915765,3.07301335578916));
#8014=CARTESIAN_POINT('Ctrl Pts',(-23.5517917978814,75.6523511452785,3.05290832495825));
#8015=CARTESIAN_POINT('Ctrl Pts',(-24.0149870152029,76.2820476340992,2.99781702072436));
#8016=CARTESIAN_POINT('Ctrl Pts',(-24.3167318204172,76.8215600359755,2.95061580174969));
#8017=CARTESIAN_POINT('Ctrl Pts',(-24.6095152706194,77.4698859960816,2.89389462997085));
#8018=CARTESIAN_POINT('',(-24.9787244076302,75.,0.752064091732361));
#8019=CARTESIAN_POINT('Ctrl Pts',(-24.6095152706194,77.4698859960816,2.89389462997084));
#8020=CARTESIAN_POINT('Ctrl Pts',(-24.6868181750639,76.8776253310702,2.62661839349258));
#8021=CARTESIAN_POINT('Ctrl Pts',(-24.7907900226087,76.1060826642484,2.22612993121678));
#8022=CARTESIAN_POINT('Ctrl Pts',(-24.8953768520649,75.4181741771016,1.60048236152911));
#8023=CARTESIAN_POINT('Ctrl Pts',(-24.9206313462637,75.2600502504766,1.42855735150185));
#8024=CARTESIAN_POINT('Ctrl Pts',(-24.9496401381664,75.103557821456,1.16265774077225));
#8025=CARTESIAN_POINT('Ctrl Pts',(-24.9576003769634,75.0644217117462,1.07932157721615));
#8026=CARTESIAN_POINT('Ctrl Pts',(-24.9703095417924,75.0137681928335,0.91431530939105));
#8027=CARTESIAN_POINT('Ctrl Pts',(-24.9752627516849,75.,0.833859414834278));
#8028=CARTESIAN_POINT('Ctrl Pts',(-24.9787244076302,75.,0.752064091732362));
#8029=CARTESIAN_POINT('',(-24.3151642958499,71.1161060252739,-0.00444448827563136));
#8030=CARTESIAN_POINT('Ctrl Pts',(-24.9788645942359,74.9999919571333,0.751975357308081));
#8031=CARTESIAN_POINT('Ctrl Pts',(-24.7608688924482,73.7048641364187,0.503638300830326));
#8032=CARTESIAN_POINT('Ctrl Pts',(-24.54010667603,72.4101708549354,0.251934567942329));
#8033=CARTESIAN_POINT('Ctrl Pts',(-24.3152054860277,71.1161077152233,-0.00449474294137925));
#8034=CARTESIAN_POINT('',(-24.1110327651147,70.,-0.0192426183973717));
#8035=CARTESIAN_POINT('Ctrl Pts',(-24.3151327548687,71.1159271479447,-0.00444469359598166));
#8036=CARTESIAN_POINT('Ctrl Pts',(-24.2872091643273,70.9575647871692,-0.00462604740611162));
#8037=CARTESIAN_POINT('Ctrl Pts',(-24.2579914861761,70.7947066180735,-0.00597719779769253));
#8038=CARTESIAN_POINT('Ctrl Pts',(-24.2282065103341,70.6312276593432,-0.00807861832732056));
#8039=CARTESIAN_POINT('Ctrl Pts',(-24.2015832094665,70.4851019909229,-0.00995697308263082));
#8040=CARTESIAN_POINT('Ctrl Pts',(-24.1745067256649,70.3384802715534,-0.0124340811968646));
#8041=CARTESIAN_POINT('Ctrl Pts',(-24.1475190297195,70.1941163653627,-0.0152450643495544));
#8042=CARTESIAN_POINT('Ctrl Pts',(-24.1353208918808,70.1288654884364,-0.0165155974113005));
#8043=CARTESIAN_POINT('Ctrl Pts',(-24.1231412149721,70.0640756797089,-0.0178548973167966));
#8044=CARTESIAN_POINT('Ctrl Pts',(-24.1110315937645,70.0000002759508,-0.0192415903086743));
#8045=CARTESIAN_POINT('Ctrl Pts',(-24.1105807822658,70.0001082595222,-0.0194059925080894));
#8046=CARTESIAN_POINT('Ctrl Pts',(-24.102652788481,70.000194038717,0.0693442235025843));
#8047=CARTESIAN_POINT('Ctrl Pts',(-24.0898631362274,70.0003171705167,0.157479064704843));
#8048=CARTESIAN_POINT('Ctrl Pts',(-24.072393653532,70.0004417453825,0.244679123869363));
#8049=CARTESIAN_POINT('Ctrl Pts',(-24.0549251629054,70.0005663131739,0.331874231057524));
#8050=CARTESIAN_POINT('Ctrl Pts',(-24.0327769675659,70.0006922492289,0.418135494608688));
#8051=CARTESIAN_POINT('Ctrl Pts',(-24.0060833209378,70.0007952119117,0.503127248911985));
#8052=CARTESIAN_POINT('Ctrl Pts',(-23.9823432556582,70.0008867820462,0.578714890551974));
#8053=CARTESIAN_POINT('Ctrl Pts',(-23.9550071377269,70.0009603014049,0.653298595690835));
#8054=CARTESIAN_POINT('Ctrl Pts',(-23.9241416466786,70.0010070864463,0.726623267034726));
#8055=CARTESIAN_POINT('Ctrl Pts',(-23.8894861912024,70.0010596162089,0.808951452874779));
#8056=CARTESIAN_POINT('Ctrl Pts',(-23.8505885039187,70.0010764897503,0.889202192727565));
#8057=CARTESIAN_POINT('Ctrl Pts',(-23.8076536793951,70.0010545167593,0.967059718774077));
#8058=CARTESIAN_POINT('Ctrl Pts',(-23.7648298483395,70.001032600572,1.04471597051892));
#8059=CARTESIAN_POINT('Ctrl Pts',(-23.7179892663097,70.0009719765332,1.11999218436925));
#8060=CARTESIAN_POINT('Ctrl Pts',(-23.6672901143642,70.0008815188471,1.19255354999233));
#8061=CARTESIAN_POINT('Ctrl Pts',(-23.6177847080249,70.0007931910481,1.26340640949526));
#8062=CARTESIAN_POINT('Ctrl Pts',(-23.5645997698631,70.0006763982182,1.33167140954277));
#8063=CARTESIAN_POINT('Ctrl Pts',(-23.5078467834377,70.0005514296179,1.3970056974395));
#8064=CARTESIAN_POINT('Ctrl Pts',(-23.4729407082395,70.0004745673481,1.43718972492403));
#8065=CARTESIAN_POINT('Ctrl Pts',(-23.4366842078892,70.0003948488134,1.47626444599882));
#8066=CARTESIAN_POINT('Ctrl Pts',(-23.3990974956219,70.0003194002676,1.51414240659002));
#8067=CARTESIAN_POINT('Ctrl Pts',(-23.334548554479,70.0001898299101,1.57919151839915));
#8068=CARTESIAN_POINT('Ctrl Pts',(-23.2664231950467,70.0000723416945,1.64036586278615));
#8069=CARTESIAN_POINT('Ctrl Pts',(-23.1949084350378,70.0000134716378,1.69730763923871));
#8070=CARTESIAN_POINT('Ctrl Pts',(-23.1264219348762,69.9999570944067,1.75183824217627));
#8071=CARTESIAN_POINT('Ctrl Pts',(-23.0548261679971,69.9999545506424,1.80248757137474));
#8072=CARTESIAN_POINT('Ctrl Pts',(-22.9804983163472,69.9999713246138,1.84915781159861));
#8073=CARTESIAN_POINT('Ctrl Pts',(-22.9561185346748,69.999976826532,1.86446580506265));
#8074=CARTESIAN_POINT('Ctrl Pts',(-22.9314445856804,69.9999845078668,1.87934536815113));
#8075=CARTESIAN_POINT('Ctrl Pts',(-22.9064891785023,69.9999934375757,1.89379203683752));
#8076=CARTESIAN_POINT('Ctrl Pts',(-22.881152600252,70.0000025036778,1.90845936520514));
#8077=CARTESIAN_POINT('Ctrl Pts',(-22.8555594417075,70.0000128199032,1.92266105708201));
#8078=CARTESIAN_POINT('Ctrl Pts',(-22.829724867507,70.0000235940064,1.93639552445018));
#8079=CARTESIAN_POINT('Ctrl Pts',(-24.9787244076302,75.,0.75206409173247));
#8080=CARTESIAN_POINT('Ctrl Pts',(-24.7506501312994,73.7053686750782,0.742411771224615));
#8081=CARTESIAN_POINT('Ctrl Pts',(-24.5225758549686,72.4107373501564,0.732759450716761));
#8082=CARTESIAN_POINT('Ctrl Pts',(-24.2945015786378,71.1161060252346,0.723107130208906));
#8083=CARTESIAN_POINT('Ctrl Pts',(-24.9896755835994,75.,0.493299214195077));
#8084=CARTESIAN_POINT('Ctrl Pts',(-24.7615167257622,73.7053686750782,0.485644061904925));
#8085=CARTESIAN_POINT('Ctrl Pts',(-24.5333576019806,72.4107373501564,0.477999407555131));
#8086=CARTESIAN_POINT('Ctrl Pts',(-24.3051987441433,71.1161060252346,0.470344255264979));
#8087=CARTESIAN_POINT('Ctrl Pts',(-24.9968554995528,75.,0.242426906940414));
#8088=CARTESIAN_POINT('Ctrl Pts',(-24.7686279263457,73.7053686750782,0.237021869971832));
#8089=CARTESIAN_POINT('Ctrl Pts',(-24.5404003597642,72.4107373501564,0.231627040355847));
#8090=CARTESIAN_POINT('Ctrl Pts',(-24.3121727865571,71.1161060252346,0.226222003387265));
#8091=CARTESIAN_POINT('Ctrl Pts',(-25.,75.,0.));
#8092=CARTESIAN_POINT('Ctrl Pts',(-24.7717407682541,73.7053686750782,-0.00296073264043185));
#8093=CARTESIAN_POINT('Ctrl Pts',(-24.5434815365082,72.4107373501564,-0.00592146528086367));
#8094=CARTESIAN_POINT('Ctrl Pts',(-24.3152223047623,71.1161060252346,-0.00888219792129552));
#8095=CARTESIAN_POINT('',(-25.,75.,-3.02726922142532E-17));
#8096=CARTESIAN_POINT('Ctrl Pts',(-25.,75.,-4.16333634234434E-17));
#8097=CARTESIAN_POINT('Ctrl Pts',(-24.9995793905472,75.,0.0324271057910562));
#8098=CARTESIAN_POINT('Ctrl Pts',(-24.9975490355663,75.,0.170056494412612));
#8099=CARTESIAN_POINT('Ctrl Pts',(-24.9942649651098,75.,0.318437083558618));
#8100=CARTESIAN_POINT('Ctrl Pts',(-24.9897895303124,75.,0.469310984424405));
#8101=CARTESIAN_POINT('Ctrl Pts',(-24.9841575572304,75.,0.622605312325157));
#8102=CARTESIAN_POINT('Ctrl Pts',(-24.9791017918781,75.,0.743146895169722));
#8103=CARTESIAN_POINT('Ctrl Pts',(-24.9787244076302,75.,0.752064091732362));
#8104=CARTESIAN_POINT('Ctrl Pts',(-25.,75.,-1.43029718152746E-16));
#8105=CARTESIAN_POINT('Ctrl Pts',(-24.8530614815943,74.1666702519641,-0.000952923934879142));
#8106=CARTESIAN_POINT('Ctrl Pts',(-24.7061229104507,73.3333405137207,-0.00190627939895574));
#8107=CARTESIAN_POINT('Ctrl Pts',(-24.4778443049121,72.0387091957718,-0.0033880810061871));
#8108=CARTESIAN_POINT('Ctrl Pts',(-24.3965043092072,71.5774076088851,-0.00391621348646992));
#8109=CARTESIAN_POINT('Ctrl Pts',(-24.315164295852,71.1161060252735,-0.00444448827561287));
#8110=CARTESIAN_POINT('Ctrl Pts',(-25.,75.,0.));
#8111=CARTESIAN_POINT('Ctrl Pts',(-24.854197825504,76.6666666666667,-0.00189118860067336));
#8112=CARTESIAN_POINT('Ctrl Pts',(-24.708395651008,78.3333333333333,-0.00378237720134652));
#8113=CARTESIAN_POINT('Ctrl Pts',(-24.5625934765119,80.,-0.00567356580201989));
#8114=CARTESIAN_POINT('Ctrl Pts',(-24.9886793665554,75.,0.872770157511334));
#8115=CARTESIAN_POINT('Ctrl Pts',(-24.8429680477356,76.6666666666667,0.865143660250979));
#8116=CARTESIAN_POINT('Ctrl Pts',(-24.6972025842666,78.3333333333333,0.857883701362238));
#8117=CARTESIAN_POINT('Ctrl Pts',(-24.5514912654468,80.,0.850257204101882));
#8118=CARTESIAN_POINT('Ctrl Pts',(-24.9246547425744,75.,1.85584030705482));
#8119=CARTESIAN_POINT('Ctrl Pts',(-24.7792459410783,76.6666666666667,1.84480428312117));
#8120=CARTESIAN_POINT('Ctrl Pts',(-24.6337865284807,78.3333333333333,1.8339117778849));
#8121=CARTESIAN_POINT('Ctrl Pts',(-24.4883777269846,80.,1.82287575395125));
#8122=CARTESIAN_POINT('Ctrl Pts',(-24.8246439762027,75.,2.91422299307034));
#8123=CARTESIAN_POINT('Ctrl Pts',(-24.6794762059779,76.6666666666667,2.90050551625927));
#8124=CARTESIAN_POINT('Ctrl Pts',(-24.5343084357532,78.3333333333333,2.8867880394482));
#8125=CARTESIAN_POINT('Ctrl Pts',(-24.3891406655284,80.,2.87307056263713));
#8126=CARTESIAN_POINT('',(-24.4077223212694,80.,2.67253833719981));
#8127=CARTESIAN_POINT('Ctrl Pts',(-24.6095152706194,77.4698859960816,2.89389462997081));
#8128=CARTESIAN_POINT('Ctrl Pts',(-24.5423850231138,78.3131117089029,2.82012193930538));
#8129=CARTESIAN_POINT('Ctrl Pts',(-24.475097476335,79.1567991684877,2.74630885103277));
#8130=CARTESIAN_POINT('Ctrl Pts',(-24.4077223212694,80.,2.67253833719981));
#8131=CARTESIAN_POINT('',(-24.5625565183939,80.,-0.00283819734222047));
#8132=CARTESIAN_POINT('Ctrl Pts',(-24.4077355138534,80.,2.67251346036839));
#8133=CARTESIAN_POINT('Ctrl Pts',(-24.4961343576272,80.,1.70007911062841));
#8134=CARTESIAN_POINT('Ctrl Pts',(-24.5520693317023,80.,0.797640916289059));
#8135=CARTESIAN_POINT('Ctrl Pts',(-24.5625565143506,80.,-0.00283818328667685));
#8136=CARTESIAN_POINT('Ctrl Pts',(-25.,75.,-1.43029718152746E-16));
#8137=CARTESIAN_POINT('Ctrl Pts',(-24.9270926991345,75.8333342621458,-0.000472817561902155));
#8138=CARTESIAN_POINT('Ctrl Pts',(-24.8541853849639,76.6666685230672,-0.000945741382913875));
#8139=CARTESIAN_POINT('Ctrl Pts',(-24.7083708913491,78.3333351897571,-0.0018918054775252));
#8140=CARTESIAN_POINT('Ctrl Pts',(-24.635463711905,79.1666675955255,-0.00236494575065663));
#8141=CARTESIAN_POINT('Ctrl Pts',(-24.5625565183939,80.,-0.00283819734222047));
#8142=CARTESIAN_POINT('Origin',(-21.9472880267293,75.,3.10998165482941));
#8143=CARTESIAN_POINT('',(-21.9472880267293,75.,3.10998165482941));
#8144=CARTESIAN_POINT('',(-24.8058060563777,75.,3.10998165482941));
#8145=CARTESIAN_POINT('',(-22.3847313443589,80.,2.67253833719979));
#8146=CARTESIAN_POINT('',(-21.9672562699481,75.2282380643853,3.0900134116106));
#8147=CARTESIAN_POINT('',(-24.8058060563777,80.,2.67253833719979));
#8148=CARTESIAN_POINT('Origin',(-24.8058060563777,75.,3.10998165482941));
#8149=CARTESIAN_POINT('',(-21.9891239519275,74.7627366780164,3.06814572963118));
#8150=CARTESIAN_POINT('Ctrl Pts',(-24.1186759014557,70.0017665106451,-0.00572088984318223));
#8151=CARTESIAN_POINT('Ctrl Pts',(-24.5724409724706,72.5751920697328,-0.00277255430404412));
#8152=CARTESIAN_POINT('Ctrl Pts',(-25.0287628148817,75.1631210819031,0.000187864407960844));
#8153=CARTESIAN_POINT('Ctrl Pts',(-25.4848633079712,77.7497975624265,0.00314289071407337));
#8154=CARTESIAN_POINT('Ctrl Pts',(-23.8729579156063,69.9444158288158,-0.443601379127224));
#8155=CARTESIAN_POINT('Ctrl Pts',(-24.3716595021751,72.5020043252815,-0.577155432576008));
#8156=CARTESIAN_POINT('Ctrl Pts',(-24.9238498564844,75.0637580767694,-0.68676037404563));
#8157=CARTESIAN_POINT('Ctrl Pts',(-25.5258553058507,77.6080205363827,-0.756336984394644));
#8158=CARTESIAN_POINT('Ctrl Pts',(-23.2030129443512,69.8866027203763,-1.0785553698175));
#8159=CARTESIAN_POINT('Ctrl Pts',(-23.654535986955,72.4392162078887,-1.44665225541764));
#8160=CARTESIAN_POINT('Ctrl Pts',(-24.2395009524862,74.9782595884309,-1.8022005542821));
#8161=CARTESIAN_POINT('Ctrl Pts',(-24.935063211865,77.4796649090838,-2.12674699038759));
#8162=CARTESIAN_POINT('Ctrl Pts',(-22.3209289626221,69.9203027619456,-1.29174966795748));
#8163=CARTESIAN_POINT('Ctrl Pts',(-22.6040728288709,72.5135652941938,-1.74922401869979));
#8164=CARTESIAN_POINT('Ctrl Pts',(-23.0481230704466,75.0916495138931,-2.20226140474325));
#8165=CARTESIAN_POINT('Ctrl Pts',(-23.6020411075911,77.6424152372364,-2.65336644541666));
#8166=CARTESIAN_POINT('Ctrl Pts',(-21.9430912904771,69.9499196022606,-1.29697191598835));
#8167=CARTESIAN_POINT('Ctrl Pts',(-22.1545769898196,72.5665986490878,-1.75836303179849));
#8168=CARTESIAN_POINT('Ctrl Pts',(-22.5370650719347,75.1680747468779,-2.21707345750704));
#8169=CARTESIAN_POINT('Ctrl Pts',(-23.0318535159421,77.7484521319385,-2.6720636109032));
#8170=CARTESIAN_POINT('',(-24.6986147639904,77.5536975520131,-1.96401775898169));
#8171=CARTESIAN_POINT('Ctrl Pts',(-25.,75.,7.61543605953818E-15));
#8172=CARTESIAN_POINT('Ctrl Pts',(-24.9919962239822,75.0914835785031,-0.2145832820435));
#8173=CARTESIAN_POINT('Ctrl Pts',(-24.9746974158021,75.256004935769,-0.415249211060945));
#8174=CARTESIAN_POINT('Ctrl Pts',(-24.9565197919456,75.4199156732364,-0.580152128678771));
#8175=CARTESIAN_POINT('Ctrl Pts',(-24.9195375613289,75.7533907600482,-0.915645798085527));
#8176=CARTESIAN_POINT('Ctrl Pts',(-24.8660544711908,76.2018649153031,-1.22149317185116));
#8177=CARTESIAN_POINT('Ctrl Pts',(-24.7796687498025,76.9066180533164,-1.63936931508646));
#8178=CARTESIAN_POINT('Ctrl Pts',(-24.7399152476735,77.2253442198807,-1.807042040375));
#8179=CARTESIAN_POINT('Ctrl Pts',(-24.6986147639904,77.5536975520131,-1.96401775898169));
#8180=CARTESIAN_POINT('',(-22.5533383966074,74.9999999999997,-2.18743734485668));
#8181=CARTESIAN_POINT('Ctrl Pts',(-24.6986147639904,77.5536975520131,-1.96401775898169));
#8182=CARTESIAN_POINT('Ctrl Pts',(-24.508001932608,77.1475940351455,-1.99954721292562));
#8183=CARTESIAN_POINT('Ctrl Pts',(-24.3044340729905,76.7533989342444,-2.03403481547192));
#8184=CARTESIAN_POINT('Ctrl Pts',(-23.8560050198036,76.0083443729723,-2.09921864329152));
#8185=CARTESIAN_POINT('Ctrl Pts',(-23.5682436881292,75.6000455260303,-2.13494016372964));
#8186=CARTESIAN_POINT('Ctrl Pts',(-23.1480999529258,75.2313567066187,-2.16719625579691));
#8187=CARTESIAN_POINT('Ctrl Pts',(-23.0267542708537,75.1433779541544,-2.17489339926869));
#8188=CARTESIAN_POINT('Ctrl Pts',(-22.8408629207749,75.0566382596537,-2.1824821392152));
#8189=CARTESIAN_POINT('Ctrl Pts',(-22.7826092618099,75.0352603760692,-2.18435246167902));
#8190=CARTESIAN_POINT('Ctrl Pts',(-22.6670285812481,75.0073697729228,-2.18679257327324));
#8191=CARTESIAN_POINT('Ctrl Pts',(-22.6104977991504,75.,-2.18743734485674));
#8192=CARTESIAN_POINT('Ctrl Pts',(-22.5533383966075,75.,-2.18743734485674));
#8193=CARTESIAN_POINT('',(-22.2810628313011,73.1070690189856,-1.85366254028495));
#8194=CARTESIAN_POINT('Ctrl Pts',(-22.5511322109924,74.9999170874181,-2.1874227251315));
#8195=CARTESIAN_POINT('Ctrl Pts',(-22.4521025507953,74.3700168057475,-2.07635431031711));
#8196=CARTESIAN_POINT('Ctrl Pts',(-22.3609168961922,73.7389960028842,-1.96508831738399));
#8197=CARTESIAN_POINT('Ctrl Pts',(-22.2784152249938,73.1069390423748,-1.85363962190161));
#8198=CARTESIAN_POINT('',(-22.8289229302716,70.,-1.1428866214529));
#8199=CARTESIAN_POINT('Ctrl Pts',(-22.2810628313011,73.1070690189854,-1.85366254028493));
#8200=CARTESIAN_POINT('Ctrl Pts',(-22.4648471351946,72.0647764375829,-1.6698782363914));
#8201=CARTESIAN_POINT('Ctrl Pts',(-22.6475337091849,71.0287093918239,-1.4263312857309));
#8202=CARTESIAN_POINT('Ctrl Pts',(-22.8289229302716,70.,-1.14288662145289));
#8203=CARTESIAN_POINT('Ctrl Pts',(-22.8291286182316,69.9999897511264,-1.14284412043325));
#8204=CARTESIAN_POINT('Ctrl Pts',(-22.9051707351076,69.9999803023025,-1.11375248239178));
#8205=CARTESIAN_POINT('Ctrl Pts',(-22.9797571621902,69.9999739914142,-1.08086351192449));
#8206=CARTESIAN_POINT('Ctrl Pts',(-23.0525775151882,69.9999861635732,-1.04420352390275));
#8207=CARTESIAN_POINT('Ctrl Pts',(-23.1108638317145,69.9999959063207,-1.01486041338879));
#8208=CARTESIAN_POINT('Ctrl Pts',(-23.1680183856784,70.0000176721319,-0.983100450979172));
#8209=CARTESIAN_POINT('Ctrl Pts',(-23.2239255804095,70.0000418429283,-0.949014378548602));
#8210=CARTESIAN_POINT('Ctrl Pts',(-23.2987096764088,70.0000741749237,-0.90341924316133));
#8211=CARTESIAN_POINT('Ctrl Pts',(-23.3709010476909,70.0001097947643,-0.853884433070042));
#8212=CARTESIAN_POINT('Ctrl Pts',(-23.4402745187508,70.0001357665907,-0.800706163532416));
#8213=CARTESIAN_POINT('Ctrl Pts',(-23.5100556382796,70.0001618910313,-0.747215410853559));
#8214=CARTESIAN_POINT('Ctrl Pts',(-23.5769864117592,70.0001783053135,-0.690037698289811));
#8215=CARTESIAN_POINT('Ctrl Pts',(-23.6408102854379,70.0001798968059,-0.629430705780164));
#8216=CARTESIAN_POINT('Ctrl Pts',(-23.6734162129378,70.0001807098573,-0.598468197711353));
#8217=CARTESIAN_POINT('Ctrl Pts',(-23.7052107542212,70.0001777786186,-0.56661002598108));
#8218=CARTESIAN_POINT('Ctrl Pts',(-23.7361559797612,70.0001711548923,-0.533886900173436));
#8219=CARTESIAN_POINT('Ctrl Pts',(-23.7963142920237,70.0001582781984,-0.470272304183721));
#8220=CARTESIAN_POINT('Ctrl Pts',(-23.8530351996828,70.0001311178144,-0.403634077776994));
#8221=CARTESIAN_POINT('Ctrl Pts',(-23.9060899048977,70.0001004993131,-0.334242856028237));
#8222=CARTESIAN_POINT('Ctrl Pts',(-23.9587077438322,70.0000701329325,-0.265423019697843));
#8223=CARTESIAN_POINT('Ctrl Pts',(-24.0077201474888,70.0000364285021,-0.19389474245428));
#8224=CARTESIAN_POINT('Ctrl Pts',(-24.0528693487236,70.0000165282075,-0.119885428616673));
#8225=CARTESIAN_POINT('Ctrl Pts',(-24.0730366671873,70.0000076391116,-0.0868268282289828));
#8226=CARTESIAN_POINT('Ctrl Pts',(-24.0924326619857,70.0000015866096,-0.0532727645324719));
#8227=CARTESIAN_POINT('Ctrl Pts',(-24.1110315937645,70.0000002759508,-0.0192415903086773));
#8228=CARTESIAN_POINT('Origin',(-21.9472880267293,75.,-2.18743734485674));
#8229=CARTESIAN_POINT('',(-21.9472880267293,75.,-2.18743734485674));
#8230=CARTESIAN_POINT('',(-21.9472880267293,75.,-2.18743734485674));
#8231=CARTESIAN_POINT('',(-22.0248185592346,74.5603025005376,-2.10990681235147));
#8232=CARTESIAN_POINT('Origin',(-24.9041184919749,75.,-2.18743734485674));
#8233=CARTESIAN_POINT('',(-24.5001369726646,80.,-1.74999402722712));
#8234=CARTESIAN_POINT('Ctrl Pts',(-24.6986147639904,77.5536975520131,-1.96401775898169));
#8235=CARTESIAN_POINT('Ctrl Pts',(-24.5993758683257,78.7817832173483,-1.85657418542617));
#8236=CARTESIAN_POINT('Ctrl Pts',(-24.5001369726653,79.9999999999917,-1.74999402722785));
#8237=CARTESIAN_POINT('',(-22.3847313443589,80.,-1.74999402722712));
#8238=CARTESIAN_POINT('',(-21.9472880267293,80.,-1.74999402722712));
#8239=CARTESIAN_POINT('',(-21.9584335883491,75.1273943522578,-2.17629178323695));
#8240=CARTESIAN_POINT('Origin',(0.,75.,0.));
#8241=CARTESIAN_POINT('Origin',(0.,80.,0.));
#8242=CARTESIAN_POINT('Origin',(-21.9472880267293,75.,3.10998165482941));
#8243=CARTESIAN_POINT('',(-22.8289229302716,70.,3.10998165482941));
#8244=CARTESIAN_POINT('',(-21.9472880267293,75.,3.10998165482941));
#8245=CARTESIAN_POINT('Origin',(-23.4736440133646,70.,0.461272154986335));
#8246=CARTESIAN_POINT('Origin',(-21.9472880267293,75.,-2.18743734485674));
#8247=CARTESIAN_POINT('',(-22.3847313443589,80.,3.10998165482941));
#8248=CARTESIAN_POINT('Origin',(-23.4736440133646,80.,0.461272154986335));
#8249=CARTESIAN_POINT('Origin',(-7.69245080882268,80.,-22.1822211651804));
#8250=CARTESIAN_POINT('',(-5.90661546599539,80.,-23.8417928124443));
#8251=CARTESIAN_POINT('',(-5.25291917685251,80.,-21.8299225050367));
#8252=CARTESIAN_POINT('',(-5.1177417576292,80.,-21.4138891872953));
#8253=CARTESIAN_POINT('',(-7.587548103402,80.,-23.3612564848986));
#8254=CARTESIAN_POINT('Origin',(0.,80.,0.));
#8255=CARTESIAN_POINT('',(-10.0841359918995,80.,-22.3872635972527));
#8256=CARTESIAN_POINT('Ctrl Pts',(-10.0841164093595,80.,-22.3872838315093));
#8257=CARTESIAN_POINT('Ctrl Pts',(-9.18659312937925,80.,-22.7718548678969));
#8258=CARTESIAN_POINT('Ctrl Pts',(-8.34560826166831,80.,-23.1039209279037));
#8259=CARTESIAN_POINT('Ctrl Pts',(-7.58754811552017,80.,-23.3612564767098));
#8260=CARTESIAN_POINT('',(-9.45899740056695,80.,-20.4632848462556));
#8261=CARTESIAN_POINT('',(-10.2071506312322,80.,-22.7658637275585));
#8262=CARTESIAN_POINT('',(-9.87503071830837,80.,-20.3281074270323));
#8263=CARTESIAN_POINT('Origin',(-4.70170843988778,75.,-21.5490666065186));
#8264=CARTESIAN_POINT('',(-9.73985329908506,75.,-19.9120741092909));
#8265=CARTESIAN_POINT('',(-9.72703289775526,75.2282380643853,-19.9372355636255));
#8266=CARTESIAN_POINT('',(-4.70170843988778,75.,-21.5490666065186));
#8267=CARTESIAN_POINT('',(-9.73985329908506,75.,-19.9120741092909));
#8268=CARTESIAN_POINT('',(-4.71575266684642,75.1273943522578,-21.5562224975725));
#8269=CARTESIAN_POINT('Origin',(-7.69245080882268,70.,-22.1822211651804));
#8270=CARTESIAN_POINT('',(-7.43241805873421,70.,-22.9369011219693));
#8271=CARTESIAN_POINT('',(-8.89703422714672,70.,-21.1129284227691));
#8272=CARTESIAN_POINT('Ctrl Pts',(-7.43212271075317,70.0001083522752,-22.9365215132758));
#8273=CARTESIAN_POINT('Ctrl Pts',(-7.51407881541849,70.0001942081045,-22.9015561247413));
#8274=CARTESIAN_POINT('Ctrl Pts',(-7.59394719830578,70.0003174604032,-22.8621571001192));
#8275=CARTESIAN_POINT('Ctrl Pts',(-7.67148031973383,70.0004421861318,-22.818596102765));
#8276=CARTESIAN_POINT('Ctrl Pts',(-7.74900978796028,70.0005669059837,-22.7750371579156));
#8277=CARTESIAN_POINT('Ctrl Pts',(-7.82420488087331,70.0006930244942,-22.7273159894255));
#8278=CARTESIAN_POINT('Ctrl Pts',(-7.89678788679442,70.0007961857871,-22.6756640455029));
#8279=CARTESIAN_POINT('Ctrl Pts',(-7.96133904638966,70.0008879315202,-22.6297277711197));
#8280=CARTESIAN_POINT('Ctrl Pts',(-8.02382413942353,70.0009616396943,-22.5806816764207));
#8281=CARTESIAN_POINT('Ctrl Pts',(-8.08402119395484,70.0010086170019,-22.5286680297198));
#8282=CARTESIAN_POINT('Ctrl Pts',(-8.15161018001271,70.0010613629147,-22.4702673377083));
#8283=CARTESIAN_POINT('Ctrl Pts',(-8.21591246207868,70.0010784552581,-22.4084739976806));
#8284=CARTESIAN_POINT('Ctrl Pts',(-8.27669115044549,70.0010566894227,-22.3435806803173));
#8285=CARTESIAN_POINT('Ctrl Pts',(-8.33731308300296,70.0010349797241,-22.2788547309042));
#8286=CARTESIAN_POINT('Ctrl Pts',(-8.39443020996523,70.0009745501326,-22.2110440835577));
#8287=CARTESIAN_POINT('Ctrl Pts',(-8.4477730288278,70.0008842608214,-22.1404026803541));
#8288=CARTESIAN_POINT('Ctrl Pts',(-8.499860224301,70.0007960968079,-22.0714240876284));
#8289=CARTESIAN_POINT('Ctrl Pts',(-8.54834915860235,70.0006794425077,-21.9997457330775));
#8290=CARTESIAN_POINT('Ctrl Pts',(-8.59294824125756,70.0005545744892,-21.9255796341709));
#8291=CARTESIAN_POINT('Ctrl Pts',(-8.62037767891426,70.000477777853,-21.8799658173594));
#8292=CARTESIAN_POINT('Ctrl Pts',(-8.64633494697137,70.0003981108975,-21.8334105687282));
#8293=CARTESIAN_POINT('Ctrl Pts',(-8.67074313665745,70.0003226958232,-21.7859601404532));
#8294=CARTESIAN_POINT('Ctrl Pts',(-8.71266162759501,70.0001931783887,-21.7044690354918));
#8295=CARTESIAN_POINT('Ctrl Pts',(-8.74978999236028,70.0000756902629,-21.6207740562153));
#8296=CARTESIAN_POINT('Ctrl Pts',(-8.78184578492002,70.0000167517276,-21.5351636729772));
#8297=CARTESIAN_POINT('Ctrl Pts',(-8.81254442895048,69.9999603084775,-21.4531777830497));
#8298=CARTESIAN_POINT('Ctrl Pts',(-8.83859107666298,69.9999576366402,-21.3694343147371));
#8299=CARTESIAN_POINT('Ctrl Pts',(-8.86000918642972,69.9999742413343,-21.2843221707624));
#8300=CARTESIAN_POINT('Ctrl Pts',(-8.86703417563586,69.9999796875571,-21.2564059867833));
#8301=CARTESIAN_POINT('Ctrl Pts',(-8.87356083868399,69.999987308626,-21.2283424438047));
#8302=CARTESIAN_POINT('Ctrl Pts',(-8.87958885495095,69.999996174321,-21.2001450055406));
#8303=CARTESIAN_POINT('Ctrl Pts',(-8.88570908915603,70.0000051756455,-21.1715161965731));
#8304=CARTESIAN_POINT('Ctrl Pts',(-8.89130720107449,70.000015423377,-21.1427872641625));
#8305=CARTESIAN_POINT('Ctrl Pts',(-8.89638636391659,70.0000261260828,-21.1139731194209));
#8306=CARTESIAN_POINT('',(-5.96757538001052,70.,-22.0647673015074));
#8307=CARTESIAN_POINT('Ctrl Pts',(-5.96768071458065,69.9999901920375,-22.0649479053282));
#8308=CARTESIAN_POINT('Ctrl Pts',(-6.01884694135828,69.9999807851026,-22.1282782666189));
#8309=CARTESIAN_POINT('Ctrl Pts',(-6.0731747834278,69.9999745064551,-22.1890507856016));
#8310=CARTESIAN_POINT('Ctrl Pts',(-6.13054327391922,69.9999866927468,-22.2469784371464));
#8311=CARTESIAN_POINT('Ctrl Pts',(-6.17646172745256,69.9999964468063,-22.2933444501436));
#8312=CARTESIAN_POINT('Ctrl Pts',(-6.22432897425556,70.0000182123097,-22.3378872943008));
#8313=CARTESIAN_POINT('Ctrl Pts',(-6.27402300052247,70.000042373849,-22.3805250600274));
#8314=CARTESIAN_POINT('Ctrl Pts',(-6.34049631054029,70.0000746935785,-22.437559549533));
#8315=CARTESIAN_POINT('Ctrl Pts',(-6.40991525032621,70.0001102852365,-22.490910826276));
#8316=CARTESIAN_POINT('Ctrl Pts',(-6.4819285362968,70.0001362195989,-22.5404562409131));
#8317=CARTESIAN_POINT('Ctrl Pts',(-6.55436445402602,70.0001623061649,-22.5902924278075));
#8318=CARTESIAN_POINT('Ctrl Pts',(-6.62942602454549,70.0001786733174,-22.6362785087609));
#8319=CARTESIAN_POINT('Ctrl Pts',(-6.70678892472042,70.0001802153218,-22.6782500867247));
#8320=CARTESIAN_POINT('Ctrl Pts',(-6.74631173375421,70.000181003094,-22.6996923369113));
#8321=CARTESIAN_POINT('Ctrl Pts',(-6.78643563561072,70.0001780459305,-22.7200861401023));
#8322=CARTESIAN_POINT('Ctrl Pts',(-6.82711970569469,70.0001713965602,-22.7394049089879));
#8323=CARTESIAN_POINT('Ctrl Pts',(-6.90621019813028,70.0001584700764,-22.7769609091927));
#8324=CARTESIAN_POINT('Ctrl Pts',(-6.98711410428551,70.0001312612942,-22.8103134242941));
#8325=CARTESIAN_POINT('Ctrl Pts',(-7.06950335826895,70.0001006025186,-22.8393284579422));
#8326=CARTESIAN_POINT('Ctrl Pts',(-7.15121361467997,70.0000701964124,-22.8681043689322));
#8327=CARTESIAN_POINT('Ctrl Pts',(-7.23438560211417,70.0000364602819,-22.8926144203257));
#8328=CARTESIAN_POINT('Ctrl Pts',(-7.3187234236937,70.0000165426482,-22.9126837095525));
#8329=CARTESIAN_POINT('Ctrl Pts',(-7.35639742165848,70.000007645372,-22.9216487307888));
#8330=CARTESIAN_POINT('Ctrl Pts',(-7.3943043085528,70.0000015878327,-22.9297269951202));
#8331=CARTESIAN_POINT('Ctrl Pts',(-7.43241867513679,70.0000002761458,-22.9368996894191));
#8332=CARTESIAN_POINT('',(-10.0122934671138,70.,-20.7505587292981));
#8333=CARTESIAN_POINT('Origin',(-9.73985329908506,75.,-19.9120741092909));
#8334=CARTESIAN_POINT('',(-9.55296914102529,73.3492095279032,-20.2788549190043));
#8335=CARTESIAN_POINT('Ctrl Pts',(-8.89703422714673,70.,-21.1129284227691));
#8336=CARTESIAN_POINT('Ctrl Pts',(-9.210161432562,71.0727993198058,-20.812288988684));
#8337=CARTESIAN_POINT('Ctrl Pts',(-9.42648499645095,72.231946170139,-20.5270940321329));
#8338=CARTESIAN_POINT('Ctrl Pts',(-9.55296914236056,73.3492095358297,-20.2788549185909));
#8339=CARTESIAN_POINT('',(-5.12228922965779,73.1070690189856,-21.7633632224749));
#8340=CARTESIAN_POINT('Ctrl Pts',(-5.12228922965782,73.1070690189854,-21.7633632224749));
#8341=CARTESIAN_POINT('Ctrl Pts',(-5.35387096267101,72.0647764375829,-21.8813600090832));
#8342=CARTESIAN_POINT('Ctrl Pts',(-5.64195113312758,71.0287093918239,-21.9798451190339));
#8343=CARTESIAN_POINT('Ctrl Pts',(-5.96757538001052,70.,-22.0647673015074));
#8344=CARTESIAN_POINT('',(-4.79940261016582,74.5603025005376,-21.5988442725425));
#8345=CARTESIAN_POINT('',(-9.71299298167169,74.7627366780164,-19.9647904504276));
#8346=CARTESIAN_POINT('Origin',(0.,75.,0.));
#8347=CARTESIAN_POINT('',(-7.72542485937369,75.,-23.7764129073788));
#8348=CARTESIAN_POINT('',(-5.76439981179407,77.5536975520131,-24.0966933795363));
#8349=CARTESIAN_POINT('Ctrl Pts',(-7.7254248593737,75.,-23.7764129073788));
#8350=CARTESIAN_POINT('Ctrl Pts',(-7.51887072788955,75.0914835785031,-23.8351107449023));
#8351=CARTESIAN_POINT('Ctrl Pts',(-7.32268046278899,75.256004935769,-23.8806677829169));
#8352=CARTESIAN_POINT('Ctrl Pts',(-7.16023127374346,75.4199156732364,-23.9143376392634));
#8353=CARTESIAN_POINT('Ctrl Pts',(-6.82972969552794,75.7533907600482,-23.9828386932001));
#8354=CARTESIAN_POINT('Ctrl Pts',(-6.52232437395202,76.2018649153031,-24.0264852879912));
#8355=CARTESIAN_POINT('Ctrl Pts',(-6.09820588894349,76.9066180533164,-24.0734584145536));
#8356=CARTESIAN_POINT('Ctrl Pts',(-5.92645514320908,77.2253442198807,-24.0874643089156));
#8357=CARTESIAN_POINT('Ctrl Pts',(-5.76439981179408,77.5536975520131,-24.0966933795363));
#8358=CARTESIAN_POINT('Ctrl Pts',(-7.72542485937369,75.,-23.7764129073788));
#8359=CARTESIAN_POINT('Ctrl Pts',(-7.70244558816897,75.8333342621458,-23.7072200524671));
#8360=CARTESIAN_POINT('Ctrl Pts',(-7.67946621179434,76.6666685230672,-23.6380272177373));
#8361=CARTESIAN_POINT('Ctrl Pts',(-7.63350729481918,78.3333351897571,-23.4996417432977));
#8362=CARTESIAN_POINT('Ctrl Pts',(-7.61052775421913,79.1666675955255,-23.4304491035878));
#8363=CARTESIAN_POINT('Ctrl Pts',(-7.587548103402,80.,-23.3612564848986));
#8364=CARTESIAN_POINT('Ctrl Pts',(-5.76439981179408,77.5536975520131,-24.0966933795363));
#8365=CARTESIAN_POINT('Ctrl Pts',(-5.83591821729468,78.7817832173483,-23.9691096909794));
#8366=CARTESIAN_POINT('Ctrl Pts',(-5.90661546599491,79.9999999999917,-23.8417928124452));
#8367=CARTESIAN_POINT('Origin',(-5.61541930313426,75.,-24.3611794880705));
#8368=CARTESIAN_POINT('',(-4.88898830362738,74.9999999999997,-22.1254547599942));
#8369=CARTESIAN_POINT('Ctrl Pts',(-5.76439981179408,77.5536975520131,-24.0966933795363));
#8370=CARTESIAN_POINT('Ctrl Pts',(-5.6717066888572,77.1475940351454,-23.9263890092301));
#8371=CARTESIAN_POINT('Ctrl Pts',(-5.5760011015938,76.7533989342444,-23.7434417251147));
#8372=CARTESIAN_POINT('Ctrl Pts',(-5.37543539918268,76.0083443729723,-23.3371032625399));
#8373=CARTESIAN_POINT('Ctrl Pts',(-5.25253907258671,75.6000455260303,-23.0744645297935));
#8374=CARTESIAN_POINT('Ctrl Pts',(-5.09203015177789,75.2313567066187,-22.6848517732687));
#8375=CARTESIAN_POINT('Ctrl Pts',(-5.04721185536789,75.1433779541544,-22.5718237197506));
#8376=CARTESIAN_POINT('Ctrl Pts',(-4.98255094850964,75.0566382596537,-22.3973755895446));
#8377=CARTESIAN_POINT('Ctrl Pts',(-4.96277079553813,75.0352603760692,-22.3425510290142));
#8378=CARTESIAN_POINT('Ctrl Pts',(-4.92473371699095,75.0073697729228,-22.2333813055588));
#8379=CARTESIAN_POINT('Ctrl Pts',(-4.90665153040146,75.,-22.1798165822504));
#8380=CARTESIAN_POINT('Ctrl Pts',(-4.88898830362736,75.,-22.1254547599944));
#8381=CARTESIAN_POINT('',(-4.70170843988778,75.,-21.5490666065186));
#8382=CARTESIAN_POINT('Origin',(-4.70170843988778,75.,-21.5490666065186));
#8383=CARTESIAN_POINT('Ctrl Pts',(-4.8883204589645,74.9999170874181,-22.1233520350454));
#8384=CARTESIAN_POINT('Ctrl Pts',(-4.96335095068024,74.3700168057475,-21.9948472036926));
#8385=CARTESIAN_POINT('Ctrl Pts',(-5.04099328138575,73.7389960028842,-21.8737414099773));
#8386=CARTESIAN_POINT('Ctrl Pts',(-5.12149287099225,73.1069390423748,-21.7608381170739));
#8387=CARTESIAN_POINT('Ctrl Pts',(-7.44763984580696,70.0017665106451,-22.9399917326748));
#8388=CARTESIAN_POINT('Ctrl Pts',(-7.59066499793097,72.5751920697318,-23.3706368745438));
#8389=CARTESIAN_POINT('Ctrl Pts',(-7.73449172764757,75.1631210819031,-23.8037099166044));
#8390=CARTESIAN_POINT('Ctrl Pts',(-7.87824492817925,77.7497975624265,-24.2365741092951));
#8391=CARTESIAN_POINT('Ctrl Pts',(-6.9552597196638,69.9444158288158,-22.8416125537558));
#8392=CARTESIAN_POINT('Ctrl Pts',(-6.9823495322252,72.5020043252806,-23.357176419532));
#8393=CARTESIAN_POINT('Ctrl Pts',(-7.04874524203388,75.0637580767694,-23.9162104438149));
#8394=CARTESIAN_POINT('Ctrl Pts',(-7.16860386794023,77.6080205363827,-24.5102520042887));
#8395=CARTESIAN_POINT('Ctrl Pts',(-6.14436152015795,69.8866037980445,-22.4006639917177));
#8396=CARTESIAN_POINT('Ctrl Pts',(-5.93380887199648,72.4392172855563,-22.9438361168703));
#8397=CARTESIAN_POINT('Ctrl Pts',(-5.7764311685372,74.9782671205055,-23.6100178024674));
#8398=CARTESIAN_POINT('Ctrl Pts',(-5.68270972443261,77.4796724411584,-24.371827185959));
#8399=CARTESIAN_POINT('Ctrl Pts',(-5.66901944055313,69.9203027619456,-21.62763753954));
#8400=CARTESIAN_POINT('Ctrl Pts',(-5.32143174476568,72.5135652941936,-22.0382907074549));
#8401=CARTESIAN_POINT('Ctrl Pts',(-5.02778665764691,75.0916495138931,-22.6006038346427));
#8402=CARTESIAN_POINT('Ctrl Pts',(-4.76993035614933,77.6424152372364,-23.2668103171786));
#8403=CARTESIAN_POINT('Ctrl Pts',(-5.5472945257258,69.9499196022606,-21.2699063227351));
#8404=CARTESIAN_POINT('Ctrl Pts',(-5.17383817363798,72.5665986490878,-21.613618871037));
#8405=CARTESIAN_POINT('Ctrl Pts',(-4.85577395169477,75.1680747468779,-22.1191359709787));
#8406=CARTESIAN_POINT('Ctrl Pts',(-4.57595063927586,77.7484521319385,-22.7303074345122));
#8407=CARTESIAN_POINT('',(-7.50957202890045,71.1161060252739,-23.1264688707638));
#8408=CARTESIAN_POINT('Ctrl Pts',(-7.50956208692994,71.1159271479444,-23.1264389369555));
#8409=CARTESIAN_POINT('Ctrl Pts',(-7.50076074043471,70.9575647016823,-23.0999380513165));
#8410=CARTESIAN_POINT('Ctrl Pts',(-7.49044695457664,70.7947064422456,-23.0725679013146));
#8411=CARTESIAN_POINT('Ctrl Pts',(-7.47924431420171,70.631227394607,-23.0448900652882));
#8412=CARTESIAN_POINT('Ctrl Pts',(-7.46923083793216,70.4851017037599,-23.0201502410176));
#8413=CARTESIAN_POINT('Ctrl Pts',(-7.4585078722398,70.3384799634951,-22.9951644392536));
#8414=CARTESIAN_POINT('Ctrl Pts',(-7.44749480979274,70.1941160391857,-22.9703662530766));
#8415=CARTESIAN_POINT('Ctrl Pts',(-7.44251703732781,70.1288652725793,-22.959157769612));
#8416=CARTESIAN_POINT('Ctrl Pts',(-7.43747956873056,70.064075573064,-22.9479880935706));
#8417=CARTESIAN_POINT('Ctrl Pts',(-7.43241867513679,70.0000002761458,-22.9368996894191));
#8418=CARTESIAN_POINT('Ctrl Pts',(-7.72542485937369,75.,-23.7764129073788));
#8419=CARTESIAN_POINT('Ctrl Pts',(-7.67911207554025,74.1666702519641,-23.6369605416446));
#8420=CARTESIAN_POINT('Ctrl Pts',(-7.63279886500125,73.3333405137207,-23.4975082591034));
#8421=CARTESIAN_POINT('Ctrl Pts',(-7.56084761936319,72.0387091957718,-23.2808603056541));
#8422=CARTESIAN_POINT('Ctrl Pts',(-7.53520989453117,71.5774076088851,-23.2036645746153));
#8423=CARTESIAN_POINT('Ctrl Pts',(-7.50957202890109,71.1161060252735,-23.1264688707657));
#8424=CARTESIAN_POINT('Origin',(-10.6231839489736,75.,-22.6306863083352));
#8425=CARTESIAN_POINT('',(-9.91649324018711,75.,-20.4557159480283));
#8426=CARTESIAN_POINT('Ctrl Pts',(-9.55299798746414,73.3491925230989,-20.2789534022592));
#8427=CARTESIAN_POINT('Ctrl Pts',(-9.67432121002984,73.8993684077537,-20.3384141734586));
#8428=CARTESIAN_POINT('Ctrl Pts',(-9.79548672832653,74.4496377667565,-20.3973362437927));
#8429=CARTESIAN_POINT('Ctrl Pts',(-9.91651799108887,74.9999855912248,-20.4558003452061));
#8430=CARTESIAN_POINT('',(-10.6231839489736,75.,-22.6306863083352));
#8431=CARTESIAN_POINT('Origin',(-9.73985329908506,75.,-19.9120741092909));
#8432=CARTESIAN_POINT('',(-10.3570157872565,77.4698859960816,-22.5107772403963));
#8433=CARTESIAN_POINT('Ctrl Pts',(-9.91649324018711,75.0000000000001,-20.4557159480283));
#8434=CARTESIAN_POINT('Ctrl Pts',(-9.94464384490514,75.0000000000001,-20.5423546007305));
#8435=CARTESIAN_POINT('Ctrl Pts',(-9.9706428318042,75.0186440483018,-20.627649743897));
#8436=CARTESIAN_POINT('Ctrl Pts',(-10.0299165392041,75.0963524628016,-20.8320762063468));
#8437=CARTESIAN_POINT('Ctrl Pts',(-10.0606486409787,75.170779240353,-20.9477315444061));
#8438=CARTESIAN_POINT('Ctrl Pts',(-10.1396576077333,75.4225495915765,-21.2621771768163));
#8439=CARTESIAN_POINT('Ctrl Pts',(-10.1813922696291,75.6523511452785,-21.455684505121));
#8440=CARTESIAN_POINT('Ctrl Pts',(-10.2721325196118,76.2820476340992,-21.9132334841219));
#8441=CARTESIAN_POINT('Ctrl Pts',(-10.3204857655045,76.8215600359755,-22.2147958261976));
#8442=CARTESIAN_POINT('Ctrl Pts',(-10.3570157872565,77.4698859960816,-22.5107772403963));
#8443=CARTESIAN_POINT('Ctrl Pts',(-10.3570157872565,77.4698859960816,-22.5107772403963));
#8444=CARTESIAN_POINT('Ctrl Pts',(-10.2661094017587,78.3131117089029,-22.469729596202));
#8445=CARTESIAN_POINT('Ctrl Pts',(-10.1751159877047,79.1567991684877,-22.428544835056));
#8446=CARTESIAN_POINT('Ctrl Pts',(-10.0841359918995,80.,-22.3872635972527));
#8447=CARTESIAN_POINT('Ctrl Pts',(-7.72542485937369,75.,-23.7764129073788));
#8448=CARTESIAN_POINT('Ctrl Pts',(-7.67857088239538,76.6666666666667,-23.6383312086516));
#8449=CARTESIAN_POINT('Ctrl Pts',(-7.63171690541708,78.3333333333333,-23.5002495099243));
#8450=CARTESIAN_POINT('Ctrl Pts',(-7.58486292843877,80.,-23.362167811197));
#8451=CARTESIAN_POINT('Ctrl Pts',(-8.55198033678132,75.,-23.4959455343185));
#8452=CARTESIAN_POINT('Ctrl Pts',(-8.49969983307726,76.6666666666667,-23.359722552318));
#8453=CARTESIAN_POINT('Ctrl Pts',(-8.44775119646321,78.3333333333333,-23.22333480911));
#8454=CARTESIAN_POINT('Ctrl Pts',(-8.39547069275915,80.,-23.0871118271095));
#8455=CARTESIAN_POINT('Ctrl Pts',(-9.46715091161131,75.,-23.1312691156063));
#8456=CARTESIAN_POINT('Ctrl Pts',(-9.41172123834124,76.6666666666667,-22.9963874463626));
#8457=CARTESIAN_POINT('Ctrl Pts',(-9.35641241977305,78.3333333333333,-22.8614132933846));
#8458=CARTESIAN_POINT('Ctrl Pts',(-9.30098274650297,80.,-22.7265316241408));
#8459=CARTESIAN_POINT('Ctrl Pts',(-10.442827635451,75.,-22.7090949880178));
#8460=CARTESIAN_POINT('Ctrl Pts',(-10.3849222317077,76.6666666666667,-22.5752711676441));
#8461=CARTESIAN_POINT('Ctrl Pts',(-10.3270168279645,78.3333333333333,-22.4414473472704));
#8462=CARTESIAN_POINT('Ctrl Pts',(-10.2691114242212,80.,-22.3076235268966));
#8463=CARTESIAN_POINT('',(-8.43410579487967,75.,-23.523778031413));
#8464=CARTESIAN_POINT('Ctrl Pts',(-10.3570157872565,77.4698859960816,-22.5107772403963));
#8465=CARTESIAN_POINT('Ctrl Pts',(-10.1267088920909,76.8776253310702,-22.6668895706611));
#8466=CARTESIAN_POINT('Ctrl Pts',(-9.77795079817037,76.1060826642484,-22.8895304146741));
#8467=CARTESIAN_POINT('Ctrl Pts',(-9.21524370780446,75.4181741771016,-23.18233413187));
#8468=CARTESIAN_POINT('Ctrl Pts',(-9.05953737459569,75.2600502504766,-23.259480333));
#8469=CARTESIAN_POINT('Ctrl Pts',(-8.81561602681518,75.103557821456,-23.3692368320821));
#8470=CARTESIAN_POINT('Ctrl Pts',(-8.73881847448966,75.0644217117462,-23.402559759846));
#8471=CARTESIAN_POINT('Ctrl Pts',(-8.58581553616153,75.0137681928335,-23.4656366348097));
#8472=CARTESIAN_POINT('Ctrl Pts',(-8.51082805940245,75.,-23.4952096560702));
#8473=CARTESIAN_POINT('Ctrl Pts',(-8.43410579487967,75.,-23.523778031413));
#8474=CARTESIAN_POINT('Ctrl Pts',(-7.72542485937369,75.,-23.7764129073788));
#8475=CARTESIAN_POINT('Ctrl Pts',(-7.75613489417197,75.,-23.7659923572502));
#8476=CARTESIAN_POINT('Ctrl Pts',(-7.8864008068605,75.,-23.7215315549057));
#8477=CARTESIAN_POINT('Ctrl Pts',(-8.02650429947773,75.,-23.6725560946165));
#8478=CARTESIAN_POINT('Ctrl Pts',(-8.1686109206254,75.,-23.6216771038141));
#8479=CARTESIAN_POINT('Ctrl Pts',(-8.31266211469228,75.,-23.5689502266522));
#8480=CARTESIAN_POINT('Ctrl Pts',(-8.42574165512772,75.,-23.5268925104412));
#8481=CARTESIAN_POINT('Ctrl Pts',(-8.43410579487967,75.,-23.523778031413));
#8482=CARTESIAN_POINT('Ctrl Pts',(-8.43410579487977,75.,-23.523778031413));
#8483=CARTESIAN_POINT('Ctrl Pts',(-8.35444706519743,73.7053686750782,-23.3098492357814));
#8484=CARTESIAN_POINT('Ctrl Pts',(-8.27478833551509,72.4107373501564,-23.0959204401498));
#8485=CARTESIAN_POINT('Ctrl Pts',(-8.19512960583275,71.1161060252346,-22.8819916445181));
#8486=CARTESIAN_POINT('Ctrl Pts',(-8.19138987139242,75.,-23.6141559633861));
#8487=CARTESIAN_POINT('Ctrl Pts',(-8.11360442443474,73.7053686750782,-23.3995295670416));
#8488=CARTESIAN_POINT('Ctrl Pts',(-8.03582887943033,72.4107373501564,-23.1848996737272));
#8489=CARTESIAN_POINT('Ctrl Pts',(-7.95804343247265,71.1161060252346,-22.9702732773827));
#8490=CARTESIAN_POINT('Ctrl Pts',(-7.95501484486765,75.,-23.6985082755997));
#8491=CARTESIAN_POINT('Ctrl Pts',(-7.87934815053192,73.7053686750782,-23.4831212031814));
#8492=CARTESIAN_POINT('Ctrl Pts',(-7.8036911660128,72.4107373501564,-23.2677309828189));
#8493=CARTESIAN_POINT('Ctrl Pts',(-7.72802447167707,71.1161060252346,-23.0523439104006));
#8494=CARTESIAN_POINT('Ctrl Pts',(-7.72542485937369,75.,-23.7764129073788));
#8495=CARTESIAN_POINT('Ctrl Pts',(-7.65207305357055,73.7053686750782,-23.5602403943241));
#8496=CARTESIAN_POINT('Ctrl Pts',(-7.5787212477674,72.4107373501564,-23.3440678812693));
#8497=CARTESIAN_POINT('Ctrl Pts',(-7.50536944196426,71.1161060252346,-23.1278953682145));
#8498=CARTESIAN_POINT('Ctrl Pts',(-8.43406472347094,74.9999919571333,-23.5239387772429));
#8499=CARTESIAN_POINT('Ctrl Pts',(-8.13051777111721,73.7048641364187,-23.3933529153181));
#8500=CARTESIAN_POINT('Ctrl Pts',(-7.82291401918919,72.4101708549353,-23.2611763018518));
#8501=CARTESIAN_POINT('Ctrl Pts',(-7.50953696233818,71.1161077152233,-23.1265235744965));
#8502=CARTESIAN_POINT('Ctrl Pts',(-9.04416227174901,77.6250333469675,-23.7866594113217));
#8503=CARTESIAN_POINT('Ctrl Pts',(-8.46004385726422,75.0926596081467,-23.5348327947163));
#8504=CARTESIAN_POINT('Ctrl Pts',(-7.86485679265526,72.5614411761121,-23.279213754661));
#8505=CARTESIAN_POINT('Ctrl Pts',(-7.24578397169118,70.0328386105629,-23.0131913107296));
#8506=CARTESIAN_POINT('Ctrl Pts',(-9.68739591994584,77.5122885250825,-23.5149997064353));
#8507=CARTESIAN_POINT('Ctrl Pts',(-9.11186278551537,74.9775257601486,-23.2691437241182));
#8508=CARTESIAN_POINT('Ctrl Pts',(-8.52740870662093,72.4434257802274,-23.0205038578516));
#8509=CARTESIAN_POINT('Ctrl Pts',(-7.92450417491261,69.909835760844,-22.7675259558946));
#8510=CARTESIAN_POINT('Ctrl Pts',(-10.6038064417456,77.4136620591847,-22.5313313543918));
#8511=CARTESIAN_POINT('Ctrl Pts',(-10.0455328180463,74.8766801339522,-22.2838584773206));
#8512=CARTESIAN_POINT('Ctrl Pts',(-9.4842584104139,72.3393476593529,-22.034306042648));
#8513=CARTESIAN_POINT('Ctrl Pts',(-8.91579411622022,69.8010637968995,-21.779792367521));
#8514=CARTESIAN_POINT('Ctrl Pts',(-10.6403532853645,77.5404747305538,-21.2339177247083));
#8515=CARTESIAN_POINT('Ctrl Pts',(-10.0863863301891,75.0063509739894,-20.9747663072019));
#8516=CARTESIAN_POINT('Ctrl Pts',(-9.53046717446804,72.4728365136017,-20.7101217616606));
#8517=CARTESIAN_POINT('Ctrl Pts',(-8.97104962312624,69.9405864732737,-20.4328718921974));
#8518=CARTESIAN_POINT('Ctrl Pts',(-10.492771524599,77.6250333469675,-20.7314581072318));
#8519=CARTESIAN_POINT('Ctrl Pts',(-9.93776224681941,75.0926596081467,-20.4683030823459));
#8520=CARTESIAN_POINT('Ctrl Pts',(-9.38070116941811,72.5614411761121,-20.1981740424481));
#8521=CARTESIAN_POINT('Ctrl Pts',(-8.81930642517708,70.0328386105629,-19.9132147180995));
#8522=CARTESIAN_POINT('Ctrl Pts',(-24.5598369058421,77.6250333469674,-6.664566625549));
#8523=CARTESIAN_POINT('Ctrl Pts',(-24.0127687037458,75.0926596081466,-6.98910837821946));
#8524=CARTESIAN_POINT('Ctrl Pts',(-23.4561263773224,72.5614411761121,-7.32037572637165));
#8525=CARTESIAN_POINT('Ctrl Pts',(-22.8770278250394,70.0328386105629,-7.66485208996424));
#8526=CARTESIAN_POINT('Ctrl Pts',(-24.7181428400905,77.5122885250825,-5.98450210462962));
#8527=CARTESIAN_POINT('Ctrl Pts',(-24.1809512836033,74.9775257601486,-6.30560767061612));
#8528=CARTESIAN_POINT('Ctrl Pts',(-23.6362639180982,72.4434257802273,-6.632294106351));
#8529=CARTESIAN_POINT('Ctrl Pts',(-23.0772221039352,69.909835760844,-6.97135743856129));
#8530=CARTESIAN_POINT('Ctrl Pts',(-24.4609979020137,77.413660331552,-4.66492241659478));
#8531=CARTESIAN_POINT('Ctrl Pts',(-23.9326431360621,74.8766784063194,-4.97111435819408));
#8532=CARTESIAN_POINT('Ctrl Pts',(-23.400843216101,72.339345637208,-5.27851160296668));
#8533=CARTESIAN_POINT('Ctrl Pts',(-22.8608023990402,69.8010617747549,-5.58880949291783));
#8534=CARTESIAN_POINT('Ctrl Pts',(-23.4328430367674,77.5404747305538,-3.87275705296214));
#8535=CARTESIAN_POINT('Ctrl Pts',(-22.897571529379,75.0063509739894,-4.16860035270028));
#8536=CARTESIAN_POINT('Ctrl Pts',(-22.3567085133678,72.4728365136016,-4.46279423620836));
#8537=CARTESIAN_POINT('Ctrl Pts',(-21.8035912707314,69.9405864732737,-4.75240915772494));
#8538=CARTESIAN_POINT('Ctrl Pts',(-22.9395982847565,77.6250333469675,-3.69681485245594));
#8539=CARTESIAN_POINT('Ctrl Pts',(-22.4004751291043,75.0926596081467,-3.99114814752085));
#8540=CARTESIAN_POINT('Ctrl Pts',(-21.8545038592301,72.5614411761121,-4.28304216017542));
#8541=CARTESIAN_POINT('Ctrl Pts',(-21.2939873717472,70.0328386105629,-4.56972516046388));
#8542=CARTESIAN_POINT('',(-22.3102634029003,70.,-5.21201607031298));
#8543=CARTESIAN_POINT('',(-22.0210326326383,73.3492095279032,-4.19109747294053));
#8544=CARTESIAN_POINT('Ctrl Pts',(-22.3102634029003,70.,-5.21201607031294));
#8545=CARTESIAN_POINT('Ctrl Pts',(-22.2510925449808,71.0727993198058,-4.78197941411809));
#8546=CARTESIAN_POINT('Ctrl Pts',(-22.1475167789982,72.231946170139,-4.4393365851593));
#8547=CARTESIAN_POINT('Ctrl Pts',(-22.0210326330886,73.3492095358297,-4.19109747161726));
#8548=CARTESIAN_POINT('',(-22.3777903151015,75.,-4.00095660341931));
#8549=CARTESIAN_POINT('Ctrl Pts',(-22.0211292627765,73.3491925230989,-4.1911320226861));
#8550=CARTESIAN_POINT('Ctrl Pts',(-22.1405460381601,73.8993684077537,-4.12792963821903));
#8551=CARTESIAN_POINT('Ctrl Pts',(-22.2594342991454,74.4496377667565,-4.06453819876171));
#8552=CARTESIAN_POINT('Ctrl Pts',(-22.3778731420676,74.9999855912248,-4.00098618693561));
#8553=CARTESIAN_POINT('',(-24.2993024815791,77.4698859960816,-4.85250109664589));
#8554=CARTESIAN_POINT('Ctrl Pts',(-22.3777903151015,75.0000000000001,-4.00095660341931));
#8555=CARTESIAN_POINT('Ctrl Pts',(-22.4644289678037,75.0000000000001,-4.02910720813734));
#8556=CARTESIAN_POINT('Ctrl Pts',(-22.5487160092368,75.0186440483018,-4.05820881314489));
#8557=CARTESIAN_POINT('Ctrl Pts',(-22.7489407025171,75.0963524628016,-4.13041423634512));
#8558=CARTESIAN_POINT('Ctrl Pts',(-22.8605717126923,75.170779240353,-4.17353194579673));
#8559=CARTESIAN_POINT('Ctrl Pts',(-23.1614038785763,75.4225495915765,-4.29443885436272));
#8560=CARTESIAN_POINT('Ctrl Pts',(-23.3424856144827,75.6523511452785,-4.37441555742258));
#8561=CARTESIAN_POINT('Ctrl Pts',(-23.7659862949825,76.2820476340992,-4.56994569517096));
#8562=CARTESIAN_POINT('Ctrl Pts',(-24.0383766794214,76.8215600359755,-4.7080809948295));
#8563=CARTESIAN_POINT('Ctrl Pts',(-24.2993024815791,77.4698859960816,-4.85250109664587));
#8564=CARTESIAN_POINT('',(-23.9885792018219,75.,-7.00359488465235));
#8565=CARTESIAN_POINT('Ctrl Pts',(-24.2993024815791,77.4698859960816,-4.85250109664586));
#8566=CARTESIAN_POINT('Ctrl Pts',(-24.2902290133152,76.8776253310702,-5.13058381418724));
#8567=CARTESIAN_POINT('Ctrl Pts',(-24.2653543755396,76.1060826642484,-5.54360004376357));
#8568=CARTESIAN_POINT('Ctrl Pts',(-24.1714866296897,75.4181741771016,-6.17094534950903));
#8569=CARTESIAN_POINT('Ctrl Pts',(-24.1423773311067,75.2600502504766,-6.34225981850132));
#8570=CARTESIAN_POINT('Ctrl Pts',(-24.0877988331625,75.103557821456,-6.60410958565028));
#8571=CARTESIAN_POINT('Ctrl Pts',(-24.0696171793568,75.0644217117462,-6.6858268361109));
#8572=CARTESIAN_POINT('Ctrl Pts',(-24.0307145724477,75.0137681928335,-6.84668447027198));
#8573=CARTESIAN_POINT('Ctrl Pts',(-24.0105631162769,75.,-6.92473319909804));
#8574=CARTESIAN_POINT('Ctrl Pts',(-23.9885792018219,75.,-7.00359488465235));
#8575=CARTESIAN_POINT('',(-23.1237220259469,71.1161060252739,-7.51802594797272));
#8576=CARTESIAN_POINT('Ctrl Pts',(-23.9886851067617,74.9999919571333,-7.00372259614844));
#8577=CARTESIAN_POINT('Ctrl Pts',(-23.7046185032675,73.7048641364188,-7.17254079539623));
#8578=CARTESIAN_POINT('Ctrl Pts',(-23.4168804277811,72.4101708549354,-7.34370599414621));
#8579=CARTESIAN_POINT('Ctrl Pts',(-23.1237456705881,71.1161077152233,-7.51808647146514));
#8580=CARTESIAN_POINT('',(-22.9250085297672,70.,-7.46901969396901));
#8581=CARTESIAN_POINT('Ctrl Pts',(-23.1236919652436,71.1159271479448,-7.51801639654475));
#8582=CARTESIAN_POINT('Ctrl Pts',(-23.0970789959891,70.9575646973007,-7.5095600054475));
#8583=CARTESIAN_POINT('Ctrl Pts',(-23.0688737874519,70.7947064332332,-7.50181626276468));
#8584=CARTESIAN_POINT('Ctrl Pts',(-23.0398972000944,70.6312273810371,-7.49461076520583));
#8585=CARTESIAN_POINT('Ctrl Pts',(-23.0139964879087,70.4851016890402,-7.48817013380489));
#8586=CARTESIAN_POINT('Ctrl Pts',(-22.9874797483392,70.3384799477039,-7.48215890946144));
#8587=CARTESIAN_POINT('Ctrl Pts',(-22.960944278394,70.1941160224654,-7.47649265599216));
#8588=CARTESIAN_POINT('Ctrl Pts',(-22.948950564568,70.1288652615141,-7.473931577454));
#8589=CARTESIAN_POINT('Ctrl Pts',(-22.9369531581053,70.0640755675972,-7.47144160451803));
#8590=CARTESIAN_POINT('Ctrl Pts',(-22.9250077331056,70.0000002761558,-7.46901835320703));
#8591=CARTESIAN_POINT('Ctrl Pts',(-22.9245279287316,70.0001083242717,-7.46903547525719));
#8592=CARTESIAN_POINT('Ctrl Pts',(-22.9444130331564,70.000194156964,-7.38217935296354));
#8593=CARTESIAN_POINT('Ctrl Pts',(-22.9594841625784,70.0003173728824,-7.2944061904483));
#8594=CARTESIAN_POINT('Ctrl Pts',(-22.9698155809034,70.0004420530635,-7.20607593689641));
#8595=CARTESIAN_POINT('Ctrl Pts',(-22.9801464822679,70.0005667270059,-7.11775010318782));
#8596=CARTESIAN_POINT('Ctrl Pts',(-22.9857380180908,70.0006927904302,-7.028866317306));
#8597=CARTESIAN_POINT('Ctrl Pts',(-22.9866141826256,70.0007958917596,-6.93978529705125));
#8598=CARTESIAN_POINT('Ctrl Pts',(-22.9873933957319,70.000887584477,-6.86056148034197));
#8599=CARTESIAN_POINT('Ctrl Pts',(-22.9844423133905,70.0009612356452,-6.78118123479858));
#8600=CARTESIAN_POINT('Ctrl Pts',(-22.9777455494641,70.001008154905,-6.70190776716791));
#8601=CARTESIAN_POINT('Ctrl Pts',(-22.9702264644675,70.0010608355589,-6.61290000944485));
#8602=CARTESIAN_POINT('Ctrl Pts',(-22.9580307987838,70.0010778618427,-6.52455710140054));
#8603=CARTESIAN_POINT('Ctrl Pts',(-22.9412560706704,70.001056033464,-6.43724272300535));
#8604=CARTESIAN_POINT('Ctrl Pts',(-22.9245246372468,70.0010342614232,-6.35015369842189));
#8605=CARTESIAN_POINT('Ctrl Pts',(-22.9032375627877,70.000973773125,-6.26408698084176));
#8606=CARTESIAN_POINT('Ctrl Pts',(-22.8774418639978,70.0008834329789,-6.17940986839629));
#8607=CARTESIAN_POINT('Ctrl Pts',(-22.8522534176618,70.0007952195158,-6.096726126425));
#8608=CARTESIAN_POINT('Ctrl Pts',(-22.8227658201559,70.0006785233912,-6.01536655522855));
#8609=CARTESIAN_POINT('Ctrl Pts',(-22.7889791885432,70.0005536250057,-5.93569167726229));
#8610=CARTESIAN_POINT('Ctrl Pts',(-22.768199343134,70.0004768085544,-5.88668911121447));
#8611=CARTESIAN_POINT('Ctrl Pts',(-22.745792492101,70.0003971260269,-5.83832421324801));
#8612=CARTESIAN_POINT('Ctrl Pts',(-22.7217508442266,70.0003217008473,-5.79068639418301));
#8613=CARTESIAN_POINT('Ctrl Pts',(-22.680462288979,70.0001921674345,-5.70887433476804));
#8614=CARTESIAN_POINT('Ctrl Pts',(-22.6345751337569,70.0000746792817,-5.62964218216166));
#8615=CARTESIAN_POINT('Ctrl Pts',(-22.5841567196984,70.000015761421,-5.55338800402841));
#8616=CARTESIAN_POINT('Ctrl Pts',(-22.5358729875393,69.9999593381031,-5.48036237675034));
#8617=CARTESIAN_POINT('Ctrl Pts',(-22.483432914727,69.9999567049332,-5.41006722365253));
#8618=CARTESIAN_POINT('Ctrl Pts',(-22.4271649420216,69.999973360735,-5.34271214885718));
#8619=CARTESIAN_POINT('Ctrl Pts',(-22.4087092672281,69.9999788237728,-5.32061994797731));
#8620=CARTESIAN_POINT('Ctrl Pts',(-22.3898414564678,69.9999864630365,-5.29884429199388));
#8621=CARTESIAN_POINT('Ctrl Pts',(-22.3705722147834,69.999995348058,-5.27739335398417));
#8622=CARTESIAN_POINT('Ctrl Pts',(-22.3510083283568,70.0000043689398,-5.25561441105322));
#8623=CARTESIAN_POINT('Ctrl Pts',(-22.3310565401744,70.0000146373506,-5.23419902411838));
#8624=CARTESIAN_POINT('Ctrl Pts',(-22.31073077971,70.0000253616123,-5.2131533902512));
#8625=CARTESIAN_POINT('Ctrl Pts',(-23.988579201822,75.,-7.00359488465225));
#8626=CARTESIAN_POINT('Ctrl Pts',(-23.7686849440462,73.7053686750782,-6.94229595960264));
#8627=CARTESIAN_POINT('Ctrl Pts',(-23.5487906862704,72.4107373501564,-6.88099703455304));
#8628=CARTESIAN_POINT('Ctrl Pts',(-23.3288964284946,71.1161060252346,-6.81969810950344));
#8629=CARTESIAN_POINT('Ctrl Pts',(-23.9190316443823,75.,-7.25307900710541));
#8630=CARTESIAN_POINT('Ctrl Pts',(-23.6996741037335,73.7053686750782,-7.18985452508529));
#8631=CARTESIAN_POINT('Ctrl Pts',(-23.4803195541985,72.4107373501564,-7.12661997674938));
#8632=CARTESIAN_POINT('Ctrl Pts',(-23.2609620135497,71.1161060252346,-7.06339549472927));
#8633=CARTESIAN_POINT('Ctrl Pts',(-23.8483363438764,75.,-7.49389146572573));
#8634=CARTESIAN_POINT('Ctrl Pts',(-23.6296087749011,73.7053686750782,-7.42850576264957));
#8635=CARTESIAN_POINT('Ctrl Pts',(-23.4108843664724,72.4107373501564,-7.36311035385162));
#8636=CARTESIAN_POINT('Ctrl Pts',(-23.1921567974971,71.1161060252346,-7.29772465077546));
#8637=CARTESIAN_POINT('Ctrl Pts',(-23.7764129073788,75.,-7.72542485937369));
#8638=CARTESIAN_POINT('Ctrl Pts',(-23.5584105609207,73.7053686750782,-7.65770470171192));
#8639=CARTESIAN_POINT('Ctrl Pts',(-23.3404082144625,72.4107373501564,-7.58998454405016));
#8640=CARTESIAN_POINT('Ctrl Pts',(-23.1224058680044,71.1161060252346,-7.5222643863884));
#8641=CARTESIAN_POINT('',(-23.7764129073788,75.,-7.72542485937369));
#8642=CARTESIAN_POINT('Ctrl Pts',(-23.7764129073788,75.,-7.72542485937369));
#8643=CARTESIAN_POINT('Ctrl Pts',(-23.7860334107858,75.,-7.69445487363761));
#8644=CARTESIAN_POINT('Ctrl Pts',(-23.8266322484603,75.,-7.56293413256165));
#8645=CARTESIAN_POINT('Ctrl Pts',(-23.8693610355341,75.,-7.42080097278083));
#8646=CARTESIAN_POINT('Ctrl Pts',(-23.911727243482,75.,-7.27592838081395));
#8647=CARTESIAN_POINT('Ctrl Pts',(-23.9537414712453,75.,-7.12839643595864));
#8648=CARTESIAN_POINT('Ctrl Pts',(-23.9861825502901,75.,-7.01219226069636));
#8649=CARTESIAN_POINT('Ctrl Pts',(-23.9885792018219,75.,-7.00359488465235));
#8650=CARTESIAN_POINT('Ctrl Pts',(-23.7764129073788,75.,-7.72542485937369));
#8651=CARTESIAN_POINT('Ctrl Pts',(-23.6363716022641,74.1666702519641,-7.68092464457584));
#8652=CARTESIAN_POINT('Ctrl Pts',(-23.4963301136428,73.3333405137207,-7.63642482388976));
#8653=CARTESIAN_POINT('Ctrl Pts',(-23.2787663564356,72.0387091957718,-7.56729213240053));
#8654=CARTESIAN_POINT('Ctrl Pts',(-23.2012442215734,71.5774076088851,-7.54265897524219));
#8655=CARTESIAN_POINT('Ctrl Pts',(-23.1237220259488,71.1161060252735,-7.51802594797333));
#8656=CARTESIAN_POINT('Ctrl Pts',(-23.7764129073788,75.,-7.72542485937369));
#8657=CARTESIAN_POINT('Ctrl Pts',(-23.6371623898172,76.6666666666667,-7.68216813687981));
#8658=CARTESIAN_POINT('Ctrl Pts',(-23.4979118722556,78.3333333333333,-7.63891141438593));
#8659=CARTESIAN_POINT('Ctrl Pts',(-23.358661354694,80.,-7.59565469189206));
#8660=CARTESIAN_POINT('Ctrl Pts',(-24.0353471560271,75.,-6.89187284572312));
#8661=CARTESIAN_POINT('Ctrl Pts',(-23.8944107395046,76.6666666666667,-6.85409880185099));
#8662=CARTESIAN_POINT('Ctrl Pts',(-23.7535360949465,78.3333333333333,-6.81595942765529));
#8663=CARTESIAN_POINT('Ctrl Pts',(-23.612599678424,80.,-6.77818538378316));
#8664=CARTESIAN_POINT('Ctrl Pts',(-24.2782415030583,75.,-5.93713287715594));
#8665=CARTESIAN_POINT('Ctrl Pts',(-24.1365391959229,76.6666666666667,-5.90269496883803));
#8666=CARTESIAN_POINT('Ctrl Pts',(-23.9948331044862,78.3333333333333,-5.86810492643732));
#8667=CARTESIAN_POINT('Ctrl Pts',(-23.8531307973508,80.,-5.83366701811941));
#8668=CARTESIAN_POINT('Ctrl Pts',(-24.5101838485317,75.,-4.89964610045758));
#8669=CARTESIAN_POINT('Ctrl Pts',(-24.3678821612489,76.6666666666667,-4.86783288813091));
#8670=CARTESIAN_POINT('Ctrl Pts',(-24.225580473966,78.3333333333333,-4.83601967580424));
#8671=CARTESIAN_POINT('Ctrl Pts',(-24.0832787866832,80.,-4.80420646347757));
#8672=CARTESIAN_POINT('',(-24.0389831258793,80.,-5.0006659906145));
#8673=CARTESIAN_POINT('Ctrl Pts',(-24.2993024815791,77.4698859960816,-4.85250109664589));
#8674=CARTESIAN_POINT('Ctrl Pts',(-24.212660807112,78.3131117089029,-4.90191870751205));
#8675=CARTESIAN_POINT('Ctrl Pts',(-24.1258570485989,79.1567991684877,-4.95132613063713));
#8676=CARTESIAN_POINT('Ctrl Pts',(-24.0389831258793,80.,-5.0006659906145));
#8677=CARTESIAN_POINT('',(-23.3595023824744,80.,-7.5929466755557));
#8678=CARTESIAN_POINT('Ctrl Pts',(-24.0389879854085,80.,-5.00069372661977));
#8679=CARTESIAN_POINT('Ctrl Pts',(-23.8225615418289,80.,-5.95285049661841));
#8680=CARTESIAN_POINT('Ctrl Pts',(-23.596890124988,80.,-6.82840507946762));
#8681=CARTESIAN_POINT('Ctrl Pts',(-23.3595023829724,80.,-7.59294666093864));
#8682=CARTESIAN_POINT('Ctrl Pts',(-23.7764129073788,75.,-7.72542485937369));
#8683=CARTESIAN_POINT('Ctrl Pts',(-23.7069278351433,75.8333342621458,-7.7033449406155));
#8684=CARTESIAN_POINT('Ctrl Pts',(-23.6374427174181,76.6666685230672,-7.68126511880424));
#8685=CARTESIAN_POINT('Ctrl Pts',(-23.4984725432124,78.3333351897571,-7.6371057226731));
#8686=CARTESIAN_POINT('Ctrl Pts',(-23.4289874867323,79.1666675955255,-7.61502614835282));
#8687=CARTESIAN_POINT('Ctrl Pts',(-23.3595023824744,80.,-7.5929466755557));
#8688=CARTESIAN_POINT('Origin',(-21.8341484763641,75.,-3.82431666231726));
#8689=CARTESIAN_POINT('',(-21.8341484763641,75.,-3.82431666231726));
#8690=CARTESIAN_POINT('',(-24.5527606754084,75.,-4.70764731220581));
#8691=CARTESIAN_POINT('',(-22.1150043748822,80.,-4.37552739928199));
#8692=CARTESIAN_POINT('',(-21.8469688776939,75.2282380643853,-3.8494781166519));
#8693=CARTESIAN_POINT('',(-24.4175832561851,80.,-5.12368062994723));
#8694=CARTESIAN_POINT('Origin',(-24.5527606754084,75.,-4.70764731220581));
#8695=CARTESIAN_POINT('',(-21.8610087937775,74.7627366780164,-3.87703300345392));
#8696=CARTESIAN_POINT('Ctrl Pts',(-22.9364560283059,70.0017665106451,-7.45852162493569));
#8697=CARTESIAN_POINT('Ctrl Pts',(-23.3689233417484,72.575192069733,-7.59593870960633));
#8698=CARTESIAN_POINT('Ctrl Pts',(-23.8038260231938,75.163121081903,-7.73413438830882));
#8699=CARTESIAN_POINT('Ctrl Pts',(-24.2385165225794,77.7497975624264,-7.87226679479201));
#8700=CARTESIAN_POINT('Ctrl Pts',(-22.5674518239988,69.9444158288158,-7.79903968417672));
#8701=CARTESIAN_POINT('Ctrl Pts',(-23.0004747454086,72.5020043252816,-8.08016440235837));
#8702=CARTESIAN_POINT('Ctrl Pts',(-23.4917691905281,75.0637580767693,-8.35504109977266));
#8703=CARTESIAN_POINT('Ctrl Pts',(-24.0428100409843,77.6080205363826,-8.60724230298733));
#8704=CARTESIAN_POINT('Ctrl Pts',(-21.7340828497089,69.8866038532803,-8.19588677040708));
#8705=CARTESIAN_POINT('Ctrl Pts',(-22.0497585884077,72.4392173407928,-8.68549600560153));
#8706=CARTESIAN_POINT('Ctrl Pts',(-22.4962057666679,74.9782675065609,-9.20438810848826));
#8707=CARTESIAN_POINT('Ctrl Pts',(-23.0574344217188,77.4796728272139,-9.72799067018066));
#8708=CARTESIAN_POINT('Ctrl Pts',(-20.8292923397859,69.9203027619456,-8.12607331881925));
#8709=CARTESIAN_POINT('Ctrl Pts',(-20.9572108099608,72.5135652941938,-8.64865354765453));
#8710=CARTESIAN_POINT('Ctrl Pts',(-21.2395314343992,75.0916495138931,-9.21673677677971));
#8711=CARTESIAN_POINT('Ctrl Pts',(-21.6269396693026,77.6424152372364,-9.8169332522142));
#8712=CARTESIAN_POINT('Ctrl Pts',(-20.4683335962003,69.9499196022606,-8.01428171003086));
#8713=CARTESIAN_POINT('Ctrl Pts',(-20.5268907528242,72.5665986490878,-8.5184434124469));
#8714=CARTESIAN_POINT('Ctrl Pts',(-20.7489092186841,75.1680747468779,-9.07289826942899));
#8715=CARTESIAN_POINT('Ctrl Pts',(-21.0788813028722,77.7484521319385,-9.65851765748516));
#8716=CARTESIAN_POINT('',(-22.8828636499772,77.5536975520131,-9.50018358739195));
#8717=CARTESIAN_POINT('Ctrl Pts',(-23.7764129073788,75.,-7.72542485937368));
#8718=CARTESIAN_POINT('Ctrl Pts',(-23.7024909831819,75.0914835785031,-7.92703238524049));
#8719=CARTESIAN_POINT('Ctrl Pts',(-23.6240296566797,75.256004935769,-8.11253139892086));
#8720=CARTESIAN_POINT('Ctrl Pts',(-23.5557839050943,75.4199156732364,-8.26374619858836));
#8721=CARTESIAN_POINT('Ctrl Pts',(-23.4169384683272,75.7533907600482,-8.57139150130298));
#8722=CARTESIAN_POINT('Ctrl Pts',(-23.2715609907613,76.2018649153031,-8.84574245535017));
#8723=CARTESIAN_POINT('Ctrl Pts',(-23.0602724577165,76.9066180533164,-9.21647162839809));
#8724=CARTESIAN_POINT('Ctrl Pts',(-22.9706509088639,77.2253442198807,-9.36365335864494));
#8725=CARTESIAN_POINT('Ctrl Pts',(-22.8828636499772,77.5536975520131,-9.50018358739195));
#8726=CARTESIAN_POINT('',(-20.773544132612,74.9999999999997,-9.04974138525402));
#8727=CARTESIAN_POINT('Ctrl Pts',(-22.8828636499772,77.5536975520131,-9.50018358739195));
#8728=CARTESIAN_POINT('Ctrl Pts',(-22.690600869532,77.1475940351455,-9.47507150184265));
#8729=CARTESIAN_POINT('Ctrl Pts',(-22.4863390748524,76.7533989342444,-9.44496523284537));
#8730=CARTESIAN_POINT('Ctrl Pts',(-22.0397147911683,76.0083443729723,-9.36838653884403));
#8731=CARTESIAN_POINT('Ctrl Pts',(-21.7549989446614,75.6000455260303,-9.31343658181735));
#8732=CARTESIAN_POINT('Ctrl Pts',(-21.3454508268947,75.2313567066187,-9.21428239411012));
#8733=CARTESIAN_POINT('Ctrl Pts',(-21.2276656770947,75.1433779541544,-9.18410493461149));
#8734=CARTESIAN_POINT('Ctrl Pts',(-21.04852744767,75.0566382596537,-9.13387866890644));
#8735=CARTESIAN_POINT('Ctrl Pts',(-20.992546964287,75.0352603760692,-9.11765608066852));
#8736=CARTESIAN_POINT('Ctrl Pts',(-20.8818691689301,75.0073697729228,-9.08426037018568));
#8737=CARTESIAN_POINT('Ctrl Pts',(-20.8279059548681,75.,-9.06740461202821));
#8738=CARTESIAN_POINT('Ctrl Pts',(-20.7735441326121,75.,-9.04974138525411));
#8739=CARTESIAN_POINT('',(-20.6177367689064,73.1070690189856,-8.64816490555826));
#8740=CARTESIAN_POINT('Ctrl Pts',(-20.7714504431502,74.9999170874181,-9.04904573222135));
#8741=CARTESIAN_POINT('Ctrl Pts',(-20.7115896672293,74.3700168057475,-8.9128115446095));
#8742=CARTESIAN_POINT('Ctrl Pts',(-20.6592500389386,73.7389960028842,-8.77881338007282));
#8743=CARTESIAN_POINT('Ctrl Pts',(-20.6152258278452,73.1069390423748,-8.64732495353709));
#8744=CARTESIAN_POINT('',(-21.358424524162,70.,-8.14147491744918));
#8745=CARTESIAN_POINT('Ctrl Pts',(-20.6177367689064,73.1070690189854,-8.64816490555823));
#8746=CARTESIAN_POINT('Ctrl Pts',(-20.8493185019196,72.0647764375829,-8.53016811895));
#8747=CARTESIAN_POINT('Ctrl Pts',(-21.0983239052349,71.0287093918239,-8.35499446050763));
#8748=CARTESIAN_POINT('Ctrl Pts',(-21.358424524162,70.,-8.14147491744918));
#8749=CARTESIAN_POINT('Ctrl Pts',(-21.3586325124774,69.9999902146364,-8.14149574342188));
#8750=CARTESIAN_POINT('Ctrl Pts',(-21.4399426009871,69.9999808098485,-8.13732603809309));
#8751=CARTESIAN_POINT('Ctrl Pts',(-21.5210417032605,69.9999745328535,-8.12909507274486));
#8752=CARTESIAN_POINT('Ctrl Pts',(-21.6016265092649,69.9999867198696,-8.11673200465562));
#8753=CARTESIAN_POINT('Ctrl Pts',(-21.6661275905781,69.9999964745089,-8.10683645114318));
#8754=CARTESIAN_POINT('Ctrl Pts',(-21.7302991702449,70.0000182399965,-8.09429266197222));
#8755=CARTESIAN_POINT('Ctrl Pts',(-21.7940032638725,70.0000424010613,-8.07915120245287));
#8756=CARTESIAN_POINT('Ctrl Pts',(-21.8792171833138,70.0000747201621,-8.05889719618366));
#8757=CARTESIAN_POINT('Ctrl Pts',(-21.9631827196604,70.0001103103756,-8.03409518961928));
#8758=CARTESIAN_POINT('Ctrl Pts',(-22.0455941674546,70.0001362428178,-8.00495728405977));
#8759=CARTESIAN_POINT('Ctrl Pts',(-22.1284892407586,70.0001623274426,-7.97564838484816));
#8760=CARTESIAN_POINT('Ctrl Pts',(-22.2098128342348,70.0001786921794,-7.94195225648421));
#8761=CARTESIAN_POINT('Ctrl Pts',(-22.2892413151238,70.0001802316473,-7.90403464989244));
#8762=CARTESIAN_POINT('Ctrl Pts',(-22.3298193866656,70.0001810181239,-7.88466347048985));
#8763=CARTESIAN_POINT('Ctrl Pts',(-22.3699025603137,70.0001780596316,-7.86418973524538));
#8764=CARTESIAN_POINT('Ctrl Pts',(-22.4094452715294,70.0001714089469,-7.84263092498675));
#8765=CARTESIAN_POINT('Ctrl Pts',(-22.4863169247025,70.0001584799112,-7.8007202584169));
#8766=CARTESIAN_POINT('Ctrl Pts',(-22.5608537858479,70.0001312686483,-7.75487176435563));
#8767=CARTESIAN_POINT('Ctrl Pts',(-22.6327546169846,70.0001006078085,-7.70527209070833));
#8768=CARTESIAN_POINT('Ctrl Pts',(-22.7040628630966,70.0000701996661,-7.65608120265319));
#8769=CARTESIAN_POINT('Ctrl Pts',(-22.7727791427733,70.0000364619109,-7.60320034238591));
#8770=CARTESIAN_POINT('Ctrl Pts',(-22.8385880330395,70.0000165433884,-7.54676608833449));
#8771=CARTESIAN_POINT('Ctrl Pts',(-22.867985166708,70.0000076456929,-7.52155664773882));
#8772=CARTESIAN_POINT('Ctrl Pts',(-22.8968017852443,70.0000015878954,-7.49563756992475));
#8773=CARTESIAN_POINT('Ctrl Pts',(-22.9250077331056,70.0000002761558,-7.46901835320703));
#8774=CARTESIAN_POINT('Origin',(-20.1971559791363,75.,-8.86246152151453));
#8775=CARTESIAN_POINT('',(-20.1971559791363,75.,-8.86246152151453));
#8776=CARTESIAN_POINT('',(-20.1971559791363,75.,-8.86246152151453));
#8777=CARTESIAN_POINT('',(-20.2948501494144,74.5603025005376,-8.81268385549063));
#8778=CARTESIAN_POINT('Origin',(-23.0092688606882,75.,-9.776172384761));
#8779=CARTESIAN_POINT('',(-22.7602370235087,80.,-9.2353019121393));
#8780=CARTESIAN_POINT('Ctrl Pts',(-22.8828636499772,77.5536975520131,-9.50018358739195));
#8781=CARTESIAN_POINT('Ctrl Pts',(-22.8216837417504,78.7817832173483,-9.36733217136454));
#8782=CARTESIAN_POINT('Ctrl Pts',(-22.7602370235091,79.9999999999917,-9.2353019121402));
#8783=CARTESIAN_POINT('',(-20.7483667161011,80.,-8.58160562299642));
#8784=CARTESIAN_POINT('',(-20.3323333983597,80.,-8.44642820377311));
#8785=CARTESIAN_POINT('',(-20.211200206095,75.1273943522578,-8.85530563046063));
#8786=CARTESIAN_POINT('Origin',(0.,75.,0.));
#8787=CARTESIAN_POINT('Origin',(0.,80.,0.));
#8788=CARTESIAN_POINT('Origin',(-21.8341484763641,75.,-3.82431666231726));
#8789=CARTESIAN_POINT('',(-22.6726330963713,70.,-4.09675683034595));
#8790=CARTESIAN_POINT('',(-21.8341484763641,75.,-3.82431666231726));
#8791=CARTESIAN_POINT('Origin',(-22.4673030350259,70.,-6.81505903125216));
#8792=CARTESIAN_POINT('Origin',(-20.1971559791363,75.,-8.86246152151453));
#8793=CARTESIAN_POINT('',(-22.2501817941055,80.,-3.95949408154057));
#8794=CARTESIAN_POINT('Origin',(-22.4673030350259,80.,-6.81505903125216));
#8795=CARTESIAN_POINT('Origin',(-0.461272154986337,80.,-23.4736440133646));
#8796=CARTESIAN_POINT('',(1.74999402722712,80.,-24.5001369726646));
#8797=CARTESIAN_POINT('',(1.74999402722712,80.,-22.3847313443589));
#8798=CARTESIAN_POINT('',(1.74999402722712,80.,-21.9472880267293));
#8799=CARTESIAN_POINT('',(0.00283819734221896,80.,-24.5625565183939));
#8800=CARTESIAN_POINT('Origin',(0.,80.,0.));
#8801=CARTESIAN_POINT('',(-2.67253833719981,80.,-24.4077223212694));
#8802=CARTESIAN_POINT('Ctrl Pts',(-2.67251346036839,80.,-24.4077355138534));
#8803=CARTESIAN_POINT('Ctrl Pts',(-1.70007911062841,80.,-24.4961343576272));
#8804=CARTESIAN_POINT('Ctrl Pts',(-0.79764091628906,80.,-24.5520693317023));
#8805=CARTESIAN_POINT('Ctrl Pts',(0.00283818328667546,80.,-24.5625565143506));
#8806=CARTESIAN_POINT('',(-2.67253833719979,80.,-22.3847313443589));
#8807=CARTESIAN_POINT('',(-2.67253833719979,80.,-24.8058060563777));
#8808=CARTESIAN_POINT('',(-3.10998165482941,80.,-22.3847313443589));
#8809=CARTESIAN_POINT('Origin',(2.18743734485674,75.,-21.9472880267293));
#8810=CARTESIAN_POINT('',(-3.10998165482941,75.,-21.9472880267293));
#8811=CARTESIAN_POINT('',(-3.0900134116106,75.2282380643853,-21.9672562699481));
#8812=CARTESIAN_POINT('',(2.18743734485674,75.,-21.9472880267293));
#8813=CARTESIAN_POINT('',(-3.10998165482941,75.,-21.9472880267293));
#8814=CARTESIAN_POINT('',(2.17629178323695,75.1273943522578,-21.9584335883491));
#8815=CARTESIAN_POINT('Origin',(-0.461272154986337,70.,-23.4736440133646));
#8816=CARTESIAN_POINT('',(0.0192426183973702,70.,-24.1110327651147));
#8817=CARTESIAN_POINT('',(-1.9373286937714,70.,-22.8289229302716));
#8818=CARTESIAN_POINT('Ctrl Pts',(0.0194059925080881,70.0001082595222,-24.1105807822658));
#8819=CARTESIAN_POINT('Ctrl Pts',(-0.0693442235025821,70.000194038717,-24.102652788481));
#8820=CARTESIAN_POINT('Ctrl Pts',(-0.157479064704837,70.0003171705167,-24.0898631362274));
#8821=CARTESIAN_POINT('Ctrl Pts',(-0.244679123869354,70.0004417453825,-24.072393653532));
#8822=CARTESIAN_POINT('Ctrl Pts',(-0.331874231057492,70.0005663131739,-24.0549251629055));
#8823=CARTESIAN_POINT('Ctrl Pts',(-0.418135494608633,70.0006922492289,-24.0327769675659));
#8824=CARTESIAN_POINT('Ctrl Pts',(-0.503127248911908,70.0007952119117,-24.0060833209379));
#8825=CARTESIAN_POINT('Ctrl Pts',(-0.578714890551924,70.0008867820461,-23.9823432556583));
#8826=CARTESIAN_POINT('Ctrl Pts',(-0.653298595690811,70.0009603014049,-23.9550071377269));
#8827=CARTESIAN_POINT('Ctrl Pts',(-0.726623267034727,70.0010070864463,-23.9241416466786));
#8828=CARTESIAN_POINT('Ctrl Pts',(-0.808951452874789,70.0010596162089,-23.8894861912024));
#8829=CARTESIAN_POINT('Ctrl Pts',(-0.889202192727582,70.0010764897503,-23.8505885039187));
#8830=CARTESIAN_POINT('Ctrl Pts',(-0.967059718774101,70.0010545167593,-23.8076536793951));
#8831=CARTESIAN_POINT('Ctrl Pts',(-1.04471597051895,70.001032600572,-23.7648298483395));
#8832=CARTESIAN_POINT('Ctrl Pts',(-1.11999218436929,70.0009719765332,-23.7179892663097));
#8833=CARTESIAN_POINT('Ctrl Pts',(-1.19255354999237,70.0008815188471,-23.6672901143642));
#8834=CARTESIAN_POINT('Ctrl Pts',(-1.26340640949532,70.0007931910481,-23.6177847080248));
#8835=CARTESIAN_POINT('Ctrl Pts',(-1.33167140954284,70.0006763982182,-23.5645997698631));
#8836=CARTESIAN_POINT('Ctrl Pts',(-1.39700569743959,70.0005514296179,-23.5078467834376));
#8837=CARTESIAN_POINT('Ctrl Pts',(-1.43718972492409,70.0004745673481,-23.4729407082394));
#8838=CARTESIAN_POINT('Ctrl Pts',(-1.47626444599885,70.0003948488134,-23.4366842078892));
#8839=CARTESIAN_POINT('Ctrl Pts',(-1.51414240659002,70.0003194002676,-23.3990974956219));
#8840=CARTESIAN_POINT('Ctrl Pts',(-1.57919151839915,70.0001898299101,-23.334548554479));
#8841=CARTESIAN_POINT('Ctrl Pts',(-1.64036586278615,70.0000723416945,-23.2664231950468));
#8842=CARTESIAN_POINT('Ctrl Pts',(-1.69730763923871,70.0000134716378,-23.1949084350379));
#8843=CARTESIAN_POINT('Ctrl Pts',(-1.75183824217628,69.9999570944067,-23.1264219348762));
#8844=CARTESIAN_POINT('Ctrl Pts',(-1.80248757137476,69.9999545506424,-23.0548261679971));
#8845=CARTESIAN_POINT('Ctrl Pts',(-1.84915781159865,69.9999713246138,-22.9804983163471));
#8846=CARTESIAN_POINT('Ctrl Pts',(-1.86446580506267,69.999976826532,-22.9561185346748));
#8847=CARTESIAN_POINT('Ctrl Pts',(-1.87934536815115,69.9999845078668,-22.9314445856804));
#8848=CARTESIAN_POINT('Ctrl Pts',(-1.89379203683753,69.9999934375757,-22.9064891785023));
#8849=CARTESIAN_POINT('Ctrl Pts',(-1.90845936520514,70.0000025036778,-22.881152600252));
#8850=CARTESIAN_POINT('Ctrl Pts',(-1.92266105708202,70.0000128199032,-22.8555594417075));
#8851=CARTESIAN_POINT('Ctrl Pts',(-1.93639552445018,70.0000235940064,-22.8297248675071));
#8852=CARTESIAN_POINT('',(1.14288662145289,70.,-22.8289229302716));
#8853=CARTESIAN_POINT('Ctrl Pts',(1.14284412043324,69.9999897511264,-22.8291286182316));
#8854=CARTESIAN_POINT('Ctrl Pts',(1.11375248239178,69.9999803023025,-22.9051707351076));
#8855=CARTESIAN_POINT('Ctrl Pts',(1.08086351192448,69.9999739914142,-22.9797571621902));
#8856=CARTESIAN_POINT('Ctrl Pts',(1.04420352390275,69.9999861635732,-23.0525775151882));
#8857=CARTESIAN_POINT('Ctrl Pts',(1.01486041338879,69.9999959063207,-23.1108638317145));
#8858=CARTESIAN_POINT('Ctrl Pts',(0.983100450979168,70.0000176721319,-23.1680183856784));
#8859=CARTESIAN_POINT('Ctrl Pts',(0.949014378548598,70.0000418429283,-23.2239255804095));
#8860=CARTESIAN_POINT('Ctrl Pts',(0.903419243161315,70.0000741749237,-23.2987096764088));
#8861=CARTESIAN_POINT('Ctrl Pts',(0.853884433070015,70.0001097947643,-23.3709010476909));
#8862=CARTESIAN_POINT('Ctrl Pts',(0.800706163532374,70.0001357665907,-23.4402745187509));
#8863=CARTESIAN_POINT('Ctrl Pts',(0.747215410853541,70.0001618910313,-23.5100556382797));
#8864=CARTESIAN_POINT('Ctrl Pts',(0.690037698289819,70.0001783053135,-23.5769864117592));
#8865=CARTESIAN_POINT('Ctrl Pts',(0.629430705780202,70.0001798968059,-23.6408102854378));
#8866=CARTESIAN_POINT('Ctrl Pts',(0.598468197711379,70.0001807098573,-23.6734162129378));
#8867=CARTESIAN_POINT('Ctrl Pts',(0.566610025981092,70.0001777786186,-23.7052107542211));
#8868=CARTESIAN_POINT('Ctrl Pts',(0.533886900173433,70.0001711548923,-23.7361559797612));
#8869=CARTESIAN_POINT('Ctrl Pts',(0.470272304183689,70.0001582781984,-23.7963142920237));
#8870=CARTESIAN_POINT('Ctrl Pts',(0.403634077776929,70.0001311178144,-23.8530351996828));
#8871=CARTESIAN_POINT('Ctrl Pts',(0.334242856028138,70.0001004993131,-23.9060899048977));
#8872=CARTESIAN_POINT('Ctrl Pts',(0.265423019697695,70.0000701329325,-23.9587077438323));
#8873=CARTESIAN_POINT('Ctrl Pts',(0.19389474245408,70.000036428502,-24.0077201474889));
#8874=CARTESIAN_POINT('Ctrl Pts',(0.119885428616419,70.0000165282075,-24.0528693487237));
#8875=CARTESIAN_POINT('Ctrl Pts',(0.08682682822881,70.0000076391116,-24.0730366671874));
#8876=CARTESIAN_POINT('Ctrl Pts',(0.0532727645323836,70.0000015866096,-24.0924326619858));
#8877=CARTESIAN_POINT('Ctrl Pts',(0.0192415903086758,70.0000002759508,-24.1110315937645));
#8878=CARTESIAN_POINT('',(-3.10998165482941,70.,-22.8289229302716));
#8879=CARTESIAN_POINT('Origin',(-3.10998165482941,75.,-21.9472880267293));
#8880=CARTESIAN_POINT('',(-2.81890275510228,73.3492095279032,-22.2383669250394));
#8881=CARTESIAN_POINT('Ctrl Pts',(-1.93732869377141,70.,-22.8289229302716));
#8882=CARTESIAN_POINT('Ctrl Pts',(-2.32803305722245,71.0727993198058,-22.6397594653042));
#8883=CARTESIAN_POINT('Ctrl Pts',(-2.62189908057152,72.231946170139,-22.4353706009872));
#8884=CARTESIAN_POINT('Ctrl Pts',(-2.81890275649994,73.3492095358297,-22.2383669250588));
#8885=CARTESIAN_POINT('',(1.85366254028495,73.1070690189856,-22.2810628313011));
#8886=CARTESIAN_POINT('Ctrl Pts',(1.85366254028493,73.1070690189854,-22.2810628313011));
#8887=CARTESIAN_POINT('Ctrl Pts',(1.66987823639139,72.0647764375829,-22.4648471351946));
#8888=CARTESIAN_POINT('Ctrl Pts',(1.4263312857309,71.0287093918239,-22.6475337091849));
#8889=CARTESIAN_POINT('Ctrl Pts',(1.14288662145289,70.,-22.8289229302716));
#8890=CARTESIAN_POINT('',(2.10990681235147,74.5603025005376,-22.0248185592346));
#8891=CARTESIAN_POINT('',(-3.06814572963118,74.7627366780164,-21.9891239519275));
#8892=CARTESIAN_POINT('Origin',(0.,75.,0.));
#8893=CARTESIAN_POINT('',(-1.50053580671994E-15,75.,-25.));
#8894=CARTESIAN_POINT('',(1.96401775898169,77.5536975520131,-24.6986147639904));
#8895=CARTESIAN_POINT('Ctrl Pts',(-1.13103970633688E-14,75.,-25.));
#8896=CARTESIAN_POINT('Ctrl Pts',(0.214583282043495,75.0914835785031,-24.9919962239822));
#8897=CARTESIAN_POINT('Ctrl Pts',(0.415249211060943,75.256004935769,-24.9746974158021));
#8898=CARTESIAN_POINT('Ctrl Pts',(0.58015212867877,75.4199156732364,-24.9565197919456));
#8899=CARTESIAN_POINT('Ctrl Pts',(0.915645798085526,75.7533907600482,-24.9195375613289));
#8900=CARTESIAN_POINT('Ctrl Pts',(1.22149317185115,76.2018649153031,-24.8660544711908));
#8901=CARTESIAN_POINT('Ctrl Pts',(1.63936931508646,76.9066180533164,-24.7796687498025));
#8902=CARTESIAN_POINT('Ctrl Pts',(1.807042040375,77.2253442198807,-24.7399152476735));
#8903=CARTESIAN_POINT('Ctrl Pts',(1.96401775898169,77.5536975520131,-24.6986147639904));
#8904=CARTESIAN_POINT('Ctrl Pts',(-1.38777878078145E-15,75.,-25.));
#8905=CARTESIAN_POINT('Ctrl Pts',(0.000472817561900628,75.8333342621458,
-24.9270926991345));
#8906=CARTESIAN_POINT('Ctrl Pts',(0.000945741382912354,76.6666685230672,
-24.8541853849639));
#8907=CARTESIAN_POINT('Ctrl Pts',(0.00189180547752369,78.3333351897571,
-24.7083708913491));
#8908=CARTESIAN_POINT('Ctrl Pts',(0.00236494575065512,79.1666675955255,
-24.635463711905));
#8909=CARTESIAN_POINT('Ctrl Pts',(0.00283819734221896,80.,-24.5625565183939));
#8910=CARTESIAN_POINT('Ctrl Pts',(1.96401775898169,77.5536975520131,-24.6986147639904));
#8911=CARTESIAN_POINT('Ctrl Pts',(1.85657418542617,78.7817832173483,-24.5993758683257));
#8912=CARTESIAN_POINT('Ctrl Pts',(1.74999402722785,79.9999999999917,-24.5001369726653));
#8913=CARTESIAN_POINT('Origin',(2.18743734485674,75.,-24.9041184919749));
#8914=CARTESIAN_POINT('',(2.18743734485668,74.9999999999997,-22.5533383966074));
#8915=CARTESIAN_POINT('Ctrl Pts',(1.96401775898169,77.5536975520131,-24.6986147639904));
#8916=CARTESIAN_POINT('Ctrl Pts',(1.99954721292562,77.1475940351455,-24.508001932608));
#8917=CARTESIAN_POINT('Ctrl Pts',(2.03403481547192,76.7533989342444,-24.3044340729905));
#8918=CARTESIAN_POINT('Ctrl Pts',(2.09921864329152,76.0083443729723,-23.8560050198036));
#8919=CARTESIAN_POINT('Ctrl Pts',(2.13494016372964,75.6000455260303,-23.5682436881292));
#8920=CARTESIAN_POINT('Ctrl Pts',(2.16719625579691,75.2313567066187,-23.1480999529258));
#8921=CARTESIAN_POINT('Ctrl Pts',(2.17489339926869,75.1433779541544,-23.0267542708537));
#8922=CARTESIAN_POINT('Ctrl Pts',(2.1824821392152,75.0566382596537,-22.8408629207749));
#8923=CARTESIAN_POINT('Ctrl Pts',(2.18435246167902,75.0352603760692,-22.7826092618099));
#8924=CARTESIAN_POINT('Ctrl Pts',(2.18679257327324,75.0073697729228,-22.6670285812481));
#8925=CARTESIAN_POINT('Ctrl Pts',(2.18743734485674,75.,-22.6104977991504));
#8926=CARTESIAN_POINT('Ctrl Pts',(2.18743734485674,75.,-22.5533383966075));
#8927=CARTESIAN_POINT('',(2.18743734485674,75.,-21.9472880267293));
#8928=CARTESIAN_POINT('Origin',(2.18743734485674,75.,-21.9472880267293));
#8929=CARTESIAN_POINT('Ctrl Pts',(2.18742272513149,74.9999170874181,-22.5511322109924));
#8930=CARTESIAN_POINT('Ctrl Pts',(2.07635431031711,74.3700168057475,-22.4521025507953));
#8931=CARTESIAN_POINT('Ctrl Pts',(1.96508831738399,73.7389960028842,-22.3609168961922));
#8932=CARTESIAN_POINT('Ctrl Pts',(1.85363962190161,73.1069390423748,-22.2784152249938));
#8933=CARTESIAN_POINT('Ctrl Pts',(0.00572088984318084,70.0017665106451,
-24.1186759014557));
#8934=CARTESIAN_POINT('Ctrl Pts',(0.00277255430404214,72.5751920697333,
-24.5724409724707));
#8935=CARTESIAN_POINT('Ctrl Pts',(-0.000187864407962331,75.1631210819031,
-25.0287628148817));
#8936=CARTESIAN_POINT('Ctrl Pts',(-0.00314289071407493,77.7497975624265,
-25.4848633079712));
#8937=CARTESIAN_POINT('Ctrl Pts',(0.443601379127221,69.9444158288158,-23.8729579156063));
#8938=CARTESIAN_POINT('Ctrl Pts',(0.577155432576021,72.5020043252819,-24.3716595021752));
#8939=CARTESIAN_POINT('Ctrl Pts',(0.686760374045629,75.0637580767694,-24.9238498564844));
#8940=CARTESIAN_POINT('Ctrl Pts',(0.756336984394642,77.6080205363827,-25.5258553058507));
#8941=CARTESIAN_POINT('Ctrl Pts',(1.0785553698175,69.8866027203763,-23.2030129443512));
#8942=CARTESIAN_POINT('Ctrl Pts',(1.44665225541767,72.4392162078889,-23.6545359869551));
#8943=CARTESIAN_POINT('Ctrl Pts',(1.8022005542821,74.9782595884308,-24.2395009524862));
#8944=CARTESIAN_POINT('Ctrl Pts',(2.12674699038758,77.4796649090838,-24.935063211865));
#8945=CARTESIAN_POINT('Ctrl Pts',(1.29174966795747,69.9203027619456,-22.3209289626221));
#8946=CARTESIAN_POINT('Ctrl Pts',(1.7492240186998,72.5135652941939,-22.6040728288709));
#8947=CARTESIAN_POINT('Ctrl Pts',(2.20226140474325,75.0916495138931,-23.0481230704466));
#8948=CARTESIAN_POINT('Ctrl Pts',(2.65336644541666,77.6424152372364,-23.6020411075911));
#8949=CARTESIAN_POINT('Ctrl Pts',(1.29697191598834,69.9499196022606,-21.9430912904771));
#8950=CARTESIAN_POINT('Ctrl Pts',(1.75836303179849,72.5665986490878,-22.1545769898196));
#8951=CARTESIAN_POINT('Ctrl Pts',(2.21707345750704,75.1680747468779,-22.5370650719347));
#8952=CARTESIAN_POINT('Ctrl Pts',(2.67206361090319,77.7484521319385,-23.0318535159421));
#8953=CARTESIAN_POINT('',(0.00444448827562987,71.1161060252739,-24.3151642958499));
#8954=CARTESIAN_POINT('Ctrl Pts',(0.00444469359598008,71.1159271479449,
-24.3151327548687));
#8955=CARTESIAN_POINT('Ctrl Pts',(0.00462604740611013,70.9575647871693,
-24.2872091643273));
#8956=CARTESIAN_POINT('Ctrl Pts',(0.00597719779769205,70.7947066180734,
-24.2579914861761));
#8957=CARTESIAN_POINT('Ctrl Pts',(0.00807861832732151,70.6312276593431,
-24.2282065103341));
#8958=CARTESIAN_POINT('Ctrl Pts',(0.00995697308263296,70.4851019909227,
-24.2015832094665));
#8959=CARTESIAN_POINT('Ctrl Pts',(0.0124340811968683,70.3384802715532,-24.1745067256648));
#8960=CARTESIAN_POINT('Ctrl Pts',(0.0152450643495595,70.1941163653624,-24.1475190297195));
#8961=CARTESIAN_POINT('Ctrl Pts',(0.0165155974113036,70.1288654884362,-24.1353208918808));
#8962=CARTESIAN_POINT('Ctrl Pts',(0.0178548973167975,70.0640756797088,-24.1231412149721));
#8963=CARTESIAN_POINT('Ctrl Pts',(0.0192415903086729,70.0000002759508,-24.1110315937645));
#8964=CARTESIAN_POINT('Ctrl Pts',(-1.38777878078145E-15,75.,-25.));
#8965=CARTESIAN_POINT('Ctrl Pts',(0.00095292393487762,74.1666702519641,
-24.8530614815943));
#8966=CARTESIAN_POINT('Ctrl Pts',(0.00190627939895422,73.3333405137207,
-24.7061229104507));
#8967=CARTESIAN_POINT('Ctrl Pts',(0.0033880810061856,72.0387091957718,-24.4778443049121));
#8968=CARTESIAN_POINT('Ctrl Pts',(0.00391621348646843,71.5774076088851,
-24.3965043092072));
#8969=CARTESIAN_POINT('Ctrl Pts',(0.00444448827561138,71.1161060252735,
-24.315164295852));
#8970=CARTESIAN_POINT('Origin',(-3.10998165482941,75.,-24.8058060563777));
#8971=CARTESIAN_POINT('',(-3.10998165482941,75.,-22.5189068836771));
#8972=CARTESIAN_POINT('Ctrl Pts',(-2.81889975669647,73.349192523099,-22.2384695022205));
#8973=CARTESIAN_POINT('Ctrl Pts',(-2.91591060929625,73.8993684077537,-22.3325109937187));
#8974=CARTESIAN_POINT('Ctrl Pts',(-3.01293794394559,74.4496377667565,-22.4259914169495));
#8975=CARTESIAN_POINT('Ctrl Pts',(-3.10997911417356,74.9999855912248,-22.5189947986123));
#8976=CARTESIAN_POINT('',(-3.10998165482941,75.,-24.8058060563777));
#8977=CARTESIAN_POINT('Origin',(-3.10998165482941,75.,-21.9472880267293));
#8978=CARTESIAN_POINT('',(-2.89389462997082,77.4698859960816,-24.6095152706194));
#8979=CARTESIAN_POINT('Ctrl Pts',(-3.10998165482942,75.0000000000001,-22.5189068836771));
#8980=CARTESIAN_POINT('Ctrl Pts',(-3.10998165482942,75.0000000000001,-22.6100041541524));
#8981=CARTESIAN_POINT('Ctrl Pts',(-3.10835051196076,75.0186440483018,-22.6991587846575));
#8982=CARTESIAN_POINT('Ctrl Pts',(-3.10155190663145,75.0963524628016,-22.9118964867798));
#8983=CARTESIAN_POINT('Ctrl Pts',(-3.09504040733316,75.170779240353,-23.0313879914066));
#8984=CARTESIAN_POINT('Ctrl Pts',(-3.07301335578916,75.4225495915765,-23.354858672566));
#8985=CARTESIAN_POINT('Ctrl Pts',(-3.05290832495825,75.6523511452785,-23.5517917978814));
#8986=CARTESIAN_POINT('Ctrl Pts',(-2.99781702072436,76.2820476340992,-24.0149870152029));
#8987=CARTESIAN_POINT('Ctrl Pts',(-2.95061580174967,76.8215600359755,-24.3167318204172));
#8988=CARTESIAN_POINT('Ctrl Pts',(-2.89389462997083,77.4698859960816,-24.6095152706194));
#8989=CARTESIAN_POINT('Ctrl Pts',(-2.89389462997082,77.4698859960816,-24.6095152706194));
#8990=CARTESIAN_POINT('Ctrl Pts',(-2.82012193930539,78.3131117089029,-24.5423850231138));
#8991=CARTESIAN_POINT('Ctrl Pts',(-2.74630885103277,79.1567991684877,-24.475097476335));
#8992=CARTESIAN_POINT('Ctrl Pts',(-2.67253833719981,80.,-24.4077223212694));
#8993=CARTESIAN_POINT('Ctrl Pts',(-1.38777878078145E-15,75.,-25.));
#8994=CARTESIAN_POINT('Ctrl Pts',(0.00189118860067199,76.6666666666667,
-24.854197825504));
#8995=CARTESIAN_POINT('Ctrl Pts',(0.00378237720134513,78.3333333333333,
-24.708395651008));
#8996=CARTESIAN_POINT('Ctrl Pts',(0.0056735658020185,80.,-24.5625934765119));
#8997=CARTESIAN_POINT('Ctrl Pts',(-0.872770157511336,75.,-24.9886793665554));
#8998=CARTESIAN_POINT('Ctrl Pts',(-0.86514366025098,76.6666666666667,-24.8429680477356));
#8999=CARTESIAN_POINT('Ctrl Pts',(-0.857883701362239,78.3333333333333,-24.6972025842666));
#9000=CARTESIAN_POINT('Ctrl Pts',(-0.850257204101883,80.,-24.5514912654468));
#9001=CARTESIAN_POINT('Ctrl Pts',(-1.85584030705482,75.,-24.9246547425744));
#9002=CARTESIAN_POINT('Ctrl Pts',(-1.84480428312118,76.6666666666667,-24.7792459410783));
#9003=CARTESIAN_POINT('Ctrl Pts',(-1.8339117778849,78.3333333333333,-24.6337865284807));
#9004=CARTESIAN_POINT('Ctrl Pts',(-1.82287575395125,80.,-24.4883777269846));
#9005=CARTESIAN_POINT('Ctrl Pts',(-2.91422299307034,75.,-24.8246439762027));
#9006=CARTESIAN_POINT('Ctrl Pts',(-2.90050551625927,76.6666666666667,-24.6794762059779));
#9007=CARTESIAN_POINT('Ctrl Pts',(-2.8867880394482,78.3333333333333,-24.5343084357532));
#9008=CARTESIAN_POINT('Ctrl Pts',(-2.87307056263713,80.,-24.3891406655284));
#9009=CARTESIAN_POINT('',(-0.752064091732363,75.,-24.9787244076302));
#9010=CARTESIAN_POINT('Ctrl Pts',(-2.89389462997086,77.4698859960816,-24.6095152706194));
#9011=CARTESIAN_POINT('Ctrl Pts',(-2.6266183934926,76.8776253310702,-24.6868181750639));
#9012=CARTESIAN_POINT('Ctrl Pts',(-2.22612993121678,76.1060826642484,-24.7907900226087));
#9013=CARTESIAN_POINT('Ctrl Pts',(-1.60048236152911,75.4181741771016,-24.8953768520649));
#9014=CARTESIAN_POINT('Ctrl Pts',(-1.42855735150185,75.2600502504766,-24.9206313462637));
#9015=CARTESIAN_POINT('Ctrl Pts',(-1.16265774077225,75.103557821456,-24.9496401381664));
#9016=CARTESIAN_POINT('Ctrl Pts',(-1.07932157721615,75.0644217117462,-24.9576003769634));
#9017=CARTESIAN_POINT('Ctrl Pts',(-0.914315309391051,75.0137681928335,-24.9703095417924));
#9018=CARTESIAN_POINT('Ctrl Pts',(-0.833859414834279,75.,-24.9752627516849));
#9019=CARTESIAN_POINT('Ctrl Pts',(-0.752064091732363,75.,-24.9787244076302));
#9020=CARTESIAN_POINT('Ctrl Pts',(-1.50227053019591E-15,75.,-25.));
#9021=CARTESIAN_POINT('Ctrl Pts',(-0.0324271057910578,75.,-24.9995793905472));
#9022=CARTESIAN_POINT('Ctrl Pts',(-0.170056494412614,75.,-24.9975490355663));
#9023=CARTESIAN_POINT('Ctrl Pts',(-0.318437083558619,75.,-24.9942649651098));
#9024=CARTESIAN_POINT('Ctrl Pts',(-0.469310984424406,75.,-24.9897895303124));
#9025=CARTESIAN_POINT('Ctrl Pts',(-0.622605312325159,75.,-24.9841575572304));
#9026=CARTESIAN_POINT('Ctrl Pts',(-0.743146895169724,75.,-24.9791017918781));
#9027=CARTESIAN_POINT('Ctrl Pts',(-0.752064091732363,75.,-24.9787244076302));
#9028=CARTESIAN_POINT('Ctrl Pts',(-0.752064091732471,75.,-24.9787244076302));
#9029=CARTESIAN_POINT('Ctrl Pts',(-0.742411771224617,73.7053686750782,-24.7506501312994));
#9030=CARTESIAN_POINT('Ctrl Pts',(-0.732759450716762,72.4107373501564,-24.5225758549686));
#9031=CARTESIAN_POINT('Ctrl Pts',(-0.723107130208908,71.1161060252346,-24.2945015786378));
#9032=CARTESIAN_POINT('Ctrl Pts',(-0.493299214195078,75.,-24.9896755835994));
#9033=CARTESIAN_POINT('Ctrl Pts',(-0.485644061904926,73.7053686750782,-24.7615167257622));
#9034=CARTESIAN_POINT('Ctrl Pts',(-0.477999407555132,72.4107373501564,-24.5333576019806));
#9035=CARTESIAN_POINT('Ctrl Pts',(-0.47034425526498,71.1161060252346,-24.3051987441433));
#9036=CARTESIAN_POINT('Ctrl Pts',(-0.242426906940415,75.,-24.9968554995528));
#9037=CARTESIAN_POINT('Ctrl Pts',(-0.237021869971833,73.7053686750782,-24.7686279263457));
#9038=CARTESIAN_POINT('Ctrl Pts',(-0.231627040355849,72.4107373501564,-24.5404003597642));
#9039=CARTESIAN_POINT('Ctrl Pts',(-0.226222003387267,71.1161060252346,-24.3121727865571));
#9040=CARTESIAN_POINT('Ctrl Pts',(-1.38777878078145E-15,75.,-25.));
#9041=CARTESIAN_POINT('Ctrl Pts',(0.00296073264043047,73.7053686750782,
-24.7717407682541));
#9042=CARTESIAN_POINT('Ctrl Pts',(0.00592146528086227,72.4107373501564,
-24.5434815365082));
#9043=CARTESIAN_POINT('Ctrl Pts',(0.00888219792129413,71.1161060252346,
-24.3152223047623));
#9044=CARTESIAN_POINT('Ctrl Pts',(-0.75197535730808,74.9999919571333,-24.9788645942359));
#9045=CARTESIAN_POINT('Ctrl Pts',(-0.503638300830352,73.7048641364187,-24.7608688924482));
#9046=CARTESIAN_POINT('Ctrl Pts',(-0.251934567942341,72.4101708549354,-24.54010667603));
#9047=CARTESIAN_POINT('Ctrl Pts',(0.00449474294137574,71.1161077152233,
-24.3152054860277));
#9048=CARTESIAN_POINT('Ctrl Pts',(-1.25102746547041,77.6250333469674,-25.4172572758861));
#9049=CARTESIAN_POINT('Ctrl Pts',(-0.773316545253636,75.0926596081466,-24.9972534143839));
#9050=CARTESIAN_POINT('Ctrl Pts',(-0.286250636505285,72.5614411761121,-24.5702223428539));
#9051=CARTESIAN_POINT('Ctrl Pts',(0.22031714787344,70.0328386105629,-24.1259159416386));
#9052=CARTESIAN_POINT('Ctrl Pts',(-1.94672648358511,77.5122885250825,-25.3576636719857));
#9053=CARTESIAN_POINT('Ctrl Pts',(-1.47533562244594,74.9775257601486,-24.945991218568));
#9054=CARTESIAN_POINT('Ctrl Pts',(-0.996320706393328,72.4434257802274,-24.5289144107344));
#9055=CARTESIAN_POINT('Ctrl Pts',(-0.501098893714638,69.909835760844,-24.1020103823158));
#9056=CARTESIAN_POINT('Ctrl Pts',(-3.12226906006169,77.4136563369259,-24.7053452872436));
#9057=CARTESIAN_POINT('Ctrl Pts',(-2.66779261702862,74.8766744116934,-24.2974685576644));
#9058=CARTESIAN_POINT('Ctrl Pts',(-2.2111061159515,72.3393409616129,-23.8866900471659));
#9059=CARTESIAN_POINT('Ctrl Pts',(-1.74911349559263,69.8010570991597,-23.4689680303488));
#9060=CARTESIAN_POINT('Ctrl Pts',(-3.55793589363407,77.5404747305538,-23.4827058098899));
#9061=CARTESIAN_POINT('Ctrl Pts',(-3.11116420322814,75.0063509739894,-23.065052962092));
#9062=CARTESIAN_POINT('Ctrl Pts',(-2.66423332968732,72.4728365136017,-22.6415725759367));
#9063=CARTESIAN_POINT('Ctrl Pts',(-2.2178705435062,69.9405864732737,-22.2050227506254));
#9064=CARTESIAN_POINT('Ctrl Pts',(-3.57284585915918,77.6250333469675,-22.9592330443774));
#9065=CARTESIAN_POINT('Ctrl Pts',(-3.1263200437675,75.0926596081467,-22.5374504442942));
#9066=CARTESIAN_POINT('Ctrl Pts',(-2.67999794013328,72.5614411761121,-22.108401120837));
#9067=CARTESIAN_POINT('Ctrl Pts',(-2.23413708433831,70.0328386105629,-21.663908182013));
#9068=CARTESIAN_POINT('Ctrl Pts',(-21.2983285810085,77.6250333469674,-13.927786500494));
#9069=CARTESIAN_POINT('Ctrl Pts',(-20.6777468855874,75.0926596081466,-14.0673906776514));
#9070=CARTESIAN_POINT('Ctrl Pts',(-20.0459813335369,72.5614411761121,-14.2104327090931));
#9071=CARTESIAN_POINT('Ctrl Pts',(-19.3887768312999,70.0328386105629,-14.3590979053249));
#9072=CARTESIAN_POINT('Ctrl Pts',(-21.6590379655792,77.5122885250825,-13.3299259303656));
#9073=CARTESIAN_POINT('Ctrl Pts',(-21.0489113584051,74.9775257601486,-13.4693141511266));
#9074=CARTESIAN_POINT('Ctrl Pts',(-20.4299312296243,72.4434257802274,-13.6116937620542));
#9075=CARTESIAN_POINT('Ctrl Pts',(-19.7934745375604,69.909835760844,-13.7614087324477));
#9076=CARTESIAN_POINT('Ctrl Pts',(-21.8222349136262,77.4136642024456,-11.9954689438063));
#9077=CARTESIAN_POINT('Ctrl Pts',(-21.2251211570575,74.8766822772129,-12.1234041833635));
#9078=CARTESIAN_POINT('Ctrl Pts',(-20.6243561127007,72.3393501679781,-12.2514204931725));
#9079=CARTESIAN_POINT('Ctrl Pts',(-20.0148594532562,69.8010663055249,-12.3796495332757));
#9080=CARTESIAN_POINT('Ctrl Pts',(-21.0892103209884,77.5404747305538,-10.9243575561295));
#9081=CARTESIAN_POINT('Ctrl Pts',(-20.4887162586085,75.0063509739894,-11.04031326176));
#9082=CARTESIAN_POINT('Ctrl Pts',(-19.8834140531628,72.4728365136017,-11.1529724081481));
#9083=CARTESIAN_POINT('Ctrl Pts',(-19.2678723627051,69.9405864732737,-11.2574899386164));
#9084=CARTESIAN_POINT('Ctrl Pts',(-20.6744758154442,77.6250333469675,-10.6046055690891));
#9085=CARTESIAN_POINT('Ctrl Pts',(-20.0707852349902,75.0926596081466,-10.7179349501656));
#9086=CARTESIAN_POINT('Ctrl Pts',(-19.4613354905998,72.5614411761121,-10.8268282521367));
#9087=CARTESIAN_POINT('Ctrl Pts',(-18.8396627136007,70.0328386105629,-10.9262708674125));
#9088=CARTESIAN_POINT('',(-19.6077198489075,70.,-11.8511723871838));
#9089=CARTESIAN_POINT('',(-19.6481262365983,73.3492095279032,-10.7908438792388));
#9090=CARTESIAN_POINT('Ctrl Pts',(-19.6077198489076,70.,-11.8511723871838));
#9091=CARTESIAN_POINT('Ctrl Pts',(-19.6843336538769,71.0727993198058,-11.4238984223951));
#9092=CARTESIAN_POINT('Ctrl Pts',(-19.6917097038579,72.231946170139,-11.0660190552579));
#9093=CARTESIAN_POINT('Ctrl Pts',(-19.6481262374356,73.3492095358297,-10.7908438781194));
#9094=CARTESIAN_POINT('',(-20.0461797152506,75.,-10.7202533530215));
#9095=CARTESIAN_POINT('Ctrl Pts',(-19.6482074608624,73.3491925230989,-10.7909065983543));
#9096=CARTESIAN_POINT('Ctrl Pts',(-19.7813101741313,73.8993684077537,-10.7676993717685));
#9097=CARTESIAN_POINT('Ctrl Pts',(-19.9139686615425,74.4496377667565,-10.7441490232714));
#9098=CARTESIAN_POINT('Ctrl Pts',(-20.0462493465672,74.9999855912249,-10.7203070835576));
#9099=CARTESIAN_POINT('',(-21.6105046624461,77.4698859960816,-12.1239002065597));
#9100=CARTESIAN_POINT('Ctrl Pts',(-20.0461797152506,75.0000000000001,-10.7202533530215));
#9101=CARTESIAN_POINT('Ctrl Pts',(-20.1198789552063,75.0000000000001,-10.773798985131));
#9102=CARTESIAN_POINT('Ctrl Pts',(-20.1910478046896,75.0186440483018,-10.8275223844165));
#9103=CARTESIAN_POINT('Ctrl Pts',(-20.3591601011021,75.0963524628016,-10.95806665558));
#9104=CARTESIAN_POINT('Ctrl Pts',(-20.4520033957708,75.170779240353,-11.0335699133651));
#9105=CARTESIAN_POINT('Ctrl Pts',(-20.7007494979617,75.4225495915765,-11.2415214683347));
#9106=CARTESIAN_POINT('Ctrl Pts',(-20.8482543024779,75.6523511452785,-11.3735411666975));
#9107=CARTESIAN_POINT('Ctrl Pts',(-21.190605248846,76.2820476340992,-11.690370285739));
#9108=CARTESIAN_POINT('Ctrl Pts',(-21.4069777438252,76.8215600359755,-11.9059180205056));
#9109=CARTESIAN_POINT('Ctrl Pts',(-21.6105046624461,77.4698859960816,-12.1239002065597));
#9110=CARTESIAN_POINT('',(-20.6502647254801,75.,-14.0736931968124));
#9111=CARTESIAN_POINT('Ctrl Pts',(-21.6105046624461,77.4698859960816,-12.1239002065597));
#9112=CARTESIAN_POINT('Ctrl Pts',(-21.5159429957661,76.8776253310702,-12.385568731255));
#9113=CARTESIAN_POINT('Ctrl Pts',(-21.3646567755274,76.1060826642484,-12.7706838219277));
#9114=CARTESIAN_POINT('Ctrl Pts',(-21.0815228833503,75.4181741771016,-13.3383179342328));
#9115=CARTESIAN_POINT('Ctrl Pts',(-21.0008992129471,75.2600502504766,-13.4922524083471));
#9116=CARTESIAN_POINT('Ctrl Pts',(-20.8680759488055,75.103557821456,-13.7244206522922));
#9117=CARTESIAN_POINT('Ctrl Pts',(-20.8255321493507,75.0644217117462,-13.7965199358247));
#9118=CARTESIAN_POINT('Ctrl Pts',(-20.7388258289182,75.0137681928335,-13.937483070329));
#9119=CARTESIAN_POINT('Ctrl Pts',(-20.6955422716175,75.,-14.0054846800494));
#9120=CARTESIAN_POINT('Ctrl Pts',(-20.6502647254801,75.,-14.0736931968124));
#9121=CARTESIAN_POINT('',(-19.6687687316991,71.1161060252739,-14.2956906467154));
#9122=CARTESIAN_POINT('Ctrl Pts',(-20.6503259820405,74.9999919571333,-14.0738473840892));
#9123=CARTESIAN_POINT('Ctrl Pts',(-20.3279948951982,73.7048641364187,-14.1466216245388));
#9124=CARTESIAN_POINT('Ctrl Pts',(-20.0014467682615,72.4101708549354,-14.2204934469187));
#9125=CARTESIAN_POINT('Ctrl Pts',(-19.6687725163016,71.1161077152233,-14.2957555145731));
#9126=CARTESIAN_POINT('',(-19.4949247315995,70.,-14.1876770821747));
#9127=CARTESIAN_POINT('Ctrl Pts',(-19.6687430938251,71.1159271479455,-14.2956722734995));
#9128=CARTESIAN_POINT('Ctrl Pts',(-19.6460458181535,70.9575646526182,-14.279405903282));
#9129=CARTESIAN_POINT('Ctrl Pts',(-19.6216140114866,70.79470634133,-14.2633252730942));
#9130=CARTESIAN_POINT('Ctrl Pts',(-19.5962822528027,70.631227242662,-14.2475181754196));
#9131=CARTESIAN_POINT('Ctrl Pts',(-19.573639474036,70.4851015389425,-14.2333890097325));
#9132=CARTESIAN_POINT('Ctrl Pts',(-19.5502781244096,70.338479786684,-14.2194778715208));
#9133=CARTESIAN_POINT('Ctrl Pts',(-19.5267923594888,70.1941158519747,-14.2058890321129));
#9134=CARTESIAN_POINT('Ctrl Pts',(-19.5161770857959,70.128865148687,-14.1997470456811));
#9135=CARTESIAN_POINT('Ctrl Pts',(-19.5055363274493,70.0640755118546,-14.1936715434844));
#9136=CARTESIAN_POINT('Ctrl Pts',(-19.4949243882449,70.0000002762577,-14.187675560316));
#9137=CARTESIAN_POINT('Ctrl Pts',(-19.4944625196325,70.0001083870156,-14.1875435688802));
#9138=CARTESIAN_POINT('Ctrl Pts',(-19.5402140948326,70.0001942715482,-14.1110834634526));
#9139=CARTESIAN_POINT('Ctrl Pts',(-19.5816705833949,70.0003175689793,-14.0322636060026));
#9140=CARTESIAN_POINT('Ctrl Pts',(-19.6187914224984,70.000442351213,-13.951449276502));
#9141=CARTESIAN_POINT('Ctrl Pts',(-19.6559106470038,70.0005671280193,-13.87063846208));
#9142=CARTESIAN_POINT('Ctrl Pts',(-19.6886947600627,70.0006933148688,-13.7878324373074));
#9143=CARTESIAN_POINT('Ctrl Pts',(-19.7170551504159,70.0007965505515,-13.7033816859164));
#9144=CARTESIAN_POINT('Ctrl Pts',(-19.7422771471991,70.0008883620543,-13.6282763522662));
#9145=CARTESIAN_POINT('Ctrl Pts',(-19.763999746002,70.0009621409484,-13.5518695287043));
#9146=CARTESIAN_POINT('Ctrl Pts',(-19.7821270065849,70.0010091902685,-13.4744067838078));
#9147=CARTESIAN_POINT('Ctrl Pts',(-19.8024802542705,70.00106201714,-13.3874317868919));
#9148=CARTESIAN_POINT('Ctrl Pts',(-19.8181803473162,70.0010791914353,-13.2996439556179));
#9149=CARTESIAN_POINT('Ctrl Pts',(-19.8292076873016,70.0010575031897,-13.2114193068414));
#9150=CARTESIAN_POINT('Ctrl Pts',(-19.8402066113394,70.0010358708317,-13.1234220009245));
#9151=CARTESIAN_POINT('Ctrl Pts',(-19.8465569420425,70.0009755140708,-13.0349891934516));
#9152=CARTESIAN_POINT('Ctrl Pts',(-19.8481899319545,70.0008852878245,-12.9464847409629));
#9153=CARTESIAN_POINT('Ctrl Pts',(-19.8497844875545,70.0007971851575,-12.8600633434362));
#9154=CARTESIAN_POINT('Ctrl Pts',(-19.8468810990817,70.0006805827438,-12.7735727990294));
#9155=CARTESIAN_POINT('Ctrl Pts',(-19.839368504641,70.0005557523979,-12.6873560321525));
#9156=CARTESIAN_POINT('Ctrl Pts',(-19.8347481752735,70.000478980343,-12.6343317589645));
#9157=CARTESIAN_POINT('Ctrl Pts',(-19.8283835436891,70.0003993327052,-12.5814111700743));
#9158=CARTESIAN_POINT('Ctrl Pts',(-19.820239582176,70.0003239301671,-12.5286768870354));
#9159=CARTESIAN_POINT('Ctrl Pts',(-19.8062530029871,70.0001944325548,-12.4381101248386));
#9160=CARTESIAN_POINT('Ctrl Pts',(-19.7870958064104,70.0000769444627,-12.3485759590022));
#9161=CARTESIAN_POINT('Ctrl Pts',(-19.7627090715209,70.0000179802788,-12.2604737853373));
#9162=CARTESIAN_POINT('Ctrl Pts',(-19.7393547314761,69.9999615123011,-12.1761013536944));
#9163=CARTESIAN_POINT('Ctrl Pts',(-19.7112038369959,69.9999587924936,-12.0930413968683));
#9164=CARTESIAN_POINT('Ctrl Pts',(-19.6785039265944,69.9999753337842,-12.0115947568794));
#9165=CARTESIAN_POINT('Ctrl Pts',(-19.6677787130347,69.999980759147,-11.984881148283));
#9166=CARTESIAN_POINT('Ctrl Pts',(-19.6565637452943,69.9999883576441,-11.9583412297432));
#9167=CARTESIAN_POINT('Ctrl Pts',(-19.6448666763937,69.9999971993636,-11.9319860817587));
#9168=CARTESIAN_POINT('Ctrl Pts',(-19.6329905573756,70.0000061764258,-11.9052275085754));
#9169=CARTESIAN_POINT('Ctrl Pts',(-19.6206331871622,70.000016398503,-11.8786948297892));
#9170=CARTESIAN_POINT('Ctrl Pts',(-19.6078058962215,70.0000270744671,-11.8523982435369));
#9171=CARTESIAN_POINT('Ctrl Pts',(-20.6502647254802,75.,-14.0736931968123));
#9172=CARTESIAN_POINT('Ctrl Pts',(-20.4600752683039,73.7053686750782,-13.9474433920838));
#9173=CARTESIAN_POINT('Ctrl Pts',(-20.2698858111276,72.4107373501564,-13.8211935873553));
#9174=CARTESIAN_POINT('Ctrl Pts',(-20.0796963539513,71.1161060252346,-13.6949437826268));
#9175=CARTESIAN_POINT('Ctrl Pts',(-20.50702623412,75.,-14.2894753200174));
#9176=CARTESIAN_POINT('Ctrl Pts',(-20.3179422550922,73.7053686750782,-14.161560056498));
#9177=CARTESIAN_POINT('Ctrl Pts',(-20.1288642314455,72.4107373501564,-14.0336361436483));
#9178=CARTESIAN_POINT('Ctrl Pts',(-19.9397802524178,71.1161060252346,-13.905720880129));
#9179=CARTESIAN_POINT('Ctrl Pts',(-20.3653758657316,75.,-14.4966555287146));
#9180=CARTESIAN_POINT('Ctrl Pts',(-20.1775588794038,73.7053686750782,-14.3668794937798));
#9181=CARTESIAN_POINT('Ctrl Pts',(-19.9897478981676,72.4107373501564,-14.2370952048176));
#9182=CARTESIAN_POINT('Ctrl Pts',(-19.8019309118399,71.1161060252346,-14.1073191698828));
#9183=CARTESIAN_POINT('Ctrl Pts',(-20.2254248593737,75.,-14.6946313073118));
#9184=CARTESIAN_POINT('Ctrl Pts',(-20.0390189867863,73.7053686750782,-14.5628591802139));
#9185=CARTESIAN_POINT('Ctrl Pts',(-19.8526131141988,72.4107373501564,-14.431087053116));
#9186=CARTESIAN_POINT('Ctrl Pts',(-19.6662072416114,71.1161060252346,-14.299314926018));
#9187=CARTESIAN_POINT('',(-20.2254248593737,75.,-14.6946313073118));
#9188=CARTESIAN_POINT('Ctrl Pts',(-20.2254248593737,75.,-14.6946313073118));
#9189=CARTESIAN_POINT('Ctrl Pts',(-20.2441447537369,75.,-14.6681499996152));
#9190=CARTESIAN_POINT('Ctrl Pts',(-20.3233986869665,75.,-14.5556120725802));
#9191=CARTESIAN_POINT('Ctrl Pts',(-20.407957740183,75.,-14.4336393261439));
#9192=CARTESIAN_POINT('Ctrl Pts',(-20.4930184912594,75.,-14.3089491817643));
#9193=CARTESIAN_POINT('Ctrl Pts',(-20.5785662745243,75.,-14.1816210746324));
#9194=CARTESIAN_POINT('Ctrl Pts',(-20.6453286391188,75.,-14.0811291812692));
#9195=CARTESIAN_POINT('Ctrl Pts',(-20.6502647254801,75.,-14.0736931968124));
#9196=CARTESIAN_POINT('Ctrl Pts',(-20.2254248593737,75.,-14.6946313073118));
#9197=CARTESIAN_POINT('Ctrl Pts',(-20.1059889862197,74.1666702519641,-14.6090339448569));
#9198=CARTESIAN_POINT('Ctrl Pts',(-19.9865528167534,73.3333405137207,-14.5234369005179));
#9199=CARTESIAN_POINT('Ctrl Pts',(-19.8010005642889,72.0387091957718,-14.390456905451));
#9200=CARTESIAN_POINT('Ctrl Pts',(-19.7348846969581,71.5774076088851,-14.3430737237059));
#9201=CARTESIAN_POINT('Ctrl Pts',(-19.6687687317008,71.1161060252735,-14.2956906467166));
#9202=CARTESIAN_POINT('Ctrl Pts',(-20.2254248593737,75.,-14.6946313073118));
#9203=CARTESIAN_POINT('Ctrl Pts',(-20.1063568096208,76.6666666666667,-14.6104609431084));
#9204=CARTESIAN_POINT('Ctrl Pts',(-19.9872887598679,78.3333333333333,-14.526290578905));
#9205=CARTESIAN_POINT('Ctrl Pts',(-19.8682207101151,80.,-14.4421202147016));
#9206=CARTESIAN_POINT('Ctrl Pts',(-20.7292677017561,75.,-13.9818913163165));
#9207=CARTESIAN_POINT('Ctrl Pts',(-20.6069020259418,76.6666666666667,-13.9024143179134));
#9208=CARTESIAN_POINT('Ctrl Pts',(-20.4847079920354,78.3333333333333,-13.8226089583121));
#9209=CARTESIAN_POINT('Ctrl Pts',(-20.3623423162211,80.,-13.743131959909));
#9210=CARTESIAN_POINT('Ctrl Pts',(-21.2553048287676,75.,-13.1489381289135));
#9211=CARTESIAN_POINT('Ctrl Pts',(-21.1311798251134,76.6666666666667,-13.0723973107532));
#9212=CARTESIAN_POINT('Ctrl Pts',(-21.0070982343918,78.3333333333333,-12.9957106350687));
#9213=CARTESIAN_POINT('Ctrl Pts',(-20.8829732307376,80.,-12.9191698169084));
#9214=CARTESIAN_POINT('Ctrl Pts',(-21.796496153274,75.,-12.233903695831));
#9215=CARTESIAN_POINT('Ctrl Pts',(-21.6709900295585,76.6666666666667,-12.1596738932448));
#9216=CARTESIAN_POINT('Ctrl Pts',(-21.5454839058429,78.3333333333333,-12.0854440906586));
#9217=CARTESIAN_POINT('Ctrl Pts',(-21.4199777821273,80.,-12.0112142880724));
#9218=CARTESIAN_POINT('',(-21.317140772684,80.,-12.1843702895788));
#9219=CARTESIAN_POINT('Ctrl Pts',(-21.6105046624461,77.4698859960816,-12.1239002065597));
#9220=CARTESIAN_POINT('Ctrl Pts',(-21.5128326517824,78.3131117089029,-12.1441253975623));
#9221=CARTESIAN_POINT('Ctrl Pts',(-21.4150096382158,79.1567991684877,-12.1642908127226));
#9222=CARTESIAN_POINT('Ctrl Pts',(-21.317140772684,80.,-12.1843702895788));
#9223=CARTESIAN_POINT('',(-19.8698573981349,80.,-14.4398046299955));
#9224=CARTESIAN_POINT('Ctrl Pts',(-21.317136823474,80.,-12.1843981697644));
#9225=CARTESIAN_POINT('Ctrl Pts',(-20.8170704207703,80.,-13.023073621308));
#9226=CARTESIAN_POINT('Ctrl Pts',(-20.3318829036389,80.,-13.7860392097503));
#9227=CARTESIAN_POINT('Ctrl Pts',(-19.8698574031255,80.,-14.4398046162478));
#9228=CARTESIAN_POINT('Ctrl Pts',(-20.2254248593737,75.,-14.6946313073118));
#9229=CARTESIAN_POINT('Ctrl Pts',(-20.1661636987696,75.8333342621458,-14.6521599885215));
#9230=CARTESIAN_POINT('Ctrl Pts',(-20.1069024649439,76.6666685230672,-14.609688747876));
#9231=CARTESIAN_POINT('Ctrl Pts',(-19.9883799790608,78.3333351897571,-14.524746520889));
#9232=CARTESIAN_POINT('Ctrl Pts',(-19.9291187270038,79.1666675955255,-14.4822755345472));
#9233=CARTESIAN_POINT('Ctrl Pts',(-19.8698573981349,80.,-14.4398046299955));
#9234=CARTESIAN_POINT('Origin',(-19.5837303456747,75.,-10.3842642189753));
#9235=CARTESIAN_POINT('',(-19.5837303456747,75.,-10.3842642189753));
#9236=CARTESIAN_POINT('',(-21.8963200103874,75.,-12.0644589602148));
#9237=CARTESIAN_POINT('',(-19.6805066928962,80.,-10.99528602783));
#9238=CARTESIAN_POINT('',(-19.5881479549083,75.2282380643853,-10.4121559059654));
#9239=CARTESIAN_POINT('',(-21.6391972795708,80.,-12.4183580382529));
#9240=CARTESIAN_POINT('Origin',(-21.8963200103874,75.,-12.0644589602148));
#9241=CARTESIAN_POINT('',(-19.5929857802879,74.7627366780164,-10.4427007332836));
#9242=CARTESIAN_POINT('Ctrl Pts',(-19.5090560314194,70.0017665106451,-14.1812302968036));
#9243=CARTESIAN_POINT('Ctrl Pts',(-19.8778926734732,72.5751920697353,-14.4455614599956));
#9244=CARTESIAN_POINT('Ctrl Pts',(-20.2488048893475,75.1631210819031,-14.711385680215));
#9245=CARTESIAN_POINT('Ctrl Pts',(-20.6195348602825,77.7497975624264,-14.9770841571159));
#9246=CARTESIAN_POINT('Ctrl Pts',(-19.0528863111758,69.9444158288158,-14.3910536458343));
#9247=CARTESIAN_POINT('Ctrl Pts',(-19.377843266831,72.5020043252836,-14.7922305826224));
#9248=CARTESIAN_POINT('Ctrl Pts',(-19.7601504794226,75.0637580767694,-15.2054721896596));
#9249=CARTESIAN_POINT('Ctrl Pts',(-20.2062870131986,77.6080205363826,-15.6156107747802));
#9250=CARTESIAN_POINT('Ctrl Pts',(-18.1376728096476,69.8866044165602,-14.5109495124874));
#9251=CARTESIAN_POINT('Ctrl Pts',(-18.2866007036956,72.439217904074,-15.0741447340275));
#9252=CARTESIAN_POINT('Ctrl Pts',(-18.5508454873846,74.9782714434558,-15.7055888215295));
#9253=CARTESIAN_POINT('Ctrl Pts',(-18.922803567041,77.4796767641087,-16.3769936419168));
#9254=CARTESIAN_POINT('Ctrl Pts',(-17.2987394565181,69.9203027619456,-14.164960295553));
#9255=CARTESIAN_POINT('Ctrl Pts',(-17.2589109794981,72.5135652941942,-14.7014926086524));
#9256=CARTESIAN_POINT('Ctrl Pts',(-17.3518664770356,75.0916495138931,-15.3290137363238));
#9257=CARTESIAN_POINT('Ctrl Pts',(-17.5348426924337,77.6424152372364,-16.0195502336891));
#9258=CARTESIAN_POINT('Ctrl Pts',(-16.9899927982614,69.9499196022606,-13.9470977715115));
#9259=CARTESIAN_POINT('Ctrl Pts',(-16.8898894296848,72.5665986490878,-14.4446792003998));
#9260=CARTESIAN_POINT('Ctrl Pts',(-16.9297055649575,75.1680747468779,-15.0406045841399));
#9261=CARTESIAN_POINT('Ctrl Pts',(-17.0625613226753,77.7484521319385,-15.6995287009029));
#9262=CARTESIAN_POINT('',(-18.8271784076183,77.5536975520131,-16.1064052545971));
#9263=CARTESIAN_POINT('Ctrl Pts',(-20.2254248593737,75.,-14.6946313073118));
#9264=CARTESIAN_POINT('Ctrl Pts',(-20.0928207799824,75.0914835785031,-14.8635283276879));
#9265=CARTESIAN_POINT('Ctrl Pts',(-19.9608772764682,75.256004935769,-15.0157024901245));
#9266=CARTESIAN_POINT('Ctrl Pts',(-19.8492437668152,75.4199156732364,-15.1384272136748));
#9267=CARTESIAN_POINT('Ctrl Pts',(-19.6221262826417,75.7533907600482,-15.3881096839767));
#9268=CARTESIAN_POINT('Ctrl Pts',(-19.3990849780564,76.2018649153031,-15.6041088354078));
#9269=CARTESIAN_POINT('Ctrl Pts',(-19.0835760271034,76.9066180533164,-15.8914014837884));
#9270=CARTESIAN_POINT('Ctrl Pts',(-18.9528592131589,77.2253442198807,-16.0036850457616));
#9271=CARTESIAN_POINT('Ctrl Pts',(-18.8271784076183,77.5536975520131,-16.1064052545971));
#9272=CARTESIAN_POINT('',(-16.9602906311238,74.9999999999997,-15.0261936856068));
#9273=CARTESIAN_POINT('Ctrl Pts',(-18.8271784076183,77.5536975520131,-16.1064052545971));
#9274=CARTESIAN_POINT('Ctrl Pts',(-18.6520856986337,77.1475940351454,-16.0231097754543));
#9275=CARTESIAN_POINT('Ctrl Pts',(-18.467124536531,76.7533989342444,-15.9313566462856));
#9276=CARTESIAN_POINT('Ctrl Pts',(-18.066023719051,76.0083443729723,-15.7205114865873));
#9277=CARTESIAN_POINT('Ctrl Pts',(-17.8122233284995,75.6000455260303,-15.5802689367484));
#9278=CARTESIAN_POINT('Ctrl Pts',(-17.453360251426,75.2313567066187,-15.3594103720074));
#9279=CARTESIAN_POINT('Ctrl Pts',(-17.3506652650181,75.1433779541544,-15.2943122895328));
#9280=CARTESIAN_POINT('Ctrl Pts',(-17.1958154542731,75.0566382596537,-15.1911875150104));
#9281=CARTESIAN_POINT('Ctrl Pts',(-17.1475879062246,75.0352603760692,-15.1584599960368));
#9282=CARTESIAN_POINT('Ctrl Pts',(-17.0526469098196,75.0073697729228,-15.0924974683006));
#9283=CARTESIAN_POINT('Ctrl Pts',(-17.0065335591695,75.,-15.0597911394516));
#9284=CARTESIAN_POINT('Ctrl Pts',(-16.9602906311239,75.,-15.026193685607));
#9285=CARTESIAN_POINT('',(-16.9362029793521,73.1070690189856,-14.5961246345675));
#9286=CARTESIAN_POINT('Ctrl Pts',(-16.9585143827274,74.9999170874181,-15.0248850946324));
#9287=CARTESIAN_POINT('Ctrl Pts',(-16.9436820809042,74.3700168057475,-14.8768206857059));
#9288=CARTESIAN_POINT('Ctrl Pts',(-16.9353118464148,73.7389960028842,-14.7332070235307));
#9289=CARTESIAN_POINT('Ctrl Pts',(-16.9340744919428,73.1069390423748,-14.5945498692646));
#9290=CARTESIAN_POINT('',(-17.7972147127333,70.,-14.3431189235343));
#9291=CARTESIAN_POINT('Ctrl Pts',(-16.9362029793521,73.1070690189854,-14.5961246345675));
#9292=CARTESIAN_POINT('Ctrl Pts',(-17.1929133079328,72.0647764375829,-14.5554657128497));
#9293=CARTESIAN_POINT('Ctrl Pts',(-17.4838631567741,71.0287093918239,-14.4658125648205));
#9294=CARTESIAN_POINT('Ctrl Pts',(-17.7972147127333,70.,-14.3431189235343));
#9295=CARTESIAN_POINT('Ctrl Pts',(-17.797406079102,69.9999904450936,-14.3432017901102));
#9296=CARTESIAN_POINT('Ctrl Pts',(-17.876025077771,69.9999810622004,-14.3643622487265));
#9297=CARTESIAN_POINT('Ctrl Pts',(-17.9556984151254,69.9999748020572,-14.3815950477149));
#9298=CARTESIAN_POINT('Ctrl Pts',(-18.0361595179271,69.9999869964602,-14.39473910693));
#9299=CARTESIAN_POINT('Ctrl Pts',(-18.1005615856578,69.9999967570121,-14.4052597754561));
#9300=CARTESIAN_POINT('Ctrl Pts',(-18.1654686287136,70.0000185223388,-14.4131600325202));
#9301=CARTESIAN_POINT('Ctrl Pts',(-18.2307337905538,70.000042678565,-14.4184453217311));
#9302=CARTESIAN_POINT('Ctrl Pts',(-18.3180360415173,70.0000749912547,-14.425515213724));
#9303=CARTESIAN_POINT('Ctrl Pts',(-18.4055564200657,70.0001105667374,-14.4278739547778));
#9304=CARTESIAN_POINT('Ctrl Pts',(-18.4929386379852,70.0001364795976,-14.4256287790382));
#9305=CARTESIAN_POINT('Ctrl Pts',(-18.5808333167315,70.000162544426,-14.4233704362648));
#9306=CARTESIAN_POINT('Ctrl Pts',(-18.6685891577055,70.0001788845291,-14.4164540202628));
#9307=CARTESIAN_POINT('Ctrl Pts',(-18.7558471499566,70.0001803981305,-14.4049371423826));
#9308=CARTESIAN_POINT('Ctrl Pts',(-18.8004252168823,70.0001811713941,-14.3990534388997));
#9309=CARTESIAN_POINT('Ctrl Pts',(-18.84487331642,70.0001781993513,-14.3919682122293));
#9310=CARTESIAN_POINT('Ctrl Pts',(-18.8891427122198,70.0001715352629,-14.3836840048636));
#9311=CARTESIAN_POINT('Ctrl Pts',(-18.9752028965725,70.000158580203,-14.3675794161241));
#9312=CARTESIAN_POINT('Ctrl Pts',(-19.0602594222495,70.0001313436433,-14.347008258976));
#9313=CARTESIAN_POINT('Ctrl Pts',(-19.1439681199817,70.0001006617529,-14.3220549389175));
#9314=CARTESIAN_POINT('Ctrl Pts',(-19.2269866062344,70.0000702328469,-14.2973073688996));
#9315=CARTESIAN_POINT('Ctrl Pts',(-19.3086802671144,70.0000364785227,-14.2682494962181));
#9316=CARTESIAN_POINT('Ctrl Pts',(-19.3887069188409,70.0000165509371,-14.2349137239846));
#9317=CARTESIAN_POINT('Ctrl Pts',(-19.4244561059187,70.0000076489654,-14.2200221006035));
#9318=CARTESIAN_POINT('Ctrl Pts',(-19.4598724679214,70.0000015885347,-14.2042761416977));
#9319=CARTESIAN_POINT('Ctrl Pts',(-19.4949243882449,70.0000002762577,-14.187675560316));
#9320=CARTESIAN_POINT('Origin',(-16.4699855824452,75.,-14.6699662160462));
#9321=CARTESIAN_POINT('',(-16.4699855824452,75.,-14.6699662160462));
#9322=CARTESIAN_POINT('',(-16.4699855824452,75.,-14.6699662160462));
#9323=CARTESIAN_POINT('',(-16.5782804044339,74.5603025005376,-14.6528140012754));
#9324=CARTESIAN_POINT('Origin',(-18.8621116783145,75.,-16.4079475570466));
#9325=CARTESIAN_POINT('',(-18.7924064945956,80.,-15.8165940997592));
#9326=CARTESIAN_POINT('Ctrl Pts',(-18.8271784076183,77.5536975520131,-16.1064052545971));
#9327=CARTESIAN_POINT('Ctrl Pts',(-18.810046202512,78.7817832173483,-15.9611504183288));
#9328=CARTESIAN_POINT('Ctrl Pts',(-18.7924064945958,79.9999999999917,-15.8165940997602));
#9329=CARTESIAN_POINT('',(-17.0810073912999,80.,-14.5731898688246));
#9330=CARTESIAN_POINT('',(-16.7271083132618,80.,-14.316067138008));
#9331=CARTESIAN_POINT('',(-16.4855537279561,75.1273943522578,-14.6675004640325));
#9332=CARTESIAN_POINT('Origin',(0.,75.,0.));
#9333=CARTESIAN_POINT('Origin',(0.,80.,0.));
#9334=CARTESIAN_POINT('Origin',(-19.5837303456747,75.,-10.3842642189753));
#9335=CARTESIAN_POINT('',(-20.2969879654745,70.,-10.9024762131838));
#9336=CARTESIAN_POINT('',(-19.5837303456747,75.,-10.3842642189753));
#9337=CARTESIAN_POINT('Origin',(-19.2617058967139,70.,-13.4242847562033));
#9338=CARTESIAN_POINT('Origin',(-16.4699855824452,75.,-14.6699662160462));
#9339=CARTESIAN_POINT('',(-19.9376294237128,80.,-10.6413869497919));
#9340=CARTESIAN_POINT('Origin',(-19.2617058967139,80.,-13.4242847562033));
#9341=CARTESIAN_POINT('Origin',(18.7194479567256,80.,-14.1706387810351));
#9342=CARTESIAN_POINT('',(20.8496478562037,80.,-12.9850442835964));
#9343=CARTESIAN_POINT('',(19.1382487529079,80.,-11.7416400526618));
#9344=CARTESIAN_POINT('',(18.7843496748698,80.,-11.4845173218452));
#9345=CARTESIAN_POINT('',(19.8731938992166,80.,-14.435212330229));
#9346=CARTESIAN_POINT('Origin',(0.,80.,0.));
#9347=CARTESIAN_POINT('',(18.1753835310994,80.,-16.5086281554052));
#9348=CARTESIAN_POINT('Ctrl Pts',(18.1754088263586,80.,-16.5086157840321));
#9349=CARTESIAN_POINT('Ctrl Pts',(18.8185075628545,80.,-15.7738594058684));
#9350=CARTESIAN_POINT('Ctrl Pts',(19.3941997691994,80.,-15.0766493231236));
#9351=CARTESIAN_POINT('Ctrl Pts',(19.8731938876839,80.,-14.4352123392236));
#9352=CARTESIAN_POINT('',(16.5387494513116,80.,-15.3195438936564));
#9353=CARTESIAN_POINT('',(18.4974400379863,80.,-16.7426159040793));
#9354=CARTESIAN_POINT('',(16.2816267204951,80.,-15.6734429716945));
#9355=CARTESIAN_POINT('Origin',(19.0414724056864,75.,-11.1306182438071));
#9356=CARTESIAN_POINT('',(15.9277276424569,75.,-15.416320240878));
#9357=CARTESIAN_POINT('',(15.955619329447,75.2282380643853,-15.4119026316443));
#9358=CARTESIAN_POINT('',(19.0414724056864,75.,-11.1306182438071));
#9359=CARTESIAN_POINT('',(15.9277276424569,75.,-15.416320240878));
#9360=CARTESIAN_POINT('',(19.0439381577,75.1273943522578,-11.146186389318));
#9361=CARTESIAN_POINT('Origin',(18.7194479567256,70.,-14.1706387810351));
#9362=CARTESIAN_POINT('',(19.5175457862184,70.,-14.1565418715753));
#9363=CARTESIAN_POINT('',(17.3302533788238,70.,-14.9858360610864));
#9364=CARTESIAN_POINT('Ctrl Pts',(19.5172759645492,70.0001083953849,-14.1561435075481));
#9365=CARTESIAN_POINT('Ctrl Pts',(19.4586961027217,70.0001942868322,-14.2232832692941));
#9366=CARTESIAN_POINT('Ctrl Pts',(19.3965447249028,70.0003175951359,-14.2870673508055));
#9367=CARTESIAN_POINT('Ctrl Pts',(19.3311566998643,70.0004423909821,-14.3473443017375));
#9368=CARTESIAN_POINT('Ctrl Pts',(19.265771461867,70.0005671815092,-14.4076186834782));
#9369=CARTESIAN_POINT('Ctrl Pts',(19.1971490350911,70.0006933848221,-14.4643866683449));
#9370=CARTESIAN_POINT('Ctrl Pts',(19.125595369277,70.0007966384259,-14.5174556810075));
#9371=CARTESIAN_POINT('Ctrl Pts',(19.0619599796421,70.000888465773,-14.5646519673179));
#9372=CARTESIAN_POINT('Ctrl Pts',(18.9960054264104,70.000962261704,-14.6089223086223));
#9373=CARTESIAN_POINT('Ctrl Pts',(18.9279356130058,70.0010093283723,-14.6500995791001));
#9374=CARTESIAN_POINT('Ctrl Pts',(18.8515069425475,70.0010621747474,-14.6963333482014));
#9375=CARTESIAN_POINT('Ctrl Pts',(18.7728673161741,70.0010793687855,-14.7383928823809));
#9376=CARTESIAN_POINT('Ctrl Pts',(18.6923682927846,70.0010576992318,-14.7761433517689));
#9377=CARTESIAN_POINT('Ctrl Pts',(18.6120766605212,70.0010360855058,-14.8137965639229));
#9378=CARTESIAN_POINT('Ctrl Pts',(18.5299343465168,70.0009757462903,-14.8471632771953));
#9379=CARTESIAN_POINT('Ctrl Pts',(18.4462661571531,70.0008855352367,-14.8760656756226));
#9380=CARTESIAN_POINT('Ctrl Pts',(18.364567143442,70.0007974473486,-14.9042878406217));
#9381=CARTESIAN_POINT('Ctrl Pts',(18.2814124256143,70.0006808574348,-14.9282535718873));
#9382=CARTESIAN_POINT('Ctrl Pts',(18.1970937651599,70.0005560361645,-14.9477510875009));
#9383=CARTESIAN_POINT('Ctrl Pts',(18.1452370783334,70.0004792700312,-14.9597422239306));
#9384=CARTESIAN_POINT('Ctrl Pts',(18.0929399869336,70.0003996270471,-14.9700424057523));
#9385=CARTESIAN_POINT('Ctrl Pts',(18.0402702443421,70.000324227529,-14.9785927898746));
#9386=CARTESIAN_POINT('Ctrl Pts',(17.9498140376985,70.000194734692,-14.9932774128667));
#9387=CARTESIAN_POINT('Ctrl Pts',(17.8587420865302,70.000077246608,-15.0027254150186));
#9388=CARTESIAN_POINT('Ctrl Pts',(17.7674160332314,70.0000182762452,-15.0067573445703));
#9389=CARTESIAN_POINT('Ctrl Pts',(17.6799561410408,69.9999618023105,-15.0106185880072));
#9390=CARTESIAN_POINT('Ctrl Pts',(17.5922622772942,69.9999590709465,-15.0095124749159));
#9391=CARTESIAN_POINT('Ctrl Pts',(17.5046970514209,69.9999755969628,-15.0035814558969));
#9392=CARTESIAN_POINT('Ctrl Pts',(17.4759766952792,69.9999810173002,-15.0016361519613));
#9393=CARTESIAN_POINT('Ctrl Pts',(17.4472701863579,69.9999886103596,-14.9991713947215));
#9394=CARTESIAN_POINT('Ctrl Pts',(17.4185904275734,69.9999974463034,-14.9961910382829));
#9395=CARTESIAN_POINT('Ctrl Pts',(17.3894715976966,70.0000064175206,-14.9931650542514));
#9396=CARTESIAN_POINT('Ctrl Pts',(17.360418891826,70.0000166334175,-14.9896115692172));
#9397=CARTESIAN_POINT('Ctrl Pts',(17.3314455101715,70.0000273029394,-14.9855382074159));
#9398=CARTESIAN_POINT('',(19.140758514998,70.,-12.493889524736));
#9399=CARTESIAN_POINT('Ctrl Pts',(19.1408964647981,69.9999904443866,-12.4940459166581));
#9400=CARTESIAN_POINT('Ctrl Pts',(19.1853158638588,69.9999810614262,-12.5622780862184));
#9401=CARTESIAN_POINT('Ctrl Pts',(19.2263256451309,69.9999748012312,-12.6327267050538));
#9402=CARTESIAN_POINT('Ctrl Pts',(19.2636902365634,69.9999869956116,-12.7051880234728));
#9403=CARTESIAN_POINT('Ctrl Pts',(19.2935973204136,69.9999967561454,-12.7631869642552));
#9404=CARTESIAN_POINT('Ctrl Pts',(19.3211682907312,70.0000185214726,-12.8224759168148));
#9405=CARTESIAN_POINT('Ctrl Pts',(19.3463629435507,70.0000426777136,-12.8829135301073));
#9406=CARTESIAN_POINT('Ctrl Pts',(19.3800646892998,70.000074990423,-12.9637581875613));
#9407=CARTESIAN_POINT('Ctrl Pts',(19.4093532693031,70.0001105659509,-13.046266122401));
#9408=CARTESIAN_POINT('Ctrl Pts',(19.4342205702348,70.0001364788711,-13.1300653472147));
#9409=CARTESIAN_POINT('Ctrl Pts',(19.4592337079681,70.0001625437603,-13.2143560210585));
#9410=CARTESIAN_POINT('Ctrl Pts',(19.4797738514457,70.0001788839389,-13.2999540761643));
#9411=CARTESIAN_POINT('Ctrl Pts',(19.4957848518866,70.0001803976197,-13.3865002699179));
#9412=CARTESIAN_POINT('Ctrl Pts',(19.5039644974,70.0001811709238,-13.4307146953717));
#9413=CARTESIAN_POINT('Ctrl Pts',(19.5109612643202,70.0001781989226,-13.4751768055799));
#9414=CARTESIAN_POINT('Ctrl Pts',(19.5167625103481,70.0001715348753,-13.5198394638435));
#9415=CARTESIAN_POINT('Ctrl Pts',(19.5280401954735,70.0001585798953,-13.6066641553553));
#9416=CARTESIAN_POINT('Ctrl Pts',(19.5347597739625,70.0001313434132,-13.6939145562917));
#9417=CARTESIAN_POINT('Ctrl Pts',(19.5368951661158,70.0001006615874,-13.7812372594671));
#9418=CARTESIAN_POINT('Ctrl Pts',(19.5390129511363,70.0000702327451,-13.867839953243));
#9419=CARTESIAN_POINT('Ctrl Pts',(19.5366220010597,70.0000364784717,-13.9545146199686));
#9420=CARTESIAN_POINT('Ctrl Pts',(19.5296473925241,70.0000165509139,-14.0409258103805));
#9421=CARTESIAN_POINT('Ctrl Pts',(19.5265317234264,70.0000076489554,-14.0795270701195));
#9422=CARTESIAN_POINT('Ctrl Pts',(19.5225006844889,70.0000015885327,-14.1180757985947));
#9423=CARTESIAN_POINT('Ctrl Pts',(19.5175442327439,70.0000002762574,-14.1565420153054));
#9424=CARTESIAN_POINT('',(16.6409852622568,70.,-15.9345322350864));
#9425=CARTESIAN_POINT('Origin',(15.9277276424569,75.,-15.416320240878));
#9426=CARTESIAN_POINT('',(16.3343073024069,73.3492095279032,-15.351924347975));
#9427=CARTESIAN_POINT('Ctrl Pts',(17.3302533788237,70.,-14.9858360610864));
#9428=CARTESIAN_POINT('Ctrl Pts',(16.9475666581074,71.0727993198058,-15.1907350359144));
#9429=CARTESIAN_POINT('Ctrl Pts',(16.6094824787397,72.231946170139,-15.3083408826946));
#9430=CARTESIAN_POINT('Ctrl Pts',(16.3343073016011,73.3492095358297,-15.3519243491169));
#9431=CARTESIAN_POINT('',(19.1153139871651,73.1070690189856,-11.596835640714));
#9432=CARTESIAN_POINT('Ctrl Pts',(19.1153139871651,73.1070690189854,-11.596835640714));
#9433=CARTESIAN_POINT('Ctrl Pts',(19.1559729088828,72.0647764375829,-11.8535459692947));
#9434=CARTESIAN_POINT('Ctrl Pts',(19.160616146046,71.0287093918239,-12.1579600652905));
#9435=CARTESIAN_POINT('Ctrl Pts',(19.140758514998,70.,-12.493889524736));
#9436=CARTESIAN_POINT('',(19.0586246204571,74.5603025005376,-11.2389130657958));
#9437=CARTESIAN_POINT('',(15.9861641567652,74.7627366780164,-15.4070648062647));
#9438=CARTESIAN_POINT('Origin',(0.,75.,0.));
#9439=CARTESIAN_POINT('',(20.2254248593737,75.,-14.6946313073118));
#9440=CARTESIAN_POINT('',(21.1360197555582,77.5536975520131,-12.9285577660563));
#9441=CARTESIAN_POINT('Ctrl Pts',(20.2254248593737,75.,-14.6946313073118));
#9442=CARTESIAN_POINT('Ctrl Pts',(20.3450785571298,75.0914835785031,-14.516325283924));
#9443=CARTESIAN_POINT('Ctrl Pts',(20.4490320010437,75.256004935769,-14.3438151528263));
#9444=CARTESIAN_POINT('Ctrl Pts',(20.5312534974622,75.4199156732364,-14.1997213508269));
#9445=CARTESIAN_POINT('Ctrl Pts',(20.6985324755182,75.7533907600482,-13.9065636610183));
#9446=CARTESIAN_POINT('Ctrl Pts',(20.8350363224366,76.2018649153031,-13.6276913663267));
#9447=CARTESIAN_POINT('Ctrl Pts',(21.0107702400407,76.9066180533164,-13.2388462118648));
#9448=CARTESIAN_POINT('Ctrl Pts',(21.0771645363687,77.2253442198807,-13.0798296053348));
#9449=CARTESIAN_POINT('Ctrl Pts',(21.1360197555582,77.5536975520131,-12.9285577660563));
#9450=CARTESIAN_POINT('Ctrl Pts',(20.2254248593737,75.,-14.6946313073118));
#9451=CARTESIAN_POINT('Ctrl Pts',(20.1667195291494,75.8333342621458,-14.6513949536358));
#9452=CARTESIAN_POINT('Ctrl Pts',(20.1080142506186,76.6666685230672,-14.6081585061738));
#9453=CARTESIAN_POINT('Ctrl Pts',(19.9906039297806,78.3333351897571,-14.5216855153263));
#9454=CARTESIAN_POINT('Ctrl Pts',(19.9318988874732,79.1666675955255,-14.4784489719411));
#9455=CARTESIAN_POINT('Ctrl Pts',(19.8731938992166,80.,-14.435212330229));
#9456=CARTESIAN_POINT('Ctrl Pts',(21.1360197555582,77.5536975520131,-12.9285577660563));
#9457=CARTESIAN_POINT('Ctrl Pts',(20.9925800544729,78.7817832173483,-12.9571502836736));
#9458=CARTESIAN_POINT('Ctrl Pts',(20.8496478562046,79.9999999999917,-12.9850442835962));
#9459=CARTESIAN_POINT('Origin',(21.4335985015557,75.,-12.8685995848076));
#9460=CARTESIAN_POINT('',(19.5317774543649,74.9999999999997,-11.4868457133679));
#9461=CARTESIAN_POINT('Ctrl Pts',(21.1360197555582,77.5536975520131,-12.9285577660563));
#9462=CARTESIAN_POINT('Ctrl Pts',(21.0026944246741,77.1475940351455,-12.7877744228305));
#9463=CARTESIAN_POINT('Ctrl Pts',(20.8582758708987,76.7533989342444,-12.6402191805514));
#9464=CARTESIAN_POINT('Ctrl Pts',(20.5338032387793,76.0083443729723,-12.3239043719242));
#9465=CARTESIAN_POINT('Ctrl Pts',(20.3219960140338,75.6000455260303,-12.1258631878866));
#9466=CARTESIAN_POINT('Ctrl Pts',(20.0010522473878,75.2313567066187,-11.8528131698364));
#9467=CARTESIAN_POINT('Ctrl Pts',(19.9074057958149,75.1433779541544,-11.7752608476082));
#9468=CARTESIAN_POINT('Ctrl Pts',(19.7614770839179,75.0566382596537,-11.6598572339206));
#9469=CARTESIAN_POINT('Ctrl Pts',(19.715448231792,75.0352603760692,-11.6241034696307));
#9470=CARTESIAN_POINT('Ctrl Pts',(19.6233757586051,75.0073697729228,-11.5541927583986));
#9471=CARTESIAN_POINT('Ctrl Pts',(19.5780203824106,75.,-11.5204431672125));
#9472=CARTESIAN_POINT('Ctrl Pts',(19.5317774543651,75.,-11.4868457133679));
#9473=CARTESIAN_POINT('',(19.0414724056864,75.,-11.1306182438071));
#9474=CARTESIAN_POINT('Origin',(19.0414724056864,75.,-11.1306182438071));
#9475=CARTESIAN_POINT('Ctrl Pts',(19.5299840194508,74.9999170874181,-11.4855607776057));
#9476=CARTESIAN_POINT('Ctrl Pts',(19.3845829651809,74.3700168057475,-11.5172088389255));
#9477=CARTESIAN_POINT('Ctrl Pts',(19.2454117112359,73.7389960028842,-11.553627335108));
#9478=CARTESIAN_POINT('Ctrl Pts',(19.1131585575804,73.1069390423748,-11.5952979581343));
#9479=CARTESIAN_POINT('Ctrl Pts',(19.515781340779,70.0017665106451,-14.1719737025915));
#9480=CARTESIAN_POINT('Ctrl Pts',(19.8811520065352,72.575192069734,-14.4410753728958));
#9481=CARTESIAN_POINT('Ctrl Pts',(20.2485840414906,75.163121081903,-14.7116896512124));
#9482=CARTESIAN_POINT('Ctrl Pts',(20.6158401706599,77.7497975624264,-14.9821694611142));
#9483=CARTESIAN_POINT('Ctrl Pts',(19.574371008271,69.9444158288158,-13.6732915369501));
#9484=CARTESIAN_POINT('Ctrl Pts',(20.0563301699282,72.5020043252825,-13.8583734759225));
#9485=CARTESIAN_POINT('Ctrl Pts',(20.5674857188683,75.0637580767693,-14.0942705623272));
#9486=CARTESIAN_POINT('Ctrl Pts',(21.0954144635796,77.6080205363826,-14.391831827081));
#9487=CARTESIAN_POINT('Ctrl Pts',(19.4055822367398,69.886604414832,-12.7658219093998));
#9488=CARTESIAN_POINT('Ctrl Pts',(19.9872339723289,72.4392179023451,-12.7334238588856));
#9489=CARTESIAN_POINT('Ctrl Pts',(20.6694291534677,74.9782714313772,-12.7896086327515));
#9490=CARTESIAN_POINT('Ctrl Pts',(21.4229144507779,77.4796767520302,-12.9358862885925));
#9491=CARTESIAN_POINT('Ctrl Pts',(18.8172822654763,69.9203027619456,-12.0748654278414));
#9492=CARTESIAN_POINT('Ctrl Pts',(19.3152471417931,72.513565294194,-11.8711886924583));
#9493=CARTESIAN_POINT('Ctrl Pts',(19.9407800278376,75.0916495138931,-11.7656799313371));
#9494=CARTESIAN_POINT('Ctrl Pts',(20.6540620235209,77.6424152372363,-11.7263131403964));
#9495=CARTESIAN_POINT('Ctrl Pts',(18.5146747279724,69.9499196022606,-11.8485531289883));
#9496=CARTESIAN_POINT('Ctrl Pts',(18.9569691462197,72.5665986490878,-11.5995880503885));
#9497=CARTESIAN_POINT('Ctrl Pts',(19.536031728101,75.1680747468779,-11.4533043743382));
#9498=CARTESIAN_POINT('Ctrl Pts',(20.2037604900279,77.7484521319385,-11.3760389583598));
#9499=CARTESIAN_POINT('',(19.673993541024,71.1161060252739,-14.2884993136228));
#9500=CARTESIAN_POINT('Ctrl Pts',(19.6739681445184,71.1159271479451,-14.2884806081915));
#9501=CARTESIAN_POINT('Ctrl Pts',(19.6514840632376,70.9575646527552,-14.2719208011103));
#9502=CARTESIAN_POINT('Ctrl Pts',(19.6286406316681,70.7947063416123,-14.2536539602005));
#9503=CARTESIAN_POINT('Ctrl Pts',(19.6057792445102,70.6312272430873,-14.2344466878664));
#9504=CARTESIAN_POINT('Ctrl Pts',(19.5853446059799,70.4851015394039,-14.2172782778925));
#9505=CARTESIAN_POINT('Ctrl Pts',(19.5648952732934,70.3384797871791,-14.1993590922248));
#9506=CARTESIAN_POINT('Ctrl Pts',(19.5447140185439,70.1941158524991,-14.1812219847724));
#9507=CARTESIAN_POINT('Ctrl Pts',(19.5355923423293,70.128865149034,-14.1730242377193));
#9508=CARTESIAN_POINT('Ctrl Pts',(19.526526021189,70.064075512026,-14.1647817085614));
#9509=CARTESIAN_POINT('Ctrl Pts',(19.5175442327439,70.0000002762574,-14.1565420153054));
#9510=CARTESIAN_POINT('Ctrl Pts',(20.2254248593737,75.,-14.6946313073118));
#9511=CARTESIAN_POINT('Ctrl Pts',(20.1071092154907,74.1666702519641,-14.6074920815416));
#9512=CARTESIAN_POINT('Ctrl Pts',(19.9887937825883,73.3333405137207,-14.5203524756583));
#9513=CARTESIAN_POINT('Ctrl Pts',(19.8049834923869,72.0387091957718,-14.3849748752263));
#9514=CARTESIAN_POINT('Ctrl Pts',(19.7394884820225,71.5774076088851,-14.3367371571776));
#9515=CARTESIAN_POINT('Ctrl Pts',(19.6739935410256,71.1161060252735,-14.288499313624));
#9516=CARTESIAN_POINT('Origin',(18.2403173071697,75.,-17.0965149821174));
#9517=CARTESIAN_POINT('',(16.3901770120329,75.,-15.7523093749242));
#9518=CARTESIAN_POINT('Ctrl Pts',(16.3343920515083,73.3491925230988,-15.351982215568));
#9519=CARTESIAN_POINT('Ctrl Pts',(16.3534516678363,73.8993684077537,-15.4857418457663));
#9520=CARTESIAN_POINT('Ctrl Pts',(16.3720476824952,74.4496377667565,-15.6191850225696));
#9521=CARTESIAN_POINT('Ctrl Pts',(16.3902496300695,74.9999855912249,-15.7523589945928));
#9522=CARTESIAN_POINT('',(18.2403173071697,75.,-17.0965149821174));
#9523=CARTESIAN_POINT('Origin',(15.9277276424569,75.,-15.416320240878));
#9524=CARTESIAN_POINT('',(18.2085274920757,77.4698859960816,-16.8063200777133));
#9525=CARTESIAN_POINT('Ctrl Pts',(16.3901770120329,75.,-15.7523093749242));
#9526=CARTESIAN_POINT('Ctrl Pts',(16.4638762519886,75.,-15.8058550070336));
#9527=CARTESIAN_POINT('Ctrl Pts',(16.536962624917,75.0186440483018,-15.8569391617171));
#9528=CARTESIAN_POINT('Ctrl Pts',(16.713067161227,75.0963524628016,-15.9764830583818));
#9529=CARTESIAN_POINT('Ctrl Pts',(16.8135651824113,75.170779240353,-16.0414504889845));
#9530=CARTESIAN_POINT('Ctrl Pts',(17.0882056367004,75.4225495915765,-16.2137615258839));
#9531=CARTESIAN_POINT('Ctrl Pts',(17.2593453224552,75.6523511452785,-16.3132506010175));
#9532=CARTESIAN_POINT('Ctrl Pts',(17.6664599811397,76.2820476340992,-16.540940117324));
#9533=CARTESIAN_POINT('Ctrl Pts',(17.938320836926,76.8215600359756,-16.6801146754791));
#9534=CARTESIAN_POINT('Ctrl Pts',(18.2085274920756,77.4698859960816,-16.8063200777133));
#9535=CARTESIAN_POINT('Ctrl Pts',(18.2085274920757,77.4698859960816,-16.8063200777133));
#9536=CARTESIAN_POINT('Ctrl Pts',(18.1975804806021,78.3131117089029,-16.7071785477777));
#9537=CARTESIAN_POINT('Ctrl Pts',(18.1865299564611,79.1567991684877,-16.6079118772983));
#9538=CARTESIAN_POINT('Ctrl Pts',(18.1753835310994,80.,-16.5086281554052));
#9539=CARTESIAN_POINT('Ctrl Pts',(20.2254248593737,75.,-14.6946313073118));
#9540=CARTESIAN_POINT('Ctrl Pts',(20.1085800351584,76.6666666666667,-14.6074009356734));
#9541=CARTESIAN_POINT('Ctrl Pts',(19.991735210943,78.3333333333333,-14.5201705640349));
#9542=CARTESIAN_POINT('Ctrl Pts',(19.8748903867277,80.,-14.4329401923965));
#9543=CARTESIAN_POINT('Ctrl Pts',(19.7032648473038,75.,-15.3940630955365));
#9544=CARTESIAN_POINT('Ctrl Pts',(19.5898646567221,76.6666666666667,-15.3022461653509));
#9545=CARTESIAN_POINT('Ctrl Pts',(19.4762052163497,78.3333333333333,-15.2106939455108));
#9546=CARTESIAN_POINT('Ctrl Pts',(19.3628050257681,80.,-15.1188770153253));
#9547=CARTESIAN_POINT('Ctrl Pts',(19.0736337025741,75.,-16.1517508234203));
#9548=CARTESIAN_POINT('Ctrl Pts',(18.9624823231442,76.6666666666667,-16.0573533434347));
#9549=CARTESIAN_POINT('Ctrl Pts',(18.8512056402993,78.3333333333333,-15.9630422240552));
#9550=CARTESIAN_POINT('Ctrl Pts',(18.7400542608694,80.,-15.8686447440696));
#9551=CARTESIAN_POINT('Ctrl Pts',(18.3706215588373,75.,-16.9492155494152));
#9552=CARTESIAN_POINT('Ctrl Pts',(18.2612412962581,76.6666666666667,-16.8527904031088));
#9553=CARTESIAN_POINT('Ctrl Pts',(18.151861033679,78.3333333333333,-16.7563652568025));
#9554=CARTESIAN_POINT('Ctrl Pts',(18.0424807710999,80.,-16.6599401104961));
#9555=CARTESIAN_POINT('',(19.7661603616821,75.,-15.2905584589537));
#9556=CARTESIAN_POINT('Ctrl Pts',(18.2085274920757,77.4698859960816,-16.8063200777133));
#9557=CARTESIAN_POINT('Ctrl Pts',(18.428167885576,76.8776253310702,-16.6355265674016));
#9558=CARTESIAN_POINT('Ctrl Pts',(18.7476840890152,76.1060826642484,-16.3726377140099));
#9559=CARTESIAN_POINT('Ctrl Pts',(19.2000430260282,75.4181741771016,-15.9279527935816));
#9560=CARTESIAN_POINT('Ctrl Pts',(19.3215293264136,75.2600502504766,-15.8037067579556));
#9561=CARTESIAN_POINT('Ctrl Pts',(19.5012898018263,75.103557821456,-15.6056403941449));
#9562=CARTESIAN_POINT('Ctrl Pts',(19.5567135382133,75.0644217117462,-15.5428989325516));
#9563=CARTESIAN_POINT('Ctrl Pts',(19.6639837193077,75.0137681928335,-15.4168763173581));
#9564=CARTESIAN_POINT('Ctrl Pts',(19.7152817385679,75.,-15.3546975550904));
#9565=CARTESIAN_POINT('Ctrl Pts',(19.7661603616821,75.,-15.2905584589537));
#9566=CARTESIAN_POINT('Ctrl Pts',(20.2254248593737,75.,-14.6946313073118));
#9567=CARTESIAN_POINT('Ctrl Pts',(20.2060244046199,75.,-14.7206181589419));
#9568=CARTESIAN_POINT('Ctrl Pts',(20.123485288022,75.,-14.8307692605475));
#9569=CARTESIAN_POINT('Ctrl Pts',(20.0336124971854,75.,-14.9488813506201));
#9570=CARTESIAN_POINT('Ctrl Pts',(19.9413103404924,75.,-15.0683103058567));
#9571=CARTESIAN_POINT('Ctrl Pts',(19.846649833357,75.,-15.1890176315507));
#9572=CARTESIAN_POINT('Ctrl Pts',(19.7717070685834,75.,-15.2835661162877));
#9573=CARTESIAN_POINT('Ctrl Pts',(19.7661603616821,75.,-15.2905584589537));
#9574=CARTESIAN_POINT('Ctrl Pts',(19.766160361682,75.,-15.2905584589538));
#9575=CARTESIAN_POINT('Ctrl Pts',(19.5873178877956,73.7053686750782,-15.1486908715733));
#9576=CARTESIAN_POINT('Ctrl Pts',(19.4084754139091,72.4107373501564,-15.0068232841927));
#9577=CARTESIAN_POINT('Ctrl Pts',(19.2296329400227,71.1161060252346,-14.8649556968122));
#9578=CARTESIAN_POINT('Ctrl Pts',(19.9271182279773,75.,-15.0876502152087));
#9579=CARTESIAN_POINT('Ctrl Pts',(19.74703342019,73.7053686750782,-14.9473486550948));
#9580=CARTESIAN_POINT('Ctrl Pts',(19.5669422267146,72.4107373501564,-14.8070554316749));
#9581=CARTESIAN_POINT('Ctrl Pts',(19.3868574189273,71.1161060252346,-14.6667538715609));
#9582=CARTESIAN_POINT('Ctrl Pts',(20.0803859444146,75.,-14.8889105039317));
#9583=CARTESIAN_POINT('Ctrl Pts',(19.8989229601234,73.7053686750782,-14.7503889354713));
#9584=CARTESIAN_POINT('Ctrl Pts',(19.717453981461,72.4107373501564,-14.6118756288269));
#9585=CARTESIAN_POINT('Ctrl Pts',(19.5359909971697,71.1161060252346,-14.4733540603665));
#9586=CARTESIAN_POINT('Ctrl Pts',(20.2254248593737,75.,-14.6946313073118));
#9587=CARTESIAN_POINT('Ctrl Pts',(20.0424995367503,73.7053686750782,-14.5580686141701));
#9588=CARTESIAN_POINT('Ctrl Pts',(19.8595742141269,72.4107373501564,-14.4215059210283));
#9589=CARTESIAN_POINT('Ctrl Pts',(19.6766488915036,71.1161060252346,-14.2849432278866));
#9590=CARTESIAN_POINT('Ctrl Pts',(19.7663259318146,74.9999919571333,-15.2905690709156));
#9591=CARTESIAN_POINT('Ctrl Pts',(19.7359325637631,73.7048641364188,-14.9615255133181));
#9592=CARTESIAN_POINT('Ctrl Pts',(19.7052799211035,72.4101708549354,-14.62813214079));
#9593=CARTESIAN_POINT('Ctrl Pts',(19.6740564035292,71.1161077152233,-14.2884828677231));
#9594=CARTESIAN_POINT('Ctrl Pts',(19.8276575921758,77.6250333469674,-15.9519914604847));
#9595=CARTESIAN_POINT('Ctrl Pts',(19.7686587642801,75.0926596081466,-15.3186431319338));
#9596=CARTESIAN_POINT('Ctrl Pts',(19.7094735283431,72.5614411761121,-14.6735959682593));
#9597=CARTESIAN_POINT('Ctrl Pts',(19.6477751719941,70.0328386105629,-14.0026172717613));
#9598=CARTESIAN_POINT('Ctrl Pts',(19.3705237309822,77.5122885250825,-16.4797955476059));
#9599=CARTESIAN_POINT('Ctrl Pts',(19.3145503162945,74.9775257601486,-15.8564573330572));
#9600=CARTESIAN_POINT('Ctrl Pts',(19.2586859940816,72.4434257802273,-15.2237745286935));
#9601=CARTESIAN_POINT('Ctrl Pts',(19.2043974582292,69.909835760844,-14.572203774203));
#9602=CARTESIAN_POINT('Ctrl Pts',(18.1518096833692,77.4136647187717,-17.0473728951764));
#9603=CARTESIAN_POINT('Ctrl Pts',(18.0889650282588,74.8766827935392,-16.4399498028196));
#9604=CARTESIAN_POINT('Ctrl Pts',(18.0250689911435,72.339350772323,-15.8290288124864));
#9605=CARTESIAN_POINT('Ctrl Pts',(17.9586772295283,69.8010669098699,-15.2097380902973));
#9606=CARTESIAN_POINT('Ctrl Pts',(16.9066058272281,77.5404747305538,-16.6812187618227));
#9607=CARTESIAN_POINT('Ctrl Pts',(16.8313233863729,75.0063509739894,-16.0742826871651));
#9608=CARTESIAN_POINT('Ctrl Pts',(16.7514199334503,72.4728365136016,-15.4637924895425));
#9609=CARTESIAN_POINT('Ctrl Pts',(16.6606091687714,69.9405864732737,-14.8460798606566));
#9610=CARTESIAN_POINT('Ctrl Pts',(16.4743436059882,77.6250333469675,-16.385591605773));
#9611=CARTESIAN_POINT('Ctrl Pts',(16.3955756036443,75.0926596081467,-15.7764270406915));
#9612=CARTESIAN_POINT('Ctrl Pts',(16.3108089598307,72.5614411761121,-15.163156009052));
#9613=CARTESIAN_POINT('Ctrl Pts',(16.2132770540532,70.0328386105629,-14.5411806053985));
#9614=CARTESIAN_POINT('Ctrl Pts',(-15.9519914604849,77.6250333469674,-19.8276575921757));
#9615=CARTESIAN_POINT('Ctrl Pts',(-15.318643131934,75.0926596081466,-19.7686587642799));
#9616=CARTESIAN_POINT('Ctrl Pts',(-14.6735959682611,72.5614411761121,-19.7094735283418));
#9617=CARTESIAN_POINT('Ctrl Pts',(-14.0026172717612,70.0328386105629,-19.6477751719942));
#9618=CARTESIAN_POINT('Ctrl Pts',(-16.479795547606,77.5122885250825,-19.3705237309821));
#9619=CARTESIAN_POINT('Ctrl Pts',(-15.8564573330573,74.9775257601486,-19.3145503162942));
#9620=CARTESIAN_POINT('Ctrl Pts',(-15.2237745286946,72.4434257802275,-19.2586859940801));
#9621=CARTESIAN_POINT('Ctrl Pts',(-14.572203774203,69.909835760844,-19.2043974582294));
#9622=CARTESIAN_POINT('Ctrl Pts',(-17.0473728951764,77.4136647187717,-18.1518096833691));
#9623=CARTESIAN_POINT('Ctrl Pts',(-16.4399498028196,74.8766827935392,-18.0889650282587));
#9624=CARTESIAN_POINT('Ctrl Pts',(-15.8290288124865,72.3393507723233,-18.0250689911424));
#9625=CARTESIAN_POINT('Ctrl Pts',(-15.2097380902974,69.8010669098699,-17.9586772295284));
#9626=CARTESIAN_POINT('Ctrl Pts',(-16.6812187618227,77.5404747305538,-16.9066058272281));
#9627=CARTESIAN_POINT('Ctrl Pts',(-16.0742826871651,75.0063509739894,-16.8313233863729));
#9628=CARTESIAN_POINT('Ctrl Pts',(-15.4637924895426,72.4728365136017,-16.75141993345));
#9629=CARTESIAN_POINT('Ctrl Pts',(-14.8460798606568,69.9405864732737,-16.6606091687713));
#9630=CARTESIAN_POINT('Ctrl Pts',(-16.3855916057731,77.6250333469675,-16.4743436059882));
#9631=CARTESIAN_POINT('Ctrl Pts',(-15.7764270406916,75.0926596081467,-16.3955756036443));
#9632=CARTESIAN_POINT('Ctrl Pts',(-15.1631560090522,72.5614411761121,-16.3108089598306));
#9633=CARTESIAN_POINT('Ctrl Pts',(-14.5411806053986,70.0328386105629,-16.2132770540531));
#9634=CARTESIAN_POINT('',(-14.9858360610864,70.,-17.3302533788238));
#9635=CARTESIAN_POINT('',(-15.351924347975,73.3492095279032,-16.3343073024069));
#9636=CARTESIAN_POINT('Ctrl Pts',(-14.9858360610864,70.,-17.3302533788238));
#9637=CARTESIAN_POINT('Ctrl Pts',(-15.1907350359143,71.0727993198058,-16.9475666581074));
#9638=CARTESIAN_POINT('Ctrl Pts',(-15.3083408826948,72.231946170139,-16.6094824787396));
#9639=CARTESIAN_POINT('Ctrl Pts',(-15.3519243491171,73.3492095358297,-16.334307301601));
#9640=CARTESIAN_POINT('',(-15.7523093749242,75.,-16.3901770120329));
#9641=CARTESIAN_POINT('Ctrl Pts',(-15.3519822155681,73.3491925230989,-16.3343920515083));
#9642=CARTESIAN_POINT('Ctrl Pts',(-15.4857418457664,73.8993684077537,-16.3534516678362));
#9643=CARTESIAN_POINT('Ctrl Pts',(-15.6191850225697,74.4496377667565,-16.3720476824952));
#9644=CARTESIAN_POINT('Ctrl Pts',(-15.7523589945928,74.9999855912248,-16.3902496300695));
#9645=CARTESIAN_POINT('',(-16.8063200777133,77.4698859960816,-18.2085274920757));
#9646=CARTESIAN_POINT('Ctrl Pts',(-15.7523093749242,75.,-16.3901770120329));
#9647=CARTESIAN_POINT('Ctrl Pts',(-15.8058550070336,75.,-16.4638762519885));
#9648=CARTESIAN_POINT('Ctrl Pts',(-15.8569391617171,75.0186440483018,-16.536962624917));
#9649=CARTESIAN_POINT('Ctrl Pts',(-15.9764830583818,75.0963524628016,-16.7130671612269));
#9650=CARTESIAN_POINT('Ctrl Pts',(-16.0414504889845,75.170779240353,-16.8135651824113));
#9651=CARTESIAN_POINT('Ctrl Pts',(-16.2137615258839,75.4225495915765,-17.0882056367004));
#9652=CARTESIAN_POINT('Ctrl Pts',(-16.3132506010175,75.6523511452785,-17.2593453224552));
#9653=CARTESIAN_POINT('Ctrl Pts',(-16.540940117324,76.2820476340992,-17.6664599811397));
#9654=CARTESIAN_POINT('Ctrl Pts',(-16.6801146754791,76.8215600359755,-17.938320836926));
#9655=CARTESIAN_POINT('Ctrl Pts',(-16.8063200777133,77.4698859960816,-18.2085274920757));
#9656=CARTESIAN_POINT('',(-15.2905584589537,75.,-19.7661603616821));
#9657=CARTESIAN_POINT('Ctrl Pts',(-16.8063200777133,77.4698859960816,-18.2085274920756));
#9658=CARTESIAN_POINT('Ctrl Pts',(-16.6355265674017,76.8776253310702,-18.4281678855759));
#9659=CARTESIAN_POINT('Ctrl Pts',(-16.3726377140099,76.1060826642484,-18.7476840890152));
#9660=CARTESIAN_POINT('Ctrl Pts',(-15.9279527935816,75.4181741771016,-19.2000430260282));
#9661=CARTESIAN_POINT('Ctrl Pts',(-15.8037067579556,75.2600502504766,-19.3215293264136));
#9662=CARTESIAN_POINT('Ctrl Pts',(-15.6056403941449,75.103557821456,-19.5012898018263));
#9663=CARTESIAN_POINT('Ctrl Pts',(-15.5428989325516,75.0644217117462,-19.5567135382133));
#9664=CARTESIAN_POINT('Ctrl Pts',(-15.4168763173581,75.0137681928335,-19.6639837193077));
#9665=CARTESIAN_POINT('Ctrl Pts',(-15.3546975550904,75.,-19.7152817385679));
#9666=CARTESIAN_POINT('Ctrl Pts',(-15.2905584589537,75.,-19.7661603616821));
#9667=CARTESIAN_POINT('',(-14.2884993136228,71.1161060252739,-19.6739935410239));
#9668=CARTESIAN_POINT('Ctrl Pts',(-15.2905690709162,74.9999919571332,-19.7663259318142));
#9669=CARTESIAN_POINT('Ctrl Pts',(-14.9615255133189,73.7048641364187,-19.7359325637625));
#9670=CARTESIAN_POINT('Ctrl Pts',(-14.6281321407911,72.4101708549353,-19.7052799211027));
#9671=CARTESIAN_POINT('Ctrl Pts',(-14.2884828677236,71.1161077152232,-19.6740564035289));
#9672=CARTESIAN_POINT('',(-14.1565418715753,70.,-19.5175457862184));
#9673=CARTESIAN_POINT('Ctrl Pts',(-14.2884806081916,71.1159271479452,-19.6739681445184));
#9674=CARTESIAN_POINT('Ctrl Pts',(-14.2719208011103,70.9575646527552,-19.6514840632376));
#9675=CARTESIAN_POINT('Ctrl Pts',(-14.2536539602004,70.7947063416122,-19.6286406316681));
#9676=CARTESIAN_POINT('Ctrl Pts',(-14.2344466878664,70.6312272430871,-19.6057792445102));
#9677=CARTESIAN_POINT('Ctrl Pts',(-14.2172782778925,70.4851015394037,-19.5853446059799));
#9678=CARTESIAN_POINT('Ctrl Pts',(-14.1993590922247,70.3384797871788,-19.5648952732934));
#9679=CARTESIAN_POINT('Ctrl Pts',(-14.1812219847723,70.1941158524987,-19.5447140185438));
#9680=CARTESIAN_POINT('Ctrl Pts',(-14.1730242377193,70.1288651490338,-19.5355923423293));
#9681=CARTESIAN_POINT('Ctrl Pts',(-14.1647817085614,70.0640755120259,-19.5265260211889));
#9682=CARTESIAN_POINT('Ctrl Pts',(-14.1565420153054,70.0000002762574,-19.5175442327439));
#9683=CARTESIAN_POINT('Ctrl Pts',(-14.156143507548,70.0001083953848,-19.5172759645493));
#9684=CARTESIAN_POINT('Ctrl Pts',(-14.223283269294,70.0001942868322,-19.4586961027218));
#9685=CARTESIAN_POINT('Ctrl Pts',(-14.2870673508054,70.0003175951359,-19.3965447249029));
#9686=CARTESIAN_POINT('Ctrl Pts',(-14.3473443017374,70.0004423909821,-19.3311566998644));
#9687=CARTESIAN_POINT('Ctrl Pts',(-14.4076186834782,70.0005671815091,-19.2657714618672));
#9688=CARTESIAN_POINT('Ctrl Pts',(-14.4643866683448,70.0006933848221,-19.1971490350912));
#9689=CARTESIAN_POINT('Ctrl Pts',(-14.5174556810074,70.0007966384259,-19.1255953692772));
#9690=CARTESIAN_POINT('Ctrl Pts',(-14.5646519673179,70.000888465773,-19.0619599796422));
#9691=CARTESIAN_POINT('Ctrl Pts',(-14.6089223086224,70.0009622617039,-18.9960054264105));
#9692=CARTESIAN_POINT('Ctrl Pts',(-14.6500995791002,70.0010093283723,-18.9279356130058));
#9693=CARTESIAN_POINT('Ctrl Pts',(-14.6963333482015,70.0010621747473,-18.8515069425476));
#9694=CARTESIAN_POINT('Ctrl Pts',(-14.7383928823809,70.0010793687854,-18.7728673161742));
#9695=CARTESIAN_POINT('Ctrl Pts',(-14.776143351769,70.0010576992318,-18.6923682927847));
#9696=CARTESIAN_POINT('Ctrl Pts',(-14.8137965639229,70.0010360855058,-18.6120766605213));
#9697=CARTESIAN_POINT('Ctrl Pts',(-14.8471632771953,70.0009757462902,-18.5299343465169));
#9698=CARTESIAN_POINT('Ctrl Pts',(-14.8760656756227,70.0008855352367,-18.4462661571532));
#9699=CARTESIAN_POINT('Ctrl Pts',(-14.9042878406217,70.0007974473485,-18.3645671434421));
#9700=CARTESIAN_POINT('Ctrl Pts',(-14.9282535718873,70.0006808574348,-18.2814124256144));
#9701=CARTESIAN_POINT('Ctrl Pts',(-14.947751087501,70.0005560361645,-18.19709376516));
#9702=CARTESIAN_POINT('Ctrl Pts',(-14.9597422239307,70.0004792700312,-18.1452370783335));
#9703=CARTESIAN_POINT('Ctrl Pts',(-14.9700424057524,70.0003996270471,-18.0929399869336));
#9704=CARTESIAN_POINT('Ctrl Pts',(-14.9785927898747,70.000324227529,-18.0402702443421));
#9705=CARTESIAN_POINT('Ctrl Pts',(-14.9932774128668,70.000194734692,-17.9498140376984));
#9706=CARTESIAN_POINT('Ctrl Pts',(-15.0027254150187,70.000077246608,-17.8587420865302));
#9707=CARTESIAN_POINT('Ctrl Pts',(-15.0067573445705,70.0000182762452,-17.7674160332314));
#9708=CARTESIAN_POINT('Ctrl Pts',(-15.0106185880073,69.9999618023104,-17.6799561410408));
#9709=CARTESIAN_POINT('Ctrl Pts',(-15.0095124749161,69.9999590709465,-17.5922622772943));
#9710=CARTESIAN_POINT('Ctrl Pts',(-15.003581455897,69.9999755969627,-17.504697051421));
#9711=CARTESIAN_POINT('Ctrl Pts',(-15.0016361519615,69.9999810173002,-17.4759766952793));
#9712=CARTESIAN_POINT('Ctrl Pts',(-14.9991713947217,69.9999886103596,-17.4472701863579));
#9713=CARTESIAN_POINT('Ctrl Pts',(-14.996191038283,69.9999974463034,-17.4185904275734));
#9714=CARTESIAN_POINT('Ctrl Pts',(-14.9931650542516,70.0000064175206,-17.3894715976965));
#9715=CARTESIAN_POINT('Ctrl Pts',(-14.9896115692174,70.0000166334175,-17.360418891826));
#9716=CARTESIAN_POINT('Ctrl Pts',(-14.9855382074161,70.0000273029394,-17.3314455101714));
#9717=CARTESIAN_POINT('Ctrl Pts',(-15.2905584589538,75.,-19.766160361682));
#9718=CARTESIAN_POINT('Ctrl Pts',(-15.1486908715733,73.7053686750782,-19.5873178877956));
#9719=CARTESIAN_POINT('Ctrl Pts',(-15.0068232841927,72.4107373501564,-19.4084754139091));
#9720=CARTESIAN_POINT('Ctrl Pts',(-14.8649556968122,71.1161060252346,-19.2296329400227));
#9721=CARTESIAN_POINT('Ctrl Pts',(-15.0876502152087,75.,-19.9271182279773));
#9722=CARTESIAN_POINT('Ctrl Pts',(-14.9473486550948,73.7053686750782,-19.74703342019));
#9723=CARTESIAN_POINT('Ctrl Pts',(-14.8070554316749,72.4107373501564,-19.5669422267146));
#9724=CARTESIAN_POINT('Ctrl Pts',(-14.666753871561,71.1161060252346,-19.3868574189273));
#9725=CARTESIAN_POINT('Ctrl Pts',(-14.8889105039317,75.,-20.0803859444146));
#9726=CARTESIAN_POINT('Ctrl Pts',(-14.7503889354713,73.7053686750782,-19.8989229601234));
#9727=CARTESIAN_POINT('Ctrl Pts',(-14.6118756288269,72.4107373501564,-19.717453981461));
#9728=CARTESIAN_POINT('Ctrl Pts',(-14.4733540603665,71.1161060252346,-19.5359909971697));
#9729=CARTESIAN_POINT('Ctrl Pts',(-14.6946313073118,75.,-20.2254248593737));
#9730=CARTESIAN_POINT('Ctrl Pts',(-14.5580686141701,73.7053686750782,-20.0424995367503));
#9731=CARTESIAN_POINT('Ctrl Pts',(-14.4215059210283,72.4107373501564,-19.8595742141269));
#9732=CARTESIAN_POINT('Ctrl Pts',(-14.2849432278866,71.1161060252346,-19.6766488915036));
#9733=CARTESIAN_POINT('',(-14.6946313073118,75.,-20.2254248593737));
#9734=CARTESIAN_POINT('Ctrl Pts',(-14.6946313073118,75.,-20.2254248593737));
#9735=CARTESIAN_POINT('Ctrl Pts',(-14.7206181589419,75.,-20.2060244046199));
#9736=CARTESIAN_POINT('Ctrl Pts',(-14.8307692605475,75.,-20.123485288022));
#9737=CARTESIAN_POINT('Ctrl Pts',(-14.9488813506201,75.,-20.0336124971854));
#9738=CARTESIAN_POINT('Ctrl Pts',(-15.0683103058567,75.,-19.9413103404924));
#9739=CARTESIAN_POINT('Ctrl Pts',(-15.1890176315507,75.,-19.846649833357));
#9740=CARTESIAN_POINT('Ctrl Pts',(-15.2835661162877,75.,-19.7717070685834));
#9741=CARTESIAN_POINT('Ctrl Pts',(-15.2905584589537,75.,-19.7661603616821));
#9742=CARTESIAN_POINT('Ctrl Pts',(-14.6946313073118,75.,-20.2254248593737));
#9743=CARTESIAN_POINT('Ctrl Pts',(-14.6074920815416,74.1666702519641,-20.1071092154907));
#9744=CARTESIAN_POINT('Ctrl Pts',(-14.5203524756583,73.3333405137207,-19.9887937825883));
#9745=CARTESIAN_POINT('Ctrl Pts',(-14.3849748752263,72.0387091957718,-19.8049834923869));
#9746=CARTESIAN_POINT('Ctrl Pts',(-14.3367371571776,71.5774076088851,-19.7394884820225));
#9747=CARTESIAN_POINT('Ctrl Pts',(-14.288499313624,71.1161060252735,-19.6739935410256));
#9748=CARTESIAN_POINT('Ctrl Pts',(-14.6946313073118,75.,-20.2254248593737));
#9749=CARTESIAN_POINT('Ctrl Pts',(-14.6074009356734,76.6666666666667,-20.1085800351584));
#9750=CARTESIAN_POINT('Ctrl Pts',(-14.5201705640349,78.3333333333333,-19.991735210943));
#9751=CARTESIAN_POINT('Ctrl Pts',(-14.4329401923965,80.,-19.8748903867277));
#9752=CARTESIAN_POINT('Ctrl Pts',(-15.3940630955365,75.,-19.7032648473038));
#9753=CARTESIAN_POINT('Ctrl Pts',(-15.3022461653509,76.6666666666667,-19.5898646567221));
#9754=CARTESIAN_POINT('Ctrl Pts',(-15.2106939455108,78.3333333333333,-19.4762052163497));
#9755=CARTESIAN_POINT('Ctrl Pts',(-15.1188770153253,80.,-19.3628050257681));
#9756=CARTESIAN_POINT('Ctrl Pts',(-16.1517508234203,75.,-19.0736337025741));
#9757=CARTESIAN_POINT('Ctrl Pts',(-16.0573533434347,76.6666666666667,-18.9624823231442));
#9758=CARTESIAN_POINT('Ctrl Pts',(-15.9630422240552,78.3333333333333,-18.8512056402993));
#9759=CARTESIAN_POINT('Ctrl Pts',(-15.8686447440696,80.,-18.7400542608694));
#9760=CARTESIAN_POINT('Ctrl Pts',(-16.9492155494152,75.,-18.3706215588373));
#9761=CARTESIAN_POINT('Ctrl Pts',(-16.8527904031088,76.6666666666667,-18.2612412962581));
#9762=CARTESIAN_POINT('Ctrl Pts',(-16.7563652568025,78.3333333333333,-18.151861033679));
#9763=CARTESIAN_POINT('Ctrl Pts',(-16.6599401104961,80.,-18.0424807710998));
#9764=CARTESIAN_POINT('',(-16.5086281554052,80.,-18.1753835310994));
#9765=CARTESIAN_POINT('Ctrl Pts',(-16.8063200777133,77.4698859960816,-18.2085274920757));
#9766=CARTESIAN_POINT('Ctrl Pts',(-16.7071785477777,78.3131117089029,-18.1975804806021));
#9767=CARTESIAN_POINT('Ctrl Pts',(-16.6079118772983,79.1567991684877,-18.1865299564611));
#9768=CARTESIAN_POINT('Ctrl Pts',(-16.5086281554052,80.,-18.1753835310994));
#9769=CARTESIAN_POINT('',(-14.435212330229,80.,-19.8731938992166));
#9770=CARTESIAN_POINT('Ctrl Pts',(-16.5086157840321,80.,-18.1754088263586));
#9771=CARTESIAN_POINT('Ctrl Pts',(-15.7738594058684,80.,-18.8185075628545));
#9772=CARTESIAN_POINT('Ctrl Pts',(-15.0766493231236,80.,-19.3941997691994));
#9773=CARTESIAN_POINT('Ctrl Pts',(-14.4352123392236,80.,-19.8731938876839));
#9774=CARTESIAN_POINT('Ctrl Pts',(-14.6946313073118,75.,-20.2254248593737));
#9775=CARTESIAN_POINT('Ctrl Pts',(-14.6513949536358,75.8333342621458,-20.1667195291494));
#9776=CARTESIAN_POINT('Ctrl Pts',(-14.6081585061738,76.6666685230672,-20.1080142506186));
#9777=CARTESIAN_POINT('Ctrl Pts',(-14.5216855153263,78.3333351897571,-19.9906039297806));
#9778=CARTESIAN_POINT('Ctrl Pts',(-14.4784489719411,79.1666675955255,-19.9318988874732));
#9779=CARTESIAN_POINT('Ctrl Pts',(-14.435212330229,80.,-19.8731938992166));
#9780=CARTESIAN_POINT('Origin',(-15.416320240878,75.,-15.9277276424569));
#9781=CARTESIAN_POINT('',(-15.416320240878,75.,-15.9277276424569));
#9782=CARTESIAN_POINT('',(-17.0965149821174,75.,-18.2403173071697));
#9783=CARTESIAN_POINT('',(-15.3195438936564,80.,-16.5387494513116));
#9784=CARTESIAN_POINT('',(-15.4119026316443,75.2282380643853,-15.955619329447));
#9785=CARTESIAN_POINT('',(-16.7426159040793,80.,-18.4974400379863));
#9786=CARTESIAN_POINT('Origin',(-17.0965149821174,75.,-18.2403173071697));
#9787=CARTESIAN_POINT('',(-15.4070648062647,74.7627366780164,-15.9861641567652));
#9788=CARTESIAN_POINT('Ctrl Pts',(-14.1719737025915,70.0017665106451,-19.515781340779));
#9789=CARTESIAN_POINT('Ctrl Pts',(-14.4410753728959,72.5751920697342,-19.8811520065353));
#9790=CARTESIAN_POINT('Ctrl Pts',(-14.7116896512124,75.163121081903,-20.2485840414906));
#9791=CARTESIAN_POINT('Ctrl Pts',(-14.9821694611142,77.7497975624264,-20.6158401706599));
#9792=CARTESIAN_POINT('Ctrl Pts',(-13.6732915369501,69.9444158288158,-19.574371008271));
#9793=CARTESIAN_POINT('Ctrl Pts',(-13.8583734759226,72.5020043252827,-20.0563301699283));
#9794=CARTESIAN_POINT('Ctrl Pts',(-14.0942705623272,75.0637580767693,-20.5674857188683));
#9795=CARTESIAN_POINT('Ctrl Pts',(-14.391831827081,77.6080205363826,-21.0954144635796));
#9796=CARTESIAN_POINT('Ctrl Pts',(-12.7658219093998,69.886604414832,-19.4055822367398));
#9797=CARTESIAN_POINT('Ctrl Pts',(-12.7334238588856,72.4392179023452,-19.987233972329));
#9798=CARTESIAN_POINT('Ctrl Pts',(-12.7896086327515,74.9782714313772,-20.6694291534677));
#9799=CARTESIAN_POINT('Ctrl Pts',(-12.9358862885925,77.4796767520302,-21.4229144507779));
#9800=CARTESIAN_POINT('Ctrl Pts',(-12.0748654278414,69.9203027619456,-18.8172822654763));
#9801=CARTESIAN_POINT('Ctrl Pts',(-11.8711886924583,72.5135652941941,-19.3152471417931));
#9802=CARTESIAN_POINT('Ctrl Pts',(-11.7656799313371,75.0916495138931,-19.9407800278376));
#9803=CARTESIAN_POINT('Ctrl Pts',(-11.7263131403964,77.6424152372364,-20.6540620235209));
#9804=CARTESIAN_POINT('Ctrl Pts',(-11.8485531289883,69.9499196022606,-18.5146747279724));
#9805=CARTESIAN_POINT('Ctrl Pts',(-11.5995880503885,72.5665986490878,-18.9569691462197));
#9806=CARTESIAN_POINT('Ctrl Pts',(-11.4533043743382,75.1680747468779,-19.536031728101));
#9807=CARTESIAN_POINT('Ctrl Pts',(-11.3760389583598,77.7484521319385,-20.2037604900278));
#9808=CARTESIAN_POINT('',(-12.9285577660563,77.5536975520131,-21.1360197555582));
#9809=CARTESIAN_POINT('Ctrl Pts',(-14.6946313073118,75.,-20.2254248593737));
#9810=CARTESIAN_POINT('Ctrl Pts',(-14.516325283924,75.0914835785031,-20.3450785571298));
#9811=CARTESIAN_POINT('Ctrl Pts',(-14.3438151528263,75.256004935769,-20.4490320010437));
#9812=CARTESIAN_POINT('Ctrl Pts',(-14.1997213508269,75.4199156732364,-20.5312534974622));
#9813=CARTESIAN_POINT('Ctrl Pts',(-13.9065636610183,75.7533907600482,-20.6985324755181));
#9814=CARTESIAN_POINT('Ctrl Pts',(-13.6276913663267,76.2018649153031,-20.8350363224366));
#9815=CARTESIAN_POINT('Ctrl Pts',(-13.2388462118648,76.9066180533164,-21.0107702400407));
#9816=CARTESIAN_POINT('Ctrl Pts',(-13.0798296053348,77.2253442198807,-21.0771645363687));
#9817=CARTESIAN_POINT('Ctrl Pts',(-12.9285577660563,77.5536975520131,-21.1360197555582));
#9818=CARTESIAN_POINT('',(-11.4868457133679,74.9999999999997,-19.5317774543649));
#9819=CARTESIAN_POINT('Ctrl Pts',(-12.9285577660563,77.5536975520131,-21.1360197555582));
#9820=CARTESIAN_POINT('Ctrl Pts',(-12.7877744228305,77.1475940351454,-21.0026944246741));
#9821=CARTESIAN_POINT('Ctrl Pts',(-12.6402191805514,76.7533989342444,-20.8582758708987));
#9822=CARTESIAN_POINT('Ctrl Pts',(-12.3239043719242,76.0083443729723,-20.5338032387793));
#9823=CARTESIAN_POINT('Ctrl Pts',(-12.1258631878866,75.6000455260303,-20.3219960140338));
#9824=CARTESIAN_POINT('Ctrl Pts',(-11.8528131698364,75.2313567066187,-20.0010522473878));
#9825=CARTESIAN_POINT('Ctrl Pts',(-11.7752608476082,75.1433779541544,-19.9074057958149));
#9826=CARTESIAN_POINT('Ctrl Pts',(-11.6598572339206,75.0566382596537,-19.7614770839179));
#9827=CARTESIAN_POINT('Ctrl Pts',(-11.6241034696307,75.0352603760692,-19.7154482317919));
#9828=CARTESIAN_POINT('Ctrl Pts',(-11.5541927583986,75.0073697729228,-19.6233757586051));
#9829=CARTESIAN_POINT('Ctrl Pts',(-11.5204431672125,75.,-19.5780203824106));
#9830=CARTESIAN_POINT('Ctrl Pts',(-11.4868457133679,75.,-19.5317774543651));
#9831=CARTESIAN_POINT('',(-11.596835640714,73.1070690189856,-19.1153139871651));
#9832=CARTESIAN_POINT('Ctrl Pts',(-11.4855607776057,74.9999170874181,-19.5299840194508));
#9833=CARTESIAN_POINT('Ctrl Pts',(-11.5172088389255,74.3700168057475,-19.3845829651809));
#9834=CARTESIAN_POINT('Ctrl Pts',(-11.553627335108,73.7389960028842,-19.2454117112359));
#9835=CARTESIAN_POINT('Ctrl Pts',(-11.5952979581343,73.1069390423748,-19.1131585575803));
#9836=CARTESIAN_POINT('',(-12.493889524736,70.,-19.140758514998));
#9837=CARTESIAN_POINT('Ctrl Pts',(-11.596835640714,73.1070690189854,-19.1153139871651));
#9838=CARTESIAN_POINT('Ctrl Pts',(-11.8535459692947,72.0647764375829,-19.1559729088828));
#9839=CARTESIAN_POINT('Ctrl Pts',(-12.1579600652905,71.0287093918239,-19.160616146046));
#9840=CARTESIAN_POINT('Ctrl Pts',(-12.493889524736,70.,-19.140758514998));
#9841=CARTESIAN_POINT('Ctrl Pts',(-12.4940459166581,69.9999904443866,-19.1408964647981));
#9842=CARTESIAN_POINT('Ctrl Pts',(-12.5622780862184,69.9999810614262,-19.1853158638588));
#9843=CARTESIAN_POINT('Ctrl Pts',(-12.6327267050538,69.9999748012312,-19.2263256451309));
#9844=CARTESIAN_POINT('Ctrl Pts',(-12.7051880234728,69.9999869956116,-19.2636902365634));
#9845=CARTESIAN_POINT('Ctrl Pts',(-12.7631869642552,69.9999967561454,-19.2935973204136));
#9846=CARTESIAN_POINT('Ctrl Pts',(-12.8224759168148,70.0000185214726,-19.3211682907312));
#9847=CARTESIAN_POINT('Ctrl Pts',(-12.8829135301073,70.0000426777136,-19.3463629435507));
#9848=CARTESIAN_POINT('Ctrl Pts',(-12.9637581875613,70.000074990423,-19.3800646892999));
#9849=CARTESIAN_POINT('Ctrl Pts',(-13.046266122401,70.0001105659509,-19.4093532693031));
#9850=CARTESIAN_POINT('Ctrl Pts',(-13.1300653472147,70.0001364788711,-19.4342205702348));
#9851=CARTESIAN_POINT('Ctrl Pts',(-13.2143560210585,70.0001625437603,-19.4592337079681));
#9852=CARTESIAN_POINT('Ctrl Pts',(-13.2999540761643,70.0001788839389,-19.4797738514457));
#9853=CARTESIAN_POINT('Ctrl Pts',(-13.386500269918,70.0001803976197,-19.4957848518867));
#9854=CARTESIAN_POINT('Ctrl Pts',(-13.4307146953718,70.0001811709238,-19.5039644974));
#9855=CARTESIAN_POINT('Ctrl Pts',(-13.4751768055799,70.0001781989226,-19.5109612643202));
#9856=CARTESIAN_POINT('Ctrl Pts',(-13.5198394638435,70.0001715348753,-19.5167625103481));
#9857=CARTESIAN_POINT('Ctrl Pts',(-13.6066641553553,70.0001585798953,-19.5280401954735));
#9858=CARTESIAN_POINT('Ctrl Pts',(-13.6939145562917,70.0001313434132,-19.5347597739625));
#9859=CARTESIAN_POINT('Ctrl Pts',(-13.7812372594671,70.0001006615874,-19.5368951661158));
#9860=CARTESIAN_POINT('Ctrl Pts',(-13.867839953243,70.0000702327451,-19.5390129511363));
#9861=CARTESIAN_POINT('Ctrl Pts',(-13.9545146199686,70.0000364784717,-19.5366220010597));
#9862=CARTESIAN_POINT('Ctrl Pts',(-14.0409258103806,70.0000165509139,-19.5296473925241));
#9863=CARTESIAN_POINT('Ctrl Pts',(-14.0795270701195,70.0000076489554,-19.5265317234264));
#9864=CARTESIAN_POINT('Ctrl Pts',(-14.1180757985948,70.0000015885327,-19.5225006844889));
#9865=CARTESIAN_POINT('Ctrl Pts',(-14.1565420153054,70.0000002762574,-19.5175442327439));
#9866=CARTESIAN_POINT('Origin',(-11.1306182438071,75.,-19.0414724056864));
#9867=CARTESIAN_POINT('',(-11.1306182438071,75.,-19.0414724056864));
#9868=CARTESIAN_POINT('',(-11.1306182438071,75.,-19.0414724056864));
#9869=CARTESIAN_POINT('',(-11.2389130657958,74.5603025005376,-19.0586246204571));
#9870=CARTESIAN_POINT('Origin',(-12.8685995848076,75.,-21.4335985015557));
#9871=CARTESIAN_POINT('',(-12.9850442835964,80.,-20.8496478562037));
#9872=CARTESIAN_POINT('Ctrl Pts',(-12.9285577660563,77.5536975520131,-21.1360197555582));
#9873=CARTESIAN_POINT('Ctrl Pts',(-12.9571502836736,78.7817832173483,-20.9925800544729));
#9874=CARTESIAN_POINT('Ctrl Pts',(-12.9850442835962,79.9999999999917,-20.8496478562046));
#9875=CARTESIAN_POINT('',(-11.7416400526618,80.,-19.1382487529079));
#9876=CARTESIAN_POINT('',(-11.4845173218453,80.,-18.7843496748698));
#9877=CARTESIAN_POINT('',(-11.146186389318,75.1273943522578,-19.0439381577));
#9878=CARTESIAN_POINT('Origin',(0.,75.,0.));
#9879=CARTESIAN_POINT('Origin',(0.,80.,0.));
#9880=CARTESIAN_POINT('Origin',(-15.416320240878,75.,-15.9277276424569));
#9881=CARTESIAN_POINT('',(-15.9345322350864,70.,-16.6409852622568));
#9882=CARTESIAN_POINT('',(-15.416320240878,75.,-15.9277276424569));
#9883=CARTESIAN_POINT('Origin',(-14.1706387810351,70.,-18.7194479567256));
#9884=CARTESIAN_POINT('Origin',(-11.1306182438071,75.,-19.0414724056864));
#9885=CARTESIAN_POINT('',(-15.6734429716946,80.,-16.2816267204951));
#9886=CARTESIAN_POINT('Origin',(-14.1706387810351,80.,-18.7194479567256));
#9887=CARTESIAN_POINT('Origin',(13.4242847562033,80.,-19.2617058967139));
#9888=CARTESIAN_POINT('',(15.8165940997592,80.,-18.7924064945956));
#9889=CARTESIAN_POINT('',(14.5731898688246,80.,-17.0810073912999));
#9890=CARTESIAN_POINT('',(14.316067138008,80.,-16.7271083132618));
#9891=CARTESIAN_POINT('',(14.4398046299955,80.,-19.8698573981349));
#9892=CARTESIAN_POINT('Origin',(0.,80.,0.));
#9893=CARTESIAN_POINT('',(12.1843702895788,80.,-21.317140772684));
#9894=CARTESIAN_POINT('Ctrl Pts',(12.1843981697644,80.,-21.317136823474));
#9895=CARTESIAN_POINT('Ctrl Pts',(13.023073621308,80.,-20.8170704207703));
#9896=CARTESIAN_POINT('Ctrl Pts',(13.7860392097503,80.,-20.3318829036389));
#9897=CARTESIAN_POINT('Ctrl Pts',(14.4398046162478,80.,-19.8698574031255));
#9898=CARTESIAN_POINT('',(10.99528602783,80.,-19.6805066928962));
#9899=CARTESIAN_POINT('',(12.4183580382529,80.,-21.6391972795708));
#9900=CARTESIAN_POINT('',(10.6413869497919,80.,-19.9376294237128));
#9901=CARTESIAN_POINT('Origin',(14.6699662160462,75.,-16.4699855824452));
#9902=CARTESIAN_POINT('',(10.3842642189753,75.,-19.5837303456747));
#9903=CARTESIAN_POINT('',(10.4121559059654,75.2282380643853,-19.5881479549083));
#9904=CARTESIAN_POINT('',(14.6699662160462,75.,-16.4699855824452));
#9905=CARTESIAN_POINT('',(10.3842642189753,75.,-19.5837303456747));
#9906=CARTESIAN_POINT('',(14.6675004640325,75.1273943522578,-16.4855537279561));
#9907=CARTESIAN_POINT('Origin',(13.4242847562033,70.,-19.2617058967139));
#9908=CARTESIAN_POINT('',(14.1876770821748,70.,-19.4949247315995));
#9909=CARTESIAN_POINT('',(11.8511723871838,70.,-19.6077198489075));
#9910=CARTESIAN_POINT('Ctrl Pts',(14.1875435688801,70.0001083870156,-19.4944625196325));
#9911=CARTESIAN_POINT('Ctrl Pts',(14.1110834634524,70.0001942715482,-19.5402140948326));
#9912=CARTESIAN_POINT('Ctrl Pts',(14.0322636060024,70.0003175689793,-19.5816705833949));
#9913=CARTESIAN_POINT('Ctrl Pts',(13.9514492765018,70.000442351213,-19.6187914224985));
#9914=CARTESIAN_POINT('Ctrl Pts',(13.8706384620799,70.0005671280193,-19.6559106470038));
#9915=CARTESIAN_POINT('Ctrl Pts',(13.7878324373072,70.0006933148688,-19.6886947600628));
#9916=CARTESIAN_POINT('Ctrl Pts',(13.7033816859162,70.0007965505515,-19.7170551504159));
#9917=CARTESIAN_POINT('Ctrl Pts',(13.628276352266,70.0008883620543,-19.7422771471991));
#9918=CARTESIAN_POINT('Ctrl Pts',(13.5518695287042,70.0009621409484,-19.763999746002));
#9919=CARTESIAN_POINT('Ctrl Pts',(13.4744067838077,70.0010091902685,-19.7821270065848));
#9920=CARTESIAN_POINT('Ctrl Pts',(13.3874317868919,70.00106201714,-19.8024802542705));
#9921=CARTESIAN_POINT('Ctrl Pts',(13.2996439556178,70.0010791914353,-19.8181803473161));
#9922=CARTESIAN_POINT('Ctrl Pts',(13.2114193068412,70.0010575031897,-19.8292076873016));
#9923=CARTESIAN_POINT('Ctrl Pts',(13.1234220009244,70.0010358708318,-19.8402066113393));
#9924=CARTESIAN_POINT('Ctrl Pts',(13.0349891934514,70.0009755140708,-19.8465569420424));
#9925=CARTESIAN_POINT('Ctrl Pts',(12.9464847409626,70.0008852878245,-19.8481899319544));
#9926=CARTESIAN_POINT('Ctrl Pts',(12.8600633434359,70.0007971851575,-19.8497844875544));
#9927=CARTESIAN_POINT('Ctrl Pts',(12.7735727990291,70.0006805827438,-19.8468810990817));
#9928=CARTESIAN_POINT('Ctrl Pts',(12.6873560321522,70.000555752398,-19.8393685046409));
#9929=CARTESIAN_POINT('Ctrl Pts',(12.6343317589643,70.000478980343,-19.8347481752734));
#9930=CARTESIAN_POINT('Ctrl Pts',(12.5814111700742,70.0003993327053,-19.828383543689));
#9931=CARTESIAN_POINT('Ctrl Pts',(12.5286768870355,70.0003239301671,-19.8202395821759));
#9932=CARTESIAN_POINT('Ctrl Pts',(12.4381101248386,70.0001944325548,-19.8062530029871));
#9933=CARTESIAN_POINT('Ctrl Pts',(12.3485759590022,70.0000769444627,-19.7870958064103));
#9934=CARTESIAN_POINT('Ctrl Pts',(12.2604737853374,70.0000179802788,-19.7627090715209));
#9935=CARTESIAN_POINT('Ctrl Pts',(12.1761013536944,69.9999615123011,-19.739354731476));
#9936=CARTESIAN_POINT('Ctrl Pts',(12.0930413968683,69.9999587924937,-19.7112038369958));
#9937=CARTESIAN_POINT('Ctrl Pts',(12.0115947568793,69.9999753337843,-19.6785039265943));
#9938=CARTESIAN_POINT('Ctrl Pts',(11.984881148283,69.999980759147,-19.6677787130346));
#9939=CARTESIAN_POINT('Ctrl Pts',(11.9583412297432,69.9999883576441,-19.6565637452942));
#9940=CARTESIAN_POINT('Ctrl Pts',(11.9319860817587,69.9999971993637,-19.6448666763937));
#9941=CARTESIAN_POINT('Ctrl Pts',(11.9052275085754,70.0000061764258,-19.6329905573755));
#9942=CARTESIAN_POINT('Ctrl Pts',(11.8786948297893,70.000016398503,-19.6206331871621));
#9943=CARTESIAN_POINT('Ctrl Pts',(11.8523982435369,70.0000270744671,-19.6078058962214));
#9944=CARTESIAN_POINT('',(14.3431189235343,70.,-17.7972147127333));
#9945=CARTESIAN_POINT('Ctrl Pts',(14.3432017901103,69.9999904450936,-17.797406079102));
#9946=CARTESIAN_POINT('Ctrl Pts',(14.3643622487265,69.9999810622004,-17.876025077771));
#9947=CARTESIAN_POINT('Ctrl Pts',(14.3815950477149,69.9999748020572,-17.9556984151254));
#9948=CARTESIAN_POINT('Ctrl Pts',(14.39473910693,69.9999869964602,-18.0361595179271));
#9949=CARTESIAN_POINT('Ctrl Pts',(14.4052597754561,69.9999967570121,-18.1005615856578));
#9950=CARTESIAN_POINT('Ctrl Pts',(14.4131600325202,70.0000185223388,-18.1654686287136));
#9951=CARTESIAN_POINT('Ctrl Pts',(14.4184453217311,70.000042678565,-18.2307337905538));
#9952=CARTESIAN_POINT('Ctrl Pts',(14.425515213724,70.0000749912547,-18.3180360415173));
#9953=CARTESIAN_POINT('Ctrl Pts',(14.4278739547778,70.0001105667374,-18.4055564200657));
#9954=CARTESIAN_POINT('Ctrl Pts',(14.4256287790382,70.0001364795976,-18.4929386379851));
#9955=CARTESIAN_POINT('Ctrl Pts',(14.4233704362648,70.000162544426,-18.5808333167314));
#9956=CARTESIAN_POINT('Ctrl Pts',(14.4164540202628,70.000178884529,-18.6685891577054));
#9957=CARTESIAN_POINT('Ctrl Pts',(14.4049371423826,70.0001803981305,-18.7558471499565));
#9958=CARTESIAN_POINT('Ctrl Pts',(14.3990534388997,70.0001811713941,-18.8004252168822));
#9959=CARTESIAN_POINT('Ctrl Pts',(14.3919682122293,70.0001781993513,-18.84487331642));
#9960=CARTESIAN_POINT('Ctrl Pts',(14.3836840048636,70.0001715352629,-18.8891427122198));
#9961=CARTESIAN_POINT('Ctrl Pts',(14.3675794161241,70.000158580203,-18.9752028965724));
#9962=CARTESIAN_POINT('Ctrl Pts',(14.347008258976,70.0001313436433,-19.0602594222495));
#9963=CARTESIAN_POINT('Ctrl Pts',(14.3220549389175,70.0001006617529,-19.1439681199816));
#9964=CARTESIAN_POINT('Ctrl Pts',(14.2973073688996,70.0000702328469,-19.2269866062344));
#9965=CARTESIAN_POINT('Ctrl Pts',(14.2682494962182,70.0000364785227,-19.3086802671144));
#9966=CARTESIAN_POINT('Ctrl Pts',(14.2349137239846,70.0000165509371,-19.3887069188408));
#9967=CARTESIAN_POINT('Ctrl Pts',(14.2200221006035,70.0000076489654,-19.4244561059187));
#9968=CARTESIAN_POINT('Ctrl Pts',(14.2042761416977,70.0000015885347,-19.4598724679214));
#9969=CARTESIAN_POINT('Ctrl Pts',(14.187675560316,70.0000002762577,-19.4949243882449));
#9970=CARTESIAN_POINT('',(10.9024762131838,70.,-20.2969879654745));
#9971=CARTESIAN_POINT('Origin',(10.3842642189753,75.,-19.5837303456747));
#9972=CARTESIAN_POINT('',(10.7908438792388,73.3492095279032,-19.6481262365983));
#9973=CARTESIAN_POINT('Ctrl Pts',(11.8511723871838,70.,-19.6077198489075));
#9974=CARTESIAN_POINT('Ctrl Pts',(11.4238984223951,71.0727993198058,-19.6843336538769));
#9975=CARTESIAN_POINT('Ctrl Pts',(11.066019055258,72.231946170139,-19.6917097038578));
#9976=CARTESIAN_POINT('Ctrl Pts',(10.7908438781194,73.3492095358297,-19.6481262374355));
#9977=CARTESIAN_POINT('',(14.5961246345675,73.1070690189856,-16.9362029793521));
#9978=CARTESIAN_POINT('Ctrl Pts',(14.5961246345675,73.1070690189854,-16.9362029793521));
#9979=CARTESIAN_POINT('Ctrl Pts',(14.5554657128497,72.0647764375829,-17.1929133079328));
#9980=CARTESIAN_POINT('Ctrl Pts',(14.4658125648205,71.0287093918239,-17.483863156774));
#9981=CARTESIAN_POINT('Ctrl Pts',(14.3431189235343,70.,-17.7972147127333));
#9982=CARTESIAN_POINT('',(14.6528140012754,74.5603025005376,-16.5782804044339));
#9983=CARTESIAN_POINT('',(10.4427007332836,74.7627366780164,-19.5929857802879));
#9984=CARTESIAN_POINT('Origin',(0.,75.,0.));
#9985=CARTESIAN_POINT('',(14.6946313073118,75.,-20.2254248593737));
#9986=CARTESIAN_POINT('',(16.1064052545971,77.5536975520131,-18.8271784076183));
#9987=CARTESIAN_POINT('Ctrl Pts',(14.6946313073118,75.,-20.2254248593737));
#9988=CARTESIAN_POINT('Ctrl Pts',(14.8635283276879,75.0914835785031,-20.0928207799824));
#9989=CARTESIAN_POINT('Ctrl Pts',(15.0157024901245,75.256004935769,-19.9608772764682));
#9990=CARTESIAN_POINT('Ctrl Pts',(15.1384272136748,75.4199156732364,-19.8492437668152));
#9991=CARTESIAN_POINT('Ctrl Pts',(15.3881096839767,75.7533907600482,-19.6221262826417));
#9992=CARTESIAN_POINT('Ctrl Pts',(15.6041088354078,76.2018649153031,-19.3990849780564));
#9993=CARTESIAN_POINT('Ctrl Pts',(15.8914014837884,76.9066180533164,-19.0835760271034));
#9994=CARTESIAN_POINT('Ctrl Pts',(16.0036850457616,77.2253442198807,-18.9528592131589));
#9995=CARTESIAN_POINT('Ctrl Pts',(16.1064052545971,77.5536975520131,-18.8271784076183));
#9996=CARTESIAN_POINT('Ctrl Pts',(14.6946313073118,75.,-20.2254248593737));
#9997=CARTESIAN_POINT('Ctrl Pts',(14.6521599885215,75.8333342621458,-20.1661636987696));
#9998=CARTESIAN_POINT('Ctrl Pts',(14.609688747876,76.6666685230672,-20.1069024649439));
#9999=CARTESIAN_POINT('Ctrl Pts',(14.524746520889,78.3333351897571,-19.9883799790608));
#10000=CARTESIAN_POINT('Ctrl Pts',(14.4822755345472,79.1666675955255,-19.9291187270038));
#10001=CARTESIAN_POINT('Ctrl Pts',(14.4398046299955,80.,-19.8698573981349));
#10002=CARTESIAN_POINT('Ctrl Pts',(16.1064052545971,77.5536975520131,-18.8271784076183));
#10003=CARTESIAN_POINT('Ctrl Pts',(15.9611504183288,78.7817832173483,-18.810046202512));
#10004=CARTESIAN_POINT('Ctrl Pts',(15.8165940997602,79.9999999999917,-18.7924064945958));
#10005=CARTESIAN_POINT('Origin',(16.4079475570466,75.,-18.8621116783145));
#10006=CARTESIAN_POINT('',(15.0261936856069,74.9999999999997,-16.9602906311238));
#10007=CARTESIAN_POINT('Ctrl Pts',(16.1064052545971,77.5536975520131,-18.8271784076183));
#10008=CARTESIAN_POINT('Ctrl Pts',(16.0231097754543,77.1475940351454,-18.6520856986337));
#10009=CARTESIAN_POINT('Ctrl Pts',(15.9313566462856,76.7533989342444,-18.467124536531));
#10010=CARTESIAN_POINT('Ctrl Pts',(15.7205114865873,76.0083443729723,-18.066023719051));
#10011=CARTESIAN_POINT('Ctrl Pts',(15.5802689367485,75.6000455260303,-17.8122233284995));
#10012=CARTESIAN_POINT('Ctrl Pts',(15.3594103720074,75.2313567066187,-17.453360251426));
#10013=CARTESIAN_POINT('Ctrl Pts',(15.2943122895328,75.1433779541544,-17.3506652650181));
#10014=CARTESIAN_POINT('Ctrl Pts',(15.1911875150104,75.0566382596537,-17.1958154542731));
#10015=CARTESIAN_POINT('Ctrl Pts',(15.1584599960368,75.0352603760692,-17.1475879062246));
#10016=CARTESIAN_POINT('Ctrl Pts',(15.0924974683006,75.0073697729228,-17.0526469098196));
#10017=CARTESIAN_POINT('Ctrl Pts',(15.0597911394516,75.,-17.0065335591695));
#10018=CARTESIAN_POINT('Ctrl Pts',(15.026193685607,75.,-16.9602906311239));
#10019=CARTESIAN_POINT('',(14.6699662160462,75.,-16.4699855824452));
#10020=CARTESIAN_POINT('Origin',(14.6699662160462,75.,-16.4699855824452));
#10021=CARTESIAN_POINT('Ctrl Pts',(15.0248850946324,74.9999170874181,-16.9585143827274));
#10022=CARTESIAN_POINT('Ctrl Pts',(14.8768206857059,74.3700168057475,-16.9436820809042));
#10023=CARTESIAN_POINT('Ctrl Pts',(14.7332070235307,73.7389960028842,-16.9353118464148));
#10024=CARTESIAN_POINT('Ctrl Pts',(14.5945498692646,73.1069390423748,-16.9340744919428));
#10025=CARTESIAN_POINT('Ctrl Pts',(14.1812302968036,70.0017665106451,-19.5090560314194));
#10026=CARTESIAN_POINT('Ctrl Pts',(14.4455614599954,72.5751920697336,-19.877892673473));
#10027=CARTESIAN_POINT('Ctrl Pts',(14.7113856802151,75.1631210819031,-20.2488048893475));
#10028=CARTESIAN_POINT('Ctrl Pts',(14.9770841571159,77.7497975624265,-20.6195348602825));
#10029=CARTESIAN_POINT('Ctrl Pts',(14.3910536458343,69.9444158288159,-19.0528863111758));
#10030=CARTESIAN_POINT('Ctrl Pts',(14.7922305826222,72.5020043252822,-19.3778432668308));
#10031=CARTESIAN_POINT('Ctrl Pts',(15.2054721896596,75.0637580767694,-19.7601504794226));
#10032=CARTESIAN_POINT('Ctrl Pts',(15.6156107747802,77.6080205363827,-20.2062870131986));
#10033=CARTESIAN_POINT('Ctrl Pts',(14.5109495124874,69.8866044165602,-18.1376728096476));
#10034=CARTESIAN_POINT('Ctrl Pts',(15.0741447340273,72.439217904073,-18.2866007036955));
#10035=CARTESIAN_POINT('Ctrl Pts',(15.7055888215295,74.9782714434558,-18.5508454873846));
#10036=CARTESIAN_POINT('Ctrl Pts',(16.3769936419168,77.4796767641087,-18.922803567041));
#10037=CARTESIAN_POINT('Ctrl Pts',(14.164960295553,69.9203027619456,-17.2987394565181));
#10038=CARTESIAN_POINT('Ctrl Pts',(14.7014926086523,72.5135652941939,-17.258910979498));
#10039=CARTESIAN_POINT('Ctrl Pts',(15.3290137363238,75.0916495138931,-17.3518664770356));
#10040=CARTESIAN_POINT('Ctrl Pts',(16.0195502336891,77.6424152372364,-17.5348426924337));
#10041=CARTESIAN_POINT('Ctrl Pts',(13.9470977715115,69.9499196022606,-16.9899927982614));
#10042=CARTESIAN_POINT('Ctrl Pts',(14.4446792003998,72.5665986490878,-16.8898894296848));
#10043=CARTESIAN_POINT('Ctrl Pts',(15.0406045841399,75.1680747468779,-16.9297055649575));
#10044=CARTESIAN_POINT('Ctrl Pts',(15.6995287009029,77.7484521319385,-17.0625613226753));
#10045=CARTESIAN_POINT('',(14.2956906467154,71.1161060252739,-19.6687687316991));
#10046=CARTESIAN_POINT('Ctrl Pts',(14.2956722734994,71.115927147945,-19.668743093825));
#10047=CARTESIAN_POINT('Ctrl Pts',(14.279405903282,70.9575646526181,-19.6460458181535));
#10048=CARTESIAN_POINT('Ctrl Pts',(14.2633252730942,70.7947063413304,-19.6216140114866));
#10049=CARTESIAN_POINT('Ctrl Pts',(14.2475181754197,70.631227242663,-19.5962822528029));
#10050=CARTESIAN_POINT('Ctrl Pts',(14.2333890097326,70.4851015389438,-19.5736394740361));
#10051=CARTESIAN_POINT('Ctrl Pts',(14.219477871521,70.3384797866856,-19.5502781244098));
#10052=CARTESIAN_POINT('Ctrl Pts',(14.2058890321131,70.1941158519766,-19.5267923594891));
#10053=CARTESIAN_POINT('Ctrl Pts',(14.1997470456812,70.1288651486882,-19.5161770857961));
#10054=CARTESIAN_POINT('Ctrl Pts',(14.1936715434844,70.0640755118552,-19.5055363274494));
#10055=CARTESIAN_POINT('Ctrl Pts',(14.187675560316,70.0000002762577,-19.4949243882449));
#10056=CARTESIAN_POINT('Ctrl Pts',(14.6946313073118,75.,-20.2254248593737));
#10057=CARTESIAN_POINT('Ctrl Pts',(14.6090339448569,74.1666702519641,-20.1059889862197));
#10058=CARTESIAN_POINT('Ctrl Pts',(14.5234369005179,73.3333405137207,-19.9865528167534));
#10059=CARTESIAN_POINT('Ctrl Pts',(14.390456905451,72.0387091957718,-19.8010005642889));
#10060=CARTESIAN_POINT('Ctrl Pts',(14.343073723706,71.5774076088851,-19.7348846969581));
#10061=CARTESIAN_POINT('Ctrl Pts',(14.2956906467166,71.1161060252735,-19.6687687317008));
#10062=CARTESIAN_POINT('Origin',(12.0644589602148,75.,-21.8963200103874));
#10063=CARTESIAN_POINT('',(10.7202533530215,75.,-20.0461797152506));
#10064=CARTESIAN_POINT('Ctrl Pts',(10.7909065983544,73.3491925230989,-19.6482074608623));
#10065=CARTESIAN_POINT('Ctrl Pts',(10.7676993717686,73.8993684077538,-19.7813101741312));
#10066=CARTESIAN_POINT('Ctrl Pts',(10.7441490232715,74.4496377667565,-19.9139686615425));
#10067=CARTESIAN_POINT('Ctrl Pts',(10.7203070835577,74.9999855912249,-20.0462493465672));
#10068=CARTESIAN_POINT('',(12.0644589602148,75.,-21.8963200103874));
#10069=CARTESIAN_POINT('Origin',(10.3842642189753,75.,-19.5837303456747));
#10070=CARTESIAN_POINT('',(12.1239002065597,77.4698859960816,-21.6105046624461));
#10071=CARTESIAN_POINT('Ctrl Pts',(10.7202533530215,75.,-20.0461797152506));
#10072=CARTESIAN_POINT('Ctrl Pts',(10.773798985131,75.,-20.1198789552063));
#10073=CARTESIAN_POINT('Ctrl Pts',(10.8275223844165,75.0186440483018,-20.1910478046896));
#10074=CARTESIAN_POINT('Ctrl Pts',(10.95806665558,75.0963524628016,-20.3591601011021));
#10075=CARTESIAN_POINT('Ctrl Pts',(11.0335699133651,75.170779240353,-20.4520033957708));
#10076=CARTESIAN_POINT('Ctrl Pts',(11.2415214683347,75.4225495915765,-20.7007494979617));
#10077=CARTESIAN_POINT('Ctrl Pts',(11.3735411666975,75.6523511452785,-20.8482543024779));
#10078=CARTESIAN_POINT('Ctrl Pts',(11.690370285739,76.2820476340992,-21.190605248846));
#10079=CARTESIAN_POINT('Ctrl Pts',(11.9059180205056,76.8215600359756,-21.4069777438252));
#10080=CARTESIAN_POINT('Ctrl Pts',(12.1239002065597,77.4698859960816,-21.6105046624461));
#10081=CARTESIAN_POINT('Ctrl Pts',(12.1239002065597,77.4698859960816,-21.6105046624461));
#10082=CARTESIAN_POINT('Ctrl Pts',(12.1441253975623,78.3131117089029,-21.5128326517824));
#10083=CARTESIAN_POINT('Ctrl Pts',(12.1642908127226,79.1567991684877,-21.4150096382157));
#10084=CARTESIAN_POINT('Ctrl Pts',(12.1843702895788,80.,-21.317140772684));
#10085=CARTESIAN_POINT('Ctrl Pts',(14.6946313073118,75.,-20.2254248593737));
#10086=CARTESIAN_POINT('Ctrl Pts',(14.6104609431084,76.6666666666667,-20.1063568096208));
#10087=CARTESIAN_POINT('Ctrl Pts',(14.526290578905,78.3333333333333,-19.9872887598679));
#10088=CARTESIAN_POINT('Ctrl Pts',(14.4421202147016,80.,-19.8682207101151));
#10089=CARTESIAN_POINT('Ctrl Pts',(13.9818913163165,75.,-20.7292677017561));
#10090=CARTESIAN_POINT('Ctrl Pts',(13.9024143179134,76.6666666666667,-20.6069020259418));
#10091=CARTESIAN_POINT('Ctrl Pts',(13.8226089583121,78.3333333333333,-20.4847079920354));
#10092=CARTESIAN_POINT('Ctrl Pts',(13.743131959909,80.,-20.3623423162211));
#10093=CARTESIAN_POINT('Ctrl Pts',(13.1489381289135,75.,-21.2553048287676));
#10094=CARTESIAN_POINT('Ctrl Pts',(13.0723973107532,76.6666666666667,-21.1311798251134));
#10095=CARTESIAN_POINT('Ctrl Pts',(12.9957106350687,78.3333333333333,-21.0070982343918));
#10096=CARTESIAN_POINT('Ctrl Pts',(12.9191698169084,80.,-20.8829732307376));
#10097=CARTESIAN_POINT('Ctrl Pts',(12.233903695831,75.,-21.796496153274));
#10098=CARTESIAN_POINT('Ctrl Pts',(12.1596738932448,76.6666666666667,-21.6709900295584));
#10099=CARTESIAN_POINT('Ctrl Pts',(12.0854440906586,78.3333333333333,-21.5454839058429));
#10100=CARTESIAN_POINT('Ctrl Pts',(12.0112142880724,80.,-21.4199777821273));
#10101=CARTESIAN_POINT('',(14.0736931968124,75.,-20.6502647254801));
#10102=CARTESIAN_POINT('Ctrl Pts',(12.1239002065598,77.4698859960816,-21.6105046624461));
#10103=CARTESIAN_POINT('Ctrl Pts',(12.3855687312551,76.8776253310702,-21.5159429957661));
#10104=CARTESIAN_POINT('Ctrl Pts',(12.7706838219277,76.1060826642484,-21.3646567755274));
#10105=CARTESIAN_POINT('Ctrl Pts',(13.3383179342328,75.4181741771016,-21.0815228833503));
#10106=CARTESIAN_POINT('Ctrl Pts',(13.4922524083471,75.2600502504766,-21.0008992129471));
#10107=CARTESIAN_POINT('Ctrl Pts',(13.7244206522922,75.103557821456,-20.8680759488055));
#10108=CARTESIAN_POINT('Ctrl Pts',(13.7965199358247,75.0644217117462,-20.8255321493507));
#10109=CARTESIAN_POINT('Ctrl Pts',(13.937483070329,75.0137681928335,-20.7388258289182));
#10110=CARTESIAN_POINT('Ctrl Pts',(14.0054846800494,75.,-20.6955422716175));
#10111=CARTESIAN_POINT('Ctrl Pts',(14.0736931968124,75.,-20.6502647254801));
#10112=CARTESIAN_POINT('Ctrl Pts',(14.6946313073118,75.,-20.2254248593737));
#10113=CARTESIAN_POINT('Ctrl Pts',(14.6681499996152,75.,-20.2441447537369));
#10114=CARTESIAN_POINT('Ctrl Pts',(14.5556120725802,75.,-20.3233986869665));
#10115=CARTESIAN_POINT('Ctrl Pts',(14.4336393261439,75.,-20.407957740183));
#10116=CARTESIAN_POINT('Ctrl Pts',(14.3089491817643,75.,-20.4930184912594));
#10117=CARTESIAN_POINT('Ctrl Pts',(14.1816210746324,75.,-20.5785662745243));
#10118=CARTESIAN_POINT('Ctrl Pts',(14.0811291812692,75.,-20.6453286391188));
#10119=CARTESIAN_POINT('Ctrl Pts',(14.0736931968124,75.,-20.6502647254801));
#10120=CARTESIAN_POINT('Ctrl Pts',(14.0736931968123,75.,-20.6502647254802));
#10121=CARTESIAN_POINT('Ctrl Pts',(13.9474433920838,73.7053686750782,-20.4600752683039));
#10122=CARTESIAN_POINT('Ctrl Pts',(13.8211935873553,72.4107373501564,-20.2698858111276));
#10123=CARTESIAN_POINT('Ctrl Pts',(13.6949437826268,71.1161060252346,-20.0796963539513));
#10124=CARTESIAN_POINT('Ctrl Pts',(14.2894753200174,75.,-20.50702623412));
#10125=CARTESIAN_POINT('Ctrl Pts',(14.1615600564981,73.7053686750782,-20.3179422550922));
#10126=CARTESIAN_POINT('Ctrl Pts',(14.0336361436484,72.4107373501564,-20.1288642314455));
#10127=CARTESIAN_POINT('Ctrl Pts',(13.905720880129,71.1161060252346,-19.9397802524178));
#10128=CARTESIAN_POINT('Ctrl Pts',(14.4966555287146,75.,-20.3653758657316));
#10129=CARTESIAN_POINT('Ctrl Pts',(14.3668794937798,73.7053686750782,-20.1775588794038));
#10130=CARTESIAN_POINT('Ctrl Pts',(14.2370952048176,72.4107373501564,-19.9897478981676));
#10131=CARTESIAN_POINT('Ctrl Pts',(14.1073191698828,71.1161060252346,-19.8019309118399));
#10132=CARTESIAN_POINT('Ctrl Pts',(14.6946313073118,75.,-20.2254248593737));
#10133=CARTESIAN_POINT('Ctrl Pts',(14.5628591802139,73.7053686750782,-20.0390189867863));
#10134=CARTESIAN_POINT('Ctrl Pts',(14.431087053116,72.4107373501564,-19.8526131141988));
#10135=CARTESIAN_POINT('Ctrl Pts',(14.299314926018,71.1161060252346,-19.6662072416114));
#10136=CARTESIAN_POINT('Ctrl Pts',(14.0738473840894,74.9999919571333,-20.6503259820403));
#10137=CARTESIAN_POINT('Ctrl Pts',(14.1466216245392,73.7048641364188,-20.3279948951979));
#10138=CARTESIAN_POINT('Ctrl Pts',(14.2204934469194,72.4101708549354,-20.001446768261));
#10139=CARTESIAN_POINT('Ctrl Pts',(14.2957555145734,71.1161077152234,-19.6687725163013));
#10140=CARTESIAN_POINT('Ctrl Pts',(13.9277865004941,77.6250333469675,-21.2983285810084));
#10141=CARTESIAN_POINT('Ctrl Pts',(14.0673906776509,75.0926596081467,-20.6777468855876));
#10142=CARTESIAN_POINT('Ctrl Pts',(14.2104327090945,72.5614411761121,-20.0459813335358));
#10143=CARTESIAN_POINT('Ctrl Pts',(14.3590979053247,70.0328386105629,-19.3887768313));
#10144=CARTESIAN_POINT('Ctrl Pts',(13.3299259303657,77.5122885250825,-21.6590379655791));
#10145=CARTESIAN_POINT('Ctrl Pts',(13.4693141511262,74.9775257601486,-21.0489113584052));
#10146=CARTESIAN_POINT('Ctrl Pts',(13.6116937620556,72.4434257802273,-20.4299312296238));
#10147=CARTESIAN_POINT('Ctrl Pts',(13.7614087324476,69.909835760844,-19.7934745375604));
#10148=CARTESIAN_POINT('Ctrl Pts',(11.9954689438064,77.4136642024456,-21.8222349136262));
#10149=CARTESIAN_POINT('Ctrl Pts',(12.1234041833632,74.876682277213,-21.2251211570574));
#10150=CARTESIAN_POINT('Ctrl Pts',(12.2514204931733,72.3393501679779,-20.6243561127009));
#10151=CARTESIAN_POINT('Ctrl Pts',(12.3796495332756,69.8010663055249,-20.0148594532561));
#10152=CARTESIAN_POINT('Ctrl Pts',(10.9243575561295,77.5404747305538,-21.0892103209884));
#10153=CARTESIAN_POINT('Ctrl Pts',(11.04031326176,75.0063509739894,-20.4887162586084));
#10154=CARTESIAN_POINT('Ctrl Pts',(11.1529724081483,72.4728365136016,-19.8834140531629));
#10155=CARTESIAN_POINT('Ctrl Pts',(11.2574899386165,69.9405864732737,-19.267872362705));
#10156=CARTESIAN_POINT('Ctrl Pts',(10.6046055690892,77.6250333469675,-20.6744758154442));
#10157=CARTESIAN_POINT('Ctrl Pts',(10.7179349501657,75.0926596081467,-20.0707852349901));
#10158=CARTESIAN_POINT('Ctrl Pts',(10.8268282521368,72.5614411761121,-19.4613354905997));
#10159=CARTESIAN_POINT('Ctrl Pts',(10.9262708674126,70.0328386105629,-18.8396627136006));
#10160=CARTESIAN_POINT('Ctrl Pts',(23.7866594113217,77.6250333469674,-9.04416227174883));
#10161=CARTESIAN_POINT('Ctrl Pts',(23.5348327947165,75.0926596081466,-8.46004385726384));
#10162=CARTESIAN_POINT('Ctrl Pts',(23.2792137546614,72.5614411761121,-7.86485679265408));
#10163=CARTESIAN_POINT('Ctrl Pts',(23.0131913107295,70.0328386105629,-7.24578397169131));
#10164=CARTESIAN_POINT('Ctrl Pts',(23.5149997064354,77.5122885250825,-9.68739591994571));
#10165=CARTESIAN_POINT('Ctrl Pts',(23.2691437241184,74.9775257601486,-9.11186278551508));
#10166=CARTESIAN_POINT('Ctrl Pts',(23.0205038578523,72.4434257802273,-8.52740870662008));
#10167=CARTESIAN_POINT('Ctrl Pts',(22.7675259558945,69.909835760844,-7.9245041749127));
#10168=CARTESIAN_POINT('Ctrl Pts',(22.5313313543919,77.4136620591847,-10.6038064417455));
#10169=CARTESIAN_POINT('Ctrl Pts',(22.2838584773208,74.8766801339521,-10.0455328180462));
#10170=CARTESIAN_POINT('Ctrl Pts',(22.0343060426486,72.3393476593527,-9.48425841041374));
#10171=CARTESIAN_POINT('Ctrl Pts',(21.779792367521,69.8010637968996,-8.91579411622022));
#10172=CARTESIAN_POINT('Ctrl Pts',(21.2339177247084,77.5404747305538,-10.6403532853645));
#10173=CARTESIAN_POINT('Ctrl Pts',(20.974766307202,75.0063509739894,-10.086386330189));
#10174=CARTESIAN_POINT('Ctrl Pts',(20.7101217616608,72.4728365136016,-9.53046717446807));
#10175=CARTESIAN_POINT('Ctrl Pts',(20.4328718921974,69.9405864732737,-8.97104962312623));
#10176=CARTESIAN_POINT('Ctrl Pts',(20.7314581072318,77.6250333469675,-10.492771524599));
#10177=CARTESIAN_POINT('Ctrl Pts',(20.4683030823459,75.0926596081467,-9.93776224681938));
#10178=CARTESIAN_POINT('Ctrl Pts',(20.198174042448,72.5614411761121,-9.38070116941809));
#10179=CARTESIAN_POINT('Ctrl Pts',(19.9132147180995,70.0328386105629,-8.81930642517707));
#10180=CARTESIAN_POINT('',(21.1129284227691,70.,-8.89703422714671));
#10181=CARTESIAN_POINT('',(20.2788549190043,73.3492095279032,-9.55296914102529));
#10182=CARTESIAN_POINT('Ctrl Pts',(21.1129284227691,70.,-8.89703422714675));
#10183=CARTESIAN_POINT('Ctrl Pts',(20.812288988684,71.0727993198058,-9.21016143256202));
#10184=CARTESIAN_POINT('Ctrl Pts',(20.5270940321329,72.231946170139,-9.42648499645093));
#10185=CARTESIAN_POINT('Ctrl Pts',(20.2788549185909,73.3492095358297,-9.55296914236054));
#10186=CARTESIAN_POINT('',(20.4557159480283,75.,-9.9164932401871));
#10187=CARTESIAN_POINT('Ctrl Pts',(20.2789534022592,73.3491925230989,-9.55299798746412));
#10188=CARTESIAN_POINT('Ctrl Pts',(20.3384141734586,73.8993684077537,-9.67432121002982));
#10189=CARTESIAN_POINT('Ctrl Pts',(20.3973362437927,74.4496377667565,-9.79548672832651));
#10190=CARTESIAN_POINT('Ctrl Pts',(20.4558003452061,74.9999855912249,-9.91651799108886));
#10191=CARTESIAN_POINT('',(22.5107772403963,77.4698859960816,-10.3570157872565));
#10192=CARTESIAN_POINT('Ctrl Pts',(20.4557159480283,75.,-9.91649324018711));
#10193=CARTESIAN_POINT('Ctrl Pts',(20.5423546007305,75.,-9.94464384490514));
#10194=CARTESIAN_POINT('Ctrl Pts',(20.627649743897,75.0186440483018,-9.9706428318042));
#10195=CARTESIAN_POINT('Ctrl Pts',(20.8320762063468,75.0963524628016,-10.0299165392041));
#10196=CARTESIAN_POINT('Ctrl Pts',(20.9477315444061,75.170779240353,-10.0606486409787));
#10197=CARTESIAN_POINT('Ctrl Pts',(21.2621771768163,75.4225495915765,-10.1396576077333));
#10198=CARTESIAN_POINT('Ctrl Pts',(21.455684505121,75.6523511452785,-10.1813922696291));
#10199=CARTESIAN_POINT('Ctrl Pts',(21.9132334841219,76.2820476340992,-10.2721325196118));
#10200=CARTESIAN_POINT('Ctrl Pts',(22.2147958261976,76.8215600359755,-10.3204857655044));
#10201=CARTESIAN_POINT('Ctrl Pts',(22.5107772403963,77.4698859960816,-10.3570157872565));
#10202=CARTESIAN_POINT('',(23.523778031413,75.,-8.43410579487966));
#10203=CARTESIAN_POINT('Ctrl Pts',(22.5107772403963,77.4698859960816,-10.3570157872565));
#10204=CARTESIAN_POINT('Ctrl Pts',(22.6668895706611,76.8776253310702,-10.1267088920909));
#10205=CARTESIAN_POINT('Ctrl Pts',(22.8895304146741,76.1060826642484,-9.77795079817037));
#10206=CARTESIAN_POINT('Ctrl Pts',(23.18233413187,75.4181741771016,-9.21524370780446));
#10207=CARTESIAN_POINT('Ctrl Pts',(23.259480333,75.2600502504766,-9.05953737459568));
#10208=CARTESIAN_POINT('Ctrl Pts',(23.3692368320821,75.103557821456,-8.81561602681517));
#10209=CARTESIAN_POINT('Ctrl Pts',(23.402559759846,75.0644217117462,-8.73881847448965));
#10210=CARTESIAN_POINT('Ctrl Pts',(23.4656366348097,75.0137681928335,-8.58581553616153));
#10211=CARTESIAN_POINT('Ctrl Pts',(23.4952096560702,75.,-8.51082805940244));
#10212=CARTESIAN_POINT('Ctrl Pts',(23.523778031413,75.,-8.43410579487966));
#10213=CARTESIAN_POINT('',(23.1264688707638,71.1161060252739,-7.50957202890044));
#10214=CARTESIAN_POINT('Ctrl Pts',(23.5239387772431,74.9999919571333,-8.43406472347047));
#10215=CARTESIAN_POINT('Ctrl Pts',(23.3933529153183,73.7048641364188,-8.13051777111658));
#10216=CARTESIAN_POINT('Ctrl Pts',(23.261176301852,72.4101708549354,-7.8229140191885));
#10217=CARTESIAN_POINT('Ctrl Pts',(23.1265235744966,71.1161077152233,-7.50953696233789));
#10218=CARTESIAN_POINT('',(22.9369011219693,70.,-7.4324180587342));
#10219=CARTESIAN_POINT('Ctrl Pts',(23.1264389369555,71.1159271479443,-7.50956208692993));
#10220=CARTESIAN_POINT('Ctrl Pts',(23.0999380513165,70.9575647016823,-7.50076074043471));
#10221=CARTESIAN_POINT('Ctrl Pts',(23.0725679013146,70.7947064422457,-7.49044695457664));
#10222=CARTESIAN_POINT('Ctrl Pts',(23.0448900652882,70.6312273946071,-7.47924431420171));
#10223=CARTESIAN_POINT('Ctrl Pts',(23.0201502410176,70.48510170376,-7.46923083793217));
#10224=CARTESIAN_POINT('Ctrl Pts',(22.9951644392536,70.3384799634951,-7.4585078722398));
#10225=CARTESIAN_POINT('Ctrl Pts',(22.9703662530766,70.1941160391857,-7.44749480979273));
#10226=CARTESIAN_POINT('Ctrl Pts',(22.959157769612,70.1288652725793,-7.44251703732781));
#10227=CARTESIAN_POINT('Ctrl Pts',(22.9479880935706,70.064075573064,-7.43747956873055));
#10228=CARTESIAN_POINT('Ctrl Pts',(22.9368996894191,70.0000002761458,-7.43241867513679));
#10229=CARTESIAN_POINT('Ctrl Pts',(22.9365215132758,70.0001083522752,-7.43212271075329));
#10230=CARTESIAN_POINT('Ctrl Pts',(22.9015561247412,70.0001942081045,-7.5140788154186));
#10231=CARTESIAN_POINT('Ctrl Pts',(22.8621571001192,70.0003174604032,-7.59394719830588));
#10232=CARTESIAN_POINT('Ctrl Pts',(22.8185961027649,70.0004421861319,-7.67148031973392));
#10233=CARTESIAN_POINT('Ctrl Pts',(22.7750371579155,70.0005669059837,-7.74900978796039));
#10234=CARTESIAN_POINT('Ctrl Pts',(22.7273159894254,70.0006930244942,-7.82420488087344));
#10235=CARTESIAN_POINT('Ctrl Pts',(22.6756640455028,70.0007961857872,-7.89678788679456));
#10236=CARTESIAN_POINT('Ctrl Pts',(22.6297277711196,70.0008879315202,-7.96133904638977));
#10237=CARTESIAN_POINT('Ctrl Pts',(22.5806816764206,70.0009616396943,-8.02382413942361));
#10238=CARTESIAN_POINT('Ctrl Pts',(22.5286680297198,70.0010086170019,-8.08402119395489));
#10239=CARTESIAN_POINT('Ctrl Pts',(22.4702673377083,70.0010613629147,-8.15161018001277));
#10240=CARTESIAN_POINT('Ctrl Pts',(22.4084739976806,70.0010784552581,-8.21591246207876));
#10241=CARTESIAN_POINT('Ctrl Pts',(22.3435806803173,70.0010566894227,-8.27669115044558));
#10242=CARTESIAN_POINT('Ctrl Pts',(22.2788547309041,70.0010349797241,-8.33731308300302));
#10243=CARTESIAN_POINT('Ctrl Pts',(22.2110440835576,70.0009745501326,-8.39443020996528));
#10244=CARTESIAN_POINT('Ctrl Pts',(22.1404026803541,70.0008842608214,-8.44777302882783));
#10245=CARTESIAN_POINT('Ctrl Pts',(22.0714240876284,70.0007960968079,-8.49986022430102));
#10246=CARTESIAN_POINT('Ctrl Pts',(21.9997457330774,70.0006794425077,-8.54834915860236));
#10247=CARTESIAN_POINT('Ctrl Pts',(21.9255796341709,70.0005545744892,-8.59294824125757));
#10248=CARTESIAN_POINT('Ctrl Pts',(21.8799658173594,70.000477777853,-8.62037767891426));
#10249=CARTESIAN_POINT('Ctrl Pts',(21.8334105687282,70.0003981108975,-8.64633494697137));
#10250=CARTESIAN_POINT('Ctrl Pts',(21.7859601404532,70.0003226958232,-8.67074313665745));
#10251=CARTESIAN_POINT('Ctrl Pts',(21.7044690354917,70.0001931783887,-8.71266162759502));
#10252=CARTESIAN_POINT('Ctrl Pts',(21.6207740562153,70.0000756902629,-8.74978999236029));
#10253=CARTESIAN_POINT('Ctrl Pts',(21.5351636729771,70.0000167517276,-8.78184578492003));
#10254=CARTESIAN_POINT('Ctrl Pts',(21.4531777830497,69.9999603084775,-8.81254442895049));
#10255=CARTESIAN_POINT('Ctrl Pts',(21.369434314737,69.9999576366402,-8.838591076663));
#10256=CARTESIAN_POINT('Ctrl Pts',(21.2843221707623,69.9999742413343,-8.86000918642974));
#10257=CARTESIAN_POINT('Ctrl Pts',(21.2564059867832,69.9999796875571,-8.86703417563587));
#10258=CARTESIAN_POINT('Ctrl Pts',(21.2283424438047,69.999987308626,-8.873560838684));
#10259=CARTESIAN_POINT('Ctrl Pts',(21.2001450055406,69.9999961743211,-8.87958885495095));
#10260=CARTESIAN_POINT('Ctrl Pts',(21.1715161965731,70.0000051756455,-8.88570908915603));
#10261=CARTESIAN_POINT('Ctrl Pts',(21.1427872641625,70.000015423377,-8.89130720107449));
#10262=CARTESIAN_POINT('Ctrl Pts',(21.1139731194209,70.0000261260828,-8.89638636391659));
#10263=CARTESIAN_POINT('Ctrl Pts',(23.523778031413,75.,-8.43410579487977));
#10264=CARTESIAN_POINT('Ctrl Pts',(23.3098492357814,73.7053686750782,-8.35444706519743));
#10265=CARTESIAN_POINT('Ctrl Pts',(23.0959204401498,72.4107373501564,-8.27478833551508));
#10266=CARTESIAN_POINT('Ctrl Pts',(22.8819916445181,71.1161060252346,-8.19512960583274));
#10267=CARTESIAN_POINT('Ctrl Pts',(23.6141559633861,75.,-8.19138987139241));
#10268=CARTESIAN_POINT('Ctrl Pts',(23.3995295670416,73.7053686750782,-8.11360442443474));
#10269=CARTESIAN_POINT('Ctrl Pts',(23.1848996737272,72.4107373501564,-8.03582887943032));
#10270=CARTESIAN_POINT('Ctrl Pts',(22.9702732773827,71.1161060252346,-7.95804343247265));
#10271=CARTESIAN_POINT('Ctrl Pts',(23.6985082755997,75.,-7.95501484486764));
#10272=CARTESIAN_POINT('Ctrl Pts',(23.4831212031814,73.7053686750782,-7.87934815053191));
#10273=CARTESIAN_POINT('Ctrl Pts',(23.2677309828189,72.4107373501564,-7.8036911660128));
#10274=CARTESIAN_POINT('Ctrl Pts',(23.0523439104006,71.1161060252346,-7.72802447167707));
#10275=CARTESIAN_POINT('Ctrl Pts',(23.7764129073788,75.,-7.72542485937368));
#10276=CARTESIAN_POINT('Ctrl Pts',(23.5602403943241,73.7053686750782,-7.65207305357054));
#10277=CARTESIAN_POINT('Ctrl Pts',(23.3440678812693,72.4107373501564,-7.5787212477674));
#10278=CARTESIAN_POINT('Ctrl Pts',(23.1278953682145,71.1161060252346,-7.50536944196426));
#10279=CARTESIAN_POINT('',(23.7764129073788,75.,-7.72542485937368));
#10280=CARTESIAN_POINT('Ctrl Pts',(23.7764129073788,75.,-7.72542485937368));
#10281=CARTESIAN_POINT('Ctrl Pts',(23.7659923572502,75.,-7.75613489417196));
#10282=CARTESIAN_POINT('Ctrl Pts',(23.7215315549057,75.,-7.8864008068605));
#10283=CARTESIAN_POINT('Ctrl Pts',(23.6725560946165,75.,-8.02650429947772));
#10284=CARTESIAN_POINT('Ctrl Pts',(23.6216771038141,75.,-8.1686109206254));
#10285=CARTESIAN_POINT('Ctrl Pts',(23.5689502266522,75.,-8.31266211469227));
#10286=CARTESIAN_POINT('Ctrl Pts',(23.5268925104412,75.,-8.42574165512771));
#10287=CARTESIAN_POINT('Ctrl Pts',(23.523778031413,75.,-8.43410579487966));
#10288=CARTESIAN_POINT('Ctrl Pts',(23.7764129073788,75.,-7.72542485937368));
#10289=CARTESIAN_POINT('Ctrl Pts',(23.6369605416446,74.1666702519641,-7.67911207554024));
#10290=CARTESIAN_POINT('Ctrl Pts',(23.4975082591034,73.3333405137207,-7.63279886500124));
#10291=CARTESIAN_POINT('Ctrl Pts',(23.2808603056541,72.0387091957718,-7.56084761936319));
#10292=CARTESIAN_POINT('Ctrl Pts',(23.2036645746153,71.5774076088851,-7.53520989453116));
#10293=CARTESIAN_POINT('Ctrl Pts',(23.1264688707657,71.1161060252735,-7.50957202890109));
#10294=CARTESIAN_POINT('Ctrl Pts',(23.7764129073788,75.,-7.72542485937368));
#10295=CARTESIAN_POINT('Ctrl Pts',(23.6383312086516,76.6666666666667,-7.67857088239538));
#10296=CARTESIAN_POINT('Ctrl Pts',(23.5002495099243,78.3333333333333,-7.63171690541707));
#10297=CARTESIAN_POINT('Ctrl Pts',(23.3621678111971,80.,-7.58486292843877));
#10298=CARTESIAN_POINT('Ctrl Pts',(23.4959455343185,75.,-8.55198033678132));
#10299=CARTESIAN_POINT('Ctrl Pts',(23.359722552318,76.6666666666667,-8.49969983307725));
#10300=CARTESIAN_POINT('Ctrl Pts',(23.22333480911,78.3333333333333,-8.44775119646321));
#10301=CARTESIAN_POINT('Ctrl Pts',(23.0871118271095,80.,-8.39547069275914));
#10302=CARTESIAN_POINT('Ctrl Pts',(23.1312691156063,75.,-9.46715091161131));
#10303=CARTESIAN_POINT('Ctrl Pts',(22.9963874463626,76.6666666666667,-9.41172123834123));
#10304=CARTESIAN_POINT('Ctrl Pts',(22.8614132933846,78.3333333333333,-9.35641241977304));
#10305=CARTESIAN_POINT('Ctrl Pts',(22.7265316241408,80.,-9.30098274650297));
#10306=CARTESIAN_POINT('Ctrl Pts',(22.7090949880178,75.,-10.442827635451));
#10307=CARTESIAN_POINT('Ctrl Pts',(22.5752711676441,76.6666666666667,-10.3849222317077));
#10308=CARTESIAN_POINT('Ctrl Pts',(22.4414473472704,78.3333333333333,-10.3270168279645));
#10309=CARTESIAN_POINT('Ctrl Pts',(22.3076235268966,80.,-10.2691114242212));
#10310=CARTESIAN_POINT('',(22.3872635972527,80.,-10.0841359918995));
#10311=CARTESIAN_POINT('Ctrl Pts',(22.5107772403963,77.4698859960816,-10.3570157872565));
#10312=CARTESIAN_POINT('Ctrl Pts',(22.469729596202,78.3131117089029,-10.2661094017587));
#10313=CARTESIAN_POINT('Ctrl Pts',(22.428544835056,79.1567991684877,-10.1751159877047));
#10314=CARTESIAN_POINT('Ctrl Pts',(22.3872635972527,80.,-10.0841359918995));
#10315=CARTESIAN_POINT('',(23.3612564848986,80.,-7.587548103402));
#10316=CARTESIAN_POINT('Ctrl Pts',(22.3872838315093,80.,-10.0841164093595));
#10317=CARTESIAN_POINT('Ctrl Pts',(22.7718548678969,80.,-9.18659312937925));
#10318=CARTESIAN_POINT('Ctrl Pts',(23.1039209279037,80.,-8.34560826166831));
#10319=CARTESIAN_POINT('Ctrl Pts',(23.3612564767098,80.,-7.58754811552016));
#10320=CARTESIAN_POINT('Ctrl Pts',(23.7764129073788,75.,-7.72542485937368));
#10321=CARTESIAN_POINT('Ctrl Pts',(23.7072200524671,75.8333342621458,-7.70244558816897));
#10322=CARTESIAN_POINT('Ctrl Pts',(23.6380272177373,76.6666685230672,-7.67946621179433));
#10323=CARTESIAN_POINT('Ctrl Pts',(23.4996417432977,78.3333351897571,-7.63350729481917));
#10324=CARTESIAN_POINT('Ctrl Pts',(23.4304491035878,79.1666675955255,-7.61052775421913));
#10325=CARTESIAN_POINT('Ctrl Pts',(23.3612564848986,80.,-7.587548103402));
#10326=CARTESIAN_POINT('Origin',(19.9120741092909,75.,-9.73985329908505));
#10327=CARTESIAN_POINT('',(19.9120741092909,75.,-9.73985329908505));
#10328=CARTESIAN_POINT('',(22.6306863083352,75.,-10.6231839489736));
#10329=CARTESIAN_POINT('',(20.4632848462556,80.,-9.45899740056694));
#10330=CARTESIAN_POINT('',(19.9372355636255,75.2282380643853,-9.72703289775525));
#10331=CARTESIAN_POINT('',(22.7658637275585,80.,-10.2071506312322));
#10332=CARTESIAN_POINT('Origin',(22.6306863083352,75.,-10.6231839489736));
#10333=CARTESIAN_POINT('',(19.9647904504276,74.7627366780164,-9.71299298167169));
#10334=CARTESIAN_POINT('Ctrl Pts',(22.9399917326748,70.0017665106451,-7.44763984580695));
#10335=CARTESIAN_POINT('Ctrl Pts',(23.3706368745437,72.5751920697315,-7.59066499793095));
#10336=CARTESIAN_POINT('Ctrl Pts',(23.8037099166044,75.1631210819031,-7.73449172764756));
#10337=CARTESIAN_POINT('Ctrl Pts',(24.2365741092951,77.7497975624265,-7.87824492817925));
#10338=CARTESIAN_POINT('Ctrl Pts',(22.8416125537558,69.9444158288158,-6.95525971966379));
#10339=CARTESIAN_POINT('Ctrl Pts',(23.3571764195319,72.5020043252803,-6.98234953222519));
#10340=CARTESIAN_POINT('Ctrl Pts',(23.9162104438149,75.0637580767694,-7.04874524203387));
#10341=CARTESIAN_POINT('Ctrl Pts',(24.5102520042887,77.6080205363827,-7.16860386794022));
#10342=CARTESIAN_POINT('Ctrl Pts',(22.4006639917177,69.8866037980445,-6.14436152015795));
#10343=CARTESIAN_POINT('Ctrl Pts',(22.9438361168702,72.4392172855562,-5.93380887199648));
#10344=CARTESIAN_POINT('Ctrl Pts',(23.6100178024674,74.9782671205055,-5.7764311685372));
#10345=CARTESIAN_POINT('Ctrl Pts',(24.371827185959,77.4796724411584,-5.6827097244326));
#10346=CARTESIAN_POINT('Ctrl Pts',(21.62763753954,69.9203027619456,-5.66901944055312));
#10347=CARTESIAN_POINT('Ctrl Pts',(22.0382907074549,72.5135652941936,-5.32143174476567));
#10348=CARTESIAN_POINT('Ctrl Pts',(22.6006038346427,75.0916495138931,-5.0277866576469));
#10349=CARTESIAN_POINT('Ctrl Pts',(23.2668103171786,77.6424152372364,-4.76993035614932));
#10350=CARTESIAN_POINT('Ctrl Pts',(21.2699063227351,69.9499196022606,-5.54729452572579));
#10351=CARTESIAN_POINT('Ctrl Pts',(21.613618871037,72.5665986490878,-5.17383817363797));
#10352=CARTESIAN_POINT('Ctrl Pts',(22.1191359709787,75.1680747468779,-4.85577395169476));
#10353=CARTESIAN_POINT('Ctrl Pts',(22.7303074345122,77.7484521319385,-4.57595063927585));
#10354=CARTESIAN_POINT('',(24.0966933795363,77.5536975520131,-5.76439981179407));
#10355=CARTESIAN_POINT('Ctrl Pts',(23.7764129073788,75.,-7.72542485937369));
#10356=CARTESIAN_POINT('Ctrl Pts',(23.8351107449023,75.0914835785031,-7.51887072788954));
#10357=CARTESIAN_POINT('Ctrl Pts',(23.8806677829169,75.256004935769,-7.32268046278898));
#10358=CARTESIAN_POINT('Ctrl Pts',(23.9143376392634,75.4199156732364,-7.16023127374346));
#10359=CARTESIAN_POINT('Ctrl Pts',(23.9828386932001,75.7533907600482,-6.82972969552794));
#10360=CARTESIAN_POINT('Ctrl Pts',(24.0264852879912,76.2018649153031,-6.52232437395202));
#10361=CARTESIAN_POINT('Ctrl Pts',(24.0734584145536,76.9066180533164,-6.09820588894348));
#10362=CARTESIAN_POINT('Ctrl Pts',(24.0874643089156,77.2253442198807,-5.92645514320907));
#10363=CARTESIAN_POINT('Ctrl Pts',(24.0966933795363,77.5536975520131,-5.76439981179407));
#10364=CARTESIAN_POINT('',(22.1254547599942,74.9999999999997,-4.88898830362738));
#10365=CARTESIAN_POINT('Ctrl Pts',(24.0966933795363,77.5536975520131,-5.76439981179407));
#10366=CARTESIAN_POINT('Ctrl Pts',(23.9263890092301,77.1475940351454,-5.6717066888572));
#10367=CARTESIAN_POINT('Ctrl Pts',(23.7434417251147,76.7533989342444,-5.5760011015938));
#10368=CARTESIAN_POINT('Ctrl Pts',(23.3371032625399,76.0083443729723,-5.37543539918268));
#10369=CARTESIAN_POINT('Ctrl Pts',(23.0744645297935,75.6000455260303,-5.2525390725867));
#10370=CARTESIAN_POINT('Ctrl Pts',(22.6848517732687,75.2313567066187,-5.09203015177789));
#10371=CARTESIAN_POINT('Ctrl Pts',(22.5718237197506,75.1433779541544,-5.04721185536788));
#10372=CARTESIAN_POINT('Ctrl Pts',(22.3973755895446,75.0566382596537,-4.98255094850964));
#10373=CARTESIAN_POINT('Ctrl Pts',(22.3425510290142,75.0352603760692,-4.96277079553813));
#10374=CARTESIAN_POINT('Ctrl Pts',(22.2333813055588,75.0073697729228,-4.92473371699095));
#10375=CARTESIAN_POINT('Ctrl Pts',(22.1798165822504,75.,-4.90665153040146));
#10376=CARTESIAN_POINT('Ctrl Pts',(22.1254547599944,75.,-4.88898830362736));
#10377=CARTESIAN_POINT('',(21.7633632224749,73.1070690189856,-5.12228922965778));
#10378=CARTESIAN_POINT('Ctrl Pts',(22.1233520350454,74.9999170874181,-4.8883204589645));
#10379=CARTESIAN_POINT('Ctrl Pts',(21.9948472036926,74.3700168057475,-4.96335095068024));
#10380=CARTESIAN_POINT('Ctrl Pts',(21.8737414099773,73.7389960028842,-5.04099328138574));
#10381=CARTESIAN_POINT('Ctrl Pts',(21.7608381170739,73.1069390423748,-5.12149287099224));
#10382=CARTESIAN_POINT('',(22.0647673015074,70.,-5.96757538001052));
#10383=CARTESIAN_POINT('Ctrl Pts',(21.7633632224749,73.1070690189854,-5.12228922965781));
#10384=CARTESIAN_POINT('Ctrl Pts',(21.8813600090832,72.0647764375829,-5.353870962671));
#10385=CARTESIAN_POINT('Ctrl Pts',(21.9798451190339,71.0287093918239,-5.64195113312758));
#10386=CARTESIAN_POINT('Ctrl Pts',(22.0647673015074,70.,-5.96757538001051));
#10387=CARTESIAN_POINT('Ctrl Pts',(22.0649479053282,69.9999901920375,-5.96768071458064));
#10388=CARTESIAN_POINT('Ctrl Pts',(22.1282782666189,69.9999807851026,-6.01884694135827));
#10389=CARTESIAN_POINT('Ctrl Pts',(22.1890507856016,69.9999745064551,-6.0731747834278));
#10390=CARTESIAN_POINT('Ctrl Pts',(22.2469784371464,69.9999866927468,-6.13054327391921));
#10391=CARTESIAN_POINT('Ctrl Pts',(22.2933444501436,69.9999964468063,-6.17646172745256));
#10392=CARTESIAN_POINT('Ctrl Pts',(22.3378872943008,70.0000182123097,-6.22432897425555));
#10393=CARTESIAN_POINT('Ctrl Pts',(22.3805250600274,70.000042373849,-6.27402300052246));
#10394=CARTESIAN_POINT('Ctrl Pts',(22.437559549533,70.0000746935785,-6.34049631054029));
#10395=CARTESIAN_POINT('Ctrl Pts',(22.490910826276,70.0001102852365,-6.40991525032621));
#10396=CARTESIAN_POINT('Ctrl Pts',(22.5404562409131,70.0001362195989,-6.4819285362968));
#10397=CARTESIAN_POINT('Ctrl Pts',(22.5902924278075,70.000162306165,-6.55436445402603));
#10398=CARTESIAN_POINT('Ctrl Pts',(22.6362785087609,70.0001786733174,-6.62942602454551));
#10399=CARTESIAN_POINT('Ctrl Pts',(22.6782500867247,70.0001802153218,-6.70678892472045));
#10400=CARTESIAN_POINT('Ctrl Pts',(22.6996923369113,70.000181003094,-6.74631173375423));
#10401=CARTESIAN_POINT('Ctrl Pts',(22.7200861401024,70.0001780459305,-6.78643563561072));
#10402=CARTESIAN_POINT('Ctrl Pts',(22.7394049089879,70.0001713965602,-6.82711970569468));
#10403=CARTESIAN_POINT('Ctrl Pts',(22.7769609091927,70.0001584700765,-6.90621019813027));
#10404=CARTESIAN_POINT('Ctrl Pts',(22.8103134242941,70.0001312612942,-6.98711410428549));
#10405=CARTESIAN_POINT('Ctrl Pts',(22.8393284579422,70.0001006025187,-7.06950335826893));
#10406=CARTESIAN_POINT('Ctrl Pts',(22.8681043689322,70.0000701964124,-7.15121361467996));
#10407=CARTESIAN_POINT('Ctrl Pts',(22.8926144203257,70.0000364602819,-7.23438560211418));
#10408=CARTESIAN_POINT('Ctrl Pts',(22.9126837095525,70.0000165426482,-7.31872342369371));
#10409=CARTESIAN_POINT('Ctrl Pts',(22.9216487307888,70.000007645372,-7.35639742165849));
#10410=CARTESIAN_POINT('Ctrl Pts',(22.9297269951202,70.0000015878327,-7.3943043085528));
#10411=CARTESIAN_POINT('Ctrl Pts',(22.9368996894191,70.0000002761458,-7.43241867513679));
#10412=CARTESIAN_POINT('Origin',(21.5490666065186,75.,-4.70170843988778));
#10413=CARTESIAN_POINT('',(21.5490666065186,75.,-4.70170843988778));
#10414=CARTESIAN_POINT('',(21.5490666065186,75.,-4.70170843988778));
#10415=CARTESIAN_POINT('',(21.5988442725425,74.5603025005376,-4.79940261016582));
#10416=CARTESIAN_POINT('Origin',(24.3611794880705,75.,-5.61541930313425));
#10417=CARTESIAN_POINT('',(23.8417928124443,80.,-5.90661546599539));
#10418=CARTESIAN_POINT('Ctrl Pts',(24.0966933795363,77.5536975520131,-5.76439981179407));
#10419=CARTESIAN_POINT('Ctrl Pts',(23.9691096909794,78.7817832173483,-5.83591821729468));
#10420=CARTESIAN_POINT('Ctrl Pts',(23.8417928124452,79.9999999999917,-5.90661546599491));
#10421=CARTESIAN_POINT('',(21.8299225050367,80.,-5.25291917685251));
#10422=CARTESIAN_POINT('',(21.4138891872953,80.,-5.1177417576292));
#10423=CARTESIAN_POINT('',(21.5562224975725,75.1273943522578,-4.71575266684641));
#10424=CARTESIAN_POINT('Origin',(0.,75.,0.));
#10425=CARTESIAN_POINT('Origin',(0.,80.,0.));
#10426=CARTESIAN_POINT('Origin',(19.9120741092909,75.,-9.73985329908505));
#10427=CARTESIAN_POINT('',(20.7505587292981,70.,-10.0122934671137));
#10428=CARTESIAN_POINT('',(19.9120741092909,75.,-9.73985329908505));
#10429=CARTESIAN_POINT('Origin',(22.1822211651804,70.,-7.69245080882268));
#10430=CARTESIAN_POINT('Origin',(21.5490666065186,75.,-4.70170843988778));
#10431=CARTESIAN_POINT('',(20.3281074270323,80.,-9.87503071830836));
#10432=CARTESIAN_POINT('Origin',(22.1822211651804,80.,-7.69245080882268));
#10433=CARTESIAN_POINT('Origin',(6.81505903125216,80.,-22.4673030350259));
#10434=CARTESIAN_POINT('',(9.2353019121393,80.,-22.7602370235087));
#10435=CARTESIAN_POINT('',(8.58160562299642,80.,-20.7483667161011));
#10436=CARTESIAN_POINT('',(8.44642820377311,80.,-20.3323333983597));
#10437=CARTESIAN_POINT('',(7.59294667555571,80.,-23.3595023824744));
#10438=CARTESIAN_POINT('Origin',(0.,80.,0.));
#10439=CARTESIAN_POINT('',(5.00066599061451,80.,-24.0389831258793));
#10440=CARTESIAN_POINT('Ctrl Pts',(5.00069372661977,80.,-24.0389879854085));
#10441=CARTESIAN_POINT('Ctrl Pts',(5.95285049661841,80.,-23.8225615418289));
#10442=CARTESIAN_POINT('Ctrl Pts',(6.82840507946763,80.,-23.596890124988));
#10443=CARTESIAN_POINT('Ctrl Pts',(7.59294666093864,80.,-23.3595023829724));
#10444=CARTESIAN_POINT('',(4.37552739928199,80.,-22.1150043748822));
#10445=CARTESIAN_POINT('',(5.12368062994723,80.,-24.4175832561851));
#10446=CARTESIAN_POINT('',(3.95949408154057,80.,-22.2501817941055));
#10447=CARTESIAN_POINT('Origin',(8.86246152151453,75.,-20.1971559791363));
#10448=CARTESIAN_POINT('',(3.82431666231726,75.,-21.8341484763641));
#10449=CARTESIAN_POINT('',(3.84947811665191,75.2282380643853,-21.8469688776939));
#10450=CARTESIAN_POINT('',(8.86246152151453,75.,-20.1971559791363));
#10451=CARTESIAN_POINT('',(3.82431666231726,75.,-21.8341484763641));
#10452=CARTESIAN_POINT('',(8.85530563046063,75.1273943522578,-20.211200206095));
#10453=CARTESIAN_POINT('Origin',(6.81505903125216,70.,-22.4673030350259));
#10454=CARTESIAN_POINT('',(7.46901969396901,70.,-22.9250085297672));
#10455=CARTESIAN_POINT('',(5.21201607031299,70.,-22.3102634029002));
#10456=CARTESIAN_POINT('Ctrl Pts',(7.46903547525733,70.0001083242717,-22.9245279287316));
#10457=CARTESIAN_POINT('Ctrl Pts',(7.38217935296369,70.000194156964,-22.9444130331564));
#10458=CARTESIAN_POINT('Ctrl Pts',(7.29440619044847,70.0003173728824,-22.9594841625783));
#10459=CARTESIAN_POINT('Ctrl Pts',(7.2060759368966,70.0004420530635,-22.9698155809034));
#10460=CARTESIAN_POINT('Ctrl Pts',(7.117750103188,70.0005667270059,-22.9801464822679));
#10461=CARTESIAN_POINT('Ctrl Pts',(7.02886631730617,70.0006927904302,-22.9857380180908));
#10462=CARTESIAN_POINT('Ctrl Pts',(6.93978529705141,70.0007958917596,-22.9866141826256));
#10463=CARTESIAN_POINT('Ctrl Pts',(6.8605614803421,70.000887584477,-22.9873933957319));
#10464=CARTESIAN_POINT('Ctrl Pts',(6.78118123479868,70.0009612356452,-22.9844423133905));
#10465=CARTESIAN_POINT('Ctrl Pts',(6.70190776716798,70.001008154905,-22.9777455494641));
#10466=CARTESIAN_POINT('Ctrl Pts',(6.61290000944494,70.0010608355589,-22.9702264644675));
#10467=CARTESIAN_POINT('Ctrl Pts',(6.52455710140065,70.0010778618427,-22.9580307987838));
#10468=CARTESIAN_POINT('Ctrl Pts',(6.43724272300549,70.001056033464,-22.9412560706705));
#10469=CARTESIAN_POINT('Ctrl Pts',(6.35015369842209,70.0010342614232,-22.9245246372468));
#10470=CARTESIAN_POINT('Ctrl Pts',(6.264086980842,70.000973773125,-22.9032375627878));
#10471=CARTESIAN_POINT('Ctrl Pts',(6.17940986839659,70.0008834329789,-22.8774418639978));
#10472=CARTESIAN_POINT('Ctrl Pts',(6.09672612642532,70.0007952195158,-22.8522534176619));
#10473=CARTESIAN_POINT('Ctrl Pts',(6.01536655522887,70.0006785233912,-22.822765820156));
#10474=CARTESIAN_POINT('Ctrl Pts',(5.93569167726262,70.0005536250057,-22.7889791885433));
#10475=CARTESIAN_POINT('Ctrl Pts',(5.8866891112147,70.0004768085544,-22.7681993431341));
#10476=CARTESIAN_POINT('Ctrl Pts',(5.83832421324814,70.0003971260269,-22.7457924921011));
#10477=CARTESIAN_POINT('Ctrl Pts',(5.79068639418304,70.0003217008473,-22.7217508442266));
#10478=CARTESIAN_POINT('Ctrl Pts',(5.70887433476807,70.0001921674345,-22.680462288979));
#10479=CARTESIAN_POINT('Ctrl Pts',(5.62964218216169,70.0000746792816,-22.6345751337569));
#10480=CARTESIAN_POINT('Ctrl Pts',(5.55338800402843,70.000015761421,-22.5841567196984));
#10481=CARTESIAN_POINT('Ctrl Pts',(5.48036237675039,69.9999593381031,-22.5358729875394));
#10482=CARTESIAN_POINT('Ctrl Pts',(5.41006722365259,69.9999567049332,-22.483432914727));
#10483=CARTESIAN_POINT('Ctrl Pts',(5.34271214885726,69.999973360735,-22.4271649420216));
#10484=CARTESIAN_POINT('Ctrl Pts',(5.32061994797737,69.9999788237728,-22.4087092672282));
#10485=CARTESIAN_POINT('Ctrl Pts',(5.29884429199392,69.9999864630365,-22.3898414564678));
#10486=CARTESIAN_POINT('Ctrl Pts',(5.27739335398419,69.999995348058,-22.3705722147835));
#10487=CARTESIAN_POINT('Ctrl Pts',(5.25561441105324,70.0000043689398,-22.3510083283568));
#10488=CARTESIAN_POINT('Ctrl Pts',(5.2341990241184,70.0000146373506,-22.3310565401744));
#10489=CARTESIAN_POINT('Ctrl Pts',(5.21315339025122,70.0000253616123,-22.31073077971));
#10490=CARTESIAN_POINT('',(8.14147491744919,70.,-21.358424524162));
#10491=CARTESIAN_POINT('Ctrl Pts',(8.14149574342189,69.9999902146364,-21.3586325124774));
#10492=CARTESIAN_POINT('Ctrl Pts',(8.1373260380931,69.9999808098485,-21.4399426009871));
#10493=CARTESIAN_POINT('Ctrl Pts',(8.12909507274487,69.9999745328535,-21.5210417032605));
#10494=CARTESIAN_POINT('Ctrl Pts',(8.11673200465562,69.9999867198696,-21.6016265092649));
#10495=CARTESIAN_POINT('Ctrl Pts',(8.10683645114319,69.9999964745089,-21.6661275905781));
#10496=CARTESIAN_POINT('Ctrl Pts',(8.09429266197223,70.0000182399965,-21.7302991702449));
#10497=CARTESIAN_POINT('Ctrl Pts',(8.07915120245288,70.0000424010613,-21.7940032638725));
#10498=CARTESIAN_POINT('Ctrl Pts',(8.05889719618366,70.0000747201621,-21.8792171833138));
#10499=CARTESIAN_POINT('Ctrl Pts',(8.03409518961928,70.0001103103756,-21.9631827196605));
#10500=CARTESIAN_POINT('Ctrl Pts',(8.00495728405976,70.0001362428178,-22.0455941674546));
#10501=CARTESIAN_POINT('Ctrl Pts',(7.97564838484815,70.0001623274426,-22.1284892407586));
#10502=CARTESIAN_POINT('Ctrl Pts',(7.94195225648421,70.0001786921794,-22.2098128342349));
#10503=CARTESIAN_POINT('Ctrl Pts',(7.90403464989244,70.0001802316473,-22.2892413151238));
#10504=CARTESIAN_POINT('Ctrl Pts',(7.88466347048985,70.0001810181239,-22.3298193866656));
#10505=CARTESIAN_POINT('Ctrl Pts',(7.86418973524539,70.0001780596316,-22.3699025603137));
#10506=CARTESIAN_POINT('Ctrl Pts',(7.84263092498676,70.000171408947,-22.4094452715294));
#10507=CARTESIAN_POINT('Ctrl Pts',(7.80072025841692,70.0001584799112,-22.4863169247025));
#10508=CARTESIAN_POINT('Ctrl Pts',(7.75487176435566,70.0001312686483,-22.5608537858478));
#10509=CARTESIAN_POINT('Ctrl Pts',(7.70527209070837,70.0001006078085,-22.6327546169845));
#10510=CARTESIAN_POINT('Ctrl Pts',(7.65608120265323,70.0000701996661,-22.7040628630966));
#10511=CARTESIAN_POINT('Ctrl Pts',(7.60320034238595,70.0000364619109,-22.7727791427733));
#10512=CARTESIAN_POINT('Ctrl Pts',(7.54676608833451,70.0000165433884,-22.8385880330394));
#10513=CARTESIAN_POINT('Ctrl Pts',(7.52155664773884,70.0000076456929,-22.8679851667079));
#10514=CARTESIAN_POINT('Ctrl Pts',(7.49563756992476,70.0000015878954,-22.8968017852442));
#10515=CARTESIAN_POINT('Ctrl Pts',(7.46901835320703,70.0000002761558,-22.9250077331056));
#10516=CARTESIAN_POINT('',(4.09675683034596,70.,-22.6726330963713));
#10517=CARTESIAN_POINT('Origin',(3.82431666231726,75.,-21.8341484763641));
#10518=CARTESIAN_POINT('',(4.19109747294053,73.3492095279032,-22.0210326326383));
#10519=CARTESIAN_POINT('Ctrl Pts',(5.212016070313,70.,-22.3102634029003));
#10520=CARTESIAN_POINT('Ctrl Pts',(4.78197941411815,71.0727993198058,-22.2510925449808));
#10521=CARTESIAN_POINT('Ctrl Pts',(4.43933658515926,72.231946170139,-22.1475167789982));
#10522=CARTESIAN_POINT('Ctrl Pts',(4.19109747161721,73.3492095358297,-22.0210326330886));
#10523=CARTESIAN_POINT('',(8.64816490555826,73.1070690189856,-20.6177367689064));
#10524=CARTESIAN_POINT('Ctrl Pts',(8.64816490555823,73.1070690189854,-20.6177367689064));
#10525=CARTESIAN_POINT('Ctrl Pts',(8.53016811894999,72.0647764375829,-20.8493185019196));
#10526=CARTESIAN_POINT('Ctrl Pts',(8.35499446050763,71.0287093918239,-21.0983239052349));
#10527=CARTESIAN_POINT('Ctrl Pts',(8.14147491744918,70.,-21.358424524162));
#10528=CARTESIAN_POINT('',(8.81268385549063,74.5603025005376,-20.2948501494144));
#10529=CARTESIAN_POINT('',(3.87703300345393,74.7627366780164,-21.8610087937775));
#10530=CARTESIAN_POINT('Origin',(0.,75.,0.));
#10531=CARTESIAN_POINT('',(7.72542485937369,75.,-23.7764129073788));
#10532=CARTESIAN_POINT('',(9.50018358739195,77.5536975520131,-22.8828636499772));
#10533=CARTESIAN_POINT('Ctrl Pts',(7.72542485937368,75.,-23.7764129073788));
#10534=CARTESIAN_POINT('Ctrl Pts',(7.92703238524049,75.0914835785031,-23.7024909831819));
#10535=CARTESIAN_POINT('Ctrl Pts',(8.11253139892086,75.256004935769,-23.6240296566797));
#10536=CARTESIAN_POINT('Ctrl Pts',(8.26374619858837,75.4199156732364,-23.5557839050943));
#10537=CARTESIAN_POINT('Ctrl Pts',(8.57139150130298,75.7533907600482,-23.4169384683272));
#10538=CARTESIAN_POINT('Ctrl Pts',(8.84574245535018,76.2018649153031,-23.2715609907613));
#10539=CARTESIAN_POINT('Ctrl Pts',(9.21647162839809,76.9066180533164,-23.0602724577165));
#10540=CARTESIAN_POINT('Ctrl Pts',(9.36365335864495,77.2253442198807,-22.9706509088639));
#10541=CARTESIAN_POINT('Ctrl Pts',(9.50018358739196,77.5536975520131,-22.8828636499772));
#10542=CARTESIAN_POINT('Ctrl Pts',(7.72542485937369,75.,-23.7764129073788));
#10543=CARTESIAN_POINT('Ctrl Pts',(7.70334494061551,75.8333342621458,-23.7069278351433));
#10544=CARTESIAN_POINT('Ctrl Pts',(7.68126511880424,76.6666685230672,-23.6374427174181));
#10545=CARTESIAN_POINT('Ctrl Pts',(7.63710572267311,78.3333351897571,-23.4984725432124));
#10546=CARTESIAN_POINT('Ctrl Pts',(7.61502614835283,79.1666675955255,-23.4289874867323));
#10547=CARTESIAN_POINT('Ctrl Pts',(7.59294667555571,80.,-23.3595023824744));
#10548=CARTESIAN_POINT('Ctrl Pts',(9.50018358739196,77.5536975520131,-22.8828636499772));
#10549=CARTESIAN_POINT('Ctrl Pts',(9.36733217136454,78.7817832173483,-22.8216837417504));
#10550=CARTESIAN_POINT('Ctrl Pts',(9.2353019121402,79.9999999999917,-22.7602370235091));
#10551=CARTESIAN_POINT('Origin',(9.77617238476101,75.,-23.0092688606882));
#10552=CARTESIAN_POINT('',(9.04974138525402,74.9999999999997,-20.773544132612));
#10553=CARTESIAN_POINT('Ctrl Pts',(9.50018358739196,77.5536975520131,-22.8828636499772));
#10554=CARTESIAN_POINT('Ctrl Pts',(9.47507150184265,77.1475940351455,-22.690600869532));
#10555=CARTESIAN_POINT('Ctrl Pts',(9.44496523284537,76.7533989342444,-22.4863390748524));
#10556=CARTESIAN_POINT('Ctrl Pts',(9.36838653884403,76.0083443729723,-22.0397147911683));
#10557=CARTESIAN_POINT('Ctrl Pts',(9.31343658181735,75.6000455260303,-21.7549989446613));
#10558=CARTESIAN_POINT('Ctrl Pts',(9.21428239411012,75.2313567066187,-21.3454508268947));
#10559=CARTESIAN_POINT('Ctrl Pts',(9.1841049346115,75.1433779541544,-21.2276656770947));
#10560=CARTESIAN_POINT('Ctrl Pts',(9.13387866890645,75.0566382596537,-21.04852744767));
#10561=CARTESIAN_POINT('Ctrl Pts',(9.11765608066853,75.0352603760692,-20.992546964287));
#10562=CARTESIAN_POINT('Ctrl Pts',(9.08426037018568,75.0073697729228,-20.8818691689301));
#10563=CARTESIAN_POINT('Ctrl Pts',(9.06740461202821,75.,-20.8279059548681));
#10564=CARTESIAN_POINT('Ctrl Pts',(9.04974138525411,75.,-20.7735441326121));
#10565=CARTESIAN_POINT('',(8.86246152151453,75.,-20.1971559791363));
#10566=CARTESIAN_POINT('Origin',(8.86246152151453,75.,-20.1971559791363));
#10567=CARTESIAN_POINT('Ctrl Pts',(9.04904573222135,74.9999170874181,-20.7714504431502));
#10568=CARTESIAN_POINT('Ctrl Pts',(8.9128115446095,74.3700168057475,-20.7115896672293));
#10569=CARTESIAN_POINT('Ctrl Pts',(8.77881338007282,73.7389960028842,-20.6592500389386));
#10570=CARTESIAN_POINT('Ctrl Pts',(8.64732495353709,73.1069390423748,-20.6152258278452));
#10571=CARTESIAN_POINT('Ctrl Pts',(7.45852162493569,70.0017665106451,-22.9364560283059));
#10572=CARTESIAN_POINT('Ctrl Pts',(7.59593870960641,72.5751920697345,-23.3689233417487));
#10573=CARTESIAN_POINT('Ctrl Pts',(7.73413438830883,75.163121081903,-23.8038260231938));
#10574=CARTESIAN_POINT('Ctrl Pts',(7.87226679479201,77.7497975624265,-24.2385165225793));
#10575=CARTESIAN_POINT('Ctrl Pts',(7.79903968417673,69.9444158288159,-22.5674518239988));
#10576=CARTESIAN_POINT('Ctrl Pts',(8.0801644023585,72.5020043252829,-23.0004747454088));
#10577=CARTESIAN_POINT('Ctrl Pts',(8.35504109977267,75.0637580767693,-23.4917691905281));
#10578=CARTESIAN_POINT('Ctrl Pts',(8.60724230298734,77.6080205363827,-24.0428100409843));
#10579=CARTESIAN_POINT('Ctrl Pts',(8.19588677040708,69.8866038532803,-21.7340828497089));
#10580=CARTESIAN_POINT('Ctrl Pts',(8.6854960056017,72.4392173407936,-22.0497585884079));
#10581=CARTESIAN_POINT('Ctrl Pts',(9.20438810848827,74.9782675065609,-22.4962057666679));
#10582=CARTESIAN_POINT('Ctrl Pts',(9.72799067018066,77.4796728272139,-23.0574344217188));
#10583=CARTESIAN_POINT('Ctrl Pts',(8.12607331881926,69.9203027619456,-20.8292923397859));
#10584=CARTESIAN_POINT('Ctrl Pts',(8.64865354765459,72.5135652941941,-20.9572108099608));
#10585=CARTESIAN_POINT('Ctrl Pts',(9.21673677677971,75.0916495138931,-21.2395314343992));
#10586=CARTESIAN_POINT('Ctrl Pts',(9.8169332522142,77.6424152372364,-21.6269396693026));
#10587=CARTESIAN_POINT('Ctrl Pts',(8.01428171003087,69.9499196022606,-20.4683335962003));
#10588=CARTESIAN_POINT('Ctrl Pts',(8.5184434124469,72.5665986490878,-20.5268907528242));
#10589=CARTESIAN_POINT('Ctrl Pts',(9.07289826942899,75.1680747468779,-20.7489092186841));
#10590=CARTESIAN_POINT('Ctrl Pts',(9.65851765748516,77.7484521319385,-21.0788813028722));
#10591=CARTESIAN_POINT('',(7.51802594797272,71.1161060252739,-23.1237220259469));
#10592=CARTESIAN_POINT('Ctrl Pts',(7.51801639654478,71.1159271479453,-23.1236919652437));
#10593=CARTESIAN_POINT('Ctrl Pts',(7.50956000544751,70.9575646973009,-23.0970789959891));
#10594=CARTESIAN_POINT('Ctrl Pts',(7.50181626276468,70.794706433233,-23.0688737874518));
#10595=CARTESIAN_POINT('Ctrl Pts',(7.49461076520581,70.6312273810367,-23.0398972000943));
#10596=CARTESIAN_POINT('Ctrl Pts',(7.48817013380487,70.4851016890395,-23.0139964879086));
#10597=CARTESIAN_POINT('Ctrl Pts',(7.48215890946141,70.338479947703,-22.987479748339));
#10598=CARTESIAN_POINT('Ctrl Pts',(7.47649265599213,70.1941160224644,-22.9609442783938));
#10599=CARTESIAN_POINT('Ctrl Pts',(7.47393157745398,70.1288652615135,-22.9489505645678));
#10600=CARTESIAN_POINT('Ctrl Pts',(7.47144160451802,70.0640755675969,-22.9369531581052));
#10601=CARTESIAN_POINT('Ctrl Pts',(7.46901835320703,70.0000002761558,-22.9250077331056));
#10602=CARTESIAN_POINT('Ctrl Pts',(7.72542485937369,75.,-23.7764129073788));
#10603=CARTESIAN_POINT('Ctrl Pts',(7.68092464457585,74.1666702519641,-23.6363716022641));
#10604=CARTESIAN_POINT('Ctrl Pts',(7.63642482388976,73.3333405137207,-23.4963301136428));
#10605=CARTESIAN_POINT('Ctrl Pts',(7.56729213240054,72.0387091957718,-23.2787663564356));
#10606=CARTESIAN_POINT('Ctrl Pts',(7.54265897524219,71.5774076088851,-23.2012442215734));
#10607=CARTESIAN_POINT('Ctrl Pts',(7.51802594797333,71.1161060252735,-23.1237220259488));
#10608=CARTESIAN_POINT('Origin',(4.70764731220581,75.,-24.5527606754084));
#10609=CARTESIAN_POINT('',(4.00095660341931,75.,-22.3777903151015));
#10610=CARTESIAN_POINT('Ctrl Pts',(4.1911320226861,73.3491925230989,-22.0211292627765));
#10611=CARTESIAN_POINT('Ctrl Pts',(4.12792963821904,73.8993684077537,-22.1405460381601));
#10612=CARTESIAN_POINT('Ctrl Pts',(4.06453819876171,74.4496377667565,-22.2594342991454));
#10613=CARTESIAN_POINT('Ctrl Pts',(4.0009861869356,74.9999855912249,-22.3778731420677));
#10614=CARTESIAN_POINT('',(4.70764731220581,75.,-24.5527606754084));
#10615=CARTESIAN_POINT('Origin',(3.82431666231726,75.,-21.8341484763641));
#10616=CARTESIAN_POINT('',(4.85250109664589,77.4698859960816,-24.2993024815791));
#10617=CARTESIAN_POINT('Ctrl Pts',(4.00095660341932,75.,-22.3777903151015));
#10618=CARTESIAN_POINT('Ctrl Pts',(4.02910720813735,75.,-22.4644289678037));
#10619=CARTESIAN_POINT('Ctrl Pts',(4.05820881314489,75.0186440483018,-22.5487160092368));
#10620=CARTESIAN_POINT('Ctrl Pts',(4.13041423634512,75.0963524628016,-22.7489407025171));
#10621=CARTESIAN_POINT('Ctrl Pts',(4.17353194579674,75.170779240353,-22.8605717126923));
#10622=CARTESIAN_POINT('Ctrl Pts',(4.29443885436272,75.4225495915765,-23.1614038785763));
#10623=CARTESIAN_POINT('Ctrl Pts',(4.37441555742258,75.6523511452785,-23.3424856144827));
#10624=CARTESIAN_POINT('Ctrl Pts',(4.56994569517097,76.2820476340992,-23.7659862949825));
#10625=CARTESIAN_POINT('Ctrl Pts',(4.70808099482948,76.8215600359755,-24.0383766794214));
#10626=CARTESIAN_POINT('Ctrl Pts',(4.85250109664585,77.4698859960816,-24.2993024815791));
#10627=CARTESIAN_POINT('Ctrl Pts',(4.85250109664589,77.4698859960816,-24.2993024815791));
#10628=CARTESIAN_POINT('Ctrl Pts',(4.90191870751205,78.3131117089029,-24.212660807112));
#10629=CARTESIAN_POINT('Ctrl Pts',(4.95132613063713,79.1567991684877,-24.1258570485989));
#10630=CARTESIAN_POINT('Ctrl Pts',(5.00066599061451,80.,-24.0389831258793));
#10631=CARTESIAN_POINT('Ctrl Pts',(7.72542485937369,75.,-23.7764129073788));
#10632=CARTESIAN_POINT('Ctrl Pts',(7.68216813687981,76.6666666666667,-23.6371623898172));
#10633=CARTESIAN_POINT('Ctrl Pts',(7.63891141438594,78.3333333333333,-23.4979118722556));
#10634=CARTESIAN_POINT('Ctrl Pts',(7.59565469189206,80.,-23.358661354694));
#10635=CARTESIAN_POINT('Ctrl Pts',(6.89187284572312,75.,-24.0353471560271));
#10636=CARTESIAN_POINT('Ctrl Pts',(6.85409880185099,76.6666666666667,-23.8944107395046));
#10637=CARTESIAN_POINT('Ctrl Pts',(6.81595942765529,78.3333333333333,-23.7535360949465));
#10638=CARTESIAN_POINT('Ctrl Pts',(6.77818538378317,80.,-23.612599678424));
#10639=CARTESIAN_POINT('Ctrl Pts',(5.93713287715595,75.,-24.2782415030583));
#10640=CARTESIAN_POINT('Ctrl Pts',(5.90269496883804,76.6666666666667,-24.1365391959229));
#10641=CARTESIAN_POINT('Ctrl Pts',(5.86810492643732,78.3333333333333,-23.9948331044862));
#10642=CARTESIAN_POINT('Ctrl Pts',(5.83366701811941,80.,-23.8531307973508));
#10643=CARTESIAN_POINT('Ctrl Pts',(4.89964610045759,75.,-24.5101838485317));
#10644=CARTESIAN_POINT('Ctrl Pts',(4.86783288813091,76.6666666666667,-24.3678821612489));
#10645=CARTESIAN_POINT('Ctrl Pts',(4.83601967580424,78.3333333333333,-24.225580473966));
#10646=CARTESIAN_POINT('Ctrl Pts',(4.80420646347757,80.,-24.0832787866832));
#10647=CARTESIAN_POINT('',(7.00359488465236,75.,-23.9885792018219));
#10648=CARTESIAN_POINT('Ctrl Pts',(4.85250109664586,77.4698859960816,-24.2993024815791));
#10649=CARTESIAN_POINT('Ctrl Pts',(5.13058381418724,76.8776253310702,-24.2902290133152));
#10650=CARTESIAN_POINT('Ctrl Pts',(5.54360004376357,76.1060826642484,-24.2653543755396));
#10651=CARTESIAN_POINT('Ctrl Pts',(6.17094534950904,75.4181741771016,-24.1714866296897));
#10652=CARTESIAN_POINT('Ctrl Pts',(6.34225981850133,75.2600502504766,-24.1423773311067));
#10653=CARTESIAN_POINT('Ctrl Pts',(6.60410958565029,75.103557821456,-24.0877988331625));
#10654=CARTESIAN_POINT('Ctrl Pts',(6.68582683611091,75.0644217117462,-24.0696171793568));
#10655=CARTESIAN_POINT('Ctrl Pts',(6.84668447027198,75.0137681928335,-24.0307145724477));
#10656=CARTESIAN_POINT('Ctrl Pts',(6.92473319909804,75.,-24.0105631162769));
#10657=CARTESIAN_POINT('Ctrl Pts',(7.00359488465236,75.,-23.9885792018219));
#10658=CARTESIAN_POINT('Ctrl Pts',(7.72542485937369,75.,-23.7764129073788));
#10659=CARTESIAN_POINT('Ctrl Pts',(7.69445487363762,75.,-23.7860334107858));
#10660=CARTESIAN_POINT('Ctrl Pts',(7.56293413256165,75.,-23.8266322484603));
#10661=CARTESIAN_POINT('Ctrl Pts',(7.42080097278084,75.,-23.8693610355341));
#10662=CARTESIAN_POINT('Ctrl Pts',(7.27592838081396,75.,-23.911727243482));
#10663=CARTESIAN_POINT('Ctrl Pts',(7.12839643595864,75.,-23.9537414712453));
#10664=CARTESIAN_POINT('Ctrl Pts',(7.01219226069637,75.,-23.9861825502901));
#10665=CARTESIAN_POINT('Ctrl Pts',(7.00359488465236,75.,-23.9885792018219));
#10666=CARTESIAN_POINT('Ctrl Pts',(7.00359488465225,75.,-23.988579201822));
#10667=CARTESIAN_POINT('Ctrl Pts',(6.94229595960264,73.7053686750782,-23.7686849440462));
#10668=CARTESIAN_POINT('Ctrl Pts',(6.88099703455303,72.4107373501564,-23.5487906862704));
#10669=CARTESIAN_POINT('Ctrl Pts',(6.81969810950341,71.1161060252346,-23.3288964284947));
#10670=CARTESIAN_POINT('Ctrl Pts',(7.25307900710541,75.,-23.9190316443822));
#10671=CARTESIAN_POINT('Ctrl Pts',(7.18985452508529,73.7053686750782,-23.6996741037334));
#10672=CARTESIAN_POINT('Ctrl Pts',(7.12661997674927,72.4107373501564,-23.4803195541985));
#10673=CARTESIAN_POINT('Ctrl Pts',(7.06339549472916,71.1161060252346,-23.2609620135498));
#10674=CARTESIAN_POINT('Ctrl Pts',(7.49389146572573,75.,-23.8483363438764));
#10675=CARTESIAN_POINT('Ctrl Pts',(7.42850576264957,73.7053686750782,-23.6296087749011));
#10676=CARTESIAN_POINT('Ctrl Pts',(7.36311035385162,72.4107373501564,-23.4108843664724));
#10677=CARTESIAN_POINT('Ctrl Pts',(7.29772465077547,71.1161060252346,-23.192156797497));
#10678=CARTESIAN_POINT('Ctrl Pts',(7.72542485937369,75.,-23.7764129073788));
#10679=CARTESIAN_POINT('Ctrl Pts',(7.65770470171193,73.7053686750782,-23.5584105609207));
#10680=CARTESIAN_POINT('Ctrl Pts',(7.58998454405017,72.4107373501564,-23.3404082144625));
#10681=CARTESIAN_POINT('Ctrl Pts',(7.52226438638841,71.1161060252346,-23.1224058680044));
#10682=CARTESIAN_POINT('Ctrl Pts',(7.00372259614819,74.9999919571332,-23.9886851067617));
#10683=CARTESIAN_POINT('Ctrl Pts',(7.17254079539569,73.7048641364187,-23.7046185032676));
#10684=CARTESIAN_POINT('Ctrl Pts',(7.34370599414541,72.4101708549353,-23.4168804277814));
#10685=CARTESIAN_POINT('Ctrl Pts',(7.51808647146476,71.1161077152233,-23.1237456705882));
#10686=CARTESIAN_POINT('Ctrl Pts',(6.66456662554919,77.6250333469674,-24.5598369058421));
#10687=CARTESIAN_POINT('Ctrl Pts',(6.98910837821958,75.0926596081466,-24.0127687037457));
#10688=CARTESIAN_POINT('Ctrl Pts',(7.32037572637012,72.5614411761121,-23.456126377323));
#10689=CARTESIAN_POINT('Ctrl Pts',(7.66485208996438,70.0328386105629,-22.8770278250394));
#10690=CARTESIAN_POINT('Ctrl Pts',(5.98450210462979,77.5122885250825,-24.7181428400905));
#10691=CARTESIAN_POINT('Ctrl Pts',(6.30560767061622,74.9775257601486,-24.1809512836033));
#10692=CARTESIAN_POINT('Ctrl Pts',(6.63229410634961,72.4434257802275,-23.6362639180982));
#10693=CARTESIAN_POINT('Ctrl Pts',(6.97135743856142,69.909835760844,-23.0772221039352));
#10694=CARTESIAN_POINT('Ctrl Pts',(4.66492241659486,77.413660331552,-24.4609979020138));
#10695=CARTESIAN_POINT('Ctrl Pts',(4.97111435819412,74.8766784063194,-23.9326431360621));
#10696=CARTESIAN_POINT('Ctrl Pts',(5.27851160296606,72.3393456372083,-23.4008432161005));
#10697=CARTESIAN_POINT('Ctrl Pts',(5.58880949291789,69.8010617747549,-22.8608023990403));
#10698=CARTESIAN_POINT('Ctrl Pts',(3.87275705296216,77.5404747305538,-23.4328430367674));
#10699=CARTESIAN_POINT('Ctrl Pts',(4.16860035270027,75.0063509739894,-22.897571529379));
#10700=CARTESIAN_POINT('Ctrl Pts',(4.4627942362083,72.4728365136017,-22.3567085133677));
#10701=CARTESIAN_POINT('Ctrl Pts',(4.75240915772495,69.9405864732737,-21.8035912707315));
#10702=CARTESIAN_POINT('Ctrl Pts',(3.69681485245595,77.6250333469675,-22.9395982847565));
#10703=CARTESIAN_POINT('Ctrl Pts',(3.99114814752084,75.0926596081466,-22.4004751291043));
#10704=CARTESIAN_POINT('Ctrl Pts',(4.28304216017543,72.5614411761121,-21.8545038592301));
#10705=CARTESIAN_POINT('Ctrl Pts',(4.56972516046389,70.0328386105629,-21.2939873717472));
#10706=CARTESIAN_POINT('Ctrl Pts',(25.4172572758861,77.6250333469674,-1.25102746547034));
#10707=CARTESIAN_POINT('Ctrl Pts',(24.9972534143839,75.0926596081466,-0.773316545253371));
#10708=CARTESIAN_POINT('Ctrl Pts',(24.5702223428538,72.5614411761121,-0.286250636504929));
#10709=CARTESIAN_POINT('Ctrl Pts',(24.1259159416386,70.0328386105629,0.220317147873263));
#10710=CARTESIAN_POINT('Ctrl Pts',(25.3576636719857,77.5122885250825,-1.94672648358507));
#10711=CARTESIAN_POINT('Ctrl Pts',(24.9459912185681,74.9775257601486,-1.47533562244574));
#10712=CARTESIAN_POINT('Ctrl Pts',(24.5289144107345,72.4434257802274,-0.996320706393043));
#10713=CARTESIAN_POINT('Ctrl Pts',(24.1020103823158,69.909835760844,-0.501098893714787));
#10714=CARTESIAN_POINT('Ctrl Pts',(24.7053452872436,77.4136563369259,-3.12226906006173));
#10715=CARTESIAN_POINT('Ctrl Pts',(24.2974685576646,74.8766744116933,-2.66779261702861));
#10716=CARTESIAN_POINT('Ctrl Pts',(23.886690047166,72.3393409616128,-2.21110611595142));
#10717=CARTESIAN_POINT('Ctrl Pts',(23.4689680303487,69.8010570991597,-1.7491134955927));
#10718=CARTESIAN_POINT('Ctrl Pts',(23.48270580989,77.5404747305538,-3.55793589363414));
#10719=CARTESIAN_POINT('Ctrl Pts',(23.0650529620921,75.0063509739894,-3.11116420322822));
#10720=CARTESIAN_POINT('Ctrl Pts',(22.6415725759367,72.4728365136017,-2.66423332968735));
#10721=CARTESIAN_POINT('Ctrl Pts',(22.2050227506254,69.9405864732737,-2.21787054350623));
#10722=CARTESIAN_POINT('Ctrl Pts',(22.9592330443774,77.6250333469675,-3.57284585915925));
#10723=CARTESIAN_POINT('Ctrl Pts',(22.5374504442942,75.0926596081466,-3.12632004376759));
#10724=CARTESIAN_POINT('Ctrl Pts',(22.108401120837,72.5614411761121,-2.6799979401333));
#10725=CARTESIAN_POINT('Ctrl Pts',(21.663908182013,70.0328386105629,-2.23413708433833));
#10726=CARTESIAN_POINT('',(22.8289229302716,70.,-1.93732869377139));
#10727=CARTESIAN_POINT('',(22.2383669250394,73.3492095279032,-2.81890275510227));
#10728=CARTESIAN_POINT('Ctrl Pts',(22.8289229302716,70.,-1.93732869377151));
#10729=CARTESIAN_POINT('Ctrl Pts',(22.6397594653042,71.0727993198058,-2.32803305722255));
#10730=CARTESIAN_POINT('Ctrl Pts',(22.4353706009872,72.231946170139,-2.62189908057144));
#10731=CARTESIAN_POINT('Ctrl Pts',(22.2383669250588,73.3492095358297,-2.81890275649986));
#10732=CARTESIAN_POINT('',(22.5189068836771,75.,-3.10998165482941));
#10733=CARTESIAN_POINT('Ctrl Pts',(22.2384695022205,73.3491925230989,-2.81889975669653));
#10734=CARTESIAN_POINT('Ctrl Pts',(22.3325109937187,73.8993684077537,-2.91591060929631));
#10735=CARTESIAN_POINT('Ctrl Pts',(22.4259914169495,74.4496377667565,-3.01293794394566));
#10736=CARTESIAN_POINT('Ctrl Pts',(22.5189947986123,74.9999855912249,-3.10997911417363));
#10737=CARTESIAN_POINT('',(24.6095152706194,77.4698859960816,-2.89389462997082));
#10738=CARTESIAN_POINT('Ctrl Pts',(22.5189068836771,75.0000000000001,-3.10998165482941));
#10739=CARTESIAN_POINT('Ctrl Pts',(22.6100041541524,75.0000000000001,-3.10998165482941));
#10740=CARTESIAN_POINT('Ctrl Pts',(22.6991587846575,75.0186440483018,-3.10835051196075));
#10741=CARTESIAN_POINT('Ctrl Pts',(22.9118964867798,75.0963524628016,-3.10155190663144));
#10742=CARTESIAN_POINT('Ctrl Pts',(23.0313879914066,75.170779240353,-3.09504040733315));
#10743=CARTESIAN_POINT('Ctrl Pts',(23.354858672566,75.4225495915765,-3.07301335578915));
#10744=CARTESIAN_POINT('Ctrl Pts',(23.5517917978814,75.6523511452785,-3.05290832495825));
#10745=CARTESIAN_POINT('Ctrl Pts',(24.0149870152029,76.2820476340992,-2.99781702072436));
#10746=CARTESIAN_POINT('Ctrl Pts',(24.3167318204172,76.8215600359755,-2.95061580174968));
#10747=CARTESIAN_POINT('Ctrl Pts',(24.6095152706194,77.4698859960816,-2.89389462997084));
#10748=CARTESIAN_POINT('',(24.9787244076302,75.,-0.752064091732358));
#10749=CARTESIAN_POINT('Ctrl Pts',(24.6095152706194,77.4698859960816,-2.89389462997084));
#10750=CARTESIAN_POINT('Ctrl Pts',(24.6868181750638,76.8776253310702,-2.6266183934926));
#10751=CARTESIAN_POINT('Ctrl Pts',(24.7907900226087,76.1060826642484,-2.22612993121678));
#10752=CARTESIAN_POINT('Ctrl Pts',(24.8953768520649,75.4181741771016,-1.60048236152911));
#10753=CARTESIAN_POINT('Ctrl Pts',(24.9206313462637,75.2600502504766,-1.42855735150185));
#10754=CARTESIAN_POINT('Ctrl Pts',(24.9496401381664,75.103557821456,-1.16265774077224));
#10755=CARTESIAN_POINT('Ctrl Pts',(24.9576003769634,75.0644217117462,-1.07932157721614));
#10756=CARTESIAN_POINT('Ctrl Pts',(24.9703095417924,75.0137681928335,-0.914315309391047));
#10757=CARTESIAN_POINT('Ctrl Pts',(24.9752627516849,75.,-0.833859414834275));
#10758=CARTESIAN_POINT('Ctrl Pts',(24.9787244076302,75.,-0.752064091732359));
#10759=CARTESIAN_POINT('',(24.3151642958499,71.1161060252739,0.00444448827563434));
#10760=CARTESIAN_POINT('Ctrl Pts',(24.9788645942359,74.9999919571333,-0.751975357307874));
#10761=CARTESIAN_POINT('Ctrl Pts',(24.7608688924482,73.7048641364188,-0.503638300830112));
#10762=CARTESIAN_POINT('Ctrl Pts',(24.54010667603,72.4101708549354,-0.251934567942142));
#10763=CARTESIAN_POINT('Ctrl Pts',(24.3152054860277,71.1161077152233,0.00449474294138928));
#10764=CARTESIAN_POINT('',(24.1110327651147,70.,0.0192426183973747));
#10765=CARTESIAN_POINT('Ctrl Pts',(24.3151327548687,71.1159271479448,0.00444469359598466));
#10766=CARTESIAN_POINT('Ctrl Pts',(24.2872091643273,70.9575647871692,0.00462604740611468));
#10767=CARTESIAN_POINT('Ctrl Pts',(24.2579914861761,70.7947066180734,0.00597719779769633));
#10768=CARTESIAN_POINT('Ctrl Pts',(24.2282065103341,70.6312276593431,0.00807861832732542));
#10769=CARTESIAN_POINT('Ctrl Pts',(24.2015832094665,70.4851019909229,0.00995697308263429));
#10770=CARTESIAN_POINT('Ctrl Pts',(24.1745067256649,70.3384802715536,0.0124340811968655));
#10771=CARTESIAN_POINT('Ctrl Pts',(24.1475190297196,70.194116365363,0.0152450643495521));
#10772=CARTESIAN_POINT('Ctrl Pts',(24.1353208918808,70.1288654884366,0.0165155974112998));
#10773=CARTESIAN_POINT('Ctrl Pts',(24.1231412149721,70.064075679709,0.0178548973167977));
#10774=CARTESIAN_POINT('Ctrl Pts',(24.1110315937645,70.0000002759508,0.0192415903086773));
#10775=CARTESIAN_POINT('Ctrl Pts',(24.1105807822658,70.0001082595222,0.0194059925079188));
#10776=CARTESIAN_POINT('Ctrl Pts',(24.102652788481,70.000194038717,-0.0693442235027499));
#10777=CARTESIAN_POINT('Ctrl Pts',(24.0898631362274,70.0003171705167,-0.157479064705003));
#10778=CARTESIAN_POINT('Ctrl Pts',(24.072393653532,70.0004417453825,-0.24467912386952));
#10779=CARTESIAN_POINT('Ctrl Pts',(24.0549251629054,70.0005663131739,-0.331874231057664));
#10780=CARTESIAN_POINT('Ctrl Pts',(24.0327769675659,70.0006922492289,-0.418135494608812));
#10781=CARTESIAN_POINT('Ctrl Pts',(24.0060833209378,70.0007952119117,-0.503127248912094));
#10782=CARTESIAN_POINT('Ctrl Pts',(23.9823432556582,70.0008867820462,-0.578714890552087));
#10783=CARTESIAN_POINT('Ctrl Pts',(23.9550071377269,70.0009603014049,-0.653298595690952));
#10784=CARTESIAN_POINT('Ctrl Pts',(23.9241416466786,70.0010070864463,-0.726623267034846));
#10785=CARTESIAN_POINT('Ctrl Pts',(23.8894861912024,70.0010596162089,-0.808951452874904));
#10786=CARTESIAN_POINT('Ctrl Pts',(23.8505885039187,70.0010764897503,-0.889202192727695));
#10787=CARTESIAN_POINT('Ctrl Pts',(23.8076536793951,70.0010545167593,-0.967059718774211));
#10788=CARTESIAN_POINT('Ctrl Pts',(23.7648298483394,70.001032600572,-1.04471597051906));
#10789=CARTESIAN_POINT('Ctrl Pts',(23.7179892663096,70.0009719765332,-1.11999218436939));
#10790=CARTESIAN_POINT('Ctrl Pts',(23.6672901143642,70.0008815188471,-1.19255354999247));
#10791=CARTESIAN_POINT('Ctrl Pts',(23.6177847080248,70.0007931910481,-1.2634064094954));
#10792=CARTESIAN_POINT('Ctrl Pts',(23.564599769863,70.0006763982182,-1.33167140954292));
#10793=CARTESIAN_POINT('Ctrl Pts',(23.5078467834376,70.0005514296179,-1.39700569743966));
#10794=CARTESIAN_POINT('Ctrl Pts',(23.4729407082394,70.0004745673481,-1.43718972492416));
#10795=CARTESIAN_POINT('Ctrl Pts',(23.4366842078892,70.0003948488134,-1.47626444599892));
#10796=CARTESIAN_POINT('Ctrl Pts',(23.3990974956219,70.0003194002676,-1.51414240659009));
#10797=CARTESIAN_POINT('Ctrl Pts',(23.334548554479,70.0001898299101,-1.57919151839922));
#10798=CARTESIAN_POINT('Ctrl Pts',(23.2664231950467,70.0000723416945,-1.64036586278622));
#10799=CARTESIAN_POINT('Ctrl Pts',(23.1949084350378,70.0000134716377,-1.69730763923877));
#10800=CARTESIAN_POINT('Ctrl Pts',(23.1264219348762,69.9999570944067,-1.75183824217634));
#10801=CARTESIAN_POINT('Ctrl Pts',(23.054826167997,69.9999545506424,-1.80248757137482));
#10802=CARTESIAN_POINT('Ctrl Pts',(22.9804983163471,69.9999713246138,-1.8491578115987));
#10803=CARTESIAN_POINT('Ctrl Pts',(22.9561185346748,69.999976826532,-1.86446580506273));
#10804=CARTESIAN_POINT('Ctrl Pts',(22.9314445856804,69.9999845078668,-1.8793453681512));
#10805=CARTESIAN_POINT('Ctrl Pts',(22.9064891785023,69.9999934375757,-1.89379203683758));
#10806=CARTESIAN_POINT('Ctrl Pts',(22.881152600252,70.0000025036778,-1.90845936520519));
#10807=CARTESIAN_POINT('Ctrl Pts',(22.8555594417075,70.0000128199032,-1.92266105708206));
#10808=CARTESIAN_POINT('Ctrl Pts',(22.829724867507,70.0000235940064,-1.93639552445023));
#10809=CARTESIAN_POINT('Ctrl Pts',(24.9787244076302,75.,-0.752064091732467));
#10810=CARTESIAN_POINT('Ctrl Pts',(24.7506501312994,73.7053686750782,-0.742411771224612));
#10811=CARTESIAN_POINT('Ctrl Pts',(24.5225758549686,72.4107373501564,-0.732759450716758));
#10812=CARTESIAN_POINT('Ctrl Pts',(24.2945015786378,71.1161060252346,-0.723107130208903));
#10813=CARTESIAN_POINT('Ctrl Pts',(24.9896755835994,75.,-0.493299214195074));
#10814=CARTESIAN_POINT('Ctrl Pts',(24.7615167257622,73.7053686750782,-0.485644061904922));
#10815=CARTESIAN_POINT('Ctrl Pts',(24.5333576019806,72.4107373501564,-0.477999407555128));
#10816=CARTESIAN_POINT('Ctrl Pts',(24.3051987441433,71.1161060252346,-0.470344255264976));
#10817=CARTESIAN_POINT('Ctrl Pts',(24.9968554995528,75.,-0.242426906940411));
#10818=CARTESIAN_POINT('Ctrl Pts',(24.7686279263457,73.7053686750782,-0.237021869971829));
#10819=CARTESIAN_POINT('Ctrl Pts',(24.5404003597642,72.4107373501564,-0.231627040355844));
#10820=CARTESIAN_POINT('Ctrl Pts',(24.3121727865571,71.1161060252346,-0.226222003387262));
#10821=CARTESIAN_POINT('Ctrl Pts',(25.,75.,3.05311331771918E-15));
#10822=CARTESIAN_POINT('Ctrl Pts',(24.7717407682541,73.7053686750782,0.00296073264043487));
#10823=CARTESIAN_POINT('Ctrl Pts',(24.5434815365082,72.4107373501564,0.00592146528086675));
#10824=CARTESIAN_POINT('Ctrl Pts',(24.3152223047623,71.1161060252346,0.00888219792129857));
#10825=CARTESIAN_POINT('',(25.,75.,-3.06161699786838E-15));
#10826=CARTESIAN_POINT('Ctrl Pts',(25.,75.,3.07046055247895E-15));
#10827=CARTESIAN_POINT('Ctrl Pts',(24.9995793905472,75.,-0.0324271057910532));
#10828=CARTESIAN_POINT('Ctrl Pts',(24.9975490355663,75.,-0.170056494412609));
#10829=CARTESIAN_POINT('Ctrl Pts',(24.9942649651098,75.,-0.318437083558614));
#10830=CARTESIAN_POINT('Ctrl Pts',(24.9897895303124,75.,-0.469310984424402));
#10831=CARTESIAN_POINT('Ctrl Pts',(24.9841575572304,75.,-0.622605312325154));
#10832=CARTESIAN_POINT('Ctrl Pts',(24.9791017918781,75.,-0.743146895169719));
#10833=CARTESIAN_POINT('Ctrl Pts',(24.9787244076302,75.,-0.752064091732358));
#10834=CARTESIAN_POINT('Ctrl Pts',(25.,75.,3.20464671602113E-15));
#10835=CARTESIAN_POINT('Ctrl Pts',(24.8530614815943,74.1666702519641,0.000952923934882186));
#10836=CARTESIAN_POINT('Ctrl Pts',(24.7061229104507,73.3333405137207,0.00190627939895876));
#10837=CARTESIAN_POINT('Ctrl Pts',(24.4778443049121,72.0387091957718,0.0033880810061901));
#10838=CARTESIAN_POINT('Ctrl Pts',(24.3965043092072,71.5774076088851,0.00391621348647291));
#10839=CARTESIAN_POINT('Ctrl Pts',(24.315164295852,71.1161060252735,0.00444448827561584));
#10840=CARTESIAN_POINT('Ctrl Pts',(25.,75.,3.05311331771918E-15));
#10841=CARTESIAN_POINT('Ctrl Pts',(24.854197825504,76.6666666666667,0.0018911886006764));
#10842=CARTESIAN_POINT('Ctrl Pts',(24.708395651008,78.3333333333333,0.00378237720134959));
#10843=CARTESIAN_POINT('Ctrl Pts',(24.5625934765119,80.,0.00567356580202294));
#10844=CARTESIAN_POINT('Ctrl Pts',(24.9886793665554,75.,-0.872770157511331));
#10845=CARTESIAN_POINT('Ctrl Pts',(24.8429680477356,76.6666666666667,-0.865143660250975));
#10846=CARTESIAN_POINT('Ctrl Pts',(24.6972025842666,78.3333333333333,-0.857883701362235));
#10847=CARTESIAN_POINT('Ctrl Pts',(24.5514912654468,80.,-0.850257204101879));
#10848=CARTESIAN_POINT('Ctrl Pts',(24.9246547425744,75.,-1.85584030705482));
#10849=CARTESIAN_POINT('Ctrl Pts',(24.7792459410783,76.6666666666667,-1.84480428312117));
#10850=CARTESIAN_POINT('Ctrl Pts',(24.6337865284807,78.3333333333333,-1.8339117778849));
#10851=CARTESIAN_POINT('Ctrl Pts',(24.4883777269846,80.,-1.82287575395125));
#10852=CARTESIAN_POINT('Ctrl Pts',(24.8246439762027,75.,-2.91422299307034));
#10853=CARTESIAN_POINT('Ctrl Pts',(24.6794762059779,76.6666666666667,-2.90050551625927));
#10854=CARTESIAN_POINT('Ctrl Pts',(24.5343084357532,78.3333333333333,-2.8867880394482));
#10855=CARTESIAN_POINT('Ctrl Pts',(24.3891406655284,80.,-2.87307056263713));
#10856=CARTESIAN_POINT('',(24.4077223212694,80.,-2.67253833719981));
#10857=CARTESIAN_POINT('Ctrl Pts',(24.6095152706194,77.4698859960816,-2.89389462997081));
#10858=CARTESIAN_POINT('Ctrl Pts',(24.5423850231138,78.3131117089029,-2.82012193930538));
#10859=CARTESIAN_POINT('Ctrl Pts',(24.475097476335,79.1567991684877,-2.74630885103277));
#10860=CARTESIAN_POINT('Ctrl Pts',(24.4077223212694,80.,-2.67253833719981));
#10861=CARTESIAN_POINT('',(24.5625565183939,80.,0.00283819734222347));
#10862=CARTESIAN_POINT('Ctrl Pts',(24.4077355138534,80.,-2.67251346036838));
#10863=CARTESIAN_POINT('Ctrl Pts',(24.4961343576272,80.,-1.70007911062841));
#10864=CARTESIAN_POINT('Ctrl Pts',(24.5520693317023,80.,-0.797640916289056));
#10865=CARTESIAN_POINT('Ctrl Pts',(24.5625565143506,80.,0.00283818328667991));
#10866=CARTESIAN_POINT('Ctrl Pts',(25.,75.,3.20464671602113E-15));
#10867=CARTESIAN_POINT('Ctrl Pts',(24.9270926991345,75.8333342621458,0.000472817561905207));
#10868=CARTESIAN_POINT('Ctrl Pts',(24.8541853849639,76.6666685230672,0.000945741382916919));
#10869=CARTESIAN_POINT('Ctrl Pts',(24.7083708913491,78.3333351897571,0.00189180547752822));
#10870=CARTESIAN_POINT('Ctrl Pts',(24.635463711905,79.1666675955255,0.00236494575065964));
#10871=CARTESIAN_POINT('Ctrl Pts',(24.5625565183939,80.,0.00283819734222347));
#10872=CARTESIAN_POINT('Origin',(21.9472880267293,75.,-3.10998165482941));
#10873=CARTESIAN_POINT('',(21.9472880267293,75.,-3.10998165482941));
#10874=CARTESIAN_POINT('',(24.8058060563777,75.,-3.10998165482941));
#10875=CARTESIAN_POINT('',(22.3847313443589,80.,-2.67253833719979));
#10876=CARTESIAN_POINT('',(21.9672562699481,75.2282380643853,-3.09001341161059));
#10877=CARTESIAN_POINT('',(24.8058060563777,80.,-2.67253833719979));
#10878=CARTESIAN_POINT('Origin',(24.8058060563777,75.,-3.10998165482941));
#10879=CARTESIAN_POINT('',(21.9891239519275,74.7627366780164,-3.06814572963118));
#10880=CARTESIAN_POINT('Ctrl Pts',(24.1186759014557,70.0017665106451,0.00572088984318528));
#10881=CARTESIAN_POINT('Ctrl Pts',(24.5724409724706,72.5751920697329,0.00277255430404702));
#10882=CARTESIAN_POINT('Ctrl Pts',(25.0287628148817,75.1631210819031,-0.000187864407957796));
#10883=CARTESIAN_POINT('Ctrl Pts',(25.4848633079712,77.7497975624265,-0.00314289071407025));
#10884=CARTESIAN_POINT('Ctrl Pts',(23.8729579156063,69.9444158288158,0.443601379127225));
#10885=CARTESIAN_POINT('Ctrl Pts',(24.3716595021752,72.5020043252816,0.577155432576014));
#10886=CARTESIAN_POINT('Ctrl Pts',(24.9238498564844,75.0637580767694,0.686760374045633));
#10887=CARTESIAN_POINT('Ctrl Pts',(25.5258553058507,77.6080205363827,0.756336984394647));
#10888=CARTESIAN_POINT('Ctrl Pts',(23.2030129443512,69.8866027203763,1.0785553698175));
#10889=CARTESIAN_POINT('Ctrl Pts',(23.6545359869551,72.4392162078887,1.44665225541765));
#10890=CARTESIAN_POINT('Ctrl Pts',(24.2395009524862,74.9782595884309,1.8022005542821));
#10891=CARTESIAN_POINT('Ctrl Pts',(24.935063211865,77.4796649090838,2.12674699038759));
#10892=CARTESIAN_POINT('Ctrl Pts',(22.3209289626221,69.9203027619456,1.29174966795748));
#10893=CARTESIAN_POINT('Ctrl Pts',(22.6040728288709,72.5135652941938,1.74922401869979));
#10894=CARTESIAN_POINT('Ctrl Pts',(23.0481230704466,75.0916495138931,2.20226140474325));
#10895=CARTESIAN_POINT('Ctrl Pts',(23.6020411075911,77.6424152372364,2.65336644541666));
#10896=CARTESIAN_POINT('Ctrl Pts',(21.9430912904771,69.9499196022606,1.29697191598835));
#10897=CARTESIAN_POINT('Ctrl Pts',(22.1545769898196,72.5665986490878,1.75836303179849));
#10898=CARTESIAN_POINT('Ctrl Pts',(22.5370650719347,75.1680747468779,2.21707345750704));
#10899=CARTESIAN_POINT('Ctrl Pts',(23.0318535159421,77.7484521319385,2.6720636109032));
#10900=CARTESIAN_POINT('',(24.6986147639904,77.5536975520131,1.96401775898169));
#10901=CARTESIAN_POINT('Ctrl Pts',(25.,75.,-4.18068357710411E-15));
#10902=CARTESIAN_POINT('Ctrl Pts',(24.9919962239822,75.0914835785031,0.214583282043504));
#10903=CARTESIAN_POINT('Ctrl Pts',(24.9746974158021,75.256004935769,0.415249211060948));
#10904=CARTESIAN_POINT('Ctrl Pts',(24.9565197919456,75.4199156732364,0.580152128678774));
#10905=CARTESIAN_POINT('Ctrl Pts',(24.9195375613289,75.7533907600482,0.91564579808553));
#10906=CARTESIAN_POINT('Ctrl Pts',(24.8660544711908,76.2018649153031,1.22149317185116));
#10907=CARTESIAN_POINT('Ctrl Pts',(24.7796687498025,76.9066180533164,1.63936931508646));
#10908=CARTESIAN_POINT('Ctrl Pts',(24.7399152476735,77.2253442198806,1.807042040375));
#10909=CARTESIAN_POINT('Ctrl Pts',(24.6986147639904,77.5536975520131,1.96401775898169));
#10910=CARTESIAN_POINT('',(22.5533383966074,74.9999999999997,2.18743734485669));
#10911=CARTESIAN_POINT('Ctrl Pts',(24.6986147639904,77.5536975520131,1.96401775898169));
#10912=CARTESIAN_POINT('Ctrl Pts',(24.508001932608,77.1475940351455,1.99954721292562));
#10913=CARTESIAN_POINT('Ctrl Pts',(24.3044340729905,76.7533989342444,2.03403481547193));
#10914=CARTESIAN_POINT('Ctrl Pts',(23.8560050198036,76.0083443729723,2.09921864329152));
#10915=CARTESIAN_POINT('Ctrl Pts',(23.5682436881292,75.6000455260303,2.13494016372965));
#10916=CARTESIAN_POINT('Ctrl Pts',(23.1480999529258,75.2313567066187,2.16719625579692));
#10917=CARTESIAN_POINT('Ctrl Pts',(23.0267542708537,75.1433779541544,2.17489339926869));
#10918=CARTESIAN_POINT('Ctrl Pts',(22.8408629207749,75.0566382596537,2.1824821392152));
#10919=CARTESIAN_POINT('Ctrl Pts',(22.7826092618099,75.0352603760692,2.18435246167903));
#10920=CARTESIAN_POINT('Ctrl Pts',(22.6670285812481,75.0073697729228,2.18679257327324));
#10921=CARTESIAN_POINT('Ctrl Pts',(22.6104977991504,75.,2.18743734485674));
#10922=CARTESIAN_POINT('Ctrl Pts',(22.5533383966075,75.,2.18743734485674));
#10923=CARTESIAN_POINT('',(22.2810628313011,73.1070690189856,1.85366254028496));
#10924=CARTESIAN_POINT('Ctrl Pts',(22.5511322109924,74.9999170874181,2.1874227251315));
#10925=CARTESIAN_POINT('Ctrl Pts',(22.4521025507953,74.3700168057475,2.07635431031711));
#10926=CARTESIAN_POINT('Ctrl Pts',(22.3609168961922,73.7389960028842,1.96508831738399));
#10927=CARTESIAN_POINT('Ctrl Pts',(22.2784152249938,73.1069390423748,1.85363962190161));
#10928=CARTESIAN_POINT('',(22.8289229302716,70.,1.1428866214529));
#10929=CARTESIAN_POINT('Ctrl Pts',(22.2810628313011,73.1070690189854,1.85366254028493));
#10930=CARTESIAN_POINT('Ctrl Pts',(22.4648471351946,72.0647764375829,1.6698782363914));
#10931=CARTESIAN_POINT('Ctrl Pts',(22.6475337091849,71.0287093918239,1.42633128573091));
#10932=CARTESIAN_POINT('Ctrl Pts',(22.8289229302716,70.,1.14288662145289));
#10933=CARTESIAN_POINT('Ctrl Pts',(22.8291286182316,69.9999897511264,1.14284412043325));
#10934=CARTESIAN_POINT('Ctrl Pts',(22.9051707351076,69.9999803023024,1.11375248239178));
#10935=CARTESIAN_POINT('Ctrl Pts',(22.9797571621902,69.9999739914142,1.08086351192449));
#10936=CARTESIAN_POINT('Ctrl Pts',(23.0525775151882,69.9999861635732,1.04420352390275));
#10937=CARTESIAN_POINT('Ctrl Pts',(23.1108638317145,69.9999959063206,1.0148604133888));
#10938=CARTESIAN_POINT('Ctrl Pts',(23.1680183856784,70.0000176721319,0.983100450979172));
#10939=CARTESIAN_POINT('Ctrl Pts',(23.2239255804095,70.0000418429283,0.949014378548602));
#10940=CARTESIAN_POINT('Ctrl Pts',(23.2987096764088,70.0000741749237,0.903419243161317));
#10941=CARTESIAN_POINT('Ctrl Pts',(23.3709010476909,70.0001097947643,0.853884433070013));
#10942=CARTESIAN_POINT('Ctrl Pts',(23.4402745187509,70.0001357665907,0.800706163532369));
#10943=CARTESIAN_POINT('Ctrl Pts',(23.5100556382797,70.0001618910313,0.747215410853541));
#10944=CARTESIAN_POINT('Ctrl Pts',(23.5769864117592,70.0001783053135,0.690037698289826));
#10945=CARTESIAN_POINT('Ctrl Pts',(23.6408102854378,70.0001798968059,0.629430705780216));
#10946=CARTESIAN_POINT('Ctrl Pts',(23.6734162129378,70.0001807098573,0.598468197711389));
#10947=CARTESIAN_POINT('Ctrl Pts',(23.7052107542211,70.0001777786186,0.566610025981099));
#10948=CARTESIAN_POINT('Ctrl Pts',(23.7361559797612,70.0001711548923,0.533886900173437));
#10949=CARTESIAN_POINT('Ctrl Pts',(23.7963142920237,70.0001582781984,0.470272304183724));
#10950=CARTESIAN_POINT('Ctrl Pts',(23.8530351996828,70.0001311178144,0.403634077776998));
#10951=CARTESIAN_POINT('Ctrl Pts',(23.9060899048977,70.0001004993131,0.334242856028243));
#10952=CARTESIAN_POINT('Ctrl Pts',(23.9587077438322,70.0000701329325,0.265423019697842));
#10953=CARTESIAN_POINT('Ctrl Pts',(24.0077201474888,70.000036428502,0.193894742454271));
#10954=CARTESIAN_POINT('Ctrl Pts',(24.0528693487236,70.0000165282075,0.119885428616657));
#10955=CARTESIAN_POINT('Ctrl Pts',(24.0730366671873,70.0000076391116,0.0868268282289729));
#10956=CARTESIAN_POINT('Ctrl Pts',(24.0924326619858,70.0000015866096,0.0532727645324684));
#10957=CARTESIAN_POINT('Ctrl Pts',(24.1110315937645,70.0000002759508,0.0192415903086803));
#10958=CARTESIAN_POINT('Origin',(21.9472880267293,75.,2.18743734485674));
#10959=CARTESIAN_POINT('',(21.9472880267293,75.,2.18743734485674));
#10960=CARTESIAN_POINT('',(21.9472880267293,75.,2.18743734485674));
#10961=CARTESIAN_POINT('',(22.0248185592346,74.5603025005376,2.10990681235148));
#10962=CARTESIAN_POINT('Origin',(24.9041184919749,75.,2.18743734485674));
#10963=CARTESIAN_POINT('',(24.5001369726646,80.,1.74999402722713));
#10964=CARTESIAN_POINT('Ctrl Pts',(24.6986147639904,77.5536975520131,1.96401775898169));
#10965=CARTESIAN_POINT('Ctrl Pts',(24.5993758683257,78.7817832173483,1.85657418542618));
#10966=CARTESIAN_POINT('Ctrl Pts',(24.5001369726653,79.9999999999917,1.74999402722785));
#10967=CARTESIAN_POINT('',(22.3847313443589,80.,1.74999402722713));
#10968=CARTESIAN_POINT('',(21.9472880267293,80.,1.74999402722712));
#10969=CARTESIAN_POINT('',(21.9584335883491,75.1273943522578,2.17629178323696));
#10970=CARTESIAN_POINT('Origin',(0.,75.,0.));
#10971=CARTESIAN_POINT('Origin',(0.,80.,0.));
#10972=CARTESIAN_POINT('Origin',(21.9472880267293,75.,-3.10998165482941));
#10973=CARTESIAN_POINT('',(22.8289229302716,70.,-3.10998165482941));
#10974=CARTESIAN_POINT('',(21.9472880267293,75.,-3.10998165482941));
#10975=CARTESIAN_POINT('Origin',(23.4736440133646,70.,-0.461272154986333));
#10976=CARTESIAN_POINT('Origin',(21.9472880267293,75.,2.18743734485674));
#10977=CARTESIAN_POINT('',(22.3847313443589,80.,-3.10998165482941));
#10978=CARTESIAN_POINT('Origin',(23.4736440133646,80.,-0.461272154986333));
#10979=CARTESIAN_POINT('Origin',(0.,10.,0.));
#10980=CARTESIAN_POINT('',(25.,10.,-3.06161699786838E-15));
#10981=CARTESIAN_POINT('Origin',(0.,10.,0.));
#10982=CARTESIAN_POINT('Origin',(0.,100.,0.));
#10983=CARTESIAN_POINT('',(25.,75.,-3.06161699786838E-15));
#10984=CARTESIAN_POINT('',(23.7764129073788,75.,-7.72542485937368));
#10985=CARTESIAN_POINT('Origin',(0.,75.,0.));
#10986=CARTESIAN_POINT('',(20.2254248593737,75.,-14.6946313073118));
#10987=CARTESIAN_POINT('Origin',(0.,75.,0.));
#10988=CARTESIAN_POINT('',(14.6946313073118,75.,-20.2254248593737));
#10989=CARTESIAN_POINT('Origin',(0.,75.,0.));
#10990=CARTESIAN_POINT('',(7.72542485937369,75.,-23.7764129073788));
#10991=CARTESIAN_POINT('Origin',(0.,75.,0.));
#10992=CARTESIAN_POINT('',(-1.50053580671994E-15,75.,-25.));
#10993=CARTESIAN_POINT('Origin',(0.,75.,0.));
#10994=CARTESIAN_POINT('',(-7.72542485937369,75.,-23.7764129073788));
#10995=CARTESIAN_POINT('Origin',(0.,75.,0.));
#10996=CARTESIAN_POINT('',(-14.6946313073118,75.,-20.2254248593737));
#10997=CARTESIAN_POINT('Origin',(0.,75.,0.));
#10998=CARTESIAN_POINT('',(-20.2254248593737,75.,-14.6946313073118));
#10999=CARTESIAN_POINT('Origin',(0.,75.,0.));
#11000=CARTESIAN_POINT('',(-23.7764129073788,75.,-7.72542485937369));
#11001=CARTESIAN_POINT('Origin',(0.,75.,0.));
#11002=CARTESIAN_POINT('',(-25.,75.,-3.02726922142532E-17));
#11003=CARTESIAN_POINT('Origin',(0.,75.,0.));
#11004=CARTESIAN_POINT('',(-23.7764129073788,75.,7.72542485937368));
#11005=CARTESIAN_POINT('Origin',(0.,75.,0.));
#11006=CARTESIAN_POINT('',(-20.2254248593737,75.,14.6946313073118));
#11007=CARTESIAN_POINT('Origin',(0.,75.,0.));
#11008=CARTESIAN_POINT('',(-14.6946313073118,75.,20.2254248593737));
#11009=CARTESIAN_POINT('Origin',(0.,75.,0.));
#11010=CARTESIAN_POINT('',(-7.72542485937369,75.,23.7764129073788));
#11011=CARTESIAN_POINT('Origin',(0.,75.,0.));
#11012=CARTESIAN_POINT('',(-1.56108119114844E-15,75.,25.));
#11013=CARTESIAN_POINT('Origin',(0.,75.,0.));
#11014=CARTESIAN_POINT('',(7.72542485937368,75.,23.7764129073788));
#11015=CARTESIAN_POINT('Origin',(0.,75.,0.));
#11016=CARTESIAN_POINT('',(14.6946313073118,75.,20.2254248593737));
#11017=CARTESIAN_POINT('Origin',(0.,75.,0.));
#11018=CARTESIAN_POINT('',(20.2254248593737,75.,14.6946313073118));
#11019=CARTESIAN_POINT('Origin',(0.,75.,0.));
#11020=CARTESIAN_POINT('',(23.7764129073788,75.,7.72542485937369));
#11021=CARTESIAN_POINT('Origin',(0.,75.,0.));
#11022=CARTESIAN_POINT('Origin',(0.,75.,0.));
#11023=CARTESIAN_POINT('',(25.,100.,3.06161699786838E-15));
#11024=CARTESIAN_POINT('Origin',(0.,0.,0.));
#11025=CARTESIAN_POINT('',(-30.,75.,-3.67394039744206E-15));
#11026=CARTESIAN_POINT('Origin',(0.,75.,0.));
#11027=CARTESIAN_POINT('',(-30.,0.,3.67394039744206E-15));
#11028=CARTESIAN_POINT('',(-30.,0.,3.67394039744206E-15));
#11029=CARTESIAN_POINT('Origin',(0.,0.,0.));
#11030=CARTESIAN_POINT('Origin',(0.,0.,0.));
#11031=CARTESIAN_POINT('Origin',(0.,75.,0.));
#11032=UNCERTAINTY_MEASURE_WITH_UNIT(LENGTH_MEASURE(0.01),#11036,
'DISTANCE_ACCURACY_VALUE',
'Maximum model space distance between geometric entities at asserted c
onnectivities');
#11033=UNCERTAINTY_MEASURE_WITH_UNIT(LENGTH_MEASURE(0.01),#11036,
'DISTANCE_ACCURACY_VALUE',
'Maximum model space distance between geometric entities at asserted c
onnectivities');
#11034=(
GEOMETRIC_REPRESENTATION_CONTEXT(3)
GLOBAL_UNCERTAINTY_ASSIGNED_CONTEXT((#11032))
GLOBAL_UNIT_ASSIGNED_CONTEXT((#11036,#11038,#11039))
REPRESENTATION_CONTEXT('','3D')
);
#11035=(
GEOMETRIC_REPRESENTATION_CONTEXT(3)
GLOBAL_UNCERTAINTY_ASSIGNED_CONTEXT((#11033))
GLOBAL_UNIT_ASSIGNED_CONTEXT((#11036,#11038,#11039))
REPRESENTATION_CONTEXT('','3D')
);
#11036=(
LENGTH_UNIT()
NAMED_UNIT(*)
SI_UNIT(.MILLI.,.METRE.)
);
#11037=(
LENGTH_UNIT()
NAMED_UNIT(*)
SI_UNIT($,.METRE.)
);
#11038=(
NAMED_UNIT(*)
PLANE_ANGLE_UNIT()
SI_UNIT($,.RADIAN.)
);
#11039=(
NAMED_UNIT(*)
SI_UNIT($,.STERADIAN.)
SOLID_ANGLE_UNIT()
);
#11040=SHAPE_DEFINITION_REPRESENTATION(#11041,#11042);
#11041=PRODUCT_DEFINITION_SHAPE('',$,#11044);
#11042=SHAPE_REPRESENTATION('',(#4450),#11034);
#11043=PRODUCT_DEFINITION_CONTEXT('part definition',#11048,'design');
#11044=PRODUCT_DEFINITION('2026-08-02-11-46-30-755',
'mall trash can with ash tray on top v10',#11045,#11043);
#11045=PRODUCT_DEFINITION_FORMATION('',$,#11050);
#11046=PRODUCT_RELATED_PRODUCT_CATEGORY(
'mall trash can with ash tray on top v10',
'mall trash can with ash tray on top v10',(#11050));
#11047=APPLICATION_PROTOCOL_DEFINITION('international standard',
'automotive_design',2009,#11048);
#11048=APPLICATION_CONTEXT(
'Core Data for Automotive Mechanical Design Process');
#11049=PRODUCT_CONTEXT('part definition',#11048,'mechanical');
#11050=PRODUCT('2026-08-02-11-46-30-755',
'mall trash can with ash tray on top v10',$,(#11049));
#11051=PRESENTATION_STYLE_ASSIGNMENT((#11053));
#11052=PRESENTATION_STYLE_ASSIGNMENT((#11054));
#11053=SURFACE_STYLE_USAGE(.BOTH.,#11055);
#11054=SURFACE_STYLE_USAGE(.BOTH.,#11056);
#11055=SURFACE_SIDE_STYLE('',(#11057));
#11056=SURFACE_SIDE_STYLE('',(#11058));
#11057=SURFACE_STYLE_FILL_AREA(#11059);
#11058=SURFACE_STYLE_FILL_AREA(#11060);
#11059=FILL_AREA_STYLE('Steel - Satin',(#11061));
#11060=FILL_AREA_STYLE('Aluminum - Polished',(#11062));
#11061=FILL_AREA_STYLE_COLOUR('Steel - Satin',#11063);
#11062=FILL_AREA_STYLE_COLOUR('Aluminum - Polished',#11064);
#11063=COLOUR_RGB('Steel - Satin',0.627450980392157,0.627450980392157,0.627450980392157);
#11064=COLOUR_RGB('Aluminum - Polished',0.96078431372549,0.96078431372549,
0.964705882352941);
ENDSEC;
END-ISO-10303-21;
