# WaveFront *.obj file (generated by Autodesk ATF)

mtllib 2efdd3cb-1c52-4f3d-91e4-fdc2f0366055.mtl

g Body1

v 30.000000 112.000000 -0.000000
v 29.630650 112.000000 -4.693034
v 28.531695 112.000000 -9.270510
v 26.730196 112.000000 -13.619715
v 24.270510 112.000000 -17.633558
v 21.213203 112.000000 -21.213203
v 17.633558 112.000000 -24.270510
v 13.619715 112.000000 -26.730196
v 9.270510 112.000000 -28.531695
v 4.693034 112.000000 -29.630650
v -0.000000 112.000000 -30.000000
v -4.693034 112.000000 -29.630650
v -9.270510 112.000000 -28.531695
v -13.619715 112.000000 -26.730196
v -17.633558 112.000000 -24.270510
v -21.213203 112.000000 -21.213203
v -24.270510 112.000000 -17.633558
v -26.730196 112.000000 -13.619715
v -28.531695 112.000000 -9.270510
v -29.630650 112.000000 -4.693034
v -30.000000 112.000000 0.000000
v -29.630650 112.000000 4.693034
v -28.531695 112.000000 9.270510
v -26.730196 112.000000 13.619715
v -24.270510 112.000000 17.633558
v -21.213203 112.000000 21.213203
v -17.633558 112.000000 24.270510
v -13.619715 112.000000 26.730196
v -9.270510 112.000000 28.531695
v -4.693034 112.000000 29.630650
v -0.000000 112.000000 30.000000
v 4.693034 112.000000 29.630650
v 9.270510 112.000000 28.531695
v 13.619715 112.000000 26.730196
v 17.633558 112.000000 24.270510
v 21.213203 112.000000 21.213203
v 24.270510 112.000000 17.633558
v 26.730196 112.000000 13.619715
v 28.531695 112.000000 9.270510
v 29.630650 112.000000 4.693034
v 29.000000 113.000000 0.000000
v 28.642962 113.000000 4.536599
v 27.580639 113.000000 8.961493
v 25.839189 113.000000 13.165724
v 23.461493 113.000000 17.045772
v 20.506097 113.000000 20.506097
v 17.045772 113.000000 23.461493
v 13.165724 113.000000 25.839189
v 8.961493 113.000000 27.580639
v 4.536599 113.000000 28.642962
v -0.000000 113.000000 29.000000
v -4.536599 113.000000 28.642962
v -8.961493 113.000000 27.580639
v -13.165724 113.000000 25.839189
v -17.045772 113.000000 23.461493
v -20.506097 113.000000 20.506097
v -23.461493 113.000000 17.045772
v -25.839189 113.000000 13.165724
v -27.580639 113.000000 8.961493
v -28.642962 113.000000 4.536599
v -29.000000 113.000000 0.000000
v -28.642962 113.000000 -4.536599
v -27.580639 113.000000 -8.961493
v -25.839189 113.000000 -13.165724
v -23.461493 113.000000 -17.045772
v -20.506097 113.000000 -20.506097
v -17.045772 113.000000 -23.461493
v -13.165724 113.000000 -25.839189
v -8.961493 113.000000 -27.580639
v -4.536599 113.000000 -28.642962
v -0.000000 113.000000 -29.000000
v 4.536599 113.000000 -28.642962
v 8.961493 113.000000 -27.580639
v 13.165724 113.000000 -25.839189
v 17.045772 113.000000 -23.461493
v 20.506097 113.000000 -20.506097
v 23.461493 113.000000 -17.045772
v 25.839189 113.000000 -13.165724
v 27.580639 113.000000 -8.961493
v 28.642962 113.000000 -4.536599
v 0.000000 112.258819 -29.965926
v 0.000000 112.500000 -29.866025
v 0.000000 112.707107 -29.707107
v 0.000000 112.866025 -29.500000
v 0.000000 112.965926 -29.258819
v 29.596996 112.258819 -4.687704
v 29.498325 112.500000 -4.672076
v 29.341363 112.707107 -4.647215
v 29.136806 112.866025 -4.614817
v 28.898594 112.965926 -4.577088
v 29.258819 112.965926 0.000000
v 29.500000 112.866025 0.000000
v 29.707107 112.707107 0.000000
v 29.866025 112.500000 0.000000
v 29.965926 112.258819 0.000000
v 28.499289 112.258819 -9.259980
v 28.404278 112.500000 -9.229109
v 28.253137 112.707107 -9.180001
v 28.056167 112.866025 -9.116001
v 27.826791 112.965926 -9.041472
v 26.699835 112.258819 -13.604246
v 26.610823 112.500000 -13.558892
v 26.469226 112.707107 -13.486744
v 26.284692 112.866025 -13.392720
v 26.069799 112.965926 -13.283226
v 24.242943 112.258819 -17.613529
v 24.162122 112.500000 -17.554809
v 24.033554 112.707107 -17.461399
v 23.866001 112.866025 -17.339665
v 23.670882 112.965926 -17.197902
v 21.189109 112.258819 -21.189109
v 21.118469 112.500000 -21.118469
v 21.006097 112.707107 -21.006097
v 20.859650 112.866025 -20.859650
v 20.689109 112.965926 -20.689109
v 17.613529 112.258819 -24.242943
v 17.554809 112.500000 -24.162122
v 17.461399 112.707107 -24.033554
v 17.339665 112.866025 -23.866001
v 17.197902 112.965926 -23.670882
v 13.604246 112.258819 -26.699835
v 13.558892 112.500000 -26.610823
v 13.486744 112.707107 -26.469226
v 13.392720 112.866025 -26.284692
v 13.283226 112.965926 -26.069799
v 9.259980 112.258819 -28.499289
v 9.229109 112.500000 -28.404278
v 9.180001 112.707107 -28.253137
v 9.116001 112.866025 -28.056167
v 9.041472 112.965926 -27.826791
v 4.687704 112.258819 -29.596996
v 4.672076 112.500000 -29.498325
v 4.647215 112.707107 -29.341363
v 4.614817 112.866025 -29.136806
v 4.577088 112.965926 -28.898594
v -4.687704 112.258819 -29.596996
v -4.672076 112.500000 -29.498325
v -4.647215 112.707107 -29.341363
v -4.614817 112.866025 -29.136806
v -4.577088 112.965926 -28.898594
v -9.259980 112.258819 -28.499289
v -9.229109 112.500000 -28.404278
v -9.180001 112.707107 -28.253137
v -9.116001 112.866025 -28.056167
v -9.041472 112.965926 -27.826791
v -13.604246 112.258819 -26.699835
v -13.558892 112.500000 -26.610823
v -13.486744 112.707107 -26.469226
v -13.392720 112.866025 -26.284692
v -13.283226 112.965926 -26.069799
v -17.613529 112.258819 -24.242943
v -17.554809 112.500000 -24.162122
v -17.461399 112.707107 -24.033554
v -17.339665 112.866025 -23.866001
v -17.197902 112.965926 -23.670882
v -21.189109 112.258819 -21.189109
v -21.118469 112.500000 -21.118469
v -21.006097 112.707107 -21.006097
v -20.859650 112.866025 -20.859650
v -20.689109 112.965926 -20.689109
v -24.242943 112.258819 -17.613529
v -24.162122 112.500000 -17.554809
v -24.033554 112.707107 -17.461399
v -23.866001 112.866025 -17.339665
v -23.670882 112.965926 -17.197902
v -26.699835 112.258819 -13.604246
v -26.610823 112.500000 -13.558892
v -26.469226 112.707107 -13.486744
v -26.284692 112.866025 -13.392720
v -26.069799 112.965926 -13.283226
v -28.499289 112.258819 -9.259980
v -28.404278 112.500000 -9.229109
v -28.253137 112.707107 -9.180001
v -28.056167 112.866025 -9.116001
v -27.826791 112.965926 -9.041472
v -29.596996 112.258819 -4.687704
v -29.498325 112.500000 -4.672076
v -29.341363 112.707107 -4.647215
v -29.136806 112.866025 -4.614817
v -28.898594 112.965926 -4.577088
v -29.965926 112.258819 0.000000
v -29.866025 112.500000 0.000000
v -29.707107 112.707107 0.000000
v -29.500000 112.866025 0.000000
v -29.258819 112.965926 0.000000
v -29.596996 112.258819 4.687704
v -29.498325 112.500000 4.672076
v -29.341363 112.707107 4.647215
v -29.136806 112.866025 4.614817
v -28.898594 112.965926 4.577088
v -28.499289 112.258819 9.259980
v -28.404278 112.500000 9.229109
v -28.253137 112.707107 9.180001
v -28.056167 112.866025 9.116001
v -27.826791 112.965926 9.041472
v -26.699835 112.258819 13.604246
v -26.610823 112.500000 13.558892
v -26.469226 112.707107 13.486744
v -26.284692 112.866025 13.392720
v -26.069799 112.965926 13.283226
v -24.242943 112.258819 17.613529
v -24.162122 112.500000 17.554809
v -24.033554 112.707107 17.461399
v -23.866001 112.866025 17.339665
v -23.670882 112.965926 17.197902
v -21.189109 112.258819 21.189109
v -21.118469 112.500000 21.118469
v -21.006097 112.707107 21.006097
v -20.859650 112.866025 20.859650
v -20.689109 112.965926 20.689109
v -17.613529 112.258819 24.242943
v -17.554809 112.500000 24.162122
v -17.461399 112.707107 24.033554
v -17.339665 112.866025 23.866001
v -17.197902 112.965926 23.670882
v -13.604246 112.258819 26.699835
v -13.558892 112.500000 26.610823
v -13.486744 112.707107 26.469226
v -13.392720 112.866025 26.284692
v -13.283226 112.965926 26.069799
v -9.259980 112.258819 28.499289
v -9.229109 112.500000 28.404278
v -9.180001 112.707107 28.253137
v -9.116001 112.866025 28.056167
v -9.041472 112.965926 27.826791
v -4.687704 112.258819 29.596996
v -4.672076 112.500000 29.498325
v -4.647215 112.707107 29.341363
v -4.614817 112.866025 29.136806
v -4.577088 112.965926 28.898594
v -0.000000 112.258819 29.965926
v -0.000000 112.500000 29.866025
v -0.000000 112.707107 29.707107
v -0.000000 112.866025 29.500000
v -0.000000 112.965926 29.258819
v 4.687704 112.258819 29.596996
v 4.672076 112.500000 29.498325
v 4.647215 112.707107 29.341363
v 4.614817 112.866025 29.136806
v 4.577088 112.965926 28.898594
v 9.259980 112.258819 28.499289
v 9.229109 112.500000 28.404278
v 9.180001 112.707107 28.253137
v 9.116001 112.866025 28.056167
v 9.041472 112.965926 27.826791
v 13.604246 112.258819 26.699835
v 13.558892 112.500000 26.610823
v 13.486744 112.707107 26.469226
v 13.392720 112.866025 26.284692
v 13.283226 112.965926 26.069799
v 17.613529 112.258819 24.242943
v 17.554809 112.500000 24.162122
v 17.461399 112.707107 24.033554
v 17.339665 112.866025 23.866001
v 17.197902 112.965926 23.670882
v 21.189109 112.258819 21.189109
v 21.118469 112.500000 21.118469
v 21.006097 112.707107 21.006097
v 20.859650 112.866025 20.859650
v 20.689109 112.965926 20.689109
v 24.242943 112.258819 17.613529
v 24.162122 112.500000 17.554809
v 24.033554 112.707107 17.461399
v 23.866001 112.866025 17.339665
v 23.670882 112.965926 17.197902
v 26.699835 112.258819 13.604246
v 26.610823 112.500000 13.558892
v 26.469226 112.707107 13.486744
v 26.284692 112.866025 13.392720
v 26.069799 112.965926 13.283226
v 28.499289 112.258819 9.259980
v 28.404278 112.500000 9.229109
v 28.253137 112.707107 9.180001
v 28.056167 112.866025 9.116001
v 27.826791 112.965926 9.041472
v 29.596996 112.258819 4.687704
v 29.498325 112.500000 4.672076
v 29.341363 112.707107 4.647215
v 29.136806 112.866025 4.614817
v 28.898594 112.965926 4.577088
v 22.049607 113.000000 -0.000000
v 21.695261 113.000000 3.937109
v 20.643611 113.000000 7.747677
v 18.928459 113.000000 11.309227
v 16.604930 113.000000 14.507290
v 13.747705 113.000000 17.239077
v 10.448618 113.000000 19.416785
v 6.813703 113.000000 20.970422
v 2.959791 113.000000 21.850053
v -0.989252 113.000000 22.027404
v -4.906499 113.000000 21.496777
v -8.666047 113.000000 20.275226
v -12.147062 113.000000 18.402012
v -15.237660 113.000000 15.937343
v -17.838507 113.000000 12.960434
v -19.866009 113.000000 9.566966
v -21.255002 113.000000 5.866008
v -21.960842 113.000000 1.976512
v -21.960842 113.000000 -1.976512
v -21.255002 113.000000 -5.866008
v -19.866009 113.000000 -9.566966
v -17.838507 113.000000 -12.960434
v -15.237660 113.000000 -15.937343
v -12.147062 113.000000 -18.402012
v -8.666047 113.000000 -20.275226
v -4.906499 113.000000 -21.496777
v -0.989252 113.000000 -22.027404
v 2.959791 113.000000 -21.850053
v 6.813703 113.000000 -20.970422
v 10.448618 113.000000 -19.416785
v 13.747705 113.000000 -17.239077
v 16.604930 113.000000 -14.507290
v 18.928459 113.000000 -11.309227
v 20.643611 113.000000 -7.747677
v 21.695261 113.000000 -3.937109
v -30.000000 75.000000 -0.000000
v -29.630650 75.000000 4.693034
v -28.531695 75.000000 9.270510
v -26.730196 75.000000 13.619715
v -24.270510 75.000000 17.633558
v -21.213203 75.000000 21.213203
v -17.633558 75.000000 24.270510
v -13.619715 75.000000 26.730196
v -9.270510 75.000000 28.531695
v -4.693034 75.000000 29.630650
v 0.000000 75.000000 30.000000
v 4.693034 75.000000 29.630650
v 9.270510 75.000000 28.531695
v 13.619715 75.000000 26.730196
v 17.633558 75.000000 24.270510
v 21.213203 75.000000 21.213203
v 24.270510 75.000000 17.633558
v 26.730196 75.000000 13.619715
v 28.531695 75.000000 9.270510
v 29.630650 75.000000 4.693034
v 30.000000 75.000000 0.000000
v 29.630650 75.000000 -4.693034
v 28.531695 75.000000 -9.270510
v 26.730196 75.000000 -13.619715
v 24.270510 75.000000 -17.633558
v 21.213203 75.000000 -21.213203
v 17.633558 75.000000 -24.270510
v 13.619715 75.000000 -26.730196
v 9.270510 75.000000 -28.531695
v 4.693034 75.000000 -29.630650
v 0.000000 75.000000 -30.000000
v -4.693034 75.000000 -29.630650
v -9.270510 75.000000 -28.531695
v -13.619715 75.000000 -26.730196
v -17.633558 75.000000 -24.270510
v -21.213203 75.000000 -21.213203
v -24.270510 75.000000 -17.633558
v -26.730196 75.000000 -13.619715
v -28.531695 75.000000 -9.270510
v -29.630650 75.000000 -4.693034
v -20.000000 100.000000 22.360680
v -16.535508 100.000000 25.031519
v -12.719434 100.000000 27.170131
v -8.632914 100.000000 28.731042
v -4.362839 100.000000 29.681065
v -0.000000 100.000000 30.000000
v 4.362839 100.000000 29.681065
v 8.632914 100.000000 28.731042
v 12.719434 100.000000 27.170131
v 16.535508 100.000000 25.031519
v 20.000000 100.000000 22.360680
v 20.000000 85.000000 22.360680
v 16.535508 85.000000 25.031519
v 12.719434 85.000000 27.170131
v 8.632914 85.000000 28.731042
v 4.362839 85.000000 29.681065
v 0.000000 85.000000 30.000000
v -4.362839 85.000000 29.681065
v -8.632914 85.000000 28.731042
v -12.719434 85.000000 27.170131
v -16.535508 85.000000 25.031519
v -20.000000 85.000000 22.360680
v -20.000000 100.000000 15.000000
v -22.253198 100.000000 11.392769
v -23.862334 100.000000 7.455803
v -24.780837 100.000000 3.303049
v -24.982122 100.000000 -0.945304
v -24.460363 100.000000 -5.166298
v -23.230663 100.000000 -9.237766
v -21.328610 100.000000 -13.041871
v -18.809256 100.000000 -16.468512
v -15.745516 100.000000 -19.418515
v -12.226063 100.000000 -21.806499
v -8.352758 100.000000 -23.563349
v -4.237704 100.000000 -24.638220
v 0.000000 100.000000 -25.000000
v 4.237704 100.000000 -24.638220
v 8.352758 100.000000 -23.563349
v 12.226063 100.000000 -21.806499
v 15.745516 100.000000 -19.418515
v 18.809256 100.000000 -16.468512
v 21.328610 100.000000 -13.041871
v 23.230663 100.000000 -9.237766
v 24.460363 100.000000 -5.166298
v 24.982122 100.000000 -0.945304
v 24.780837 100.000000 3.303049
v 23.862334 100.000000 7.455803
v 22.253198 100.000000 11.392769
v 20.000000 100.000000 15.000000
v -20.000000 85.000000 15.000000
v 20.000000 85.000000 15.000000
v 17.199393 85.000000 18.143342
v 13.911040 85.000000 20.772168
v 10.228191 85.000000 22.811929
v 6.255287 85.000000 24.204780
v 2.104994 85.000000 24.911222
v -2.104994 85.000000 24.911222
v -6.255287 85.000000 24.204780
v -10.228191 85.000000 22.811929
v -13.911040 85.000000 20.772168
v -17.199393 85.000000 18.143342
v -12.251648 110.000000 -0.000000
v -11.895637 110.000000 2.932011
v -10.848296 110.000000 5.693625
v -9.170490 110.000000 8.124345
v -6.959729 110.000000 10.082909
v -4.344494 110.000000 11.455490
v -1.476773 110.000000 12.162320
v 1.476773 110.000000 12.162320
v 4.344494 110.000000 11.455490
v 6.959729 110.000000 10.082909
v 9.170490 110.000000 8.124345
v 10.848296 110.000000 5.693625
v 11.895637 110.000000 2.932011
v 12.251648 110.000000 0.000000
v 11.895637 110.000000 -2.932011
v 10.848296 110.000000 -5.693625
v 9.170490 110.000000 -8.124345
v 6.959729 110.000000 -10.082909
v 4.344494 110.000000 -11.455490
v 1.476773 110.000000 -12.162320
v -1.476773 110.000000 -12.162320
v -4.344494 110.000000 -11.455490
v -6.959729 110.000000 -10.082909
v -9.170490 110.000000 -8.124345
v -10.848296 110.000000 -5.693625
v -11.895637 110.000000 -2.932011
v -19.004578 111.355405 -0.000000
v -15.695453 110.342197 -0.000000
v -14.927263 110.342197 4.850162
v -11.098362 110.342197 11.098362
v -4.850162 110.342197 14.927263
v 4.850162 110.342197 14.927263
v 11.098362 110.342197 11.098362
v 14.927263 110.342197 4.850162
v 14.927263 110.342197 -4.850162
v 11.098362 110.342197 -11.098362
v 4.850162 110.342197 -14.927263
v -4.850162 110.342197 -14.927263
v -11.098362 110.342197 -11.098362
v -14.927263 110.342197 -4.850162
v 18.770600 111.355405 -2.972971
v 15.502216 110.342197 -2.455310
v 15.695453 110.342197 -0.000000
v 19.004578 111.355405 -0.000000
v 18.074428 111.355405 -5.872738
v 16.933203 111.355405 -8.627898
v 13.984751 110.342197 -7.125587
v 15.375026 111.355405 -11.170611
v 12.697889 110.342197 -9.225556
v 13.438266 111.355405 -13.438266
v 11.170611 111.355405 -15.375026
v 9.225556 110.342197 -12.697889
v 8.627898 111.355405 -16.933203
v 7.125587 110.342197 -13.984751
v 2.972971 111.355405 -18.770600
v 2.455310 110.342197 -15.502216
v 5.872738 111.355405 -18.074428
v 0.000000 111.355405 -19.004578
v 0.000000 110.342197 -15.695453
v -2.972971 111.355405 -18.770600
v -2.455310 110.342197 -15.502216
v -5.872738 111.355405 -18.074428
v -8.627898 111.355405 -16.933203
v -7.125587 110.342197 -13.984751
v -11.170611 111.355405 -15.375026
v -9.225556 110.342197 -12.697889
v -13.438266 111.355405 -13.438266
v -16.933203 111.355405 -8.627898
v -13.984751 110.342197 -7.125587
v -12.697889 110.342197 -9.225556
v -15.375026 111.355405 -11.170611
v -18.074428 111.355405 -5.872738
v -18.770600 111.355405 -2.972971
v -15.502216 110.342197 -2.455310
v -18.770600 111.355405 2.972971
v -15.502216 110.342197 2.455310
v -18.074428 111.355405 5.872738
v -16.933203 111.355405 8.627898
v -13.984751 110.342197 7.125587
v -13.438266 111.355405 13.438266
v -12.697889 110.342197 9.225556
v -15.375026 111.355405 11.170611
v -11.170611 111.355405 15.375026
v -9.225556 110.342197 12.697889
v -8.627898 111.355405 16.933203
v -7.125587 110.342197 13.984751
v -5.872738 111.355405 18.074428
v -2.972971 111.355405 18.770600
v -2.455310 110.342197 15.502216
v 0.000000 111.355405 19.004578
v 0.000000 110.342197 15.695453
v 2.972971 111.355405 18.770600
v 2.455310 110.342197 15.502216
v 8.627898 111.355405 16.933203
v 7.125587 110.342197 13.984751
v 5.872738 111.355405 18.074428
v 11.170611 111.355405 15.375026
v 9.225556 110.342197 12.697889
v 13.438266 111.355405 13.438266
v 15.375026 111.355405 11.170611
v 12.697889 110.342197 9.225556
v 16.933203 111.355405 8.627898
v 13.984751 110.342197 7.125587
v 18.074428 111.355405 5.872738
v 18.770600 111.355405 2.972971
v 15.502216 110.342197 2.455310
v 25.000000 75.000000 -0.000000
v 24.640398 75.000000 4.225021
v 23.571936 75.000000 8.328495
v 21.825353 75.000000 12.192374
v 19.450894 75.000000 15.705500
v 16.516868 75.000000 18.766808
v 13.107682 75.000000 21.288228
v 9.321412 75.000000 23.197226
v 5.266982 75.000000 24.438881
v 1.061030 75.000000 24.977474
v -3.175445 75.000000 24.797511
v -7.320569 75.000000 23.904168
v -11.255094 75.000000 22.323146
v -14.865829 75.000000 20.099928
v -18.048902 75.000000 17.298472
v -20.712741 75.000000 13.999370
v -22.780712 75.000000 10.297531
v -24.193324 75.000000 6.299452
v -24.909937 75.000000 2.120148
v -24.909937 75.000000 -2.120148
v -24.193324 75.000000 -6.299452
v -22.780712 75.000000 -10.297531
v -20.712741 75.000000 -13.999370
v -18.048902 75.000000 -17.298472
v -14.865829 75.000000 -20.099928
v -11.255094 75.000000 -22.323146
v -7.320569 75.000000 -23.904168
v -3.175445 75.000000 -24.797511
v 1.061030 75.000000 -24.977474
v 5.266982 75.000000 -24.438881
v 9.321412 75.000000 -23.197226
v 13.107682 75.000000 -21.288228
v 16.516868 75.000000 -18.766808
v 19.450894 75.000000 -15.705500
v 21.825353 75.000000 -12.192374
v 23.571936 75.000000 -8.328495
v 24.640398 75.000000 -4.225021
vt -0.000000 5.133020 0.000000
vt -0.026180 5.133020 0.000000
vt -0.000000 4.666381 0.000000
vt -0.026180 4.666381 0.000000
vt -0.000000 4.199743 0.000000
vt -0.026180 4.199743 0.000000
vt -0.000000 3.733105 0.000000
vt -0.026180 3.733105 0.000000
vt -0.000000 3.266467 0.000000
vt -0.026180 3.266467 0.000000
vt -0.000000 2.799829 0.000000
vt -0.026180 2.799829 0.000000
vt -0.000000 2.333191 0.000000
vt -0.026180 2.333191 0.000000
vt -0.000000 1.866553 0.000000
vt -0.026180 1.866553 0.000000
vt -0.000000 1.399914 0.000000
vt -0.026180 1.399914 0.000000
vt -0.000000 0.933276 0.000000
vt -0.026180 0.933276 0.000000
vt -0.000000 0.466638 0.000000
vt -0.026180 0.466638 0.000000
vt -0.000000 -0.000000 0.000000
vt -0.026180 -0.000000 0.000000
vt -0.000000 -0.466638 0.000000
vt -0.026180 -0.466638 0.000000
vt -0.000000 -0.933276 0.000000
vt -0.026180 -0.933276 0.000000
vt -0.000000 -1.399914 0.000000
vt -0.026180 -1.399914 0.000000
vt -0.000000 -1.866553 0.000000
vt -0.026180 -1.866553 0.000000
vt -0.000000 -2.333191 0.000000
vt -0.026180 -2.333191 0.000000
vt -0.000000 -2.799829 0.000000
vt -0.026180 -2.799829 0.000000
vt -0.000000 -3.266467 0.000000
vt -0.026180 -3.266467 0.000000
vt -0.000000 -3.733105 0.000000
vt -0.026180 -3.733105 0.000000
vt -0.000000 -4.199743 0.000000
vt -0.026180 -4.199743 0.000000
vt -0.000000 -4.666381 0.000000
vt -0.026180 -4.666381 0.000000
vt -0.000000 -5.133020 0.000000
vt -0.026180 -5.133020 0.000000
vt -0.000000 -5.599658 0.000000
vt -0.026180 -5.599658 0.000000
vt -0.000000 -6.066296 0.000000
vt -0.026180 -6.066296 0.000000
vt -0.000000 -6.532934 0.000000
vt -0.026180 -6.532934 0.000000
vt -0.000000 -6.999572 0.000000
vt -0.026180 -6.999572 0.000000
vt -0.000000 -7.466210 0.000000
vt -0.026180 -7.466210 0.000000
vt -0.000000 -7.932848 0.000000
vt -0.026180 -7.932848 0.000000
vt -0.000000 -8.399487 0.000000
vt -0.026180 -8.399487 0.000000
vt -0.000000 -8.866125 0.000000
vt -0.026180 -8.866125 0.000000
vt -0.000000 -9.332763 0.000000
vt -0.026180 -9.332763 0.000000
vt -0.000000 9.332763 0.000000
vt -0.026180 9.332763 0.000000
vt -0.000000 8.866125 0.000000
vt -0.026180 8.866125 0.000000
vt -0.000000 8.399487 0.000000
vt -0.026180 8.399487 0.000000
vt -0.000000 7.932848 0.000000
vt -0.026180 7.932848 0.000000
vt -0.000000 7.466210 0.000000
vt -0.026180 7.466210 0.000000
vt -0.000000 6.999572 0.000000
vt -0.026180 6.999572 0.000000
vt -0.000000 6.532934 0.000000
vt -0.026180 6.532934 0.000000
vt -0.000000 6.066296 0.000000
vt -0.026180 6.066296 0.000000
vt -0.000000 5.599658 0.000000
vt -0.026180 5.599658 0.000000
vt -0.157080 4.199743 0.000000
vt -0.130900 4.199743 0.000000
vt -0.157080 4.666381 0.000000
vt -0.130900 4.666381 0.000000
vt -0.157080 5.133020 0.000000
vt -0.130900 5.133020 0.000000
vt -0.157080 5.599658 0.000000
vt -0.130900 5.599658 0.000000
vt -0.157080 6.066296 0.000000
vt -0.130900 6.066296 0.000000
vt -0.157080 6.532934 0.000000
vt -0.130900 6.532934 0.000000
vt -0.157080 6.999572 0.000000
vt -0.130900 6.999572 0.000000
vt -0.157080 7.466210 0.000000
vt -0.130900 7.466210 0.000000
vt -0.157080 7.932848 0.000000
vt -0.130900 7.932848 0.000000
vt -0.157080 8.399487 0.000000
vt -0.130900 8.399487 0.000000
vt -0.157080 8.866125 0.000000
vt -0.130900 8.866125 0.000000
vt -0.157080 9.332763 0.000000
vt -0.130900 9.332763 0.000000
vt -0.157080 -9.332763 0.000000
vt -0.130900 -9.332763 0.000000
vt -0.157080 -8.866125 0.000000
vt -0.130900 -8.866125 0.000000
vt -0.157080 -8.399487 0.000000
vt -0.130900 -8.399487 0.000000
vt -0.157080 -7.932848 0.000000
vt -0.130900 -7.932848 0.000000
vt -0.157080 -7.466210 0.000000
vt -0.130900 -7.466210 0.000000
vt -0.157080 -6.999572 0.000000
vt -0.130900 -6.999572 0.000000
vt -0.157080 -6.532934 0.000000
vt -0.130900 -6.532934 0.000000
vt -0.157080 -6.066296 0.000000
vt -0.130900 -6.066296 0.000000
vt -0.157080 -5.599658 0.000000
vt -0.130900 -5.599658 0.000000
vt -0.157080 -5.133020 0.000000
vt -0.130900 -5.133020 0.000000
vt -0.157080 -4.666381 0.000000
vt -0.130900 -4.666381 0.000000
vt -0.157080 -4.199743 0.000000
vt -0.130900 -4.199743 0.000000
vt -0.157080 -3.733105 0.000000
vt -0.130900 -3.733105 0.000000
vt -0.157080 -3.266467 0.000000
vt -0.130900 -3.266467 0.000000
vt -0.157080 -2.799829 0.000000
vt -0.130900 -2.799829 0.000000
vt -0.157080 -2.333191 0.000000
vt -0.130900 -2.333191 0.000000
vt -0.157080 -1.866553 0.000000
vt -0.130900 -1.866553 0.000000
vt -0.157080 -1.399914 0.000000
vt -0.130900 -1.399914 0.000000
vt -0.157080 -0.933276 0.000000
vt -0.130900 -0.933276 0.000000
vt -0.157080 -0.466638 0.000000
vt -0.130900 -0.466638 0.000000
vt -0.157080 -0.000000 0.000000
vt -0.130900 -0.000000 0.000000
vt -0.157080 0.466638 0.000000
vt -0.130900 0.466638 0.000000
vt -0.157080 0.933276 0.000000
vt -0.130900 0.933276 0.000000
vt -0.157080 1.399914 0.000000
vt -0.130900 1.399914 0.000000
vt -0.157080 1.866553 0.000000
vt -0.130900 1.866553 0.000000
vt -0.157080 2.333191 0.000000
vt -0.130900 2.333191 0.000000
vt -0.157080 2.799829 0.000000
vt -0.130900 2.799829 0.000000
vt -0.157080 3.266467 0.000000
vt -0.130900 3.266467 0.000000
vt -0.157080 3.733105 0.000000
vt -0.130900 3.733105 0.000000
vt -0.052360 9.332763 0.000000
vt -0.052360 8.866125 0.000000
vt -0.052360 8.399487 0.000000
vt -0.052360 7.932848 0.000000
vt -0.052360 7.466210 0.000000
vt -0.052360 6.999572 0.000000
vt -0.052360 6.532934 0.000000
vt -0.052360 6.066296 0.000000
vt -0.052360 5.599658 0.000000
vt -0.052360 5.133020 0.000000
vt -0.052360 4.666381 0.000000
vt -0.052360 4.199743 0.000000
vt -0.052360 3.733105 0.000000
vt -0.052360 3.266467 0.000000
vt -0.052360 2.799829 0.000000
vt -0.052360 2.333191 0.000000
vt -0.052360 1.866553 0.000000
vt -0.052360 1.399914 0.000000
vt -0.052360 0.933276 0.000000
vt -0.052360 0.466638 0.000000
vt -0.052360 -0.000000 0.000000
vt -0.052360 -0.466638 0.000000
vt -0.052360 -0.933276 0.000000
vt -0.052360 -1.399914 0.000000
vt -0.052360 -1.866553 0.000000
vt -0.052360 -2.333191 0.000000
vt -0.052360 -2.799829 0.000000
vt -0.052360 -3.266467 0.000000
vt -0.052360 -3.733105 0.000000
vt -0.052360 -4.199743 0.000000
vt -0.052360 -4.666381 0.000000
vt -0.052360 -5.133020 0.000000
vt -0.052360 -5.599658 0.000000
vt -0.052360 -6.066296 0.000000
vt -0.052360 -6.532934 0.000000
vt -0.052360 -6.999572 0.000000
vt -0.052360 -7.466210 0.000000
vt -0.052360 -7.932848 0.000000
vt -0.052360 -8.399487 0.000000
vt -0.052360 -8.866125 0.000000
vt -0.052360 -9.332763 0.000000
vt -0.078540 9.332763 0.000000
vt -0.078540 8.866125 0.000000
vt -0.078540 8.399487 0.000000
vt -0.078540 7.932848 0.000000
vt -0.078540 7.466210 0.000000
vt -0.078540 6.999572 0.000000
vt -0.078540 6.532934 0.000000
vt -0.078540 6.066296 0.000000
vt -0.078540 5.599658 0.000000
vt -0.078540 5.133020 0.000000
vt -0.078540 4.666381 0.000000
vt -0.078540 4.199743 0.000000
vt -0.078540 3.733105 0.000000
vt -0.078540 3.266467 0.000000
vt -0.078540 2.799829 0.000000
vt -0.078540 2.333191 0.000000
vt -0.078540 1.866553 0.000000
vt -0.078540 1.399914 0.000000
vt -0.078540 0.933276 0.000000
vt -0.078540 0.466638 0.000000
vt -0.078540 -0.000000 0.000000
vt -0.078540 -0.466638 0.000000
vt -0.078540 -0.933276 0.000000
vt -0.078540 -1.399914 0.000000
vt -0.078540 -1.866553 0.000000
vt -0.078540 -2.333191 0.000000
vt -0.078540 -2.799829 0.000000
vt -0.078540 -3.266467 0.000000
vt -0.078540 -3.733105 0.000000
vt -0.078540 -4.199743 0.000000
vt -0.078540 -4.666381 0.000000
vt -0.078540 -5.133020 0.000000
vt -0.078540 -5.599658 0.000000
vt -0.078540 -6.066296 0.000000
vt -0.078540 -6.532934 0.000000
vt -0.078540 -6.999572 0.000000
vt -0.078540 -7.466210 0.000000
vt -0.078540 -7.932848 0.000000
vt -0.078540 -8.399487 0.000000
vt -0.078540 -8.866125 0.000000
vt -0.078540 -9.332763 0.000000
vt -0.104720 9.332763 0.000000
vt -0.104720 8.866125 0.000000
vt -0.104720 8.399487 0.000000
vt -0.104720 7.932848 0.000000
vt -0.104720 7.466210 0.000000
vt -0.104720 6.999572 0.000000
vt -0.104720 6.532934 0.000000
vt -0.104720 6.066296 0.000000
vt -0.104720 5.599658 0.000000
vt -0.104720 5.133020 0.000000
vt -0.104720 4.666381 0.000000
vt -0.104720 4.199743 0.000000
vt -0.104720 3.733105 0.000000
vt -0.104720 3.266467 0.000000
vt -0.104720 2.799829 0.000000
vt -0.104720 2.333191 0.000000
vt -0.104720 1.866553 0.000000
vt -0.104720 1.399914 0.000000
vt -0.104720 0.933276 0.000000
vt -0.104720 0.466638 0.000000
vt -0.104720 -0.000000 0.000000
vt -0.104720 -0.466638 0.000000
vt -0.104720 -0.933276 0.000000
vt -0.104720 -1.399914 0.000000
vt -0.104720 -1.866553 0.000000
vt -0.104720 -2.333191 0.000000
vt -0.104720 -2.799829 0.000000
vt -0.104720 -3.266467 0.000000
vt -0.104720 -3.733105 0.000000
vt -0.104720 -4.199743 0.000000
vt -0.104720 -4.666381 0.000000
vt -0.104720 -5.133020 0.000000
vt -0.104720 -5.599658 0.000000
vt -0.104720 -6.066296 0.000000
vt -0.104720 -6.532934 0.000000
vt -0.104720 -6.999572 0.000000
vt -0.104720 -7.466210 0.000000
vt -0.104720 -7.932848 0.000000
vt -0.104720 -8.399487 0.000000
vt -0.104720 -8.866125 0.000000
vt -0.104720 -9.332763 0.000000
vt -2.169526 0.393711 0.000000
vt -2.864296 0.453660 0.000000
vt -2.204961 -0.000000 0.000000
vt -2.900000 0.000000 0.000000
vt -2.864296 -0.453660 0.000000
vt -2.758064 0.896149 0.000000
vt -2.064361 0.774768 0.000000
vt -2.583919 1.316572 0.000000
vt -1.892846 1.130923 0.000000
vt -2.346149 1.704577 0.000000
vt -1.660493 1.450729 0.000000
vt -2.050610 2.050610 0.000000
vt -1.374771 1.723908 0.000000
vt -1.704577 2.346149 0.000000
vt -1.044862 1.941679 0.000000
vt -1.316572 2.583919 0.000000
vt -0.681370 2.097042 0.000000
vt -0.896149 2.758064 0.000000
vt -0.453660 2.864296 0.000000
vt -0.295979 2.185005 0.000000
vt 0.000000 2.900000 0.000000
vt 0.098925 2.202740 0.000000
vt 0.453660 2.864296 0.000000
vt 0.490650 2.149678 0.000000
vt 0.896149 2.758064 0.000000
vt 0.866605 2.027523 0.000000
vt 1.316572 2.583919 0.000000
vt 1.214706 1.840201 0.000000
vt 1.704577 2.346149 0.000000
vt 1.523766 1.593734 0.000000
vt 2.050610 2.050610 0.000000
vt 1.783851 1.296043 0.000000
vt 2.346149 1.704577 0.000000
vt 2.583919 1.316572 0.000000
vt 1.986601 0.956697 0.000000
vt 2.758064 0.896149 0.000000
vt 2.125500 0.586601 0.000000
vt 2.864296 0.453660 0.000000
vt 2.196084 0.197651 0.000000
vt 2.900000 0.000000 0.000000
vt 2.196084 -0.197651 0.000000
vt 2.864296 -0.453660 0.000000
vt 2.125500 -0.586601 0.000000
vt 2.758064 -0.896149 0.000000
vt 1.986601 -0.956697 0.000000
vt 2.583919 -1.316572 0.000000
vt 1.783851 -1.296043 0.000000
vt 2.346149 -1.704577 0.000000
vt 2.050610 -2.050610 0.000000
vt 1.523766 -1.593734 0.000000
vt 1.704577 -2.346149 0.000000
vt 1.214706 -1.840201 0.000000
vt 1.316572 -2.583919 0.000000
vt 0.866605 -2.027523 0.000000
vt 0.896149 -2.758064 0.000000
vt 0.490650 -2.149678 0.000000
vt 0.453660 -2.864296 0.000000
vt 0.098925 -2.202740 0.000000
vt 0.000000 -2.900000 0.000000
vt -0.295979 -2.185005 0.000000
vt -0.453660 -2.864296 0.000000
vt -0.681370 -2.097042 0.000000
vt -0.896149 -2.758064 0.000000
vt -1.316572 -2.583919 0.000000
vt -1.044862 -1.941679 0.000000
vt -1.704577 -2.346149 0.000000
vt -1.374771 -1.723908 0.000000
vt -2.050610 -2.050610 0.000000
vt -1.660493 -1.450729 0.000000
vt -2.346149 -1.704577 0.000000
vt -1.892846 -1.130923 0.000000
vt -2.583919 -1.316572 0.000000
vt -2.064361 -0.774768 0.000000
vt -2.758064 -0.896149 0.000000
vt -2.169526 -0.393711 0.000000
vt -7.500000 -8.953539 0.000000
vt -11.200000 -8.953539 0.000000
vt -7.500000 -9.424778 0.000000
vt -11.200000 -9.424778 0.000000
vt -7.500000 9.424778 0.000000
vt -11.200000 9.424778 0.000000
vt -7.500000 8.953539 0.000000
vt -11.200000 8.953539 0.000000
vt -7.500000 8.482300 0.000000
vt -11.200000 8.482300 0.000000
vt -7.500000 8.011061 0.000000
vt -11.200000 8.011061 0.000000
vt -7.500000 7.539822 0.000000
vt -11.200000 7.539822 0.000000
vt -7.500000 7.068583 0.000000
vt -11.200000 7.068583 0.000000
vt -7.500000 6.597345 0.000000
vt -11.200000 6.597345 0.000000
vt -7.500000 6.126106 0.000000
vt -11.200000 6.126106 0.000000
vt -7.500000 5.654867 0.000000
vt -11.200000 5.654867 0.000000
vt -7.500000 5.183628 0.000000
vt -11.200000 5.183628 0.000000
vt -7.500000 4.712389 0.000000
vt -11.200000 4.712389 0.000000
vt -7.500000 4.241150 0.000000
vt -11.200000 4.241150 0.000000
vt -7.500000 3.769911 0.000000
vt -11.200000 3.769911 0.000000
vt -7.500000 3.298672 0.000000
vt -11.200000 3.298672 0.000000
vt -7.500000 2.827433 0.000000
vt -11.200000 2.827433 0.000000
vt -7.500000 2.356194 0.000000
vt -11.200000 2.356194 0.000000
vt -7.500000 1.884956 0.000000
vt -11.200000 1.884956 0.000000
vt -7.500000 1.413717 0.000000
vt -11.200000 1.413717 0.000000
vt -7.500000 0.942478 0.000000
vt -11.200000 0.942478 0.000000
vt -7.500000 0.471239 0.000000
vt -11.200000 0.471239 0.000000
vt -7.500000 0.000000 0.000000
vt -11.200000 0.000000 0.000000
vt -7.500000 -0.471239 0.000000
vt -11.200000 -0.471239 0.000000
vt -7.500000 -0.942478 0.000000
vt -11.200000 -0.942478 0.000000
vt -7.500000 -1.413717 0.000000
vt -11.200000 -1.413717 0.000000
vt -7.500000 -1.884956 0.000000
vt -11.200000 -1.884956 0.000000
vt -7.500000 -2.356194 0.000000
vt -11.200000 -2.356194 0.000000
vt -10.000000 -2.523206 0.000000
vt -11.200000 -2.827433 0.000000
vt -10.000000 -2.961043 0.000000
vt -11.200000 -3.298672 0.000000
vt -10.000000 -3.398879 0.000000
vt -11.200000 -3.769911 0.000000
vt -10.000000 -3.836716 0.000000
vt -11.200000 -4.241150 0.000000
vt -10.000000 -4.274552 0.000000
vt -11.200000 -4.712389 0.000000
vt -10.000000 -4.712389 0.000000
vt -10.000000 -5.150226 0.000000
vt -11.200000 -5.183628 0.000000
vt -10.000000 -5.588062 0.000000
vt -11.200000 -5.654867 0.000000
vt -10.000000 -6.025899 0.000000
vt -11.200000 -6.126106 0.000000
vt -10.000000 -6.463735 0.000000
vt -11.200000 -6.597345 0.000000
vt -10.000000 -6.901572 0.000000
vt -11.200000 -7.068583 0.000000
vt -7.500000 -7.068583 0.000000
vt -7.500000 -7.539822 0.000000
vt -11.200000 -7.539822 0.000000
vt -7.500000 -8.011061 0.000000
vt -11.200000 -8.011061 0.000000
vt -7.500000 -8.482300 0.000000
vt -11.200000 -8.482300 0.000000
vt -8.500000 -6.901572 0.000000
vt -7.500000 -6.597345 0.000000
vt -8.500000 -6.463735 0.000000
vt -7.500000 -6.126106 0.000000
vt -8.500000 -6.025899 0.000000
vt -7.500000 -5.654867 0.000000
vt -8.500000 -5.588062 0.000000
vt -7.500000 -5.183628 0.000000
vt -8.500000 -5.150226 0.000000
vt -7.500000 -4.712389 0.000000
vt -8.500000 -4.712389 0.000000
vt -8.500000 -4.274552 0.000000
vt -7.500000 -4.241150 0.000000
vt -8.500000 -3.836716 0.000000
vt -7.500000 -3.769911 0.000000
vt -8.500000 -3.398879 0.000000
vt -7.500000 -3.298672 0.000000
vt -8.500000 -2.961043 0.000000
vt -7.500000 -2.827433 0.000000
vt -8.500000 -2.523206 0.000000
vt -2.225320 1.139277 0.000000
vt -0.423770 -2.463822 0.000000
vt -2.000000 1.500000 0.000000
vt 0.000000 -2.500000 0.000000
vt 0.423770 -2.463822 0.000000
vt -2.386233 0.745580 0.000000
vt -2.478084 0.330305 0.000000
vt -2.498212 -0.094530 0.000000
vt -2.446036 -0.516630 0.000000
vt -0.835276 -2.356335 0.000000
vt -2.323066 -0.923777 0.000000
vt -2.132861 -1.304187 0.000000
vt -1.880926 -1.646851 0.000000
vt -1.574552 -1.941851 0.000000
vt -1.222606 -2.180650 0.000000
vt 0.835276 -2.356335 0.000000
vt 1.222606 -2.180650 0.000000
vt 1.574552 -1.941851 0.000000
vt 1.880926 -1.646851 0.000000
vt 2.132861 -1.304187 0.000000
vt 2.323066 -0.923777 0.000000
vt 2.446036 -0.516630 0.000000
vt 2.498212 -0.094530 0.000000
vt 2.478084 0.330305 0.000000
vt 2.386233 0.745580 0.000000
vt 2.225320 1.139277 0.000000
vt 2.000000 1.500000 0.000000
vt 2.000000 2.236068 0.000000
vt 1.653551 2.503152 0.000000
vt 1.271943 2.717013 0.000000
vt 0.863291 2.873104 0.000000
vt 0.436284 2.968107 0.000000
vt -0.000000 3.000000 0.000000
vt -0.436284 2.968107 0.000000
vt -0.863291 2.873104 0.000000
vt -1.271943 2.717013 0.000000
vt -1.653551 2.503152 0.000000
vt -2.000000 2.236068 0.000000
vt -0.000000 1.500000 0.000000
vt -1.500000 1.500000 0.000000
vt -0.000000 0.763932 0.000000
vt -1.500000 0.763932 0.000000
vt -0.000000 1.500000 0.000000
vt -0.280061 1.185666 0.000000
vt -0.000000 0.763932 0.000000
vt -0.608896 0.922783 0.000000
vt -0.977181 0.718807 0.000000
vt -0.346449 0.496848 0.000000
vt -1.374471 0.579522 0.000000
vt -0.728057 0.282987 0.000000
vt -1.136709 0.126896 0.000000
vt -1.789501 0.508878 0.000000
vt -1.563716 0.031893 0.000000
vt -2.000000 0.000000 0.000000
vt -2.210499 0.508878 0.000000
vt -2.436284 0.031893 0.000000
vt -2.863291 0.126896 0.000000
vt -2.625529 0.579522 0.000000
vt -3.271943 0.282987 0.000000
vt -3.653551 0.496848 0.000000
vt -3.022819 0.718807 0.000000
vt -4.000000 0.763932 0.000000
vt -3.391104 0.922783 0.000000
vt -3.719939 1.185666 0.000000
vt -4.000000 1.500000 0.000000
vt -0.000000 1.500000 0.000000
vt -1.500000 1.500000 0.000000
vt -0.000000 0.763932 0.000000
vt -1.500000 0.763932 0.000000
vt 1.189564 0.293201 0.000000
vt -1.189564 0.293201 0.000000
vt 1.225165 -0.000000 0.000000
vt -1.225165 0.000000 0.000000
vt 1.189564 -0.293201 0.000000
vt -1.189564 -0.293201 0.000000
vt 1.084830 -0.569362 0.000000
vt -1.084830 -0.569362 0.000000
vt 0.917049 -0.812435 0.000000
vt -0.917049 -0.812435 0.000000
vt 0.695973 -1.008291 0.000000
vt -0.695973 -1.008291 0.000000
vt 0.434449 -1.145549 0.000000
vt -0.434449 -1.145549 0.000000
vt 0.147677 -1.216232 0.000000
vt -0.147677 -1.216232 0.000000
vt -1.084830 0.569362 0.000000
vt 1.084830 0.569362 0.000000
vt -0.917049 0.812435 0.000000
vt 0.917049 0.812435 0.000000
vt -0.695973 1.008291 0.000000
vt 0.695973 1.008291 0.000000
vt -0.434449 1.145549 0.000000
vt 0.434449 1.145549 0.000000
vt -0.147677 1.216232 0.000000
vt 0.147677 1.216232 0.000000
vt -1.708965 0.311917 0.000000
vt -2.055608 0.272928 0.000000
vt -1.708965 0.000000 0.000000
vt -2.055608 0.000000 0.000000
vt -2.055608 -0.272928 0.000000
vt -2.402251 0.000000 0.000000
vt -2.402251 -0.272928 0.000000
vt -2.748894 0.000000 0.000000
vt -2.748894 -0.419889 0.000000
vt -2.055608 0.545856 0.000000
vt -1.708965 0.623835 0.000000
vt -2.055608 0.818783 0.000000
vt -1.708965 0.935752 0.000000
vt -2.055608 1.091711 0.000000
vt -1.708965 1.247670 0.000000
vt -2.055608 1.364639 0.000000
vt -1.708965 1.559587 0.000000
vt -2.055608 1.637567 0.000000
vt -1.708965 1.871505 0.000000
vt -2.055608 1.910495 0.000000
vt -1.708965 2.183422 0.000000
vt -2.055608 2.183422 0.000000
vt -2.055608 2.456350 0.000000
vt -2.402251 2.456350 0.000000
vt -2.402251 2.729278 0.000000
vt -2.748894 2.519334 0.000000
vt -2.748894 2.939222 0.000000
vt -2.402251 3.002206 0.000000
vt -2.402251 3.275134 0.000000
vt -2.055608 3.002206 0.000000
vt -2.055608 3.275134 0.000000
vt -1.708965 3.119175 0.000000
vt -1.708965 3.431092 0.000000
vt -1.708965 2.495340 0.000000
vt -2.055608 2.729278 0.000000
vt -1.708965 2.807257 0.000000
vt -2.055608 3.548061 0.000000
vt -1.708965 3.743010 0.000000
vt -2.055608 3.820989 0.000000
vt -1.708965 4.054927 0.000000
vt -2.055608 4.093917 0.000000
vt -1.708965 4.366845 0.000000
vt -2.055608 4.366845 0.000000
vt -2.055608 4.639773 0.000000
vt -2.402251 4.639773 0.000000
vt -2.402251 4.912700 0.000000
vt -2.748894 4.618778 0.000000
vt -2.748894 5.038667 0.000000
vt -2.402251 5.185628 0.000000
vt -2.748894 5.458556 0.000000
vt -2.402251 5.458556 0.000000
vt -2.748894 -5.458556 0.000000
vt -2.402251 -5.458556 0.000000
vt -2.402251 -5.185628 0.000000
vt -2.055608 -5.458556 0.000000
vt -2.055608 -5.185628 0.000000
vt -1.708965 -5.302597 0.000000
vt -1.708965 -4.990680 0.000000
vt -1.708965 4.678762 0.000000
vt -2.055608 4.912700 0.000000
vt -1.708965 4.990680 0.000000
vt -2.055608 5.185628 0.000000
vt -1.708965 5.302597 0.000000
vt -2.055608 5.458556 0.000000
vt -1.708965 -5.614515 0.000000
vt -2.055608 -4.912700 0.000000
vt -1.708965 -4.678762 0.000000
vt -2.055608 -4.639773 0.000000
vt -1.708965 -4.366845 0.000000
vt -2.055608 -4.366845 0.000000
vt -2.055608 -4.093917 0.000000
vt -2.402251 -4.093917 0.000000
vt -2.402251 -3.820989 0.000000
vt -2.748894 -3.779000 0.000000
vt -2.402251 -3.548061 0.000000
vt -2.748894 -3.359111 0.000000
vt -2.402251 -3.275134 0.000000
vt -2.748894 -2.939222 0.000000
vt -2.402251 -3.002206 0.000000
vt -2.402251 -2.729278 0.000000
vt -2.055608 -3.002206 0.000000
vt -2.055608 -2.729278 0.000000
vt -1.708965 -2.807257 0.000000
vt -1.708965 -2.495340 0.000000
vt -1.708965 -4.054927 0.000000
vt -2.055608 -3.820989 0.000000
vt -1.708965 -3.743010 0.000000
vt -2.055608 -3.548061 0.000000
vt -1.708965 -3.431092 0.000000
vt -2.055608 -3.275134 0.000000
vt -1.708965 -3.119175 0.000000
vt -2.055608 -2.456350 0.000000
vt -1.708965 -2.183422 0.000000
vt -2.055608 -2.183422 0.000000
vt -2.055608 -1.910495 0.000000
vt -2.402251 -1.910495 0.000000
vt -2.402251 -1.637567 0.000000
vt -2.748894 -1.679556 0.000000
vt -2.402251 -1.364639 0.000000
vt -2.748894 -1.259667 0.000000
vt -2.402251 -1.091711 0.000000
vt -2.748894 -0.839778 0.000000
vt -2.402251 -0.818783 0.000000
vt -2.402251 -0.545856 0.000000
vt -2.055608 -0.818783 0.000000
vt -2.055608 -0.545856 0.000000
vt -1.708965 -0.623835 0.000000
vt -1.708965 -0.311917 0.000000
vt -1.708965 -1.871505 0.000000
vt -2.055608 -1.637567 0.000000
vt -1.708965 -1.559587 0.000000
vt -2.055608 -1.364639 0.000000
vt -1.708965 -1.247670 0.000000
vt -2.055608 -1.091711 0.000000
vt -1.708965 -0.935752 0.000000
vt -2.402251 4.366845 0.000000
vt -2.748894 4.198889 0.000000
vt -2.402251 4.093917 0.000000
vt -2.748894 3.779000 0.000000
vt -2.402251 3.820989 0.000000
vt -2.402251 3.548061 0.000000
vt -2.748894 3.359111 0.000000
vt -2.402251 2.183422 0.000000
vt -2.748894 2.099445 0.000000
vt -2.402251 1.910495 0.000000
vt -2.748894 1.679556 0.000000
vt -2.402251 1.637567 0.000000
vt -2.402251 1.364639 0.000000
vt -2.748894 1.259667 0.000000
vt -2.402251 1.091711 0.000000
vt -2.748894 0.839778 0.000000
vt -2.402251 0.818783 0.000000
vt -2.402251 0.545856 0.000000
vt -2.748894 0.419889 0.000000
vt -2.402251 0.272928 0.000000
vt -2.748894 -2.099445 0.000000
vt -2.402251 -2.183422 0.000000
vt -2.748894 -2.519334 0.000000
vt -2.402251 -2.456350 0.000000
vt -2.748894 -4.198889 0.000000
vt -2.402251 -4.366845 0.000000
vt -2.748894 -4.618778 0.000000
vt -2.402251 -4.639773 0.000000
vt -2.402251 -4.912700 0.000000
vt -2.748894 -5.038667 0.000000
vt 0.000000 -1.182926 0.000000
vt 0.000000 -1.608753 0.000000
vt 2.500000 -1.485888 0.000000
vt 1.500000 -1.608753 0.000000
vt 2.500000 -1.910428 0.000000
vt 1.500000 -2.030251 0.000000
vt 2.500000 -2.334968 0.000000
vt 1.500000 -2.451748 0.000000
vt 2.500000 -2.759507 0.000000
vt 1.500000 -2.873246 0.000000
vt 2.500000 -3.184047 0.000000
vt 1.500000 -3.294744 0.000000
vt 2.500000 -3.608586 0.000000
vt 1.500000 -3.716242 0.000000
vt 2.500000 -4.033126 0.000000
vt 1.500000 -4.137740 0.000000
vt 2.500000 -4.457665 0.000000
vt 1.500000 -4.559238 0.000000
vt 2.500000 -4.882205 0.000000
vt 1.500000 -4.980735 0.000000
vt 2.500000 -5.306744 0.000000
vt 1.500000 -5.402233 0.000000
vt 2.500000 -5.731284 0.000000
vt 1.500000 -5.823731 0.000000
vt 2.500000 -6.155823 0.000000
vt 1.500000 -6.245229 0.000000
vt 2.500000 -6.580363 0.000000
vt 0.000000 -6.245229 0.000000
vt 0.000000 -6.671055 0.000000
vt 2.500000 -7.004903 0.000000
vt 0.000000 -7.096882 0.000000
vt 2.500000 -7.429442 0.000000
vt 0.000000 -7.522708 0.000000
vt 2.500000 -7.853982 0.000000
vt 2.500000 7.853982 0.000000
vt 0.000000 8.185255 0.000000
vt 0.000000 7.759429 0.000000
vt 2.500000 7.429442 0.000000
vt 0.000000 7.333602 0.000000
vt 2.500000 7.004903 0.000000
vt 0.000000 6.907776 0.000000
vt 2.500000 6.580363 0.000000
vt 0.000000 6.481949 0.000000
vt 2.500000 6.155823 0.000000
vt 0.000000 6.056123 0.000000
vt 2.500000 5.731284 0.000000
vt 0.000000 5.630297 0.000000
vt 2.500000 5.306744 0.000000
vt 0.000000 5.204470 0.000000
vt 2.500000 4.882205 0.000000
vt 0.000000 4.778644 0.000000
vt 2.500000 4.457665 0.000000
vt 0.000000 4.352817 0.000000
vt 2.500000 4.033126 0.000000
vt 0.000000 3.926991 0.000000
vt 2.500000 3.608586 0.000000
vt -0.000000 3.501164 0.000000
vt 2.500000 3.184047 0.000000
vt -0.000000 3.075338 0.000000
vt 2.500000 2.759507 0.000000
vt -0.000000 2.649512 0.000000
vt 2.500000 2.334968 0.000000
vt -0.000000 2.223685 0.000000
vt 2.500000 1.910428 0.000000
vt -0.000000 1.797859 0.000000
vt 2.500000 1.485888 0.000000
vt -0.000000 1.372032 0.000000
vt 2.500000 1.061349 0.000000
vt -0.000000 0.946206 0.000000
vt 2.500000 0.636809 0.000000
vt -0.000000 0.520379 0.000000
vt 2.500000 0.212270 0.000000
vt -0.000000 0.094553 0.000000
vt 2.500000 -0.212270 0.000000
vt 0.000000 -0.331273 0.000000
vt 2.500000 -0.636809 0.000000
vt 0.000000 -0.757100 0.000000
vt 2.500000 -1.061349 0.000000
vt 0.469303 -2.963065 0.000000
vt 0.212015 -2.490994 0.000000
vt 0.000000 -3.000000 0.000000
vt -0.212015 -2.490994 0.000000
vt -0.469303 -2.963065 0.000000
vt -0.629945 -2.419332 0.000000
vt -0.927051 -2.853170 0.000000
vt -1.029753 -2.278071 0.000000
vt -1.361971 -2.673020 0.000000
vt -1.399937 -2.071274 0.000000
vt -1.763356 -2.427051 0.000000
vt -1.729847 -1.804890 0.000000
vt -2.121320 -2.121320 0.000000
vt -2.009993 -1.486583 0.000000
vt -2.427051 -1.763356 0.000000
vt -2.232315 -1.125509 0.000000
vt -2.673020 -1.361971 0.000000
vt -2.853170 -0.927051 0.000000
vt -2.390417 -0.732057 0.000000
vt -2.963065 -0.469303 0.000000
vt -2.479751 -0.317545 0.000000
vt -3.000000 0.000000 0.000000
vt -2.497747 0.106103 0.000000
vt -2.963065 0.469303 0.000000
vt -2.443888 0.526698 0.000000
vt -2.853170 0.927051 0.000000
vt -2.319723 0.932141 0.000000
vt -2.673020 1.361971 0.000000
vt -2.128823 1.310768 0.000000
vt -2.427051 1.763356 0.000000
vt -1.876681 1.651687 0.000000
vt -2.121320 2.121320 0.000000
vt -1.570550 1.945089 0.000000
vt -1.763356 2.427051 0.000000
vt -1.219237 2.182535 0.000000
vt -1.361971 2.673020 0.000000
vt -0.832849 2.357194 0.000000
vt -0.927051 2.853170 0.000000
vt -0.422502 2.464040 0.000000
vt -0.469303 2.963065 0.000000
vt 0.000000 2.500000 0.000000
vt 0.000000 3.000000 0.000000
vt 0.469303 2.963065 0.000000
vt 0.422502 2.464040 0.000000
vt 0.927051 2.853170 0.000000
vt 0.832849 2.357194 0.000000
vt 1.361971 2.673020 0.000000
vt 1.219237 2.182535 0.000000
vt 1.763356 2.427051 0.000000
vt 1.570550 1.945089 0.000000
vt 2.121320 2.121320 0.000000
vt 1.876681 1.651687 0.000000
vt 2.427051 1.763356 0.000000
vt 2.128823 1.310768 0.000000
vt 2.673020 1.361971 0.000000
vt 2.319723 0.932141 0.000000
vt 2.853170 0.927051 0.000000
vt 2.443888 0.526698 0.000000
vt 2.963065 0.469303 0.000000
vt 2.497747 0.106103 0.000000
vt 3.000000 0.000000 0.000000
vt 2.479751 -0.317545 0.000000
vt 2.963065 -0.469303 0.000000
vt 2.390417 -0.732057 0.000000
vt 2.853170 -0.927051 0.000000
vt 2.232315 -1.125509 0.000000
vt 2.673020 -1.361971 0.000000
vt 2.427051 -1.763356 0.000000
vt 2.009993 -1.486583 0.000000
vt 2.121320 -2.121320 0.000000
vt 1.729847 -1.804890 0.000000
vt 1.763356 -2.427051 0.000000
vt 1.399937 -2.071274 0.000000
vt 1.361971 -2.673020 0.000000
vt 1.029753 -2.278071 0.000000
vt 0.927051 -2.853170 0.000000
vt 0.629945 -2.419332 0.000000
vn 0.098769 0.000000 -0.015643
vn 0.095403 0.025882 -0.015110
vn 0.100000 0.000000 -0.000000
vn 0.096593 0.025882 0.000000
vn 0.098769 -0.000000 0.015643
vn 0.095403 0.025882 0.015110
vn 0.095106 -0.000000 0.030902
vn 0.091865 0.025882 0.029849
vn 0.089101 -0.000000 0.045399
vn 0.086065 0.025882 0.043852
vn 0.080902 -0.000000 0.058779
vn 0.078145 0.025882 0.056776
vn 0.070711 -0.000000 0.070711
vn 0.068301 0.025882 0.068301
vn 0.058779 -0.000000 0.080902
vn 0.056776 0.025882 0.078145
vn 0.045399 -0.000000 0.089101
vn 0.043852 0.025882 0.086065
vn 0.030902 -0.000000 0.095106
vn 0.029849 0.025882 0.091865
vn 0.015643 -0.000000 0.098769
vn 0.015110 0.025882 0.095403
vn -0.000000 0.000000 0.100000
vn -0.000000 0.025882 0.096593
vn -0.015643 0.000000 0.098769
vn -0.015110 0.025882 0.095403
vn -0.030902 0.000000 0.095106
vn -0.029849 0.025882 0.091865
vn -0.045399 0.000000 0.089101
vn -0.043852 0.025882 0.086065
vn -0.058779 0.000000 0.080902
vn -0.056776 0.025882 0.078145
vn -0.070711 0.000000 0.070711
vn -0.068301 0.025882 0.068301
vn -0.080902 0.000000 0.058779
vn -0.078145 0.025882 0.056776
vn -0.089101 0.000000 0.045399
vn -0.086065 0.025882 0.043852
vn -0.095106 0.000000 0.030902
vn -0.091865 0.025882 0.029849
vn -0.098769 0.000000 0.015643
vn -0.095403 0.025882 0.015110
vn -0.100000 0.000000 0.000000
vn -0.096593 0.025882 0.000000
vn -0.098769 0.000000 -0.015643
vn -0.095403 0.025882 -0.015110
vn -0.095106 0.000000 -0.030902
vn -0.091865 0.025882 -0.029849
vn -0.089101 0.000000 -0.045399
vn -0.086065 0.025882 -0.043852
vn -0.080902 0.000000 -0.058779
vn -0.078145 0.025882 -0.056776
vn -0.070711 0.000000 -0.070711
vn -0.068301 0.025882 -0.068301
vn -0.058779 0.000000 -0.080902
vn -0.056776 0.025882 -0.078145
vn -0.045399 0.000000 -0.089101
vn -0.043852 0.025882 -0.086065
vn -0.030902 0.000000 -0.095106
vn -0.029849 0.025882 -0.091865
vn -0.015643 0.000000 -0.098769
vn -0.015110 0.025882 -0.095403
vn -0.000000 0.000000 -0.100000
vn -0.000000 0.025882 -0.096593
vn 0.015643 0.000000 -0.098769
vn 0.015110 0.025882 -0.095403
vn 0.030902 0.000000 -0.095106
vn 0.029849 0.025882 -0.091865
vn 0.045399 0.000000 -0.089101
vn 0.043852 0.025882 -0.086065
vn 0.058779 0.000000 -0.080902
vn 0.056776 0.025882 -0.078145
vn 0.070711 0.000000 -0.070711
vn 0.068301 0.025882 -0.068301
vn 0.080902 0.000000 -0.058779
vn 0.078145 0.025882 -0.056776
vn 0.089101 0.000000 -0.045399
vn 0.086065 0.025882 -0.043852
vn 0.095106 0.000000 -0.030902
vn 0.091865 0.025882 -0.029849
vn 0.000000 0.100000 0.000000
vn 0.025563 0.096593 0.004049
vn 0.000000 0.100000 0.000000
vn 0.025882 0.096593 0.000000
vn 0.000000 0.100000 -0.000000
vn 0.025563 0.096593 -0.004049
vn 0.000000 0.100000 -0.000000
vn 0.024615 0.096593 -0.007998
vn 0.000000 0.100000 -0.000000
vn 0.023061 0.096593 -0.011750
vn 0.000000 0.100000 -0.000000
vn 0.020939 0.096593 -0.015213
vn 0.000000 0.100000 -0.000000
vn 0.018301 0.096593 -0.018301
vn 0.000000 0.100000 -0.000000
vn 0.015213 0.096593 -0.020939
vn 0.000000 0.100000 -0.000000
vn 0.011750 0.096593 -0.023061
vn 0.000000 0.100000 -0.000000
vn 0.007998 0.096593 -0.024615
vn 0.000000 0.100000 -0.000000
vn 0.004049 0.096593 -0.025563
vn 0.000000 0.100000 -0.000000
vn 0.000000 0.096593 -0.025882
vn -0.000000 0.100000 -0.000000
vn -0.004049 0.096593 -0.025563
vn -0.000000 0.100000 -0.000000
vn -0.007998 0.096593 -0.024615
vn -0.000000 0.100000 -0.000000
vn -0.011750 0.096593 -0.023061
vn -0.000000 0.100000 -0.000000
vn -0.015213 0.096593 -0.020939
vn -0.000000 0.100000 -0.000000
vn -0.018301 0.096593 -0.018301
vn -0.000000 0.100000 -0.000000
vn -0.020939 0.096593 -0.015213
vn -0.000000 0.100000 -0.000000
vn -0.023061 0.096593 -0.011750
vn -0.000000 0.100000 -0.000000
vn -0.024615 0.096593 -0.007998
vn -0.000000 0.100000 -0.000000
vn -0.025563 0.096593 -0.004049
vn -0.000000 0.100000 0.000000
vn -0.025882 0.096593 0.000000
vn -0.000000 0.100000 0.000000
vn -0.025563 0.096593 0.004049
vn -0.000000 0.100000 0.000000
vn -0.024615 0.096593 0.007998
vn -0.000000 0.100000 0.000000
vn -0.023061 0.096593 0.011750
vn -0.000000 0.100000 0.000000
vn -0.020939 0.096593 0.015213
vn -0.000000 0.100000 0.000000
vn -0.018301 0.096593 0.018301
vn -0.000000 0.100000 0.000000
vn -0.015213 0.096593 0.020939
vn -0.000000 0.100000 0.000000
vn -0.011750 0.096593 0.023061
vn -0.000000 0.100000 0.000000
vn -0.007998 0.096593 0.024615
vn -0.000000 0.100000 0.000000
vn -0.004049 0.096593 0.025563
vn -0.000000 0.100000 0.000000
vn -0.000000 0.096593 0.025882
vn 0.000000 0.100000 0.000000
vn 0.004049 0.096593 0.025563
vn 0.000000 0.100000 0.000000
vn 0.007998 0.096593 0.024615
vn 0.000000 0.100000 0.000000
vn 0.011750 0.096593 0.023061
vn 0.000000 0.100000 0.000000
vn 0.015213 0.096593 0.020939
vn 0.000000 0.100000 0.000000
vn 0.018301 0.096593 0.018301
vn 0.000000 0.100000 0.000000
vn 0.020939 0.096593 0.015213
vn 0.000000 0.100000 0.000000
vn 0.023061 0.096593 0.011750
vn 0.000000 0.100000 0.000000
vn 0.024615 0.096593 0.007998
vn 0.000000 0.050000 -0.086603
vn 0.013548 0.050000 -0.085536
vn 0.026762 0.050000 -0.082364
vn 0.039317 0.050000 -0.077163
vn 0.050904 0.050000 -0.070063
vn 0.061237 0.050000 -0.061237
vn 0.070063 0.050000 -0.050904
vn 0.077163 0.050000 -0.039317
vn 0.082364 0.050000 -0.026762
vn 0.085536 0.050000 -0.013548
vn 0.086603 0.050000 0.000000
vn 0.085536 0.050000 0.013548
vn 0.082364 0.050000 0.026762
vn 0.077163 0.050000 0.039317
vn 0.070063 0.050000 0.050904
vn 0.061237 0.050000 0.061237
vn 0.050904 0.050000 0.070063
vn 0.039317 0.050000 0.077163
vn 0.026762 0.050000 0.082364
vn 0.013548 0.050000 0.085536
vn -0.000000 0.050000 0.086603
vn -0.013548 0.050000 0.085536
vn -0.026762 0.050000 0.082364
vn -0.039317 0.050000 0.077163
vn -0.050904 0.050000 0.070063
vn -0.061237 0.050000 0.061237
vn -0.070063 0.050000 0.050904
vn -0.077163 0.050000 0.039317
vn -0.082364 0.050000 0.026762
vn -0.085536 0.050000 0.013548
vn -0.086603 0.050000 0.000000
vn -0.085536 0.050000 -0.013548
vn -0.082364 0.050000 -0.026762
vn -0.077163 0.050000 -0.039317
vn -0.070063 0.050000 -0.050904
vn -0.061237 0.050000 -0.061237
vn -0.050904 0.050000 -0.070063
vn -0.039317 0.050000 -0.077163
vn -0.026762 0.050000 -0.082364
vn -0.013548 0.050000 -0.085536
vn 0.000000 0.070711 -0.070711
vn 0.011062 0.070711 -0.069840
vn 0.021851 0.070711 -0.067250
vn 0.032102 0.070711 -0.063004
vn 0.041563 0.070711 -0.057206
vn 0.050000 0.070711 -0.050000
vn 0.057206 0.070711 -0.041563
vn 0.063004 0.070711 -0.032102
vn 0.067250 0.070711 -0.021851
vn 0.069840 0.070711 -0.011062
vn 0.070711 0.070711 0.000000
vn 0.069840 0.070711 0.011062
vn 0.067250 0.070711 0.021851
vn 0.063004 0.070711 0.032102
vn 0.057206 0.070711 0.041563
vn 0.050000 0.070711 0.050000
vn 0.041563 0.070711 0.057206
vn 0.032102 0.070711 0.063004
vn 0.021851 0.070711 0.067250
vn 0.011062 0.070711 0.069840
vn -0.000000 0.070711 0.070711
vn -0.011062 0.070711 0.069840
vn -0.021851 0.070711 0.067250
vn -0.032102 0.070711 0.063004
vn -0.041563 0.070711 0.057206
vn -0.050000 0.070711 0.050000
vn -0.057206 0.070711 0.041563
vn -0.063004 0.070711 0.032102
vn -0.067250 0.070711 0.021851
vn -0.069840 0.070711 0.011062
vn -0.070711 0.070711 0.000000
vn -0.069840 0.070711 -0.011062
vn -0.067250 0.070711 -0.021851
vn -0.063004 0.070711 -0.032102
vn -0.057206 0.070711 -0.041563
vn -0.050000 0.070711 -0.050000
vn -0.041563 0.070711 -0.057206
vn -0.032102 0.070711 -0.063004
vn -0.021851 0.070711 -0.067250
vn -0.011062 0.070711 -0.069840
vn 0.000000 0.086603 -0.050000
vn 0.007822 0.086603 -0.049384
vn 0.015451 0.086603 -0.047553
vn 0.022700 0.086603 -0.044550
vn 0.029389 0.086603 -0.040451
vn 0.035355 0.086603 -0.035355
vn 0.040451 0.086603 -0.029389
vn 0.044550 0.086603 -0.022700
vn 0.047553 0.086603 -0.015451
vn 0.049384 0.086603 -0.007822
vn 0.050000 0.086603 0.000000
vn 0.049384 0.086603 0.007822
vn 0.047553 0.086603 0.015451
vn 0.044550 0.086603 0.022700
vn 0.040451 0.086603 0.029389
vn 0.035355 0.086603 0.035355
vn 0.029389 0.086603 0.040451
vn 0.022700 0.086603 0.044550
vn 0.015451 0.086603 0.047553
vn 0.007822 0.086603 0.049384
vn -0.000000 0.086603 0.050000
vn -0.007822 0.086603 0.049384
vn -0.015451 0.086603 0.047553
vn -0.022700 0.086603 0.044550
vn -0.029389 0.086603 0.040451
vn -0.035355 0.086603 0.035355
vn -0.040451 0.086603 0.029389
vn -0.044550 0.086603 0.022700
vn -0.047553 0.086603 0.015451
vn -0.049384 0.086603 0.007822
vn -0.050000 0.086603 0.000000
vn -0.049384 0.086603 -0.007822
vn -0.047553 0.086603 -0.015451
vn -0.044550 0.086603 -0.022700
vn -0.040451 0.086603 -0.029389
vn -0.035355 0.086603 -0.035355
vn -0.029389 0.086603 -0.040451
vn -0.022700 0.086603 -0.044550
vn -0.015451 0.086603 -0.047553
vn -0.007822 0.086603 -0.049384
vn 0.000000 0.100000 0.000000
vn 0.000000 0.100000 0.000000
vn 0.000000 0.100000 0.000000
vn 0.000000 0.100000 0.000000
vn 0.000000 0.100000 0.000000
vn 0.000000 0.100000 0.000000
vn 0.000000 0.100000 0.000000
vn 0.000000 0.100000 0.000000
vn 0.000000 0.100000 0.000000
vn 0.000000 0.100000 0.000000
vn 0.000000 0.100000 0.000000
vn 0.000000 0.100000 0.000000
vn 0.000000 0.100000 0.000000
vn 0.000000 0.100000 0.000000
vn 0.000000 0.100000 0.000000
vn 0.000000 0.100000 0.000000
vn 0.000000 0.100000 0.000000
vn 0.000000 0.100000 0.000000
vn 0.000000 0.100000 0.000000
vn 0.000000 0.100000 0.000000
vn 0.000000 0.100000 0.000000
vn 0.000000 0.100000 0.000000
vn 0.000000 0.100000 0.000000
vn 0.000000 0.100000 0.000000
vn 0.000000 0.100000 0.000000
vn 0.000000 0.100000 0.000000
vn 0.000000 0.100000 0.000000
vn 0.000000 0.100000 0.000000
vn 0.000000 0.100000 0.000000
vn 0.000000 0.100000 0.000000
vn 0.000000 0.100000 0.000000
vn 0.000000 0.100000 0.000000
vn 0.000000 0.100000 0.000000
vn 0.000000 0.100000 0.000000
vn 0.000000 0.100000 0.000000
vn -0.098769 0.000000 0.015643
vn -0.100000 0.000000 0.000000
vn -0.098769 0.000000 -0.015643
vn -0.095106 0.000000 -0.030902
vn -0.089101 0.000000 -0.045399
vn -0.080902 0.000000 -0.058779
vn -0.070711 0.000000 -0.070711
vn -0.058779 0.000000 -0.080902
vn -0.045399 0.000000 -0.089101
vn -0.030902 0.000000 -0.095106
vn -0.015643 0.000000 -0.098769
vn 0.000000 0.000000 -0.100000
vn 0.015643 0.000000 -0.098769
vn 0.030902 0.000000 -0.095106
vn 0.045399 0.000000 -0.089101
vn 0.058779 0.000000 -0.080902
vn 0.070711 0.000000 -0.070711
vn 0.080902 0.000000 -0.058779
vn 0.089101 0.000000 -0.045399
vn 0.095106 0.000000 -0.030902
vn 0.098769 0.000000 -0.015643
vn 0.100000 0.000000 0.000000
vn 0.098769 -0.000000 0.015643
vn 0.095106 -0.000000 0.030902
vn 0.089101 -0.000000 0.045399
vn 0.080902 -0.000000 0.058779
vn 0.070711 -0.000000 0.070711
vn 0.066667 -0.000000 0.074536
vn 0.055118 -0.000000 0.083438
vn 0.042398 -0.000000 0.090567
vn 0.028776 -0.000000 0.095770
vn 0.014543 -0.000000 0.098937
vn -0.000000 0.000000 0.100000
vn -0.014543 0.000000 0.098937
vn -0.028776 0.000000 0.095770
vn -0.042398 0.000000 0.090567
vn -0.055118 0.000000 0.083438
vn -0.066667 0.000000 0.074536
vn -0.070711 0.000000 0.070711
vn -0.080902 0.000000 0.058779
vn -0.089101 0.000000 0.045399
vn -0.095106 0.000000 0.030902
vn -0.066667 0.000000 0.074536
vn -0.058779 0.000000 0.080902
vn -0.055118 0.000000 0.083438
vn -0.045399 0.000000 0.089101
vn -0.042398 0.000000 0.090567
vn -0.030902 0.000000 0.095106
vn -0.028776 0.000000 0.095770
vn -0.015643 0.000000 0.098769
vn -0.014543 0.000000 0.098937
vn 0.000000 -0.000000 0.100000
vn 0.000000 -0.000000 0.100000
vn 0.014543 -0.000000 0.098937
vn 0.015643 -0.000000 0.098769
vn 0.028776 -0.000000 0.095770
vn 0.030902 -0.000000 0.095106
vn 0.042398 -0.000000 0.090567
vn 0.045399 -0.000000 0.089101
vn 0.055118 -0.000000 0.083438
vn 0.058779 -0.000000 0.080902
vn 0.066667 -0.000000 0.074536
vn 0.000000 -0.100000 0.000000
vn 0.000000 -0.100000 0.000000
vn 0.000000 -0.100000 0.000000
vn 0.000000 -0.100000 0.000000
vn 0.000000 -0.100000 0.000000
vn 0.000000 -0.100000 0.000000
vn 0.000000 -0.100000 0.000000
vn 0.000000 -0.100000 0.000000
vn 0.000000 -0.100000 0.000000
vn 0.000000 -0.100000 0.000000
vn 0.000000 -0.100000 0.000000
vn 0.000000 -0.100000 0.000000
vn 0.000000 -0.100000 0.000000
vn 0.000000 -0.100000 0.000000
vn 0.000000 -0.100000 0.000000
vn 0.000000 -0.100000 0.000000
vn 0.000000 -0.100000 0.000000
vn 0.000000 -0.100000 0.000000
vn 0.000000 -0.100000 0.000000
vn 0.000000 -0.100000 0.000000
vn 0.000000 -0.100000 0.000000
vn 0.000000 -0.100000 0.000000
vn 0.000000 -0.100000 0.000000
vn 0.000000 -0.100000 0.000000
vn 0.000000 -0.100000 0.000000
vn 0.000000 -0.100000 0.000000
vn 0.000000 -0.100000 0.000000
vn 0.000000 -0.100000 0.000000
vn 0.000000 -0.100000 0.000000
vn 0.000000 -0.100000 0.000000
vn 0.000000 -0.100000 0.000000
vn 0.000000 -0.100000 0.000000
vn 0.000000 -0.100000 0.000000
vn 0.000000 -0.100000 0.000000
vn 0.000000 -0.100000 0.000000
vn 0.000000 -0.100000 0.000000
vn 0.000000 -0.100000 0.000000
vn 0.000000 -0.100000 0.000000
vn 0.100000 0.000000 0.000000
vn 0.100000 0.000000 0.000000
vn 0.100000 0.000000 0.000000
vn 0.100000 0.000000 0.000000
vn 0.000000 0.100000 0.000000
vn 0.000000 0.100000 0.000000
vn 0.000000 0.100000 0.000000
vn 0.000000 0.100000 0.000000
vn 0.000000 0.100000 0.000000
vn 0.000000 0.100000 0.000000
vn 0.000000 0.100000 0.000000
vn 0.000000 0.100000 0.000000
vn 0.000000 0.100000 0.000000
vn 0.000000 0.100000 0.000000
vn 0.000000 0.100000 0.000000
vn 0.000000 0.100000 0.000000
vn 0.000000 0.100000 0.000000
vn 0.000000 0.100000 0.000000
vn 0.000000 0.100000 0.000000
vn 0.000000 0.100000 0.000000
vn 0.000000 0.100000 0.000000
vn 0.000000 0.100000 0.000000
vn 0.000000 0.100000 0.000000
vn 0.000000 0.100000 0.000000
vn 0.000000 0.100000 0.000000
vn 0.000000 0.100000 0.000000
vn 0.000000 0.100000 0.000000
vn -0.100000 0.000000 0.000000
vn -0.100000 0.000000 0.000000
vn -0.100000 0.000000 0.000000
vn -0.100000 0.000000 0.000000
vn 0.000000 0.100000 0.000000
vn 0.000000 0.100000 0.000000
vn 0.000000 0.100000 0.000000
vn 0.000000 0.100000 0.000000
vn 0.000000 0.100000 0.000000
vn 0.000000 0.100000 0.000000
vn 0.000000 0.100000 0.000000
vn 0.000000 0.100000 0.000000
vn 0.000000 0.100000 0.000000
vn 0.000000 0.100000 0.000000
vn 0.000000 0.100000 0.000000
vn 0.000000 0.100000 0.000000
vn 0.000000 0.100000 0.000000
vn 0.000000 0.100000 0.000000
vn 0.000000 0.100000 0.000000
vn 0.000000 0.100000 0.000000
vn 0.000000 0.100000 0.000000
vn 0.000000 0.100000 0.000000
vn 0.000000 0.100000 0.000000
vn 0.000000 0.100000 0.000000
vn 0.000000 0.100000 0.000000
vn 0.000000 0.100000 0.000000
vn 0.000000 0.100000 0.000000
vn 0.000000 0.100000 0.000000
vn 0.000000 0.100000 0.000000
vn 0.000000 0.100000 0.000000
vn -0.055089 0.082857 0.009997
vn -0.038113 0.092255 0.006037
vn -0.055988 0.082857 0.000000
vn -0.038588 0.092255 0.000000
vn -0.038113 0.092255 -0.006037
vn -0.019679 0.098045 0.000000
vn -0.019437 0.098045 -0.003078
vn -0.036700 0.092255 0.011924
vn -0.052418 0.082857 0.019673
vn -0.034382 0.092255 0.017519
vn -0.048063 0.082857 0.028716
vn -0.031218 0.092255 0.022682
vn -0.042163 0.082857 0.036837
vn -0.027286 0.092255 0.027286
vn -0.034908 0.082857 0.043773
vn -0.022682 0.092255 0.031218
vn -0.026531 0.082857 0.049303
vn -0.017519 0.092255 0.034382
vn -0.017301 0.082857 0.053248
vn -0.011924 0.092255 0.036700
vn -0.006037 0.092255 0.038113
vn -0.003078 0.098045 0.019437
vn -0.000000 0.098045 0.019679
vn 0.003078 0.098045 0.019437
vn 0.006081 0.098045 0.018716
vn 0.006037 0.092255 0.038113
vn 0.011924 0.092255 0.036700
vn 0.012459 0.082857 0.054585
vn 0.022005 0.082857 0.051483
vn -0.007515 0.082857 0.055482
vn -0.000000 0.092255 0.038588
vn 0.002512 0.082857 0.055932
vn 0.017519 0.092255 0.034382
vn 0.030844 0.082857 0.046726
vn 0.022682 0.092255 0.031218
vn 0.038691 0.082857 0.040468
vn 0.027286 0.092255 0.027286
vn 0.045296 0.082857 0.032909
vn 0.031218 0.092255 0.022682
vn 0.034382 0.092255 0.017519
vn 0.017534 0.098045 0.008934
vn 0.018716 0.098045 0.006081
vn 0.019437 0.098045 0.003078
vn 0.019679 0.098045 0.000000
vn 0.019437 0.098045 -0.003078
vn 0.038588 0.092255 -0.000000
vn 0.038113 0.092255 -0.006037
vn 0.055763 0.082857 -0.005019
vn 0.053971 0.082857 -0.014895
vn 0.050444 0.082857 0.024292
vn 0.036700 0.092255 0.011924
vn 0.053971 0.082857 0.014895
vn 0.038113 0.092255 0.006037
vn 0.055763 0.082857 0.005019
vn 0.036700 0.092255 -0.011924
vn 0.050444 0.082857 -0.024292
vn 0.034382 0.092255 -0.017519
vn 0.045296 0.082857 -0.032909
vn 0.031218 0.092255 -0.022682
vn 0.027286 0.092255 -0.027286
vn 0.013915 0.098045 -0.013915
vn 0.011567 0.098045 -0.015921
vn 0.008934 0.098045 -0.017534
vn 0.006081 0.098045 -0.018716
vn 0.003078 0.098045 -0.019437
vn -0.000000 0.098045 -0.019679
vn 0.006037 0.092255 -0.038113
vn -0.000000 0.092255 -0.038588
vn 0.002512 0.082857 -0.055932
vn -0.007515 0.082857 -0.055482
vn 0.038691 0.082857 -0.040468
vn 0.022682 0.092255 -0.031218
vn 0.030844 0.082857 -0.046726
vn 0.017519 0.092255 -0.034382
vn 0.022005 0.082857 -0.051483
vn 0.011924 0.092255 -0.036700
vn 0.012459 0.082857 -0.054585
vn -0.006037 0.092255 -0.038113
vn -0.017301 0.082857 -0.053248
vn -0.011924 0.092255 -0.036700
vn -0.017519 0.092255 -0.034382
vn -0.008934 0.098045 -0.017534
vn -0.011567 0.098045 -0.015921
vn -0.013915 0.098045 -0.013915
vn -0.015921 0.098045 -0.011567
vn -0.017534 0.098045 -0.008934
vn -0.018716 0.098045 -0.006081
vn -0.034382 0.092255 -0.017519
vn -0.036700 0.092255 -0.011924
vn -0.052418 0.082857 -0.019673
vn -0.055089 0.082857 -0.009997
vn -0.026531 0.082857 -0.049303
vn -0.022682 0.092255 -0.031218
vn -0.034908 0.082857 -0.043773
vn -0.027286 0.092255 -0.027286
vn -0.042163 0.082857 -0.036837
vn -0.031218 0.092255 -0.022682
vn -0.048063 0.082857 -0.028716
vn 0.015921 0.098045 0.011567
vn 0.013915 0.098045 0.013915
vn 0.011567 0.098045 0.015921
vn 0.008934 0.098045 0.017534
vn -0.006081 0.098045 0.018716
vn -0.008934 0.098045 0.017534
vn -0.011567 0.098045 0.015921
vn -0.013915 0.098045 0.013915
vn -0.015921 0.098045 0.011567
vn -0.017534 0.098045 0.008934
vn -0.018716 0.098045 0.006081
vn -0.019437 0.098045 0.003078
vn -0.006081 0.098045 -0.018716
vn -0.003078 0.098045 -0.019437
vn 0.015921 0.098045 -0.011567
vn 0.017534 0.098045 -0.008934
vn 0.018716 0.098045 -0.006081
vn 0.089013 0.000000 -0.045571
vn 0.080000 0.000000 -0.060000
vn 0.082851 0.000000 -0.055997
vn 0.080000 0.000000 -0.060000
vn 0.072196 0.000000 -0.069194
vn 0.068798 0.000000 -0.072573
vn 0.059463 0.000000 -0.080400
vn 0.055644 0.000000 -0.083089
vn 0.045020 0.000000 -0.089293
vn 0.040913 0.000000 -0.091248
vn 0.029282 0.000000 -0.095617
vn 0.025021 0.000000 -0.096819
vn 0.012702 0.000000 -0.099190
vn 0.008420 0.000000 -0.099645
vn -0.004244 0.000000 -0.099910
vn -0.008420 0.000000 -0.099645
vn -0.021068 0.000000 -0.097756
vn -0.025021 0.000000 -0.096819
vn -0.037286 0.000000 -0.092789
vn -0.040913 0.000000 -0.091248
vn -0.052431 0.000000 -0.085153
vn -0.055644 0.000000 -0.083089
vn -0.066067 0.000000 -0.075067
vn -0.068798 0.000000 -0.072573
vn -0.077804 0.000000 -0.062822
vn -0.080000 0.000000 -0.060000
vn -0.087301 0.000000 -0.048769
vn -0.080000 0.000000 -0.060000
vn -0.089013 0.000000 -0.045571
vn -0.094288 0.000000 -0.033314
vn -0.095449 0.000000 -0.029823
vn -0.098562 0.000000 -0.016900
vn -0.099123 0.000000 -0.013212
vn -0.100000 0.000000 -0.000000
vn -0.099928 0.000000 0.003781
vn -0.098562 0.000000 0.016900
vn -0.097841 0.000000 0.020665
vn -0.094288 0.000000 0.033314
vn -0.092923 0.000000 0.036951
vn -0.087301 0.000000 0.048769
vn -0.085314 0.000000 0.052167
vn -0.077804 0.000000 0.062822
vn -0.075237 0.000000 0.065874
vn -0.066067 0.000000 0.075067
vn -0.062982 0.000000 0.077674
vn -0.052431 0.000000 0.085153
vn -0.048904 0.000000 0.087226
vn -0.037286 0.000000 0.092789
vn -0.033411 0.000000 0.094253
vn -0.021068 0.000000 0.097756
vn -0.016951 0.000000 0.098553
vn -0.004244 0.000000 0.099910
vn -0.000000 0.000000 0.100000
vn 0.012702 0.000000 0.099190
vn 0.016951 0.000000 0.098553
vn 0.029282 0.000000 0.095617
vn 0.033411 0.000000 0.094253
vn 0.045020 0.000000 0.089293
vn 0.048904 0.000000 0.087226
vn 0.059463 0.000000 0.080400
vn 0.062982 0.000000 0.077674
vn 0.072196 0.000000 0.069194
vn 0.075237 0.000000 0.065874
vn 0.082851 0.000000 0.055997
vn 0.085314 0.000000 0.052167
vn 0.091123 0.000000 0.041190
vn 0.092923 0.000000 0.036951
vn 0.096773 0.000000 0.025198
vn 0.097841 0.000000 0.020665
vn 0.099640 0.000000 0.008481
vn 0.099928 0.000000 0.003781
vn 0.099640 0.000000 -0.008481
vn 0.099123 0.000000 -0.013212
vn 0.096773 0.000000 -0.025198
vn 0.095449 0.000000 -0.029823
vn 0.091123 0.000000 -0.041190
vn 0.000000 -0.100000 0.000000
vn 0.000000 -0.100000 0.000000
vn 0.000000 -0.100000 0.000000
vn 0.000000 -0.100000 0.000000
vn 0.000000 -0.100000 0.000000
vn 0.000000 -0.100000 0.000000
vn 0.000000 -0.100000 0.000000
vn 0.000000 -0.100000 0.000000
vn 0.000000 -0.100000 0.000000
vn 0.000000 -0.100000 0.000000
vn 0.000000 -0.100000 0.000000
vn 0.000000 -0.100000 0.000000
vn 0.000000 -0.100000 0.000000
vn 0.000000 -0.100000 0.000000
vn 0.000000 -0.100000 0.000000
vn 0.000000 -0.100000 0.000000
vn 0.000000 -0.100000 0.000000
vn 0.000000 -0.100000 0.000000
vn 0.000000 -0.100000 0.000000
vn 0.000000 -0.100000 0.000000
vn 0.000000 -0.100000 0.000000
vn 0.000000 -0.100000 0.000000
vn 0.000000 -0.100000 0.000000
vn 0.000000 -0.100000 0.000000
vn 0.000000 -0.100000 0.000000
vn 0.000000 -0.100000 0.000000
vn 0.000000 -0.100000 0.000000
vn 0.000000 -0.100000 0.000000
vn 0.000000 -0.100000 0.000000
vn 0.000000 -0.100000 0.000000
vn 0.000000 -0.100000 0.000000
vn 0.000000 -0.100000 0.000000
vn 0.000000 -0.100000 0.000000
vn 0.000000 -0.100000 0.000000
vn 0.000000 -0.100000 0.000000
vn 0.000000 -0.100000 0.000000
vn 0.000000 -0.100000 0.000000
vn 0.000000 -0.100000 0.000000
vn 0.000000 -0.100000 0.000000
vn 0.000000 -0.100000 0.000000
vn 0.000000 -0.100000 0.000000
vn 0.000000 -0.100000 0.000000
vn 0.000000 -0.100000 0.000000
vn 0.000000 -0.100000 0.000000
vn 0.000000 -0.100000 0.000000
vn 0.000000 -0.100000 0.000000
vn 0.000000 -0.100000 0.000000
vn 0.000000 -0.100000 0.000000
vn 0.000000 -0.100000 0.000000
vn 0.000000 -0.100000 0.000000
vn 0.000000 -0.100000 0.000000
vn 0.000000 -0.100000 0.000000
vn 0.000000 -0.100000 0.000000
vn 0.000000 -0.100000 0.000000
vn 0.000000 -0.100000 0.000000
vn 0.000000 -0.100000 0.000000
vn 0.000000 -0.100000 0.000000
vn 0.000000 -0.100000 0.000000
vn 0.000000 -0.100000 0.000000
vn 0.000000 -0.100000 0.000000
vn 0.000000 -0.100000 0.000000
vn 0.000000 -0.100000 0.000000
vn 0.000000 -0.100000 0.000000
vn 0.000000 -0.100000 0.000000
vn 0.000000 -0.100000 0.000000
vn 0.000000 -0.100000 0.000000
vn 0.000000 -0.100000 0.000000
vn 0.000000 -0.100000 0.000000
vn 0.000000 -0.100000 0.000000
vn 0.000000 -0.100000 0.000000
vn 0.000000 -0.100000 0.000000
vn 0.000000 -0.100000 0.000000
vn 0.000000 -0.100000 0.000000
vn 0.000000 -0.100000 0.000000
vn 0.000000 -0.100000 0.000000
vn 0.000000 -0.100000 0.000000
vn 0.000000 -0.100000 0.000000
usemtl Aluminum_-_Polished
f 2/1/1 86/2/2 1/3/3
f 1/3/3 86/2/2 95/4/4
f 1/3/3 95/4/4 40/5/5
f 40/5/5 95/4/4 276/6/6
f 40/5/5 276/6/6 39/7/7
f 39/7/7 276/6/6 271/8/8
f 39/7/7 271/8/8 38/9/9
f 38/9/9 271/8/8 266/10/10
f 38/9/9 266/10/10 37/11/11
f 37/11/11 266/10/10 261/12/12
f 37/11/11 261/12/12 36/13/13
f 36/13/13 261/12/12 256/14/14
f 36/13/13 256/14/14 35/15/15
f 35/15/15 256/14/14 251/16/16
f 35/15/15 251/16/16 34/17/17
f 34/17/17 251/16/16 246/18/18
f 34/17/17 246/18/18 33/19/19
f 33/19/19 246/18/18 241/20/20
f 33/19/19 241/20/20 32/21/21
f 32/21/21 241/20/20 236/22/22
f 32/21/21 236/22/22 31/23/23
f 31/23/23 236/22/22 231/24/24
f 31/23/23 231/24/24 30/25/25
f 30/25/25 231/24/24 226/26/26
f 30/25/25 226/26/26 29/27/27
f 29/27/27 226/26/26 221/28/28
f 29/27/27 221/28/28 28/29/29
f 28/29/29 221/28/28 216/30/30
f 28/29/29 216/30/30 27/31/31
f 27/31/31 216/30/30 211/32/32
f 27/31/31 211/32/32 26/33/33
f 26/33/33 211/32/32 206/34/34
f 26/33/33 206/34/34 25/35/35
f 25/35/35 206/34/34 201/36/36
f 25/35/35 201/36/36 24/37/37
f 24/37/37 201/36/36 196/38/38
f 24/37/37 196/38/38 23/39/39
f 23/39/39 196/38/38 191/40/40
f 23/39/39 191/40/40 22/41/41
f 22/41/41 191/40/40 186/42/42
f 22/41/41 186/42/42 21/43/43
f 21/43/43 186/42/42 181/44/44
f 21/43/43 181/44/44 20/45/45
f 20/45/45 181/44/44 176/46/46
f 20/45/45 176/46/46 19/47/47
f 19/47/47 176/46/46 171/48/48
f 19/47/47 171/48/48 18/49/49
f 18/49/49 171/48/48 166/50/50
f 18/49/49 166/50/50 17/51/51
f 17/51/51 166/50/50 161/52/52
f 17/51/51 161/52/52 16/53/53
f 16/53/53 161/52/52 156/54/54
f 16/53/53 156/54/54 15/55/55
f 15/55/55 156/54/54 151/56/56
f 15/55/55 151/56/56 14/57/57
f 14/57/57 151/56/56 146/58/58
f 14/57/57 146/58/58 13/59/59
f 13/59/59 146/58/58 141/60/60
f 13/59/59 141/60/60 12/61/61
f 12/61/61 141/60/60 136/62/62
f 12/61/61 136/62/62 11/63/63
f 11/63/63 136/62/62 81/64/64
f 11/65/63 81/66/64 10/67/65
f 10/67/65 81/66/64 131/68/66
f 10/67/65 131/68/66 9/69/67
f 9/69/67 131/68/66 126/70/68
f 9/69/67 126/70/68 8/71/69
f 8/71/69 126/70/68 121/72/70
f 8/71/69 121/72/70 7/73/71
f 7/73/71 121/72/70 116/74/72
f 7/73/71 116/74/72 6/75/73
f 6/75/73 116/74/72 111/76/74
f 6/75/73 111/76/74 5/77/75
f 5/77/75 111/76/74 106/78/76
f 5/77/75 106/78/76 4/79/77
f 4/79/77 106/78/76 101/80/78
f 4/79/77 101/80/78 3/81/79
f 3/81/79 101/80/78 96/82/80
f 3/81/79 96/82/80 2/1/1
f 2/1/1 96/82/80 86/2/2
f 42/83/81 280/84/82 41/85/83
f 41/85/83 280/84/82 91/86/84
f 41/85/83 91/86/84 80/87/85
f 80/87/85 91/86/84 90/88/86
f 80/87/85 90/88/86 79/89/87
f 79/89/87 90/88/86 100/90/88
f 79/89/87 100/90/88 78/91/89
f 78/91/89 100/90/88 105/92/90
f 78/91/89 105/92/90 77/93/91
f 77/93/91 105/92/90 110/94/92
f 77/93/91 110/94/92 76/95/93
f 76/95/93 110/94/92 115/96/94
f 76/95/93 115/96/94 75/97/95
f 75/97/95 115/96/94 120/98/96
f 75/97/95 120/98/96 74/99/97
f 74/99/97 120/98/96 125/100/98
f 74/99/97 125/100/98 73/101/99
f 73/101/99 125/100/98 130/102/100
f 73/101/99 130/102/100 72/103/101
f 72/103/101 130/102/100 135/104/102
f 72/103/101 135/104/102 71/105/103
f 71/105/103 135/104/102 85/106/104
f 71/107/103 85/108/104 70/109/105
f 70/109/105 85/108/104 140/110/106
f 70/109/105 140/110/106 69/111/107
f 69/111/107 140/110/106 145/112/108
f 69/111/107 145/112/108 68/113/109
f 68/113/109 145/112/108 150/114/110
f 68/113/109 150/114/110 67/115/111
f 67/115/111 150/114/110 155/116/112
f 67/115/111 155/116/112 66/117/113
f 66/117/113 155/116/112 160/118/114
f 66/117/113 160/118/114 65/119/115
f 65/119/115 160/118/114 165/120/116
f 65/119/115 165/120/116 64/121/117
f 64/121/117 165/120/116 170/122/118
f 64/121/117 170/122/118 63/123/119
f 63/123/119 170/122/118 175/124/120
f 63/123/119 175/124/120 62/125/121
f 62/125/121 175/124/120 180/126/122
f 62/125/121 180/126/122 61/127/123
f 61/127/123 180/126/122 185/128/124
f 61/127/123 185/128/124 60/129/125
f 60/129/125 185/128/124 190/130/126
f 60/129/125 190/130/126 59/131/127
f 59/131/127 190/130/126 195/132/128
f 59/131/127 195/132/128 58/133/129
f 58/133/129 195/132/128 200/134/130
f 58/133/129 200/134/130 57/135/131
f 57/135/131 200/134/130 205/136/132
f 57/135/131 205/136/132 56/137/133
f 56/137/133 205/136/132 210/138/134
f 56/137/133 210/138/134 55/139/135
f 55/139/135 210/138/134 215/140/136
f 55/139/135 215/140/136 54/141/137
f 54/141/137 215/140/136 220/142/138
f 54/141/137 220/142/138 53/143/139
f 53/143/139 220/142/138 225/144/140
f 53/143/139 225/144/140 52/145/141
f 52/145/141 225/144/140 230/146/142
f 52/145/141 230/146/142 51/147/143
f 51/147/143 230/146/142 235/148/144
f 51/147/143 235/148/144 50/149/145
f 50/149/145 235/148/144 240/150/146
f 50/149/145 240/150/146 49/151/147
f 49/151/147 240/150/146 245/152/148
f 49/151/147 245/152/148 48/153/149
f 48/153/149 245/152/148 250/154/150
f 48/153/149 250/154/150 47/155/151
f 47/155/151 250/154/150 255/156/152
f 47/155/151 255/156/152 46/157/153
f 46/157/153 255/156/152 260/158/154
f 46/157/153 260/158/154 45/159/155
f 45/159/155 260/158/154 265/160/156
f 45/159/155 265/160/156 44/161/157
f 44/161/157 265/160/156 270/162/158
f 44/161/157 270/162/158 43/163/159
f 43/163/159 270/162/158 275/164/160
f 43/163/159 275/164/160 42/83/81
f 42/83/81 275/164/160 280/84/82
f 81/66/64 82/165/161 131/68/66
f 131/68/66 82/165/161 132/166/162
f 131/68/66 132/166/162 126/70/68
f 126/70/68 132/166/162 127/167/163
f 126/70/68 127/167/163 121/72/70
f 121/72/70 127/167/163 122/168/164
f 121/72/70 122/168/164 116/74/72
f 116/74/72 122/168/164 117/169/165
f 116/74/72 117/169/165 111/76/74
f 111/76/74 117/169/165 112/170/166
f 111/76/74 112/170/166 106/78/76
f 106/78/76 112/170/166 107/171/167
f 106/78/76 107/171/167 101/80/78
f 101/80/78 107/171/167 102/172/168
f 101/80/78 102/172/168 96/82/80
f 96/82/80 102/172/168 97/173/169
f 96/82/80 97/173/169 86/2/2
f 86/2/2 97/173/169 87/174/170
f 86/2/2 87/174/170 95/4/4
f 95/4/4 87/174/170 94/175/171
f 95/4/4 94/175/171 276/6/6
f 276/6/6 94/175/171 277/176/172
f 276/6/6 277/176/172 271/8/8
f 271/8/8 277/176/172 272/177/173
f 271/8/8 272/177/173 266/10/10
f 266/10/10 272/177/173 267/178/174
f 266/10/10 267/178/174 261/12/12
f 261/12/12 267/178/174 262/179/175
f 261/12/12 262/179/175 256/14/14
f 256/14/14 262/179/175 257/180/176
f 256/14/14 257/180/176 251/16/16
f 251/16/16 257/180/176 252/181/177
f 251/16/16 252/181/177 246/18/18
f 246/18/18 252/181/177 247/182/178
f 246/18/18 247/182/178 241/20/20
f 241/20/20 247/182/178 242/183/179
f 241/20/20 242/183/179 236/22/22
f 236/22/22 242/183/179 237/184/180
f 236/22/22 237/184/180 231/24/24
f 231/24/24 237/184/180 232/185/181
f 231/24/24 232/185/181 226/26/26
f 226/26/26 232/185/181 227/186/182
f 226/26/26 227/186/182 221/28/28
f 221/28/28 227/186/182 222/187/183
f 221/28/28 222/187/183 216/30/30
f 216/30/30 222/187/183 217/188/184
f 216/30/30 217/188/184 211/32/32
f 211/32/32 217/188/184 212/189/185
f 211/32/32 212/189/185 206/34/34
f 206/34/34 212/189/185 207/190/186
f 206/34/34 207/190/186 201/36/36
f 201/36/36 207/190/186 202/191/187
f 201/36/36 202/191/187 196/38/38
f 196/38/38 202/191/187 197/192/188
f 196/38/38 197/192/188 191/40/40
f 191/40/40 197/192/188 192/193/189
f 191/40/40 192/193/189 186/42/42
f 186/42/42 192/193/189 187/194/190
f 186/42/42 187/194/190 181/44/44
f 181/44/44 187/194/190 182/195/191
f 181/44/44 182/195/191 176/46/46
f 176/46/46 182/195/191 177/196/192
f 176/46/46 177/196/192 171/48/48
f 171/48/48 177/196/192 172/197/193
f 171/48/48 172/197/193 166/50/50
f 166/50/50 172/197/193 167/198/194
f 166/50/50 167/198/194 161/52/52
f 161/52/52 167/198/194 162/199/195
f 161/52/52 162/199/195 156/54/54
f 156/54/54 162/199/195 157/200/196
f 156/54/54 157/200/196 151/56/56
f 151/56/56 157/200/196 152/201/197
f 151/56/56 152/201/197 146/58/58
f 146/58/58 152/201/197 147/202/198
f 146/58/58 147/202/198 141/60/60
f 141/60/60 147/202/198 142/203/199
f 141/60/60 142/203/199 136/62/62
f 136/62/62 142/203/199 137/204/200
f 136/62/62 137/204/200 81/64/64
f 81/64/64 137/204/200 82/205/161
f 82/165/161 83/206/201 132/166/162
f 132/166/162 83/206/201 133/207/202
f 132/166/162 133/207/202 127/167/163
f 127/167/163 133/207/202 128/208/203
f 127/167/163 128/208/203 122/168/164
f 122/168/164 128/208/203 123/209/204
f 122/168/164 123/209/204 117/169/165
f 117/169/165 123/209/204 118/210/205
f 117/169/165 118/210/205 112/170/166
f 112/170/166 118/210/205 113/211/206
f 112/170/166 113/211/206 107/171/167
f 107/171/167 113/211/206 108/212/207
f 107/171/167 108/212/207 102/172/168
f 102/172/168 108/212/207 103/213/208
f 102/172/168 103/213/208 97/173/169
f 97/173/169 103/213/208 98/214/209
f 97/173/169 98/214/209 87/174/170
f 87/174/170 98/214/209 88/215/210
f 87/174/170 88/215/210 94/175/171
f 94/175/171 88/215/210 93/216/211
f 94/175/171 93/216/211 277/176/172
f 277/176/172 93/216/211 278/217/212
f 277/176/172 278/217/212 272/177/173
f 272/177/173 278/217/212 273/218/213
f 272/177/173 273/218/213 267/178/174
f 267/178/174 273/218/213 268/219/214
f 267/178/174 268/219/214 262/179/175
f 262/179/175 268/219/214 263/220/215
f 262/179/175 263/220/215 257/180/176
f 257/180/176 263/220/215 258/221/216
f 257/180/176 258/221/216 252/181/177
f 252/181/177 258/221/216 253/222/217
f 252/181/177 253/222/217 247/182/178
f 247/182/178 253/222/217 248/223/218
f 247/182/178 248/223/218 242/183/179
f 242/183/179 248/223/218 243/224/219
f 242/183/179 243/224/219 237/184/180
f 237/184/180 243/224/219 238/225/220
f 237/184/180 238/225/220 232/185/181
f 232/185/181 238/225/220 233/226/221
f 232/185/181 233/226/221 227/186/182
f 227/186/182 233/226/221 228/227/222
f 227/186/182 228/227/222 222/187/183
f 222/187/183 228/227/222 223/228/223
f 222/187/183 223/228/223 217/188/184
f 217/188/184 223/228/223 218/229/224
f 217/188/184 218/229/224 212/189/185
f 212/189/185 218/229/224 213/230/225
f 212/189/185 213/230/225 207/190/186
f 207/190/186 213/230/225 208/231/226
f 207/190/186 208/231/226 202/191/187
f 202/191/187 208/231/226 203/232/227
f 202/191/187 203/232/227 197/192/188
f 197/192/188 203/232/227 198/233/228
f 197/192/188 198/233/228 192/193/189
f 192/193/189 198/233/228 193/234/229
f 192/193/189 193/234/229 187/194/190
f 187/194/190 193/234/229 188/235/230
f 187/194/190 188/235/230 182/195/191
f 182/195/191 188/235/230 183/236/231
f 182/195/191 183/236/231 177/196/192
f 177/196/192 183/236/231 178/237/232
f 177/196/192 178/237/232 172/197/193
f 172/197/193 178/237/232 173/238/233
f 172/197/193 173/238/233 167/198/194
f 167/198/194 173/238/233 168/239/234
f 167/198/194 168/239/234 162/199/195
f 162/199/195 168/239/234 163/240/235
f 162/199/195 163/240/235 157/200/196
f 157/200/196 163/240/235 158/241/236
f 157/200/196 158/241/236 152/201/197
f 152/201/197 158/241/236 153/242/237
f 152/201/197 153/242/237 147/202/198
f 147/202/198 153/242/237 148/243/238
f 147/202/198 148/243/238 142/203/199
f 142/203/199 148/243/238 143/244/239
f 142/203/199 143/244/239 137/204/200
f 137/204/200 143/244/239 138/245/240
f 137/204/200 138/245/240 82/205/161
f 82/205/161 138/245/240 83/246/201
f 83/206/201 84/247/241 133/207/202
f 133/207/202 84/247/241 134/248/242
f 133/207/202 134/248/242 128/208/203
f 128/208/203 134/248/242 129/249/243
f 128/208/203 129/249/243 123/209/204
f 123/209/204 129/249/243 124/250/244
f 123/209/204 124/250/244 118/210/205
f 118/210/205 124/250/244 119/251/245
f 118/210/205 119/251/245 113/211/206
f 113/211/206 119/251/245 114/252/246
f 113/211/206 114/252/246 108/212/207
f 108/212/207 114/252/246 109/253/247
f 108/212/207 109/253/247 103/213/208
f 103/213/208 109/253/247 104/254/248
f 103/213/208 104/254/248 98/214/209
f 98/214/209 104/254/248 99/255/249
f 98/214/209 99/255/249 88/215/210
f 88/215/210 99/255/249 89/256/250
f 88/215/210 89/256/250 93/216/211
f 93/216/211 89/256/250 92/257/251
f 93/216/211 92/257/251 278/217/212
f 278/217/212 92/257/251 279/258/252
f 278/217/212 279/258/252 273/218/213
f 273/218/213 279/258/252 274/259/253
f 273/218/213 274/259/253 268/219/214
f 268/219/214 274/259/253 269/260/254
f 268/219/214 269/260/254 263/220/215
f 263/220/215 269/260/254 264/261/255
f 263/220/215 264/261/255 258/221/216
f 258/221/216 264/261/255 259/262/256
f 258/221/216 259/262/256 253/222/217
f 253/222/217 259/262/256 254/263/257
f 253/222/217 254/263/257 248/223/218
f 248/223/218 254/263/257 249/264/258
f 248/223/218 249/264/258 243/224/219
f 243/224/219 249/264/258 244/265/259
f 243/224/219 244/265/259 238/225/220
f 238/225/220 244/265/259 239/266/260
f 238/225/220 239/266/260 233/226/221
f 233/226/221 239/266/260 234/267/261
f 233/226/221 234/267/261 228/227/222
f 228/227/222 234/267/261 229/268/262
f 228/227/222 229/268/262 223/228/223
f 223/228/223 229/268/262 224/269/263
f 223/228/223 224/269/263 218/229/224
f 218/229/224 224/269/263 219/270/264
f 218/229/224 219/270/264 213/230/225
f 213/230/225 219/270/264 214/271/265
f 213/230/225 214/271/265 208/231/226
f 208/231/226 214/271/265 209/272/266
f 208/231/226 209/272/266 203/232/227
f 203/232/227 209/272/266 204/273/267
f 203/232/227 204/273/267 198/233/228
f 198/233/228 204/273/267 199/274/268
f 198/233/228 199/274/268 193/234/229
f 193/234/229 199/274/268 194/275/269
f 193/234/229 194/275/269 188/235/230
f 188/235/230 194/275/269 189/276/270
f 188/235/230 189/276/270 183/236/231
f 183/236/231 189/276/270 184/277/271
f 183/236/231 184/277/271 178/237/232
f 178/237/232 184/277/271 179/278/272
f 178/237/232 179/278/272 173/238/233
f 173/238/233 179/278/272 174/279/273
f 173/238/233 174/279/273 168/239/234
f 168/239/234 174/279/273 169/280/274
f 168/239/234 169/280/274 163/240/235
f 163/240/235 169/280/274 164/281/275
f 163/240/235 164/281/275 158/241/236
f 158/241/236 164/281/275 159/282/276
f 158/241/236 159/282/276 153/242/237
f 153/242/237 159/282/276 154/283/277
f 153/242/237 154/283/277 148/243/238
f 148/243/238 154/283/277 149/284/278
f 148/243/238 149/284/278 143/244/239
f 143/244/239 149/284/278 144/285/279
f 143/244/239 144/285/279 138/245/240
f 138/245/240 144/285/279 139/286/280
f 138/245/240 139/286/280 83/246/201
f 83/246/201 139/286/280 84/287/241
f 84/247/241 85/106/104 134/248/242
f 134/248/242 85/106/104 135/104/102
f 134/248/242 135/104/102 129/249/243
f 129/249/243 135/104/102 130/102/100
f 129/249/243 130/102/100 124/250/244
f 124/250/244 130/102/100 125/100/98
f 124/250/244 125/100/98 119/251/245
f 119/251/245 125/100/98 120/98/96
f 119/251/245 120/98/96 114/252/246
f 114/252/246 120/98/96 115/96/94
f 114/252/246 115/96/94 109/253/247
f 109/253/247 115/96/94 110/94/92
f 109/253/247 110/94/92 104/254/248
f 104/254/248 110/94/92 105/92/90
f 104/254/248 105/92/90 99/255/249
f 99/255/249 105/92/90 100/90/88
f 99/255/249 100/90/88 89/256/250
f 89/256/250 100/90/88 90/88/86
f 89/256/250 90/88/86 92/257/251
f 92/257/251 90/88/86 91/86/84
f 92/257/251 91/86/84 279/258/252
f 279/258/252 91/86/84 280/84/82
f 279/258/252 280/84/82 274/259/253
f 274/259/253 280/84/82 275/164/160
f 274/259/253 275/164/160 269/260/254
f 269/260/254 275/164/160 270/162/158
f 269/260/254 270/162/158 264/261/255
f 264/261/255 270/162/158 265/160/156
f 264/261/255 265/160/156 259/262/256
f 259/262/256 265/160/156 260/158/154
f 259/262/256 260/158/154 254/263/257
f 254/263/257 260/158/154 255/156/152
f 254/263/257 255/156/152 249/264/258
f 249/264/258 255/156/152 250/154/150
f 249/264/258 250/154/150 244/265/259
f 244/265/259 250/154/150 245/152/148
f 244/265/259 245/152/148 239/266/260
f 239/266/260 245/152/148 240/150/146
f 239/266/260 240/150/146 234/267/261
f 234/267/261 240/150/146 235/148/144
f 234/267/261 235/148/144 229/268/262
f 229/268/262 235/148/144 230/146/142
f 229/268/262 230/146/142 224/269/263
f 224/269/263 230/146/142 225/144/140
f 224/269/263 225/144/140 219/270/264
f 219/270/264 225/144/140 220/142/138
f 219/270/264 220/142/138 214/271/265
f 214/271/265 220/142/138 215/140/136
f 214/271/265 215/140/136 209/272/266
f 209/272/266 215/140/136 210/138/134
f 209/272/266 210/138/134 204/273/267
f 204/273/267 210/138/134 205/136/132
f 204/273/267 205/136/132 199/274/268
f 199/274/268 205/136/132 200/134/130
f 199/274/268 200/134/130 194/275/269
f 194/275/269 200/134/130 195/132/128
f 194/275/269 195/132/128 189/276/270
f 189/276/270 195/132/128 190/130/126
f 189/276/270 190/130/126 184/277/271
f 184/277/271 190/130/126 185/128/124
f 184/277/271 185/128/124 179/278/272
f 179/278/272 185/128/124 180/126/122
f 179/278/272 180/126/122 174/279/273
f 174/279/273 180/126/122 175/124/120
f 174/279/273 175/124/120 169/280/274
f 169/280/274 175/124/120 170/122/118
f 169/280/274 170/122/118 164/281/275
f 164/281/275 170/122/118 165/120/116
f 164/281/275 165/120/116 159/282/276
f 159/282/276 165/120/116 160/118/114
f 159/282/276 160/118/114 154/283/277
f 154/283/277 160/118/114 155/116/112
f 154/283/277 155/116/112 149/284/278
f 149/284/278 155/116/112 150/114/110
f 149/284/278 150/114/110 144/285/279
f 144/285/279 150/114/110 145/112/108
f 144/285/279 145/112/108 139/286/280
f 139/286/280 145/112/108 140/110/106
f 139/286/280 140/110/106 84/287/241
f 84/287/241 140/110/106 85/108/104
f 282/288/281 42/289/81 281/290/282
f 281/290/282 42/289/81 41/291/83
f 281/290/282 41/291/83 80/292/85
f 42/289/81 282/288/281 43/293/159
f 43/293/159 282/288/281 283/294/283
f 43/293/159 283/294/283 44/295/157
f 44/295/157 283/294/283 284/296/284
f 44/295/157 284/296/284 45/297/155
f 45/297/155 284/296/284 285/298/285
f 45/297/155 285/298/285 46/299/153
f 46/299/153 285/298/285 286/300/286
f 46/299/153 286/300/286 47/301/151
f 47/301/151 286/300/286 287/302/287
f 47/301/151 287/302/287 48/303/149
f 48/303/149 287/302/287 288/304/288
f 48/303/149 288/304/288 49/305/147
f 49/305/147 288/304/288 50/306/145
f 50/306/145 288/304/288 289/307/289
f 50/306/145 289/307/289 51/308/143
f 51/308/143 289/307/289 290/309/290
f 51/308/143 290/309/290 52/310/141
f 52/310/141 290/309/290 291/311/291
f 52/310/141 291/311/291 53/312/139
f 53/312/139 291/311/291 292/313/292
f 53/312/139 292/313/292 54/314/137
f 54/314/137 292/313/292 293/315/293
f 54/314/137 293/315/293 55/316/135
f 55/316/135 293/315/293 294/317/294
f 55/316/135 294/317/294 56/318/133
f 56/318/133 294/317/294 295/319/295
f 56/318/133 295/319/295 57/320/131
f 57/320/131 295/319/295 58/321/129
f 58/321/129 295/319/295 296/322/296
f 58/321/129 296/322/296 59/323/127
f 59/323/127 296/322/296 297/324/297
f 59/323/127 297/324/297 60/325/125
f 60/325/125 297/324/297 298/326/298
f 60/325/125 298/326/298 61/327/123
f 61/327/123 298/326/298 299/328/299
f 61/327/123 299/328/299 62/329/121
f 62/329/121 299/328/299 300/330/300
f 62/329/121 300/330/300 63/331/119
f 63/331/119 300/330/300 301/332/301
f 63/331/119 301/332/301 64/333/117
f 64/333/117 301/332/301 302/334/302
f 64/333/117 302/334/302 65/335/115
f 65/335/115 302/334/302 66/336/113
f 66/336/113 302/334/302 303/337/303
f 66/336/113 303/337/303 67/338/111
f 67/338/111 303/337/303 304/339/304
f 67/338/111 304/339/304 68/340/109
f 68/340/109 304/339/304 305/341/305
f 68/340/109 305/341/305 69/342/107
f 69/342/107 305/341/305 306/343/306
f 69/342/107 306/343/306 70/344/105
f 70/344/105 306/343/306 307/345/307
f 70/344/105 307/345/307 71/346/103
f 71/346/103 307/345/307 308/347/308
f 71/346/103 308/347/308 72/348/101
f 72/348/101 308/347/308 309/349/309
f 72/348/101 309/349/309 73/350/99
f 73/350/99 309/349/309 74/351/97
f 74/351/97 309/349/309 310/352/310
f 74/351/97 310/352/310 75/353/95
f 75/353/95 310/352/310 311/354/311
f 75/353/95 311/354/311 76/355/93
f 76/355/93 311/354/311 312/356/312
f 76/355/93 312/356/312 77/357/91
f 77/357/91 312/356/312 313/358/313
f 77/357/91 313/358/313 78/359/89
f 78/359/89 313/358/313 314/360/314
f 78/359/89 314/360/314 79/361/87
f 79/361/87 314/360/314 315/362/315
f 79/361/87 315/362/315 80/292/85
f 80/292/85 315/362/315 281/290/282
f 317/363/316 22/364/41 316/365/317
f 316/365/317 22/364/41 21/366/43
f 316/367/317 21/368/43 355/369/318
f 355/369/318 21/368/43 20/370/45
f 355/369/318 20/370/45 354/371/319
f 354/371/319 20/370/45 19/372/47
f 354/371/319 19/372/47 353/373/320
f 353/373/320 19/372/47 18/374/49
f 353/373/320 18/374/49 352/375/321
f 352/375/321 18/374/49 17/376/51
f 352/375/321 17/376/51 351/377/322
f 351/377/322 17/376/51 16/378/53
f 351/377/322 16/378/53 350/379/323
f 350/379/323 16/378/53 15/380/55
f 350/379/323 15/380/55 349/381/324
f 349/381/324 15/380/55 14/382/57
f 349/381/324 14/382/57 348/383/325
f 348/383/325 14/382/57 13/384/59
f 348/383/325 13/384/59 347/385/326
f 347/385/326 13/384/59 12/386/61
f 347/385/326 12/386/61 346/387/327
f 346/387/327 12/386/61 11/388/63
f 346/387/327 11/388/63 345/389/328
f 345/389/328 11/388/63 10/390/65
f 345/389/328 10/390/65 344/391/329
f 344/391/329 10/390/65 9/392/67
f 344/391/329 9/392/67 343/393/330
f 343/393/330 9/392/67 8/394/69
f 343/393/330 8/394/69 342/395/331
f 342/395/331 8/394/69 7/396/71
f 342/395/331 7/396/71 341/397/332
f 341/397/332 7/396/71 6/398/73
f 341/397/332 6/398/73 340/399/333
f 340/399/333 6/398/73 5/400/75
f 340/399/333 5/400/75 339/401/334
f 339/401/334 5/400/75 4/402/77
f 339/401/334 4/402/77 338/403/335
f 338/403/335 4/402/77 3/404/79
f 338/403/335 3/404/79 337/405/336
f 337/405/336 3/404/79 2/406/1
f 337/405/336 2/406/1 336/407/337
f 336/407/337 2/406/1 1/408/3
f 336/407/337 1/408/3 335/409/338
f 335/409/338 1/408/3 40/410/5
f 335/409/338 40/410/5 334/411/339
f 334/411/339 40/410/5 39/412/7
f 334/411/339 39/412/7 333/413/340
f 333/413/340 39/412/7 38/414/9
f 333/413/340 38/414/9 332/415/341
f 332/415/341 38/414/9 37/416/11
f 332/415/341 37/416/11 331/417/342
f 331/417/342 37/416/11 36/418/13
f 331/417/342 36/418/13 366/419/343
f 366/419/343 36/418/13 35/420/15
f 366/419/343 35/420/15 365/421/344
f 365/421/344 35/420/15 34/422/17
f 365/421/344 34/422/17 364/423/345
f 364/423/345 34/422/17 33/424/19
f 364/423/345 33/424/19 363/425/346
f 363/425/346 33/424/19 32/426/21
f 363/425/346 32/426/21 362/427/347
f 362/427/347 32/426/21 31/428/23
f 362/427/347 31/428/23 361/429/348
f 361/429/348 31/428/23 360/430/349
f 360/430/349 31/428/23 30/431/25
f 360/430/349 30/431/25 359/432/350
f 359/432/350 30/431/25 29/433/27
f 359/432/350 29/433/27 358/434/351
f 358/434/351 29/433/27 28/435/29
f 358/434/351 28/435/29 357/436/352
f 357/436/352 28/435/29 27/437/31
f 357/436/352 27/437/31 356/438/353
f 356/438/353 27/437/31 26/439/33
f 356/438/353 26/439/33 321/440/354
f 321/440/354 26/439/33 320/441/355
f 320/441/355 26/439/33 25/442/35
f 320/441/355 25/442/35 319/443/356
f 319/443/356 25/442/35 24/444/37
f 319/443/356 24/444/37 318/445/357
f 318/445/357 24/444/37 23/446/39
f 318/445/357 23/446/39 317/363/316
f 317/363/316 23/446/39 22/364/41
f 356/438/353 321/440/354 377/447/358
f 377/447/358 321/440/354 322/448/359
f 377/447/358 322/448/359 376/449/360
f 376/449/360 322/448/359 323/450/361
f 376/449/360 323/450/361 375/451/362
f 375/451/362 323/450/361 324/452/363
f 375/451/362 324/452/363 374/453/364
f 374/453/364 324/452/363 325/454/365
f 374/453/364 325/454/365 373/455/366
f 373/455/366 325/454/365 326/456/367
f 373/455/366 326/456/367 372/457/368
f 372/457/368 326/456/367 371/458/369
f 371/458/369 326/456/367 327/459/370
f 371/458/369 327/459/370 370/460/371
f 370/460/371 327/459/370 328/461/372
f 370/460/371 328/461/372 369/462/373
f 369/462/373 328/461/372 329/463/374
f 369/462/373 329/463/374 368/464/375
f 368/464/375 329/463/374 330/465/376
f 368/464/375 330/465/376 367/466/377
f 367/466/377 330/465/376 331/417/342
f 367/466/377 331/417/342 366/419/343
f 379/467/378 390/468/379 378/469/380
f 378/469/380 390/468/379 391/470/381
f 378/469/380 391/470/381 392/471/382
f 379/467/378 380/472/383 390/468/379
f 390/468/379 380/472/383 381/473/384
f 390/468/379 381/473/384 382/474/385
f 382/474/385 383/475/386 390/468/379
f 390/468/379 383/475/386 389/476/387
f 389/476/387 383/475/386 384/477/388
f 389/476/387 384/477/388 385/478/389
f 385/478/389 386/479/390 389/476/387
f 389/476/387 386/479/390 387/480/391
f 389/476/387 387/480/391 388/481/392
f 392/471/382 393/482/393 378/469/380
f 378/469/380 393/482/393 394/483/394
f 378/469/380 394/483/394 395/484/395
f 395/484/395 396/485/396 378/469/380
f 378/469/380 396/485/396 397/486/397
f 378/469/380 397/486/397 398/487/398
f 398/487/398 399/488/399 378/469/380
f 378/469/380 399/488/399 400/489/400
f 378/469/380 400/489/400 401/490/401
f 401/490/401 402/491/402 378/469/380
f 378/469/380 402/491/402 403/492/403
f 378/469/380 403/492/403 404/493/404
f 366/494/405 365/495/406 404/493/404
f 404/493/404 365/495/406 364/496/407
f 404/493/404 364/496/407 363/497/408
f 363/497/408 362/498/409 404/493/404
f 404/493/404 362/498/409 361/499/410
f 404/493/404 361/499/410 378/469/380
f 378/469/380 361/499/410 360/500/411
f 378/469/380 360/500/411 359/501/412
f 359/501/412 358/502/413 378/469/380
f 378/469/380 358/502/413 357/503/414
f 378/469/380 357/503/414 356/504/415
f 405/505/416 378/506/417 377/507/418
f 377/507/418 378/506/417 356/508/419
f 406/509/420 407/510/421 367/511/422
f 367/511/422 407/510/421 408/512/423
f 367/511/422 408/512/423 409/513/424
f 367/511/422 409/513/424 368/514/425
f 368/514/425 409/513/424 410/515/426
f 368/514/425 410/515/426 369/516/427
f 369/516/427 410/515/426 370/517/428
f 370/517/428 410/515/426 411/518/429
f 370/517/428 411/518/429 371/519/430
f 371/519/430 411/518/429 372/520/431
f 372/520/431 411/518/429 412/521/432
f 372/520/431 412/521/432 373/522/433
f 373/522/433 412/521/432 374/523/434
f 374/523/434 412/521/432 413/524/435
f 374/523/434 413/524/435 375/525/436
f 375/525/436 413/524/435 376/526/437
f 376/526/437 413/524/435 414/527/438
f 376/526/437 414/527/438 377/528/439
f 377/528/439 414/527/438 415/529/440
f 377/528/439 415/529/440 416/530/441
f 416/530/441 405/531/442 377/528/439
f 404/532/443 406/533/444 366/534/445
f 366/534/445 406/533/444 367/535/446
f 418/536/447 429/537/448 417/538/449
f 417/538/449 429/537/448 430/539/450
f 417/538/449 430/539/450 442/540/451
f 442/540/451 430/539/450 431/541/452
f 442/540/451 431/541/452 441/542/453
f 441/542/453 431/541/452 432/543/454
f 441/542/453 432/543/454 440/544/455
f 440/544/455 432/543/454 433/545/456
f 440/544/455 433/545/456 439/546/457
f 439/546/457 433/545/456 434/547/458
f 439/546/457 434/547/458 438/548/459
f 438/548/459 434/547/458 435/549/460
f 438/548/459 435/549/460 437/550/461
f 437/550/461 435/549/460 436/551/462
f 429/537/448 418/536/447 428/552/463
f 428/552/463 418/536/447 419/553/464
f 428/552/463 419/553/464 427/554/465
f 427/554/465 419/553/464 420/555/466
f 427/554/465 420/555/466 426/556/467
f 426/556/467 420/555/466 421/557/468
f 426/556/467 421/557/468 425/558/469
f 425/558/469 421/557/468 422/559/470
f 425/558/469 422/559/470 424/560/471
f 424/560/471 422/559/470 423/561/472
f 315/562/473 457/563/474 281/564/475
f 281/564/475 457/563/474 460/565/476
f 281/564/475 460/565/476 521/566/477
f 521/566/477 460/565/476 459/567/478
f 521/566/477 459/567/478 522/568/479
f 522/568/479 459/567/478 430/569/450
f 522/568/479 430/569/450 429/570/448
f 457/563/474 315/562/473 461/571/480
f 461/571/480 315/562/473 314/572/481
f 461/571/480 314/572/481 462/573/482
f 462/573/482 314/572/481 313/574/483
f 462/573/482 313/574/483 464/575/484
f 464/575/484 313/574/483 312/576/485
f 464/575/484 312/576/485 466/577/486
f 466/577/486 312/576/485 311/578/487
f 466/577/486 311/578/487 467/579/488
f 467/579/488 311/578/487 310/580/489
f 467/579/488 310/580/489 469/581/490
f 469/581/490 310/580/489 309/582/491
f 469/581/490 309/582/491 473/583/492
f 473/583/492 309/582/491 471/584/493
f 473/583/492 471/584/493 472/585/494
f 472/585/494 471/584/493 475/586/495
f 472/585/494 475/586/495 436/587/462
f 436/587/462 475/586/495 437/588/461
f 437/588/461 475/586/495 477/589/496
f 437/588/461 477/589/496 454/590/497
f 454/590/497 477/589/496 476/591/498
f 454/590/497 476/591/498 478/592/499
f 478/592/499 476/591/498 306/593/500
f 478/592/499 306/593/500 305/594/501
f 309/582/491 308/595/502 471/584/493
f 471/584/493 308/595/502 474/596/503
f 471/584/493 474/596/503 475/586/495
f 475/586/495 474/596/503 477/589/496
f 308/595/502 307/597/504 474/596/503
f 474/596/503 307/597/504 476/591/498
f 474/596/503 476/591/498 477/589/496
f 307/597/504 306/593/500 476/591/498
f 478/592/499 305/594/501 479/598/505
f 479/598/505 305/594/501 304/599/506
f 479/598/505 304/599/506 481/600/507
f 481/600/507 304/599/506 303/601/508
f 481/600/507 303/601/508 483/602/509
f 483/602/509 303/601/508 302/603/510
f 483/602/509 302/603/510 487/604/511
f 487/604/511 302/603/510 484/605/512
f 487/604/511 484/605/512 485/606/513
f 485/606/513 484/605/512 456/607/514
f 485/606/513 456/607/514 441/608/453
f 441/608/453 456/607/514 442/609/451
f 442/609/451 456/607/514 490/610/515
f 442/609/451 490/610/515 417/611/449
f 417/611/449 490/610/515 444/612/516
f 417/613/449 444/614/516 492/615/517
f 492/615/517 444/614/516 443/616/518
f 492/615/517 443/616/518 491/617/519
f 491/617/519 443/616/518 298/618/520
f 491/617/519 298/618/520 297/619/521
f 302/603/510 301/620/522 484/605/512
f 484/605/512 301/620/522 488/621/523
f 484/605/512 488/621/523 456/607/514
f 456/607/514 488/621/523 490/610/515
f 301/620/522 300/622/524 488/621/523
f 488/621/523 300/622/524 489/623/525
f 488/621/523 489/623/525 490/610/515
f 490/610/515 489/623/525 444/612/516
f 300/622/524 299/624/526 489/623/525
f 489/623/525 299/624/526 443/625/518
f 489/623/525 443/625/518 444/612/516
f 299/626/526 298/618/520 443/616/518
f 491/617/519 297/619/521 493/627/527
f 493/627/527 297/619/521 296/628/528
f 493/627/527 296/628/528 494/629/529
f 494/629/529 296/628/528 295/630/530
f 494/629/529 295/630/530 498/631/531
f 498/631/531 295/630/530 496/632/532
f 498/631/531 496/632/532 446/633/533
f 446/633/533 496/632/532 500/634/534
f 446/633/533 500/634/534 421/635/468
f 421/635/468 500/634/534 502/636/535
f 421/635/468 502/636/535 422/637/470
f 422/637/470 502/636/535 447/638/536
f 422/637/470 447/638/536 423/639/472
f 423/639/472 447/638/536 505/640/537
f 423/639/472 505/640/537 507/641/538
f 507/641/538 505/640/537 504/642/539
f 507/641/538 504/642/539 506/643/540
f 506/643/540 504/642/539 290/644/541
f 506/643/540 290/644/541 289/645/542
f 295/630/530 294/646/543 496/632/532
f 496/632/532 294/646/543 499/647/544
f 496/632/532 499/647/544 500/634/534
f 500/634/534 499/647/544 502/636/535
f 294/646/543 293/648/545 499/647/544
f 499/647/544 293/648/545 501/649/546
f 499/647/544 501/649/546 502/636/535
f 502/636/535 501/649/546 447/638/536
f 293/648/545 292/650/547 501/649/546
f 501/649/546 292/650/547 503/651/548
f 501/649/546 503/651/548 447/638/536
f 447/638/536 503/651/548 505/640/537
f 292/650/547 291/652/549 503/651/548
f 503/651/548 291/652/549 504/642/539
f 503/651/548 504/642/539 505/640/537
f 291/652/549 290/644/541 504/642/539
f 506/643/540 289/645/542 508/653/550
f 508/653/550 289/645/542 288/654/551
f 508/653/550 288/654/551 512/655/552
f 512/655/552 288/654/551 510/656/553
f 512/655/552 510/656/553 511/657/554
f 511/657/554 510/656/553 514/658/555
f 511/657/554 514/658/555 426/659/467
f 426/659/467 514/658/555 449/660/556
f 426/659/467 449/660/556 427/661/465
f 427/661/465 449/660/556 517/662/557
f 427/661/465 517/662/557 428/663/463
f 428/663/463 517/662/557 519/664/558
f 428/663/463 519/664/558 450/665/559
f 450/665/559 519/664/558 518/666/560
f 450/665/559 518/666/560 520/667/561
f 520/667/561 518/666/560 283/668/562
f 520/667/561 283/668/562 282/669/563
f 288/654/551 287/670/564 510/656/553
f 510/656/553 287/670/564 513/671/565
f 510/656/553 513/671/565 514/658/555
f 514/658/555 513/671/565 449/660/556
f 287/670/564 286/672/566 513/671/565
f 513/671/565 286/672/566 515/673/567
f 513/671/565 515/673/567 449/660/556
f 449/660/556 515/673/567 517/662/557
f 286/672/566 285/674/568 515/673/567
f 515/673/567 285/674/568 516/675/569
f 515/673/567 516/675/569 517/662/557
f 517/662/557 516/675/569 519/664/558
f 285/674/568 284/676/570 516/675/569
f 516/675/569 284/676/570 518/666/560
f 516/675/569 518/666/560 519/664/558
f 284/676/570 283/668/562 518/666/560
f 520/667/561 282/669/563 521/566/477
f 521/566/477 282/669/563 281/564/475
f 485/606/513 441/608/453 486/677/571
f 486/677/571 441/608/453 440/678/455
f 486/677/571 440/678/455 455/679/572
f 455/679/572 440/678/455 439/680/457
f 455/679/572 439/680/457 482/681/573
f 482/681/573 439/680/457 480/682/574
f 482/681/573 480/682/574 479/598/505
f 479/598/505 480/682/574 478/592/499
f 439/680/457 438/683/459 480/682/574
f 480/682/574 438/683/459 454/590/497
f 480/682/574 454/590/497 478/592/499
f 438/683/459 437/588/461 454/590/497
f 472/585/494 436/587/462 453/684/575
f 453/684/575 436/587/462 435/685/460
f 453/684/575 435/685/460 470/686/576
f 470/686/576 435/685/460 434/687/458
f 470/686/576 434/687/458 468/688/577
f 468/688/577 434/687/458 452/689/578
f 468/688/577 452/689/578 466/577/486
f 466/577/486 452/689/578 464/575/484
f 434/687/458 433/690/456 452/689/578
f 452/689/578 433/690/456 465/691/579
f 452/689/578 465/691/579 464/575/484
f 464/575/484 465/691/579 462/573/482
f 433/690/456 432/692/454 465/691/579
f 465/691/579 432/692/454 463/693/580
f 465/691/579 463/693/580 462/573/482
f 462/573/482 463/693/580 461/571/480
f 463/693/580 432/692/454 451/694/581
f 451/694/581 432/692/454 431/695/452
f 451/694/581 431/695/452 458/696/582
f 458/696/582 431/695/452 430/569/450
f 458/696/582 430/569/450 459/567/478
f 522/568/479 429/570/448 450/665/559
f 450/665/559 429/570/448 428/663/463
f 426/659/467 425/697/469 511/657/554
f 511/657/554 425/697/469 448/698/583
f 511/657/554 448/698/583 512/655/552
f 512/655/552 448/698/583 508/653/550
f 425/697/469 424/699/471 448/698/583
f 448/698/583 424/699/471 509/700/584
f 448/698/583 509/700/584 508/653/550
f 508/653/550 509/700/584 506/643/540
f 509/700/584 424/699/471 507/641/538
f 507/641/538 424/699/471 423/639/472
f 421/635/468 420/701/466 446/633/533
f 446/633/533 420/701/466 497/702/585
f 446/633/533 497/702/585 498/631/531
f 498/631/531 497/702/585 494/629/529
f 420/701/466 419/703/464 497/702/585
f 497/702/585 419/703/464 495/704/586
f 497/702/585 495/704/586 494/629/529
f 494/629/529 495/704/586 493/627/527
f 495/704/586 419/703/464 445/705/587
f 445/705/587 419/703/464 418/706/447
f 445/705/587 418/706/447 492/615/517
f 492/615/517 418/706/447 417/613/449
f 459/567/478 460/565/476 458/696/582
f 458/696/582 460/565/476 457/563/474
f 458/696/582 457/563/474 451/694/581
f 451/694/581 457/563/474 461/571/480
f 451/694/581 461/571/480 463/693/580
f 470/686/576 468/688/577 467/579/488
f 467/579/488 468/688/577 466/577/486
f 453/684/575 470/686/576 469/581/490
f 469/581/490 470/686/576 467/579/488
f 469/581/490 473/583/492 453/684/575
f 453/684/575 473/583/492 472/585/494
f 455/679/572 482/681/573 481/600/507
f 481/600/507 482/681/573 479/598/505
f 486/677/571 455/679/572 483/602/509
f 483/602/509 455/679/572 481/600/507
f 483/602/509 487/604/511 486/677/571
f 486/677/571 487/604/511 485/606/513
f 445/705/587 492/615/517 491/617/519
f 495/704/586 445/705/587 493/627/527
f 493/627/527 445/705/587 491/617/519
f 509/700/584 507/641/538 506/643/540
f 522/568/479 450/665/559 520/667/561
f 521/566/477 522/568/479 520/667/561
f 379/707/588 378/708/589 538/709/590
f 538/709/590 378/708/589 405/710/591
f 538/709/590 405/710/591 537/711/592
f 537/711/592 405/710/591 416/712/593
f 537/711/592 416/712/593 536/713/594
f 536/713/594 416/712/593 415/714/595
f 536/713/594 415/714/595 535/715/596
f 535/715/596 415/714/595 414/716/597
f 535/715/596 414/716/597 534/717/598
f 534/717/598 414/716/597 413/718/599
f 534/717/598 413/718/599 533/719/600
f 533/719/600 413/718/599 412/720/601
f 533/719/600 412/720/601 532/721/602
f 532/721/602 412/720/601 411/722/603
f 532/721/602 411/722/603 531/723/604
f 531/723/604 411/722/603 410/724/605
f 531/723/604 410/724/605 530/725/606
f 530/725/606 410/724/605 409/726/607
f 530/725/606 409/726/607 529/727/608
f 529/727/608 409/726/607 408/728/609
f 529/727/608 408/728/609 528/729/610
f 528/729/610 408/728/609 407/730/611
f 528/729/610 407/730/611 527/731/612
f 527/731/612 407/730/611 406/732/613
f 527/731/612 406/732/613 526/733/614
f 526/733/614 406/732/613 404/734/615
f 526/733/614 404/734/615 403/735/616
f 526/733/614 403/735/616 525/736/617
f 525/736/617 403/735/616 402/737/618
f 525/736/617 402/737/618 524/738/619
f 524/738/619 402/737/618 401/739/620
f 524/738/619 401/739/620 523/740/621
f 523/741/621 401/742/620 400/743/622
f 523/741/621 400/743/622 559/744/623
f 559/744/623 400/743/622 399/745/624
f 559/744/623 399/745/624 558/746/625
f 558/746/625 399/745/624 398/747/626
f 558/746/625 398/747/626 557/748/627
f 557/748/627 398/747/626 397/749/628
f 557/748/627 397/749/628 556/750/629
f 556/750/629 397/749/628 396/751/630
f 556/750/629 396/751/630 555/752/631
f 555/752/631 396/751/630 395/753/632
f 555/752/631 395/753/632 554/754/633
f 554/754/633 395/753/632 394/755/634
f 554/754/633 394/755/634 553/756/635
f 553/756/635 394/755/634 393/757/636
f 553/756/635 393/757/636 552/758/637
f 552/758/637 393/757/636 392/759/638
f 552/758/637 392/759/638 551/760/639
f 551/760/639 392/759/638 391/761/640
f 551/760/639 391/761/640 550/762/641
f 550/762/641 391/761/640 390/763/642
f 550/762/641 390/763/642 549/764/643
f 549/764/643 390/763/642 389/765/644
f 549/764/643 389/765/644 548/766/645
f 548/766/645 389/765/644 388/767/646
f 548/766/645 388/767/646 547/768/647
f 547/768/647 388/767/646 387/769/648
f 547/768/647 387/769/648 546/770/649
f 546/770/649 387/769/648 386/771/650
f 546/770/649 386/771/650 545/772/651
f 545/772/651 386/771/650 385/773/652
f 545/772/651 385/773/652 544/774/653
f 544/774/653 385/773/652 384/775/654
f 544/774/653 384/775/654 543/776/655
f 543/776/655 384/775/654 383/777/656
f 543/776/655 383/777/656 542/778/657
f 542/778/657 383/777/656 382/779/658
f 542/778/657 382/779/658 541/780/659
f 541/780/659 382/779/658 381/781/660
f 541/780/659 381/781/660 540/782/661
f 540/782/661 381/781/660 380/783/662
f 540/782/661 380/783/662 539/784/663
f 539/784/663 380/783/662 379/707/588
f 539/784/663 379/707/588 538/709/590
f 355/785/664 542/786/665 316/787/666
f 316/787/666 542/786/665 541/788/667
f 316/787/666 541/788/667 317/789/668
f 317/789/668 541/788/667 540/790/669
f 317/789/668 540/790/669 318/791/670
f 318/791/670 540/790/669 539/792/671
f 318/791/670 539/792/671 319/793/672
f 319/793/672 539/792/671 538/794/673
f 319/793/672 538/794/673 320/795/674
f 320/795/674 538/794/673 537/796/675
f 320/795/674 537/796/675 321/797/676
f 321/797/676 537/796/675 536/798/677
f 321/797/676 536/798/677 322/799/678
f 322/799/678 536/798/677 535/800/679
f 322/799/678 535/800/679 323/801/680
f 323/801/680 535/800/679 324/802/681
f 324/802/681 535/800/679 534/803/682
f 324/802/681 534/803/682 325/804/683
f 325/804/683 534/803/682 533/805/684
f 325/804/683 533/805/684 326/806/685
f 326/806/685 533/805/684 532/807/686
f 326/806/685 532/807/686 327/808/687
f 327/808/687 532/807/686 531/809/688
f 327/808/687 531/809/688 328/810/689
f 328/810/689 531/809/688 530/811/690
f 328/810/689 530/811/690 329/812/691
f 329/812/691 530/811/690 529/813/692
f 329/812/691 529/813/692 330/814/693
f 330/814/693 529/813/692 528/815/694
f 330/814/693 528/815/694 331/816/695
f 331/816/695 528/815/694 527/817/696
f 331/816/695 527/817/696 332/818/697
f 332/818/697 527/817/696 526/819/698
f 332/818/697 526/819/698 333/820/699
f 333/820/699 526/819/698 525/821/700
f 333/820/699 525/821/700 334/822/701
f 334/822/701 525/821/700 524/823/702
f 334/822/701 524/823/702 335/824/703
f 335/824/703 524/823/702 523/825/704
f 335/824/703 523/825/704 336/826/705
f 336/826/705 523/825/704 337/827/706
f 337/827/706 523/825/704 559/828/707
f 337/827/706 559/828/707 338/829/708
f 338/829/708 559/828/707 558/830/709
f 338/829/708 558/830/709 339/831/710
f 339/831/710 558/830/709 557/832/711
f 339/831/710 557/832/711 340/833/712
f 340/833/712 557/832/711 556/834/713
f 340/833/712 556/834/713 341/835/714
f 341/835/714 556/834/713 555/836/715
f 341/835/714 555/836/715 342/837/716
f 342/837/716 555/836/715 554/838/717
f 342/837/716 554/838/717 343/839/718
f 343/839/718 554/838/717 553/840/719
f 343/839/718 553/840/719 344/841/720
f 344/841/720 553/840/719 552/842/721
f 344/841/720 552/842/721 345/843/722
f 345/843/722 552/842/721 551/844/723
f 345/843/722 551/844/723 346/845/724
f 346/845/724 551/844/723 550/846/725
f 346/845/724 550/846/725 347/847/726
f 347/847/726 550/846/725 549/848/727
f 347/847/726 549/848/727 348/849/728
f 348/849/728 549/848/727 548/850/729
f 348/849/728 548/850/729 349/851/730
f 349/851/730 548/850/729 350/852/731
f 350/852/731 548/850/729 547/853/732
f 350/852/731 547/853/732 351/854/733
f 351/854/733 547/853/732 546/855/734
f 351/854/733 546/855/734 352/856/735
f 352/856/735 546/855/734 545/857/736
f 352/856/735 545/857/736 353/858/737
f 353/858/737 545/857/736 544/859/738
f 353/858/737 544/859/738 354/860/739
f 354/860/739 544/859/738 543/861/740
f 354/860/739 543/861/740 355/785/664
f 355/785/664 543/861/740 542/786/665
g Body2

v 19.607720 70.000000 11.851172
v 19.648126 73.349210 10.790844
v 20.046180 75.000000 10.720253
v 20.195346 75.024830 10.831314
v 20.335206 75.091319 10.940119
v 20.580606 75.303031 11.141307
v 20.972794 75.881439 11.488799
v 21.610505 77.469886 12.123900
v 21.285167 75.969977 12.918513
v 21.031800 75.334587 13.430390
v 20.861238 75.100520 13.735340
v 20.760703 75.027383 13.901745
v 20.650265 75.000000 14.073693
v 20.163393 73.057662 14.183647
v 19.668769 71.116106 14.295691
v 19.494925 70.000000 14.187677
v 19.743462 70.000000 13.633275
v 19.849132 70.000000 13.034246
v 19.803226 70.000000 12.427974
v 20.003479 73.625189 11.024172
v 20.555191 73.604277 13.672696
v 20.006946 71.401620 13.797713
v 19.710249 71.376800 11.408831
v 19.903542 71.342799 11.732187
v 20.047413 71.321910 12.081457
v 20.140897 71.314541 12.460891
v 20.174463 71.320139 12.799710
v 20.163129 71.336738 13.139672
v 20.107029 71.364046 13.474410
v 20.240127 73.580166 11.310491
v 20.432821 73.547148 11.629474
v 20.577277 73.526869 11.974054
v 20.672660 73.519718 12.348617
v 20.708974 73.525151 12.683414
v 20.701353 73.541263 13.019776
v 20.649863 73.567779 13.351543
v 20.393844 72.952536 13.709405
v 20.489997 72.915745 13.387651
v 20.542747 72.889013 13.055060
v 20.551382 72.872768 12.717703
v 20.515817 72.867291 12.381797
v 20.420949 72.874501 12.005894
v 20.276648 72.894946 11.660024
v 20.083785 72.928232 11.339840
v 19.846674 72.973614 11.052474
v 20.815221 74.660222 13.613689
v 20.907683 74.624160 13.293449
v 20.957295 74.597965 12.962925
v 20.963408 74.582049 12.628058
v 20.925983 74.576684 12.294926
v 20.829839 74.583746 11.922373
v 20.685158 74.603778 11.579723
v 20.492722 74.636398 11.262541
v 20.256772 74.680887 10.977787
v 20.225425 75.000000 14.694631
v 20.086261 74.029026 14.594896
v 19.947097 73.058053 14.495160
v 19.807933 72.087080 14.395425
v 21.317141 80.000000 12.184370
v 19.869857 80.000000 14.439805
v 20.730913 77.500000 13.550220
v 19.583730 75.000000 10.384264
v 19.680507 80.000000 10.995286
v 20.113335 75.093659 14.833856
v 20.004243 75.212441 14.963292
v 19.804712 75.486827 15.187015
v 19.438876 76.138257 15.561438
v 18.827178 77.553698 16.106405
v 18.027604 75.967588 15.697005
v 17.545692 75.326216 15.416235
v 17.270331 75.099048 15.240740
v 17.118569 75.027140 15.138255
v 17.039771 75.007040 15.083178
v 16.960291 75.000000 15.026194
v 16.936203 73.107069 14.596125
v 17.797215 70.000000 14.343119
v 18.224676 70.000000 14.418166
v 18.659369 70.000000 14.416742
v 19.087312 70.000000 14.338923
v 19.816838 74.782007 14.999679
v 19.191848 70.244972 14.351869
v 18.958490 70.225394 14.412103
v 18.720148 70.209997 14.449818
v 18.479056 70.198914 14.464728
v 18.237479 70.192244 14.456712
v 17.960854 70.190133 14.418929
v 19.441763 72.132589 14.618822
v 19.187331 72.109342 14.718139
v 18.923246 72.091924 14.789501
v 18.652697 72.080523 14.832160
v 18.378961 72.075268 14.845632
v 18.063168 72.076965 14.824499
v 17.764059 72.086390 14.767533
v 17.474217 72.103340 14.675385
v 19.544607 74.750599 15.159049
v 19.253972 74.727724 15.283532
v 18.949655 74.713706 15.371318
v 18.636604 74.708758 15.421038
v 18.270740 74.714502 15.429762
v 17.921212 74.731429 15.389079
v 17.581320 74.759246 15.300867
v 17.257749 74.797399 15.166877
v 19.627234 75.320884 15.255684
v 19.332006 75.294515 15.392115
v 19.021250 75.277699 15.490120
v 18.700328 75.270671 15.548090
v 18.324144 75.274914 15.563633
v 17.964058 75.291268 15.526686
v 17.613631 75.319308 15.439404
v 19.152096 76.255143 15.698577
v 18.818749 76.249489 15.772808
v 18.425602 76.257009 15.802518
v 16.469986 75.000000 14.669966
v 18.792406 80.000000 15.816594
v 17.081007 80.000000 14.573190
v 19.521632 80.000000 14.907215
v 19.162415 80.000000 15.366231
v 22.828923 70.000000 -1.937329
v 22.238367 73.349210 -2.818903
v 22.518907 75.000000 -3.109982
v 22.704864 75.024830 -3.107809
v 22.881967 75.091319 -3.101992
v 23.198757 75.303031 -3.083470
v 23.720294 75.881439 -3.032866
v 24.609515 77.469886 -2.893895
v 24.813374 75.969977 -2.059811
v 24.909269 75.334587 -1.496768
v 24.950526 75.100520 -1.149805
v 24.967002 75.027383 -0.956087
v 24.978724 75.000000 -0.752064
v 24.649466 73.057662 -0.376934
v 24.315164 71.116106 0.004444
v 24.111033 70.000000 0.019243
v 23.986234 70.000000 -0.575365
v 23.719623 70.000000 -1.122100
v 23.326126 70.000000 -1.585602
v 22.663000 73.625189 -2.839007
v 24.666109 73.604277 -1.020595
v 24.296051 71.401620 -0.597203
v 22.651869 71.376800 -2.355456
v 22.998310 71.342799 -2.207469
v 23.320000 71.321910 -2.009470
v 23.618656 71.314541 -1.757450
v 23.844965 71.320139 -1.503069
v 24.035620 71.336738 -1.221372
v 24.186988 71.364046 -0.917588
v 23.022746 73.580166 -2.746468
v 23.366132 73.547148 -2.601669
v 23.685540 73.526869 -2.407806
v 23.982868 73.519718 -2.160844
v 24.209035 73.525151 -1.911332
v 24.400579 73.541263 -1.634730
v 24.553930 73.567779 -1.336059
v 24.557152 72.952536 -0.896059
v 24.445820 72.915745 -1.212881
v 24.293004 72.889013 -1.512958
v 24.101696 72.872768 -1.790961
v 23.875483 72.867291 -2.041810
v 23.577783 72.874501 -2.290160
v 23.257743 72.894946 -2.485157
v 22.913514 72.928232 -2.630830
v 22.552778 72.973614 -2.723943
v 24.841793 74.660222 -1.221174
v 24.728364 74.624160 -1.534602
v 24.574224 74.597965 -1.831163
v 24.382340 74.582049 -2.105668
v 24.156252 74.576684 -2.353181
v 23.859489 74.583746 -2.598069
v 23.541035 74.603778 -2.790238
v 23.198916 74.636398 -2.933733
v 22.840654 74.680887 -3.025416
v 25.000000 75.000000 -0.000000
v 24.828791 74.029026 0.001111
v 24.657582 73.058053 0.002221
v 24.486373 72.087080 0.003333
v 24.407722 80.000000 -2.672538
v 24.562557 80.000000 0.002838
v 24.736280 77.500000 -1.222966
v 21.947288 75.000000 -3.109982
v 22.384731 80.000000 -2.672538
v 24.991151 75.093659 0.178520
v 24.978975 75.212441 0.347359
v 24.949052 75.486827 0.645635
v 24.873165 76.138257 1.163583
v 24.698615 77.553698 1.964018
v 23.811106 75.967588 2.102784
v 23.256198 75.326216 2.158897
v 22.930273 75.099048 2.178772
v 22.747256 75.027140 2.185063
v 22.651134 75.007040 2.186821
v 22.553338 75.000000 2.187437
v 22.281063 73.107069 1.853663
v 22.828923 70.000000 1.142887
v 23.218858 70.000000 0.952346
v 23.569695 70.000000 0.695688
v 23.870167 70.000000 0.381192
v 24.848749 74.782007 0.486951
v 23.962348 70.244972 0.330220
v 23.808962 70.225394 0.516115
v 23.638308 70.209997 0.686721
v 23.452023 70.198914 0.840494
v 23.251872 70.192244 0.976004
v 23.005870 70.190133 1.108033
v 24.321444 72.132589 0.399294
v 24.173982 72.109342 0.629194
v 24.002279 72.091924 0.842153
v 23.808474 72.080523 1.035689
v 23.594935 72.075268 1.207486
v 23.327032 72.076965 1.376008
v 23.051564 72.086390 1.505733
v 22.762914 72.103340 1.601549
v 24.722184 74.750599 0.775897
v 24.560225 74.727724 1.047437
v 24.365627 74.713706 1.297330
v 24.141588 74.708758 1.521561
v 23.850726 74.714502 1.743668
v 23.544038 74.731429 1.916202
v 23.217211 74.759246 2.044621
v 22.876679 74.797399 2.126411
v 24.845832 75.320884 0.805509
v 24.687180 75.294515 1.089415
v 24.493379 75.277699 1.351360
v 24.267822 75.270671 1.586892
v 23.972618 75.274914 1.820582
v 23.659586 75.291268 2.002344
v 23.324781 75.319308 2.137708
v 24.721764 76.255143 1.443096
v 24.495712 76.249489 1.699087
v 24.195112 76.257009 1.954209
v 21.947288 75.000000 2.187437
v 24.500137 80.000000 1.749994
v 22.384731 80.000000 1.749994
v 24.555574 80.000000 0.585663
v 24.534763 80.000000 1.168157
v 21.112928 70.000000 -8.897034
v 20.278855 73.349210 -9.552969
v 20.455716 75.000000 -9.916493
v 20.633243 75.024830 -9.971891
v 20.803476 75.091319 -10.021087
v 21.110484 75.303031 -10.101364
v 21.622133 75.881439 -10.214401
v 22.510777 77.469886 -10.357016
v 22.962404 75.969977 -9.626751
v 23.227595 75.334587 -9.120899
v 23.374051 75.100520 -8.803666
v 23.449583 75.027383 -8.624521
v 23.523778 75.000000 -8.434106
v 23.326557 73.057662 -7.975589
v 23.126469 71.116106 -7.509572
v 22.936901 70.000000 -7.432418
v 22.634467 70.000000 -7.959359
v 22.211954 70.000000 -8.396947
v 21.694486 70.000000 -8.716167
v 20.676492 73.625189 -9.703309
v 23.143482 73.604277 -8.592890
v 22.922372 71.401620 -8.075867
v 20.815332 71.376800 -9.239984
v 21.190547 71.342799 -9.206297
v 21.557677 71.321910 -9.117395
v 21.919595 71.314541 -8.970000
v 22.213435 71.320139 -8.798003
v 22.481808 71.336738 -8.589008
v 22.719642 71.364046 -8.346869
v 21.047227 73.580166 -9.726466
v 21.418553 73.547148 -9.694866
v 21.782234 73.526869 -9.609194
v 22.141326 73.519718 -9.466199
v 22.433527 73.525151 -9.298788
v 22.701170 73.541263 -9.094914
v 22.939310 73.567779 -8.858250
v 23.078342 72.952536 -8.440781
v 22.874555 72.915745 -8.707692
v 22.636490 72.889013 -8.945860
v 22.368637 72.872768 -9.151139
v 22.075979 72.867291 -9.319807
v 21.716105 72.874501 -9.464007
v 21.351473 72.894946 -9.550563
v 20.979076 72.928232 -9.582733
v 20.607222 72.973614 -9.559815
v 23.248585 74.660222 -8.837942
v 23.043853 74.624160 -9.100978
v 22.805616 74.597965 -9.335392
v 22.538296 74.582049 -9.537167
v 22.246788 74.576684 -9.702700
v 21.888875 74.583746 -9.843898
v 21.526624 74.603778 -9.928254
v 21.156907 74.636398 -9.959005
v 20.787848 74.680887 -9.935492
v 23.776413 75.000000 -7.725425
v 23.613927 74.029026 -7.671462
v 23.451441 73.058053 -7.617499
v 23.288955 72.087080 -7.563536
v 22.387264 80.000000 -10.084136
v 23.361256 80.000000 -7.587548
v 23.147683 77.500000 -8.807041
v 19.912074 75.000000 -9.739853
v 20.463285 80.000000 -9.458997
v 23.823163 75.093659 -7.552908
v 23.863757 75.212441 -7.388570
v 23.927471 75.486827 -7.095645
v 24.015353 76.138257 -6.579597
v 24.096693 77.553698 -5.764400
v 23.295504 75.967588 -5.358170
v 22.785095 75.326216 -5.133327
v 22.481263 75.099048 -5.013709
v 22.309148 75.027140 -4.951170
v 22.218273 75.007040 -4.919795
v 22.125455 75.000000 -4.888988
v 21.763363 73.107069 -5.122289
v 22.064767 70.000000 -5.967575
v 22.376737 70.000000 -6.269287
v 22.631091 70.000000 -6.621798
v 22.819673 70.000000 -7.013753
v 23.783040 74.782007 -7.215568
v 22.891591 70.244972 -7.090715
v 22.803157 70.225394 -6.866519
v 22.693575 70.209997 -6.651528
v 22.563927 70.198914 -6.447716
v 22.415446 70.192244 -6.256988
v 22.222284 70.190133 -6.055403
v 23.254457 72.132589 -7.135988
v 23.185255 72.109342 -6.871772
v 23.087763 72.091924 -6.616177
v 22.963250 72.080523 -6.372224
v 22.813251 72.075268 -6.142848
v 22.610535 72.076965 -5.899788
v 22.388638 72.086390 -5.691288
v 22.143723 72.103340 -5.510964
v 23.751960 74.750599 -6.901653
v 23.681838 74.727724 -6.593355
v 23.573985 74.713706 -6.295559
v 23.430203 74.708758 -6.013071
v 23.222212 74.714502 -5.711953
v 22.983850 74.731429 -5.453091
v 22.712702 74.759246 -5.229963
v 22.414111 74.797399 -5.046945
v 23.878706 75.320884 -6.911700
v 23.815551 75.294515 -6.592663
v 23.712181 75.277699 -6.283650
v 23.570446 75.270671 -5.989945
v 23.361905 75.274914 -5.676470
v 23.120362 75.291268 -5.406871
v 22.843773 75.319308 -5.174673
v 23.957735 76.255143 -6.266979
v 23.821853 76.249489 -5.953663
v 23.614803 76.257009 -5.618138
v 21.549067 75.000000 -4.701708
v 23.841793 80.000000 -5.906615
v 21.829923 80.000000 -5.252919
v 23.534718 80.000000 -7.031091
v 23.694927 80.000000 -6.470675
v -14.985836 70.000000 -17.330253
v -15.351924 73.349210 -16.334307
v -15.752309 75.000000 -16.390177
v -15.859855 75.024830 -16.541897
v -15.959247 75.091319 -16.688595
v -16.130466 75.303031 -16.955770
v -16.396079 75.881439 -17.407447
v -16.806320 77.469886 -18.208527
v -16.251357 75.969977 -18.863714
v -15.852212 75.334587 -19.272243
v -15.595763 75.100520 -19.509561
v -15.448726 75.027383 -19.636755
v -15.290558 75.000000 -19.766160
v -14.793539 73.057662 -19.720281
v -14.288499 71.116106 -19.673994
v -14.156542 70.000000 -19.517546
v -14.564235 70.000000 -19.067080
v -14.849842 70.000000 -18.530024
v -14.993532 70.000000 -17.939239
v -15.617782 73.625189 -16.666025
v -15.324053 73.604277 -19.355411
v -14.764008 71.401620 -19.304891
v -15.220038 71.376800 -16.941245
v -15.303948 71.342799 -17.308506
v -15.332847 71.321910 -17.685139
v -15.304505 71.314541 -18.074891
v -15.231727 71.320139 -18.407500
v -15.115893 71.336738 -18.727321
v -14.959099 71.364046 -19.028339
v -15.754370 73.580166 -17.011459
v -15.839063 73.547148 -17.374376
v -15.869967 73.526869 -17.746731
v -15.844936 73.519718 -18.132436
v -15.776014 73.525151 -18.462068
v -15.664824 73.541263 -18.779613
v -15.513333 73.567779 -19.079231
v -15.159259 72.952536 -19.340463
v -15.350133 72.915745 -19.064170
v -15.503078 72.889013 -18.764158
v -15.615539 72.872768 -18.445981
v -15.685516 72.867291 -18.115525
v -15.711451 72.874501 -17.728704
v -15.681093 72.894946 -17.355171
v -15.596611 72.928232 -16.991059
v -15.459906 72.973614 -16.644487
v -15.589590 74.660222 -19.379644
v -15.776486 74.624160 -19.103650
v -15.925808 74.597965 -18.804635
v -16.035101 74.582049 -18.488046
v -16.102452 74.576684 -18.159654
v -16.126138 74.583746 -17.775625
v -16.094423 74.603778 -17.405037
v -16.009421 74.636398 -17.043912
v -15.873013 74.680887 -16.700182
v -14.694631 75.000000 -20.225425
v -14.593099 74.029026 -20.087567
v -14.491566 73.058053 -19.949709
v -14.390033 72.087080 -19.811851
v -16.508628 80.000000 -18.175384
v -14.435212 80.000000 -19.873194
v -15.529021 77.500000 -19.293230
v -15.416320 75.000000 -15.927728
v -15.319544 80.000000 -16.538749
v -14.545004 75.093659 -20.323198
v -14.401254 75.212441 -20.412588
v -14.142355 75.486827 -20.563702
v -13.678721 76.138257 -20.806750
v -12.928558 77.553698 -21.136020
v -12.294629 75.967588 -20.499575
v -11.923066 75.326216 -20.083628
v -11.715413 75.099048 -19.831631
v -11.602749 75.027140 -19.687264
v -11.544827 75.007040 -19.610534
v -11.486846 75.000000 -19.531777
v -11.596836 73.107069 -19.115314
v -12.493890 70.000000 -19.140759
v -12.877238 70.000000 -19.344226
v -13.291096 70.000000 -19.477198
v -13.722142 70.000000 -19.535430
v -14.211777 74.782007 -20.389282
v -13.817561 70.244972 -19.580046
v -13.577011 70.225394 -19.565220
v -13.338680 70.209997 -19.527438
v -13.104780 70.198914 -19.467116
v -12.877503 70.192244 -19.384841
v -12.626094 70.190133 -19.263426
v -13.972750 72.132589 -19.911161
v -13.700081 72.109342 -19.926993
v -13.426870 72.091924 -19.913256
v -13.156380 72.080523 -19.870223
v -12.891878 72.075268 -19.798446
v -12.598071 72.076965 -19.680762
v -12.331206 72.086390 -19.534155
v -12.084025 72.103340 -19.356951
v -13.903622 74.750599 -20.456728
v -13.588744 74.727724 -20.485307
v -13.272194 74.713706 -20.474757
v -12.959101 74.708758 -20.425306
v -12.608448 74.714502 -20.320545
v -12.288598 74.731429 -20.173842
v -11.992601 74.759246 -19.984916
v -11.726272 74.797399 -19.757495
v -13.952343 75.320884 -20.574166
v -13.629405 75.294515 -20.612690
v -13.303573 75.277699 -20.609869
v -12.980445 75.270671 -20.565832
v -12.617869 75.274914 -20.464366
v -12.286825 75.291268 -20.317955
v -11.980520 75.319308 -20.126657
v -13.363599 76.255143 -20.848557
v -13.023628 76.249489 -20.816145
v -12.640542 76.257009 -20.722912
v -11.130618 75.000000 -19.041472
v -12.985044 80.000000 -20.849648
v -11.741640 80.000000 -19.138249
v -13.959593 80.000000 -20.210120
v -13.476113 80.000000 -20.535666
v -19.607720 70.000000 -11.851172
v -19.648126 73.349210 -10.790844
v -20.046180 75.000000 -10.720253
v -20.195346 75.024830 -10.831314
v -20.335206 75.091319 -10.940119
v -20.580606 75.303031 -11.141307
v -20.972794 75.881439 -11.488799
v -21.610505 77.469886 -12.123900
v -21.285167 75.969977 -12.918513
v -21.031800 75.334587 -13.430390
v -20.861238 75.100520 -13.735340
v -20.760703 75.027383 -13.901745
v -20.650265 75.000000 -14.073693
v -20.163393 73.057662 -14.183647
v -19.668769 71.116106 -14.295691
v -19.494925 70.000000 -14.187677
v -19.743462 70.000000 -13.633275
v -19.849132 70.000000 -13.034246
v -19.803226 70.000000 -12.427974
v -20.003479 73.625189 -11.024172
v -20.555191 73.604277 -13.672696
v -20.006946 71.401620 -13.797713
v -19.710249 71.376800 -11.408831
v -19.903542 71.342799 -11.732187
v -20.047413 71.321910 -12.081457
v -20.140897 71.314541 -12.460891
v -20.174463 71.320139 -12.799710
v -20.163129 71.336738 -13.139672
v -20.107029 71.364046 -13.474410
v -20.240127 73.580166 -11.310491
v -20.432821 73.547148 -11.629474
v -20.577277 73.526869 -11.974054
v -20.672660 73.519718 -12.348617
v -20.708974 73.525151 -12.683414
v -20.701353 73.541263 -13.019776
v -20.649863 73.567779 -13.351543
v -20.393844 72.952536 -13.709405
v -20.489997 72.915745 -13.387651
v -20.542747 72.889013 -13.055060
v -20.551382 72.872768 -12.717703
v -20.515817 72.867291 -12.381797
v -20.420949 72.874501 -12.005894
v -20.276648 72.894946 -11.660024
v -20.083785 72.928232 -11.339840
v -19.846674 72.973614 -11.052474
v -20.815221 74.660222 -13.613689
v -20.907683 74.624160 -13.293449
v -20.957295 74.597965 -12.962925
v -20.963408 74.582049 -12.628058
v -20.925983 74.576684 -12.294926
v -20.829839 74.583746 -11.922373
v -20.685158 74.603778 -11.579723
v -20.492722 74.636398 -11.262541
v -20.256772 74.680887 -10.977787
v -20.225425 75.000000 -14.694631
v -20.086261 74.029026 -14.594896
v -19.947097 73.058053 -14.495160
v -19.807933 72.087080 -14.395425
v -21.317141 80.000000 -12.184370
v -19.869857 80.000000 -14.439805
v -20.730913 77.500000 -13.550220
v -19.583730 75.000000 -10.384264
v -19.680507 80.000000 -10.995286
v -20.113335 75.093659 -14.833856
v -20.004243 75.212441 -14.963292
v -19.804712 75.486827 -15.187015
v -19.438876 76.138257 -15.561438
v -18.827178 77.553698 -16.106405
v -18.027604 75.967588 -15.697005
v -17.545692 75.326216 -15.416235
v -17.270331 75.099048 -15.240740
v -17.118569 75.027140 -15.138255
v -17.039771 75.007040 -15.083178
v -16.960291 75.000000 -15.026194
v -16.936203 73.107069 -14.596125
v -17.797215 70.000000 -14.343119
v -18.224676 70.000000 -14.418166
v -18.659369 70.000000 -14.416742
v -19.087312 70.000000 -14.338923
v -19.816838 74.782007 -14.999679
v -19.191848 70.244972 -14.351869
v -18.958490 70.225394 -14.412103
v -18.720148 70.209997 -14.449818
v -18.479056 70.198914 -14.464728
v -18.237479 70.192244 -14.456712
v -17.960854 70.190133 -14.418929
v -19.441763 72.132589 -14.618822
v -19.187331 72.109342 -14.718139
v -18.923246 72.091924 -14.789501
v -18.652697 72.080523 -14.832160
v -18.378961 72.075268 -14.845632
v -18.063168 72.076965 -14.824499
v -17.764059 72.086390 -14.767533
v -17.474217 72.103340 -14.675385
v -19.544607 74.750599 -15.159049
v -19.253972 74.727724 -15.283532
v -18.949655 74.713706 -15.371318
v -18.636604 74.708758 -15.421038
v -18.270740 74.714502 -15.429762
v -17.921212 74.731429 -15.389079
v -17.581320 74.759246 -15.300867
v -17.257749 74.797399 -15.166877
v -19.627234 75.320884 -15.255684
v -19.332006 75.294515 -15.392115
v -19.021250 75.277699 -15.490120
v -18.700328 75.270671 -15.548090
v -18.324144 75.274914 -15.563633
v -17.964058 75.291268 -15.526686
v -17.613631 75.319308 -15.439404
v -19.152096 76.255143 -15.698577
v -18.818749 76.249489 -15.772808
v -18.425602 76.257009 -15.802518
v -16.469986 75.000000 -14.669966
v -18.792406 80.000000 -15.816594
v -17.081007 80.000000 -14.573190
v -19.521632 80.000000 -14.907215
v -19.162415 80.000000 -15.366231
v -22.310263 70.000000 -5.212016
v -22.021033 73.349210 -4.191097
v -22.377790 75.000000 -4.000957
v -22.553975 75.024830 -4.060487
v -22.720613 75.091319 -4.120747
v -23.016173 75.303031 -4.236256
v -23.496547 75.881439 -4.445547
v -24.299302 77.469886 -4.852501
v -24.235437 75.969977 -5.708758
v -24.152649 75.334587 -6.273876
v -24.084669 75.100520 -6.616607
v -24.040477 75.027383 -6.805935
v -23.988579 75.000000 -7.003595
v -23.559514 73.057662 -7.258619
v -23.123722 71.116106 -7.518026
v -22.925009 70.000000 -7.469020
v -22.990062 70.000000 -6.864949
v -22.905450 70.000000 -6.262586
v -22.674442 70.000000 -5.700172
v -22.431095 73.625189 -4.303195
v -23.774244 73.604277 -6.651604
v -23.291464 71.401620 -6.939919
v -22.271083 71.376800 -4.759641
v -22.554838 71.342799 -5.007441
v -22.799598 71.321910 -5.295157
v -23.005758 71.314541 -5.627132
v -23.142383 71.320139 -5.938996
v -23.236657 71.336738 -6.265821
v -23.286742 71.364046 -6.601512
v -22.744638 73.580166 -4.502373
v -23.026473 73.547148 -4.746198
v -23.270340 73.526869 -5.029274
v -23.476801 73.519718 -5.356029
v -23.614795 73.525151 -5.663219
v -23.711489 73.541263 -5.985473
v -23.765040 73.567779 -6.316914
v -23.632137 72.952536 -6.736374
v -23.624157 72.915745 -6.400656
v -23.571549 72.889013 -6.068042
v -23.475512 72.872768 -5.744528
v -23.337888 72.867291 -5.436053
v -23.131502 72.874501 -5.107864
v -22.887384 72.894946 -4.823513
v -22.605018 72.928232 -4.578597
v -22.290711 72.973614 -4.378568
v -24.003313 74.660222 -6.515131
v -23.992290 74.624160 -6.181992
v -23.937336 74.597965 -5.852314
v -23.839671 74.582049 -5.531948
v -23.701134 74.576684 -5.226685
v -23.494570 74.583746 -4.902077
v -23.251085 74.603778 -4.620906
v -22.970054 74.636398 -4.378713
v -22.657658 74.680887 -4.180809
v -23.776413 75.000000 -7.725425
v -23.613240 74.029026 -7.673575
v -23.450068 73.058053 -7.621725
v -23.286895 72.087080 -7.569875
v -24.038983 80.000000 -5.000666
v -23.359502 80.000000 -7.592947
v -23.903518 77.500000 -6.480821
v -21.834148 75.000000 -3.824317
v -22.115004 80.000000 -4.375527
v -23.712832 75.093659 -7.892473
v -23.649077 75.212441 -8.049286
v -23.528446 75.486827 -8.323717
v -23.296219 76.138257 -8.792864
v -22.882864 77.553698 -9.500184
v -21.995912 75.967588 -9.357903
v -21.450823 75.326216 -9.239794
v -21.134708 75.099048 -9.157979
v -20.958704 75.027140 -9.107407
v -20.866744 75.007040 -9.079376
v -20.773544 75.000000 -9.049741
v -20.617737 73.107069 -8.648165
v -21.358425 70.000000 -8.141475
v -21.788155 70.000000 -8.080757
v -22.201132 70.000000 -7.945074
v -22.584084 70.000000 -7.738822
v -23.482088 74.782007 -8.141803
v -22.687504 70.244972 -7.718831
v -22.484180 70.225394 -7.848229
v -22.269158 70.209997 -7.957750
v -22.044473 70.198914 -8.046431
v -21.812242 70.192244 -8.113459
v -21.537482 70.190133 -8.163007
v -23.007679 72.132589 -7.895491
v -22.796391 72.109342 -8.068571
v -22.567284 72.091924 -8.218047
v -22.323159 72.080523 -8.342222
v -22.066983 72.075268 -8.439624
v -21.760116 72.076965 -8.517111
v -21.458043 72.086390 -8.555363
v -21.153912 72.103340 -8.557290
v -23.272429 74.750599 -8.377497
v -23.034486 74.727724 -8.585699
v -22.772191 74.713706 -8.763226
v -22.489826 74.708758 -8.907251
v -22.144565 74.714502 -9.028607
v -21.799572 74.731429 -9.097924
v -21.449057 74.759246 -9.119063
v -21.099917 74.797399 -9.091620
v -23.380874 75.320884 -8.443868
v -23.142256 75.294515 -8.664853
v -22.876994 75.277699 -8.854090
v -22.589693 75.270671 -9.008393
v -22.236723 75.274914 -9.139423
v -21.882845 75.291268 -9.215557
v -21.522597 75.319308 -9.240835
v -23.065853 76.255143 -9.011911
v -22.771759 76.249489 -9.185519
v -22.407035 76.257009 -9.335264
v -20.197156 75.000000 -8.862462
v -22.760237 80.000000 -9.235302
v -20.748367 80.000000 -8.581606
v -23.172758 80.000000 -8.145088
v -22.972966 80.000000 -8.692642
v -22.828923 70.000000 1.937329
v -22.238367 73.349210 2.818903
v -22.518907 75.000000 3.109982
v -22.704864 75.024830 3.107809
v -22.881967 75.091319 3.101992
v -23.198757 75.303031 3.083470
v -23.720294 75.881439 3.032866
v -24.609515 77.469886 2.893895
v -24.813374 75.969977 2.059811
v -24.909269 75.334587 1.496768
v -24.950526 75.100520 1.149805
v -24.967002 75.027383 0.956087
v -24.978724 75.000000 0.752064
v -24.649466 73.057662 0.376934
v -24.315164 71.116106 -0.004444
v -24.111033 70.000000 -0.019243
v -23.986234 70.000000 0.575365
v -23.719623 70.000000 1.122100
v -23.326126 70.000000 1.585602
v -22.663000 73.625189 2.839007
v -24.666109 73.604277 1.020595
v -24.296051 71.401620 0.597203
v -22.651869 71.376800 2.355456
v -22.998310 71.342799 2.207469
v -23.320000 71.321910 2.009470
v -23.618656 71.314541 1.757450
v -23.844965 71.320139 1.503069
v -24.035620 71.336738 1.221372
v -24.186988 71.364046 0.917588
v -23.022746 73.580166 2.746468
v -23.366132 73.547148 2.601669
v -23.685540 73.526869 2.407806
v -23.982868 73.519718 2.160844
v -24.209035 73.525151 1.911332
v -24.400579 73.541263 1.634730
v -24.553930 73.567779 1.336059
v -24.557152 72.952536 0.896059
v -24.445820 72.915745 1.212881
v -24.293004 72.889013 1.512958
v -24.101696 72.872768 1.790961
v -23.875483 72.867291 2.041810
v -23.577783 72.874501 2.290160
v -23.257743 72.894946 2.485157
v -22.913514 72.928232 2.630830
v -22.552778 72.973614 2.723943
v -24.841793 74.660222 1.221174
v -24.728364 74.624160 1.534602
v -24.574224 74.597965 1.831163
v -24.382340 74.582049 2.105668
v -24.156252 74.576684 2.353181
v -23.859489 74.583746 2.598069
v -23.541035 74.603778 2.790238
v -23.198916 74.636398 2.933733
v -22.840654 74.680887 3.025416
v -25.000000 75.000000 -0.000000
v -24.828791 74.029026 -0.001111
v -24.657582 73.058053 -0.002221
v -24.486373 72.087080 -0.003333
v -24.407722 80.000000 2.672538
v -24.562557 80.000000 -0.002838
v -24.736280 77.500000 1.222966
v -21.947288 75.000000 3.109982
v -22.384731 80.000000 2.672538
v -24.991151 75.093659 -0.178520
v -24.978975 75.212441 -0.347359
v -24.949052 75.486827 -0.645635
v -24.873165 76.138257 -1.163583
v -24.698615 77.553698 -1.964018
v -23.811106 75.967588 -2.102784
v -23.256198 75.326216 -2.158897
v -22.930273 75.099048 -2.178772
v -22.747256 75.027140 -2.185063
v -22.651134 75.007040 -2.186821
v -22.553338 75.000000 -2.187437
v -22.281063 73.107069 -1.853663
v -22.828923 70.000000 -1.142887
v -23.218858 70.000000 -0.952346
v -23.569695 70.000000 -0.695688
v -23.870167 70.000000 -0.381192
v -24.848749 74.782007 -0.486951
v -23.962348 70.244972 -0.330220
v -23.808962 70.225394 -0.516115
v -23.638308 70.209997 -0.686721
v -23.452023 70.198914 -0.840494
v -23.251872 70.192244 -0.976004
v -23.005870 70.190133 -1.108033
v -24.321444 72.132589 -0.399294
v -24.173982 72.109342 -0.629194
v -24.002279 72.091924 -0.842153
v -23.808474 72.080523 -1.035689
v -23.594935 72.075268 -1.207486
v -23.327032 72.076965 -1.376008
v -23.051564 72.086390 -1.505733
v -22.762914 72.103340 -1.601549
v -24.722184 74.750599 -0.775897
v -24.560225 74.727724 -1.047437
v -24.365627 74.713706 -1.297330
v -24.141588 74.708758 -1.521561
v -23.850726 74.714502 -1.743668
v -23.544038 74.731429 -1.916202
v -23.217211 74.759246 -2.044621
v -22.876679 74.797399 -2.126411
v -24.845832 75.320884 -0.805509
v -24.687180 75.294515 -1.089415
v -24.493379 75.277699 -1.351360
v -24.267822 75.270671 -1.586892
v -23.972618 75.274914 -1.820582
v -23.659586 75.291268 -2.002344
v -23.324781 75.319308 -2.137708
v -24.721764 76.255143 -1.443096
v -24.495712 76.249489 -1.699087
v -24.195112 76.257009 -1.954209
v -21.947288 75.000000 -2.187437
v -24.500137 80.000000 -1.749994
v -22.384731 80.000000 -1.749994
v -24.555574 80.000000 -0.585663
v -24.534763 80.000000 -1.168157
v -17.330253 70.000000 14.985836
v -16.334307 73.349210 15.351924
v -16.390177 75.000000 15.752309
v -16.541897 75.024830 15.859855
v -16.688595 75.091319 15.959247
v -16.955770 75.303031 16.130466
v -17.407447 75.881439 16.396079
v -18.208527 77.469886 16.806320
v -18.863714 75.969977 16.251357
v -19.272243 75.334587 15.852212
v -19.509561 75.100520 15.595763
v -19.636755 75.027383 15.448726
v -19.766160 75.000000 15.290558
v -19.720281 73.057662 14.793539
v -19.673994 71.116106 14.288499
v -19.517546 70.000000 14.156542
v -19.067080 70.000000 14.564235
v -18.530024 70.000000 14.849842
v -17.939239 70.000000 14.993532
v -16.666025 73.625189 15.617782
v -19.355411 73.604277 15.324053
v -19.304891 71.401620 14.764008
v -16.941245 71.376800 15.220038
v -17.308506 71.342799 15.303948
v -17.685139 71.321910 15.332847
v -18.074891 71.314541 15.304505
v -18.407500 71.320139 15.231727
v -18.727321 71.336738 15.115893
v -19.028339 71.364046 14.959099
v -17.011459 73.580166 15.754370
v -17.374376 73.547148 15.839063
v -17.746731 73.526869 15.869967
v -18.132436 73.519718 15.844936
v -18.462068 73.525151 15.776014
v -18.779613 73.541263 15.664824
v -19.079231 73.567779 15.513333
v -19.340463 72.952536 15.159259
v -19.064170 72.915745 15.350133
v -18.764158 72.889013 15.503078
v -18.445981 72.872768 15.615539
v -18.115525 72.867291 15.685516
v -17.728704 72.874501 15.711451
v -17.355171 72.894946 15.681093
v -16.991059 72.928232 15.596611
v -16.644487 72.973614 15.459906
v -19.379644 74.660222 15.589590
v -19.103650 74.624160 15.776486
v -18.804635 74.597965 15.925808
v -18.488046 74.582049 16.035101
v -18.159654 74.576684 16.102452
v -17.775625 74.583746 16.126138
v -17.405037 74.603778 16.094423
v -17.043912 74.636398 16.009421
v -16.700182 74.680887 15.873013
v -20.225425 75.000000 14.694631
v -20.087567 74.029026 14.593099
v -19.949709 73.058053 14.491566
v -19.811851 72.087080 14.390033
v -18.175384 80.000000 16.508628
v -19.873194 80.000000 14.435212
v -19.293230 77.500000 15.529021
v -15.927728 75.000000 15.416320
v -16.538749 80.000000 15.319544
v -20.323198 75.093659 14.545004
v -20.412588 75.212441 14.401254
v -20.563702 75.486827 14.142355
v -20.806750 76.138257 13.678721
v -21.136020 77.553698 12.928558
v -20.499575 75.967588 12.294629
v -20.083628 75.326216 11.923066
v -19.831631 75.099048 11.715413
v -19.687264 75.027140 11.602749
v -19.610534 75.007040 11.544827
v -19.531777 75.000000 11.486846
v -19.115314 73.107069 11.596836
v -19.140759 70.000000 12.493890
v -19.344226 70.000000 12.877238
v -19.477198 70.000000 13.291096
v -19.535430 70.000000 13.722142
v -20.389282 74.782007 14.211777
v -19.580046 70.244972 13.817561
v -19.565220 70.225394 13.577011
v -19.527438 70.209997 13.338680
v -19.467116 70.198914 13.104780
v -19.384841 70.192244 12.877503
v -19.263426 70.190133 12.626094
v -19.911161 72.132589 13.972750
v -19.926993 72.109342 13.700081
v -19.913256 72.091924 13.426870
v -19.870223 72.080523 13.156380
v -19.798446 72.075268 12.891878
v -19.680762 72.076965 12.598071
v -19.534155 72.086390 12.331206
v -19.356951 72.103340 12.084025
v -20.456728 74.750599 13.903622
v -20.485307 74.727724 13.588744
v -20.474757 74.713706 13.272194
v -20.425306 74.708758 12.959101
v -20.320545 74.714502 12.608448
v -20.173842 74.731429 12.288598
v -19.984916 74.759246 11.992601
v -19.757495 74.797399 11.726272
v -20.574166 75.320884 13.952343
v -20.612690 75.294515 13.629405
v -20.609869 75.277699 13.303573
v -20.565832 75.270671 12.980445
v -20.464366 75.274914 12.617869
v -20.317955 75.291268 12.286825
v -20.126657 75.319308 11.980520
v -20.848557 76.255143 13.363599
v -20.816145 76.249489 13.023628
v -20.722912 76.257009 12.640542
v -19.041472 75.000000 11.130618
v -20.849648 80.000000 12.985044
v -19.138249 80.000000 11.741640
v -20.210120 80.000000 13.959593
v -20.535666 80.000000 13.476113
v -21.112928 70.000000 8.897034
v -20.278855 73.349210 9.552969
v -20.455716 75.000000 9.916493
v -20.633243 75.024830 9.971891
v -20.803476 75.091319 10.021087
v -21.110484 75.303031 10.101364
v -21.622133 75.881439 10.214401
v -22.510777 77.469886 10.357016
v -22.962404 75.969977 9.626751
v -23.227595 75.334587 9.120899
v -23.374051 75.100520 8.803666
v -23.449583 75.027383 8.624521
v -23.523778 75.000000 8.434106
v -23.326557 73.057662 7.975589
v -23.126469 71.116106 7.509572
v -22.936901 70.000000 7.432418
v -22.634467 70.000000 7.959359
v -22.211954 70.000000 8.396947
v -21.694486 70.000000 8.716167
v -20.676492 73.625189 9.703309
v -23.143482 73.604277 8.592890
v -22.922372 71.401620 8.075867
v -20.815332 71.376800 9.239984
v -21.190547 71.342799 9.206297
v -21.557677 71.321910 9.117395
v -21.919595 71.314541 8.970000
v -22.213435 71.320139 8.798003
v -22.481808 71.336738 8.589008
v -22.719642 71.364046 8.346869
v -21.047227 73.580166 9.726466
v -21.418553 73.547148 9.694866
v -21.782234 73.526869 9.609194
v -22.141326 73.519718 9.466199
v -22.433527 73.525151 9.298788
v -22.701170 73.541263 9.094914
v -22.939310 73.567779 8.858250
v -23.078342 72.952536 8.440781
v -22.874555 72.915745 8.707692
v -22.636490 72.889013 8.945860
v -22.368637 72.872768 9.151139
v -22.075979 72.867291 9.319807
v -21.716105 72.874501 9.464007
v -21.351473 72.894946 9.550563
v -20.979076 72.928232 9.582733
v -20.607222 72.973614 9.559815
v -23.248585 74.660222 8.837942
v -23.043853 74.624160 9.100978
v -22.805616 74.597965 9.335392
v -22.538296 74.582049 9.537167
v -22.246788 74.576684 9.702700
v -21.888875 74.583746 9.843898
v -21.526624 74.603778 9.928254
v -21.156907 74.636398 9.959005
v -20.787848 74.680887 9.935492
v -23.776413 75.000000 7.725425
v -23.613927 74.029026 7.671462
v -23.451441 73.058053 7.617499
v -23.288955 72.087080 7.563536
v -22.387264 80.000000 10.084136
v -23.361256 80.000000 7.587548
v -23.147683 77.500000 8.807041
v -19.912074 75.000000 9.739853
v -20.463285 80.000000 9.458997
v -23.823163 75.093659 7.552908
v -23.863757 75.212441 7.388570
v -23.927471 75.486827 7.095645
v -24.015353 76.138257 6.579597
v -24.096693 77.553698 5.764400
v -23.295504 75.967588 5.358170
v -22.785095 75.326216 5.133327
v -22.481263 75.099048 5.013709
v -22.309148 75.027140 4.951170
v -22.218273 75.007040 4.919795
v -22.125455 75.000000 4.888988
v -21.763363 73.107069 5.122289
v -22.064767 70.000000 5.967575
v -22.376737 70.000000 6.269287
v -22.631091 70.000000 6.621798
v -22.819673 70.000000 7.013753
v -23.783040 74.782007 7.215568
v -22.891591 70.244972 7.090715
v -22.803157 70.225394 6.866519
v -22.693575 70.209997 6.651528
v -22.563927 70.198914 6.447716
v -22.415446 70.192244 6.256988
v -22.222284 70.190133 6.055403
v -23.254457 72.132589 7.135988
v -23.185255 72.109342 6.871772
v -23.087763 72.091924 6.616177
v -22.963250 72.080523 6.372224
v -22.813251 72.075268 6.142848
v -22.610535 72.076965 5.899788
v -22.388638 72.086390 5.691288
v -22.143723 72.103340 5.510964
v -23.751960 74.750599 6.901653
v -23.681838 74.727724 6.593355
v -23.573985 74.713706 6.295559
v -23.430203 74.708758 6.013071
v -23.222212 74.714502 5.711953
v -22.983850 74.731429 5.453091
v -22.712702 74.759246 5.229963
v -22.414111 74.797399 5.046945
v -23.878706 75.320884 6.911700
v -23.815551 75.294515 6.592663
v -23.712181 75.277699 6.283650
v -23.570446 75.270671 5.989945
v -23.361905 75.274914 5.676470
v -23.120362 75.291268 5.406871
v -22.843773 75.319308 5.174673
v -23.957735 76.255143 6.266979
v -23.821853 76.249489 5.953663
v -23.614803 76.257009 5.618138
v -21.549067 75.000000 4.701708
v -23.841793 80.000000 5.906615
v -21.829923 80.000000 5.252919
v -23.534718 80.000000 7.031091
v -23.694927 80.000000 6.470675
v -11.851172 70.000000 19.607720
v -10.790844 73.349210 19.648126
v -10.720253 75.000000 20.046180
v -10.831314 75.024830 20.195346
v -10.940119 75.091319 20.335206
v -11.141307 75.303031 20.580606
v -11.488799 75.881439 20.972794
v -12.123900 77.469886 21.610505
v -12.918513 75.969977 21.285167
v -13.430390 75.334587 21.031800
v -13.735340 75.100520 20.861238
v -13.901745 75.027383 20.760703
v -14.073693 75.000000 20.650265
v -14.183647 73.057662 20.163393
v -14.295691 71.116106 19.668769
v -14.187677 70.000000 19.494925
v -13.633275 70.000000 19.743462
v -13.034246 70.000000 19.849132
v -12.427974 70.000000 19.803226
v -11.024172 73.625189 20.003479
v -13.672696 73.604277 20.555191
v -13.797713 71.401620 20.006946
v -11.408831 71.376800 19.710249
v -11.732187 71.342799 19.903542
v -12.081457 71.321910 20.047413
v -12.460891 71.314541 20.140897
v -12.799710 71.320139 20.174463
v -13.139672 71.336738 20.163129
v -13.474410 71.364046 20.107029
v -11.310491 73.580166 20.240127
v -11.629474 73.547148 20.432821
v -11.974054 73.526869 20.577277
v -12.348617 73.519718 20.672660
v -12.683414 73.525151 20.708974
v -13.019776 73.541263 20.701353
v -13.351543 73.567779 20.649863
v -13.709405 72.952536 20.393844
v -13.387651 72.915745 20.489997
v -13.055060 72.889013 20.542747
v -12.717703 72.872768 20.551382
v -12.381797 72.867291 20.515817
v -12.005894 72.874501 20.420949
v -11.660024 72.894946 20.276648
v -11.339840 72.928232 20.083785
v -11.052474 72.973614 19.846674
v -13.613689 74.660222 20.815221
v -13.293449 74.624160 20.907683
v -12.962925 74.597965 20.957295
v -12.628058 74.582049 20.963408
v -12.294926 74.576684 20.925983
v -11.922373 74.583746 20.829839
v -11.579723 74.603778 20.685158
v -11.262541 74.636398 20.492722
v -10.977787 74.680887 20.256772
v -14.694631 75.000000 20.225425
v -14.594896 74.029026 20.086261
v -14.495160 73.058053 19.947097
v -14.395425 72.087080 19.807933
v -12.184370 80.000000 21.317141
v -14.439805 80.000000 19.869857
v -13.550220 77.500000 20.730913
v -10.384264 75.000000 19.583730
v -10.995286 80.000000 19.680507
v -14.833856 75.093659 20.113335
v -14.963292 75.212441 20.004243
v -15.187015 75.486827 19.804712
v -15.561438 76.138257 19.438876
v -16.106405 77.553698 18.827178
v -15.697005 75.967588 18.027604
v -15.416235 75.326216 17.545692
v -15.240740 75.099048 17.270331
v -15.138255 75.027140 17.118569
v -15.083178 75.007040 17.039771
v -15.026194 75.000000 16.960291
v -14.596125 73.107069 16.936203
v -14.343119 70.000000 17.797215
v -14.418166 70.000000 18.224676
v -14.416742 70.000000 18.659369
v -14.338923 70.000000 19.087312
v -14.999679 74.782007 19.816838
v -14.351869 70.244972 19.191848
v -14.412103 70.225394 18.958490
v -14.449818 70.209997 18.720148
v -14.464728 70.198914 18.479056
v -14.456712 70.192244 18.237479
v -14.418929 70.190133 17.960854
v -14.618822 72.132589 19.441763
v -14.718139 72.109342 19.187331
v -14.789501 72.091924 18.923246
v -14.832160 72.080523 18.652697
v -14.845632 72.075268 18.378961
v -14.824499 72.076965 18.063168
v -14.767533 72.086390 17.764059
v -14.675385 72.103340 17.474217
v -15.159049 74.750599 19.544607
v -15.283532 74.727724 19.253972
v -15.371318 74.713706 18.949655
v -15.421038 74.708758 18.636604
v -15.429762 74.714502 18.270740
v -15.389079 74.731429 17.921212
v -15.300867 74.759246 17.581320
v -15.166877 74.797399 17.257749
v -15.255684 75.320884 19.627234
v -15.392115 75.294515 19.332006
v -15.490120 75.277699 19.021250
v -15.548090 75.270671 18.700328
v -15.563633 75.274914 18.324144
v -15.526686 75.291268 17.964058
v -15.439404 75.319308 17.613631
v -15.698577 76.255143 19.152096
v -15.772808 76.249489 18.818749
v -15.802518 76.257009 18.425602
v -14.669966 75.000000 16.469986
v -15.816594 80.000000 18.792406
v -14.573190 80.000000 17.081007
v -14.907215 80.000000 19.521632
v -15.366231 80.000000 19.162415
v -5.212016 70.000000 22.310263
v -4.191097 73.349210 22.021033
v -4.000957 75.000000 22.377790
v -4.060487 75.024830 22.553975
v -4.120747 75.091319 22.720613
v -4.236256 75.303031 23.016173
v -4.445547 75.881439 23.496547
v -4.852501 77.469886 24.299302
v -5.708758 75.969977 24.235437
v -6.273876 75.334587 24.152649
v -6.616607 75.100520 24.084669
v -6.805935 75.027383 24.040477
v -7.003595 75.000000 23.988579
v -7.258619 73.057662 23.559514
v -7.518026 71.116106 23.123722
v -7.469020 70.000000 22.925009
v -6.864949 70.000000 22.990062
v -6.262586 70.000000 22.905450
v -5.700172 70.000000 22.674442
v -4.303195 73.625189 22.431095
v -6.651604 73.604277 23.774244
v -6.939919 71.401620 23.291464
v -4.759641 71.376800 22.271083
v -5.007441 71.342799 22.554838
v -5.295157 71.321910 22.799598
v -5.627132 71.314541 23.005758
v -5.938996 71.320139 23.142383
v -6.265821 71.336738 23.236657
v -6.601512 71.364046 23.286742
v -4.502373 73.580166 22.744638
v -4.746198 73.547148 23.026473
v -5.029274 73.526869 23.270340
v -5.356029 73.519718 23.476801
v -5.663219 73.525151 23.614795
v -5.985473 73.541263 23.711489
v -6.316914 73.567779 23.765040
v -6.736374 72.952536 23.632137
v -6.400656 72.915745 23.624157
v -6.068042 72.889013 23.571549
v -5.744528 72.872768 23.475512
v -5.436053 72.867291 23.337888
v -5.107864 72.874501 23.131502
v -4.823513 72.894946 22.887384
v -4.578597 72.928232 22.605018
v -4.378568 72.973614 22.290711
v -6.515131 74.660222 24.003313
v -6.181992 74.624160 23.992290
v -5.852314 74.597965 23.937336
v -5.531948 74.582049 23.839671
v -5.226685 74.576684 23.701134
v -4.902077 74.583746 23.494570
v -4.620906 74.603778 23.251085
v -4.378713 74.636398 22.970054
v -4.180809 74.680887 22.657658
v -7.725425 75.000000 23.776413
v -7.673575 74.029026 23.613240
v -7.621725 73.058053 23.450068
v -7.569875 72.087080 23.286895
v -5.000666 80.000000 24.038983
v -7.592947 80.000000 23.359502
v -6.480821 77.500000 23.903518
v -3.824317 75.000000 21.834148
v -4.375527 80.000000 22.115004
v -7.892473 75.093659 23.712832
v -8.049286 75.212441 23.649077
v -8.323717 75.486827 23.528446
v -8.792864 76.138257 23.296219
v -9.500184 77.553698 22.882864
v -9.357903 75.967588 21.995912
v -9.239794 75.326216 21.450823
v -9.157979 75.099048 21.134708
v -9.107407 75.027140 20.958704
v -9.079376 75.007040 20.866744
v -9.049741 75.000000 20.773544
v -8.648165 73.107069 20.617737
v -8.141475 70.000000 21.358425
v -8.080757 70.000000 21.788155
v -7.945074 70.000000 22.201132
v -7.738822 70.000000 22.584084
v -8.141803 74.782007 23.482088
v -7.718831 70.244972 22.687504
v -7.848229 70.225394 22.484180
v -7.957750 70.209997 22.269158
v -8.046431 70.198914 22.044473
v -8.113459 70.192244 21.812242
v -8.163007 70.190133 21.537482
v -7.895491 72.132589 23.007679
v -8.068571 72.109342 22.796391
v -8.218047 72.091924 22.567284
v -8.342222 72.080523 22.323159
v -8.439624 72.075268 22.066983
v -8.517111 72.076965 21.760116
v -8.555363 72.086390 21.458043
v -8.557290 72.103340 21.153912
v -8.377497 74.750599 23.272429
v -8.585699 74.727724 23.034486
v -8.763226 74.713706 22.772191
v -8.907251 74.708758 22.489826
v -9.028607 74.714502 22.144565
v -9.097924 74.731429 21.799572
v -9.119063 74.759246 21.449057
v -9.091620 74.797399 21.099917
v -8.443868 75.320884 23.380874
v -8.664853 75.294515 23.142256
v -8.854090 75.277699 22.876994
v -9.008393 75.270671 22.589693
v -9.139423 75.274914 22.236723
v -9.215557 75.291268 21.882845
v -9.240835 75.319308 21.522597
v -9.011911 76.255143 23.065853
v -9.185519 76.249489 22.771759
v -9.335264 76.257009 22.407035
v -8.862462 75.000000 20.197156
v -9.235302 80.000000 22.760237
v -8.581606 80.000000 20.748367
v -8.145088 80.000000 23.172758
v -8.692642 80.000000 22.972966
v 1.937329 70.000000 22.828923
v 2.818903 73.349210 22.238367
v 3.109982 75.000000 22.518907
v 3.107809 75.024830 22.704864
v 3.101992 75.091319 22.881967
v 3.083470 75.303031 23.198757
v 3.032866 75.881439 23.720294
v 2.893895 77.469886 24.609515
v 2.059811 75.969977 24.813374
v 1.496768 75.334587 24.909269
v 1.149805 75.100520 24.950526
v 0.956087 75.027383 24.967002
v 0.752064 75.000000 24.978724
v 0.376934 73.057662 24.649466
v -0.004444 71.116106 24.315164
v -0.019243 70.000000 24.111033
v 0.575365 70.000000 23.986234
v 1.122100 70.000000 23.719623
v 1.585602 70.000000 23.326126
v 2.839007 73.625189 22.663000
v 1.020595 73.604277 24.666109
v 0.597203 71.401620 24.296051
v 2.355456 71.376800 22.651869
v 2.207469 71.342799 22.998310
v 2.009470 71.321910 23.320000
v 1.757450 71.314541 23.618656
v 1.503069 71.320139 23.844965
v 1.221372 71.336738 24.035620
v 0.917588 71.364046 24.186988
v 2.746468 73.580166 23.022746
v 2.601669 73.547148 23.366132
v 2.407806 73.526869 23.685540
v 2.160844 73.519718 23.982868
v 1.911332 73.525151 24.209035
v 1.634730 73.541263 24.400579
v 1.336059 73.567779 24.553930
v 0.896059 72.952536 24.557152
v 1.212881 72.915745 24.445820
v 1.512958 72.889013 24.293004
v 1.790961 72.872768 24.101696
v 2.041810 72.867291 23.875483
v 2.290160 72.874501 23.577783
v 2.485157 72.894946 23.257743
v 2.630830 72.928232 22.913514
v 2.723943 72.973614 22.552778
v 1.221174 74.660222 24.841793
v 1.534602 74.624160 24.728364
v 1.831163 74.597965 24.574224
v 2.105668 74.582049 24.382340
v 2.353181 74.576684 24.156252
v 2.598069 74.583746 23.859489
v 2.790238 74.603778 23.541035
v 2.933733 74.636398 23.198916
v 3.025416 74.680887 22.840654
v -0.000000 75.000000 25.000000
v -0.001111 74.029026 24.828791
v -0.002221 73.058053 24.657582
v -0.003333 72.087080 24.486373
v 2.672538 80.000000 24.407722
v -0.002838 80.000000 24.562557
v 1.222966 77.500000 24.736280
v 3.109982 75.000000 21.947288
v 2.672538 80.000000 22.384731
v -0.178520 75.093659 24.991151
v -0.347359 75.212441 24.978975
v -0.645635 75.486827 24.949052
v -1.163583 76.138257 24.873165
v -1.964018 77.553698 24.698615
v -2.102784 75.967588 23.811106
v -2.158897 75.326216 23.256198
v -2.178772 75.099048 22.930273
v -2.185063 75.027140 22.747256
v -2.186821 75.007040 22.651134
v -2.187437 75.000000 22.553338
v -1.853663 73.107069 22.281063
v -1.142887 70.000000 22.828923
v -0.952346 70.000000 23.218858
v -0.695688 70.000000 23.569695
v -0.381192 70.000000 23.870167
v -0.486951 74.782007 24.848749
v -0.330220 70.244972 23.962348
v -0.516115 70.225394 23.808962
v -0.686721 70.209997 23.638308
v -0.840494 70.198914 23.452023
v -0.976004 70.192244 23.251872
v -1.108033 70.190133 23.005870
v -0.399294 72.132589 24.321444
v -0.629194 72.109342 24.173982
v -0.842153 72.091924 24.002279
v -1.035689 72.080523 23.808474
v -1.207486 72.075268 23.594935
v -1.376008 72.076965 23.327032
v -1.505733 72.086390 23.051564
v -1.601549 72.103340 22.762914
v -0.775897 74.750599 24.722184
v -1.047437 74.727724 24.560225
v -1.297330 74.713706 24.365627
v -1.521561 74.708758 24.141588
v -1.743668 74.714502 23.850726
v -1.916202 74.731429 23.544038
v -2.044621 74.759246 23.217211
v -2.126411 74.797399 22.876679
v -0.805509 75.320884 24.845832
v -1.089415 75.294515 24.687180
v -1.351360 75.277699 24.493379
v -1.586892 75.270671 24.267822
v -1.820582 75.274914 23.972618
v -2.002344 75.291268 23.659586
v -2.137708 75.319308 23.324781
v -1.443096 76.255143 24.721764
v -1.699087 76.249489 24.495712
v -1.954209 76.257009 24.195112
v -2.187437 75.000000 21.947288
v -1.749994 80.000000 24.500137
v -1.749994 80.000000 22.384731
v -0.585663 80.000000 24.555574
v -1.168157 80.000000 24.534763
v 14.985836 70.000000 17.330253
v 15.351924 73.349210 16.334307
v 15.752309 75.000000 16.390177
v 15.859855 75.024830 16.541897
v 15.959247 75.091319 16.688595
v 16.130466 75.303031 16.955770
v 16.396079 75.881439 17.407447
v 16.806320 77.469886 18.208527
v 16.251357 75.969977 18.863714
v 15.852212 75.334587 19.272243
v 15.595763 75.100520 19.509561
v 15.448726 75.027383 19.636755
v 15.290558 75.000000 19.766160
v 14.793539 73.057662 19.720281
v 14.288499 71.116106 19.673994
v 14.156542 70.000000 19.517546
v 14.564235 70.000000 19.067080
v 14.849842 70.000000 18.530024
v 14.993532 70.000000 17.939239
v 15.617782 73.625189 16.666025
v 15.324053 73.604277 19.355411
v 14.764008 71.401620 19.304891
v 15.220038 71.376800 16.941245
v 15.303948 71.342799 17.308506
v 15.332847 71.321910 17.685139
v 15.304505 71.314541 18.074891
v 15.231727 71.320139 18.407500
v 15.115893 71.336738 18.727321
v 14.959099 71.364046 19.028339
v 15.754370 73.580166 17.011459
v 15.839063 73.547148 17.374376
v 15.869967 73.526869 17.746731
v 15.844936 73.519718 18.132436
v 15.776014 73.525151 18.462068
v 15.664824 73.541263 18.779613
v 15.513333 73.567779 19.079231
v 15.159259 72.952536 19.340463
v 15.350133 72.915745 19.064170
v 15.503078 72.889013 18.764158
v 15.615539 72.872768 18.445981
v 15.685516 72.867291 18.115525
v 15.711451 72.874501 17.728704
v 15.681093 72.894946 17.355171
v 15.596611 72.928232 16.991059
v 15.459906 72.973614 16.644487
v 15.589590 74.660222 19.379644
v 15.776486 74.624160 19.103650
v 15.925808 74.597965 18.804635
v 16.035101 74.582049 18.488046
v 16.102452 74.576684 18.159654
v 16.126138 74.583746 17.775625
v 16.094423 74.603778 17.405037
v 16.009421 74.636398 17.043912
v 15.873013 74.680887 16.700182
v 14.694631 75.000000 20.225425
v 14.593099 74.029026 20.087567
v 14.491566 73.058053 19.949709
v 14.390033 72.087080 19.811851
v 16.508628 80.000000 18.175384
v 14.435212 80.000000 19.873194
v 15.529021 77.500000 19.293230
v 15.416320 75.000000 15.927728
v 15.319544 80.000000 16.538749
v 14.545004 75.093659 20.323198
v 14.401254 75.212441 20.412588
v 14.142355 75.486827 20.563702
v 13.678721 76.138257 20.806750
v 12.928558 77.553698 21.136020
v 12.294629 75.967588 20.499575
v 11.923066 75.326216 20.083628
v 11.715413 75.099048 19.831631
v 11.602749 75.027140 19.687264
v 11.544827 75.007040 19.610534
v 11.486846 75.000000 19.531777
v 11.596836 73.107069 19.115314
v 12.493890 70.000000 19.140759
v 12.877238 70.000000 19.344226
v 13.291096 70.000000 19.477198
v 13.722142 70.000000 19.535430
v 14.211777 74.782007 20.389282
v 13.817561 70.244972 19.580046
v 13.577011 70.225394 19.565220
v 13.338680 70.209997 19.527438
v 13.104780 70.198914 19.467116
v 12.877503 70.192244 19.384841
v 12.626094 70.190133 19.263426
v 13.972750 72.132589 19.911161
v 13.700081 72.109342 19.926993
v 13.426870 72.091924 19.913256
v 13.156380 72.080523 19.870223
v 12.891878 72.075268 19.798446
v 12.598071 72.076965 19.680762
v 12.331206 72.086390 19.534155
v 12.084025 72.103340 19.356951
v 13.903622 74.750599 20.456728
v 13.588744 74.727724 20.485307
v 13.272194 74.713706 20.474757
v 12.959101 74.708758 20.425306
v 12.608448 74.714502 20.320545
v 12.288598 74.731429 20.173842
v 11.992601 74.759246 19.984916
v 11.726272 74.797399 19.757495
v 13.952343 75.320884 20.574166
v 13.629405 75.294515 20.612690
v 13.303573 75.277699 20.609869
v 12.980445 75.270671 20.565832
v 12.617869 75.274914 20.464366
v 12.286825 75.291268 20.317955
v 11.980520 75.319308 20.126657
v 13.363599 76.255143 20.848557
v 13.023628 76.249489 20.816145
v 12.640542 76.257009 20.722912
v 11.130618 75.000000 19.041472
v 12.985044 80.000000 20.849648
v 11.741640 80.000000 19.138249
v 13.959593 80.000000 20.210120
v 13.476113 80.000000 20.535666
v 8.897034 70.000000 21.112928
v 9.552969 73.349210 20.278855
v 9.916493 75.000000 20.455716
v 9.971891 75.024830 20.633243
v 10.021087 75.091319 20.803476
v 10.101364 75.303031 21.110484
v 10.214401 75.881439 21.622133
v 10.357016 77.469886 22.510777
v 9.626751 75.969977 22.962404
v 9.120899 75.334587 23.227595
v 8.803666 75.100520 23.374051
v 8.624521 75.027383 23.449583
v 8.434106 75.000000 23.523778
v 7.975589 73.057662 23.326557
v 7.509572 71.116106 23.126469
v 7.432418 70.000000 22.936901
v 7.959359 70.000000 22.634467
v 8.396947 70.000000 22.211954
v 8.716167 70.000000 21.694486
v 9.703309 73.625189 20.676492
v 8.592890 73.604277 23.143482
v 8.075867 71.401620 22.922372
v 9.239984 71.376800 20.815332
v 9.206297 71.342799 21.190547
v 9.117395 71.321910 21.557677
v 8.970000 71.314541 21.919595
v 8.798003 71.320139 22.213435
v 8.589008 71.336738 22.481808
v 8.346869 71.364046 22.719642
v 9.726466 73.580166 21.047227
v 9.694866 73.547148 21.418553
v 9.609194 73.526869 21.782234
v 9.466199 73.519718 22.141326
v 9.298788 73.525151 22.433527
v 9.094914 73.541263 22.701170
v 8.858250 73.567779 22.939310
v 8.440781 72.952536 23.078342
v 8.707692 72.915745 22.874555
v 8.945860 72.889013 22.636490
v 9.151139 72.872768 22.368637
v 9.319807 72.867291 22.075979
v 9.464007 72.874501 21.716105
v 9.550563 72.894946 21.351473
v 9.582733 72.928232 20.979076
v 9.559815 72.973614 20.607222
v 8.837942 74.660222 23.248585
v 9.100978 74.624160 23.043853
v 9.335392 74.597965 22.805616
v 9.537167 74.582049 22.538296
v 9.702700 74.576684 22.246788
v 9.843898 74.583746 21.888875
v 9.928254 74.603778 21.526624
v 9.959005 74.636398 21.156907
v 9.935492 74.680887 20.787848
v 7.725425 75.000000 23.776413
v 7.671462 74.029026 23.613927
v 7.617499 73.058053 23.451441
v 7.563536 72.087080 23.288955
v 10.084136 80.000000 22.387264
v 7.587548 80.000000 23.361256
v 8.807041 77.500000 23.147683
v 9.739853 75.000000 19.912074
v 9.458997 80.000000 20.463285
v 7.552908 75.093659 23.823163
v 7.388570 75.212441 23.863757
v 7.095645 75.486827 23.927471
v 6.579597 76.138257 24.015353
v 5.764400 77.553698 24.096693
v 5.358170 75.967588 23.295504
v 5.133327 75.326216 22.785095
v 5.013709 75.099048 22.481263
v 4.951170 75.027140 22.309148
v 4.919795 75.007040 22.218273
v 4.888988 75.000000 22.125455
v 5.122289 73.107069 21.763363
v 5.967575 70.000000 22.064767
v 6.269287 70.000000 22.376737
v 6.621798 70.000000 22.631091
v 7.013753 70.000000 22.819673
v 7.215568 74.782007 23.783040
v 7.090715 70.244972 22.891591
v 6.866519 70.225394 22.803157
v 6.651528 70.209997 22.693575
v 6.447716 70.198914 22.563927
v 6.256988 70.192244 22.415446
v 6.055403 70.190133 22.222284
v 7.135988 72.132589 23.254457
v 6.871772 72.109342 23.185255
v 6.616177 72.091924 23.087763
v 6.372224 72.080523 22.963250
v 6.142848 72.075268 22.813251
v 5.899788 72.076965 22.610535
v 5.691288 72.086390 22.388638
v 5.510964 72.103340 22.143723
v 6.901653 74.750599 23.751960
v 6.593355 74.727724 23.681838
v 6.295559 74.713706 23.573985
v 6.013071 74.708758 23.430203
v 5.711953 74.714502 23.222212
v 5.453091 74.731429 22.983850
v 5.229963 74.759246 22.712702
v 5.046945 74.797399 22.414111
v 6.911700 75.320884 23.878706
v 6.592663 75.294515 23.815551
v 6.283650 75.277699 23.712181
v 5.989945 75.270671 23.570446
v 5.676470 75.274914 23.361905
v 5.406871 75.291268 23.120362
v 5.174673 75.319308 22.843773
v 6.266979 76.255143 23.957735
v 5.953663 76.249489 23.821853
v 5.618138 76.257009 23.614803
v 4.701708 75.000000 21.549067
v 5.906615 80.000000 23.841793
v 5.252919 80.000000 21.829923
v 7.031091 80.000000 23.534718
v 6.470675 80.000000 23.694927
v 22.310263 70.000000 5.212016
v 22.021033 73.349210 4.191097
v 22.377790 75.000000 4.000957
v 22.553975 75.024830 4.060487
v 22.720613 75.091319 4.120747
v 23.016173 75.303031 4.236256
v 23.496547 75.881439 4.445547
v 24.299302 77.469886 4.852501
v 24.235437 75.969977 5.708758
v 24.152649 75.334587 6.273876
v 24.084669 75.100520 6.616607
v 24.040477 75.027383 6.805935
v 23.988579 75.000000 7.003595
v 23.559514 73.057662 7.258619
v 23.123722 71.116106 7.518026
v 22.925009 70.000000 7.469020
v 22.990062 70.000000 6.864949
v 22.905450 70.000000 6.262586
v 22.674442 70.000000 5.700172
v 22.431095 73.625189 4.303195
v 23.774244 73.604277 6.651604
v 23.291464 71.401620 6.939919
v 22.271083 71.376800 4.759641
v 22.554838 71.342799 5.007441
v 22.799598 71.321910 5.295157
v 23.005758 71.314541 5.627132
v 23.142383 71.320139 5.938996
v 23.236657 71.336738 6.265821
v 23.286742 71.364046 6.601512
v 22.744638 73.580166 4.502373
v 23.026473 73.547148 4.746198
v 23.270340 73.526869 5.029274
v 23.476801 73.519718 5.356029
v 23.614795 73.525151 5.663219
v 23.711489 73.541263 5.985473
v 23.765040 73.567779 6.316914
v 23.632137 72.952536 6.736374
v 23.624157 72.915745 6.400656
v 23.571549 72.889013 6.068042
v 23.475512 72.872768 5.744528
v 23.337888 72.867291 5.436053
v 23.131502 72.874501 5.107864
v 22.887384 72.894946 4.823513
v 22.605018 72.928232 4.578597
v 22.290711 72.973614 4.378568
v 24.003313 74.660222 6.515131
v 23.992290 74.624160 6.181992
v 23.937336 74.597965 5.852314
v 23.839671 74.582049 5.531948
v 23.701134 74.576684 5.226685
v 23.494570 74.583746 4.902077
v 23.251085 74.603778 4.620906
v 22.970054 74.636398 4.378713
v 22.657658 74.680887 4.180809
v 23.776413 75.000000 7.725425
v 23.613240 74.029026 7.673575
v 23.450068 73.058053 7.621725
v 23.286895 72.087080 7.569875
v 24.038983 80.000000 5.000666
v 23.359502 80.000000 7.592947
v 23.903518 77.500000 6.480821
v 21.834148 75.000000 3.824317
v 22.115004 80.000000 4.375527
v 23.712832 75.093659 7.892473
v 23.649077 75.212441 8.049286
v 23.528446 75.486827 8.323717
v 23.296219 76.138257 8.792864
v 22.882864 77.553698 9.500184
v 21.995912 75.967588 9.357903
v 21.450823 75.326216 9.239794
v 21.134708 75.099048 9.157979
v 20.958704 75.027140 9.107407
v 20.866744 75.007040 9.079376
v 20.773544 75.000000 9.049741
v 20.617737 73.107069 8.648165
v 21.358425 70.000000 8.141475
v 21.788155 70.000000 8.080757
v 22.201132 70.000000 7.945074
v 22.584084 70.000000 7.738822
v 23.482088 74.782007 8.141803
v 22.687504 70.244972 7.718831
v 22.484180 70.225394 7.848229
v 22.269158 70.209997 7.957750
v 22.044473 70.198914 8.046431
v 21.812242 70.192244 8.113459
v 21.537482 70.190133 8.163007
v 23.007679 72.132589 7.895491
v 22.796391 72.109342 8.068571
v 22.567284 72.091924 8.218047
v 22.323159 72.080523 8.342222
v 22.066983 72.075268 8.439624
v 21.760116 72.076965 8.517111
v 21.458043 72.086390 8.555363
v 21.153912 72.103340 8.557290
v 23.272429 74.750599 8.377497
v 23.034486 74.727724 8.585699
v 22.772191 74.713706 8.763226
v 22.489826 74.708758 8.907251
v 22.144565 74.714502 9.028607
v 21.799572 74.731429 9.097924
v 21.449057 74.759246 9.119063
v 21.099917 74.797399 9.091620
v 23.380874 75.320884 8.443868
v 23.142256 75.294515 8.664853
v 22.876994 75.277699 8.854090
v 22.589693 75.270671 9.008393
v 22.236723 75.274914 9.139423
v 21.882845 75.291268 9.215557
v 21.522597 75.319308 9.240835
v 23.065853 76.255143 9.011911
v 22.771759 76.249489 9.185519
v 22.407035 76.257009 9.335264
v 20.197156 75.000000 8.862462
v 22.760237 80.000000 9.235302
v 20.748367 80.000000 8.581606
v 23.172758 80.000000 8.145088
v 22.972966 80.000000 8.692642
v -8.897034 70.000000 -21.112928
v -9.552969 73.349210 -20.278855
v -9.916493 75.000000 -20.455716
v -9.971891 75.024830 -20.633243
v -10.021087 75.091319 -20.803476
v -10.101364 75.303031 -21.110484
v -10.214401 75.881439 -21.622133
v -10.357016 77.469886 -22.510777
v -9.626751 75.969977 -22.962404
v -9.120899 75.334587 -23.227595
v -8.803666 75.100520 -23.374051
v -8.624521 75.027383 -23.449583
v -8.434106 75.000000 -23.523778
v -7.975589 73.057662 -23.326557
v -7.509572 71.116106 -23.126469
v -7.432418 70.000000 -22.936901
v -7.959359 70.000000 -22.634467
v -8.396947 70.000000 -22.211954
v -8.716167 70.000000 -21.694486
v -9.703309 73.625189 -20.676492
v -8.592890 73.604277 -23.143482
v -8.075867 71.401620 -22.922372
v -9.239984 71.376800 -20.815332
v -9.206297 71.342799 -21.190547
v -9.117395 71.321910 -21.557677
v -8.970000 71.314541 -21.919595
v -8.798003 71.320139 -22.213435
v -8.589008 71.336738 -22.481808
v -8.346869 71.364046 -22.719642
v -9.726466 73.580166 -21.047227
v -9.694866 73.547148 -21.418553
v -9.609194 73.526869 -21.782234
v -9.466199 73.519718 -22.141326
v -9.298788 73.525151 -22.433527
v -9.094914 73.541263 -22.701170
v -8.858250 73.567779 -22.939310
v -8.440781 72.952536 -23.078342
v -8.707692 72.915745 -22.874555
v -8.945860 72.889013 -22.636490
v -9.151139 72.872768 -22.368637
v -9.319807 72.867291 -22.075979
v -9.464007 72.874501 -21.716105
v -9.550563 72.894946 -21.351473
v -9.582733 72.928232 -20.979076
v -9.559815 72.973614 -20.607222
v -8.837942 74.660222 -23.248585
v -9.100978 74.624160 -23.043853
v -9.335392 74.597965 -22.805616
v -9.537167 74.582049 -22.538296
v -9.702700 74.576684 -22.246788
v -9.843898 74.583746 -21.888875
v -9.928254 74.603778 -21.526624
v -9.959005 74.636398 -21.156907
v -9.935492 74.680887 -20.787848
v -7.725425 75.000000 -23.776413
v -7.671462 74.029026 -23.613927
v -7.617499 73.058053 -23.451441
v -7.563536 72.087080 -23.288955
v -10.084136 80.000000 -22.387264
v -7.587548 80.000000 -23.361256
v -8.807041 77.500000 -23.147683
v -9.739853 75.000000 -19.912074
v -9.458997 80.000000 -20.463285
v -7.552908 75.093659 -23.823163
v -7.388570 75.212441 -23.863757
v -7.095645 75.486827 -23.927471
v -6.579597 76.138257 -24.015353
v -5.764400 77.553698 -24.096693
v -5.358170 75.967588 -23.295504
v -5.133327 75.326216 -22.785095
v -5.013709 75.099048 -22.481263
v -4.951170 75.027140 -22.309148
v -4.919795 75.007040 -22.218273
v -4.888988 75.000000 -22.125455
v -5.122289 73.107069 -21.763363
v -5.967575 70.000000 -22.064767
v -6.269287 70.000000 -22.376737
v -6.621798 70.000000 -22.631091
v -7.013753 70.000000 -22.819673
v -7.215568 74.782007 -23.783040
v -7.090715 70.244972 -22.891591
v -6.866519 70.225394 -22.803157
v -6.651528 70.209997 -22.693575
v -6.447716 70.198914 -22.563927
v -6.256988 70.192244 -22.415446
v -6.055403 70.190133 -22.222284
v -7.135988 72.132589 -23.254457
v -6.871772 72.109342 -23.185255
v -6.616177 72.091924 -23.087763
v -6.372224 72.080523 -22.963250
v -6.142848 72.075268 -22.813251
v -5.899788 72.076965 -22.610535
v -5.691288 72.086390 -22.388638
v -5.510964 72.103340 -22.143723
v -6.901653 74.750599 -23.751960
v -6.593355 74.727724 -23.681838
v -6.295559 74.713706 -23.573985
v -6.013071 74.708758 -23.430203
v -5.711953 74.714502 -23.222212
v -5.453091 74.731429 -22.983850
v -5.229963 74.759246 -22.712702
v -5.046945 74.797399 -22.414111
v -6.911700 75.320884 -23.878706
v -6.592663 75.294515 -23.815551
v -6.283650 75.277699 -23.712181
v -5.989945 75.270671 -23.570446
v -5.676470 75.274914 -23.361905
v -5.406871 75.291268 -23.120362
v -5.174673 75.319308 -22.843773
v -6.266979 76.255143 -23.957735
v -5.953663 76.249489 -23.821853
v -5.618138 76.257009 -23.614803
v -4.701708 75.000000 -21.549067
v -5.906615 80.000000 -23.841793
v -5.252919 80.000000 -21.829923
v -7.031091 80.000000 -23.534718
v -6.470675 80.000000 -23.694927
v -1.937329 70.000000 -22.828923
v -2.818903 73.349210 -22.238367
v -3.109982 75.000000 -22.518907
v -3.107809 75.024830 -22.704864
v -3.101992 75.091319 -22.881967
v -3.083470 75.303031 -23.198757
v -3.032866 75.881439 -23.720294
v -2.893895 77.469886 -24.609515
v -2.059811 75.969977 -24.813374
v -1.496768 75.334587 -24.909269
v -1.149805 75.100520 -24.950526
v -0.956087 75.027383 -24.967002
v -0.752064 75.000000 -24.978724
v -0.376934 73.057662 -24.649466
v 0.004444 71.116106 -24.315164
v 0.019243 70.000000 -24.111033
v -0.575365 70.000000 -23.986234
v -1.122100 70.000000 -23.719623
v -1.585602 70.000000 -23.326126
v -2.839007 73.625189 -22.663000
v -1.020595 73.604277 -24.666109
v -0.597203 71.401620 -24.296051
v -2.355456 71.376800 -22.651869
v -2.207469 71.342799 -22.998310
v -2.009470 71.321910 -23.320000
v -1.757450 71.314541 -23.618656
v -1.503069 71.320139 -23.844965
v -1.221372 71.336738 -24.035620
v -0.917588 71.364046 -24.186988
v -2.746468 73.580166 -23.022746
v -2.601669 73.547148 -23.366132
v -2.407806 73.526869 -23.685540
v -2.160844 73.519718 -23.982868
v -1.911332 73.525151 -24.209035
v -1.634730 73.541263 -24.400579
v -1.336059 73.567779 -24.553930
v -0.896059 72.952536 -24.557152
v -1.212881 72.915745 -24.445820
v -1.512958 72.889013 -24.293004
v -1.790961 72.872768 -24.101696
v -2.041810 72.867291 -23.875483
v -2.290160 72.874501 -23.577783
v -2.485157 72.894946 -23.257743
v -2.630830 72.928232 -22.913514
v -2.723943 72.973614 -22.552778
v -1.221174 74.660222 -24.841793
v -1.534602 74.624160 -24.728364
v -1.831163 74.597965 -24.574224
v -2.105668 74.582049 -24.382340
v -2.353181 74.576684 -24.156252
v -2.598069 74.583746 -23.859489
v -2.790238 74.603778 -23.541035
v -2.933733 74.636398 -23.198916
v -3.025416 74.680887 -22.840654
v -0.000000 75.000000 -25.000000
v 0.001111 74.029026 -24.828791
v 0.002221 73.058053 -24.657582
v 0.003333 72.087080 -24.486373
v -2.672538 80.000000 -24.407722
v 0.002838 80.000000 -24.562557
v -1.222966 77.500000 -24.736280
v -3.109982 75.000000 -21.947288
v -2.672538 80.000000 -22.384731
v 0.178520 75.093659 -24.991151
v 0.347359 75.212441 -24.978975
v 0.645635 75.486827 -24.949052
v 1.163583 76.138257 -24.873165
v 1.964018 77.553698 -24.698615
v 2.102784 75.967588 -23.811106
v 2.158897 75.326216 -23.256198
v 2.178772 75.099048 -22.930273
v 2.185063 75.027140 -22.747256
v 2.186821 75.007040 -22.651134
v 2.187437 75.000000 -22.553338
v 1.853663 73.107069 -22.281063
v 1.142887 70.000000 -22.828923
v 0.952346 70.000000 -23.218858
v 0.695688 70.000000 -23.569695
v 0.381192 70.000000 -23.870167
v 0.486951 74.782007 -24.848749
v 0.330220 70.244972 -23.962348
v 0.516115 70.225394 -23.808962
v 0.686721 70.209997 -23.638308
v 0.840494 70.198914 -23.452023
v 0.976004 70.192244 -23.251872
v 1.108033 70.190133 -23.005870
v 0.399294 72.132589 -24.321444
v 0.629194 72.109342 -24.173982
v 0.842153 72.091924 -24.002279
v 1.035689 72.080523 -23.808474
v 1.207486 72.075268 -23.594935
v 1.376008 72.076965 -23.327032
v 1.505733 72.086390 -23.051564
v 1.601549 72.103340 -22.762914
v 0.775897 74.750599 -24.722184
v 1.047437 74.727724 -24.560225
v 1.297330 74.713706 -24.365627
v 1.521561 74.708758 -24.141588
v 1.743668 74.714502 -23.850726
v 1.916202 74.731429 -23.544038
v 2.044621 74.759246 -23.217211
v 2.126411 74.797399 -22.876679
v 0.805509 75.320884 -24.845832
v 1.089415 75.294515 -24.687180
v 1.351360 75.277699 -24.493379
v 1.586892 75.270671 -24.267822
v 1.820582 75.274914 -23.972618
v 2.002344 75.291268 -23.659586
v 2.137708 75.319308 -23.324781
v 1.443096 76.255143 -24.721764
v 1.699087 76.249489 -24.495712
v 1.954209 76.257009 -24.195112
v 2.187437 75.000000 -21.947288
v 1.749994 80.000000 -24.500137
v 1.749994 80.000000 -22.384731
v 0.585663 80.000000 -24.555574
v 1.168157 80.000000 -24.534763
v 17.330253 70.000000 -14.985836
v 16.334307 73.349210 -15.351924
v 16.390177 75.000000 -15.752309
v 16.541897 75.024830 -15.859855
v 16.688595 75.091319 -15.959247
v 16.955770 75.303031 -16.130466
v 17.407447 75.881439 -16.396079
v 18.208527 77.469886 -16.806320
v 18.863714 75.969977 -16.251357
v 19.272243 75.334587 -15.852212
v 19.509561 75.100520 -15.595763
v 19.636755 75.027383 -15.448726
v 19.766160 75.000000 -15.290558
v 19.720281 73.057662 -14.793539
v 19.673994 71.116106 -14.288499
v 19.517546 70.000000 -14.156542
v 19.067080 70.000000 -14.564235
v 18.530024 70.000000 -14.849842
v 17.939239 70.000000 -14.993532
v 16.666025 73.625189 -15.617782
v 19.355411 73.604277 -15.324053
v 19.304891 71.401620 -14.764008
v 16.941245 71.376800 -15.220038
v 17.308506 71.342799 -15.303948
v 17.685139 71.321910 -15.332847
v 18.074891 71.314541 -15.304505
v 18.407500 71.320139 -15.231727
v 18.727321 71.336738 -15.115893
v 19.028339 71.364046 -14.959099
v 17.011459 73.580166 -15.754370
v 17.374376 73.547148 -15.839063
v 17.746731 73.526869 -15.869967
v 18.132436 73.519718 -15.844936
v 18.462068 73.525151 -15.776014
v 18.779613 73.541263 -15.664824
v 19.079231 73.567779 -15.513333
v 19.340463 72.952536 -15.159259
v 19.064170 72.915745 -15.350133
v 18.764158 72.889013 -15.503078
v 18.445981 72.872768 -15.615539
v 18.115525 72.867291 -15.685516
v 17.728704 72.874501 -15.711451
v 17.355171 72.894946 -15.681093
v 16.991059 72.928232 -15.596611
v 16.644487 72.973614 -15.459906
v 19.379644 74.660222 -15.589590
v 19.103650 74.624160 -15.776486
v 18.804635 74.597965 -15.925808
v 18.488046 74.582049 -16.035101
v 18.159654 74.576684 -16.102452
v 17.775625 74.583746 -16.126138
v 17.405037 74.603778 -16.094423
v 17.043912 74.636398 -16.009421
v 16.700182 74.680887 -15.873013
v 20.225425 75.000000 -14.694631
v 20.087567 74.029026 -14.593099
v 19.949709 73.058053 -14.491566
v 19.811851 72.087080 -14.390033
v 18.175384 80.000000 -16.508628
v 19.873194 80.000000 -14.435212
v 19.293230 77.500000 -15.529021
v 15.927728 75.000000 -15.416320
v 16.538749 80.000000 -15.319544
v 20.323198 75.093659 -14.545004
v 20.412588 75.212441 -14.401254
v 20.563702 75.486827 -14.142355
v 20.806750 76.138257 -13.678721
v 21.136020 77.553698 -12.928558
v 20.499575 75.967588 -12.294629
v 20.083628 75.326216 -11.923066
v 19.831631 75.099048 -11.715413
v 19.687264 75.027140 -11.602749
v 19.610534 75.007040 -11.544827
v 19.531777 75.000000 -11.486846
v 19.115314 73.107069 -11.596836
v 19.140759 70.000000 -12.493890
v 19.344226 70.000000 -12.877238
v 19.477198 70.000000 -13.291096
v 19.535430 70.000000 -13.722142
v 20.389282 74.782007 -14.211777
v 19.580046 70.244972 -13.817561
v 19.565220 70.225394 -13.577011
v 19.527438 70.209997 -13.338680
v 19.467116 70.198914 -13.104780
v 19.384841 70.192244 -12.877503
v 19.263426 70.190133 -12.626094
v 19.911161 72.132589 -13.972750
v 19.926993 72.109342 -13.700081
v 19.913256 72.091924 -13.426870
v 19.870223 72.080523 -13.156380
v 19.798446 72.075268 -12.891878
v 19.680762 72.076965 -12.598071
v 19.534155 72.086390 -12.331206
v 19.356951 72.103340 -12.084025
v 20.456728 74.750599 -13.903622
v 20.485307 74.727724 -13.588744
v 20.474757 74.713706 -13.272194
v 20.425306 74.708758 -12.959101
v 20.320545 74.714502 -12.608448
v 20.173842 74.731429 -12.288598
v 19.984916 74.759246 -11.992601
v 19.757495 74.797399 -11.726272
v 20.574166 75.320884 -13.952343
v 20.612690 75.294515 -13.629405
v 20.609869 75.277699 -13.303573
v 20.565832 75.270671 -12.980445
v 20.464366 75.274914 -12.617869
v 20.317955 75.291268 -12.286825
v 20.126657 75.319308 -11.980520
v 20.848557 76.255143 -13.363599
v 20.816145 76.249489 -13.023628
v 20.722912 76.257009 -12.640542
v 19.041472 75.000000 -11.130618
v 20.849648 80.000000 -12.985044
v 19.138249 80.000000 -11.741640
v 20.210120 80.000000 -13.959593
v 20.535666 80.000000 -13.476113
v 11.851172 70.000000 -19.607720
v 10.790844 73.349210 -19.648126
v 10.720253 75.000000 -20.046180
v 10.831314 75.024830 -20.195346
v 10.940119 75.091319 -20.335206
v 11.141307 75.303031 -20.580606
v 11.488799 75.881439 -20.972794
v 12.123900 77.469886 -21.610505
v 12.918513 75.969977 -21.285167
v 13.430390 75.334587 -21.031800
v 13.735340 75.100520 -20.861238
v 13.901745 75.027383 -20.760703
v 14.073693 75.000000 -20.650265
v 14.183647 73.057662 -20.163393
v 14.295691 71.116106 -19.668769
v 14.187677 70.000000 -19.494925
v 13.633275 70.000000 -19.743462
v 13.034246 70.000000 -19.849132
v 12.427974 70.000000 -19.803226
v 11.024172 73.625189 -20.003479
v 13.672696 73.604277 -20.555191
v 13.797713 71.401620 -20.006946
v 11.408831 71.376800 -19.710249
v 11.732187 71.342799 -19.903542
v 12.081457 71.321910 -20.047413
v 12.460891 71.314541 -20.140897
v 12.799710 71.320139 -20.174463
v 13.139672 71.336738 -20.163129
v 13.474410 71.364046 -20.107029
v 11.310491 73.580166 -20.240127
v 11.629474 73.547148 -20.432821
v 11.974054 73.526869 -20.577277
v 12.348617 73.519718 -20.672660
v 12.683414 73.525151 -20.708974
v 13.019776 73.541263 -20.701353
v 13.351543 73.567779 -20.649863
v 13.709405 72.952536 -20.393844
v 13.387651 72.915745 -20.489997
v 13.055060 72.889013 -20.542747
v 12.717703 72.872768 -20.551382
v 12.381797 72.867291 -20.515817
v 12.005894 72.874501 -20.420949
v 11.660024 72.894946 -20.276648
v 11.339840 72.928232 -20.083785
v 11.052474 72.973614 -19.846674
v 13.613689 74.660222 -20.815221
v 13.293449 74.624160 -20.907683
v 12.962925 74.597965 -20.957295
v 12.628058 74.582049 -20.963408
v 12.294926 74.576684 -20.925983
v 11.922373 74.583746 -20.829839
v 11.579723 74.603778 -20.685158
v 11.262541 74.636398 -20.492722
v 10.977787 74.680887 -20.256772
v 14.694631 75.000000 -20.225425
v 14.594896 74.029026 -20.086261
v 14.495160 73.058053 -19.947097
v 14.395425 72.087080 -19.807933
v 12.184370 80.000000 -21.317141
v 14.439805 80.000000 -19.869857
v 13.550220 77.500000 -20.730913
v 10.384264 75.000000 -19.583730
v 10.995286 80.000000 -19.680507
v 14.833856 75.093659 -20.113335
v 14.963292 75.212441 -20.004243
v 15.187015 75.486827 -19.804712
v 15.561438 76.138257 -19.438876
v 16.106405 77.553698 -18.827178
v 15.697005 75.967588 -18.027604
v 15.416235 75.326216 -17.545692
v 15.240740 75.099048 -17.270331
v 15.138255 75.027140 -17.118569
v 15.083178 75.007040 -17.039771
v 15.026194 75.000000 -16.960291
v 14.596125 73.107069 -16.936203
v 14.343119 70.000000 -17.797215
v 14.418166 70.000000 -18.224676
v 14.416742 70.000000 -18.659369
v 14.338923 70.000000 -19.087312
v 14.999679 74.782007 -19.816838
v 14.351869 70.244972 -19.191848
v 14.412103 70.225394 -18.958490
v 14.449818 70.209997 -18.720148
v 14.464728 70.198914 -18.479056
v 14.456712 70.192244 -18.237479
v 14.418929 70.190133 -17.960854
v 14.618822 72.132589 -19.441763
v 14.718139 72.109342 -19.187331
v 14.789501 72.091924 -18.923246
v 14.832160 72.080523 -18.652697
v 14.845632 72.075268 -18.378961
v 14.824499 72.076965 -18.063168
v 14.767533 72.086390 -17.764059
v 14.675385 72.103340 -17.474217
v 15.159049 74.750599 -19.544607
v 15.283532 74.727724 -19.253972
v 15.371318 74.713706 -18.949655
v 15.421038 74.708758 -18.636604
v 15.429762 74.714502 -18.270740
v 15.389079 74.731429 -17.921212
v 15.300867 74.759246 -17.581320
v 15.166877 74.797399 -17.257749
v 15.255684 75.320884 -19.627234
v 15.392115 75.294515 -19.332006
v 15.490120 75.277699 -19.021250
v 15.548090 75.270671 -18.700328
v 15.563633 75.274914 -18.324144
v 15.526686 75.291268 -17.964058
v 15.439404 75.319308 -17.613631
v 15.698577 76.255143 -19.152096
v 15.772808 76.249489 -18.818749
v 15.802518 76.257009 -18.425602
v 14.669966 75.000000 -16.469986
v 15.816594 80.000000 -18.792406
v 14.573190 80.000000 -17.081007
v 14.907215 80.000000 -19.521632
v 15.366231 80.000000 -19.162415
v 5.212016 70.000000 -22.310263
v 4.191097 73.349210 -22.021033
v 4.000957 75.000000 -22.377790
v 4.060487 75.024830 -22.553975
v 4.120747 75.091319 -22.720613
v 4.236256 75.303031 -23.016173
v 4.445547 75.881439 -23.496547
v 4.852501 77.469886 -24.299302
v 5.708758 75.969977 -24.235437
v 6.273876 75.334587 -24.152649
v 6.616607 75.100520 -24.084669
v 6.805935 75.027383 -24.040477
v 7.003595 75.000000 -23.988579
v 7.258619 73.057662 -23.559514
v 7.518026 71.116106 -23.123722
v 7.469020 70.000000 -22.925009
v 6.864949 70.000000 -22.990062
v 6.262586 70.000000 -22.905450
v 5.700172 70.000000 -22.674442
v 4.303195 73.625189 -22.431095
v 6.651604 73.604277 -23.774244
v 6.939919 71.401620 -23.291464
v 4.759641 71.376800 -22.271083
v 5.007441 71.342799 -22.554838
v 5.295157 71.321910 -22.799598
v 5.627132 71.314541 -23.005758
v 5.938996 71.320139 -23.142383
v 6.265821 71.336738 -23.236657
v 6.601512 71.364046 -23.286742
v 4.502373 73.580166 -22.744638
v 4.746198 73.547148 -23.026473
v 5.029274 73.526869 -23.270340
v 5.356029 73.519718 -23.476801
v 5.663219 73.525151 -23.614795
v 5.985473 73.541263 -23.711489
v 6.316914 73.567779 -23.765040
v 6.736374 72.952536 -23.632137
v 6.400656 72.915745 -23.624157
v 6.068042 72.889013 -23.571549
v 5.744528 72.872768 -23.475512
v 5.436053 72.867291 -23.337888
v 5.107864 72.874501 -23.131502
v 4.823513 72.894946 -22.887384
v 4.578597 72.928232 -22.605018
v 4.378568 72.973614 -22.290711
v 6.515131 74.660222 -24.003313
v 6.181992 74.624160 -23.992290
v 5.852314 74.597965 -23.937336
v 5.531948 74.582049 -23.839671
v 5.226685 74.576684 -23.701134
v 4.902077 74.583746 -23.494570
v 4.620906 74.603778 -23.251085
v 4.378713 74.636398 -22.970054
v 4.180809 74.680887 -22.657658
v 7.725425 75.000000 -23.776413
v 7.673575 74.029026 -23.613240
v 7.621725 73.058053 -23.450068
v 7.569875 72.087080 -23.286895
v 5.000666 80.000000 -24.038983
v 7.592947 80.000000 -23.359502
v 6.480821 77.500000 -23.903518
v 3.824317 75.000000 -21.834148
v 4.375527 80.000000 -22.115004
v 7.892473 75.093659 -23.712832
v 8.049286 75.212441 -23.649077
v 8.323717 75.486827 -23.528446
v 8.792864 76.138257 -23.296219
v 9.500184 77.553698 -22.882864
v 9.357903 75.967588 -21.995912
v 9.239794 75.326216 -21.450823
v 9.157979 75.099048 -21.134708
v 9.107407 75.027140 -20.958704
v 9.079376 75.007040 -20.866744
v 9.049741 75.000000 -20.773544
v 8.648165 73.107069 -20.617737
v 8.141475 70.000000 -21.358425
v 8.080757 70.000000 -21.788155
v 7.945074 70.000000 -22.201132
v 7.738822 70.000000 -22.584084
v 8.141803 74.782007 -23.482088
v 7.718831 70.244972 -22.687504
v 7.848229 70.225394 -22.484180
v 7.957750 70.209997 -22.269158
v 8.046431 70.198914 -22.044473
v 8.113459 70.192244 -21.812242
v 8.163007 70.190133 -21.537482
v 7.895491 72.132589 -23.007679
v 8.068571 72.109342 -22.796391
v 8.218047 72.091924 -22.567284
v 8.342222 72.080523 -22.323159
v 8.439624 72.075268 -22.066983
v 8.517111 72.076965 -21.760116
v 8.555363 72.086390 -21.458043
v 8.557290 72.103340 -21.153912
v 8.377497 74.750599 -23.272429
v 8.585699 74.727724 -23.034486
v 8.763226 74.713706 -22.772191
v 8.907251 74.708758 -22.489826
v 9.028607 74.714502 -22.144565
v 9.097924 74.731429 -21.799572
v 9.119063 74.759246 -21.449057
v 9.091620 74.797399 -21.099917
v 8.443868 75.320884 -23.380874
v 8.664853 75.294515 -23.142256
v 8.854090 75.277699 -22.876994
v 9.008393 75.270671 -22.589693
v 9.139423 75.274914 -22.236723
v 9.215557 75.291268 -21.882845
v 9.240835 75.319308 -21.522597
v 9.011911 76.255143 -23.065853
v 9.185519 76.249489 -22.771759
v 9.335264 76.257009 -22.407035
v 8.862462 75.000000 -20.197156
v 9.235302 80.000000 -22.760237
v 8.581606 80.000000 -20.748367
v 8.145088 80.000000 -23.172758
v 8.692642 80.000000 -22.972966
v 23.776413 75.000000 -7.725425
v 24.453690 75.000000 -5.197792
v 24.863047 75.000000 -2.613212
v 25.000000 75.000000 -0.000000
v 24.863047 75.000000 2.613212
v 24.453690 75.000000 5.197792
v 23.776413 75.000000 7.725425
v 22.838636 75.000000 10.168416
v 21.650635 75.000000 12.500000
v 20.225425 75.000000 14.694631
v 18.578621 75.000000 16.728265
v 16.728265 75.000000 18.578621
v 14.694631 75.000000 20.225425
v 12.500000 75.000000 21.650635
v 10.168416 75.000000 22.838636
v 7.725425 75.000000 23.776413
v 5.197792 75.000000 24.453690
v 2.613212 75.000000 24.863047
v -0.000000 75.000000 25.000000
v -2.613212 75.000000 24.863047
v -5.197792 75.000000 24.453690
v -7.725425 75.000000 23.776413
v -10.168416 75.000000 22.838636
v -12.500000 75.000000 21.650635
v -14.694631 75.000000 20.225425
v -16.728265 75.000000 18.578621
v -18.578621 75.000000 16.728265
v -20.225425 75.000000 14.694631
v -21.650635 75.000000 12.500000
v -22.838636 75.000000 10.168416
v -23.776413 75.000000 7.725425
v -24.453690 75.000000 5.197792
v -24.863047 75.000000 2.613212
v -25.000000 75.000000 -0.000000
v -24.863047 75.000000 -2.613212
v -24.453690 75.000000 -5.197792
v -23.776413 75.000000 -7.725425
v -22.838636 75.000000 -10.168416
v -21.650635 75.000000 -12.500000
v -20.225425 75.000000 -14.694631
v -18.578621 75.000000 -16.728265
v -16.728265 75.000000 -18.578621
v -14.694631 75.000000 -20.225425
v -12.500000 75.000000 -21.650635
v -10.168416 75.000000 -22.838636
v -7.725425 75.000000 -23.776413
v -5.197792 75.000000 -24.453690
v -2.613212 75.000000 -24.863047
v -0.000000 75.000000 -25.000000
v 2.613212 75.000000 -24.863047
v 5.197792 75.000000 -24.453690
v 7.725425 75.000000 -23.776413
v 10.168416 75.000000 -22.838636
v 12.500000 75.000000 -21.650635
v 14.694631 75.000000 -20.225425
v 16.728265 75.000000 -18.578621
v 18.578621 75.000000 -16.728265
v 20.225425 75.000000 -14.694631
v 21.650635 75.000000 -12.500000
v 22.838636 75.000000 -10.168416
v -30.000000 75.000000 -0.000000
v -29.544233 75.000000 5.209445
v -28.190779 75.000000 10.260604
v -25.980762 75.000000 15.000000
v -22.981333 75.000000 19.283628
v -19.283628 75.000000 22.981333
v -15.000000 75.000000 25.980762
v -10.260604 75.000000 28.190779
v -5.209445 75.000000 29.544233
v 0.000000 75.000000 30.000000
v 5.209445 75.000000 29.544233
v 10.260604 75.000000 28.190779
v 15.000000 75.000000 25.980762
v 19.283628 75.000000 22.981333
v 22.981333 75.000000 19.283628
v 25.980762 75.000000 15.000000
v 28.190779 75.000000 10.260604
v 29.544233 75.000000 5.209445
v 30.000000 75.000000 0.000000
v 29.544233 75.000000 -5.209445
v 28.190779 75.000000 -10.260604
v 25.980762 75.000000 -15.000000
v 22.981333 75.000000 -19.283628
v 19.283628 75.000000 -22.981333
v 15.000000 75.000000 -25.980762
v 10.260604 75.000000 -28.190779
v 5.209445 75.000000 -29.544233
v 0.000000 75.000000 -30.000000
v -5.209445 75.000000 -29.544233
v -10.260604 75.000000 -28.190779
v -15.000000 75.000000 -25.980762
v -19.283628 75.000000 -22.981333
v -22.981333 75.000000 -19.283628
v -25.980762 75.000000 -15.000000
v -28.190779 75.000000 -10.260604
v -29.544233 75.000000 -5.209445
v -30.000000 0.000000 0.000000
v -29.544233 0.000000 -5.209445
v -28.190779 0.000000 -10.260604
v -25.980762 0.000000 -15.000000
v -22.981333 0.000000 -19.283628
v -19.283628 0.000000 -22.981333
v -15.000000 0.000000 -25.980762
v -10.260604 0.000000 -28.190779
v -5.209445 0.000000 -29.544233
v 0.000000 0.000000 -30.000000
v 5.209445 0.000000 -29.544233
v 10.260604 0.000000 -28.190779
v 15.000000 0.000000 -25.980762
v 19.283628 0.000000 -22.981333
v 22.981333 0.000000 -19.283628
v 25.980762 0.000000 -15.000000
v 28.190779 0.000000 -10.260604
v 29.544233 0.000000 -5.209445
v 30.000000 0.000000 0.000000
v 29.544233 0.000000 5.209445
v 28.190779 0.000000 10.260604
v 25.980762 0.000000 15.000000
v 22.981333 0.000000 19.283628
v 19.283628 0.000000 22.981333
v 15.000000 0.000000 25.980762
v 10.260604 0.000000 28.190779
v 5.209445 0.000000 29.544233
v 0.000000 0.000000 30.000000
v -5.209445 0.000000 29.544233
v -10.260604 0.000000 28.190779
v -15.000000 0.000000 25.980762
v -19.283628 0.000000 22.981333
v -22.981333 0.000000 19.283628
v -25.980762 0.000000 15.000000
v -28.190779 0.000000 10.260604
v -29.544233 0.000000 5.209445
v 25.000000 10.000000 -0.000000
v 24.548217 10.000000 4.731281
v 23.209198 10.000000 9.291561
v 21.031338 10.000000 13.516020
v 18.093351 10.000000 17.251975
v 14.501423 10.000000 20.364399
v 10.385375 10.000000 22.740800
v 5.893973 10.000000 24.295289
v 1.189548 10.000000 24.971683
v -3.557871 10.000000 24.745536
v -8.176699 10.000000 23.625020
v -12.500000 10.000000 21.650635
v -16.371518 10.000000 18.893739
v -19.651327 10.000000 15.453975
v -22.220886 10.000000 11.455663
v -23.987324 10.000000 7.043314
v -24.886798 10.000000 2.376401
v -24.886798 10.000000 -2.376401
v -23.987324 10.000000 -7.043314
v -22.220886 10.000000 -11.455663
v -19.651327 10.000000 -15.453975
v -16.371518 10.000000 -18.893739
v -12.500000 10.000000 -21.650635
v -8.176699 10.000000 -23.625020
v -3.557871 10.000000 -24.745536
v 1.189548 10.000000 -24.971683
v 5.893973 10.000000 -24.295289
v 10.385375 10.000000 -22.740800
v 14.501423 10.000000 -20.364399
v 18.093351 10.000000 -17.251975
v 21.031338 10.000000 -13.516020
v 23.209198 10.000000 -9.291561
v 24.548217 10.000000 -4.731281
vt -0.376769 0.170283 0.000000
vt -0.301913 0.363093 0.000000
vt -0.258208 0.500948 0.000000
vt -0.264485 0.363093 0.000000
vt -0.227057 0.363093 0.000000
vt -0.227057 0.203215 0.000000
vt -0.188385 0.203215 0.000000
vt -0.188385 0.136038 0.000000
vt -0.154699 0.136038 0.000000
vt -0.154699 0.027208 0.000000
vt -0.121014 0.027208 0.000000
vt -0.118090 -0.113904 0.000000
vt -0.087329 0.027208 0.000000
vt -0.069085 -0.044104 0.000000
vt -0.053643 0.027208 0.000000
vt -0.037844 -0.016107 0.000000
vt -0.053643 0.136038 0.000000
vt -0.019758 -0.005959 0.000000
vt -0.000000 0.200362 0.000000
vt -0.000000 0.000000 0.000000
vt -0.376769 -0.000000 0.000000
vt -0.358712 -0.005438 0.000000
vt -0.339341 0.136038 0.000000
vt -0.339341 0.203215 0.000000
vt -0.301913 0.136038 0.000000
vt -0.301913 0.203215 0.000000
vt -0.264485 0.136038 0.000000
vt -0.264485 0.203215 0.000000
vt -0.227057 0.136038 0.000000
vt -0.342108 -0.014719 0.000000
vt -0.339341 0.027208 0.000000
vt -0.301913 0.027208 0.000000
vt -0.313451 -0.040199 0.000000
vt -0.267963 -0.104129 0.000000
vt -0.190891 -0.270683 0.000000
vt -0.227057 0.027208 0.000000
vt -0.264485 0.027208 0.000000
vt -0.188385 0.027208 0.000000
vt -0.000000 0.400725 0.000000
vt -0.053643 0.363093 0.000000
vt -0.053643 0.203215 0.000000
vt -0.087329 0.203215 0.000000
vt -0.087329 0.136038 0.000000
vt -0.121014 0.203215 0.000000
vt -0.121014 0.136038 0.000000
vt -0.154699 0.203215 0.000000
vt -0.020028 0.512556 0.000000
vt -0.079051 0.504525 0.000000
vt -0.087329 0.363093 0.000000
vt -0.121014 0.363093 0.000000
vt -0.138592 0.499721 0.000000
vt -0.154699 0.363093 0.000000
vt -0.198352 0.498496 0.000000
vt -0.188385 0.363093 0.000000
vt -0.251054 0.394381 0.000000
vt -0.289375 0.197230 0.000000
vt -0.250934 0.295786 0.000000
vt -0.250817 0.197190 0.000000
vt -0.250701 0.098595 0.000000
vt -0.324837 0.000001 0.000000
vt -0.250587 0.000000 0.000000
vt 0.273041 0.000000 0.000000
vt 0.353945 0.000000 0.000000
vt 0.403438 0.250955 0.000000
vt 0.375063 0.002749 0.000000
vt 0.394849 0.010091 0.000000
vt 0.429711 0.033588 0.000000
vt 0.484926 0.097370 0.000000
vt 0.564280 0.247932 0.000000
vt 0.545659 0.501910 0.000000
vt 0.273362 0.501910 0.000000
vt -0.246043 0.501910 0.000000
vt -0.266223 0.247932 0.000000
vt -0.043744 0.501910 0.000000
vt -0.177301 0.088481 0.000000
vt -0.125147 0.030419 0.000000
vt -0.093468 0.009167 0.000000
vt -0.075758 0.002492 0.000000
vt -0.057162 -0.000000 0.000000
vt 0.000000 0.000000 0.000000
vt -0.228690 0.000000 0.000000
vt -0.256744 0.167626 0.000000
vt -0.285852 0.000000 0.000000
vt -0.058080 -0.503480 0.000000
vt -0.001991 -0.507917 0.000000
vt -0.048289 -0.479110 0.000000
vt -0.000000 -0.394458 0.000000
vt -0.048289 -0.286171 0.000000
vt -0.000000 -0.295730 0.000000
vt -0.000000 -0.197096 0.000000
vt -0.048289 -0.015360 0.000000
vt -0.000000 -0.098527 0.000000
vt -0.017190 0.012216 0.000000
vt -0.000000 0.000000 0.000000
vt -0.033365 0.026679 0.000000
vt -0.061687 0.058413 0.000000
vt -0.078462 0.043205 0.000000
vt -0.109997 0.130103 0.000000
vt -0.108634 0.043009 0.000000
vt -0.138807 0.042813 0.000000
vt -0.108634 -0.015360 0.000000
vt -0.138807 -0.015360 0.000000
vt -0.108634 -0.286171 0.000000
vt -0.138807 -0.286171 0.000000
vt -0.108634 -0.479110 0.000000
vt -0.138807 -0.479110 0.000000
vt -0.113747 -0.500405 0.000000
vt -0.169043 -0.498784 0.000000
vt -0.168979 -0.479110 0.000000
vt -0.203823 -0.479110 0.000000
vt -0.203823 -0.286171 0.000000
vt -0.237357 -0.286171 0.000000
vt -0.237357 -0.015360 0.000000
vt -0.270891 -0.015360 0.000000
vt -0.270891 0.041955 0.000000
vt -0.277562 0.041911 0.000000
vt -0.236691 0.111840 0.000000
vt -0.237357 0.042173 0.000000
vt -0.203823 0.042390 0.000000
vt -0.203823 -0.015360 0.000000
vt -0.168979 -0.015360 0.000000
vt -0.168979 -0.286171 0.000000
vt -0.138807 0.143792 0.000000
vt -0.182848 0.278870 0.000000
vt -0.168979 0.143792 0.000000
vt -0.203823 0.143792 0.000000
vt -0.168979 0.042617 0.000000
vt -0.304425 -0.015360 0.000000
vt -0.304320 0.015349 0.000000
vt -0.320279 0.005774 0.000000
vt -0.337959 -0.190716 0.000000
vt -0.328941 0.002429 0.000000
vt -0.337959 0.000297 0.000000
vt -0.270891 -0.286171 0.000000
vt -0.224034 -0.498644 0.000000
vt -0.078462 -0.479110 0.000000
vt -0.078462 -0.286171 0.000000
vt -0.078462 -0.015360 0.000000
vt -0.033377 0.192213 0.000000
vt -0.060605 0.000000 0.000000
vt 0.000000 0.000000 0.000000
vt -0.295683 -0.000000 0.000000
vt -0.235078 -0.000000 0.000000
vt -0.251939 0.501910 0.000000
vt -0.225298 0.000707 0.000000
vt -0.215686 0.002724 0.000000
vt -0.197385 0.009943 0.000000
vt -0.164792 0.032746 0.000000
vt -0.109301 0.097128 0.000000
vt -0.020550 0.256345 0.000000
vt -0.040398 0.501910 0.000000
vt -0.501910 -4.069342 0.000000
vt -0.256345 -4.089279 0.000000
vt -0.501910 -4.010534 0.000000
vt -0.114261 -4.008478 0.000000
vt -0.048869 -3.956749 0.000000
vt -0.501910 -3.951727 0.000000
vt -0.021325 -3.927093 0.000000
vt -0.501910 -3.892920 0.000000
vt -0.009402 -3.910336 0.000000
vt -0.000000 -3.892634 0.000000
vt -0.117265 0.507713 0.000000
vt -0.496364 0.192213 0.000000
vt -0.029108 0.167626 0.000000
vt -0.529742 0.000000 0.000000
vt 0.000000 0.000000 0.000000
vt -0.425287 0.507713 0.000000
vt 0.160416 0.064472 0.000000
vt -0.147606 0.064472 0.000000
vt 0.141362 0.025479 0.000000
vt -0.112433 0.014752 0.000000
vt 0.115696 -0.009605 0.000000
vt -0.066083 -0.024598 0.000000
vt 0.084246 -0.039652 0.000000
vt -0.011409 -0.051259 0.000000
vt 0.048051 -0.063739 0.000000
vt -0.043744 0.501910 0.000000
vt -0.485998 0.501910 0.000000
vt 0.000000 0.000000 0.000000
vt -0.529742 -0.000000 0.000000
vt -0.221127 -0.102649 0.000000
vt -0.162943 -0.106112 0.000000
vt -0.221127 0.108891 0.000000
vt -0.104693 -0.108193 0.000000
vt -0.046411 -0.108891 0.000000
vt 0.221127 -0.093408 0.000000
vt 0.221127 0.108891 0.000000
vt -0.376769 0.170283 0.000000
vt -0.301913 0.363093 0.000000
vt -0.258208 0.500948 0.000000
vt -0.264485 0.363093 0.000000
vt -0.227057 0.363093 0.000000
vt -0.227057 0.203215 0.000000
vt -0.188385 0.203215 0.000000
vt -0.188385 0.136038 0.000000
vt -0.154699 0.136038 0.000000
vt -0.154699 0.027208 0.000000
vt -0.121014 0.027208 0.000000
vt -0.118090 -0.113904 0.000000
vt -0.087329 0.027208 0.000000
vt -0.069085 -0.044104 0.000000
vt -0.053643 0.027208 0.000000
vt -0.037844 -0.016107 0.000000
vt -0.053643 0.136038 0.000000
vt -0.019758 -0.005959 0.000000
vt -0.000000 0.200362 0.000000
vt -0.000000 0.000000 0.000000
vt -0.376769 -0.000000 0.000000
vt -0.358712 -0.005438 0.000000
vt -0.339341 0.136038 0.000000
vt -0.339341 0.203215 0.000000
vt -0.301913 0.136038 0.000000
vt -0.301913 0.203215 0.000000
vt -0.264485 0.136038 0.000000
vt -0.264485 0.203215 0.000000
vt -0.227057 0.136038 0.000000
vt -0.342108 -0.014719 0.000000
vt -0.339341 0.027208 0.000000
vt -0.301913 0.027208 0.000000
vt -0.313451 -0.040199 0.000000
vt -0.267963 -0.104129 0.000000
vt -0.190891 -0.270683 0.000000
vt -0.227057 0.027208 0.000000
vt -0.264485 0.027208 0.000000
vt -0.188385 0.027208 0.000000
vt -0.000000 0.400725 0.000000
vt -0.053643 0.363093 0.000000
vt -0.053643 0.203215 0.000000
vt -0.087329 0.203215 0.000000
vt -0.087329 0.136038 0.000000
vt -0.121014 0.203215 0.000000
vt -0.121014 0.136038 0.000000
vt -0.154699 0.203215 0.000000
vt -0.020028 0.512556 0.000000
vt -0.079051 0.504525 0.000000
vt -0.087329 0.363093 0.000000
vt -0.121014 0.363093 0.000000
vt -0.138592 0.499721 0.000000
vt -0.154699 0.363093 0.000000
vt -0.198352 0.498496 0.000000
vt -0.188385 0.363093 0.000000
vt -0.251054 0.394381 0.000000
vt -0.289375 0.197230 0.000000
vt -0.250934 0.295786 0.000000
vt -0.250817 0.197190 0.000000
vt -0.250701 0.098595 0.000000
vt -0.324837 0.000001 0.000000
vt -0.250587 0.000000 0.000000
vt 0.273041 0.000000 0.000000
vt 0.353945 0.000000 0.000000
vt 0.403438 0.250955 0.000000
vt 0.375063 0.002749 0.000000
vt 0.394849 0.010091 0.000000
vt 0.429711 0.033588 0.000000
vt 0.484926 0.097370 0.000000
vt 0.564280 0.247932 0.000000
vt 0.545659 0.501910 0.000000
vt 0.273362 0.501910 0.000000
vt -0.246043 0.501910 0.000000
vt -0.266223 0.247932 0.000000
vt -0.043744 0.501910 0.000000
vt -0.177301 0.088481 0.000000
vt -0.125147 0.030419 0.000000
vt -0.093468 0.009167 0.000000
vt -0.075758 0.002492 0.000000
vt -0.057162 0.000000 0.000000
vt 0.000000 0.000000 0.000000
vt -0.228690 0.000000 0.000000
vt -0.256744 0.167626 0.000000
vt -0.285852 -0.000000 0.000000
vt -0.058080 -0.503480 0.000000
vt -0.001991 -0.507917 0.000000
vt -0.048289 -0.479110 0.000000
vt -0.000000 -0.394458 0.000000
vt -0.048289 -0.286171 0.000000
vt -0.000000 -0.295730 0.000000
vt -0.000000 -0.197096 0.000000
vt -0.048289 -0.015360 0.000000
vt -0.000000 -0.098527 0.000000
vt -0.017190 0.012216 0.000000
vt -0.000000 0.000000 0.000000
vt -0.033365 0.026679 0.000000
vt -0.061687 0.058413 0.000000
vt -0.078462 0.043205 0.000000
vt -0.109997 0.130103 0.000000
vt -0.108634 0.043009 0.000000
vt -0.138807 0.042813 0.000000
vt -0.108634 -0.015360 0.000000
vt -0.138807 -0.015360 0.000000
vt -0.108634 -0.286171 0.000000
vt -0.138807 -0.286171 0.000000
vt -0.108634 -0.479110 0.000000
vt -0.138807 -0.479110 0.000000
vt -0.113747 -0.500405 0.000000
vt -0.169043 -0.498784 0.000000
vt -0.168979 -0.479110 0.000000
vt -0.203823 -0.479110 0.000000
vt -0.203823 -0.286171 0.000000
vt -0.237357 -0.286171 0.000000
vt -0.237357 -0.015360 0.000000
vt -0.270891 -0.015360 0.000000
vt -0.270891 0.041955 0.000000
vt -0.277562 0.041911 0.000000
vt -0.236691 0.111840 0.000000
vt -0.237357 0.042173 0.000000
vt -0.203823 0.042390 0.000000
vt -0.203823 -0.015360 0.000000
vt -0.168979 -0.015360 0.000000
vt -0.168979 -0.286171 0.000000
vt -0.138807 0.143792 0.000000
vt -0.182848 0.278870 0.000000
vt -0.168979 0.143792 0.000000
vt -0.203823 0.143792 0.000000
vt -0.168979 0.042617 0.000000
vt -0.304425 -0.015360 0.000000
vt -0.304320 0.015349 0.000000
vt -0.320279 0.005774 0.000000
vt -0.337959 -0.190716 0.000000
vt -0.328941 0.002429 0.000000
vt -0.337959 0.000297 0.000000
vt -0.270891 -0.286171 0.000000
vt -0.224034 -0.498644 0.000000
vt -0.078462 -0.479110 0.000000
vt -0.078462 -0.286171 0.000000
vt -0.078462 -0.015360 0.000000
vt -0.033377 0.192213 0.000000
vt -0.060605 0.000000 0.000000
vt 0.000000 0.000000 0.000000
vt -0.295683 -0.000000 0.000000
vt -0.235078 -0.000000 0.000000
vt -0.251939 0.501910 0.000000
vt -0.225298 0.000707 0.000000
vt -0.215686 0.002724 0.000000
vt -0.197385 0.009943 0.000000
vt -0.164792 0.032746 0.000000
vt -0.109301 0.097128 0.000000
vt -0.020550 0.256345 0.000000
vt -0.040398 0.501910 0.000000
vt -0.501910 -4.069342 0.000000
vt -0.256345 -4.089279 0.000000
vt -0.501910 -4.010534 0.000000
vt -0.114261 -4.008478 0.000000
vt -0.048869 -3.956749 0.000000
vt -0.501910 -3.951727 0.000000
vt -0.021325 -3.927093 0.000000
vt -0.501910 -3.892920 0.000000
vt -0.009402 -3.910336 0.000000
vt -0.000000 -3.892634 0.000000
vt -0.117265 0.507713 0.000000
vt -0.496364 0.192213 0.000000
vt -0.029108 0.167626 0.000000
vt -0.529742 0.000000 0.000000
vt 0.000000 0.000000 0.000000
vt -0.425287 0.507713 0.000000
vt 0.160416 0.064472 0.000000
vt -0.147606 0.064472 0.000000
vt 0.141362 0.025479 0.000000
vt -0.112433 0.014752 0.000000
vt 0.115696 -0.009605 0.000000
vt -0.066083 -0.024598 0.000000
vt 0.084246 -0.039652 0.000000
vt -0.011409 -0.051259 0.000000
vt 0.048051 -0.063739 0.000000
vt -0.043744 0.501910 0.000000
vt -0.485998 0.501910 0.000000
vt 0.000000 0.000000 0.000000
vt -0.529742 -0.000000 0.000000
vt -0.221127 -0.102649 0.000000
vt -0.162943 -0.106112 0.000000
vt -0.221127 0.108891 0.000000
vt -0.104693 -0.108193 0.000000
vt -0.046411 -0.108891 0.000000
vt 0.221127 -0.093408 0.000000
vt 0.221127 0.108891 0.000000
vt -0.376769 0.170283 0.000000
vt -0.301913 0.363093 0.000000
vt -0.258208 0.500948 0.000000
vt -0.264485 0.363093 0.000000
vt -0.227057 0.363093 0.000000
vt -0.227057 0.203215 0.000000
vt -0.188385 0.203215 0.000000
vt -0.188385 0.136038 0.000000
vt -0.154699 0.136038 0.000000
vt -0.154699 0.027208 0.000000
vt -0.121014 0.027208 0.000000
vt -0.118090 -0.113904 0.000000
vt -0.087329 0.027208 0.000000
vt -0.069085 -0.044104 0.000000
vt -0.053643 0.027208 0.000000
vt -0.037844 -0.016107 0.000000
vt -0.053643 0.136038 0.000000
vt -0.019758 -0.005959 0.000000
vt -0.000000 0.200362 0.000000
vt -0.000000 0.000000 0.000000
vt -0.376769 -0.000000 0.000000
vt -0.358712 -0.005438 0.000000
vt -0.339341 0.136038 0.000000
vt -0.339341 0.203215 0.000000
vt -0.301913 0.136038 0.000000
vt -0.301913 0.203215 0.000000
vt -0.264485 0.136038 0.000000
vt -0.264485 0.203215 0.000000
vt -0.227057 0.136038 0.000000
vt -0.342108 -0.014719 0.000000
vt -0.339341 0.027208 0.000000
vt -0.301913 0.027208 0.000000
vt -0.313451 -0.040199 0.000000
vt -0.267963 -0.104129 0.000000
vt -0.190891 -0.270683 0.000000
vt -0.227057 0.027208 0.000000
vt -0.264485 0.027208 0.000000
vt -0.188385 0.027208 0.000000
vt -0.000000 0.400725 0.000000
vt -0.053643 0.363093 0.000000
vt -0.053643 0.203215 0.000000
vt -0.087329 0.203215 0.000000
vt -0.087329 0.136038 0.000000
vt -0.121014 0.203215 0.000000
vt -0.121014 0.136038 0.000000
vt -0.154699 0.203215 0.000000
vt -0.020028 0.512556 0.000000
vt -0.079051 0.504525 0.000000
vt -0.087329 0.363093 0.000000
vt -0.121014 0.363093 0.000000
vt -0.138592 0.499721 0.000000
vt -0.154699 0.363093 0.000000
vt -0.198352 0.498496 0.000000
vt -0.188385 0.363093 0.000000
vt -0.251054 0.394381 0.000000
vt -0.289375 0.197230 0.000000
vt -0.250934 0.295786 0.000000
vt -0.250817 0.197190 0.000000
vt -0.250701 0.098595 0.000000
vt -0.324837 0.000001 0.000000
vt -0.250587 0.000000 0.000000
vt 0.273041 0.000000 0.000000
vt 0.353945 0.000000 0.000000
vt 0.403438 0.250955 0.000000
vt 0.375063 0.002749 0.000000
vt 0.394849 0.010091 0.000000
vt 0.429711 0.033588 0.000000
vt 0.484926 0.097370 0.000000
vt 0.564280 0.247932 0.000000
vt 0.545659 0.501910 0.000000
vt 0.273362 0.501910 0.000000
vt -0.246043 0.501910 0.000000
vt -0.266223 0.247932 0.000000
vt -0.043744 0.501910 0.000000
vt -0.177301 0.088481 0.000000
vt -0.125147 0.030419 0.000000
vt -0.093468 0.009167 0.000000
vt -0.075758 0.002492 0.000000
vt -0.057162 0.000000 0.000000
vt 0.000000 0.000000 0.000000
vt -0.228690 0.000000 0.000000
vt -0.256744 0.167626 0.000000
vt -0.285852 -0.000000 0.000000
vt -0.058080 -0.503480 0.000000
vt -0.001991 -0.507917 0.000000
vt -0.048289 -0.479110 0.000000
vt -0.000000 -0.394458 0.000000
vt -0.048289 -0.286171 0.000000
vt -0.000000 -0.295730 0.000000
vt -0.000000 -0.197096 0.000000
vt -0.048289 -0.015360 0.000000
vt -0.000000 -0.098527 0.000000
vt -0.017190 0.012216 0.000000
vt -0.000000 0.000000 0.000000
vt -0.033365 0.026679 0.000000
vt -0.061687 0.058413 0.000000
vt -0.078462 0.043205 0.000000
vt -0.109997 0.130103 0.000000
vt -0.108634 0.043009 0.000000
vt -0.138807 0.042813 0.000000
vt -0.108634 -0.015360 0.000000
vt -0.138807 -0.015360 0.000000
vt -0.108634 -0.286171 0.000000
vt -0.138807 -0.286171 0.000000
vt -0.108634 -0.479110 0.000000
vt -0.138807 -0.479110 0.000000
vt -0.113747 -0.500405 0.000000
vt -0.169043 -0.498784 0.000000
vt -0.168979 -0.479110 0.000000
vt -0.203823 -0.479110 0.000000
vt -0.203823 -0.286171 0.000000
vt -0.237357 -0.286171 0.000000
vt -0.237357 -0.015360 0.000000
vt -0.270891 -0.015360 0.000000
vt -0.270891 0.041955 0.000000
vt -0.277562 0.041911 0.000000
vt -0.236691 0.111840 0.000000
vt -0.237357 0.042173 0.000000
vt -0.203823 0.042390 0.000000
vt -0.203823 -0.015360 0.000000
vt -0.168979 -0.015360 0.000000
vt -0.168979 -0.286171 0.000000
vt -0.138807 0.143792 0.000000
vt -0.182848 0.278870 0.000000
vt -0.168979 0.143792 0.000000
vt -0.203823 0.143792 0.000000
vt -0.168979 0.042617 0.000000
vt -0.304425 -0.015360 0.000000
vt -0.304320 0.015349 0.000000
vt -0.320279 0.005774 0.000000
vt -0.337959 -0.190716 0.000000
vt -0.328941 0.002429 0.000000
vt -0.337959 0.000297 0.000000
vt -0.270891 -0.286171 0.000000
vt -0.224034 -0.498644 0.000000
vt -0.078462 -0.479110 0.000000
vt -0.078462 -0.286171 0.000000
vt -0.078462 -0.015360 0.000000
vt -0.033377 0.192213 0.000000
vt -0.060605 0.000000 0.000000
vt 0.000000 -0.000000 0.000000
vt -0.295683 -0.000000 0.000000
vt -0.235078 -0.000000 0.000000
vt -0.251939 0.501910 0.000000
vt -0.225298 0.000707 0.000000
vt -0.215686 0.002724 0.000000
vt -0.197385 0.009943 0.000000
vt -0.164792 0.032746 0.000000
vt -0.109301 0.097128 0.000000
vt -0.020550 0.256345 0.000000
vt -0.040398 0.501910 0.000000
vt -0.501910 -4.069342 0.000000
vt -0.256345 -4.089279 0.000000
vt -0.501910 -4.010534 0.000000
vt -0.114261 -4.008478 0.000000
vt -0.048869 -3.956749 0.000000
vt -0.501910 -3.951727 0.000000
vt -0.021325 -3.927093 0.000000
vt -0.501910 -3.892920 0.000000
vt -0.009402 -3.910336 0.000000
vt -0.000000 -3.892634 0.000000
vt -0.117265 0.507713 0.000000
vt -0.496364 0.192213 0.000000
vt -0.029108 0.167626 0.000000
vt -0.529742 -0.000000 0.000000
vt -0.000000 0.000000 0.000000
vt -0.425287 0.507713 0.000000
vt 0.160416 0.064472 0.000000
vt -0.147606 0.064472 0.000000
vt 0.141362 0.025479 0.000000
vt -0.112433 0.014752 0.000000
vt 0.115696 -0.009605 0.000000
vt -0.066083 -0.024598 0.000000
vt 0.084246 -0.039652 0.000000
vt -0.011409 -0.051259 0.000000
vt 0.048051 -0.063739 0.000000
vt -0.043744 0.501910 0.000000
vt -0.485998 0.501910 0.000000
vt 0.000000 0.000000 0.000000
vt -0.529742 0.000000 0.000000
vt -0.221127 -0.102649 0.000000
vt -0.162943 -0.106112 0.000000
vt -0.221127 0.108891 0.000000
vt -0.104693 -0.108193 0.000000
vt -0.046411 -0.108891 0.000000
vt 0.221127 -0.093408 0.000000
vt 0.221127 0.108891 0.000000
vt -0.376769 0.170283 0.000000
vt -0.301913 0.363093 0.000000
vt -0.258208 0.500948 0.000000
vt -0.264485 0.363093 0.000000
vt -0.227057 0.363093 0.000000
vt -0.227057 0.203215 0.000000
vt -0.188385 0.203215 0.000000
vt -0.188385 0.136038 0.000000
vt -0.154699 0.136038 0.000000
vt -0.154699 0.027208 0.000000
vt -0.121014 0.027208 0.000000
vt -0.118090 -0.113904 0.000000
vt -0.087329 0.027208 0.000000
vt -0.069085 -0.044104 0.000000
vt -0.053643 0.027208 0.000000
vt -0.037844 -0.016107 0.000000
vt -0.053643 0.136038 0.000000
vt -0.019758 -0.005959 0.000000
vt -0.000000 0.200362 0.000000
vt -0.000000 0.000000 0.000000
vt -0.376769 -0.000000 0.000000
vt -0.358712 -0.005438 0.000000
vt -0.339341 0.136038 0.000000
vt -0.339341 0.203215 0.000000
vt -0.301913 0.136038 0.000000
vt -0.301913 0.203215 0.000000
vt -0.264485 0.136038 0.000000
vt -0.264485 0.203215 0.000000
vt -0.227057 0.136038 0.000000
vt -0.342108 -0.014719 0.000000
vt -0.339341 0.027208 0.000000
vt -0.301913 0.027208 0.000000
vt -0.313451 -0.040199 0.000000
vt -0.267963 -0.104129 0.000000
vt -0.190891 -0.270683 0.000000
vt -0.227057 0.027208 0.000000
vt -0.264485 0.027208 0.000000
vt -0.188385 0.027208 0.000000
vt -0.000000 0.400725 0.000000
vt -0.053643 0.363093 0.000000
vt -0.053643 0.203215 0.000000
vt -0.087329 0.203215 0.000000
vt -0.087329 0.136038 0.000000
vt -0.121014 0.203215 0.000000
vt -0.121014 0.136038 0.000000
vt -0.154699 0.203215 0.000000
vt -0.020028 0.512556 0.000000
vt -0.079051 0.504525 0.000000
vt -0.087329 0.363093 0.000000
vt -0.121014 0.363093 0.000000
vt -0.138592 0.499721 0.000000
vt -0.154699 0.363093 0.000000
vt -0.198352 0.498496 0.000000
vt -0.188385 0.363093 0.000000
vt -0.251054 0.394381 0.000000
vt -0.289375 0.197230 0.000000
vt -0.250934 0.295786 0.000000
vt -0.250817 0.197190 0.000000
vt -0.250701 0.098595 0.000000
vt -0.324837 0.000001 0.000000
vt -0.250587 0.000000 0.000000
vt 0.273041 0.000000 0.000000
vt 0.353945 0.000000 0.000000
vt 0.403438 0.250955 0.000000
vt 0.375063 0.002749 0.000000
vt 0.394849 0.010091 0.000000
vt 0.429711 0.033588 0.000000
vt 0.484926 0.097370 0.000000
vt 0.564280 0.247932 0.000000
vt 0.545659 0.501910 0.000000
vt 0.273362 0.501910 0.000000
vt -0.246043 0.501910 0.000000
vt -0.266223 0.247932 0.000000
vt -0.043744 0.501910 0.000000
vt -0.177301 0.088481 0.000000
vt -0.125147 0.030419 0.000000
vt -0.093468 0.009167 0.000000
vt -0.075758 0.002492 0.000000
vt -0.057162 0.000000 0.000000
vt 0.000000 0.000000 0.000000
vt -0.228690 0.000000 0.000000
vt -0.256744 0.167626 0.000000
vt -0.285852 0.000000 0.000000
vt -0.058080 -0.503480 0.000000
vt -0.001991 -0.507917 0.000000
vt -0.048289 -0.479110 0.000000
vt -0.000000 -0.394458 0.000000
vt -0.048289 -0.286171 0.000000
vt -0.000000 -0.295730 0.000000
vt -0.000000 -0.197096 0.000000
vt -0.048289 -0.015360 0.000000
vt -0.000000 -0.098527 0.000000
vt -0.017190 0.012216 0.000000
vt -0.000000 0.000000 0.000000
vt -0.033365 0.026679 0.000000
vt -0.061687 0.058413 0.000000
vt -0.078462 0.043205 0.000000
vt -0.109997 0.130103 0.000000
vt -0.108634 0.043009 0.000000
vt -0.138807 0.042813 0.000000
vt -0.108634 -0.015360 0.000000
vt -0.138807 -0.015360 0.000000
vt -0.108634 -0.286171 0.000000
vt -0.138807 -0.286171 0.000000
vt -0.108634 -0.479110 0.000000
vt -0.138807 -0.479110 0.000000
vt -0.113747 -0.500405 0.000000
vt -0.169043 -0.498784 0.000000
vt -0.168979 -0.479110 0.000000
vt -0.203823 -0.479110 0.000000
vt -0.203823 -0.286171 0.000000
vt -0.237357 -0.286171 0.000000
vt -0.237357 -0.015360 0.000000
vt -0.270891 -0.015360 0.000000
vt -0.270891 0.041955 0.000000
vt -0.277562 0.041911 0.000000
vt -0.236691 0.111840 0.000000
vt -0.237357 0.042173 0.000000
vt -0.203823 0.042390 0.000000
vt -0.203823 -0.015360 0.000000
vt -0.168979 -0.015360 0.000000
vt -0.168979 -0.286171 0.000000
vt -0.138807 0.143792 0.000000
vt -0.182848 0.278870 0.000000
vt -0.168979 0.143792 0.000000
vt -0.203823 0.143792 0.000000
vt -0.168979 0.042617 0.000000
vt -0.304425 -0.015360 0.000000
vt -0.304320 0.015349 0.000000
vt -0.320279 0.005774 0.000000
vt -0.337959 -0.190716 0.000000
vt -0.328941 0.002429 0.000000
vt -0.337959 0.000297 0.000000
vt -0.270891 -0.286171 0.000000
vt -0.224034 -0.498644 0.000000
vt -0.078462 -0.479110 0.000000
vt -0.078462 -0.286171 0.000000
vt -0.078462 -0.015360 0.000000
vt -0.033377 0.192213 0.000000
vt -0.060605 0.000000 0.000000
vt 0.000000 0.000000 0.000000
vt -0.295683 0.000000 0.000000
vt -0.235078 -0.000000 0.000000
vt -0.251939 0.501910 0.000000
vt -0.225298 0.000707 0.000000
vt -0.215686 0.002724 0.000000
vt -0.197385 0.009943 0.000000
vt -0.164792 0.032746 0.000000
vt -0.109301 0.097128 0.000000
vt -0.020550 0.256345 0.000000
vt -0.040398 0.501910 0.000000
vt -0.501910 -4.069342 0.000000
vt -0.256345 -4.089279 0.000000
vt -0.501910 -4.010534 0.000000
vt -0.114261 -4.008478 0.000000
vt -0.048869 -3.956749 0.000000
vt -0.501910 -3.951727 0.000000
vt -0.021325 -3.927093 0.000000
vt -0.501910 -3.892920 0.000000
vt -0.009402 -3.910336 0.000000
vt -0.000000 -3.892634 0.000000
vt -0.117265 0.507713 0.000000
vt -0.496364 0.192213 0.000000
vt -0.029108 0.167626 0.000000
vt -0.529742 0.000000 0.000000
vt 0.000000 -0.000000 0.000000
vt -0.425287 0.507713 0.000000
vt 0.160416 0.064472 0.000000
vt -0.147606 0.064472 0.000000
vt 0.141362 0.025479 0.000000
vt -0.112433 0.014752 0.000000
vt 0.115696 -0.009605 0.000000
vt -0.066083 -0.024598 0.000000
vt 0.084246 -0.039652 0.000000
vt -0.011409 -0.051259 0.000000
vt 0.048051 -0.063739 0.000000
vt -0.043744 0.501910 0.000000
vt -0.485998 0.501910 0.000000
vt 0.000000 0.000000 0.000000
vt -0.529742 -0.000000 0.000000
vt -0.221127 -0.102649 0.000000
vt -0.162943 -0.106112 0.000000
vt -0.221127 0.108891 0.000000
vt -0.104693 -0.108193 0.000000
vt -0.046411 -0.108891 0.000000
vt 0.221127 -0.093408 0.000000
vt 0.221127 0.108891 0.000000
vt -0.376769 0.170283 0.000000
vt -0.301913 0.363093 0.000000
vt -0.258208 0.500948 0.000000
vt -0.264485 0.363093 0.000000
vt -0.227057 0.363093 0.000000
vt -0.227057 0.203215 0.000000
vt -0.188385 0.203215 0.000000
vt -0.188385 0.136038 0.000000
vt -0.154699 0.136038 0.000000
vt -0.154699 0.027208 0.000000
vt -0.121014 0.027208 0.000000
vt -0.118090 -0.113904 0.000000
vt -0.087329 0.027208 0.000000
vt -0.069085 -0.044104 0.000000
vt -0.053643 0.027208 0.000000
vt -0.037844 -0.016107 0.000000
vt -0.053643 0.136038 0.000000
vt -0.019758 -0.005959 0.000000
vt -0.000000 0.200362 0.000000
vt -0.000000 0.000000 0.000000
vt -0.376769 -0.000000 0.000000
vt -0.358712 -0.005438 0.000000
vt -0.339341 0.136038 0.000000
vt -0.339341 0.203215 0.000000
vt -0.301913 0.136038 0.000000
vt -0.301913 0.203215 0.000000
vt -0.264485 0.136038 0.000000
vt -0.264485 0.203215 0.000000
vt -0.227057 0.136038 0.000000
vt -0.342108 -0.014719 0.000000
vt -0.339341 0.027208 0.000000
vt -0.301913 0.027208 0.000000
vt -0.313451 -0.040199 0.000000
vt -0.267963 -0.104129 0.000000
vt -0.190891 -0.270683 0.000000
vt -0.227057 0.027208 0.000000
vt -0.264485 0.027208 0.000000
vt -0.188385 0.027208 0.000000
vt -0.000000 0.400725 0.000000
vt -0.053643 0.363093 0.000000
vt -0.053643 0.203215 0.000000
vt -0.087329 0.203215 0.000000
vt -0.087329 0.136038 0.000000
vt -0.121014 0.203215 0.000000
vt -0.121014 0.136038 0.000000
vt -0.154699 0.203215 0.000000
vt -0.020028 0.512556 0.000000
vt -0.079051 0.504525 0.000000
vt -0.087329 0.363093 0.000000
vt -0.121014 0.363093 0.000000
vt -0.138592 0.499721 0.000000
vt -0.154699 0.363093 0.000000
vt -0.198352 0.498496 0.000000
vt -0.188385 0.363093 0.000000
vt -0.251054 0.394381 0.000000
vt -0.289375 0.197230 0.000000
vt -0.250934 0.295786 0.000000
vt -0.250817 0.197190 0.000000
vt -0.250701 0.098595 0.000000
vt -0.324837 0.000001 0.000000
vt -0.250587 0.000000 0.000000
vt 0.273041 0.000000 0.000000
vt 0.353945 0.000000 0.000000
vt 0.403438 0.250955 0.000000
vt 0.375063 0.002749 0.000000
vt 0.394849 0.010091 0.000000
vt 0.429711 0.033588 0.000000
vt 0.484926 0.097370 0.000000
vt 0.564280 0.247932 0.000000
vt 0.545659 0.501910 0.000000
vt 0.273362 0.501910 0.000000
vt -0.246043 0.501910 0.000000
vt -0.266223 0.247932 0.000000
vt -0.043744 0.501910 0.000000
vt -0.177301 0.088481 0.000000
vt -0.125147 0.030419 0.000000
vt -0.093468 0.009167 0.000000
vt -0.075758 0.002492 0.000000
vt -0.057162 0.000000 0.000000
vt 0.000000 0.000000 0.000000
vt -0.228690 0.000000 0.000000
vt -0.256744 0.167626 0.000000
vt -0.285852 0.000000 0.000000
vt -0.058080 -0.503480 0.000000
vt -0.001991 -0.507917 0.000000
vt -0.048289 -0.479110 0.000000
vt -0.000000 -0.394458 0.000000
vt -0.048289 -0.286171 0.000000
vt -0.000000 -0.295730 0.000000
vt -0.000000 -0.197096 0.000000
vt -0.048289 -0.015360 0.000000
vt -0.000000 -0.098527 0.000000
vt -0.017190 0.012216 0.000000
vt -0.000000 0.000000 0.000000
vt -0.033365 0.026679 0.000000
vt -0.061687 0.058413 0.000000
vt -0.078462 0.043205 0.000000
vt -0.109997 0.130103 0.000000
vt -0.108634 0.043009 0.000000
vt -0.138807 0.042813 0.000000
vt -0.108634 -0.015360 0.000000
vt -0.138807 -0.015360 0.000000
vt -0.108634 -0.286171 0.000000
vt -0.138807 -0.286171 0.000000
vt -0.108634 -0.479110 0.000000
vt -0.138807 -0.479110 0.000000
vt -0.113747 -0.500405 0.000000
vt -0.169043 -0.498784 0.000000
vt -0.168979 -0.479110 0.000000
vt -0.203823 -0.479110 0.000000
vt -0.203823 -0.286171 0.000000
vt -0.237357 -0.286171 0.000000
vt -0.237357 -0.015360 0.000000
vt -0.270891 -0.015360 0.000000
vt -0.270891 0.041955 0.000000
vt -0.277562 0.041911 0.000000
vt -0.236691 0.111840 0.000000
vt -0.237357 0.042173 0.000000
vt -0.203823 0.042390 0.000000
vt -0.203823 -0.015360 0.000000
vt -0.168979 -0.015360 0.000000
vt -0.168979 -0.286171 0.000000
vt -0.138807 0.143792 0.000000
vt -0.182848 0.278870 0.000000
vt -0.168979 0.143792 0.000000
vt -0.203823 0.143792 0.000000
vt -0.168979 0.042617 0.000000
vt -0.304425 -0.015360 0.000000
vt -0.304320 0.015349 0.000000
vt -0.320279 0.005774 0.000000
vt -0.337959 -0.190716 0.000000
vt -0.328941 0.002429 0.000000
vt -0.337959 0.000297 0.000000
vt -0.270891 -0.286171 0.000000
vt -0.224034 -0.498644 0.000000
vt -0.078462 -0.479110 0.000000
vt -0.078462 -0.286171 0.000000
vt -0.078462 -0.015360 0.000000
vt -0.033377 0.192213 0.000000
vt -0.060605 0.000000 0.000000
vt 0.000000 0.000000 0.000000
vt -0.295683 -0.000000 0.000000
vt -0.235078 -0.000000 0.000000
vt -0.251939 0.501910 0.000000
vt -0.225298 0.000707 0.000000
vt -0.215686 0.002724 0.000000
vt -0.197385 0.009943 0.000000
vt -0.164792 0.032746 0.000000
vt -0.109301 0.097128 0.000000
vt -0.020550 0.256345 0.000000
vt -0.040398 0.501910 0.000000
vt -0.501910 -4.069342 0.000000
vt -0.256345 -4.089279 0.000000
vt -0.501910 -4.010534 0.000000
vt -0.114261 -4.008478 0.000000
vt -0.048869 -3.956749 0.000000
vt -0.501910 -3.951727 0.000000
vt -0.021325 -3.927093 0.000000
vt -0.501910 -3.892920 0.000000
vt -0.009402 -3.910336 0.000000
vt -0.000000 -3.892634 0.000000
vt -0.117265 0.507713 0.000000
vt -0.496364 0.192213 0.000000
vt -0.029108 0.167626 0.000000
vt -0.529742 -0.000000 0.000000
vt 0.000000 -0.000000 0.000000
vt -0.425287 0.507713 0.000000
vt 0.160416 0.064472 0.000000
vt -0.147606 0.064472 0.000000
vt 0.141362 0.025479 0.000000
vt -0.112433 0.014752 0.000000
vt 0.115696 -0.009605 0.000000
vt -0.066083 -0.024598 0.000000
vt 0.084246 -0.039652 0.000000
vt -0.011409 -0.051259 0.000000
vt 0.048051 -0.063739 0.000000
vt -0.043744 0.501910 0.000000
vt -0.485998 0.501910 0.000000
vt 0.000000 0.000000 0.000000
vt -0.529742 0.000000 0.000000
vt -0.221127 -0.102649 0.000000
vt -0.162943 -0.106112 0.000000
vt -0.221127 0.108891 0.000000
vt -0.104693 -0.108193 0.000000
vt -0.046411 -0.108891 0.000000
vt 0.221127 -0.093408 0.000000
vt 0.221127 0.108891 0.000000
vt -0.376769 0.170283 0.000000
vt -0.301913 0.363093 0.000000
vt -0.258208 0.500948 0.000000
vt -0.264485 0.363093 0.000000
vt -0.227057 0.363093 0.000000
vt -0.227057 0.203215 0.000000
vt -0.188385 0.203215 0.000000
vt -0.188385 0.136038 0.000000
vt -0.154699 0.136038 0.000000
vt -0.154699 0.027208 0.000000
vt -0.121014 0.027208 0.000000
vt -0.118090 -0.113904 0.000000
vt -0.087329 0.027208 0.000000
vt -0.069085 -0.044104 0.000000
vt -0.053643 0.027208 0.000000
vt -0.037844 -0.016107 0.000000
vt -0.053643 0.136038 0.000000
vt -0.019758 -0.005959 0.000000
vt -0.000000 0.200362 0.000000
vt -0.000000 0.000000 0.000000
vt -0.376769 -0.000000 0.000000
vt -0.358712 -0.005438 0.000000
vt -0.339341 0.136038 0.000000
vt -0.339341 0.203215 0.000000
vt -0.301913 0.136038 0.000000
vt -0.301913 0.203215 0.000000
vt -0.264485 0.136038 0.000000
vt -0.264485 0.203215 0.000000
vt -0.227057 0.136038 0.000000
vt -0.342108 -0.014719 0.000000
vt -0.339341 0.027208 0.000000
vt -0.301913 0.027208 0.000000
vt -0.313451 -0.040199 0.000000
vt -0.267963 -0.104129 0.000000
vt -0.190891 -0.270683 0.000000
vt -0.227057 0.027208 0.000000
vt -0.264485 0.027208 0.000000
vt -0.188385 0.027208 0.000000
vt -0.000000 0.400725 0.000000
vt -0.053643 0.363093 0.000000
vt -0.053643 0.203215 0.000000
vt -0.087329 0.203215 0.000000
vt -0.087329 0.136038 0.000000
vt -0.121014 0.203215 0.000000
vt -0.121014 0.136038 0.000000
vt -0.154699 0.203215 0.000000
vt -0.020028 0.512556 0.000000
vt -0.079051 0.504525 0.000000
vt -0.087329 0.363093 0.000000
vt -0.121014 0.363093 0.000000
vt -0.138592 0.499721 0.000000
vt -0.154699 0.363093 0.000000
vt -0.198352 0.498496 0.000000
vt -0.188385 0.363093 0.000000
vt -0.251054 0.394381 0.000000
vt -0.289375 0.197230 0.000000
vt -0.250934 0.295786 0.000000
vt -0.250817 0.197190 0.000000
vt -0.250701 0.098595 0.000000
vt -0.324837 0.000001 0.000000
vt -0.250587 0.000000 0.000000
vt 0.273041 0.000000 0.000000
vt 0.353945 0.000000 0.000000
vt 0.403438 0.250955 0.000000
vt 0.375063 0.002749 0.000000
vt 0.394849 0.010091 0.000000
vt 0.429711 0.033588 0.000000
vt 0.484926 0.097370 0.000000
vt 0.564280 0.247932 0.000000
vt 0.545659 0.501910 0.000000
vt 0.273362 0.501910 0.000000
vt -0.246043 0.501910 0.000000
vt -0.266223 0.247932 0.000000
vt -0.043744 0.501910 0.000000
vt -0.177301 0.088481 0.000000
vt -0.125147 0.030419 0.000000
vt -0.093468 0.009167 0.000000
vt -0.075758 0.002492 0.000000
vt -0.057162 0.000000 0.000000
vt 0.000000 0.000000 0.000000
vt -0.228690 0.000000 0.000000
vt -0.256744 0.167626 0.000000
vt -0.285852 -0.000000 0.000000
vt -0.058080 -0.503480 0.000000
vt -0.001991 -0.507917 0.000000
vt -0.048289 -0.479110 0.000000
vt -0.000000 -0.394458 0.000000
vt -0.048289 -0.286171 0.000000
vt -0.000000 -0.295730 0.000000
vt -0.000000 -0.197096 0.000000
vt -0.048289 -0.015360 0.000000
vt -0.000000 -0.098527 0.000000
vt -0.017190 0.012216 0.000000
vt -0.000000 0.000000 0.000000
vt -0.033365 0.026679 0.000000
vt -0.061687 0.058413 0.000000
vt -0.078462 0.043205 0.000000
vt -0.109997 0.130103 0.000000
vt -0.108634 0.043009 0.000000
vt -0.138807 0.042813 0.000000
vt -0.108634 -0.015360 0.000000
vt -0.138807 -0.015360 0.000000
vt -0.108634 -0.286171 0.000000
vt -0.138807 -0.286171 0.000000
vt -0.108634 -0.479110 0.000000
vt -0.138807 -0.479110 0.000000
vt -0.113747 -0.500405 0.000000
vt -0.169043 -0.498784 0.000000
vt -0.168979 -0.479110 0.000000
vt -0.203823 -0.479110 0.000000
vt -0.203823 -0.286171 0.000000
vt -0.237357 -0.286171 0.000000
vt -0.237357 -0.015360 0.000000
vt -0.270891 -0.015360 0.000000
vt -0.270891 0.041955 0.000000
vt -0.277562 0.041911 0.000000
vt -0.236691 0.111840 0.000000
vt -0.237357 0.042173 0.000000
vt -0.203823 0.042390 0.000000
vt -0.203823 -0.015360 0.000000
vt -0.168979 -0.015360 0.000000
vt -0.168979 -0.286171 0.000000
vt -0.138807 0.143792 0.000000
vt -0.182848 0.278870 0.000000
vt -0.168979 0.143792 0.000000
vt -0.203823 0.143792 0.000000
vt -0.168979 0.042617 0.000000
vt -0.304425 -0.015360 0.000000
vt -0.304320 0.015349 0.000000
vt -0.320279 0.005774 0.000000
vt -0.337959 -0.190716 0.000000
vt -0.328941 0.002429 0.000000
vt -0.337959 0.000297 0.000000
vt -0.270891 -0.286171 0.000000
vt -0.224034 -0.498644 0.000000
vt -0.078462 -0.479110 0.000000
vt -0.078462 -0.286171 0.000000
vt -0.078462 -0.015360 0.000000
vt -0.033377 0.192213 0.000000
vt -0.060605 0.000000 0.000000
vt 0.000000 0.000000 0.000000
vt -0.295683 0.000000 0.000000
vt -0.235078 -0.000000 0.000000
vt -0.251939 0.501910 0.000000
vt -0.225298 0.000707 0.000000
vt -0.215686 0.002724 0.000000
vt -0.197385 0.009943 0.000000
vt -0.164792 0.032746 0.000000
vt -0.109301 0.097128 0.000000
vt -0.020550 0.256345 0.000000
vt -0.040398 0.501910 0.000000
vt -0.501910 -4.069342 0.000000
vt -0.256345 -4.089279 0.000000
vt -0.501910 -4.010534 0.000000
vt -0.114261 -4.008478 0.000000
vt -0.048869 -3.956749 0.000000
vt -0.501910 -3.951727 0.000000
vt -0.021325 -3.927093 0.000000
vt -0.501910 -3.892920 0.000000
vt -0.009402 -3.910336 0.000000
vt -0.000000 -3.892634 0.000000
vt -0.117265 0.507713 0.000000
vt -0.496364 0.192213 0.000000
vt -0.029108 0.167626 0.000000
vt -0.529742 0.000000 0.000000
vt 0.000000 -0.000000 0.000000
vt -0.425287 0.507713 0.000000
vt 0.160416 0.064472 0.000000
vt -0.147606 0.064472 0.000000
vt 0.141362 0.025479 0.000000
vt -0.112433 0.014752 0.000000
vt 0.115696 -0.009605 0.000000
vt -0.066083 -0.024598 0.000000
vt 0.084246 -0.039652 0.000000
vt -0.011409 -0.051259 0.000000
vt 0.048051 -0.063739 0.000000
vt -0.043744 0.501910 0.000000
vt -0.485998 0.501910 0.000000
vt 0.000000 0.000000 0.000000
vt -0.529742 -0.000000 0.000000
vt -0.221127 -0.102649 0.000000
vt -0.162943 -0.106112 0.000000
vt -0.221127 0.108891 0.000000
vt -0.104693 -0.108193 0.000000
vt -0.046411 -0.108891 0.000000
vt 0.221127 -0.093408 0.000000
vt 0.221127 0.108891 0.000000
vt -0.376769 0.170283 0.000000
vt -0.301913 0.363093 0.000000
vt -0.258208 0.500948 0.000000
vt -0.264485 0.363093 0.000000
vt -0.227057 0.363093 0.000000
vt -0.227057 0.203215 0.000000
vt -0.188385 0.203215 0.000000
vt -0.188385 0.136038 0.000000
vt -0.154699 0.136038 0.000000
vt -0.154699 0.027208 0.000000
vt -0.121014 0.027208 0.000000
vt -0.118090 -0.113904 0.000000
vt -0.087329 0.027208 0.000000
vt -0.069085 -0.044104 0.000000
vt -0.053643 0.027208 0.000000
vt -0.037844 -0.016107 0.000000
vt -0.053643 0.136038 0.000000
vt -0.019758 -0.005959 0.000000
vt -0.000000 0.200362 0.000000
vt -0.000000 0.000000 0.000000
vt -0.376769 -0.000000 0.000000
vt -0.358712 -0.005438 0.000000
vt -0.339341 0.136038 0.000000
vt -0.339341 0.203215 0.000000
vt -0.301913 0.136038 0.000000
vt -0.301913 0.203215 0.000000
vt -0.264485 0.136038 0.000000
vt -0.264485 0.203215 0.000000
vt -0.227057 0.136038 0.000000
vt -0.342108 -0.014719 0.000000
vt -0.339341 0.027208 0.000000
vt -0.301913 0.027208 0.000000
vt -0.313451 -0.040199 0.000000
vt -0.267963 -0.104129 0.000000
vt -0.190891 -0.270683 0.000000
vt -0.227057 0.027208 0.000000
vt -0.264485 0.027208 0.000000
vt -0.188385 0.027208 0.000000
vt -0.000000 0.400725 0.000000
vt -0.053643 0.363093 0.000000
vt -0.053643 0.203215 0.000000
vt -0.087329 0.203215 0.000000
vt -0.087329 0.136038 0.000000
vt -0.121014 0.203215 0.000000
vt -0.121014 0.136038 0.000000
vt -0.154699 0.203215 0.000000
vt -0.020028 0.512556 0.000000
vt -0.079051 0.504525 0.000000
vt -0.087329 0.363093 0.000000
vt -0.121014 0.363093 0.000000
vt -0.138592 0.499721 0.000000
vt -0.154699 0.363093 0.000000
vt -0.198352 0.498496 0.000000
vt -0.188385 0.363093 0.000000
vt -0.251054 0.394381 0.000000
vt -0.289375 0.197230 0.000000
vt -0.250934 0.295786 0.000000
vt -0.250817 0.197190 0.000000
vt -0.250701 0.098595 0.000000
vt -0.324837 0.000001 0.000000
vt -0.250587 0.000000 0.000000
vt 0.273041 0.000000 0.000000
vt 0.353945 0.000000 0.000000
vt 0.403438 0.250955 0.000000
vt 0.375063 0.002749 0.000000
vt 0.394849 0.010091 0.000000
vt 0.429711 0.033588 0.000000
vt 0.484926 0.097370 0.000000
vt 0.564280 0.247932 0.000000
vt 0.545659 0.501910 0.000000
vt 0.273362 0.501910 0.000000
vt -0.246043 0.501910 0.000000
vt -0.266223 0.247932 0.000000
vt -0.043744 0.501910 0.000000
vt -0.177301 0.088481 0.000000
vt -0.125147 0.030419 0.000000
vt -0.093468 0.009167 0.000000
vt -0.075758 0.002492 0.000000
vt -0.057162 0.000000 0.000000
vt 0.000000 0.000000 0.000000
vt -0.228690 0.000000 0.000000
vt -0.256744 0.167626 0.000000
vt -0.285852 -0.000000 0.000000
vt -0.058080 -0.503480 0.000000
vt -0.001991 -0.507917 0.000000
vt -0.048289 -0.479110 0.000000
vt -0.000000 -0.394458 0.000000
vt -0.048289 -0.286171 0.000000
vt -0.000000 -0.295730 0.000000
vt -0.000000 -0.197096 0.000000
vt -0.048289 -0.015360 0.000000
vt -0.000000 -0.098527 0.000000
vt -0.017190 0.012216 0.000000
vt -0.000000 0.000000 0.000000
vt -0.033365 0.026679 0.000000
vt -0.061687 0.058413 0.000000
vt -0.078462 0.043205 0.000000
vt -0.109997 0.130103 0.000000
vt -0.108634 0.043009 0.000000
vt -0.138807 0.042813 0.000000
vt -0.108634 -0.015360 0.000000
vt -0.138807 -0.015360 0.000000
vt -0.108634 -0.286171 0.000000
vt -0.138807 -0.286171 0.000000
vt -0.108634 -0.479110 0.000000
vt -0.138807 -0.479110 0.000000
vt -0.113747 -0.500405 0.000000
vt -0.169043 -0.498784 0.000000
vt -0.168979 -0.479110 0.000000
vt -0.203823 -0.479110 0.000000
vt -0.203823 -0.286171 0.000000
vt -0.237357 -0.286171 0.000000
vt -0.237357 -0.015360 0.000000
vt -0.270891 -0.015360 0.000000
vt -0.270891 0.041955 0.000000
vt -0.277562 0.041911 0.000000
vt -0.236691 0.111840 0.000000
vt -0.237357 0.042173 0.000000
vt -0.203823 0.042390 0.000000
vt -0.203823 -0.015360 0.000000
vt -0.168979 -0.015360 0.000000
vt -0.168979 -0.286171 0.000000
vt -0.138807 0.143792 0.000000
vt -0.182848 0.278870 0.000000
vt -0.168979 0.143792 0.000000
vt -0.203823 0.143792 0.000000
vt -0.168979 0.042617 0.000000
vt -0.304425 -0.015360 0.000000
vt -0.304320 0.015349 0.000000
vt -0.320279 0.005774 0.000000
vt -0.337959 -0.190716 0.000000
vt -0.328941 0.002429 0.000000
vt -0.337959 0.000297 0.000000
vt -0.270891 -0.286171 0.000000
vt -0.224034 -0.498644 0.000000
vt -0.078462 -0.479110 0.000000
vt -0.078462 -0.286171 0.000000
vt -0.078462 -0.015360 0.000000
vt -0.033377 0.192213 0.000000
vt -0.060605 0.000000 0.000000
vt 0.000000 0.000000 0.000000
vt -0.295683 -0.000000 0.000000
vt -0.235078 -0.000000 0.000000
vt -0.251939 0.501910 0.000000
vt -0.225298 0.000707 0.000000
vt -0.215686 0.002724 0.000000
vt -0.197385 0.009943 0.000000
vt -0.164792 0.032746 0.000000
vt -0.109301 0.097128 0.000000
vt -0.020550 0.256345 0.000000
vt -0.040398 0.501910 0.000000
vt -0.501910 -4.069342 0.000000
vt -0.256345 -4.089279 0.000000
vt -0.501910 -4.010534 0.000000
vt -0.114261 -4.008478 0.000000
vt -0.048869 -3.956749 0.000000
vt -0.501910 -3.951727 0.000000
vt -0.021325 -3.927093 0.000000
vt -0.501910 -3.892920 0.000000
vt -0.009402 -3.910336 0.000000
vt -0.000000 -3.892634 0.000000
vt -0.117265 0.507713 0.000000
vt -0.496364 0.192213 0.000000
vt -0.029108 0.167626 0.000000
vt -0.529742 0.000000 0.000000
vt 0.000000 -0.000000 0.000000
vt -0.425287 0.507713 0.000000
vt 0.160416 0.064472 0.000000
vt -0.147606 0.064472 0.000000
vt 0.141362 0.025479 0.000000
vt -0.112433 0.014752 0.000000
vt 0.115696 -0.009605 0.000000
vt -0.066083 -0.024598 0.000000
vt 0.084246 -0.039652 0.000000
vt -0.011409 -0.051259 0.000000
vt 0.048051 -0.063739 0.000000
vt -0.043744 0.501910 0.000000
vt -0.485998 0.501910 0.000000
vt 0.000000 0.000000 0.000000
vt -0.529742 -0.000000 0.000000
vt -0.221127 -0.102649 0.000000
vt -0.162943 -0.106112 0.000000
vt -0.221127 0.108891 0.000000
vt -0.104693 -0.108193 0.000000
vt -0.046411 -0.108891 0.000000
vt 0.221127 -0.093408 0.000000
vt 0.221127 0.108891 0.000000
vt -0.376769 0.170283 0.000000
vt -0.301913 0.363093 0.000000
vt -0.258208 0.500948 0.000000
vt -0.264485 0.363093 0.000000
vt -0.227057 0.363093 0.000000
vt -0.227057 0.203215 0.000000
vt -0.188385 0.203215 0.000000
vt -0.188385 0.136038 0.000000
vt -0.154699 0.136038 0.000000
vt -0.154699 0.027208 0.000000
vt -0.121014 0.027208 0.000000
vt -0.118090 -0.113904 0.000000
vt -0.087329 0.027208 0.000000
vt -0.069085 -0.044104 0.000000
vt -0.053643 0.027208 0.000000
vt -0.037844 -0.016107 0.000000
vt -0.053643 0.136038 0.000000
vt -0.019758 -0.005959 0.000000
vt -0.000000 0.200362 0.000000
vt -0.000000 0.000000 0.000000
vt -0.376769 -0.000000 0.000000
vt -0.358712 -0.005438 0.000000
vt -0.339341 0.136038 0.000000
vt -0.339341 0.203215 0.000000
vt -0.301913 0.136038 0.000000
vt -0.301913 0.203215 0.000000
vt -0.264485 0.136038 0.000000
vt -0.264485 0.203215 0.000000
vt -0.227057 0.136038 0.000000
vt -0.342108 -0.014719 0.000000
vt -0.339341 0.027208 0.000000
vt -0.301913 0.027208 0.000000
vt -0.313451 -0.040199 0.000000
vt -0.267963 -0.104129 0.000000
vt -0.190891 -0.270683 0.000000
vt -0.227057 0.027208 0.000000
vt -0.264485 0.027208 0.000000
vt -0.188385 0.027208 0.000000
vt -0.000000 0.400725 0.000000
vt -0.053643 0.363093 0.000000
vt -0.053643 0.203215 0.000000
vt -0.087329 0.203215 0.000000
vt -0.087329 0.136038 0.000000
vt -0.121014 0.203215 0.000000
vt -0.121014 0.136038 0.000000
vt -0.154699 0.203215 0.000000
vt -0.020028 0.512556 0.000000
vt -0.079051 0.504525 0.000000
vt -0.087329 0.363093 0.000000
vt -0.121014 0.363093 0.000000
vt -0.138592 0.499721 0.000000
vt -0.154699 0.363093 0.000000
vt -0.198352 0.498496 0.000000
vt -0.188385 0.363093 0.000000
vt -0.251054 0.394381 0.000000
vt -0.289375 0.197230 0.000000
vt -0.250934 0.295786 0.000000
vt -0.250817 0.197190 0.000000
vt -0.250701 0.098595 0.000000
vt -0.324837 0.000001 0.000000
vt -0.250587 0.000000 0.000000
vt 0.273041 0.000000 0.000000
vt 0.353945 0.000000 0.000000
vt 0.403438 0.250955 0.000000
vt 0.375063 0.002749 0.000000
vt 0.394849 0.010091 0.000000
vt 0.429711 0.033588 0.000000
vt 0.484926 0.097370 0.000000
vt 0.564280 0.247932 0.000000
vt 0.545659 0.501910 0.000000
vt 0.273362 0.501910 0.000000
vt -0.246043 0.501910 0.000000
vt -0.266223 0.247932 0.000000
vt -0.043744 0.501910 0.000000
vt -0.177301 0.088481 0.000000
vt -0.125147 0.030419 0.000000
vt -0.093468 0.009167 0.000000
vt -0.075758 0.002492 0.000000
vt -0.057162 0.000000 0.000000
vt 0.000000 0.000000 0.000000
vt -0.228690 0.000000 0.000000
vt -0.256744 0.167626 0.000000
vt -0.285852 0.000000 0.000000
vt -0.058080 -0.503480 0.000000
vt -0.001991 -0.507917 0.000000
vt -0.048289 -0.479110 0.000000
vt -0.000000 -0.394458 0.000000
vt -0.048289 -0.286171 0.000000
vt -0.000000 -0.295730 0.000000
vt -0.000000 -0.197096 0.000000
vt -0.048289 -0.015360 0.000000
vt -0.000000 -0.098527 0.000000
vt -0.017190 0.012216 0.000000
vt -0.000000 0.000000 0.000000
vt -0.033365 0.026679 0.000000
vt -0.061687 0.058413 0.000000
vt -0.078462 0.043205 0.000000
vt -0.109997 0.130103 0.000000
vt -0.108634 0.043009 0.000000
vt -0.138807 0.042813 0.000000
vt -0.108634 -0.015360 0.000000
vt -0.138807 -0.015360 0.000000
vt -0.108634 -0.286171 0.000000
vt -0.138807 -0.286171 0.000000
vt -0.108634 -0.479110 0.000000
vt -0.138807 -0.479110 0.000000
vt -0.113747 -0.500405 0.000000
vt -0.169043 -0.498784 0.000000
vt -0.168979 -0.479110 0.000000
vt -0.203823 -0.479110 0.000000
vt -0.203823 -0.286171 0.000000
vt -0.237357 -0.286171 0.000000
vt -0.237357 -0.015360 0.000000
vt -0.270891 -0.015360 0.000000
vt -0.270891 0.041955 0.000000
vt -0.277562 0.041911 0.000000
vt -0.236691 0.111840 0.000000
vt -0.237357 0.042173 0.000000
vt -0.203823 0.042390 0.000000
vt -0.203823 -0.015360 0.000000
vt -0.168979 -0.015360 0.000000
vt -0.168979 -0.286171 0.000000
vt -0.138807 0.143792 0.000000
vt -0.182848 0.278870 0.000000
vt -0.168979 0.143792 0.000000
vt -0.203823 0.143792 0.000000
vt -0.168979 0.042617 0.000000
vt -0.304425 -0.015360 0.000000
vt -0.304320 0.015349 0.000000
vt -0.320279 0.005774 0.000000
vt -0.337959 -0.190716 0.000000
vt -0.328941 0.002429 0.000000
vt -0.337959 0.000297 0.000000
vt -0.270891 -0.286171 0.000000
vt -0.224034 -0.498644 0.000000
vt -0.078462 -0.479110 0.000000
vt -0.078462 -0.286171 0.000000
vt -0.078462 -0.015360 0.000000
vt -0.033377 0.192213 0.000000
vt -0.060605 0.000000 0.000000
vt 0.000000 0.000000 0.000000
vt -0.295683 -0.000000 0.000000
vt -0.235078 -0.000000 0.000000
vt -0.251939 0.501910 0.000000
vt -0.225298 0.000707 0.000000
vt -0.215686 0.002724 0.000000
vt -0.197385 0.009943 0.000000
vt -0.164792 0.032746 0.000000
vt -0.109301 0.097128 0.000000
vt -0.020550 0.256345 0.000000
vt -0.040398 0.501910 0.000000
vt -0.501910 -4.069342 0.000000
vt -0.256345 -4.089279 0.000000
vt -0.501910 -4.010534 0.000000
vt -0.114261 -4.008478 0.000000
vt -0.048869 -3.956749 0.000000
vt -0.501910 -3.951727 0.000000
vt -0.021325 -3.927093 0.000000
vt -0.501910 -3.892920 0.000000
vt -0.009402 -3.910336 0.000000
vt -0.000000 -3.892634 0.000000
vt -0.117265 0.507713 0.000000
vt -0.496364 0.192213 0.000000
vt -0.029108 0.167626 0.000000
vt -0.529742 -0.000000 0.000000
vt 0.000000 0.000000 0.000000
vt -0.425287 0.507713 0.000000
vt 0.160416 0.064472 0.000000
vt -0.147606 0.064472 0.000000
vt 0.141362 0.025479 0.000000
vt -0.112433 0.014752 0.000000
vt 0.115696 -0.009605 0.000000
vt -0.066083 -0.024598 0.000000
vt 0.084246 -0.039652 0.000000
vt -0.011409 -0.051259 0.000000
vt 0.048051 -0.063739 0.000000
vt -0.043744 0.501910 0.000000
vt -0.485998 0.501910 0.000000
vt 0.000000 0.000000 0.000000
vt -0.529742 0.000000 0.000000
vt -0.221127 -0.102649 0.000000
vt -0.162943 -0.106112 0.000000
vt -0.221127 0.108891 0.000000
vt -0.104693 -0.108193 0.000000
vt -0.046411 -0.108891 0.000000
vt 0.221127 -0.093408 0.000000
vt 0.221127 0.108891 0.000000
vt -0.376769 0.170283 0.000000
vt -0.301913 0.363093 0.000000
vt -0.258208 0.500948 0.000000
vt -0.264485 0.363093 0.000000
vt -0.227057 0.363093 0.000000
vt -0.227057 0.203215 0.000000
vt -0.188385 0.203215 0.000000
vt -0.188385 0.136038 0.000000
vt -0.154699 0.136038 0.000000
vt -0.154699 0.027208 0.000000
vt -0.121014 0.027208 0.000000
vt -0.118090 -0.113904 0.000000
vt -0.087329 0.027208 0.000000
vt -0.069085 -0.044104 0.000000
vt -0.053643 0.027208 0.000000
vt -0.037844 -0.016107 0.000000
vt -0.053643 0.136038 0.000000
vt -0.019758 -0.005959 0.000000
vt -0.000000 0.200362 0.000000
vt -0.000000 0.000000 0.000000
vt -0.376769 -0.000000 0.000000
vt -0.358712 -0.005438 0.000000
vt -0.339341 0.136038 0.000000
vt -0.339341 0.203215 0.000000
vt -0.301913 0.136038 0.000000
vt -0.301913 0.203215 0.000000
vt -0.264485 0.136038 0.000000
vt -0.264485 0.203215 0.000000
vt -0.227057 0.136038 0.000000
vt -0.342108 -0.014719 0.000000
vt -0.339341 0.027208 0.000000
vt -0.301913 0.027208 0.000000
vt -0.313451 -0.040199 0.000000
vt -0.267963 -0.104129 0.000000
vt -0.190891 -0.270683 0.000000
vt -0.227057 0.027208 0.000000
vt -0.264485 0.027208 0.000000
vt -0.188385 0.027208 0.000000
vt -0.000000 0.400725 0.000000
vt -0.053643 0.363093 0.000000
vt -0.053643 0.203215 0.000000
vt -0.087329 0.203215 0.000000
vt -0.087329 0.136038 0.000000
vt -0.121014 0.203215 0.000000
vt -0.121014 0.136038 0.000000
vt -0.154699 0.203215 0.000000
vt -0.020028 0.512556 0.000000
vt -0.079051 0.504525 0.000000
vt -0.087329 0.363093 0.000000
vt -0.121014 0.363093 0.000000
vt -0.138592 0.499721 0.000000
vt -0.154699 0.363093 0.000000
vt -0.198352 0.498496 0.000000
vt -0.188385 0.363093 0.000000
vt -0.251054 0.394381 0.000000
vt -0.289375 0.197230 0.000000
vt -0.250934 0.295786 0.000000
vt -0.250817 0.197190 0.000000
vt -0.250701 0.098595 0.000000
vt -0.324837 0.000001 0.000000
vt -0.250587 0.000000 0.000000
vt 0.273041 0.000000 0.000000
vt 0.353945 0.000000 0.000000
vt 0.403438 0.250955 0.000000
vt 0.375063 0.002749 0.000000
vt 0.394849 0.010091 0.000000
vt 0.429711 0.033588 0.000000
vt 0.484926 0.097370 0.000000
vt 0.564280 0.247932 0.000000
vt 0.545659 0.501910 0.000000
vt 0.273362 0.501910 0.000000
vt -0.246043 0.501910 0.000000
vt -0.266223 0.247932 0.000000
vt -0.043744 0.501910 0.000000
vt -0.177301 0.088481 0.000000
vt -0.125147 0.030419 0.000000
vt -0.093468 0.009167 0.000000
vt -0.075758 0.002492 0.000000
vt -0.057162 0.000000 0.000000
vt 0.000000 0.000000 0.000000
vt -0.228690 0.000000 0.000000
vt -0.256744 0.167626 0.000000
vt -0.285852 0.000000 0.000000
vt -0.058080 -0.503480 0.000000
vt -0.001991 -0.507917 0.000000
vt -0.048289 -0.479110 0.000000
vt -0.000000 -0.394458 0.000000
vt -0.048289 -0.286171 0.000000
vt -0.000000 -0.295730 0.000000
vt -0.000000 -0.197096 0.000000
vt -0.048289 -0.015360 0.000000
vt -0.000000 -0.098527 0.000000
vt -0.017190 0.012216 0.000000
vt -0.000000 0.000000 0.000000
vt -0.033365 0.026679 0.000000
vt -0.061687 0.058413 0.000000
vt -0.078462 0.043205 0.000000
vt -0.109997 0.130103 0.000000
vt -0.108634 0.043009 0.000000
vt -0.138807 0.042813 0.000000
vt -0.108634 -0.015360 0.000000
vt -0.138807 -0.015360 0.000000
vt -0.108634 -0.286171 0.000000
vt -0.138807 -0.286171 0.000000
vt -0.108634 -0.479110 0.000000
vt -0.138807 -0.479110 0.000000
vt -0.113747 -0.500405 0.000000
vt -0.169043 -0.498784 0.000000
vt -0.168979 -0.479110 0.000000
vt -0.203823 -0.479110 0.000000
vt -0.203823 -0.286171 0.000000
vt -0.237357 -0.286171 0.000000
vt -0.237357 -0.015360 0.000000
vt -0.270891 -0.015360 0.000000
vt -0.270891 0.041955 0.000000
vt -0.277562 0.041911 0.000000
vt -0.236691 0.111840 0.000000
vt -0.237357 0.042173 0.000000
vt -0.203823 0.042390 0.000000
vt -0.203823 -0.015360 0.000000
vt -0.168979 -0.015360 0.000000
vt -0.168979 -0.286171 0.000000
vt -0.138807 0.143792 0.000000
vt -0.182848 0.278870 0.000000
vt -0.168979 0.143792 0.000000
vt -0.203823 0.143792 0.000000
vt -0.168979 0.042617 0.000000
vt -0.304425 -0.015360 0.000000
vt -0.304320 0.015349 0.000000
vt -0.320279 0.005774 0.000000
vt -0.337959 -0.190716 0.000000
vt -0.328941 0.002429 0.000000
vt -0.337959 0.000297 0.000000
vt -0.270891 -0.286171 0.000000
vt -0.224034 -0.498644 0.000000
vt -0.078462 -0.479110 0.000000
vt -0.078462 -0.286171 0.000000
vt -0.078462 -0.015360 0.000000
vt -0.033377 0.192213 0.000000
vt -0.060605 0.000000 0.000000
vt 0.000000 0.000000 0.000000
vt -0.295683 0.000000 0.000000
vt -0.235078 -0.000000 0.000000
vt -0.251939 0.501910 0.000000
vt -0.225298 0.000707 0.000000
vt -0.215686 0.002724 0.000000
vt -0.197385 0.009943 0.000000
vt -0.164792 0.032746 0.000000
vt -0.109301 0.097128 0.000000
vt -0.020550 0.256345 0.000000
vt -0.040398 0.501910 0.000000
vt -0.501910 -4.069342 0.000000
vt -0.256345 -4.089279 0.000000
vt -0.501910 -4.010534 0.000000
vt -0.114261 -4.008478 0.000000
vt -0.048869 -3.956749 0.000000
vt -0.501910 -3.951727 0.000000
vt -0.021325 -3.927093 0.000000
vt -0.501910 -3.892920 0.000000
vt -0.009402 -3.910336 0.000000
vt -0.000000 -3.892634 0.000000
vt -0.117265 0.507713 0.000000
vt -0.496364 0.192213 0.000000
vt -0.029108 0.167626 0.000000
vt -0.529742 -0.000000 0.000000
vt 0.000000 0.000000 0.000000
vt -0.425287 0.507713 0.000000
vt 0.160416 0.064472 0.000000
vt -0.147606 0.064472 0.000000
vt 0.141362 0.025479 0.000000
vt -0.112433 0.014752 0.000000
vt 0.115696 -0.009605 0.000000
vt -0.066083 -0.024598 0.000000
vt 0.084246 -0.039652 0.000000
vt -0.011409 -0.051259 0.000000
vt 0.048051 -0.063739 0.000000
vt -0.043744 0.501910 0.000000
vt -0.485998 0.501910 0.000000
vt 0.000000 0.000000 0.000000
vt -0.529742 0.000000 0.000000
vt -0.221127 -0.102649 0.000000
vt -0.162943 -0.106112 0.000000
vt -0.221127 0.108891 0.000000
vt -0.104693 -0.108193 0.000000
vt -0.046411 -0.108891 0.000000
vt 0.221127 -0.093408 0.000000
vt 0.221127 0.108891 0.000000
vt -0.376769 0.170283 0.000000
vt -0.301913 0.363093 0.000000
vt -0.258208 0.500948 0.000000
vt -0.264485 0.363093 0.000000
vt -0.227057 0.363093 0.000000
vt -0.227057 0.203215 0.000000
vt -0.188385 0.203215 0.000000
vt -0.188385 0.136038 0.000000
vt -0.154699 0.136038 0.000000
vt -0.154699 0.027208 0.000000
vt -0.121014 0.027208 0.000000
vt -0.118090 -0.113904 0.000000
vt -0.087329 0.027208 0.000000
vt -0.069085 -0.044104 0.000000
vt -0.053643 0.027208 0.000000
vt -0.037844 -0.016107 0.000000
vt -0.053643 0.136038 0.000000
vt -0.019758 -0.005959 0.000000
vt -0.000000 0.200362 0.000000
vt -0.000000 0.000000 0.000000
vt -0.376769 -0.000000 0.000000
vt -0.358712 -0.005438 0.000000
vt -0.339341 0.136038 0.000000
vt -0.339341 0.203215 0.000000
vt -0.301913 0.136038 0.000000
vt -0.301913 0.203215 0.000000
vt -0.264485 0.136038 0.000000
vt -0.264485 0.203215 0.000000
vt -0.227057 0.136038 0.000000
vt -0.342108 -0.014719 0.000000
vt -0.339341 0.027208 0.000000
vt -0.301913 0.027208 0.000000
vt -0.313451 -0.040199 0.000000
vt -0.267963 -0.104129 0.000000
vt -0.190891 -0.270683 0.000000
vt -0.227057 0.027208 0.000000
vt -0.264485 0.027208 0.000000
vt -0.188385 0.027208 0.000000
vt -0.000000 0.400725 0.000000
vt -0.053643 0.363093 0.000000
vt -0.053643 0.203215 0.000000
vt -0.087329 0.203215 0.000000
vt -0.087329 0.136038 0.000000
vt -0.121014 0.203215 0.000000
vt -0.121014 0.136038 0.000000
vt -0.154699 0.203215 0.000000
vt -0.020028 0.512556 0.000000
vt -0.079051 0.504525 0.000000
vt -0.087329 0.363093 0.000000
vt -0.121014 0.363093 0.000000
vt -0.138592 0.499721 0.000000
vt -0.154699 0.363093 0.000000
vt -0.198352 0.498496 0.000000
vt -0.188385 0.363093 0.000000
vt -0.251054 0.394381 0.000000
vt -0.289375 0.197230 0.000000
vt -0.250934 0.295786 0.000000
vt -0.250817 0.197190 0.000000
vt -0.250701 0.098595 0.000000
vt -0.324837 0.000001 0.000000
vt -0.250587 0.000000 0.000000
vt 0.273041 0.000000 0.000000
vt 0.353945 0.000000 0.000000
vt 0.403438 0.250955 0.000000
vt 0.375063 0.002749 0.000000
vt 0.394849 0.010091 0.000000
vt 0.429711 0.033588 0.000000
vt 0.484926 0.097370 0.000000
vt 0.564280 0.247932 0.000000
vt 0.545659 0.501910 0.000000
vt 0.273362 0.501910 0.000000
vt -0.246043 0.501910 0.000000
vt -0.266223 0.247932 0.000000
vt -0.043744 0.501910 0.000000
vt -0.177301 0.088481 0.000000
vt -0.125147 0.030419 0.000000
vt -0.093468 0.009167 0.000000
vt -0.075758 0.002492 0.000000
vt -0.057162 -0.000000 0.000000
vt 0.000000 0.000000 0.000000
vt -0.228690 0.000000 0.000000
vt -0.256744 0.167626 0.000000
vt -0.285852 0.000000 0.000000
vt -0.058080 -0.503480 0.000000
vt -0.001991 -0.507917 0.000000
vt -0.048289 -0.479110 0.000000
vt -0.000000 -0.394458 0.000000
vt -0.048289 -0.286171 0.000000
vt -0.000000 -0.295730 0.000000
vt -0.000000 -0.197096 0.000000
vt -0.048289 -0.015360 0.000000
vt -0.000000 -0.098527 0.000000
vt -0.017190 0.012216 0.000000
vt -0.000000 0.000000 0.000000
vt -0.033365 0.026679 0.000000
vt -0.061687 0.058413 0.000000
vt -0.078462 0.043205 0.000000
vt -0.109997 0.130103 0.000000
vt -0.108634 0.043009 0.000000
vt -0.138807 0.042813 0.000000
vt -0.108634 -0.015360 0.000000
vt -0.138807 -0.015360 0.000000
vt -0.108634 -0.286171 0.000000
vt -0.138807 -0.286171 0.000000
vt -0.108634 -0.479110 0.000000
vt -0.138807 -0.479110 0.000000
vt -0.113747 -0.500405 0.000000
vt -0.169043 -0.498784 0.000000
vt -0.168979 -0.479110 0.000000
vt -0.203823 -0.479110 0.000000
vt -0.203823 -0.286171 0.000000
vt -0.237357 -0.286171 0.000000
vt -0.237357 -0.015360 0.000000
vt -0.270891 -0.015360 0.000000
vt -0.270891 0.041955 0.000000
vt -0.277562 0.041911 0.000000
vt -0.236691 0.111840 0.000000
vt -0.237357 0.042173 0.000000
vt -0.203823 0.042390 0.000000
vt -0.203823 -0.015360 0.000000
vt -0.168979 -0.015360 0.000000
vt -0.168979 -0.286171 0.000000
vt -0.138807 0.143792 0.000000
vt -0.182848 0.278870 0.000000
vt -0.168979 0.143792 0.000000
vt -0.203823 0.143792 0.000000
vt -0.168979 0.042617 0.000000
vt -0.304425 -0.015360 0.000000
vt -0.304320 0.015349 0.000000
vt -0.320279 0.005774 0.000000
vt -0.337959 -0.190716 0.000000
vt -0.328941 0.002429 0.000000
vt -0.337959 0.000297 0.000000
vt -0.270891 -0.286171 0.000000
vt -0.224034 -0.498644 0.000000
vt -0.078462 -0.479110 0.000000
vt -0.078462 -0.286171 0.000000
vt -0.078462 -0.015360 0.000000
vt -0.033377 0.192213 0.000000
vt -0.060605 0.000000 0.000000
vt 0.000000 0.000000 0.000000
vt -0.295683 -0.000000 0.000000
vt -0.235078 -0.000000 0.000000
vt -0.251939 0.501910 0.000000
vt -0.225298 0.000707 0.000000
vt -0.215686 0.002724 0.000000
vt -0.197385 0.009943 0.000000
vt -0.164792 0.032746 0.000000
vt -0.109301 0.097128 0.000000
vt -0.020550 0.256345 0.000000
vt -0.040398 0.501910 0.000000
vt -0.501910 -4.069342 0.000000
vt -0.256345 -4.089279 0.000000
vt -0.501910 -4.010534 0.000000
vt -0.114261 -4.008478 0.000000
vt -0.048869 -3.956749 0.000000
vt -0.501910 -3.951727 0.000000
vt -0.021325 -3.927093 0.000000
vt -0.501910 -3.892920 0.000000
vt -0.009402 -3.910336 0.000000
vt -0.000000 -3.892634 0.000000
vt -0.117265 0.507713 0.000000
vt -0.496364 0.192213 0.000000
vt -0.029108 0.167626 0.000000
vt -0.529742 0.000000 0.000000
vt 0.000000 0.000000 0.000000
vt -0.425287 0.507713 0.000000
vt 0.160416 0.064472 0.000000
vt -0.147606 0.064472 0.000000
vt 0.141362 0.025479 0.000000
vt -0.112433 0.014752 0.000000
vt 0.115696 -0.009605 0.000000
vt -0.066083 -0.024598 0.000000
vt 0.084246 -0.039652 0.000000
vt -0.011409 -0.051259 0.000000
vt 0.048051 -0.063739 0.000000
vt -0.043744 0.501910 0.000000
vt -0.485998 0.501910 0.000000
vt 0.000000 0.000000 0.000000
vt -0.529742 -0.000000 0.000000
vt -0.221127 -0.102649 0.000000
vt -0.162943 -0.106112 0.000000
vt -0.221127 0.108891 0.000000
vt -0.104693 -0.108193 0.000000
vt -0.046411 -0.108891 0.000000
vt 0.221127 -0.093408 0.000000
vt 0.221127 0.108891 0.000000
vt -0.376769 0.170283 0.000000
vt -0.301913 0.363093 0.000000
vt -0.258208 0.500948 0.000000
vt -0.264485 0.363093 0.000000
vt -0.227057 0.363093 0.000000
vt -0.227057 0.203215 0.000000
vt -0.188385 0.203215 0.000000
vt -0.188385 0.136038 0.000000
vt -0.154699 0.136038 0.000000
vt -0.154699 0.027208 0.000000
vt -0.121014 0.027208 0.000000
vt -0.118090 -0.113904 0.000000
vt -0.087329 0.027208 0.000000
vt -0.069085 -0.044104 0.000000
vt -0.053643 0.027208 0.000000
vt -0.037844 -0.016107 0.000000
vt -0.053643 0.136038 0.000000
vt -0.019758 -0.005959 0.000000
vt -0.000000 0.200362 0.000000
vt -0.000000 0.000000 0.000000
vt -0.376769 -0.000000 0.000000
vt -0.358712 -0.005438 0.000000
vt -0.339341 0.136038 0.000000
vt -0.339341 0.203215 0.000000
vt -0.301913 0.136038 0.000000
vt -0.301913 0.203215 0.000000
vt -0.264485 0.136038 0.000000
vt -0.264485 0.203215 0.000000
vt -0.227057 0.136038 0.000000
vt -0.342108 -0.014719 0.000000
vt -0.339341 0.027208 0.000000
vt -0.301913 0.027208 0.000000
vt -0.313451 -0.040199 0.000000
vt -0.267963 -0.104129 0.000000
vt -0.190891 -0.270683 0.000000
vt -0.227057 0.027208 0.000000
vt -0.264485 0.027208 0.000000
vt -0.188385 0.027208 0.000000
vt -0.000000 0.400725 0.000000
vt -0.053643 0.363093 0.000000
vt -0.053643 0.203215 0.000000
vt -0.087329 0.203215 0.000000
vt -0.087329 0.136038 0.000000
vt -0.121014 0.203215 0.000000
vt -0.121014 0.136038 0.000000
vt -0.154699 0.203215 0.000000
vt -0.020028 0.512556 0.000000
vt -0.079051 0.504525 0.000000
vt -0.087329 0.363093 0.000000
vt -0.121014 0.363093 0.000000
vt -0.138592 0.499721 0.000000
vt -0.154699 0.363093 0.000000
vt -0.198352 0.498496 0.000000
vt -0.188385 0.363093 0.000000
vt -0.251054 0.394381 0.000000
vt -0.289375 0.197230 0.000000
vt -0.250934 0.295786 0.000000
vt -0.250817 0.197190 0.000000
vt -0.250701 0.098595 0.000000
vt -0.324837 0.000001 0.000000
vt -0.250587 0.000000 0.000000
vt 0.273041 0.000000 0.000000
vt 0.353945 0.000000 0.000000
vt 0.403438 0.250955 0.000000
vt 0.375063 0.002749 0.000000
vt 0.394849 0.010091 0.000000
vt 0.429711 0.033588 0.000000
vt 0.484926 0.097370 0.000000
vt 0.564280 0.247932 0.000000
vt 0.545659 0.501910 0.000000
vt 0.273362 0.501910 0.000000
vt -0.246043 0.501910 0.000000
vt -0.266223 0.247932 0.000000
vt -0.043744 0.501910 0.000000
vt -0.177301 0.088481 0.000000
vt -0.125147 0.030419 0.000000
vt -0.093468 0.009167 0.000000
vt -0.075758 0.002492 0.000000
vt -0.057162 0.000000 0.000000
vt 0.000000 0.000000 0.000000
vt -0.228690 0.000000 0.000000
vt -0.256744 0.167626 0.000000
vt -0.285852 -0.000000 0.000000
vt -0.058080 -0.503480 0.000000
vt -0.001991 -0.507917 0.000000
vt -0.048289 -0.479110 0.000000
vt -0.000000 -0.394458 0.000000
vt -0.048289 -0.286171 0.000000
vt -0.000000 -0.295730 0.000000
vt -0.000000 -0.197096 0.000000
vt -0.048289 -0.015360 0.000000
vt -0.000000 -0.098527 0.000000
vt -0.017190 0.012216 0.000000
vt -0.000000 0.000000 0.000000
vt -0.033365 0.026679 0.000000
vt -0.061687 0.058413 0.000000
vt -0.078462 0.043205 0.000000
vt -0.109997 0.130103 0.000000
vt -0.108634 0.043009 0.000000
vt -0.138807 0.042813 0.000000
vt -0.108634 -0.015360 0.000000
vt -0.138807 -0.015360 0.000000
vt -0.108634 -0.286171 0.000000
vt -0.138807 -0.286171 0.000000
vt -0.108634 -0.479110 0.000000
vt -0.138807 -0.479110 0.000000
vt -0.113747 -0.500405 0.000000
vt -0.169043 -0.498784 0.000000
vt -0.168979 -0.479110 0.000000
vt -0.203823 -0.479110 0.000000
vt -0.203823 -0.286171 0.000000
vt -0.237357 -0.286171 0.000000
vt -0.237357 -0.015360 0.000000
vt -0.270891 -0.015360 0.000000
vt -0.270891 0.041955 0.000000
vt -0.277562 0.041911 0.000000
vt -0.236691 0.111840 0.000000
vt -0.237357 0.042173 0.000000
vt -0.203823 0.042390 0.000000
vt -0.203823 -0.015360 0.000000
vt -0.168979 -0.015360 0.000000
vt -0.168979 -0.286171 0.000000
vt -0.138807 0.143792 0.000000
vt -0.182848 0.278870 0.000000
vt -0.168979 0.143792 0.000000
vt -0.203823 0.143792 0.000000
vt -0.168979 0.042617 0.000000
vt -0.304425 -0.015360 0.000000
vt -0.304320 0.015349 0.000000
vt -0.320279 0.005774 0.000000
vt -0.337959 -0.190716 0.000000
vt -0.328941 0.002429 0.000000
vt -0.337959 0.000297 0.000000
vt -0.270891 -0.286171 0.000000
vt -0.224034 -0.498644 0.000000
vt -0.078462 -0.479110 0.000000
vt -0.078462 -0.286171 0.000000
vt -0.078462 -0.015360 0.000000
vt -0.033377 0.192213 0.000000
vt -0.060605 0.000000 0.000000
vt 0.000000 0.000000 0.000000
vt -0.295683 -0.000000 0.000000
vt -0.235078 -0.000000 0.000000
vt -0.251939 0.501910 0.000000
vt -0.225298 0.000707 0.000000
vt -0.215686 0.002724 0.000000
vt -0.197385 0.009943 0.000000
vt -0.164792 0.032746 0.000000
vt -0.109301 0.097128 0.000000
vt -0.020550 0.256345 0.000000
vt -0.040398 0.501910 0.000000
vt -0.501910 -4.069342 0.000000
vt -0.256345 -4.089279 0.000000
vt -0.501910 -4.010534 0.000000
vt -0.114261 -4.008478 0.000000
vt -0.048869 -3.956749 0.000000
vt -0.501910 -3.951727 0.000000
vt -0.021325 -3.927093 0.000000
vt -0.501910 -3.892920 0.000000
vt -0.009402 -3.910336 0.000000
vt -0.000000 -3.892634 0.000000
vt -0.117265 0.507713 0.000000
vt -0.496364 0.192213 0.000000
vt -0.029108 0.167626 0.000000
vt -0.529742 0.000000 0.000000
vt 0.000000 0.000000 0.000000
vt -0.425287 0.507713 0.000000
vt 0.160416 0.064472 0.000000
vt -0.147606 0.064472 0.000000
vt 0.141362 0.025479 0.000000
vt -0.112433 0.014752 0.000000
vt 0.115696 -0.009605 0.000000
vt -0.066083 -0.024598 0.000000
vt 0.084246 -0.039652 0.000000
vt -0.011409 -0.051259 0.000000
vt 0.048051 -0.063739 0.000000
vt -0.043744 0.501910 0.000000
vt -0.485998 0.501910 0.000000
vt 0.000000 0.000000 0.000000
vt -0.529742 -0.000000 0.000000
vt -0.221127 -0.102649 0.000000
vt -0.162943 -0.106112 0.000000
vt -0.221127 0.108891 0.000000
vt -0.104693 -0.108193 0.000000
vt -0.046411 -0.108891 0.000000
vt 0.221127 -0.093408 0.000000
vt 0.221127 0.108891 0.000000
vt -0.376769 0.170283 0.000000
vt -0.301913 0.363093 0.000000
vt -0.258208 0.500948 0.000000
vt -0.264485 0.363093 0.000000
vt -0.227057 0.363093 0.000000
vt -0.227057 0.203215 0.000000
vt -0.188385 0.203215 0.000000
vt -0.188385 0.136038 0.000000
vt -0.154699 0.136038 0.000000
vt -0.154699 0.027208 0.000000
vt -0.121014 0.027208 0.000000
vt -0.118090 -0.113904 0.000000
vt -0.087329 0.027208 0.000000
vt -0.069085 -0.044104 0.000000
vt -0.053643 0.027208 0.000000
vt -0.037844 -0.016107 0.000000
vt -0.053643 0.136038 0.000000
vt -0.019758 -0.005959 0.000000
vt -0.000000 0.200362 0.000000
vt -0.000000 0.000000 0.000000
vt -0.376769 -0.000000 0.000000
vt -0.358712 -0.005438 0.000000
vt -0.339341 0.136038 0.000000
vt -0.339341 0.203215 0.000000
vt -0.301913 0.136038 0.000000
vt -0.301913 0.203215 0.000000
vt -0.264485 0.136038 0.000000
vt -0.264485 0.203215 0.000000
vt -0.227057 0.136038 0.000000
vt -0.342108 -0.014719 0.000000
vt -0.339341 0.027208 0.000000
vt -0.301913 0.027208 0.000000
vt -0.313451 -0.040199 0.000000
vt -0.267963 -0.104129 0.000000
vt -0.190891 -0.270683 0.000000
vt -0.227057 0.027208 0.000000
vt -0.264485 0.027208 0.000000
vt -0.188385 0.027208 0.000000
vt -0.000000 0.400725 0.000000
vt -0.053643 0.363093 0.000000
vt -0.053643 0.203215 0.000000
vt -0.087329 0.203215 0.000000
vt -0.087329 0.136038 0.000000
vt -0.121014 0.203215 0.000000
vt -0.121014 0.136038 0.000000
vt -0.154699 0.203215 0.000000
vt -0.020028 0.512556 0.000000
vt -0.079051 0.504525 0.000000
vt -0.087329 0.363093 0.000000
vt -0.121014 0.363093 0.000000
vt -0.138592 0.499721 0.000000
vt -0.154699 0.363093 0.000000
vt -0.198352 0.498496 0.000000
vt -0.188385 0.363093 0.000000
vt -0.251054 0.394381 0.000000
vt -0.289375 0.197230 0.000000
vt -0.250934 0.295786 0.000000
vt -0.250817 0.197190 0.000000
vt -0.250701 0.098595 0.000000
vt -0.324837 0.000001 0.000000
vt -0.250587 0.000000 0.000000
vt 0.273041 0.000000 0.000000
vt 0.353945 0.000000 0.000000
vt 0.403438 0.250955 0.000000
vt 0.375063 0.002749 0.000000
vt 0.394849 0.010091 0.000000
vt 0.429711 0.033588 0.000000
vt 0.484926 0.097370 0.000000
vt 0.564280 0.247932 0.000000
vt 0.545659 0.501910 0.000000
vt 0.273362 0.501910 0.000000
vt -0.246043 0.501910 0.000000
vt -0.266223 0.247932 0.000000
vt -0.043744 0.501910 0.000000
vt -0.177301 0.088481 0.000000
vt -0.125147 0.030419 0.000000
vt -0.093468 0.009167 0.000000
vt -0.075758 0.002492 0.000000
vt -0.057162 0.000000 0.000000
vt 0.000000 0.000000 0.000000
vt -0.228690 0.000000 0.000000
vt -0.256744 0.167626 0.000000
vt -0.285852 0.000000 0.000000
vt -0.058080 -0.503480 0.000000
vt -0.001991 -0.507917 0.000000
vt -0.048289 -0.479110 0.000000
vt -0.000000 -0.394458 0.000000
vt -0.048289 -0.286171 0.000000
vt -0.000000 -0.295730 0.000000
vt -0.000000 -0.197096 0.000000
vt -0.048289 -0.015360 0.000000
vt -0.000000 -0.098527 0.000000
vt -0.017190 0.012216 0.000000
vt -0.000000 0.000000 0.000000
vt -0.033365 0.026679 0.000000
vt -0.061687 0.058413 0.000000
vt -0.078462 0.043205 0.000000
vt -0.109997 0.130103 0.000000
vt -0.108634 0.043009 0.000000
vt -0.138807 0.042813 0.000000
vt -0.108634 -0.015360 0.000000
vt -0.138807 -0.015360 0.000000
vt -0.108634 -0.286171 0.000000
vt -0.138807 -0.286171 0.000000
vt -0.108634 -0.479110 0.000000
vt -0.138807 -0.479110 0.000000
vt -0.113747 -0.500405 0.000000
vt -0.169043 -0.498784 0.000000
vt -0.168979 -0.479110 0.000000
vt -0.203823 -0.479110 0.000000
vt -0.203823 -0.286171 0.000000
vt -0.237357 -0.286171 0.000000
vt -0.237357 -0.015360 0.000000
vt -0.270891 -0.015360 0.000000
vt -0.270891 0.041955 0.000000
vt -0.277562 0.041911 0.000000
vt -0.236691 0.111840 0.000000
vt -0.237357 0.042173 0.000000
vt -0.203823 0.042390 0.000000
vt -0.203823 -0.015360 0.000000
vt -0.168979 -0.015360 0.000000
vt -0.168979 -0.286171 0.000000
vt -0.138807 0.143792 0.000000
vt -0.182848 0.278870 0.000000
vt -0.168979 0.143792 0.000000
vt -0.203823 0.143792 0.000000
vt -0.168979 0.042617 0.000000
vt -0.304425 -0.015360 0.000000
vt -0.304320 0.015349 0.000000
vt -0.320279 0.005774 0.000000
vt -0.337959 -0.190716 0.000000
vt -0.328941 0.002429 0.000000
vt -0.337959 0.000297 0.000000
vt -0.270891 -0.286171 0.000000
vt -0.224034 -0.498644 0.000000
vt -0.078462 -0.479110 0.000000
vt -0.078462 -0.286171 0.000000
vt -0.078462 -0.015360 0.000000
vt -0.033377 0.192213 0.000000
vt -0.060605 0.000000 0.000000
vt 0.000000 0.000000 0.000000
vt -0.295683 -0.000000 0.000000
vt -0.235078 -0.000000 0.000000
vt -0.251939 0.501910 0.000000
vt -0.225298 0.000707 0.000000
vt -0.215686 0.002724 0.000000
vt -0.197385 0.009943 0.000000
vt -0.164792 0.032746 0.000000
vt -0.109301 0.097128 0.000000
vt -0.020550 0.256345 0.000000
vt -0.040398 0.501910 0.000000
vt -0.501910 -4.069342 0.000000
vt -0.256345 -4.089279 0.000000
vt -0.501910 -4.010534 0.000000
vt -0.114261 -4.008478 0.000000
vt -0.048869 -3.956749 0.000000
vt -0.501910 -3.951727 0.000000
vt -0.021325 -3.927093 0.000000
vt -0.501910 -3.892920 0.000000
vt -0.009402 -3.910336 0.000000
vt -0.000000 -3.892634 0.000000
vt -0.117265 0.507713 0.000000
vt -0.496364 0.192213 0.000000
vt -0.029108 0.167626 0.000000
vt -0.529742 0.000000 0.000000
vt 0.000000 0.000000 0.000000
vt -0.425287 0.507713 0.000000
vt 0.160416 0.064472 0.000000
vt -0.147606 0.064472 0.000000
vt 0.141362 0.025479 0.000000
vt -0.112433 0.014752 0.000000
vt 0.115696 -0.009605 0.000000
vt -0.066083 -0.024598 0.000000
vt 0.084246 -0.039652 0.000000
vt -0.011409 -0.051259 0.000000
vt 0.048051 -0.063739 0.000000
vt -0.043744 0.501910 0.000000
vt -0.485998 0.501910 0.000000
vt 0.000000 0.000000 0.000000
vt -0.529742 -0.000000 0.000000
vt -0.221127 -0.102649 0.000000
vt -0.162943 -0.106112 0.000000
vt -0.221127 0.108891 0.000000
vt -0.104693 -0.108193 0.000000
vt -0.046411 -0.108891 0.000000
vt 0.221127 -0.093408 0.000000
vt 0.221127 0.108891 0.000000
vt -0.376769 0.170283 0.000000
vt -0.301913 0.363093 0.000000
vt -0.258208 0.500948 0.000000
vt -0.264485 0.363093 0.000000
vt -0.227057 0.363093 0.000000
vt -0.227057 0.203215 0.000000
vt -0.188385 0.203215 0.000000
vt -0.188385 0.136038 0.000000
vt -0.154699 0.136038 0.000000
vt -0.154699 0.027208 0.000000
vt -0.121014 0.027208 0.000000
vt -0.118090 -0.113904 0.000000
vt -0.087329 0.027208 0.000000
vt -0.069085 -0.044104 0.000000
vt -0.053643 0.027208 0.000000
vt -0.037844 -0.016107 0.000000
vt -0.053643 0.136038 0.000000
vt -0.019758 -0.005959 0.000000
vt -0.000000 0.200362 0.000000
vt -0.000000 0.000000 0.000000
vt -0.376769 -0.000000 0.000000
vt -0.358712 -0.005438 0.000000
vt -0.339341 0.136038 0.000000
vt -0.339341 0.203215 0.000000
vt -0.301913 0.136038 0.000000
vt -0.301913 0.203215 0.000000
vt -0.264485 0.136038 0.000000
vt -0.264485 0.203215 0.000000
vt -0.227057 0.136038 0.000000
vt -0.342108 -0.014719 0.000000
vt -0.339341 0.027208 0.000000
vt -0.301913 0.027208 0.000000
vt -0.313451 -0.040199 0.000000
vt -0.267963 -0.104129 0.000000
vt -0.190891 -0.270683 0.000000
vt -0.227057 0.027208 0.000000
vt -0.264485 0.027208 0.000000
vt -0.188385 0.027208 0.000000
vt -0.000000 0.400725 0.000000
vt -0.053643 0.363093 0.000000
vt -0.053643 0.203215 0.000000
vt -0.087329 0.203215 0.000000
vt -0.087329 0.136038 0.000000
vt -0.121014 0.203215 0.000000
vt -0.121014 0.136038 0.000000
vt -0.154699 0.203215 0.000000
vt -0.020028 0.512556 0.000000
vt -0.079051 0.504525 0.000000
vt -0.087329 0.363093 0.000000
vt -0.121014 0.363093 0.000000
vt -0.138592 0.499721 0.000000
vt -0.154699 0.363093 0.000000
vt -0.198352 0.498496 0.000000
vt -0.188385 0.363093 0.000000
vt -0.251054 0.394381 0.000000
vt -0.289375 0.197230 0.000000
vt -0.250934 0.295786 0.000000
vt -0.250817 0.197190 0.000000
vt -0.250701 0.098595 0.000000
vt -0.324837 0.000001 0.000000
vt -0.250587 0.000000 0.000000
vt 0.273041 0.000000 0.000000
vt 0.353945 0.000000 0.000000
vt 0.403438 0.250955 0.000000
vt 0.375063 0.002749 0.000000
vt 0.394849 0.010091 0.000000
vt 0.429711 0.033588 0.000000
vt 0.484926 0.097370 0.000000
vt 0.564280 0.247932 0.000000
vt 0.545659 0.501910 0.000000
vt 0.273362 0.501910 0.000000
vt -0.246043 0.501910 0.000000
vt -0.266223 0.247932 0.000000
vt -0.043744 0.501910 0.000000
vt -0.177301 0.088481 0.000000
vt -0.125147 0.030419 0.000000
vt -0.093468 0.009167 0.000000
vt -0.075758 0.002492 0.000000
vt -0.057162 0.000000 0.000000
vt 0.000000 0.000000 0.000000
vt -0.228690 0.000000 0.000000
vt -0.256744 0.167626 0.000000
vt -0.285852 0.000000 0.000000
vt -0.058080 -0.503480 0.000000
vt -0.001991 -0.507917 0.000000
vt -0.048289 -0.479110 0.000000
vt -0.000000 -0.394458 0.000000
vt -0.048289 -0.286171 0.000000
vt -0.000000 -0.295730 0.000000
vt -0.000000 -0.197096 0.000000
vt -0.048289 -0.015360 0.000000
vt -0.000000 -0.098527 0.000000
vt -0.017190 0.012216 0.000000
vt -0.000000 0.000000 0.000000
vt -0.033365 0.026679 0.000000
vt -0.061687 0.058413 0.000000
vt -0.078462 0.043205 0.000000
vt -0.109997 0.130103 0.000000
vt -0.108634 0.043009 0.000000
vt -0.138807 0.042813 0.000000
vt -0.108634 -0.015360 0.000000
vt -0.138807 -0.015360 0.000000
vt -0.108634 -0.286171 0.000000
vt -0.138807 -0.286171 0.000000
vt -0.108634 -0.479110 0.000000
vt -0.138807 -0.479110 0.000000
vt -0.113747 -0.500405 0.000000
vt -0.169043 -0.498784 0.000000
vt -0.168979 -0.479110 0.000000
vt -0.203823 -0.479110 0.000000
vt -0.203823 -0.286171 0.000000
vt -0.237357 -0.286171 0.000000
vt -0.237357 -0.015360 0.000000
vt -0.270891 -0.015360 0.000000
vt -0.270891 0.041955 0.000000
vt -0.277562 0.041911 0.000000
vt -0.236691 0.111840 0.000000
vt -0.237357 0.042173 0.000000
vt -0.203823 0.042390 0.000000
vt -0.203823 -0.015360 0.000000
vt -0.168979 -0.015360 0.000000
vt -0.168979 -0.286171 0.000000
vt -0.138807 0.143792 0.000000
vt -0.182848 0.278870 0.000000
vt -0.168979 0.143792 0.000000
vt -0.203823 0.143792 0.000000
vt -0.168979 0.042617 0.000000
vt -0.304425 -0.015360 0.000000
vt -0.304320 0.015349 0.000000
vt -0.320279 0.005774 0.000000
vt -0.337959 -0.190716 0.000000
vt -0.328941 0.002429 0.000000
vt -0.337959 0.000297 0.000000
vt -0.270891 -0.286171 0.000000
vt -0.224034 -0.498644 0.000000
vt -0.078462 -0.479110 0.000000
vt -0.078462 -0.286171 0.000000
vt -0.078462 -0.015360 0.000000
vt -0.033377 0.192213 0.000000
vt -0.060605 0.000000 0.000000
vt 0.000000 0.000000 0.000000
vt -0.295683 -0.000000 0.000000
vt -0.235078 -0.000000 0.000000
vt -0.251939 0.501910 0.000000
vt -0.225298 0.000707 0.000000
vt -0.215686 0.002724 0.000000
vt -0.197385 0.009943 0.000000
vt -0.164792 0.032746 0.000000
vt -0.109301 0.097128 0.000000
vt -0.020550 0.256345 0.000000
vt -0.040398 0.501910 0.000000
vt -0.501910 -4.069342 0.000000
vt -0.256345 -4.089279 0.000000
vt -0.501910 -4.010534 0.000000
vt -0.114261 -4.008478 0.000000
vt -0.048869 -3.956749 0.000000
vt -0.501910 -3.951727 0.000000
vt -0.021325 -3.927093 0.000000
vt -0.501910 -3.892920 0.000000
vt -0.009402 -3.910336 0.000000
vt -0.000000 -3.892634 0.000000
vt -0.117265 0.507713 0.000000
vt -0.496364 0.192213 0.000000
vt -0.029108 0.167626 0.000000
vt -0.529742 -0.000000 0.000000
vt 0.000000 0.000000 0.000000
vt -0.425287 0.507713 0.000000
vt 0.160416 0.064472 0.000000
vt -0.147606 0.064472 0.000000
vt 0.141362 0.025479 0.000000
vt -0.112433 0.014752 0.000000
vt 0.115696 -0.009605 0.000000
vt -0.066083 -0.024598 0.000000
vt 0.084246 -0.039652 0.000000
vt -0.011409 -0.051259 0.000000
vt 0.048051 -0.063739 0.000000
vt -0.043744 0.501910 0.000000
vt -0.485998 0.501910 0.000000
vt 0.000000 0.000000 0.000000
vt -0.529742 0.000000 0.000000
vt -0.221127 -0.102649 0.000000
vt -0.162943 -0.106112 0.000000
vt -0.221127 0.108891 0.000000
vt -0.104693 -0.108193 0.000000
vt -0.046411 -0.108891 0.000000
vt 0.221127 -0.093408 0.000000
vt 0.221127 0.108891 0.000000
vt -0.376769 0.170283 0.000000
vt -0.301913 0.363093 0.000000
vt -0.258208 0.500948 0.000000
vt -0.264485 0.363093 0.000000
vt -0.227057 0.363093 0.000000
vt -0.227057 0.203215 0.000000
vt -0.188385 0.203215 0.000000
vt -0.188385 0.136038 0.000000
vt -0.154699 0.136038 0.000000
vt -0.154699 0.027208 0.000000
vt -0.121014 0.027208 0.000000
vt -0.118090 -0.113904 0.000000
vt -0.087329 0.027208 0.000000
vt -0.069085 -0.044104 0.000000
vt -0.053643 0.027208 0.000000
vt -0.037844 -0.016107 0.000000
vt -0.053643 0.136038 0.000000
vt -0.019758 -0.005959 0.000000
vt -0.000000 0.200362 0.000000
vt -0.000000 0.000000 0.000000
vt -0.376769 -0.000000 0.000000
vt -0.358712 -0.005438 0.000000
vt -0.339341 0.136038 0.000000
vt -0.339341 0.203215 0.000000
vt -0.301913 0.136038 0.000000
vt -0.301913 0.203215 0.000000
vt -0.264485 0.136038 0.000000
vt -0.264485 0.203215 0.000000
vt -0.227057 0.136038 0.000000
vt -0.342108 -0.014719 0.000000
vt -0.339341 0.027208 0.000000
vt -0.301913 0.027208 0.000000
vt -0.313451 -0.040199 0.000000
vt -0.267963 -0.104129 0.000000
vt -0.190891 -0.270683 0.000000
vt -0.227057 0.027208 0.000000
vt -0.264485 0.027208 0.000000
vt -0.188385 0.027208 0.000000
vt -0.000000 0.400725 0.000000
vt -0.053643 0.363093 0.000000
vt -0.053643 0.203215 0.000000
vt -0.087329 0.203215 0.000000
vt -0.087329 0.136038 0.000000
vt -0.121014 0.203215 0.000000
vt -0.121014 0.136038 0.000000
vt -0.154699 0.203215 0.000000
vt -0.020028 0.512556 0.000000
vt -0.079051 0.504525 0.000000
vt -0.087329 0.363093 0.000000
vt -0.121014 0.363093 0.000000
vt -0.138592 0.499721 0.000000
vt -0.154699 0.363093 0.000000
vt -0.198352 0.498496 0.000000
vt -0.188385 0.363093 0.000000
vt -0.251054 0.394381 0.000000
vt -0.289375 0.197230 0.000000
vt -0.250934 0.295786 0.000000
vt -0.250817 0.197190 0.000000
vt -0.250701 0.098595 0.000000
vt -0.324837 0.000001 0.000000
vt -0.250587 0.000000 0.000000
vt 0.273041 0.000000 0.000000
vt 0.353945 0.000000 0.000000
vt 0.403438 0.250955 0.000000
vt 0.375063 0.002749 0.000000
vt 0.394849 0.010091 0.000000
vt 0.429711 0.033588 0.000000
vt 0.484926 0.097370 0.000000
vt 0.564280 0.247932 0.000000
vt 0.545659 0.501910 0.000000
vt 0.273362 0.501910 0.000000
vt -0.246043 0.501910 0.000000
vt -0.266223 0.247932 0.000000
vt -0.043744 0.501910 0.000000
vt -0.177301 0.088481 0.000000
vt -0.125147 0.030419 0.000000
vt -0.093468 0.009167 0.000000
vt -0.075758 0.002492 0.000000
vt -0.057162 0.000000 0.000000
vt 0.000000 0.000000 0.000000
vt -0.228690 0.000000 0.000000
vt -0.256744 0.167626 0.000000
vt -0.285852 0.000000 0.000000
vt -0.058080 -0.503480 0.000000
vt -0.001991 -0.507917 0.000000
vt -0.048289 -0.479110 0.000000
vt -0.000000 -0.394458 0.000000
vt -0.048289 -0.286171 0.000000
vt -0.000000 -0.295730 0.000000
vt -0.000000 -0.197096 0.000000
vt -0.048289 -0.015360 0.000000
vt -0.000000 -0.098527 0.000000
vt -0.017190 0.012216 0.000000
vt -0.000000 0.000000 0.000000
vt -0.033365 0.026679 0.000000
vt -0.061687 0.058413 0.000000
vt -0.078462 0.043205 0.000000
vt -0.109997 0.130103 0.000000
vt -0.108634 0.043009 0.000000
vt -0.138807 0.042813 0.000000
vt -0.108634 -0.015360 0.000000
vt -0.138807 -0.015360 0.000000
vt -0.108634 -0.286171 0.000000
vt -0.138807 -0.286171 0.000000
vt -0.108634 -0.479110 0.000000
vt -0.138807 -0.479110 0.000000
vt -0.113747 -0.500405 0.000000
vt -0.169043 -0.498784 0.000000
vt -0.168979 -0.479110 0.000000
vt -0.203823 -0.479110 0.000000
vt -0.203823 -0.286171 0.000000
vt -0.237357 -0.286171 0.000000
vt -0.237357 -0.015360 0.000000
vt -0.270891 -0.015360 0.000000
vt -0.270891 0.041955 0.000000
vt -0.277562 0.041911 0.000000
vt -0.236691 0.111840 0.000000
vt -0.237357 0.042173 0.000000
vt -0.203823 0.042390 0.000000
vt -0.203823 -0.015360 0.000000
vt -0.168979 -0.015360 0.000000
vt -0.168979 -0.286171 0.000000
vt -0.138807 0.143792 0.000000
vt -0.182848 0.278870 0.000000
vt -0.168979 0.143792 0.000000
vt -0.203823 0.143792 0.000000
vt -0.168979 0.042617 0.000000
vt -0.304425 -0.015360 0.000000
vt -0.304320 0.015349 0.000000
vt -0.320279 0.005774 0.000000
vt -0.337959 -0.190716 0.000000
vt -0.328941 0.002429 0.000000
vt -0.337959 0.000297 0.000000
vt -0.270891 -0.286171 0.000000
vt -0.224034 -0.498644 0.000000
vt -0.078462 -0.479110 0.000000
vt -0.078462 -0.286171 0.000000
vt -0.078462 -0.015360 0.000000
vt -0.033377 0.192213 0.000000
vt -0.060605 0.000000 0.000000
vt 0.000000 0.000000 0.000000
vt -0.295683 -0.000000 0.000000
vt -0.235078 -0.000000 0.000000
vt -0.251939 0.501910 0.000000
vt -0.225298 0.000707 0.000000
vt -0.215686 0.002724 0.000000
vt -0.197385 0.009943 0.000000
vt -0.164792 0.032746 0.000000
vt -0.109301 0.097128 0.000000
vt -0.020550 0.256345 0.000000
vt -0.040398 0.501910 0.000000
vt -0.501910 -4.069342 0.000000
vt -0.256345 -4.089279 0.000000
vt -0.501910 -4.010534 0.000000
vt -0.114261 -4.008478 0.000000
vt -0.048869 -3.956749 0.000000
vt -0.501910 -3.951727 0.000000
vt -0.021325 -3.927093 0.000000
vt -0.501910 -3.892920 0.000000
vt -0.009402 -3.910336 0.000000
vt -0.000000 -3.892634 0.000000
vt -0.117265 0.507713 0.000000
vt -0.496364 0.192213 0.000000
vt -0.029108 0.167626 0.000000
vt -0.529742 -0.000000 0.000000
vt 0.000000 0.000000 0.000000
vt -0.425287 0.507713 0.000000
vt 0.160416 0.064472 0.000000
vt -0.147606 0.064472 0.000000
vt 0.141362 0.025479 0.000000
vt -0.112433 0.014752 0.000000
vt 0.115696 -0.009605 0.000000
vt -0.066083 -0.024598 0.000000
vt 0.084246 -0.039652 0.000000
vt -0.011409 -0.051259 0.000000
vt 0.048051 -0.063739 0.000000
vt -0.043744 0.501910 0.000000
vt -0.485998 0.501910 0.000000
vt 0.000000 0.000000 0.000000
vt -0.529742 0.000000 0.000000
vt -0.221127 -0.102649 0.000000
vt -0.162943 -0.106112 0.000000
vt -0.221127 0.108891 0.000000
vt -0.104693 -0.108193 0.000000
vt -0.046411 -0.108891 0.000000
vt 0.221127 -0.093408 0.000000
vt 0.221127 0.108891 0.000000
vt -0.376769 0.170283 0.000000
vt -0.301913 0.363093 0.000000
vt -0.258208 0.500948 0.000000
vt -0.264485 0.363093 0.000000
vt -0.227057 0.363093 0.000000
vt -0.227057 0.203215 0.000000
vt -0.188385 0.203215 0.000000
vt -0.188385 0.136038 0.000000
vt -0.154699 0.136038 0.000000
vt -0.154699 0.027208 0.000000
vt -0.121014 0.027208 0.000000
vt -0.118090 -0.113904 0.000000
vt -0.087329 0.027208 0.000000
vt -0.069085 -0.044104 0.000000
vt -0.053643 0.027208 0.000000
vt -0.037844 -0.016107 0.000000
vt -0.053643 0.136038 0.000000
vt -0.019758 -0.005959 0.000000
vt -0.000000 0.200362 0.000000
vt -0.000000 0.000000 0.000000
vt -0.376769 -0.000000 0.000000
vt -0.358712 -0.005438 0.000000
vt -0.339341 0.136038 0.000000
vt -0.339341 0.203215 0.000000
vt -0.301913 0.136038 0.000000
vt -0.301913 0.203215 0.000000
vt -0.264485 0.136038 0.000000
vt -0.264485 0.203215 0.000000
vt -0.227057 0.136038 0.000000
vt -0.342108 -0.014719 0.000000
vt -0.339341 0.027208 0.000000
vt -0.301913 0.027208 0.000000
vt -0.313451 -0.040199 0.000000
vt -0.267963 -0.104129 0.000000
vt -0.190891 -0.270683 0.000000
vt -0.227057 0.027208 0.000000
vt -0.264485 0.027208 0.000000
vt -0.188385 0.027208 0.000000
vt -0.000000 0.400725 0.000000
vt -0.053643 0.363093 0.000000
vt -0.053643 0.203215 0.000000
vt -0.087329 0.203215 0.000000
vt -0.087329 0.136038 0.000000
vt -0.121014 0.203215 0.000000
vt -0.121014 0.136038 0.000000
vt -0.154699 0.203215 0.000000
vt -0.020028 0.512556 0.000000
vt -0.079051 0.504525 0.000000
vt -0.087329 0.363093 0.000000
vt -0.121014 0.363093 0.000000
vt -0.138592 0.499721 0.000000
vt -0.154699 0.363093 0.000000
vt -0.198352 0.498496 0.000000
vt -0.188385 0.363093 0.000000
vt -0.251054 0.394381 0.000000
vt -0.289375 0.197230 0.000000
vt -0.250934 0.295786 0.000000
vt -0.250817 0.197190 0.000000
vt -0.250701 0.098595 0.000000
vt -0.324837 0.000001 0.000000
vt -0.250587 0.000000 0.000000
vt 0.273041 0.000000 0.000000
vt 0.353945 0.000000 0.000000
vt 0.403438 0.250955 0.000000
vt 0.375063 0.002749 0.000000
vt 0.394849 0.010091 0.000000
vt 0.429711 0.033588 0.000000
vt 0.484926 0.097370 0.000000
vt 0.564280 0.247932 0.000000
vt 0.545659 0.501910 0.000000
vt 0.273362 0.501910 0.000000
vt -0.246043 0.501910 0.000000
vt -0.266223 0.247932 0.000000
vt -0.043744 0.501910 0.000000
vt -0.177301 0.088481 0.000000
vt -0.125147 0.030419 0.000000
vt -0.093468 0.009167 0.000000
vt -0.075758 0.002492 0.000000
vt -0.057162 0.000000 0.000000
vt 0.000000 0.000000 0.000000
vt -0.228690 0.000000 0.000000
vt -0.256744 0.167626 0.000000
vt -0.285852 -0.000000 0.000000
vt -0.058080 -0.503480 0.000000
vt -0.001991 -0.507917 0.000000
vt -0.048289 -0.479110 0.000000
vt -0.000000 -0.394458 0.000000
vt -0.048289 -0.286171 0.000000
vt -0.000000 -0.295730 0.000000
vt -0.000000 -0.197096 0.000000
vt -0.048289 -0.015360 0.000000
vt -0.000000 -0.098527 0.000000
vt -0.017190 0.012216 0.000000
vt -0.000000 0.000000 0.000000
vt -0.033365 0.026679 0.000000
vt -0.061687 0.058413 0.000000
vt -0.078462 0.043205 0.000000
vt -0.109997 0.130103 0.000000
vt -0.108634 0.043009 0.000000
vt -0.138807 0.042813 0.000000
vt -0.108634 -0.015360 0.000000
vt -0.138807 -0.015360 0.000000
vt -0.108634 -0.286171 0.000000
vt -0.138807 -0.286171 0.000000
vt -0.108634 -0.479110 0.000000
vt -0.138807 -0.479110 0.000000
vt -0.113747 -0.500405 0.000000
vt -0.169043 -0.498784 0.000000
vt -0.168979 -0.479110 0.000000
vt -0.203823 -0.479110 0.000000
vt -0.203823 -0.286171 0.000000
vt -0.237357 -0.286171 0.000000
vt -0.237357 -0.015360 0.000000
vt -0.270891 -0.015360 0.000000
vt -0.270891 0.041955 0.000000
vt -0.277562 0.041911 0.000000
vt -0.236691 0.111840 0.000000
vt -0.237357 0.042173 0.000000
vt -0.203823 0.042390 0.000000
vt -0.203823 -0.015360 0.000000
vt -0.168979 -0.015360 0.000000
vt -0.168979 -0.286171 0.000000
vt -0.138807 0.143792 0.000000
vt -0.182848 0.278870 0.000000
vt -0.168979 0.143792 0.000000
vt -0.203823 0.143792 0.000000
vt -0.168979 0.042617 0.000000
vt -0.304425 -0.015360 0.000000
vt -0.304320 0.015349 0.000000
vt -0.320279 0.005774 0.000000
vt -0.337959 -0.190716 0.000000
vt -0.328941 0.002429 0.000000
vt -0.337959 0.000297 0.000000
vt -0.270891 -0.286171 0.000000
vt -0.224034 -0.498644 0.000000
vt -0.078462 -0.479110 0.000000
vt -0.078462 -0.286171 0.000000
vt -0.078462 -0.015360 0.000000
vt -0.033377 0.192213 0.000000
vt -0.060605 0.000000 0.000000
vt 0.000000 0.000000 0.000000
vt -0.295683 0.000000 0.000000
vt -0.235078 -0.000000 0.000000
vt -0.251939 0.501910 0.000000
vt -0.225298 0.000707 0.000000
vt -0.215686 0.002724 0.000000
vt -0.197385 0.009943 0.000000
vt -0.164792 0.032746 0.000000
vt -0.109301 0.097128 0.000000
vt -0.020550 0.256345 0.000000
vt -0.040398 0.501910 0.000000
vt -0.501910 -4.069342 0.000000
vt -0.256345 -4.089279 0.000000
vt -0.501910 -4.010534 0.000000
vt -0.114261 -4.008478 0.000000
vt -0.048869 -3.956749 0.000000
vt -0.501910 -3.951727 0.000000
vt -0.021325 -3.927093 0.000000
vt -0.501910 -3.892920 0.000000
vt -0.009402 -3.910336 0.000000
vt -0.000000 -3.892634 0.000000
vt -0.117265 0.507713 0.000000
vt -0.496364 0.192213 0.000000
vt -0.029108 0.167626 0.000000
vt -0.529742 0.000000 0.000000
vt 0.000000 0.000000 0.000000
vt -0.425287 0.507713 0.000000
vt 0.160416 0.064472 0.000000
vt -0.147606 0.064472 0.000000
vt 0.141362 0.025479 0.000000
vt -0.112433 0.014752 0.000000
vt 0.115696 -0.009605 0.000000
vt -0.066083 -0.024598 0.000000
vt 0.084246 -0.039652 0.000000
vt -0.011409 -0.051259 0.000000
vt 0.048051 -0.063739 0.000000
vt -0.043744 0.501910 0.000000
vt -0.485998 0.501910 0.000000
vt 0.000000 0.000000 0.000000
vt -0.529742 -0.000000 0.000000
vt -0.221127 -0.102649 0.000000
vt -0.162943 -0.106112 0.000000
vt -0.221127 0.108891 0.000000
vt -0.104693 -0.108193 0.000000
vt -0.046411 -0.108891 0.000000
vt 0.221127 -0.093408 0.000000
vt 0.221127 0.108891 0.000000
vt -0.376769 0.170283 0.000000
vt -0.301913 0.363093 0.000000
vt -0.258208 0.500948 0.000000
vt -0.264485 0.363093 0.000000
vt -0.227057 0.363093 0.000000
vt -0.227057 0.203215 0.000000
vt -0.188385 0.203215 0.000000
vt -0.188385 0.136038 0.000000
vt -0.154699 0.136038 0.000000
vt -0.154699 0.027208 0.000000
vt -0.121014 0.027208 0.000000
vt -0.118090 -0.113904 0.000000
vt -0.087329 0.027208 0.000000
vt -0.069085 -0.044104 0.000000
vt -0.053643 0.027208 0.000000
vt -0.037844 -0.016107 0.000000
vt -0.053643 0.136038 0.000000
vt -0.019758 -0.005959 0.000000
vt -0.000000 0.200362 0.000000
vt -0.000000 0.000000 0.000000
vt -0.376769 -0.000000 0.000000
vt -0.358712 -0.005438 0.000000
vt -0.339341 0.136038 0.000000
vt -0.339341 0.203215 0.000000
vt -0.301913 0.136038 0.000000
vt -0.301913 0.203215 0.000000
vt -0.264485 0.136038 0.000000
vt -0.264485 0.203215 0.000000
vt -0.227057 0.136038 0.000000
vt -0.342108 -0.014719 0.000000
vt -0.339341 0.027208 0.000000
vt -0.301913 0.027208 0.000000
vt -0.313451 -0.040199 0.000000
vt -0.267963 -0.104129 0.000000
vt -0.190891 -0.270683 0.000000
vt -0.227057 0.027208 0.000000
vt -0.264485 0.027208 0.000000
vt -0.188385 0.027208 0.000000
vt -0.000000 0.400725 0.000000
vt -0.053643 0.363093 0.000000
vt -0.053643 0.203215 0.000000
vt -0.087329 0.203215 0.000000
vt -0.087329 0.136038 0.000000
vt -0.121014 0.203215 0.000000
vt -0.121014 0.136038 0.000000
vt -0.154699 0.203215 0.000000
vt -0.020028 0.512556 0.000000
vt -0.079051 0.504525 0.000000
vt -0.087329 0.363093 0.000000
vt -0.121014 0.363093 0.000000
vt -0.138592 0.499721 0.000000
vt -0.154699 0.363093 0.000000
vt -0.198352 0.498496 0.000000
vt -0.188385 0.363093 0.000000
vt -0.251054 0.394381 0.000000
vt -0.289375 0.197230 0.000000
vt -0.250934 0.295786 0.000000
vt -0.250817 0.197190 0.000000
vt -0.250701 0.098595 0.000000
vt -0.324837 0.000001 0.000000
vt -0.250587 0.000000 0.000000
vt 0.273041 0.000000 0.000000
vt 0.353945 0.000000 0.000000
vt 0.403438 0.250955 0.000000
vt 0.375063 0.002749 0.000000
vt 0.394849 0.010091 0.000000
vt 0.429711 0.033588 0.000000
vt 0.484926 0.097370 0.000000
vt 0.564280 0.247932 0.000000
vt 0.545659 0.501910 0.000000
vt 0.273362 0.501910 0.000000
vt -0.246043 0.501910 0.000000
vt -0.266223 0.247932 0.000000
vt -0.043744 0.501910 0.000000
vt -0.177301 0.088481 0.000000
vt -0.125147 0.030419 0.000000
vt -0.093468 0.009167 0.000000
vt -0.075758 0.002492 0.000000
vt -0.057162 0.000000 0.000000
vt 0.000000 0.000000 0.000000
vt -0.228690 0.000000 0.000000
vt -0.256744 0.167626 0.000000
vt -0.285852 0.000000 0.000000
vt -0.058080 -0.503480 0.000000
vt -0.001991 -0.507917 0.000000
vt -0.048289 -0.479110 0.000000
vt -0.000000 -0.394458 0.000000
vt -0.048289 -0.286171 0.000000
vt -0.000000 -0.295730 0.000000
vt -0.000000 -0.197096 0.000000
vt -0.048289 -0.015360 0.000000
vt -0.000000 -0.098527 0.000000
vt -0.017190 0.012216 0.000000
vt -0.000000 0.000000 0.000000
vt -0.033365 0.026679 0.000000
vt -0.061687 0.058413 0.000000
vt -0.078462 0.043205 0.000000
vt -0.109997 0.130103 0.000000
vt -0.108634 0.043009 0.000000
vt -0.138807 0.042813 0.000000
vt -0.108634 -0.015360 0.000000
vt -0.138807 -0.015360 0.000000
vt -0.108634 -0.286171 0.000000
vt -0.138807 -0.286171 0.000000
vt -0.108634 -0.479110 0.000000
vt -0.138807 -0.479110 0.000000
vt -0.113747 -0.500405 0.000000
vt -0.169043 -0.498784 0.000000
vt -0.168979 -0.479110 0.000000
vt -0.203823 -0.479110 0.000000
vt -0.203823 -0.286171 0.000000
vt -0.237357 -0.286171 0.000000
vt -0.237357 -0.015360 0.000000
vt -0.270891 -0.015360 0.000000
vt -0.270891 0.041955 0.000000
vt -0.277562 0.041911 0.000000
vt -0.236691 0.111840 0.000000
vt -0.237357 0.042173 0.000000
vt -0.203823 0.042390 0.000000
vt -0.203823 -0.015360 0.000000
vt -0.168979 -0.015360 0.000000
vt -0.168979 -0.286171 0.000000
vt -0.138807 0.143792 0.000000
vt -0.182848 0.278870 0.000000
vt -0.168979 0.143792 0.000000
vt -0.203823 0.143792 0.000000
vt -0.168979 0.042617 0.000000
vt -0.304425 -0.015360 0.000000
vt -0.304320 0.015349 0.000000
vt -0.320279 0.005774 0.000000
vt -0.337959 -0.190716 0.000000
vt -0.328941 0.002429 0.000000
vt -0.337959 0.000297 0.000000
vt -0.270891 -0.286171 0.000000
vt -0.224034 -0.498644 0.000000
vt -0.078462 -0.479110 0.000000
vt -0.078462 -0.286171 0.000000
vt -0.078462 -0.015360 0.000000
vt -0.033377 0.192213 0.000000
vt -0.060605 0.000000 0.000000
vt 0.000000 0.000000 0.000000
vt -0.295683 -0.000000 0.000000
vt -0.235078 -0.000000 0.000000
vt -0.251939 0.501910 0.000000
vt -0.225298 0.000707 0.000000
vt -0.215686 0.002724 0.000000
vt -0.197385 0.009943 0.000000
vt -0.164792 0.032746 0.000000
vt -0.109301 0.097128 0.000000
vt -0.020550 0.256345 0.000000
vt -0.040398 0.501910 0.000000
vt -0.501910 -4.069342 0.000000
vt -0.256345 -4.089279 0.000000
vt -0.501910 -4.010534 0.000000
vt -0.114261 -4.008478 0.000000
vt -0.048869 -3.956749 0.000000
vt -0.501910 -3.951727 0.000000
vt -0.021325 -3.927093 0.000000
vt -0.501910 -3.892920 0.000000
vt -0.009402 -3.910336 0.000000
vt -0.000000 -3.892634 0.000000
vt -0.117265 0.507713 0.000000
vt -0.496364 0.192213 0.000000
vt -0.029108 0.167626 0.000000
vt -0.529742 -0.000000 0.000000
vt 0.000000 -0.000000 0.000000
vt -0.425287 0.507713 0.000000
vt 0.160416 0.064472 0.000000
vt -0.147606 0.064472 0.000000
vt 0.141362 0.025479 0.000000
vt -0.112433 0.014752 0.000000
vt 0.115696 -0.009605 0.000000
vt -0.066083 -0.024598 0.000000
vt 0.084246 -0.039652 0.000000
vt -0.011409 -0.051259 0.000000
vt 0.048051 -0.063739 0.000000
vt -0.043744 0.501910 0.000000
vt -0.485998 0.501910 0.000000
vt 0.000000 0.000000 0.000000
vt -0.529742 0.000000 0.000000
vt -0.221127 -0.102649 0.000000
vt -0.162943 -0.106112 0.000000
vt -0.221127 0.108891 0.000000
vt -0.104693 -0.108193 0.000000
vt -0.046411 -0.108891 0.000000
vt 0.221127 -0.093408 0.000000
vt 0.221127 0.108891 0.000000
vt -0.376769 0.170283 0.000000
vt -0.301913 0.363093 0.000000
vt -0.258208 0.500948 0.000000
vt -0.264485 0.363093 0.000000
vt -0.227057 0.363093 0.000000
vt -0.227057 0.203215 0.000000
vt -0.188385 0.203215 0.000000
vt -0.188385 0.136038 0.000000
vt -0.154699 0.136038 0.000000
vt -0.154699 0.027208 0.000000
vt -0.121014 0.027208 0.000000
vt -0.118090 -0.113904 0.000000
vt -0.087329 0.027208 0.000000
vt -0.069085 -0.044104 0.000000
vt -0.053643 0.027208 0.000000
vt -0.037844 -0.016107 0.000000
vt -0.053643 0.136038 0.000000
vt -0.019758 -0.005959 0.000000
vt -0.000000 0.200362 0.000000
vt -0.000000 0.000000 0.000000
vt -0.376769 -0.000000 0.000000
vt -0.358712 -0.005438 0.000000
vt -0.339341 0.136038 0.000000
vt -0.339341 0.203215 0.000000
vt -0.301913 0.136038 0.000000
vt -0.301913 0.203215 0.000000
vt -0.264485 0.136038 0.000000
vt -0.264485 0.203215 0.000000
vt -0.227057 0.136038 0.000000
vt -0.342108 -0.014719 0.000000
vt -0.339341 0.027208 0.000000
vt -0.301913 0.027208 0.000000
vt -0.313451 -0.040199 0.000000
vt -0.267963 -0.104129 0.000000
vt -0.190891 -0.270683 0.000000
vt -0.227057 0.027208 0.000000
vt -0.264485 0.027208 0.000000
vt -0.188385 0.027208 0.000000
vt -0.000000 0.400725 0.000000
vt -0.053643 0.363093 0.000000
vt -0.053643 0.203215 0.000000
vt -0.087329 0.203215 0.000000
vt -0.087329 0.136038 0.000000
vt -0.121014 0.203215 0.000000
vt -0.121014 0.136038 0.000000
vt -0.154699 0.203215 0.000000
vt -0.020028 0.512556 0.000000
vt -0.079051 0.504525 0.000000
vt -0.087329 0.363093 0.000000
vt -0.121014 0.363093 0.000000
vt -0.138592 0.499721 0.000000
vt -0.154699 0.363093 0.000000
vt -0.198352 0.498496 0.000000
vt -0.188385 0.363093 0.000000
vt -0.251054 0.394381 0.000000
vt -0.289375 0.197230 0.000000
vt -0.250934 0.295786 0.000000
vt -0.250817 0.197190 0.000000
vt -0.250701 0.098595 0.000000
vt -0.324837 0.000001 0.000000
vt -0.250587 0.000000 0.000000
vt 0.273041 0.000000 0.000000
vt 0.353945 0.000000 0.000000
vt 0.403438 0.250955 0.000000
vt 0.375063 0.002749 0.000000
vt 0.394849 0.010091 0.000000
vt 0.429711 0.033588 0.000000
vt 0.484926 0.097370 0.000000
vt 0.564280 0.247932 0.000000
vt 0.545659 0.501910 0.000000
vt 0.273362 0.501910 0.000000
vt -0.246043 0.501910 0.000000
vt -0.266223 0.247932 0.000000
vt -0.043744 0.501910 0.000000
vt -0.177301 0.088481 0.000000
vt -0.125147 0.030419 0.000000
vt -0.093468 0.009167 0.000000
vt -0.075758 0.002492 0.000000
vt -0.057162 0.000000 0.000000
vt 0.000000 0.000000 0.000000
vt -0.228690 0.000000 0.000000
vt -0.256744 0.167626 0.000000
vt -0.285852 0.000000 0.000000
vt -0.058080 -0.503480 0.000000
vt -0.001991 -0.507917 0.000000
vt -0.048289 -0.479110 0.000000
vt -0.000000 -0.394458 0.000000
vt -0.048289 -0.286171 0.000000
vt -0.000000 -0.295730 0.000000
vt -0.000000 -0.197096 0.000000
vt -0.048289 -0.015360 0.000000
vt -0.000000 -0.098527 0.000000
vt -0.017190 0.012216 0.000000
vt -0.000000 0.000000 0.000000
vt -0.033365 0.026679 0.000000
vt -0.061687 0.058413 0.000000
vt -0.078462 0.043205 0.000000
vt -0.109997 0.130103 0.000000
vt -0.108634 0.043009 0.000000
vt -0.138807 0.042813 0.000000
vt -0.108634 -0.015360 0.000000
vt -0.138807 -0.015360 0.000000
vt -0.108634 -0.286171 0.000000
vt -0.138807 -0.286171 0.000000
vt -0.108634 -0.479110 0.000000
vt -0.138807 -0.479110 0.000000
vt -0.113747 -0.500405 0.000000
vt -0.169043 -0.498784 0.000000
vt -0.168979 -0.479110 0.000000
vt -0.203823 -0.479110 0.000000
vt -0.203823 -0.286171 0.000000
vt -0.237357 -0.286171 0.000000
vt -0.237357 -0.015360 0.000000
vt -0.270891 -0.015360 0.000000
vt -0.270891 0.041955 0.000000
vt -0.277562 0.041911 0.000000
vt -0.236691 0.111840 0.000000
vt -0.237357 0.042173 0.000000
vt -0.203823 0.042390 0.000000
vt -0.203823 -0.015360 0.000000
vt -0.168979 -0.015360 0.000000
vt -0.168979 -0.286171 0.000000
vt -0.138807 0.143792 0.000000
vt -0.182848 0.278870 0.000000
vt -0.168979 0.143792 0.000000
vt -0.203823 0.143792 0.000000
vt -0.168979 0.042617 0.000000
vt -0.304425 -0.015360 0.000000
vt -0.304320 0.015349 0.000000
vt -0.320279 0.005774 0.000000
vt -0.337959 -0.190716 0.000000
vt -0.328941 0.002429 0.000000
vt -0.337959 0.000297 0.000000
vt -0.270891 -0.286171 0.000000
vt -0.224034 -0.498644 0.000000
vt -0.078462 -0.479110 0.000000
vt -0.078462 -0.286171 0.000000
vt -0.078462 -0.015360 0.000000
vt -0.033377 0.192213 0.000000
vt -0.060605 0.000000 0.000000
vt 0.000000 -0.000000 0.000000
vt -0.295683 0.000000 0.000000
vt -0.235078 -0.000000 0.000000
vt -0.251939 0.501910 0.000000
vt -0.225298 0.000707 0.000000
vt -0.215686 0.002724 0.000000
vt -0.197385 0.009943 0.000000
vt -0.164792 0.032746 0.000000
vt -0.109301 0.097128 0.000000
vt -0.020550 0.256345 0.000000
vt -0.040398 0.501910 0.000000
vt -0.501910 -4.069342 0.000000
vt -0.256345 -4.089279 0.000000
vt -0.501910 -4.010534 0.000000
vt -0.114261 -4.008478 0.000000
vt -0.048869 -3.956749 0.000000
vt -0.501910 -3.951727 0.000000
vt -0.021325 -3.927093 0.000000
vt -0.501910 -3.892920 0.000000
vt -0.009402 -3.910336 0.000000
vt -0.000000 -3.892634 0.000000
vt -0.117265 0.507713 0.000000
vt -0.496364 0.192213 0.000000
vt -0.029108 0.167626 0.000000
vt -0.529742 0.000000 0.000000
vt -0.000000 0.000000 0.000000
vt -0.425287 0.507713 0.000000
vt 0.160416 0.064472 0.000000
vt -0.147606 0.064472 0.000000
vt 0.141362 0.025479 0.000000
vt -0.112433 0.014752 0.000000
vt 0.115696 -0.009605 0.000000
vt -0.066083 -0.024598 0.000000
vt 0.084246 -0.039652 0.000000
vt -0.011409 -0.051259 0.000000
vt 0.048051 -0.063739 0.000000
vt -0.043744 0.501910 0.000000
vt -0.485998 0.501910 0.000000
vt 0.000000 0.000000 0.000000
vt -0.529742 0.000000 0.000000
vt -0.221127 -0.102649 0.000000
vt -0.162943 -0.106112 0.000000
vt -0.221127 0.108891 0.000000
vt -0.104693 -0.108193 0.000000
vt -0.046411 -0.108891 0.000000
vt 0.221127 -0.093408 0.000000
vt 0.221127 0.108891 0.000000
vt -0.376769 0.170283 0.000000
vt -0.301913 0.363093 0.000000
vt -0.258208 0.500948 0.000000
vt -0.264485 0.363093 0.000000
vt -0.227057 0.363093 0.000000
vt -0.227057 0.203215 0.000000
vt -0.188385 0.203215 0.000000
vt -0.188385 0.136038 0.000000
vt -0.154699 0.136038 0.000000
vt -0.154699 0.027208 0.000000
vt -0.121014 0.027208 0.000000
vt -0.118090 -0.113904 0.000000
vt -0.087329 0.027208 0.000000
vt -0.069085 -0.044104 0.000000
vt -0.053643 0.027208 0.000000
vt -0.037844 -0.016107 0.000000
vt -0.053643 0.136038 0.000000
vt -0.019758 -0.005959 0.000000
vt -0.000000 0.200362 0.000000
vt -0.000000 0.000000 0.000000
vt -0.376769 -0.000000 0.000000
vt -0.358712 -0.005438 0.000000
vt -0.339341 0.136038 0.000000
vt -0.339341 0.203215 0.000000
vt -0.301913 0.136038 0.000000
vt -0.301913 0.203215 0.000000
vt -0.264485 0.136038 0.000000
vt -0.264485 0.203215 0.000000
vt -0.227057 0.136038 0.000000
vt -0.342108 -0.014719 0.000000
vt -0.339341 0.027208 0.000000
vt -0.301913 0.027208 0.000000
vt -0.313451 -0.040199 0.000000
vt -0.267963 -0.104129 0.000000
vt -0.190891 -0.270683 0.000000
vt -0.227057 0.027208 0.000000
vt -0.264485 0.027208 0.000000
vt -0.188385 0.027208 0.000000
vt -0.000000 0.400725 0.000000
vt -0.053643 0.363093 0.000000
vt -0.053643 0.203215 0.000000
vt -0.087329 0.203215 0.000000
vt -0.087329 0.136038 0.000000
vt -0.121014 0.203215 0.000000
vt -0.121014 0.136038 0.000000
vt -0.154699 0.203215 0.000000
vt -0.020028 0.512556 0.000000
vt -0.079051 0.504525 0.000000
vt -0.087329 0.363093 0.000000
vt -0.121014 0.363093 0.000000
vt -0.138592 0.499721 0.000000
vt -0.154699 0.363093 0.000000
vt -0.198352 0.498496 0.000000
vt -0.188385 0.363093 0.000000
vt -0.251054 0.394381 0.000000
vt -0.289375 0.197230 0.000000
vt -0.250934 0.295786 0.000000
vt -0.250817 0.197190 0.000000
vt -0.250701 0.098595 0.000000
vt -0.324837 0.000001 0.000000
vt -0.250587 0.000000 0.000000
vt 0.273041 0.000000 0.000000
vt 0.353945 0.000000 0.000000
vt 0.403438 0.250955 0.000000
vt 0.375063 0.002749 0.000000
vt 0.394849 0.010091 0.000000
vt 0.429711 0.033588 0.000000
vt 0.484926 0.097370 0.000000
vt 0.564280 0.247932 0.000000
vt 0.545659 0.501910 0.000000
vt 0.273362 0.501910 0.000000
vt -0.246043 0.501910 0.000000
vt -0.266223 0.247932 0.000000
vt -0.043744 0.501910 0.000000
vt -0.177301 0.088481 0.000000
vt -0.125147 0.030419 0.000000
vt -0.093468 0.009167 0.000000
vt -0.075758 0.002492 0.000000
vt -0.057162 0.000000 0.000000
vt 0.000000 0.000000 0.000000
vt -0.228690 -0.000000 0.000000
vt -0.256744 0.167626 0.000000
vt -0.285852 -0.000000 0.000000
vt -0.058080 -0.503480 0.000000
vt -0.001991 -0.507917 0.000000
vt -0.048289 -0.479110 0.000000
vt -0.000000 -0.394458 0.000000
vt -0.048289 -0.286171 0.000000
vt -0.000000 -0.295730 0.000000
vt -0.000000 -0.197096 0.000000
vt -0.048289 -0.015360 0.000000
vt -0.000000 -0.098527 0.000000
vt -0.017190 0.012216 0.000000
vt -0.000000 0.000000 0.000000
vt -0.033365 0.026679 0.000000
vt -0.061687 0.058413 0.000000
vt -0.078462 0.043205 0.000000
vt -0.109997 0.130103 0.000000
vt -0.108634 0.043009 0.000000
vt -0.138807 0.042813 0.000000
vt -0.108634 -0.015360 0.000000
vt -0.138807 -0.015360 0.000000
vt -0.108634 -0.286171 0.000000
vt -0.138807 -0.286171 0.000000
vt -0.108634 -0.479110 0.000000
vt -0.138807 -0.479110 0.000000
vt -0.113747 -0.500405 0.000000
vt -0.169043 -0.498784 0.000000
vt -0.168979 -0.479110 0.000000
vt -0.203823 -0.479110 0.000000
vt -0.203823 -0.286171 0.000000
vt -0.237357 -0.286171 0.000000
vt -0.237357 -0.015360 0.000000
vt -0.270891 -0.015360 0.000000
vt -0.270891 0.041955 0.000000
vt -0.277562 0.041911 0.000000
vt -0.236691 0.111840 0.000000
vt -0.237357 0.042173 0.000000
vt -0.203823 0.042390 0.000000
vt -0.203823 -0.015360 0.000000
vt -0.168979 -0.015360 0.000000
vt -0.168979 -0.286171 0.000000
vt -0.138807 0.143792 0.000000
vt -0.182848 0.278870 0.000000
vt -0.168979 0.143792 0.000000
vt -0.203823 0.143792 0.000000
vt -0.168979 0.042617 0.000000
vt -0.304425 -0.015360 0.000000
vt -0.304320 0.015349 0.000000
vt -0.320279 0.005774 0.000000
vt -0.337959 -0.190716 0.000000
vt -0.328941 0.002429 0.000000
vt -0.337959 0.000297 0.000000
vt -0.270891 -0.286171 0.000000
vt -0.224034 -0.498644 0.000000
vt -0.078462 -0.479110 0.000000
vt -0.078462 -0.286171 0.000000
vt -0.078462 -0.015360 0.000000
vt -0.033377 0.192213 0.000000
vt -0.060605 0.000000 0.000000
vt 0.000000 -0.000000 0.000000
vt -0.295683 -0.000000 0.000000
vt -0.235078 -0.000000 0.000000
vt -0.251939 0.501910 0.000000
vt -0.225298 0.000707 0.000000
vt -0.215686 0.002724 0.000000
vt -0.197385 0.009943 0.000000
vt -0.164792 0.032746 0.000000
vt -0.109301 0.097128 0.000000
vt -0.020550 0.256345 0.000000
vt -0.040398 0.501910 0.000000
vt -0.501910 -4.069342 0.000000
vt -0.256345 -4.089279 0.000000
vt -0.501910 -4.010534 0.000000
vt -0.114261 -4.008478 0.000000
vt -0.048869 -3.956749 0.000000
vt -0.501910 -3.951727 0.000000
vt -0.021325 -3.927093 0.000000
vt -0.501910 -3.892920 0.000000
vt -0.009402 -3.910336 0.000000
vt -0.000000 -3.892634 0.000000
vt -0.117265 0.507713 0.000000
vt -0.496364 0.192213 0.000000
vt -0.029108 0.167626 0.000000
vt -0.529742 0.000000 0.000000
vt -0.000000 0.000000 0.000000
vt -0.425287 0.507713 0.000000
vt 0.160416 0.064472 0.000000
vt -0.147606 0.064472 0.000000
vt 0.141362 0.025479 0.000000
vt -0.112433 0.014752 0.000000
vt 0.115696 -0.009605 0.000000
vt -0.066083 -0.024598 0.000000
vt 0.084246 -0.039652 0.000000
vt -0.011409 -0.051259 0.000000
vt 0.048051 -0.063739 0.000000
vt -0.043744 0.501910 0.000000
vt -0.485998 0.501910 0.000000
vt 0.000000 0.000000 0.000000
vt -0.529742 -0.000000 0.000000
vt -0.221127 -0.102649 0.000000
vt -0.162943 -0.106112 0.000000
vt -0.221127 0.108891 0.000000
vt -0.104693 -0.108193 0.000000
vt -0.046411 -0.108891 0.000000
vt 0.221127 -0.093408 0.000000
vt 0.221127 0.108891 0.000000
vt -0.376769 0.170283 0.000000
vt -0.301913 0.363093 0.000000
vt -0.258208 0.500948 0.000000
vt -0.264485 0.363093 0.000000
vt -0.227057 0.363093 0.000000
vt -0.227057 0.203215 0.000000
vt -0.188385 0.203215 0.000000
vt -0.188385 0.136038 0.000000
vt -0.154699 0.136038 0.000000
vt -0.154699 0.027208 0.000000
vt -0.121014 0.027208 0.000000
vt -0.118090 -0.113904 0.000000
vt -0.087329 0.027208 0.000000
vt -0.069085 -0.044104 0.000000
vt -0.053643 0.027208 0.000000
vt -0.037844 -0.016107 0.000000
vt -0.053643 0.136038 0.000000
vt -0.019758 -0.005959 0.000000
vt -0.000000 0.200362 0.000000
vt -0.000000 0.000000 0.000000
vt -0.376769 -0.000000 0.000000
vt -0.358712 -0.005438 0.000000
vt -0.339341 0.136038 0.000000
vt -0.339341 0.203215 0.000000
vt -0.301913 0.136038 0.000000
vt -0.301913 0.203215 0.000000
vt -0.264485 0.136038 0.000000
vt -0.264485 0.203215 0.000000
vt -0.227057 0.136038 0.000000
vt -0.342108 -0.014719 0.000000
vt -0.339341 0.027208 0.000000
vt -0.301913 0.027208 0.000000
vt -0.313451 -0.040199 0.000000
vt -0.267963 -0.104129 0.000000
vt -0.190891 -0.270683 0.000000
vt -0.227057 0.027208 0.000000
vt -0.264485 0.027208 0.000000
vt -0.188385 0.027208 0.000000
vt -0.000000 0.400725 0.000000
vt -0.053643 0.363093 0.000000
vt -0.053643 0.203215 0.000000
vt -0.087329 0.203215 0.000000
vt -0.087329 0.136038 0.000000
vt -0.121014 0.203215 0.000000
vt -0.121014 0.136038 0.000000
vt -0.154699 0.203215 0.000000
vt -0.020028 0.512556 0.000000
vt -0.079051 0.504525 0.000000
vt -0.087329 0.363093 0.000000
vt -0.121014 0.363093 0.000000
vt -0.138592 0.499721 0.000000
vt -0.154699 0.363093 0.000000
vt -0.198352 0.498496 0.000000
vt -0.188385 0.363093 0.000000
vt -0.251054 0.394381 0.000000
vt -0.289375 0.197230 0.000000
vt -0.250934 0.295786 0.000000
vt -0.250817 0.197190 0.000000
vt -0.250701 0.098595 0.000000
vt -0.324837 0.000001 0.000000
vt -0.250587 0.000000 0.000000
vt 0.273041 0.000000 0.000000
vt 0.353945 0.000000 0.000000
vt 0.403438 0.250955 0.000000
vt 0.375063 0.002749 0.000000
vt 0.394849 0.010091 0.000000
vt 0.429711 0.033588 0.000000
vt 0.484926 0.097370 0.000000
vt 0.564280 0.247932 0.000000
vt 0.545659 0.501910 0.000000
vt 0.273362 0.501910 0.000000
vt -0.246043 0.501910 0.000000
vt -0.266223 0.247932 0.000000
vt -0.043744 0.501910 0.000000
vt -0.177301 0.088481 0.000000
vt -0.125147 0.030419 0.000000
vt -0.093468 0.009167 0.000000
vt -0.075758 0.002492 0.000000
vt -0.057162 -0.000000 0.000000
vt 0.000000 0.000000 0.000000
vt -0.228690 0.000000 0.000000
vt -0.256744 0.167626 0.000000
vt -0.285852 0.000000 0.000000
vt -0.058080 -0.503480 0.000000
vt -0.001991 -0.507917 0.000000
vt -0.048289 -0.479110 0.000000
vt -0.000000 -0.394458 0.000000
vt -0.048289 -0.286171 0.000000
vt -0.000000 -0.295730 0.000000
vt -0.000000 -0.197096 0.000000
vt -0.048289 -0.015360 0.000000
vt -0.000000 -0.098527 0.000000
vt -0.017190 0.012216 0.000000
vt -0.000000 0.000000 0.000000
vt -0.033365 0.026679 0.000000
vt -0.061687 0.058413 0.000000
vt -0.078462 0.043205 0.000000
vt -0.109997 0.130103 0.000000
vt -0.108634 0.043009 0.000000
vt -0.138807 0.042813 0.000000
vt -0.108634 -0.015360 0.000000
vt -0.138807 -0.015360 0.000000
vt -0.108634 -0.286171 0.000000
vt -0.138807 -0.286171 0.000000
vt -0.108634 -0.479110 0.000000
vt -0.138807 -0.479110 0.000000
vt -0.113747 -0.500405 0.000000
vt -0.169043 -0.498784 0.000000
vt -0.168979 -0.479110 0.000000
vt -0.203823 -0.479110 0.000000
vt -0.203823 -0.286171 0.000000
vt -0.237357 -0.286171 0.000000
vt -0.237357 -0.015360 0.000000
vt -0.270891 -0.015360 0.000000
vt -0.270891 0.041955 0.000000
vt -0.277562 0.041911 0.000000
vt -0.236691 0.111840 0.000000
vt -0.237357 0.042173 0.000000
vt -0.203823 0.042390 0.000000
vt -0.203823 -0.015360 0.000000
vt -0.168979 -0.015360 0.000000
vt -0.168979 -0.286171 0.000000
vt -0.138807 0.143792 0.000000
vt -0.182848 0.278870 0.000000
vt -0.168979 0.143792 0.000000
vt -0.203823 0.143792 0.000000
vt -0.168979 0.042617 0.000000
vt -0.304425 -0.015360 0.000000
vt -0.304320 0.015349 0.000000
vt -0.320279 0.005774 0.000000
vt -0.337959 -0.190716 0.000000
vt -0.328941 0.002429 0.000000
vt -0.337959 0.000297 0.000000
vt -0.270891 -0.286171 0.000000
vt -0.224034 -0.498644 0.000000
vt -0.078462 -0.479110 0.000000
vt -0.078462 -0.286171 0.000000
vt -0.078462 -0.015360 0.000000
vt -0.033377 0.192213 0.000000
vt -0.060605 0.000000 0.000000
vt 0.000000 -0.000000 0.000000
vt -0.295683 0.000000 0.000000
vt -0.235078 -0.000000 0.000000
vt -0.251939 0.501910 0.000000
vt -0.225298 0.000707 0.000000
vt -0.215686 0.002724 0.000000
vt -0.197385 0.009943 0.000000
vt -0.164792 0.032746 0.000000
vt -0.109301 0.097128 0.000000
vt -0.020550 0.256345 0.000000
vt -0.040398 0.501910 0.000000
vt -0.501910 -4.069342 0.000000
vt -0.256345 -4.089279 0.000000
vt -0.501910 -4.010534 0.000000
vt -0.114261 -4.008478 0.000000
vt -0.048869 -3.956749 0.000000
vt -0.501910 -3.951727 0.000000
vt -0.021325 -3.927093 0.000000
vt -0.501910 -3.892920 0.000000
vt -0.009402 -3.910336 0.000000
vt -0.000000 -3.892634 0.000000
vt -0.117265 0.507713 0.000000
vt -0.496364 0.192213 0.000000
vt -0.029108 0.167626 0.000000
vt -0.529742 0.000000 0.000000
vt -0.000000 0.000000 0.000000
vt -0.425287 0.507713 0.000000
vt 0.160416 0.064472 0.000000
vt -0.147606 0.064472 0.000000
vt 0.141362 0.025479 0.000000
vt -0.112433 0.014752 0.000000
vt 0.115696 -0.009605 0.000000
vt -0.066083 -0.024598 0.000000
vt 0.084246 -0.039652 0.000000
vt -0.011409 -0.051259 0.000000
vt 0.048051 -0.063739 0.000000
vt -0.043744 0.501910 0.000000
vt -0.485998 0.501910 0.000000
vt 0.000000 0.000000 0.000000
vt -0.529742 -0.000000 0.000000
vt -0.221127 -0.102649 0.000000
vt -0.162943 -0.106112 0.000000
vt -0.221127 0.108891 0.000000
vt -0.104693 -0.108193 0.000000
vt -0.046411 -0.108891 0.000000
vt 0.221127 -0.093408 0.000000
vt 0.221127 0.108891 0.000000
vt -0.376769 0.170283 0.000000
vt -0.301913 0.363093 0.000000
vt -0.258208 0.500948 0.000000
vt -0.264485 0.363093 0.000000
vt -0.227057 0.363093 0.000000
vt -0.227057 0.203215 0.000000
vt -0.188385 0.203215 0.000000
vt -0.188385 0.136038 0.000000
vt -0.154699 0.136038 0.000000
vt -0.154699 0.027208 0.000000
vt -0.121014 0.027208 0.000000
vt -0.118090 -0.113904 0.000000
vt -0.087329 0.027208 0.000000
vt -0.069085 -0.044104 0.000000
vt -0.053643 0.027208 0.000000
vt -0.037844 -0.016107 0.000000
vt -0.053643 0.136038 0.000000
vt -0.019758 -0.005959 0.000000
vt -0.000000 0.200362 0.000000
vt -0.000000 0.000000 0.000000
vt -0.376769 -0.000000 0.000000
vt -0.358712 -0.005438 0.000000
vt -0.339341 0.136038 0.000000
vt -0.339341 0.203215 0.000000
vt -0.301913 0.136038 0.000000
vt -0.301913 0.203215 0.000000
vt -0.264485 0.136038 0.000000
vt -0.264485 0.203215 0.000000
vt -0.227057 0.136038 0.000000
vt -0.342108 -0.014719 0.000000
vt -0.339341 0.027208 0.000000
vt -0.301913 0.027208 0.000000
vt -0.313451 -0.040199 0.000000
vt -0.267963 -0.104129 0.000000
vt -0.190891 -0.270683 0.000000
vt -0.227057 0.027208 0.000000
vt -0.264485 0.027208 0.000000
vt -0.188385 0.027208 0.000000
vt -0.000000 0.400725 0.000000
vt -0.053643 0.363093 0.000000
vt -0.053643 0.203215 0.000000
vt -0.087329 0.203215 0.000000
vt -0.087329 0.136038 0.000000
vt -0.121014 0.203215 0.000000
vt -0.121014 0.136038 0.000000
vt -0.154699 0.203215 0.000000
vt -0.020028 0.512556 0.000000
vt -0.079051 0.504525 0.000000
vt -0.087329 0.363093 0.000000
vt -0.121014 0.363093 0.000000
vt -0.138592 0.499721 0.000000
vt -0.154699 0.363093 0.000000
vt -0.198352 0.498496 0.000000
vt -0.188385 0.363093 0.000000
vt -0.251054 0.394381 0.000000
vt -0.289375 0.197230 0.000000
vt -0.250934 0.295786 0.000000
vt -0.250817 0.197190 0.000000
vt -0.250701 0.098595 0.000000
vt -0.324837 0.000001 0.000000
vt -0.250587 0.000000 0.000000
vt 0.273041 0.000000 0.000000
vt 0.353945 0.000000 0.000000
vt 0.403438 0.250955 0.000000
vt 0.375063 0.002749 0.000000
vt 0.394849 0.010091 0.000000
vt 0.429711 0.033588 0.000000
vt 0.484926 0.097370 0.000000
vt 0.564280 0.247932 0.000000
vt 0.545659 0.501910 0.000000
vt 0.273362 0.501910 0.000000
vt -0.246043 0.501910 0.000000
vt -0.266223 0.247932 0.000000
vt -0.043744 0.501910 0.000000
vt -0.177301 0.088481 0.000000
vt -0.125147 0.030419 0.000000
vt -0.093468 0.009167 0.000000
vt -0.075758 0.002492 0.000000
vt -0.057162 0.000000 0.000000
vt 0.000000 0.000000 0.000000
vt -0.228690 0.000000 0.000000
vt -0.256744 0.167626 0.000000
vt -0.285852 -0.000000 0.000000
vt -0.058080 -0.503480 0.000000
vt -0.001991 -0.507917 0.000000
vt -0.048289 -0.479110 0.000000
vt -0.000000 -0.394458 0.000000
vt -0.048289 -0.286171 0.000000
vt -0.000000 -0.295730 0.000000
vt -0.000000 -0.197096 0.000000
vt -0.048289 -0.015360 0.000000
vt -0.000000 -0.098527 0.000000
vt -0.017190 0.012216 0.000000
vt -0.000000 0.000000 0.000000
vt -0.033365 0.026679 0.000000
vt -0.061687 0.058413 0.000000
vt -0.078462 0.043205 0.000000
vt -0.109997 0.130103 0.000000
vt -0.108634 0.043009 0.000000
vt -0.138807 0.042813 0.000000
vt -0.108634 -0.015360 0.000000
vt -0.138807 -0.015360 0.000000
vt -0.108634 -0.286171 0.000000
vt -0.138807 -0.286171 0.000000
vt -0.108634 -0.479110 0.000000
vt -0.138807 -0.479110 0.000000
vt -0.113747 -0.500405 0.000000
vt -0.169043 -0.498784 0.000000
vt -0.168979 -0.479110 0.000000
vt -0.203823 -0.479110 0.000000
vt -0.203823 -0.286171 0.000000
vt -0.237357 -0.286171 0.000000
vt -0.237357 -0.015360 0.000000
vt -0.270891 -0.015360 0.000000
vt -0.270891 0.041955 0.000000
vt -0.277562 0.041911 0.000000
vt -0.236691 0.111840 0.000000
vt -0.237357 0.042173 0.000000
vt -0.203823 0.042390 0.000000
vt -0.203823 -0.015360 0.000000
vt -0.168979 -0.015360 0.000000
vt -0.168979 -0.286171 0.000000
vt -0.138807 0.143792 0.000000
vt -0.182848 0.278870 0.000000
vt -0.168979 0.143792 0.000000
vt -0.203823 0.143792 0.000000
vt -0.168979 0.042617 0.000000
vt -0.304425 -0.015360 0.000000
vt -0.304320 0.015349 0.000000
vt -0.320279 0.005774 0.000000
vt -0.337959 -0.190716 0.000000
vt -0.328941 0.002429 0.000000
vt -0.337959 0.000297 0.000000
vt -0.270891 -0.286171 0.000000
vt -0.224034 -0.498644 0.000000
vt -0.078462 -0.479110 0.000000
vt -0.078462 -0.286171 0.000000
vt -0.078462 -0.015360 0.000000
vt -0.033377 0.192213 0.000000
vt -0.060605 0.000000 0.000000
vt 0.000000 -0.000000 0.000000
vt -0.295683 0.000000 0.000000
vt -0.235078 -0.000000 0.000000
vt -0.251939 0.501910 0.000000
vt -0.225298 0.000707 0.000000
vt -0.215686 0.002724 0.000000
vt -0.197385 0.009943 0.000000
vt -0.164792 0.032746 0.000000
vt -0.109301 0.097128 0.000000
vt -0.020550 0.256345 0.000000
vt -0.040398 0.501910 0.000000
vt -0.501910 -4.069342 0.000000
vt -0.256345 -4.089279 0.000000
vt -0.501910 -4.010534 0.000000
vt -0.114261 -4.008478 0.000000
vt -0.048869 -3.956749 0.000000
vt -0.501910 -3.951727 0.000000
vt -0.021325 -3.927093 0.000000
vt -0.501910 -3.892920 0.000000
vt -0.009402 -3.910336 0.000000
vt -0.000000 -3.892634 0.000000
vt -0.117265 0.507713 0.000000
vt -0.496364 0.192213 0.000000
vt -0.029108 0.167626 0.000000
vt -0.529742 -0.000000 0.000000
vt -0.000000 0.000000 0.000000
vt -0.425287 0.507713 0.000000
vt 0.160416 0.064472 0.000000
vt -0.147606 0.064472 0.000000
vt 0.141362 0.025479 0.000000
vt -0.112433 0.014752 0.000000
vt 0.115696 -0.009605 0.000000
vt -0.066083 -0.024598 0.000000
vt 0.084246 -0.039652 0.000000
vt -0.011409 -0.051259 0.000000
vt 0.048051 -0.063739 0.000000
vt -0.043744 0.501910 0.000000
vt -0.485998 0.501910 0.000000
vt 0.000000 0.000000 0.000000
vt -0.529742 0.000000 0.000000
vt -0.221127 -0.102649 0.000000
vt -0.162943 -0.106112 0.000000
vt -0.221127 0.108891 0.000000
vt -0.104693 -0.108193 0.000000
vt -0.046411 -0.108891 0.000000
vt 0.221127 -0.093408 0.000000
vt 0.221127 0.108891 0.000000
vt -1.016842 2.283864 0.000000
vt -0.772542 2.377641 0.000000
vt -1.026060 2.819078 0.000000
vt -0.519779 2.445369 0.000000
vt -0.520945 2.954423 0.000000
vt -0.261321 2.486305 0.000000
vt -0.000000 3.000000 0.000000
vt -0.000000 2.500000 0.000000
vt 0.261321 2.486305 0.000000
vt 0.520945 2.954423 0.000000
vt 0.519779 2.445369 0.000000
vt 1.026060 2.819078 0.000000
vt 0.772542 2.377641 0.000000
vt 1.016842 2.283864 0.000000
vt 1.500000 2.598076 0.000000
vt 1.250000 2.165064 0.000000
vt 1.469463 2.022542 0.000000
vt 1.928363 2.298133 0.000000
vt 1.672827 1.857862 0.000000
vt 2.298133 1.928363 0.000000
vt 1.857862 1.672827 0.000000
vt 2.022542 1.469463 0.000000
vt 2.598076 1.500000 0.000000
vt 2.165064 1.250000 0.000000
vt 2.283864 1.016842 0.000000
vt 2.819078 1.026060 0.000000
vt 2.377641 0.772542 0.000000
vt 2.954423 0.520945 0.000000
vt 2.445369 0.519779 0.000000
vt 2.486305 0.261321 0.000000
vt 3.000000 0.000000 0.000000
vt 2.500000 -0.000000 0.000000
vt 2.486305 -0.261321 0.000000
vt 2.954423 -0.520945 0.000000
vt 2.445369 -0.519779 0.000000
vt 2.377641 -0.772542 0.000000
vt 2.819078 -1.026060 0.000000
vt 2.283864 -1.016842 0.000000
vt 2.598076 -1.500000 0.000000
vt 2.165064 -1.250000 0.000000
vt 2.022542 -1.469463 0.000000
vt 2.298133 -1.928363 0.000000
vt 1.857862 -1.672827 0.000000
vt 1.672827 -1.857862 0.000000
vt 1.928363 -2.298133 0.000000
vt 1.469463 -2.022542 0.000000
vt 1.500000 -2.598076 0.000000
vt 1.250000 -2.165064 0.000000
vt 1.016842 -2.283864 0.000000
vt 1.026060 -2.819078 0.000000
vt 0.772542 -2.377641 0.000000
vt 0.519779 -2.445369 0.000000
vt 0.520945 -2.954423 0.000000
vt 0.261321 -2.486305 0.000000
vt -0.000000 -3.000000 0.000000
vt -0.000000 -2.500000 0.000000
vt -0.261321 -2.486305 0.000000
vt -0.520945 -2.954423 0.000000
vt -0.519779 -2.445369 0.000000
vt -1.026060 -2.819078 0.000000
vt -0.772542 -2.377641 0.000000
vt -1.016842 -2.283864 0.000000
vt -1.500000 -2.598076 0.000000
vt -1.250000 -2.165064 0.000000
vt -1.469463 -2.022542 0.000000
vt -1.928363 -2.298133 0.000000
vt -1.672827 -1.857862 0.000000
vt -2.298133 -1.928363 0.000000
vt -1.857862 -1.672827 0.000000
vt -2.022542 -1.469463 0.000000
vt -2.598076 -1.500000 0.000000
vt -2.165064 -1.250000 0.000000
vt -2.283864 -1.016842 0.000000
vt -2.819078 -1.026060 0.000000
vt -2.377641 -0.772542 0.000000
vt -2.954423 -0.520945 0.000000
vt -2.445369 -0.519779 0.000000
vt -2.486305 -0.261321 0.000000
vt -3.000000 0.000000 0.000000
vt -2.500000 -0.000000 0.000000
vt -2.486305 0.261321 0.000000
vt -2.954423 0.520945 0.000000
vt -2.445369 0.519779 0.000000
vt -2.377641 0.772542 0.000000
vt -2.819078 1.026060 0.000000
vt -2.283864 1.016842 0.000000
vt -2.598076 1.500000 0.000000
vt -2.165064 1.250000 0.000000
vt -2.022542 1.469463 0.000000
vt -2.298133 1.928363 0.000000
vt -1.857862 1.672827 0.000000
vt -1.672827 1.857862 0.000000
vt -1.928363 2.298133 0.000000
vt -1.469463 2.022542 0.000000
vt -1.500000 2.598076 0.000000
vt -1.250000 2.165064 0.000000
vt 2.954423 0.520945 0.000000
vt -2.954423 0.520945 0.000000
vt 3.000000 -0.000000 0.000000
vt -3.000000 0.000000 0.000000
vt 2.954423 -0.520945 0.000000
vt -2.954423 -0.520945 0.000000
vt 2.819078 -1.026060 0.000000
vt -2.819078 -1.026060 0.000000
vt 2.598076 -1.500000 0.000000
vt -2.598076 -1.500000 0.000000
vt 2.298133 -1.928363 0.000000
vt -2.298133 -1.928363 0.000000
vt 1.928363 -2.298133 0.000000
vt -1.928363 -2.298133 0.000000
vt 1.500000 -2.598076 0.000000
vt -1.500000 -2.598076 0.000000
vt 1.026060 -2.819078 0.000000
vt -1.026060 -2.819078 0.000000
vt 0.520945 -2.954423 0.000000
vt -0.520945 -2.954423 0.000000
vt -0.000000 -3.000000 0.000000
vt -2.819078 1.026060 0.000000
vt 2.819078 1.026060 0.000000
vt -2.598076 1.500000 0.000000
vt 2.598076 1.500000 0.000000
vt -2.298133 1.928363 0.000000
vt 2.298133 1.928363 0.000000
vt -1.928363 2.298133 0.000000
vt 1.928363 2.298133 0.000000
vt -1.500000 2.598076 0.000000
vt 1.500000 2.598076 0.000000
vt -1.026060 2.819078 0.000000
vt 1.026060 2.819078 0.000000
vt -0.520945 2.954423 0.000000
vt 0.520945 2.954423 0.000000
vt -0.000000 3.000000 0.000000
vt -7.500000 8.901179 0.000000
vt -0.000000 8.901179 0.000000
vt -7.500000 9.424778 0.000000
vt -0.000000 9.424778 0.000000
vt -7.500000 -9.424778 0.000000
vt -0.000000 -9.424778 0.000000
vt -7.500000 -8.901179 0.000000
vt -0.000000 -8.901179 0.000000
vt -7.500000 -8.377580 0.000000
vt -0.000000 -8.377580 0.000000
vt -7.500000 -7.853982 0.000000
vt -0.000000 -7.853982 0.000000
vt -7.500000 -7.330383 0.000000
vt -0.000000 -7.330383 0.000000
vt -7.500000 -6.806784 0.000000
vt -0.000000 -6.806784 0.000000
vt -7.500000 -6.283185 0.000000
vt -0.000000 -6.283185 0.000000
vt -7.500000 -5.759587 0.000000
vt -0.000000 -5.759587 0.000000
vt -7.500000 -5.235988 0.000000
vt -0.000000 -5.235988 0.000000
vt -7.500000 -4.712389 0.000000
vt -0.000000 -4.712389 0.000000
vt -7.500000 -4.188790 0.000000
vt -0.000000 -4.188790 0.000000
vt -7.500000 -3.665191 0.000000
vt -0.000000 -3.665191 0.000000
vt -7.500000 -3.141593 0.000000
vt -0.000000 -3.141593 0.000000
vt -7.500000 -2.617994 0.000000
vt -0.000000 -2.617994 0.000000
vt -7.500000 -2.094395 0.000000
vt -0.000000 -2.094395 0.000000
vt -7.500000 -1.570796 0.000000
vt -0.000000 -1.570796 0.000000
vt -7.500000 -1.047198 0.000000
vt -0.000000 -1.047198 0.000000
vt -7.500000 -0.523599 0.000000
vt -0.000000 -0.523599 0.000000
vt -7.500000 0.000000 0.000000
vt -0.000000 0.000000 0.000000
vt -7.500000 0.523599 0.000000
vt -0.000000 0.523599 0.000000
vt -7.500000 1.047198 0.000000
vt -0.000000 1.047198 0.000000
vt -7.500000 1.570796 0.000000
vt -0.000000 1.570796 0.000000
vt -7.500000 2.094395 0.000000
vt -0.000000 2.094395 0.000000
vt -7.500000 2.617994 0.000000
vt -0.000000 2.617994 0.000000
vt -7.500000 3.141593 0.000000
vt -0.000000 3.141593 0.000000
vt -7.500000 3.665191 0.000000
vt -0.000000 3.665191 0.000000
vt -7.500000 4.188790 0.000000
vt -0.000000 4.188790 0.000000
vt -7.500000 4.712389 0.000000
vt -0.000000 4.712389 0.000000
vt -7.500000 5.235988 0.000000
vt -0.000000 5.235988 0.000000
vt -7.500000 5.759587 0.000000
vt -0.000000 5.759587 0.000000
vt -7.500000 6.283185 0.000000
vt -0.000000 6.283185 0.000000
vt -7.500000 6.806784 0.000000
vt -0.000000 6.806784 0.000000
vt -7.500000 7.330383 0.000000
vt -0.000000 7.330383 0.000000
vt -7.500000 7.853982 0.000000
vt -0.000000 7.853982 0.000000
vt -7.500000 8.377580 0.000000
vt -0.000000 8.377580 0.000000
vt 2.500000 -7.592182 0.000000
vt 2.500000 -7.853982 0.000000
vt 9.000000 -7.853982 0.000000
vt 9.000000 7.853982 0.000000
vt 2.500000 7.853982 0.000000
vt 2.500000 7.592182 0.000000
vt 9.000000 7.377983 0.000000
vt 2.500000 7.330383 0.000000
vt 2.500000 7.068583 0.000000
vt 9.000000 6.901984 0.000000
vt 2.500000 6.806784 0.000000
vt 2.500000 6.544985 0.000000
vt 9.000000 6.425985 0.000000
vt 2.500000 6.283185 0.000000
vt 9.000000 5.949986 0.000000
vt 2.500000 6.021386 0.000000
vt 2.500000 5.759587 0.000000
vt 9.000000 5.473987 0.000000
vt 2.500000 5.497787 0.000000
vt 2.500000 5.235988 0.000000
vt 9.000000 4.997988 0.000000
vt 2.500000 4.974188 0.000000
vt 2.500000 4.712389 0.000000
vt 9.000000 4.521989 0.000000
vt 2.500000 4.450590 0.000000
vt 2.500000 4.188790 0.000000
vt 9.000000 4.045991 0.000000
vt 2.500000 3.926991 0.000000
vt 9.000000 3.569992 0.000000
vt 2.500000 3.665191 0.000000
vt 2.500000 3.403392 0.000000
vt 9.000000 3.093993 0.000000
vt 2.500000 3.141593 0.000000
vt 2.500000 2.879793 0.000000
vt 9.000000 2.617994 0.000000
vt 2.500000 2.617994 0.000000
vt 2.500000 2.356194 0.000000
vt 9.000000 2.141995 0.000000
vt 2.500000 2.094395 0.000000
vt 2.500000 1.832596 0.000000
vt 9.000000 1.665996 0.000000
vt 2.500000 1.570796 0.000000
vt 2.500000 1.308997 0.000000
vt 9.000000 1.189997 0.000000
vt 2.500000 1.047198 0.000000
vt 9.000000 0.713998 0.000000
vt 2.500000 0.785398 0.000000
vt 2.500000 0.523599 0.000000
vt 9.000000 0.237999 0.000000
vt 2.500000 0.261799 0.000000
vt 2.500000 0.000000 0.000000
vt 9.000000 -0.237999 0.000000
vt 2.500000 -0.261799 0.000000
vt 2.500000 -0.523599 0.000000
vt 9.000000 -0.713998 0.000000
vt 2.500000 -0.785398 0.000000
vt 2.500000 -1.047198 0.000000
vt 9.000000 -1.189997 0.000000
vt 2.500000 -1.308997 0.000000
vt 9.000000 -1.665996 0.000000
vt 2.500000 -1.570796 0.000000
vt 2.500000 -1.832596 0.000000
vt 9.000000 -2.141995 0.000000
vt 2.500000 -2.094395 0.000000
vt 2.500000 -2.356194 0.000000
vt 9.000000 -2.617994 0.000000
vt 2.500000 -2.617994 0.000000
vt 2.500000 -2.879793 0.000000
vt 9.000000 -3.093993 0.000000
vt 2.500000 -3.141593 0.000000
vt 2.500000 -3.403392 0.000000
vt 9.000000 -3.569992 0.000000
vt 2.500000 -3.665191 0.000000
vt 2.500000 -3.926991 0.000000
vt 9.000000 -4.045991 0.000000
vt 2.500000 -4.188790 0.000000
vt 9.000000 -4.521989 0.000000
vt 2.500000 -4.450590 0.000000
vt 2.500000 -4.712389 0.000000
vt 9.000000 -4.997988 0.000000
vt 2.500000 -4.974188 0.000000
vt 2.500000 -5.235988 0.000000
vt 9.000000 -5.473987 0.000000
vt 2.500000 -5.497787 0.000000
vt 2.500000 -5.759587 0.000000
vt 9.000000 -5.949986 0.000000
vt 2.500000 -6.021386 0.000000
vt 2.500000 -6.283185 0.000000
vt 9.000000 -6.425985 0.000000
vt 2.500000 -6.544985 0.000000
vt 9.000000 -6.901984 0.000000
vt 2.500000 -6.806784 0.000000
vt 2.500000 -7.068583 0.000000
vt 9.000000 -7.377983 0.000000
vt 2.500000 -7.330383 0.000000
vt -2.454822 0.473128 0.000000
vt -2.500000 -0.000000 0.000000
vt 1.637152 -1.889374 0.000000
vt -2.454822 -0.473128 0.000000
vt -2.320920 -0.929156 0.000000
vt -2.103134 -1.351602 0.000000
vt -1.809335 -1.725198 0.000000
vt -1.450142 -2.036440 0.000000
vt 1.250000 -2.165064 0.000000
vt -1.038538 -2.274080 0.000000
vt 0.817670 -2.362502 0.000000
vt -0.589397 -2.429529 0.000000
vt 0.355787 -2.474554 0.000000
vt -0.118955 -2.497168 0.000000
vt 1.965133 -1.545397 0.000000
vt -2.320920 0.929156 0.000000
vt -2.103134 1.351602 0.000000
vt -1.809335 1.725198 0.000000
vt -1.450142 2.036440 0.000000
vt -1.038538 2.274080 0.000000
vt -0.589397 2.429529 0.000000
vt -0.118955 2.497168 0.000000
vt 0.355787 2.474554 0.000000
vt 0.817670 2.362502 0.000000
vt 1.250000 2.165064 0.000000
vt 1.637152 1.889374 0.000000
vt 1.965133 1.545397 0.000000
vt 2.222089 -1.145566 0.000000
vt 2.222089 1.145566 0.000000
vt 2.398732 -0.704331 0.000000
vt 2.398732 0.704331 0.000000
vt 2.488680 -0.237640 0.000000
vt 2.488680 0.237640 0.000000
vn 0.057886 -0.017365 -0.079673
vn 0.078502 -0.021517 -0.058090
vn 0.087522 -0.023179 -0.042458
vn 0.086280 -0.022885 -0.045078
vn 0.092011 -0.023717 -0.031169
vn 0.091887 -0.023586 -0.031629
vn 0.095684 -0.023874 -0.016572
vn 0.095657 -0.023822 -0.016800
vn 0.097115 -0.023605 -0.003377
vn 0.097118 -0.023531 -0.003786
vn 0.096875 -0.022898 0.009538
vn 0.096848 -0.022749 0.010143
vn 0.094878 -0.021844 0.022824
vn 0.093190 -0.021082 0.029515
vn 0.091184 -0.020403 0.035625
vn 0.088995 -0.019594 0.041183
vn 0.090957 -0.020439 0.036180
vn 0.085930 -0.018588 0.047650
vn 0.081319 -0.017365 0.055549
vn 0.082049 -0.017365 0.054465
vn 0.057886 -0.017365 -0.079673
vn 0.063377 -0.018487 -0.075111
vn 0.068908 -0.019608 -0.069765
vn 0.068937 -0.019625 -0.069732
vn 0.078332 -0.021401 -0.058362
vn 0.078379 -0.021432 -0.058287
vn 0.086085 -0.022729 -0.045527
vn 0.086139 -0.022771 -0.045403
vn 0.091840 -0.023537 -0.031803
vn 0.068094 -0.019424 -0.070611
vn 0.068865 -0.019582 -0.069815
vn 0.078262 -0.021353 -0.058473
vn 0.075496 -0.020831 -0.062180
vn 0.085278 -0.022498 -0.047134
vn 0.095325 -0.023571 -0.018911
vn 0.091768 -0.023464 -0.032065
vn 0.086004 -0.022665 -0.045712
vn 0.095615 -0.023746 -0.017142
vn 0.080428 -0.017365 0.056831
vn 0.090393 -0.020527 0.037520
vn 0.090804 -0.020463 0.036549
vn 0.094646 -0.021933 0.023688
vn 0.094740 -0.021897 0.023342
vn 0.096768 -0.023009 0.010318
vn 0.096812 -0.022965 0.010006
vn 0.097112 -0.023655 -0.003105
vn 0.084118 -0.018686 0.050744
vn 0.093261 -0.021784 0.028772
vn 0.094392 -0.022028 0.024597
vn 0.096649 -0.023128 0.011140
vn 0.097042 -0.023651 0.004835
vn 0.097100 -0.023787 -0.002385
vn 0.095082 -0.024126 -0.019426
vn 0.095752 -0.024011 -0.015970
vn 0.080428 -0.017365 0.056831
vn 0.081319 -0.017365 0.055549
vn 0.080425 -0.017365 0.056835
vn 0.080422 -0.017365 0.056839
vn 0.080420 -0.017365 0.056843
vn 0.082039 -0.017366 0.054480
vn 0.080417 -0.017365 0.056847
vn 0.081347 0.008716 0.057505
vn 0.082988 0.008716 0.055110
vn 0.083803 0.008716 0.053862
vn 0.083351 0.008716 0.054559
vn 0.083670 0.008716 0.054068
vn 0.084187 0.008716 0.053259
vn 0.084904 0.008716 0.052109
vn 0.085752 0.008716 0.050701
vn 0.085569 0.008716 0.051010
vn 0.081354 0.008716 0.057494
vn 0.058555 0.008716 -0.080594
vn 0.058555 0.008716 -0.080594
vn 0.058555 0.008716 -0.080594
vn 0.058555 0.008716 -0.080594
vn 0.058555 0.008716 -0.080594
vn 0.058555 0.008716 -0.080594
vn 0.058555 0.008716 -0.080594
vn 0.058555 0.008716 -0.080594
vn 0.058555 0.008716 -0.080594
vn 0.057886 -0.017365 -0.079673
vn 0.057886 -0.017365 -0.079673
vn 0.026087 -0.017132 0.095005
vn 0.042309 -0.015361 0.089297
vn 0.030610 -0.017057 0.093659
vn 0.050629 -0.015961 0.084746
vn 0.042224 -0.018408 0.088759
vn 0.056827 -0.016426 0.080628
vn 0.062555 -0.016792 0.076190
vn 0.056527 -0.019888 0.080058
vn 0.067846 -0.017064 0.071455
vn 0.068098 -0.018332 0.070898
vn 0.072723 -0.017247 0.066438
vn 0.063604 -0.019301 0.074712
vn 0.055328 -0.020875 0.080642
vn 0.048386 -0.021501 0.084832
vn 0.039703 -0.023131 0.088818
vn 0.036526 -0.022475 0.090337
vn 0.024159 -0.023074 0.094255
vn 0.033968 -0.022057 0.091431
vn 0.021852 -0.022621 0.094925
vn 0.021454 -0.020033 0.095595
vn 0.010670 -0.020492 0.097295
vn 0.011721 -0.018454 0.097581
vn 0.002103 -0.018900 0.098175
vn 0.008991 -0.018357 0.097889
vn -0.008361 -0.019006 0.097820
vn -0.007571 -0.019166 0.097854
vn -0.018643 -0.019249 0.096343
vn -0.012939 -0.020632 0.096989
vn -0.024869 -0.020259 0.094716
vn -0.019276 -0.021915 0.095646
vn -0.032942 -0.020794 0.092100
vn -0.032203 -0.021063 0.092300
vn -0.034916 -0.020769 0.091376
vn -0.016412 -0.022755 0.095984
vn -0.018111 -0.022281 0.095789
vn -0.003767 -0.023014 0.097243
vn -0.005348 -0.022586 0.097269
vn 0.009304 -0.022818 0.096916
vn -0.000296 -0.020702 0.097833
vn 0.028101 -0.023863 0.092957
vn 0.012646 -0.025150 0.095956
vn 0.014734 -0.024088 0.095931
vn -0.001012 -0.023784 0.097125
vn 0.011296 -0.023277 0.096595
vn -0.045836 -0.019274 0.086762
vn -0.045608 -0.019358 0.086863
vn -0.051572 -0.018451 0.083665
vn -0.057886 -0.017365 0.079673
vn -0.054701 -0.017931 0.081770
vn -0.057886 -0.017365 0.079673
vn -0.036508 -0.019576 0.091016
vn -0.025447 -0.019062 0.094811
vn 0.021279 -0.017841 0.096067
vn 0.032051 -0.019339 0.092729
vn 0.045643 -0.021145 0.086427
vn -0.057886 -0.017365 0.079673
vn -0.057886 -0.017365 0.079673
vn -0.058555 0.008716 0.080594
vn -0.058555 0.008716 0.080594
vn -0.058555 0.008716 0.080594
vn -0.058555 0.008716 0.080594
vn -0.058555 0.008716 0.080594
vn -0.058555 0.008716 0.080594
vn -0.058555 0.008716 0.080594
vn -0.058555 0.008716 0.080594
vn -0.058555 0.008716 0.080594
vn -0.058555 0.008716 0.080594
vn 0.076217 0.008716 0.064148
vn 0.075699 0.008716 0.064759
vn 0.077718 0.008716 0.062322
vn 0.077770 0.008716 0.062257
vn 0.079052 0.008716 0.060620
vn 0.079175 0.008716 0.060460
vn 0.079772 0.008716 0.059670
vn 0.080587 0.008716 0.058564
vn 0.080174 0.008716 0.059129
vn 0.080594 0.008716 0.058555
vn -0.079673 -0.017365 -0.057886
vn -0.079673 -0.017365 -0.057886
vn -0.079673 -0.017365 -0.057886
vn -0.079673 -0.017365 -0.057886
vn -0.079673 -0.017365 -0.057886
vn -0.079673 -0.017365 -0.057886
vn 0.000000 -0.100000 0.000000
vn 0.000000 -0.100000 0.000000
vn 0.000000 -0.100000 0.000000
vn 0.000000 -0.100000 0.000000
vn 0.000000 -0.100000 0.000000
vn 0.000000 -0.100000 0.000000
vn 0.000000 -0.100000 0.000000
vn 0.000000 -0.100000 0.000000
vn 0.000000 -0.100000 0.000000
vn -0.080594 0.008716 -0.058555
vn -0.080594 0.008716 -0.058555
vn -0.080594 0.008716 -0.058555
vn -0.080594 0.008716 -0.058555
vn 0.000000 0.100000 0.000000
vn 0.000000 0.100000 0.000000
vn 0.000000 0.100000 0.000000
vn 0.000000 0.100000 0.000000
vn 0.000000 0.100000 0.000000
vn 0.000000 0.100000 0.000000
vn 0.000000 0.100000 0.000000
vn 0.000000 -0.017365 -0.098481
vn 0.029365 -0.021517 -0.093138
vn 0.045850 -0.023179 -0.085793
vn 0.043306 -0.022885 -0.087183
vn 0.056118 -0.023717 -0.079299
vn 0.055747 -0.023586 -0.079598
vn 0.067669 -0.023874 -0.069648
vn 0.067513 -0.023822 -0.069817
vn 0.076583 -0.023605 -0.059815
vn 0.076345 -0.023531 -0.060148
vn 0.083980 -0.022898 -0.049225
vn 0.084314 -0.022749 -0.048720
vn 0.090174 -0.021844 -0.037303
vn 0.092741 -0.021082 -0.030898
vn 0.094709 -0.020403 -0.024775
vn 0.096205 -0.019594 -0.018992
vn 0.094852 -0.020439 -0.024193
vn 0.097527 -0.018588 -0.011959
vn 0.098439 -0.017365 -0.002858
vn 0.098393 -0.017365 -0.004164
vn -0.000000 -0.017365 -0.098481
vn 0.007124 -0.018487 -0.098018
vn 0.014741 -0.019608 -0.096945
vn 0.014784 -0.019625 -0.096934
vn 0.029068 -0.021401 -0.093258
vn 0.029150 -0.021432 -0.093225
vn 0.042885 -0.022729 -0.087432
vn 0.043001 -0.022771 -0.087364
vn 0.055606 -0.023537 -0.079712
vn 0.013585 -0.019424 -0.097150
vn 0.014677 -0.019582 -0.096960
vn 0.028945 -0.021353 -0.093307
vn 0.024529 -0.020831 -0.094680
vn 0.041287 -0.022498 -0.088257
vn 0.066003 -0.023571 -0.071330
vn 0.055395 -0.023464 -0.079880
vn 0.042710 -0.022665 -0.087534
vn 0.067279 -0.023746 -0.070069
vn 0.098472 -0.017365 -0.001297
vn 0.095183 -0.020527 -0.022777
vn 0.094945 -0.020463 -0.023804
vn 0.090493 -0.021933 -0.036468
vn 0.090366 -0.021897 -0.036803
vn 0.084352 -0.023009 -0.048531
vn 0.084204 -0.022965 -0.048809
vn 0.076741 -0.023655 -0.059593
vn 0.097880 -0.018686 -0.008391
vn 0.092361 -0.021784 -0.031541
vn 0.090822 -0.022028 -0.035583
vn 0.084738 -0.023128 -0.047796
vn 0.081351 -0.023651 -0.053128
vn 0.077154 -0.023787 -0.059004
vn 0.065505 -0.024126 -0.071604
vn 0.068078 -0.024011 -0.069201
vn 0.098472 -0.017365 -0.001298
vn 0.098439 -0.017365 -0.002858
vn 0.098472 -0.017365 -0.001292
vn 0.098472 -0.017365 -0.001287
vn 0.098472 -0.017365 -0.001282
vn 0.098393 -0.017366 -0.004146
vn 0.098472 -0.017365 -0.001277
vn 0.099611 0.008716 -0.001292
vn 0.099531 0.008716 -0.004194
vn 0.099457 0.008716 -0.005683
vn 0.099501 0.008716 -0.004853
vn 0.099471 0.008716 -0.005438
vn 0.099414 0.008716 -0.006397
vn 0.099318 0.008716 -0.007749
vn 0.099176 0.008716 -0.009385
vn 0.099209 0.008716 -0.009029
vn 0.099611 0.008716 -0.001305
vn 0.000000 0.008716 -0.099619
vn 0.000000 0.008716 -0.099619
vn 0.000000 0.008716 -0.099619
vn 0.000000 0.008716 -0.099619
vn 0.000000 0.008716 -0.099619
vn 0.000000 0.008716 -0.099619
vn 0.000000 0.008716 -0.099619
vn 0.000000 0.008716 -0.099619
vn 0.000000 0.008716 -0.099619
vn 0.000000 -0.017365 -0.098481
vn 0.000000 -0.017365 -0.098481
vn 0.076947 -0.017132 0.061527
vn 0.086716 -0.015361 0.047375
vn 0.079816 -0.017057 0.057780
vn 0.090772 -0.015961 0.038802
vn 0.086332 -0.018408 0.046989
vn 0.093366 -0.016426 0.031828
vn 0.095391 -0.016792 0.024870
vn 0.092788 -0.019888 0.031543
vn 0.096888 -0.017064 0.017929
vn 0.096766 -0.018332 0.017331
vn 0.097885 -0.017247 0.011004
vn 0.095372 -0.019301 0.023058
vn 0.092161 -0.020875 0.032720
vn 0.089008 -0.021501 0.040190
vn 0.084327 -0.023131 0.048518
vn 0.082649 -0.022475 0.051615
vn 0.074946 -0.023074 0.062053
vn 0.081222 -0.022057 0.054004
vn 0.073474 -0.022621 0.063952
vn 0.073546 -0.020033 0.064727
vn 0.065820 -0.020492 0.072441
vn 0.066839 -0.018454 0.072055
vn 0.059408 -0.018900 0.078189
vn 0.064811 -0.018357 0.073909
vn 0.050733 -0.019006 0.084053
vn 0.051392 -0.019166 0.083615
vn 0.041546 -0.019249 0.088901
vn 0.046541 -0.020632 0.086071
vn 0.035553 -0.020259 0.091245
vn 0.040625 -0.021915 0.088709
vn 0.027484 -0.020794 0.093874
vn 0.028200 -0.021063 0.093601
vn 0.025462 -0.020769 0.094448
vn 0.043140 -0.022755 0.087299
vn 0.041651 -0.022281 0.088140
vn 0.054110 -0.023014 0.080885
vn 0.052847 -0.022586 0.081836
vn 0.064493 -0.022818 0.072938
vn 0.057265 -0.020702 0.079323
vn 0.077372 -0.023863 0.058686
vn 0.066632 -0.025150 0.070197
vn 0.068307 -0.024088 0.068949
vn 0.056270 -0.023784 0.079171
vn 0.065916 -0.023277 0.071508
vn 0.013916 -0.019274 0.097133
vn 0.014159 -0.019358 0.097081
vn 0.007454 -0.018451 0.098000
vn 0.000000 -0.017365 0.098481
vn 0.003809 -0.017931 0.098306
vn 0.000000 -0.017365 0.098481
vn 0.023963 -0.019576 0.095092
vn 0.035141 -0.019062 0.091661
vn 0.073682 -0.017841 0.065213
vn 0.080435 -0.019339 0.056180
vn 0.087726 -0.021145 0.043093
vn -0.000000 -0.017365 0.098481
vn -0.000000 -0.017365 0.098481
vn -0.000000 0.008716 0.099619
vn -0.000000 0.008716 0.099619
vn -0.000000 0.008716 0.099619
vn -0.000000 0.008716 0.099619
vn -0.000000 0.008716 0.099619
vn -0.000000 0.008716 0.099619
vn -0.000000 0.008716 0.099619
vn -0.000000 0.008716 0.099619
vn -0.000000 0.008716 0.099619
vn -0.000000 0.008716 0.099619
vn 0.099366 0.008716 0.007098
vn 0.099306 0.008716 0.007897
vn 0.099507 0.008716 0.004738
vn 0.099511 0.008716 0.004655
vn 0.099586 0.008716 0.002577
vn 0.099591 0.008716 0.002375
vn 0.099610 0.008716 0.001385
vn 0.099619 0.008716 0.000012
vn 0.099617 0.008716 0.000712
vn 0.099619 0.008716 -0.000000
vn -0.098481 -0.017365 -0.000000
vn -0.098481 -0.017365 -0.000000
vn -0.098481 -0.017365 -0.000000
vn -0.098481 -0.017365 -0.000000
vn -0.098481 -0.017365 -0.000000
vn -0.098481 -0.017365 -0.000000
vn 0.000000 -0.100000 0.000000
vn 0.000000 -0.100000 0.000000
vn 0.000000 -0.100000 0.000000
vn 0.000000 -0.100000 0.000000
vn 0.000000 -0.100000 0.000000
vn 0.000000 -0.100000 0.000000
vn 0.000000 -0.100000 0.000000
vn 0.000000 -0.100000 0.000000
vn 0.000000 -0.100000 0.000000
vn -0.099619 0.008716 -0.000000
vn -0.099619 0.008716 -0.000000
vn -0.099619 0.008716 -0.000000
vn -0.099619 0.008716 -0.000000
vn 0.000000 0.100000 0.000000
vn 0.000000 0.100000 0.000000
vn 0.000000 0.100000 0.000000
vn 0.000000 0.100000 0.000000
vn 0.000000 0.100000 0.000000
vn 0.000000 0.100000 0.000000
vn 0.000000 0.100000 0.000000
vn -0.030432 -0.017365 -0.093661
vn -0.000854 -0.021517 -0.097654
vn 0.017095 -0.023179 -0.095763
vn 0.014246 -0.022885 -0.096298
vn 0.028866 -0.023717 -0.092759
vn 0.028422 -0.023586 -0.092930
vn 0.042835 -0.023874 -0.087151
vn 0.042634 -0.023822 -0.087263
vn 0.054351 -0.023605 -0.080553
vn 0.054021 -0.023531 -0.080796
vn 0.064658 -0.022898 -0.072767
vn 0.065132 -0.022749 -0.072390
vn 0.074233 -0.021844 -0.063343
vn 0.078654 -0.021082 -0.058044
vn 0.082418 -0.020403 -0.052830
vn 0.085627 -0.019594 -0.047792
vn 0.082734 -0.020439 -0.052320
vn 0.089058 -0.018588 -0.041511
vn 0.092738 -0.017365 -0.033138
vn 0.092290 -0.017365 -0.034365
vn -0.030432 -0.017365 -0.093661
vn -0.023514 -0.018487 -0.095422
vn -0.015938 -0.019608 -0.096755
vn -0.015894 -0.019625 -0.096759
vn -0.001173 -0.021401 -0.097676
vn -0.001085 -0.021432 -0.097670
vn 0.013768 -0.022729 -0.096405
vn 0.013899 -0.022771 -0.096376
vn 0.028253 -0.023537 -0.092994
vn -0.017101 -0.019424 -0.096593
vn -0.016004 -0.019582 -0.096749
vn -0.001305 -0.021353 -0.097685
vn -0.005929 -0.020831 -0.097626
vn 0.011993 -0.022498 -0.096695
vn 0.040731 -0.023571 -0.088235
vn 0.027999 -0.023464 -0.093089
vn 0.013570 -0.022665 -0.096448
vn 0.042333 -0.023746 -0.087430
vn 0.093252 -0.017365 -0.031663
vn 0.083486 -0.020527 -0.051076
vn 0.082942 -0.020463 -0.051979
vn 0.074795 -0.021933 -0.062647
vn 0.074571 -0.021897 -0.062926
vn 0.065227 -0.023009 -0.072222
vn 0.065000 -0.022965 -0.072441
vn 0.054570 -0.023655 -0.080390
vn 0.090496 -0.018686 -0.038227
vn 0.078094 -0.021784 -0.058538
vn 0.075381 -0.022028 -0.061907
vn 0.065821 -0.023128 -0.071643
vn 0.060952 -0.023651 -0.075667
vn 0.055144 -0.023787 -0.079958
vn 0.040172 -0.024126 -0.088341
vn 0.043362 -0.024011 -0.086852
vn 0.093252 -0.017365 -0.031664
vn 0.092738 -0.017365 -0.033138
vn 0.093253 -0.017365 -0.031659
vn 0.093255 -0.017365 -0.031654
vn 0.093257 -0.017365 -0.031649
vn 0.092296 -0.017366 -0.034349
vn 0.093258 -0.017365 -0.031644
vn 0.094337 0.008716 -0.032010
vn 0.093364 0.008716 -0.034746
vn 0.092833 0.008716 -0.036139
vn 0.093132 0.008716 -0.035363
vn 0.092922 0.008716 -0.035910
vn 0.092571 0.008716 -0.036804
vn 0.092062 0.008716 -0.038060
vn 0.091422 0.008716 -0.039573
vn 0.091564 0.008716 -0.039244
vn 0.094332 0.008716 -0.032023
vn -0.030784 0.008716 -0.094744
vn -0.030784 0.008716 -0.094744
vn -0.030784 0.008716 -0.094744
vn -0.030784 0.008716 -0.094744
vn -0.030784 0.008716 -0.094744
vn -0.030784 0.008716 -0.094744
vn -0.030784 0.008716 -0.094744
vn -0.030784 0.008716 -0.094744
vn -0.030784 0.008716 -0.094744
vn -0.030432 -0.017365 -0.093661
vn -0.030432 -0.017365 -0.093661
vn 0.092194 -0.017132 0.034738
vn 0.097111 -0.015361 0.018259
vn 0.093764 -0.017057 0.030288
vn 0.098320 -0.015961 0.008853
vn 0.096627 -0.018408 0.018011
vn 0.098631 -0.016426 0.001418
vn 0.098408 -0.016792 -0.005825
vn 0.097994 -0.019888 0.001326
vn 0.097687 -0.017064 -0.012889
vn 0.097385 -0.018332 -0.013420
vn 0.096494 -0.017247 -0.019783
vn 0.097829 -0.019301 -0.007542
vn 0.097761 -0.020875 0.002639
vn 0.097071 -0.021501 0.010718
vn 0.095192 -0.023131 0.020085
vn 0.094553 -0.022475 0.023549
vn 0.090454 -0.023074 0.035857
vn 0.093935 -0.022057 0.026262
vn 0.089640 -0.022621 0.038117
vn 0.089948 -0.020033 0.038832
vn 0.084984 -0.020492 0.048556
vn 0.085834 -0.018454 0.047874
vn 0.080662 -0.018900 0.056004
vn 0.084478 -0.018357 0.050263
vn 0.074224 -0.019006 0.064262
vn 0.074715 -0.019166 0.063642
vn 0.066985 -0.019249 0.071711
vn 0.070861 -0.020632 0.067476
vn 0.062009 -0.020259 0.075792
vn 0.066049 -0.021915 0.071814
vn 0.055147 -0.020794 0.080786
vn 0.055744 -0.021063 0.080305
vn 0.053401 -0.020769 0.081957
vn 0.068005 -0.022755 0.069696
vn 0.066850 -0.022281 0.070955
vn 0.076457 -0.023014 0.060206
vn 0.075549 -0.022586 0.061500
vn 0.083876 -0.022818 0.049439
vn 0.078975 -0.020702 0.057745
vn 0.091721 -0.023863 0.031905
vn 0.085063 -0.025150 0.046171
vn 0.086270 -0.024088 0.044466
vn 0.077981 -0.023784 0.057908
vn 0.084787 -0.023277 0.047639
vn 0.043250 -0.019274 0.088079
vn 0.043466 -0.019358 0.087954
vn 0.037373 -0.018451 0.090900
vn 0.030432 -0.017365 0.093661
vn 0.034000 -0.017931 0.092317
vn 0.030432 -0.017365 0.093661
vn 0.052175 -0.019576 0.083033
vn 0.061746 -0.019062 0.076315
vn 0.090227 -0.017841 0.039252
vn 0.093859 -0.019339 0.028575
vn 0.096749 -0.021145 0.013875
vn 0.030432 -0.017365 0.093661
vn 0.030432 -0.017365 0.093661
vn 0.030784 0.008716 0.094744
vn 0.030784 0.008716 0.094744
vn 0.030784 0.008716 0.094744
vn 0.030784 0.008716 0.094744
vn 0.030784 0.008716 0.094744
vn 0.030784 0.008716 0.094744
vn 0.030784 0.008716 0.094744
vn 0.030784 0.008716 0.094744
vn 0.030784 0.008716 0.094744
vn 0.030784 0.008716 0.094744
vn 0.096696 0.008716 -0.023956
vn 0.096886 0.008716 -0.023177
vn 0.096101 0.008716 -0.026243
vn 0.096079 0.008716 -0.026323
vn 0.095508 0.008716 -0.028323
vn 0.095451 0.008716 -0.028516
vn 0.095163 0.008716 -0.029464
vn 0.094747 0.008716 -0.030773
vn 0.094961 0.008716 -0.030107
vn 0.094744 0.008716 -0.030784
vn -0.093661 -0.017365 0.030432
vn -0.093661 -0.017365 0.030432
vn -0.093661 -0.017365 0.030432
vn -0.093661 -0.017365 0.030432
vn -0.093661 -0.017365 0.030432
vn -0.093661 -0.017365 0.030432
vn 0.000000 -0.100000 0.000000
vn 0.000000 -0.100000 0.000000
vn 0.000000 -0.100000 0.000000
vn 0.000000 -0.100000 0.000000
vn 0.000000 -0.100000 0.000000
vn 0.000000 -0.100000 0.000000
vn 0.000000 -0.100000 0.000000
vn 0.000000 -0.100000 0.000000
vn 0.000000 -0.100000 0.000000
vn -0.094744 0.008716 0.030784
vn -0.094744 0.008716 0.030784
vn -0.094744 0.008716 0.030784
vn -0.094744 0.008716 0.030784
vn 0.000000 0.100000 0.000000
vn 0.000000 0.100000 0.000000
vn 0.000000 0.100000 0.000000
vn 0.000000 0.100000 0.000000
vn 0.000000 0.100000 0.000000
vn 0.000000 0.100000 0.000000
vn 0.000000 0.100000 0.000000
vn -0.079673 -0.017365 0.057886
vn -0.092611 -0.021517 0.030989
vn -0.096358 -0.023179 0.013334
vn -0.095987 -0.022885 0.016209
vn -0.097139 -0.023717 0.001211
vn -0.097164 -0.023586 0.001686
vn -0.096122 -0.023874 -0.013807
vn -0.096167 -0.023822 -0.013582
vn -0.093406 -0.023605 -0.026798
vn -0.093535 -0.023531 -0.026410
vn -0.089186 -0.022898 -0.039008
vn -0.088974 -0.022749 -0.039575
vn -0.083182 -0.021844 -0.051026
vn -0.079509 -0.021082 -0.056867
vn -0.075713 -0.020403 -0.062059
vn -0.071913 -0.019594 -0.066668
vn -0.075326 -0.020439 -0.062516
vn -0.067000 -0.018588 -0.071871
vn -0.060174 -0.017365 -0.077959
vn -0.061203 -0.017365 -0.077154
vn -0.079673 -0.017365 0.057886
vn -0.083485 -0.018487 0.051850
vn -0.087094 -0.019608 0.045057
vn -0.087111 -0.019625 0.045016
vn -0.092533 -0.021401 0.031299
vn -0.092555 -0.021432 0.031214
vn -0.095941 -0.022729 0.016697
vn -0.095954 -0.022771 0.016563
vn -0.097173 -0.023537 0.001867
vn -0.086581 -0.019424 0.046113
vn -0.087069 -0.019582 0.045117
vn -0.092501 -0.021353 0.031427
vn -0.091016 -0.020831 0.035807
vn -0.095669 -0.022498 0.018474
vn -0.096503 -0.023571 -0.011471
vn -0.097185 -0.023464 0.002137
vn -0.095921 -0.022665 0.016898
vn -0.096233 -0.023746 -0.013244
vn -0.058930 -0.017365 -0.078903
vn -0.074374 -0.020527 -0.063617
vn -0.075066 -0.020463 -0.062821
vn -0.082694 -0.021933 -0.051775
vn -0.082890 -0.021897 -0.051476
vn -0.088844 -0.023009 -0.039716
vn -0.088981 -0.022965 -0.039433
vn -0.093319 -0.023655 -0.027057
vn -0.064321 -0.018686 -0.074254
vn -0.079806 -0.021784 -0.056183
vn -0.082171 -0.022028 -0.052561
vn -0.088476 -0.023128 -0.040461
vn -0.090799 -0.023651 -0.034586
vn -0.093085 -0.023787 -0.027737
vn -0.096431 -0.024126 -0.010907
vn -0.096000 -0.024011 -0.014401
vn -0.058930 -0.017365 -0.078903
vn -0.060174 -0.017365 -0.077959
vn -0.058926 -0.017365 -0.078906
vn -0.058922 -0.017365 -0.078909
vn -0.058918 -0.017365 -0.078912
vn -0.061189 -0.017366 -0.077165
vn -0.058914 -0.017365 -0.078915
vn -0.059595 0.008716 -0.079828
vn -0.061896 0.008716 -0.078057
vn -0.063057 0.008716 -0.077122
vn -0.062412 0.008716 -0.077646
vn -0.062867 0.008716 -0.077277
vn -0.063609 0.008716 -0.076667
vn -0.064646 0.008716 -0.075795
vn -0.065887 0.008716 -0.074719
vn -0.065618 0.008716 -0.074955
vn -0.059606 0.008716 -0.079820
vn -0.080594 0.008716 0.058555
vn -0.080594 0.008716 0.058555
vn -0.080594 0.008716 0.058555
vn -0.080594 0.008716 0.058555
vn -0.080594 0.008716 0.058555
vn -0.080594 0.008716 0.058555
vn -0.080594 0.008716 0.058555
vn -0.080594 0.008716 0.058555
vn -0.080594 0.008716 0.058555
vn -0.079673 -0.017365 0.057886
vn -0.079673 -0.017365 0.057886
vn 0.004548 -0.017132 -0.098416
vn -0.012643 -0.015361 -0.098001
vn -0.000169 -0.017057 -0.098534
vn -0.021963 -0.015961 -0.096244
vn -0.012730 -0.018408 -0.097463
vn -0.029130 -0.016426 -0.094242
vn -0.035949 -0.016792 -0.091791
vn -0.029021 -0.019888 -0.093607
vn -0.042445 -0.017064 -0.088923
vn -0.042856 -0.018332 -0.088472
vn -0.048633 -0.017247 -0.085659
vn -0.037404 -0.019301 -0.090711
vn -0.027700 -0.020875 -0.093792
vn -0.019803 -0.021501 -0.095632
vn -0.010314 -0.023131 -0.096740
vn -0.006822 -0.022475 -0.097203
vn 0.006150 -0.023074 -0.097107
vn -0.004051 -0.022057 -0.097453
vn 0.008551 -0.022621 -0.097032
vn 0.009136 -0.020033 -0.097546
vn 0.019918 -0.020492 -0.095830
vn 0.019007 -0.018454 -0.096427
vn 0.028337 -0.018900 -0.094020
vn 0.021698 -0.018357 -0.095876
vn 0.038180 -0.019006 -0.090449
vn 0.037439 -0.019166 -0.090725
vn 0.047502 -0.019249 -0.085866
vn 0.042277 -0.020632 -0.088244
vn 0.052921 -0.020259 -0.082395
vn 0.047889 -0.021915 -0.085008
vn 0.059791 -0.020794 -0.077413
vn 0.059149 -0.021063 -0.077831
vn 0.061444 -0.020769 -0.076114
vn 0.045270 -0.022755 -0.086214
vn 0.046825 -0.022281 -0.085504
vn 0.033633 -0.023014 -0.091319
vn 0.035144 -0.022586 -0.090856
vn 0.021100 -0.022818 -0.095048
vn 0.030514 -0.020702 -0.092953
vn 0.002000 -0.023863 -0.097091
vn 0.017625 -0.025150 -0.095167
vn 0.015631 -0.024088 -0.095789
vn 0.030976 -0.023784 -0.092059
vn 0.019107 -0.023277 -0.095358
vn 0.070403 -0.019274 -0.068351
vn 0.070218 -0.019358 -0.068518
vn 0.074902 -0.018451 -0.063634
vn 0.079673 -0.017365 -0.057886
vn 0.077292 -0.017931 -0.060864
vn 0.079673 -0.017365 -0.057886
vn 0.062847 -0.019576 -0.075280
vn 0.053500 -0.019062 -0.082307
vn 0.009449 -0.017841 -0.097941
vn -0.001828 -0.019339 -0.098095
vn -0.016701 -0.021145 -0.096301
vn 0.079673 -0.017365 -0.057886
vn 0.079673 -0.017365 -0.057886
vn 0.080594 0.008716 -0.058555
vn 0.080594 0.008716 -0.058555
vn 0.080594 0.008716 -0.058555
vn 0.080594 0.008716 -0.058555
vn 0.080594 0.008716 -0.058555
vn 0.080594 0.008716 -0.058555
vn 0.080594 0.008716 -0.058555
vn 0.080594 0.008716 -0.058555
vn 0.080594 0.008716 -0.058555
vn 0.080594 0.008716 -0.058555
vn -0.052664 0.008716 -0.084561
vn -0.051982 0.008716 -0.084982
vn -0.054656 0.008716 -0.083287
vn -0.054725 0.008716 -0.083242
vn -0.056450 0.008716 -0.082082
vn -0.056617 0.008716 -0.081967
vn -0.057429 0.008716 -0.081400
vn -0.058546 0.008716 -0.080601
vn -0.057978 0.008716 -0.081010
vn -0.058555 0.008716 -0.080594
vn 0.057886 -0.017365 0.079673
vn 0.057886 -0.017365 0.079673
vn 0.057886 -0.017365 0.079673
vn 0.057886 -0.017365 0.079673
vn 0.057886 -0.017365 0.079673
vn 0.057886 -0.017365 0.079673
vn 0.000000 -0.100000 0.000000
vn 0.000000 -0.100000 0.000000
vn 0.000000 -0.100000 0.000000
vn 0.000000 -0.100000 0.000000
vn 0.000000 -0.100000 0.000000
vn 0.000000 -0.100000 0.000000
vn 0.000000 -0.100000 0.000000
vn 0.000000 -0.100000 0.000000
vn 0.000000 -0.100000 0.000000
vn 0.058555 0.008716 0.080594
vn 0.058555 0.008716 0.080594
vn 0.058555 0.008716 0.080594
vn 0.058555 0.008716 0.080594
vn 0.000000 0.100000 0.000000
vn 0.000000 0.100000 0.000000
vn 0.000000 0.100000 0.000000
vn 0.000000 0.100000 0.000000
vn 0.000000 0.100000 0.000000
vn 0.000000 0.100000 0.000000
vn 0.000000 0.100000 0.000000
vn -0.057886 -0.017365 0.079673
vn -0.078502 -0.021517 0.058090
vn -0.087522 -0.023179 0.042458
vn -0.086280 -0.022885 0.045078
vn -0.092011 -0.023717 0.031169
vn -0.091887 -0.023586 0.031629
vn -0.095684 -0.023874 0.016572
vn -0.095657 -0.023822 0.016800
vn -0.097115 -0.023605 0.003377
vn -0.097118 -0.023531 0.003786
vn -0.096875 -0.022898 -0.009538
vn -0.096848 -0.022749 -0.010143
vn -0.094878 -0.021844 -0.022824
vn -0.093190 -0.021082 -0.029515
vn -0.091184 -0.020403 -0.035625
vn -0.088995 -0.019594 -0.041183
vn -0.090957 -0.020439 -0.036180
vn -0.085930 -0.018588 -0.047650
vn -0.081319 -0.017365 -0.055549
vn -0.082049 -0.017365 -0.054465
vn -0.057886 -0.017365 0.079673
vn -0.063377 -0.018487 0.075111
vn -0.068908 -0.019608 0.069765
vn -0.068937 -0.019625 0.069732
vn -0.078332 -0.021401 0.058362
vn -0.078379 -0.021432 0.058287
vn -0.086085 -0.022729 0.045527
vn -0.086139 -0.022771 0.045403
vn -0.091840 -0.023537 0.031803
vn -0.068094 -0.019424 0.070611
vn -0.068865 -0.019582 0.069815
vn -0.078262 -0.021353 0.058473
vn -0.075496 -0.020831 0.062180
vn -0.085278 -0.022498 0.047134
vn -0.095325 -0.023571 0.018911
vn -0.091768 -0.023464 0.032065
vn -0.086004 -0.022665 0.045712
vn -0.095615 -0.023746 0.017142
vn -0.080428 -0.017365 -0.056831
vn -0.090393 -0.020527 -0.037520
vn -0.090804 -0.020463 -0.036549
vn -0.094646 -0.021933 -0.023688
vn -0.094740 -0.021897 -0.023342
vn -0.096768 -0.023009 -0.010318
vn -0.096812 -0.022965 -0.010006
vn -0.097112 -0.023655 0.003105
vn -0.084118 -0.018686 -0.050744
vn -0.093261 -0.021784 -0.028772
vn -0.094392 -0.022028 -0.024597
vn -0.096649 -0.023128 -0.011140
vn -0.097042 -0.023651 -0.004835
vn -0.097100 -0.023787 0.002385
vn -0.095082 -0.024126 0.019426
vn -0.095752 -0.024011 0.015970
vn -0.080428 -0.017365 -0.056831
vn -0.081319 -0.017365 -0.055549
vn -0.080425 -0.017365 -0.056835
vn -0.080422 -0.017365 -0.056839
vn -0.080420 -0.017365 -0.056843
vn -0.082039 -0.017366 -0.054480
vn -0.080417 -0.017365 -0.056847
vn -0.081347 0.008716 -0.057505
vn -0.082988 0.008716 -0.055110
vn -0.083803 0.008716 -0.053862
vn -0.083351 0.008716 -0.054559
vn -0.083670 0.008716 -0.054068
vn -0.084187 0.008716 -0.053259
vn -0.084904 0.008716 -0.052109
vn -0.085752 0.008716 -0.050701
vn -0.085569 0.008716 -0.051010
vn -0.081354 0.008716 -0.057494
vn -0.058555 0.008716 0.080594
vn -0.058555 0.008716 0.080594
vn -0.058555 0.008716 0.080594
vn -0.058555 0.008716 0.080594
vn -0.058555 0.008716 0.080594
vn -0.058555 0.008716 0.080594
vn -0.058555 0.008716 0.080594
vn -0.058555 0.008716 0.080594
vn -0.058555 0.008716 0.080594
vn -0.057886 -0.017365 0.079673
vn -0.057886 -0.017365 0.079673
vn -0.026087 -0.017132 -0.095005
vn -0.042309 -0.015361 -0.089297
vn -0.030610 -0.017057 -0.093659
vn -0.050629 -0.015961 -0.084746
vn -0.042224 -0.018408 -0.088759
vn -0.056827 -0.016426 -0.080628
vn -0.062555 -0.016792 -0.076190
vn -0.056527 -0.019888 -0.080058
vn -0.067846 -0.017064 -0.071455
vn -0.068098 -0.018332 -0.070898
vn -0.072723 -0.017247 -0.066438
vn -0.063604 -0.019301 -0.074712
vn -0.055328 -0.020875 -0.080642
vn -0.048386 -0.021501 -0.084832
vn -0.039703 -0.023131 -0.088818
vn -0.036526 -0.022475 -0.090337
vn -0.024159 -0.023074 -0.094255
vn -0.033968 -0.022057 -0.091431
vn -0.021852 -0.022621 -0.094925
vn -0.021454 -0.020033 -0.095595
vn -0.010670 -0.020492 -0.097295
vn -0.011721 -0.018454 -0.097581
vn -0.002103 -0.018900 -0.098175
vn -0.008991 -0.018357 -0.097889
vn 0.008361 -0.019006 -0.097820
vn 0.007571 -0.019166 -0.097854
vn 0.018643 -0.019249 -0.096343
vn 0.012939 -0.020632 -0.096989
vn 0.024869 -0.020259 -0.094716
vn 0.019276 -0.021915 -0.095646
vn 0.032942 -0.020794 -0.092100
vn 0.032203 -0.021063 -0.092300
vn 0.034916 -0.020769 -0.091376
vn 0.016412 -0.022755 -0.095984
vn 0.018111 -0.022281 -0.095789
vn 0.003767 -0.023014 -0.097243
vn 0.005348 -0.022586 -0.097269
vn -0.009304 -0.022818 -0.096916
vn 0.000296 -0.020702 -0.097833
vn -0.028101 -0.023863 -0.092957
vn -0.012646 -0.025150 -0.095956
vn -0.014734 -0.024088 -0.095931
vn 0.001012 -0.023784 -0.097125
vn -0.011296 -0.023277 -0.096595
vn 0.045836 -0.019274 -0.086762
vn 0.045608 -0.019358 -0.086863
vn 0.051572 -0.018451 -0.083665
vn 0.057886 -0.017365 -0.079673
vn 0.054701 -0.017931 -0.081770
vn 0.057886 -0.017365 -0.079673
vn 0.036508 -0.019576 -0.091016
vn 0.025447 -0.019062 -0.094811
vn -0.021279 -0.017841 -0.096067
vn -0.032051 -0.019339 -0.092729
vn -0.045643 -0.021145 -0.086427
vn 0.057886 -0.017365 -0.079673
vn 0.057886 -0.017365 -0.079673
vn 0.058555 0.008716 -0.080594
vn 0.058555 0.008716 -0.080594
vn 0.058555 0.008716 -0.080594
vn 0.058555 0.008716 -0.080594
vn 0.058555 0.008716 -0.080594
vn 0.058555 0.008716 -0.080594
vn 0.058555 0.008716 -0.080594
vn 0.058555 0.008716 -0.080594
vn 0.058555 0.008716 -0.080594
vn 0.058555 0.008716 -0.080594
vn -0.076217 0.008716 -0.064148
vn -0.075699 0.008716 -0.064759
vn -0.077718 0.008716 -0.062322
vn -0.077770 0.008716 -0.062257
vn -0.079052 0.008716 -0.060620
vn -0.079175 0.008716 -0.060460
vn -0.079772 0.008716 -0.059670
vn -0.080587 0.008716 -0.058564
vn -0.080174 0.008716 -0.059129
vn -0.080594 0.008716 -0.058555
vn 0.079673 -0.017365 0.057886
vn 0.079673 -0.017365 0.057886
vn 0.079673 -0.017365 0.057886
vn 0.079673 -0.017365 0.057886
vn 0.079673 -0.017365 0.057886
vn 0.079673 -0.017365 0.057886
vn 0.000000 -0.100000 0.000000
vn 0.000000 -0.100000 0.000000
vn 0.000000 -0.100000 0.000000
vn 0.000000 -0.100000 0.000000
vn 0.000000 -0.100000 0.000000
vn 0.000000 -0.100000 0.000000
vn 0.000000 -0.100000 0.000000
vn 0.000000 -0.100000 0.000000
vn 0.000000 -0.100000 0.000000
vn 0.080594 0.008716 0.058555
vn 0.080594 0.008716 0.058555
vn 0.080594 0.008716 0.058555
vn 0.080594 0.008716 0.058555
vn 0.000000 0.100000 0.000000
vn 0.000000 0.100000 0.000000
vn 0.000000 0.100000 0.000000
vn 0.000000 0.100000 0.000000
vn 0.000000 0.100000 0.000000
vn 0.000000 0.100000 0.000000
vn 0.000000 0.100000 0.000000
vn -0.030432 -0.017365 0.093661
vn -0.056709 -0.021517 0.079505
vn -0.070118 -0.023179 0.067426
vn -0.068128 -0.022885 0.069534
vn -0.077876 -0.023717 0.058076
vn -0.077616 -0.023586 0.058476
vn -0.085880 -0.023874 0.045329
vn -0.085784 -0.023822 0.045537
vn -0.091319 -0.023605 0.033222
vn -0.091195 -0.023531 0.033612
vn -0.095081 -0.022898 0.020864
vn -0.095243 -0.022749 0.020281
vn -0.097288 -0.021844 0.007612
vn -0.097750 -0.021082 0.000727
vn -0.097730 -0.020403 -0.005704
vn -0.097365 -0.019594 -0.011666
vn -0.097686 -0.020439 -0.006302
vn -0.096449 -0.018588 -0.018764
vn -0.094505 -0.017365 -0.027701
vn -0.094864 -0.017365 -0.026445
vn -0.030432 -0.017365 0.093661
vn -0.037064 -0.018487 0.091019
vn -0.043977 -0.019608 0.087645
vn -0.044015 -0.019625 0.087622
vn -0.056464 -0.021401 0.079711
vn -0.056531 -0.021432 0.079655
vn -0.067804 -0.022729 0.069901
vn -0.067893 -0.022771 0.069800
vn -0.077517 -0.023537 0.058627
vn -0.042941 -0.019424 0.088197
vn -0.043921 -0.019582 0.087679
vn -0.056362 -0.021353 0.079796
vn -0.052587 -0.020831 0.082466
vn -0.066539 -0.022498 0.071179
vn -0.084815 -0.023571 0.047443
vn -0.077368 -0.023464 0.058853
vn -0.067669 -0.022665 0.070051
vn -0.085639 -0.023746 0.045850
vn -0.094053 -0.017365 -0.029196
vn -0.097563 -0.020527 -0.007751
vn -0.097654 -0.020463 -0.006700
vn -0.097333 -0.021933 0.006719
vn -0.097316 -0.021897 0.007077
vn -0.095221 -0.023009 0.020090
vn -0.095165 -0.022965 0.020400
vn -0.091400 -0.023655 0.032962
vn -0.095682 -0.018686 -0.022266
vn -0.097588 -0.021784 0.001456
vn -0.097372 -0.022028 0.005776
vn -0.095361 -0.023128 0.019271
vn -0.093787 -0.023651 0.025389
vn -0.091611 -0.023787 0.032274
vn -0.084425 -0.024126 0.047857
vn -0.086131 -0.024011 0.044777
vn -0.094054 -0.017365 -0.029196
vn -0.094505 -0.017365 -0.027701
vn -0.094052 -0.017365 -0.029201
vn -0.094051 -0.017365 -0.029205
vn -0.094049 -0.017365 -0.029210
vn -0.094859 -0.017366 -0.026462
vn -0.094048 -0.017365 -0.029215
vn -0.095135 0.008716 -0.029553
vn -0.095956 0.008716 -0.026768
vn -0.096346 0.008716 -0.025329
vn -0.096131 0.008716 -0.026132
vn -0.096283 0.008716 -0.025567
vn -0.096525 0.008716 -0.024637
vn -0.096851 0.008716 -0.023321
vn -0.097223 0.008716 -0.021721
vn -0.097144 0.008716 -0.022071
vn -0.095139 0.008716 -0.029540
vn -0.030784 0.008716 0.094744
vn -0.030784 0.008716 0.094744
vn -0.030784 0.008716 0.094744
vn -0.030784 0.008716 0.094744
vn -0.030784 0.008716 0.094744
vn -0.030784 0.008716 0.094744
vn -0.030784 0.008716 0.094744
vn -0.030784 0.008716 0.094744
vn -0.030784 0.008716 0.094744
vn -0.030432 -0.017365 0.093661
vn -0.030432 -0.017365 0.093661
vn -0.054168 -0.017132 -0.082294
vn -0.067832 -0.015361 -0.071853
vn -0.058054 -0.017057 -0.079616
vn -0.074339 -0.015961 -0.064953
vn -0.067586 -0.018408 -0.071367
vn -0.078961 -0.016426 -0.059121
vn -0.083037 -0.016792 -0.053130
vn -0.078499 -0.019888 -0.058672
vn -0.086606 -0.017064 -0.046992
vn -0.086674 -0.018332 -0.046385
vn -0.089694 -0.017247 -0.040714
vn -0.083579 -0.019301 -0.051401
vn -0.077539 -0.020875 -0.059598
vn -0.072232 -0.021501 -0.065728
vn -0.065206 -0.023131 -0.072202
vn -0.062654 -0.022475 -0.074628
vn -0.052103 -0.023074 -0.082176
vn -0.060559 -0.022057 -0.076460
vn -0.050116 -0.022621 -0.083527
vn -0.049945 -0.020033 -0.084286
vn -0.040213 -0.020492 -0.089235
vn -0.041302 -0.018454 -0.089183
vn -0.032338 -0.018900 -0.092720
vn -0.038800 -0.018357 -0.090319
vn -0.022276 -0.019006 -0.095617
vn -0.023038 -0.019166 -0.095404
vn -0.012041 -0.019249 -0.097388
vn -0.017666 -0.020632 -0.096240
vn -0.005617 -0.020259 -0.097765
vn -0.011224 -0.021915 -0.096921
vn 0.002870 -0.020794 -0.097772
vn 0.002105 -0.021063 -0.097734
vn 0.004970 -0.020769 -0.097693
vn -0.014051 -0.022755 -0.096358
vn -0.012376 -0.022281 -0.096697
vn -0.026467 -0.023014 -0.093647
vn -0.024972 -0.022586 -0.094161
vn -0.038797 -0.022818 -0.089298
vn -0.029950 -0.020702 -0.093136
vn -0.055450 -0.023863 -0.079723
vn -0.041679 -0.025150 -0.087352
vn -0.043657 -0.024088 -0.086682
vn -0.029051 -0.023784 -0.092684
vn -0.040593 -0.023277 -0.088377
vn 0.016781 -0.019274 -0.096679
vn 0.016533 -0.019358 -0.096705
vn 0.023194 -0.018451 -0.095507
vn 0.030432 -0.017365 -0.093661
vn 0.026756 -0.017931 -0.094671
vn 0.030432 -0.017365 -0.093661
vn 0.006595 -0.019576 -0.097843
vn -0.005097 -0.019062 -0.098034
vn -0.049924 -0.017841 -0.084790
vn -0.059138 -0.019339 -0.078286
vn -0.070116 -0.021145 -0.068093
vn 0.030432 -0.017365 -0.093661
vn 0.030432 -0.017365 -0.093661
vn 0.030784 0.008716 -0.094744
vn 0.030784 0.008716 -0.094744
vn 0.030784 0.008716 -0.094744
vn 0.030784 0.008716 -0.094744
vn 0.030784 0.008716 -0.094744
vn 0.030784 0.008716 -0.094744
vn 0.030784 0.008716 -0.094744
vn 0.030784 0.008716 -0.094744
vn 0.030784 0.008716 -0.094744
vn 0.030784 0.008716 -0.094744
vn -0.092310 0.008716 -0.037456
vn -0.092005 0.008716 -0.038197
vn -0.093172 0.008716 -0.035255
vn -0.093202 0.008716 -0.035178
vn -0.093916 0.008716 -0.033225
vn -0.093983 0.008716 -0.033034
vn -0.094307 0.008716 -0.032099
vn -0.094740 0.008716 -0.030795
vn -0.094521 0.008716 -0.031460
vn -0.094744 0.008716 -0.030784
vn 0.093661 -0.017365 0.030432
vn 0.093661 -0.017365 0.030432
vn 0.093661 -0.017365 0.030432
vn 0.093661 -0.017365 0.030432
vn 0.093661 -0.017365 0.030432
vn 0.093661 -0.017365 0.030432
vn 0.000000 -0.100000 0.000000
vn 0.000000 -0.100000 0.000000
vn 0.000000 -0.100000 0.000000
vn 0.000000 -0.100000 0.000000
vn 0.000000 -0.100000 0.000000
vn 0.000000 -0.100000 0.000000
vn 0.000000 -0.100000 0.000000
vn 0.000000 -0.100000 0.000000
vn 0.000000 -0.100000 0.000000
vn 0.094744 0.008716 0.030784
vn 0.094744 0.008716 0.030784
vn 0.094744 0.008716 0.030784
vn 0.094744 0.008716 0.030784
vn 0.000000 0.100000 0.000000
vn 0.000000 0.100000 0.000000
vn 0.000000 0.100000 0.000000
vn 0.000000 0.100000 0.000000
vn 0.000000 0.100000 0.000000
vn 0.000000 0.100000 0.000000
vn 0.000000 0.100000 0.000000
vn -0.000000 -0.017365 0.098481
vn -0.029365 -0.021517 0.093138
vn -0.045850 -0.023179 0.085793
vn -0.043306 -0.022885 0.087183
vn -0.056118 -0.023717 0.079299
vn -0.055747 -0.023586 0.079598
vn -0.067669 -0.023874 0.069648
vn -0.067513 -0.023822 0.069817
vn -0.076583 -0.023605 0.059815
vn -0.076345 -0.023531 0.060148
vn -0.083980 -0.022898 0.049225
vn -0.084314 -0.022749 0.048720
vn -0.090174 -0.021844 0.037303
vn -0.092741 -0.021082 0.030898
vn -0.094709 -0.020403 0.024775
vn -0.096205 -0.019594 0.018992
vn -0.094852 -0.020439 0.024193
vn -0.097527 -0.018588 0.011959
vn -0.098439 -0.017365 0.002858
vn -0.098393 -0.017365 0.004164
vn 0.000000 -0.017365 0.098481
vn -0.007124 -0.018487 0.098018
vn -0.014741 -0.019608 0.096945
vn -0.014784 -0.019625 0.096934
vn -0.029068 -0.021401 0.093258
vn -0.029150 -0.021432 0.093225
vn -0.042885 -0.022729 0.087432
vn -0.043001 -0.022771 0.087364
vn -0.055606 -0.023537 0.079712
vn -0.013585 -0.019424 0.097150
vn -0.014677 -0.019582 0.096960
vn -0.028945 -0.021353 0.093307
vn -0.024529 -0.020831 0.094680
vn -0.041287 -0.022498 0.088257
vn -0.066003 -0.023571 0.071330
vn -0.055395 -0.023464 0.079880
vn -0.042710 -0.022665 0.087534
vn -0.067279 -0.023746 0.070069
vn -0.098472 -0.017365 0.001297
vn -0.095183 -0.020527 0.022777
vn -0.094945 -0.020463 0.023804
vn -0.090493 -0.021933 0.036468
vn -0.090366 -0.021897 0.036803
vn -0.084352 -0.023009 0.048531
vn -0.084204 -0.022965 0.048809
vn -0.076741 -0.023655 0.059593
vn -0.097880 -0.018686 0.008391
vn -0.092361 -0.021784 0.031541
vn -0.090822 -0.022028 0.035583
vn -0.084738 -0.023128 0.047796
vn -0.081351 -0.023651 0.053128
vn -0.077154 -0.023787 0.059004
vn -0.065505 -0.024126 0.071604
vn -0.068078 -0.024011 0.069201
vn -0.098472 -0.017365 0.001298
vn -0.098439 -0.017365 0.002858
vn -0.098472 -0.017365 0.001292
vn -0.098472 -0.017365 0.001287
vn -0.098472 -0.017365 0.001282
vn -0.098393 -0.017366 0.004146
vn -0.098472 -0.017365 0.001277
vn -0.099611 0.008716 0.001292
vn -0.099531 0.008716 0.004194
vn -0.099457 0.008716 0.005683
vn -0.099501 0.008716 0.004853
vn -0.099471 0.008716 0.005438
vn -0.099414 0.008716 0.006397
vn -0.099318 0.008716 0.007749
vn -0.099176 0.008716 0.009385
vn -0.099209 0.008716 0.009029
vn -0.099611 0.008716 0.001305
vn -0.000000 0.008716 0.099619
vn -0.000000 0.008716 0.099619
vn -0.000000 0.008716 0.099619
vn -0.000000 0.008716 0.099619
vn -0.000000 0.008716 0.099619
vn -0.000000 0.008716 0.099619
vn -0.000000 0.008716 0.099619
vn -0.000000 0.008716 0.099619
vn -0.000000 0.008716 0.099619
vn -0.000000 -0.017365 0.098481
vn -0.000000 -0.017365 0.098481
vn -0.076947 -0.017132 -0.061527
vn -0.086716 -0.015361 -0.047375
vn -0.079816 -0.017057 -0.057780
vn -0.090772 -0.015961 -0.038802
vn -0.086332 -0.018408 -0.046989
vn -0.093366 -0.016426 -0.031828
vn -0.095391 -0.016792 -0.024870
vn -0.092788 -0.019888 -0.031543
vn -0.096888 -0.017064 -0.017929
vn -0.096766 -0.018332 -0.017331
vn -0.097885 -0.017247 -0.011004
vn -0.095372 -0.019301 -0.023058
vn -0.092161 -0.020875 -0.032720
vn -0.089008 -0.021501 -0.040190
vn -0.084327 -0.023131 -0.048518
vn -0.082649 -0.022475 -0.051615
vn -0.074946 -0.023074 -0.062053
vn -0.081222 -0.022057 -0.054004
vn -0.073474 -0.022621 -0.063952
vn -0.073546 -0.020033 -0.064727
vn -0.065820 -0.020492 -0.072441
vn -0.066839 -0.018454 -0.072055
vn -0.059408 -0.018900 -0.078189
vn -0.064811 -0.018357 -0.073909
vn -0.050733 -0.019006 -0.084053
vn -0.051392 -0.019166 -0.083615
vn -0.041546 -0.019249 -0.088901
vn -0.046541 -0.020632 -0.086071
vn -0.035553 -0.020259 -0.091245
vn -0.040625 -0.021915 -0.088709
vn -0.027484 -0.020794 -0.093874
vn -0.028200 -0.021063 -0.093601
vn -0.025462 -0.020769 -0.094448
vn -0.043140 -0.022755 -0.087299
vn -0.041651 -0.022281 -0.088140
vn -0.054110 -0.023014 -0.080885
vn -0.052847 -0.022586 -0.081836
vn -0.064493 -0.022818 -0.072938
vn -0.057265 -0.020702 -0.079323
vn -0.077372 -0.023863 -0.058686
vn -0.066632 -0.025150 -0.070197
vn -0.068307 -0.024088 -0.068949
vn -0.056270 -0.023784 -0.079171
vn -0.065916 -0.023277 -0.071508
vn -0.013916 -0.019274 -0.097133
vn -0.014159 -0.019358 -0.097081
vn -0.007454 -0.018451 -0.098000
vn -0.000000 -0.017365 -0.098481
vn -0.003809 -0.017931 -0.098306
vn -0.000000 -0.017365 -0.098481
vn -0.023963 -0.019576 -0.095092
vn -0.035141 -0.019062 -0.091661
vn -0.073682 -0.017841 -0.065213
vn -0.080435 -0.019339 -0.056180
vn -0.087726 -0.021145 -0.043093
vn 0.000000 -0.017365 -0.098481
vn 0.000000 -0.017365 -0.098481
vn 0.000000 0.008716 -0.099619
vn 0.000000 0.008716 -0.099619
vn 0.000000 0.008716 -0.099619
vn 0.000000 0.008716 -0.099619
vn 0.000000 0.008716 -0.099619
vn 0.000000 0.008716 -0.099619
vn 0.000000 0.008716 -0.099619
vn 0.000000 0.008716 -0.099619
vn 0.000000 0.008716 -0.099619
vn 0.000000 0.008716 -0.099619
vn -0.099366 0.008716 -0.007098
vn -0.099306 0.008716 -0.007897
vn -0.099507 0.008716 -0.004738
vn -0.099511 0.008716 -0.004655
vn -0.099586 0.008716 -0.002577
vn -0.099591 0.008716 -0.002375
vn -0.099610 0.008716 -0.001385
vn -0.099619 0.008716 -0.000012
vn -0.099617 0.008716 -0.000712
vn -0.099619 0.008716 -0.000000
vn 0.098481 -0.017365 0.000000
vn 0.098481 -0.017365 0.000000
vn 0.098481 -0.017365 0.000000
vn 0.098481 -0.017365 0.000000
vn 0.098481 -0.017365 0.000000
vn 0.098481 -0.017365 0.000000
vn 0.000000 -0.100000 0.000000
vn 0.000000 -0.100000 0.000000
vn 0.000000 -0.100000 0.000000
vn 0.000000 -0.100000 0.000000
vn 0.000000 -0.100000 0.000000
vn 0.000000 -0.100000 0.000000
vn 0.000000 -0.100000 0.000000
vn 0.000000 -0.100000 0.000000
vn 0.000000 -0.100000 0.000000
vn 0.099619 0.008716 0.000000
vn 0.099619 0.008716 0.000000
vn 0.099619 0.008716 0.000000
vn 0.099619 0.008716 0.000000
vn 0.000000 0.100000 0.000000
vn 0.000000 0.100000 0.000000
vn 0.000000 0.100000 0.000000
vn 0.000000 0.100000 0.000000
vn 0.000000 0.100000 0.000000
vn 0.000000 0.100000 0.000000
vn 0.000000 0.100000 0.000000
vn 0.057886 -0.017365 0.079673
vn 0.030989 -0.021517 0.092611
vn 0.013334 -0.023179 0.096358
vn 0.016209 -0.022885 0.095987
vn 0.001211 -0.023717 0.097139
vn 0.001686 -0.023586 0.097164
vn -0.013807 -0.023874 0.096122
vn -0.013582 -0.023822 0.096167
vn -0.026798 -0.023605 0.093406
vn -0.026410 -0.023531 0.093535
vn -0.039008 -0.022898 0.089186
vn -0.039575 -0.022749 0.088974
vn -0.051026 -0.021844 0.083182
vn -0.056867 -0.021082 0.079509
vn -0.062059 -0.020403 0.075713
vn -0.066668 -0.019594 0.071913
vn -0.062516 -0.020439 0.075326
vn -0.071871 -0.018588 0.067000
vn -0.077959 -0.017365 0.060174
vn -0.077154 -0.017365 0.061203
vn 0.057886 -0.017365 0.079673
vn 0.051850 -0.018487 0.083485
vn 0.045057 -0.019608 0.087094
vn 0.045016 -0.019625 0.087111
vn 0.031299 -0.021401 0.092533
vn 0.031214 -0.021432 0.092555
vn 0.016697 -0.022729 0.095941
vn 0.016563 -0.022771 0.095954
vn 0.001867 -0.023537 0.097173
vn 0.046113 -0.019424 0.086581
vn 0.045117 -0.019582 0.087069
vn 0.031427 -0.021353 0.092501
vn 0.035807 -0.020831 0.091016
vn 0.018474 -0.022498 0.095669
vn -0.011471 -0.023571 0.096503
vn 0.002137 -0.023464 0.097185
vn 0.016898 -0.022665 0.095921
vn -0.013244 -0.023746 0.096233
vn -0.078903 -0.017365 0.058930
vn -0.063617 -0.020527 0.074374
vn -0.062821 -0.020463 0.075066
vn -0.051775 -0.021933 0.082694
vn -0.051476 -0.021897 0.082890
vn -0.039716 -0.023009 0.088844
vn -0.039433 -0.022965 0.088981
vn -0.027057 -0.023655 0.093319
vn -0.074254 -0.018686 0.064321
vn -0.056183 -0.021784 0.079806
vn -0.052561 -0.022028 0.082171
vn -0.040461 -0.023128 0.088476
vn -0.034586 -0.023651 0.090799
vn -0.027737 -0.023787 0.093085
vn -0.010907 -0.024126 0.096431
vn -0.014401 -0.024011 0.096000
vn -0.078903 -0.017365 0.058930
vn -0.077959 -0.017365 0.060174
vn -0.078906 -0.017365 0.058926
vn -0.078909 -0.017365 0.058922
vn -0.078912 -0.017365 0.058918
vn -0.077165 -0.017366 0.061189
vn -0.078915 -0.017365 0.058914
vn -0.079828 0.008716 0.059595
vn -0.078057 0.008716 0.061896
vn -0.077122 0.008716 0.063057
vn -0.077646 0.008716 0.062412
vn -0.077277 0.008716 0.062867
vn -0.076667 0.008716 0.063609
vn -0.075795 0.008716 0.064646
vn -0.074719 0.008716 0.065887
vn -0.074955 0.008716 0.065618
vn -0.079820 0.008716 0.059606
vn 0.058555 0.008716 0.080594
vn 0.058555 0.008716 0.080594
vn 0.058555 0.008716 0.080594
vn 0.058555 0.008716 0.080594
vn 0.058555 0.008716 0.080594
vn 0.058555 0.008716 0.080594
vn 0.058555 0.008716 0.080594
vn 0.058555 0.008716 0.080594
vn 0.058555 0.008716 0.080594
vn 0.057886 -0.017365 0.079673
vn 0.057886 -0.017365 0.079673
vn -0.098416 -0.017132 -0.004548
vn -0.098001 -0.015361 0.012643
vn -0.098534 -0.017057 0.000169
vn -0.096244 -0.015961 0.021963
vn -0.097463 -0.018408 0.012730
vn -0.094242 -0.016426 0.029130
vn -0.091791 -0.016792 0.035949
vn -0.093607 -0.019888 0.029021
vn -0.088923 -0.017064 0.042445
vn -0.088472 -0.018332 0.042856
vn -0.085659 -0.017247 0.048633
vn -0.090711 -0.019301 0.037404
vn -0.093792 -0.020875 0.027700
vn -0.095632 -0.021501 0.019803
vn -0.096740 -0.023131 0.010314
vn -0.097203 -0.022475 0.006822
vn -0.097107 -0.023074 -0.006150
vn -0.097453 -0.022057 0.004051
vn -0.097032 -0.022621 -0.008551
vn -0.097546 -0.020033 -0.009136
vn -0.095830 -0.020492 -0.019918
vn -0.096427 -0.018454 -0.019007
vn -0.094020 -0.018900 -0.028337
vn -0.095876 -0.018357 -0.021698
vn -0.090449 -0.019006 -0.038180
vn -0.090725 -0.019166 -0.037439
vn -0.085866 -0.019249 -0.047502
vn -0.088244 -0.020632 -0.042277
vn -0.082395 -0.020259 -0.052921
vn -0.085008 -0.021915 -0.047889
vn -0.077413 -0.020794 -0.059791
vn -0.077831 -0.021063 -0.059149
vn -0.076114 -0.020769 -0.061444
vn -0.086214 -0.022755 -0.045270
vn -0.085504 -0.022281 -0.046825
vn -0.091319 -0.023014 -0.033633
vn -0.090856 -0.022586 -0.035144
vn -0.095048 -0.022818 -0.021100
vn -0.092953 -0.020702 -0.030514
vn -0.097091 -0.023863 -0.002000
vn -0.095167 -0.025150 -0.017625
vn -0.095789 -0.024088 -0.015631
vn -0.092059 -0.023784 -0.030976
vn -0.095358 -0.023277 -0.019107
vn -0.068351 -0.019274 -0.070403
vn -0.068518 -0.019358 -0.070218
vn -0.063634 -0.018451 -0.074902
vn -0.057886 -0.017365 -0.079673
vn -0.060864 -0.017931 -0.077292
vn -0.057886 -0.017365 -0.079673
vn -0.075280 -0.019576 -0.062847
vn -0.082307 -0.019062 -0.053500
vn -0.097941 -0.017841 -0.009449
vn -0.098095 -0.019339 0.001828
vn -0.096301 -0.021145 0.016701
vn -0.057886 -0.017365 -0.079673
vn -0.057886 -0.017365 -0.079673
vn -0.058555 0.008716 -0.080594
vn -0.058555 0.008716 -0.080594
vn -0.058555 0.008716 -0.080594
vn -0.058555 0.008716 -0.080594
vn -0.058555 0.008716 -0.080594
vn -0.058555 0.008716 -0.080594
vn -0.058555 0.008716 -0.080594
vn -0.058555 0.008716 -0.080594
vn -0.058555 0.008716 -0.080594
vn -0.058555 0.008716 -0.080594
vn -0.084561 0.008716 0.052664
vn -0.084982 0.008716 0.051982
vn -0.083287 0.008716 0.054656
vn -0.083242 0.008716 0.054725
vn -0.082082 0.008716 0.056450
vn -0.081967 0.008716 0.056617
vn -0.081400 0.008716 0.057429
vn -0.080601 0.008716 0.058546
vn -0.081010 0.008716 0.057978
vn -0.080594 0.008716 0.058555
vn 0.079673 -0.017365 -0.057886
vn 0.079673 -0.017365 -0.057886
vn 0.079673 -0.017365 -0.057886
vn 0.079673 -0.017365 -0.057886
vn 0.079673 -0.017365 -0.057886
vn 0.079673 -0.017365 -0.057886
vn 0.000000 -0.100000 0.000000
vn 0.000000 -0.100000 0.000000
vn 0.000000 -0.100000 0.000000
vn 0.000000 -0.100000 0.000000
vn 0.000000 -0.100000 0.000000
vn 0.000000 -0.100000 0.000000
vn 0.000000 -0.100000 0.000000
vn 0.000000 -0.100000 0.000000
vn 0.000000 -0.100000 0.000000
vn 0.080594 0.008716 -0.058555
vn 0.080594 0.008716 -0.058555
vn 0.080594 0.008716 -0.058555
vn 0.080594 0.008716 -0.058555
vn 0.000000 0.100000 0.000000
vn 0.000000 0.100000 0.000000
vn 0.000000 0.100000 0.000000
vn 0.000000 0.100000 0.000000
vn 0.000000 0.100000 0.000000
vn 0.000000 0.100000 0.000000
vn 0.000000 0.100000 0.000000
vn 0.030432 -0.017365 0.093661
vn 0.000854 -0.021517 0.097654
vn -0.017095 -0.023179 0.095763
vn -0.014246 -0.022885 0.096298
vn -0.028866 -0.023717 0.092759
vn -0.028422 -0.023586 0.092930
vn -0.042835 -0.023874 0.087151
vn -0.042634 -0.023822 0.087263
vn -0.054351 -0.023605 0.080553
vn -0.054021 -0.023531 0.080796
vn -0.064658 -0.022898 0.072767
vn -0.065132 -0.022749 0.072390
vn -0.074233 -0.021844 0.063343
vn -0.078654 -0.021082 0.058044
vn -0.082418 -0.020403 0.052830
vn -0.085627 -0.019594 0.047792
vn -0.082734 -0.020439 0.052320
vn -0.089058 -0.018588 0.041511
vn -0.092738 -0.017365 0.033138
vn -0.092290 -0.017365 0.034365
vn 0.030432 -0.017365 0.093661
vn 0.023514 -0.018487 0.095422
vn 0.015938 -0.019608 0.096755
vn 0.015894 -0.019625 0.096759
vn 0.001173 -0.021401 0.097676
vn 0.001085 -0.021432 0.097670
vn -0.013768 -0.022729 0.096405
vn -0.013899 -0.022771 0.096376
vn -0.028253 -0.023537 0.092994
vn 0.017101 -0.019424 0.096593
vn 0.016004 -0.019582 0.096749
vn 0.001305 -0.021353 0.097685
vn 0.005929 -0.020831 0.097626
vn -0.011993 -0.022498 0.096695
vn -0.040731 -0.023571 0.088235
vn -0.027999 -0.023464 0.093089
vn -0.013570 -0.022665 0.096448
vn -0.042333 -0.023746 0.087430
vn -0.093252 -0.017365 0.031663
vn -0.083486 -0.020527 0.051076
vn -0.082942 -0.020463 0.051979
vn -0.074795 -0.021933 0.062647
vn -0.074571 -0.021897 0.062926
vn -0.065227 -0.023009 0.072222
vn -0.065000 -0.022965 0.072441
vn -0.054570 -0.023655 0.080390
vn -0.090496 -0.018686 0.038227
vn -0.078094 -0.021784 0.058538
vn -0.075381 -0.022028 0.061907
vn -0.065821 -0.023128 0.071643
vn -0.060952 -0.023651 0.075667
vn -0.055144 -0.023787 0.079958
vn -0.040172 -0.024126 0.088341
vn -0.043362 -0.024011 0.086852
vn -0.093252 -0.017365 0.031664
vn -0.092738 -0.017365 0.033138
vn -0.093253 -0.017365 0.031659
vn -0.093255 -0.017365 0.031654
vn -0.093257 -0.017365 0.031649
vn -0.092296 -0.017366 0.034349
vn -0.093258 -0.017365 0.031644
vn -0.094337 0.008716 0.032010
vn -0.093364 0.008716 0.034746
vn -0.092833 0.008716 0.036139
vn -0.093132 0.008716 0.035363
vn -0.092922 0.008716 0.035910
vn -0.092571 0.008716 0.036804
vn -0.092062 0.008716 0.038060
vn -0.091422 0.008716 0.039573
vn -0.091564 0.008716 0.039244
vn -0.094332 0.008716 0.032023
vn 0.030784 0.008716 0.094744
vn 0.030784 0.008716 0.094744
vn 0.030784 0.008716 0.094744
vn 0.030784 0.008716 0.094744
vn 0.030784 0.008716 0.094744
vn 0.030784 0.008716 0.094744
vn 0.030784 0.008716 0.094744
vn 0.030784 0.008716 0.094744
vn 0.030784 0.008716 0.094744
vn 0.030432 -0.017365 0.093661
vn 0.030432 -0.017365 0.093661
vn -0.092194 -0.017132 -0.034738
vn -0.097111 -0.015361 -0.018259
vn -0.093764 -0.017057 -0.030288
vn -0.098320 -0.015961 -0.008853
vn -0.096627 -0.018408 -0.018011
vn -0.098631 -0.016426 -0.001418
vn -0.098408 -0.016792 0.005825
vn -0.097994 -0.019888 -0.001326
vn -0.097687 -0.017064 0.012889
vn -0.097385 -0.018332 0.013420
vn -0.096494 -0.017247 0.019783
vn -0.097829 -0.019301 0.007542
vn -0.097761 -0.020875 -0.002639
vn -0.097071 -0.021501 -0.010718
vn -0.095192 -0.023131 -0.020085
vn -0.094553 -0.022475 -0.023549
vn -0.090454 -0.023074 -0.035857
vn -0.093935 -0.022057 -0.026262
vn -0.089640 -0.022621 -0.038117
vn -0.089948 -0.020033 -0.038832
vn -0.084984 -0.020492 -0.048556
vn -0.085834 -0.018454 -0.047874
vn -0.080662 -0.018900 -0.056004
vn -0.084478 -0.018357 -0.050263
vn -0.074224 -0.019006 -0.064262
vn -0.074715 -0.019166 -0.063642
vn -0.066985 -0.019249 -0.071711
vn -0.070861 -0.020632 -0.067476
vn -0.062009 -0.020259 -0.075792
vn -0.066049 -0.021915 -0.071814
vn -0.055147 -0.020794 -0.080786
vn -0.055744 -0.021063 -0.080305
vn -0.053401 -0.020769 -0.081957
vn -0.068005 -0.022755 -0.069696
vn -0.066850 -0.022281 -0.070955
vn -0.076457 -0.023014 -0.060206
vn -0.075549 -0.022586 -0.061500
vn -0.083876 -0.022818 -0.049439
vn -0.078975 -0.020702 -0.057745
vn -0.091721 -0.023863 -0.031905
vn -0.085063 -0.025150 -0.046171
vn -0.086270 -0.024088 -0.044466
vn -0.077981 -0.023784 -0.057908
vn -0.084787 -0.023277 -0.047639
vn -0.043250 -0.019274 -0.088079
vn -0.043466 -0.019358 -0.087954
vn -0.037373 -0.018451 -0.090900
vn -0.030432 -0.017365 -0.093661
vn -0.034000 -0.017931 -0.092317
vn -0.030432 -0.017365 -0.093661
vn -0.052175 -0.019576 -0.083033
vn -0.061746 -0.019062 -0.076315
vn -0.090227 -0.017841 -0.039252
vn -0.093859 -0.019339 -0.028575
vn -0.096749 -0.021145 -0.013875
vn -0.030432 -0.017365 -0.093661
vn -0.030432 -0.017365 -0.093661
vn -0.030784 0.008716 -0.094744
vn -0.030784 0.008716 -0.094744
vn -0.030784 0.008716 -0.094744
vn -0.030784 0.008716 -0.094744
vn -0.030784 0.008716 -0.094744
vn -0.030784 0.008716 -0.094744
vn -0.030784 0.008716 -0.094744
vn -0.030784 0.008716 -0.094744
vn -0.030784 0.008716 -0.094744
vn -0.030784 0.008716 -0.094744
vn -0.096696 0.008716 0.023956
vn -0.096886 0.008716 0.023177
vn -0.096101 0.008716 0.026243
vn -0.096079 0.008716 0.026323
vn -0.095508 0.008716 0.028323
vn -0.095451 0.008716 0.028516
vn -0.095163 0.008716 0.029464
vn -0.094747 0.008716 0.030773
vn -0.094961 0.008716 0.030107
vn -0.094744 0.008716 0.030784
vn 0.093661 -0.017365 -0.030432
vn 0.093661 -0.017365 -0.030432
vn 0.093661 -0.017365 -0.030432
vn 0.093661 -0.017365 -0.030432
vn 0.093661 -0.017365 -0.030432
vn 0.093661 -0.017365 -0.030432
vn 0.000000 -0.100000 0.000000
vn 0.000000 -0.100000 0.000000
vn 0.000000 -0.100000 0.000000
vn 0.000000 -0.100000 0.000000
vn 0.000000 -0.100000 0.000000
vn 0.000000 -0.100000 0.000000
vn 0.000000 -0.100000 0.000000
vn 0.000000 -0.100000 0.000000
vn 0.000000 -0.100000 0.000000
vn 0.094744 0.008716 -0.030784
vn 0.094744 0.008716 -0.030784
vn 0.094744 0.008716 -0.030784
vn 0.094744 0.008716 -0.030784
vn 0.000000 0.100000 0.000000
vn 0.000000 0.100000 0.000000
vn 0.000000 0.100000 0.000000
vn 0.000000 0.100000 0.000000
vn 0.000000 0.100000 0.000000
vn 0.000000 0.100000 0.000000
vn 0.000000 0.100000 0.000000
vn 0.079673 -0.017365 0.057886
vn 0.058090 -0.021517 0.078502
vn 0.042458 -0.023179 0.087522
vn 0.045078 -0.022885 0.086280
vn 0.031169 -0.023717 0.092011
vn 0.031629 -0.023586 0.091887
vn 0.016572 -0.023874 0.095684
vn 0.016800 -0.023822 0.095657
vn 0.003377 -0.023605 0.097115
vn 0.003786 -0.023531 0.097118
vn -0.009538 -0.022898 0.096875
vn -0.010143 -0.022749 0.096848
vn -0.022824 -0.021844 0.094878
vn -0.029515 -0.021082 0.093190
vn -0.035625 -0.020403 0.091184
vn -0.041183 -0.019594 0.088995
vn -0.036180 -0.020439 0.090957
vn -0.047650 -0.018588 0.085930
vn -0.055549 -0.017365 0.081319
vn -0.054465 -0.017365 0.082049
vn 0.079673 -0.017365 0.057886
vn 0.075111 -0.018487 0.063377
vn 0.069765 -0.019608 0.068908
vn 0.069732 -0.019625 0.068937
vn 0.058362 -0.021401 0.078332
vn 0.058287 -0.021432 0.078379
vn 0.045527 -0.022729 0.086085
vn 0.045403 -0.022771 0.086139
vn 0.031803 -0.023537 0.091840
vn 0.070611 -0.019424 0.068094
vn 0.069815 -0.019582 0.068865
vn 0.058473 -0.021353 0.078262
vn 0.062180 -0.020831 0.075496
vn 0.047134 -0.022498 0.085278
vn 0.018911 -0.023571 0.095325
vn 0.032065 -0.023464 0.091768
vn 0.045712 -0.022665 0.086004
vn 0.017142 -0.023746 0.095615
vn -0.056831 -0.017365 0.080428
vn -0.037520 -0.020527 0.090393
vn -0.036549 -0.020463 0.090804
vn -0.023688 -0.021933 0.094646
vn -0.023342 -0.021897 0.094740
vn -0.010318 -0.023009 0.096768
vn -0.010006 -0.022965 0.096812
vn 0.003105 -0.023655 0.097112
vn -0.050744 -0.018686 0.084118
vn -0.028772 -0.021784 0.093261
vn -0.024597 -0.022028 0.094392
vn -0.011140 -0.023128 0.096649
vn -0.004835 -0.023651 0.097042
vn 0.002385 -0.023787 0.097100
vn 0.019426 -0.024126 0.095082
vn 0.015970 -0.024011 0.095752
vn -0.056831 -0.017365 0.080428
vn -0.055549 -0.017365 0.081319
vn -0.056835 -0.017365 0.080425
vn -0.056839 -0.017365 0.080422
vn -0.056843 -0.017365 0.080420
vn -0.054480 -0.017366 0.082039
vn -0.056847 -0.017365 0.080417
vn -0.057505 0.008716 0.081347
vn -0.055110 0.008716 0.082988
vn -0.053862 0.008716 0.083803
vn -0.054559 0.008716 0.083351
vn -0.054068 0.008716 0.083670
vn -0.053259 0.008716 0.084187
vn -0.052109 0.008716 0.084904
vn -0.050701 0.008716 0.085752
vn -0.051010 0.008716 0.085569
vn -0.057494 0.008716 0.081354
vn 0.080594 0.008716 0.058555
vn 0.080594 0.008716 0.058555
vn 0.080594 0.008716 0.058555
vn 0.080594 0.008716 0.058555
vn 0.080594 0.008716 0.058555
vn 0.080594 0.008716 0.058555
vn 0.080594 0.008716 0.058555
vn 0.080594 0.008716 0.058555
vn 0.080594 0.008716 0.058555
vn 0.079673 -0.017365 0.057886
vn 0.079673 -0.017365 0.057886
vn -0.095005 -0.017132 0.026087
vn -0.089297 -0.015361 0.042309
vn -0.093659 -0.017057 0.030610
vn -0.084746 -0.015961 0.050629
vn -0.088759 -0.018408 0.042224
vn -0.080628 -0.016426 0.056827
vn -0.076190 -0.016792 0.062555
vn -0.080058 -0.019888 0.056527
vn -0.071455 -0.017064 0.067846
vn -0.070898 -0.018332 0.068098
vn -0.066438 -0.017247 0.072723
vn -0.074712 -0.019301 0.063604
vn -0.080642 -0.020875 0.055328
vn -0.084832 -0.021501 0.048386
vn -0.088818 -0.023131 0.039703
vn -0.090337 -0.022475 0.036526
vn -0.094255 -0.023074 0.024159
vn -0.091431 -0.022057 0.033968
vn -0.094925 -0.022621 0.021852
vn -0.095595 -0.020033 0.021454
vn -0.097295 -0.020492 0.010670
vn -0.097581 -0.018454 0.011721
vn -0.098175 -0.018900 0.002103
vn -0.097889 -0.018357 0.008991
vn -0.097820 -0.019006 -0.008361
vn -0.097854 -0.019166 -0.007571
vn -0.096343 -0.019249 -0.018643
vn -0.096989 -0.020632 -0.012939
vn -0.094716 -0.020259 -0.024869
vn -0.095646 -0.021915 -0.019276
vn -0.092100 -0.020794 -0.032942
vn -0.092300 -0.021063 -0.032203
vn -0.091376 -0.020769 -0.034916
vn -0.095984 -0.022755 -0.016412
vn -0.095789 -0.022281 -0.018111
vn -0.097243 -0.023014 -0.003767
vn -0.097269 -0.022586 -0.005348
vn -0.096916 -0.022818 0.009304
vn -0.097833 -0.020702 -0.000296
vn -0.092957 -0.023863 0.028101
vn -0.095956 -0.025150 0.012646
vn -0.095931 -0.024088 0.014734
vn -0.097125 -0.023784 -0.001012
vn -0.096595 -0.023277 0.011296
vn -0.086762 -0.019274 -0.045836
vn -0.086863 -0.019358 -0.045608
vn -0.083665 -0.018451 -0.051572
vn -0.079673 -0.017365 -0.057886
vn -0.081770 -0.017931 -0.054701
vn -0.079673 -0.017365 -0.057886
vn -0.091016 -0.019576 -0.036508
vn -0.094811 -0.019062 -0.025447
vn -0.096067 -0.017841 0.021279
vn -0.092729 -0.019339 0.032051
vn -0.086427 -0.021145 0.045643
vn -0.079673 -0.017365 -0.057886
vn -0.079673 -0.017365 -0.057886
vn -0.080594 0.008716 -0.058555
vn -0.080594 0.008716 -0.058555
vn -0.080594 0.008716 -0.058555
vn -0.080594 0.008716 -0.058555
vn -0.080594 0.008716 -0.058555
vn -0.080594 0.008716 -0.058555
vn -0.080594 0.008716 -0.058555
vn -0.080594 0.008716 -0.058555
vn -0.080594 0.008716 -0.058555
vn -0.080594 0.008716 -0.058555
vn -0.064148 0.008716 0.076217
vn -0.064759 0.008716 0.075699
vn -0.062322 0.008716 0.077718
vn -0.062257 0.008716 0.077770
vn -0.060620 0.008716 0.079052
vn -0.060460 0.008716 0.079175
vn -0.059670 0.008716 0.079772
vn -0.058564 0.008716 0.080587
vn -0.059129 0.008716 0.080174
vn -0.058555 0.008716 0.080594
vn 0.057886 -0.017365 -0.079673
vn 0.057886 -0.017365 -0.079673
vn 0.057886 -0.017365 -0.079673
vn 0.057886 -0.017365 -0.079673
vn 0.057886 -0.017365 -0.079673
vn 0.057886 -0.017365 -0.079673
vn 0.000000 -0.100000 0.000000
vn 0.000000 -0.100000 0.000000
vn 0.000000 -0.100000 0.000000
vn 0.000000 -0.100000 0.000000
vn 0.000000 -0.100000 0.000000
vn 0.000000 -0.100000 0.000000
vn 0.000000 -0.100000 0.000000
vn 0.000000 -0.100000 0.000000
vn 0.000000 -0.100000 0.000000
vn 0.058555 0.008716 -0.080594
vn 0.058555 0.008716 -0.080594
vn 0.058555 0.008716 -0.080594
vn 0.058555 0.008716 -0.080594
vn 0.000000 0.100000 0.000000
vn 0.000000 0.100000 0.000000
vn 0.000000 0.100000 0.000000
vn 0.000000 0.100000 0.000000
vn 0.000000 0.100000 0.000000
vn 0.000000 0.100000 0.000000
vn 0.000000 0.100000 0.000000
vn 0.093661 -0.017365 0.030432
vn 0.079505 -0.021517 0.056709
vn 0.067426 -0.023179 0.070118
vn 0.069534 -0.022885 0.068128
vn 0.058076 -0.023717 0.077876
vn 0.058476 -0.023586 0.077616
vn 0.045329 -0.023874 0.085880
vn 0.045537 -0.023822 0.085784
vn 0.033222 -0.023605 0.091319
vn 0.033612 -0.023531 0.091195
vn 0.020864 -0.022898 0.095081
vn 0.020281 -0.022749 0.095243
vn 0.007612 -0.021844 0.097288
vn 0.000727 -0.021082 0.097750
vn -0.005704 -0.020403 0.097730
vn -0.011666 -0.019594 0.097365
vn -0.006302 -0.020439 0.097686
vn -0.018764 -0.018588 0.096449
vn -0.027701 -0.017365 0.094505
vn -0.026445 -0.017365 0.094864
vn 0.093661 -0.017365 0.030432
vn 0.091019 -0.018487 0.037064
vn 0.087645 -0.019608 0.043977
vn 0.087622 -0.019625 0.044015
vn 0.079711 -0.021401 0.056464
vn 0.079655 -0.021432 0.056531
vn 0.069901 -0.022729 0.067804
vn 0.069800 -0.022771 0.067893
vn 0.058627 -0.023537 0.077517
vn 0.088197 -0.019424 0.042941
vn 0.087679 -0.019582 0.043921
vn 0.079796 -0.021353 0.056362
vn 0.082466 -0.020831 0.052587
vn 0.071179 -0.022498 0.066539
vn 0.047443 -0.023571 0.084815
vn 0.058853 -0.023464 0.077368
vn 0.070051 -0.022665 0.067669
vn 0.045850 -0.023746 0.085639
vn -0.029196 -0.017365 0.094053
vn -0.007751 -0.020527 0.097563
vn -0.006700 -0.020463 0.097654
vn 0.006719 -0.021933 0.097333
vn 0.007077 -0.021897 0.097316
vn 0.020090 -0.023009 0.095221
vn 0.020400 -0.022965 0.095165
vn 0.032962 -0.023655 0.091400
vn -0.022266 -0.018686 0.095682
vn 0.001456 -0.021784 0.097588
vn 0.005776 -0.022028 0.097372
vn 0.019271 -0.023128 0.095361
vn 0.025389 -0.023651 0.093787
vn 0.032274 -0.023787 0.091611
vn 0.047857 -0.024126 0.084425
vn 0.044777 -0.024011 0.086131
vn -0.029196 -0.017365 0.094054
vn -0.027701 -0.017365 0.094505
vn -0.029201 -0.017365 0.094052
vn -0.029205 -0.017365 0.094051
vn -0.029210 -0.017365 0.094049
vn -0.026462 -0.017366 0.094859
vn -0.029215 -0.017365 0.094048
vn -0.029553 0.008716 0.095135
vn -0.026768 0.008716 0.095956
vn -0.025329 0.008716 0.096346
vn -0.026132 0.008716 0.096131
vn -0.025567 0.008716 0.096283
vn -0.024637 0.008716 0.096525
vn -0.023321 0.008716 0.096851
vn -0.021721 0.008716 0.097223
vn -0.022071 0.008716 0.097144
vn -0.029540 0.008716 0.095139
vn 0.094744 0.008716 0.030784
vn 0.094744 0.008716 0.030784
vn 0.094744 0.008716 0.030784
vn 0.094744 0.008716 0.030784
vn 0.094744 0.008716 0.030784
vn 0.094744 0.008716 0.030784
vn 0.094744 0.008716 0.030784
vn 0.094744 0.008716 0.030784
vn 0.094744 0.008716 0.030784
vn 0.093661 -0.017365 0.030432
vn 0.093661 -0.017365 0.030432
vn -0.082294 -0.017132 0.054168
vn -0.071853 -0.015361 0.067832
vn -0.079616 -0.017057 0.058054
vn -0.064953 -0.015961 0.074339
vn -0.071367 -0.018408 0.067586
vn -0.059121 -0.016426 0.078961
vn -0.053130 -0.016792 0.083037
vn -0.058672 -0.019888 0.078499
vn -0.046992 -0.017064 0.086606
vn -0.046385 -0.018332 0.086674
vn -0.040714 -0.017247 0.089694
vn -0.051401 -0.019301 0.083579
vn -0.059598 -0.020875 0.077539
vn -0.065728 -0.021501 0.072232
vn -0.072202 -0.023131 0.065206
vn -0.074628 -0.022475 0.062654
vn -0.082176 -0.023074 0.052103
vn -0.076460 -0.022057 0.060559
vn -0.083527 -0.022621 0.050116
vn -0.084286 -0.020033 0.049945
vn -0.089235 -0.020492 0.040213
vn -0.089183 -0.018454 0.041302
vn -0.092720 -0.018900 0.032338
vn -0.090319 -0.018357 0.038800
vn -0.095617 -0.019006 0.022276
vn -0.095404 -0.019166 0.023038
vn -0.097388 -0.019249 0.012041
vn -0.096240 -0.020632 0.017666
vn -0.097765 -0.020259 0.005617
vn -0.096921 -0.021915 0.011224
vn -0.097772 -0.020794 -0.002870
vn -0.097734 -0.021063 -0.002105
vn -0.097693 -0.020769 -0.004970
vn -0.096358 -0.022755 0.014051
vn -0.096697 -0.022281 0.012376
vn -0.093647 -0.023014 0.026467
vn -0.094161 -0.022586 0.024972
vn -0.089298 -0.022818 0.038797
vn -0.093136 -0.020702 0.029950
vn -0.079723 -0.023863 0.055450
vn -0.087352 -0.025150 0.041679
vn -0.086682 -0.024088 0.043657
vn -0.092684 -0.023784 0.029051
vn -0.088377 -0.023277 0.040593
vn -0.096679 -0.019274 -0.016781
vn -0.096705 -0.019358 -0.016533
vn -0.095507 -0.018451 -0.023194
vn -0.093661 -0.017365 -0.030432
vn -0.094671 -0.017931 -0.026756
vn -0.093661 -0.017365 -0.030432
vn -0.097843 -0.019576 -0.006595
vn -0.098034 -0.019062 0.005097
vn -0.084790 -0.017841 0.049924
vn -0.078286 -0.019339 0.059138
vn -0.068093 -0.021145 0.070116
vn -0.093661 -0.017365 -0.030432
vn -0.093661 -0.017365 -0.030432
vn -0.094744 0.008716 -0.030784
vn -0.094744 0.008716 -0.030784
vn -0.094744 0.008716 -0.030784
vn -0.094744 0.008716 -0.030784
vn -0.094744 0.008716 -0.030784
vn -0.094744 0.008716 -0.030784
vn -0.094744 0.008716 -0.030784
vn -0.094744 0.008716 -0.030784
vn -0.094744 0.008716 -0.030784
vn -0.094744 0.008716 -0.030784
vn -0.037456 0.008716 0.092310
vn -0.038197 0.008716 0.092005
vn -0.035255 0.008716 0.093172
vn -0.035178 0.008716 0.093202
vn -0.033225 0.008716 0.093916
vn -0.033034 0.008716 0.093983
vn -0.032099 0.008716 0.094307
vn -0.030795 0.008716 0.094740
vn -0.031460 0.008716 0.094521
vn -0.030784 0.008716 0.094744
vn 0.030432 -0.017365 -0.093661
vn 0.030432 -0.017365 -0.093661
vn 0.030432 -0.017365 -0.093661
vn 0.030432 -0.017365 -0.093661
vn 0.030432 -0.017365 -0.093661
vn 0.030432 -0.017365 -0.093661
vn 0.000000 -0.100000 0.000000
vn 0.000000 -0.100000 0.000000
vn 0.000000 -0.100000 0.000000
vn 0.000000 -0.100000 0.000000
vn 0.000000 -0.100000 0.000000
vn 0.000000 -0.100000 0.000000
vn 0.000000 -0.100000 0.000000
vn 0.000000 -0.100000 0.000000
vn 0.000000 -0.100000 0.000000
vn 0.030784 0.008716 -0.094744
vn 0.030784 0.008716 -0.094744
vn 0.030784 0.008716 -0.094744
vn 0.030784 0.008716 -0.094744
vn 0.000000 0.100000 0.000000
vn 0.000000 0.100000 0.000000
vn 0.000000 0.100000 0.000000
vn 0.000000 0.100000 0.000000
vn 0.000000 0.100000 0.000000
vn 0.000000 0.100000 0.000000
vn 0.000000 0.100000 0.000000
vn 0.098481 -0.017365 0.000000
vn 0.093138 -0.021517 0.029365
vn 0.085793 -0.023179 0.045850
vn 0.087183 -0.022885 0.043306
vn 0.079299 -0.023717 0.056118
vn 0.079598 -0.023586 0.055747
vn 0.069648 -0.023874 0.067669
vn 0.069817 -0.023822 0.067513
vn 0.059815 -0.023605 0.076583
vn 0.060148 -0.023531 0.076345
vn 0.049225 -0.022898 0.083980
vn 0.048720 -0.022749 0.084314
vn 0.037303 -0.021844 0.090174
vn 0.030898 -0.021082 0.092741
vn 0.024775 -0.020403 0.094709
vn 0.018992 -0.019594 0.096205
vn 0.024193 -0.020439 0.094852
vn 0.011959 -0.018588 0.097527
vn 0.002858 -0.017365 0.098439
vn 0.004164 -0.017365 0.098393
vn 0.098481 -0.017365 -0.000000
vn 0.098018 -0.018487 0.007124
vn 0.096945 -0.019608 0.014741
vn 0.096934 -0.019625 0.014784
vn 0.093258 -0.021401 0.029068
vn 0.093225 -0.021432 0.029150
vn 0.087432 -0.022729 0.042885
vn 0.087364 -0.022771 0.043001
vn 0.079712 -0.023537 0.055606
vn 0.097150 -0.019424 0.013585
vn 0.096960 -0.019582 0.014677
vn 0.093307 -0.021353 0.028945
vn 0.094680 -0.020831 0.024529
vn 0.088257 -0.022498 0.041287
vn 0.071330 -0.023571 0.066003
vn 0.079880 -0.023464 0.055395
vn 0.087534 -0.022665 0.042710
vn 0.070069 -0.023746 0.067279
vn 0.001297 -0.017365 0.098472
vn 0.022777 -0.020527 0.095183
vn 0.023804 -0.020463 0.094945
vn 0.036468 -0.021933 0.090493
vn 0.036803 -0.021897 0.090366
vn 0.048531 -0.023009 0.084352
vn 0.048809 -0.022965 0.084204
vn 0.059593 -0.023655 0.076741
vn 0.008391 -0.018686 0.097880
vn 0.031541 -0.021784 0.092361
vn 0.035583 -0.022028 0.090822
vn 0.047796 -0.023128 0.084738
vn 0.053128 -0.023651 0.081351
vn 0.059004 -0.023787 0.077154
vn 0.071604 -0.024126 0.065505
vn 0.069201 -0.024011 0.068078
vn 0.001298 -0.017365 0.098472
vn 0.002858 -0.017365 0.098439
vn 0.001292 -0.017365 0.098472
vn 0.001287 -0.017365 0.098472
vn 0.001282 -0.017365 0.098472
vn 0.004146 -0.017366 0.098393
vn 0.001277 -0.017365 0.098472
vn 0.001292 0.008716 0.099611
vn 0.004194 0.008716 0.099531
vn 0.005683 0.008716 0.099457
vn 0.004853 0.008716 0.099501
vn 0.005438 0.008716 0.099471
vn 0.006397 0.008716 0.099414
vn 0.007749 0.008716 0.099318
vn 0.009385 0.008716 0.099176
vn 0.009029 0.008716 0.099209
vn 0.001305 0.008716 0.099611
vn 0.099619 0.008716 0.000000
vn 0.099619 0.008716 0.000000
vn 0.099619 0.008716 0.000000
vn 0.099619 0.008716 0.000000
vn 0.099619 0.008716 0.000000
vn 0.099619 0.008716 0.000000
vn 0.099619 0.008716 0.000000
vn 0.099619 0.008716 0.000000
vn 0.099619 0.008716 0.000000
vn 0.098481 -0.017365 0.000000
vn 0.098481 -0.017365 0.000000
vn -0.061527 -0.017132 0.076947
vn -0.047375 -0.015361 0.086716
vn -0.057780 -0.017057 0.079816
vn -0.038802 -0.015961 0.090772
vn -0.046989 -0.018408 0.086332
vn -0.031828 -0.016426 0.093366
vn -0.024870 -0.016792 0.095391
vn -0.031543 -0.019888 0.092788
vn -0.017929 -0.017064 0.096888
vn -0.017331 -0.018332 0.096766
vn -0.011004 -0.017247 0.097885
vn -0.023058 -0.019301 0.095372
vn -0.032720 -0.020875 0.092161
vn -0.040190 -0.021501 0.089008
vn -0.048518 -0.023131 0.084327
vn -0.051615 -0.022475 0.082649
vn -0.062053 -0.023074 0.074946
vn -0.054004 -0.022057 0.081222
vn -0.063952 -0.022621 0.073474
vn -0.064727 -0.020033 0.073546
vn -0.072441 -0.020492 0.065820
vn -0.072055 -0.018454 0.066839
vn -0.078189 -0.018900 0.059408
vn -0.073909 -0.018357 0.064811
vn -0.084053 -0.019006 0.050733
vn -0.083615 -0.019166 0.051392
vn -0.088901 -0.019249 0.041546
vn -0.086071 -0.020632 0.046541
vn -0.091245 -0.020259 0.035553
vn -0.088709 -0.021915 0.040625
vn -0.093874 -0.020794 0.027484
vn -0.093601 -0.021063 0.028200
vn -0.094448 -0.020769 0.025462
vn -0.087299 -0.022755 0.043140
vn -0.088140 -0.022281 0.041651
vn -0.080885 -0.023014 0.054110
vn -0.081836 -0.022586 0.052847
vn -0.072938 -0.022818 0.064493
vn -0.079323 -0.020702 0.057265
vn -0.058686 -0.023863 0.077372
vn -0.070197 -0.025150 0.066632
vn -0.068949 -0.024088 0.068307
vn -0.079171 -0.023784 0.056270
vn -0.071508 -0.023277 0.065916
vn -0.097133 -0.019274 0.013916
vn -0.097081 -0.019358 0.014159
vn -0.098000 -0.018451 0.007454
vn -0.098481 -0.017365 0.000000
vn -0.098306 -0.017931 0.003809
vn -0.098481 -0.017365 0.000000
vn -0.095092 -0.019576 0.023963
vn -0.091661 -0.019062 0.035141
vn -0.065213 -0.017841 0.073682
vn -0.056180 -0.019339 0.080435
vn -0.043093 -0.021145 0.087726
vn -0.098481 -0.017365 -0.000000
vn -0.098481 -0.017365 -0.000000
vn -0.099619 0.008716 -0.000000
vn -0.099619 0.008716 -0.000000
vn -0.099619 0.008716 -0.000000
vn -0.099619 0.008716 -0.000000
vn -0.099619 0.008716 -0.000000
vn -0.099619 0.008716 -0.000000
vn -0.099619 0.008716 -0.000000
vn -0.099619 0.008716 -0.000000
vn -0.099619 0.008716 -0.000000
vn -0.099619 0.008716 -0.000000
vn -0.007098 0.008716 0.099366
vn -0.007897 0.008716 0.099306
vn -0.004738 0.008716 0.099507
vn -0.004655 0.008716 0.099511
vn -0.002577 0.008716 0.099586
vn -0.002375 0.008716 0.099591
vn -0.001385 0.008716 0.099610
vn -0.000012 0.008716 0.099619
vn -0.000712 0.008716 0.099617
vn -0.000000 0.008716 0.099619
vn 0.000000 -0.017365 -0.098481
vn 0.000000 -0.017365 -0.098481
vn 0.000000 -0.017365 -0.098481
vn 0.000000 -0.017365 -0.098481
vn 0.000000 -0.017365 -0.098481
vn 0.000000 -0.017365 -0.098481
vn 0.000000 -0.100000 0.000000
vn 0.000000 -0.100000 0.000000
vn 0.000000 -0.100000 0.000000
vn 0.000000 -0.100000 0.000000
vn 0.000000 -0.100000 0.000000
vn 0.000000 -0.100000 0.000000
vn 0.000000 -0.100000 0.000000
vn 0.000000 -0.100000 0.000000
vn 0.000000 -0.100000 0.000000
vn 0.000000 0.008716 -0.099619
vn 0.000000 0.008716 -0.099619
vn 0.000000 0.008716 -0.099619
vn 0.000000 0.008716 -0.099619
vn 0.000000 0.100000 0.000000
vn 0.000000 0.100000 0.000000
vn 0.000000 0.100000 0.000000
vn 0.000000 0.100000 0.000000
vn 0.000000 0.100000 0.000000
vn 0.000000 0.100000 0.000000
vn 0.000000 0.100000 0.000000
vn 0.079673 -0.017365 -0.057886
vn 0.092611 -0.021517 -0.030989
vn 0.096358 -0.023179 -0.013334
vn 0.095987 -0.022885 -0.016209
vn 0.097139 -0.023717 -0.001211
vn 0.097164 -0.023586 -0.001686
vn 0.096122 -0.023874 0.013807
vn 0.096167 -0.023822 0.013582
vn 0.093406 -0.023605 0.026798
vn 0.093535 -0.023531 0.026410
vn 0.089186 -0.022898 0.039008
vn 0.088974 -0.022749 0.039575
vn 0.083182 -0.021844 0.051026
vn 0.079509 -0.021082 0.056867
vn 0.075713 -0.020403 0.062059
vn 0.071913 -0.019594 0.066668
vn 0.075326 -0.020439 0.062516
vn 0.067000 -0.018588 0.071871
vn 0.060174 -0.017365 0.077959
vn 0.061203 -0.017365 0.077154
vn 0.079673 -0.017365 -0.057886
vn 0.083485 -0.018487 -0.051850
vn 0.087094 -0.019608 -0.045057
vn 0.087111 -0.019625 -0.045016
vn 0.092533 -0.021401 -0.031299
vn 0.092555 -0.021432 -0.031214
vn 0.095941 -0.022729 -0.016697
vn 0.095954 -0.022771 -0.016563
vn 0.097173 -0.023537 -0.001867
vn 0.086581 -0.019424 -0.046113
vn 0.087069 -0.019582 -0.045117
vn 0.092501 -0.021353 -0.031427
vn 0.091016 -0.020831 -0.035807
vn 0.095669 -0.022498 -0.018474
vn 0.096503 -0.023571 0.011471
vn 0.097185 -0.023464 -0.002137
vn 0.095921 -0.022665 -0.016898
vn 0.096233 -0.023746 0.013244
vn 0.058930 -0.017365 0.078903
vn 0.074374 -0.020527 0.063617
vn 0.075066 -0.020463 0.062821
vn 0.082694 -0.021933 0.051775
vn 0.082890 -0.021897 0.051476
vn 0.088844 -0.023009 0.039716
vn 0.088981 -0.022965 0.039433
vn 0.093319 -0.023655 0.027057
vn 0.064321 -0.018686 0.074254
vn 0.079806 -0.021784 0.056183
vn 0.082171 -0.022028 0.052561
vn 0.088476 -0.023128 0.040461
vn 0.090799 -0.023651 0.034586
vn 0.093085 -0.023787 0.027737
vn 0.096431 -0.024126 0.010907
vn 0.096000 -0.024011 0.014401
vn 0.058930 -0.017365 0.078903
vn 0.060174 -0.017365 0.077959
vn 0.058926 -0.017365 0.078906
vn 0.058922 -0.017365 0.078909
vn 0.058918 -0.017365 0.078912
vn 0.061189 -0.017366 0.077165
vn 0.058914 -0.017365 0.078915
vn 0.059595 0.008716 0.079828
vn 0.061896 0.008716 0.078057
vn 0.063057 0.008716 0.077122
vn 0.062412 0.008716 0.077646
vn 0.062867 0.008716 0.077277
vn 0.063609 0.008716 0.076667
vn 0.064646 0.008716 0.075795
vn 0.065887 0.008716 0.074719
vn 0.065618 0.008716 0.074955
vn 0.059606 0.008716 0.079820
vn 0.080594 0.008716 -0.058555
vn 0.080594 0.008716 -0.058555
vn 0.080594 0.008716 -0.058555
vn 0.080594 0.008716 -0.058555
vn 0.080594 0.008716 -0.058555
vn 0.080594 0.008716 -0.058555
vn 0.080594 0.008716 -0.058555
vn 0.080594 0.008716 -0.058555
vn 0.080594 0.008716 -0.058555
vn 0.079673 -0.017365 -0.057886
vn 0.079673 -0.017365 -0.057886
vn -0.004548 -0.017132 0.098416
vn 0.012643 -0.015361 0.098001
vn 0.000169 -0.017057 0.098534
vn 0.021963 -0.015961 0.096244
vn 0.012730 -0.018408 0.097463
vn 0.029130 -0.016426 0.094242
vn 0.035949 -0.016792 0.091791
vn 0.029021 -0.019888 0.093607
vn 0.042445 -0.017064 0.088923
vn 0.042856 -0.018332 0.088472
vn 0.048633 -0.017247 0.085659
vn 0.037404 -0.019301 0.090711
vn 0.027700 -0.020875 0.093792
vn 0.019803 -0.021501 0.095632
vn 0.010314 -0.023131 0.096740
vn 0.006822 -0.022475 0.097203
vn -0.006150 -0.023074 0.097107
vn 0.004051 -0.022057 0.097453
vn -0.008551 -0.022621 0.097032
vn -0.009136 -0.020033 0.097546
vn -0.019918 -0.020492 0.095830
vn -0.019007 -0.018454 0.096427
vn -0.028337 -0.018900 0.094020
vn -0.021698 -0.018357 0.095876
vn -0.038180 -0.019006 0.090449
vn -0.037439 -0.019166 0.090725
vn -0.047502 -0.019249 0.085866
vn -0.042277 -0.020632 0.088244
vn -0.052921 -0.020259 0.082395
vn -0.047889 -0.021915 0.085008
vn -0.059791 -0.020794 0.077413
vn -0.059149 -0.021063 0.077831
vn -0.061444 -0.020769 0.076114
vn -0.045270 -0.022755 0.086214
vn -0.046825 -0.022281 0.085504
vn -0.033633 -0.023014 0.091319
vn -0.035144 -0.022586 0.090856
vn -0.021100 -0.022818 0.095048
vn -0.030514 -0.020702 0.092953
vn -0.002000 -0.023863 0.097091
vn -0.017625 -0.025150 0.095167
vn -0.015631 -0.024088 0.095789
vn -0.030976 -0.023784 0.092059
vn -0.019107 -0.023277 0.095358
vn -0.070403 -0.019274 0.068351
vn -0.070218 -0.019358 0.068518
vn -0.074902 -0.018451 0.063634
vn -0.079673 -0.017365 0.057886
vn -0.077292 -0.017931 0.060864
vn -0.079673 -0.017365 0.057886
vn -0.062847 -0.019576 0.075280
vn -0.053500 -0.019062 0.082307
vn -0.009449 -0.017841 0.097941
vn 0.001828 -0.019339 0.098095
vn 0.016701 -0.021145 0.096301
vn -0.079673 -0.017365 0.057886
vn -0.079673 -0.017365 0.057886
vn -0.080594 0.008716 0.058555
vn -0.080594 0.008716 0.058555
vn -0.080594 0.008716 0.058555
vn -0.080594 0.008716 0.058555
vn -0.080594 0.008716 0.058555
vn -0.080594 0.008716 0.058555
vn -0.080594 0.008716 0.058555
vn -0.080594 0.008716 0.058555
vn -0.080594 0.008716 0.058555
vn -0.080594 0.008716 0.058555
vn 0.052664 0.008716 0.084561
vn 0.051982 0.008716 0.084982
vn 0.054656 0.008716 0.083287
vn 0.054725 0.008716 0.083242
vn 0.056450 0.008716 0.082082
vn 0.056617 0.008716 0.081967
vn 0.057429 0.008716 0.081400
vn 0.058546 0.008716 0.080601
vn 0.057978 0.008716 0.081010
vn 0.058555 0.008716 0.080594
vn -0.057886 -0.017365 -0.079673
vn -0.057886 -0.017365 -0.079673
vn -0.057886 -0.017365 -0.079673
vn -0.057886 -0.017365 -0.079673
vn -0.057886 -0.017365 -0.079673
vn -0.057886 -0.017365 -0.079673
vn 0.000000 -0.100000 0.000000
vn 0.000000 -0.100000 0.000000
vn 0.000000 -0.100000 0.000000
vn 0.000000 -0.100000 0.000000
vn 0.000000 -0.100000 0.000000
vn 0.000000 -0.100000 0.000000
vn 0.000000 -0.100000 0.000000
vn 0.000000 -0.100000 0.000000
vn 0.000000 -0.100000 0.000000
vn -0.058555 0.008716 -0.080594
vn -0.058555 0.008716 -0.080594
vn -0.058555 0.008716 -0.080594
vn -0.058555 0.008716 -0.080594
vn 0.000000 0.100000 0.000000
vn 0.000000 0.100000 0.000000
vn 0.000000 0.100000 0.000000
vn 0.000000 0.100000 0.000000
vn 0.000000 0.100000 0.000000
vn 0.000000 0.100000 0.000000
vn 0.000000 0.100000 0.000000
vn 0.093661 -0.017365 -0.030432
vn 0.097654 -0.021517 -0.000854
vn 0.095763 -0.023179 0.017095
vn 0.096298 -0.022885 0.014246
vn 0.092759 -0.023717 0.028866
vn 0.092930 -0.023586 0.028422
vn 0.087151 -0.023874 0.042835
vn 0.087263 -0.023822 0.042634
vn 0.080553 -0.023605 0.054351
vn 0.080796 -0.023531 0.054021
vn 0.072767 -0.022898 0.064658
vn 0.072390 -0.022749 0.065132
vn 0.063343 -0.021844 0.074233
vn 0.058044 -0.021082 0.078654
vn 0.052830 -0.020403 0.082418
vn 0.047792 -0.019594 0.085627
vn 0.052320 -0.020439 0.082734
vn 0.041511 -0.018588 0.089058
vn 0.033138 -0.017365 0.092738
vn 0.034365 -0.017365 0.092290
vn 0.093661 -0.017365 -0.030432
vn 0.095422 -0.018487 -0.023514
vn 0.096755 -0.019608 -0.015938
vn 0.096759 -0.019625 -0.015894
vn 0.097676 -0.021401 -0.001173
vn 0.097670 -0.021432 -0.001085
vn 0.096405 -0.022729 0.013768
vn 0.096376 -0.022771 0.013899
vn 0.092994 -0.023537 0.028253
vn 0.096593 -0.019424 -0.017101
vn 0.096749 -0.019582 -0.016004
vn 0.097685 -0.021353 -0.001305
vn 0.097626 -0.020831 -0.005929
vn 0.096695 -0.022498 0.011993
vn 0.088235 -0.023571 0.040731
vn 0.093089 -0.023464 0.027999
vn 0.096448 -0.022665 0.013570
vn 0.087430 -0.023746 0.042333
vn 0.031663 -0.017365 0.093252
vn 0.051076 -0.020527 0.083486
vn 0.051979 -0.020463 0.082942
vn 0.062647 -0.021933 0.074795
vn 0.062926 -0.021897 0.074571
vn 0.072222 -0.023009 0.065227
vn 0.072441 -0.022965 0.065000
vn 0.080390 -0.023655 0.054570
vn 0.038227 -0.018686 0.090496
vn 0.058538 -0.021784 0.078094
vn 0.061907 -0.022028 0.075381
vn 0.071643 -0.023128 0.065821
vn 0.075667 -0.023651 0.060952
vn 0.079958 -0.023787 0.055144
vn 0.088341 -0.024126 0.040172
vn 0.086852 -0.024011 0.043362
vn 0.031664 -0.017365 0.093252
vn 0.033138 -0.017365 0.092738
vn 0.031659 -0.017365 0.093253
vn 0.031654 -0.017365 0.093255
vn 0.031649 -0.017365 0.093257
vn 0.034349 -0.017366 0.092296
vn 0.031644 -0.017365 0.093258
vn 0.032010 0.008716 0.094337
vn 0.034746 0.008716 0.093364
vn 0.036139 0.008716 0.092833
vn 0.035363 0.008716 0.093132
vn 0.035910 0.008716 0.092922
vn 0.036804 0.008716 0.092571
vn 0.038060 0.008716 0.092062
vn 0.039573 0.008716 0.091422
vn 0.039244 0.008716 0.091564
vn 0.032023 0.008716 0.094332
vn 0.094744 0.008716 -0.030784
vn 0.094744 0.008716 -0.030784
vn 0.094744 0.008716 -0.030784
vn 0.094744 0.008716 -0.030784
vn 0.094744 0.008716 -0.030784
vn 0.094744 0.008716 -0.030784
vn 0.094744 0.008716 -0.030784
vn 0.094744 0.008716 -0.030784
vn 0.094744 0.008716 -0.030784
vn 0.093661 -0.017365 -0.030432
vn 0.093661 -0.017365 -0.030432
vn -0.034738 -0.017132 0.092194
vn -0.018259 -0.015361 0.097111
vn -0.030288 -0.017057 0.093764
vn -0.008853 -0.015961 0.098320
vn -0.018011 -0.018408 0.096627
vn -0.001418 -0.016426 0.098631
vn 0.005825 -0.016792 0.098408
vn -0.001326 -0.019888 0.097994
vn 0.012889 -0.017064 0.097687
vn 0.013420 -0.018332 0.097385
vn 0.019783 -0.017247 0.096494
vn 0.007542 -0.019301 0.097829
vn -0.002639 -0.020875 0.097761
vn -0.010718 -0.021501 0.097071
vn -0.020085 -0.023131 0.095192
vn -0.023549 -0.022475 0.094553
vn -0.035857 -0.023074 0.090454
vn -0.026262 -0.022057 0.093935
vn -0.038117 -0.022621 0.089640
vn -0.038832 -0.020033 0.089948
vn -0.048556 -0.020492 0.084984
vn -0.047874 -0.018454 0.085834
vn -0.056004 -0.018900 0.080662
vn -0.050263 -0.018357 0.084478
vn -0.064262 -0.019006 0.074224
vn -0.063642 -0.019166 0.074715
vn -0.071711 -0.019249 0.066985
vn -0.067476 -0.020632 0.070861
vn -0.075792 -0.020259 0.062009
vn -0.071814 -0.021915 0.066049
vn -0.080786 -0.020794 0.055147
vn -0.080305 -0.021063 0.055744
vn -0.081957 -0.020769 0.053401
vn -0.069696 -0.022755 0.068005
vn -0.070955 -0.022281 0.066850
vn -0.060206 -0.023014 0.076457
vn -0.061500 -0.022586 0.075549
vn -0.049439 -0.022818 0.083876
vn -0.057745 -0.020702 0.078975
vn -0.031905 -0.023863 0.091721
vn -0.046171 -0.025150 0.085063
vn -0.044466 -0.024088 0.086270
vn -0.057908 -0.023784 0.077981
vn -0.047639 -0.023277 0.084787
vn -0.088079 -0.019274 0.043250
vn -0.087954 -0.019358 0.043466
vn -0.090900 -0.018451 0.037373
vn -0.093661 -0.017365 0.030432
vn -0.092317 -0.017931 0.034000
vn -0.093661 -0.017365 0.030432
vn -0.083033 -0.019576 0.052175
vn -0.076315 -0.019062 0.061746
vn -0.039252 -0.017841 0.090227
vn -0.028575 -0.019339 0.093859
vn -0.013875 -0.021145 0.096749
vn -0.093661 -0.017365 0.030432
vn -0.093661 -0.017365 0.030432
vn -0.094744 0.008716 0.030784
vn -0.094744 0.008716 0.030784
vn -0.094744 0.008716 0.030784
vn -0.094744 0.008716 0.030784
vn -0.094744 0.008716 0.030784
vn -0.094744 0.008716 0.030784
vn -0.094744 0.008716 0.030784
vn -0.094744 0.008716 0.030784
vn -0.094744 0.008716 0.030784
vn -0.094744 0.008716 0.030784
vn 0.023956 0.008716 0.096696
vn 0.023177 0.008716 0.096886
vn 0.026243 0.008716 0.096101
vn 0.026323 0.008716 0.096079
vn 0.028323 0.008716 0.095508
vn 0.028516 0.008716 0.095451
vn 0.029464 0.008716 0.095163
vn 0.030773 0.008716 0.094747
vn 0.030107 0.008716 0.094961
vn 0.030784 0.008716 0.094744
vn -0.030432 -0.017365 -0.093661
vn -0.030432 -0.017365 -0.093661
vn -0.030432 -0.017365 -0.093661
vn -0.030432 -0.017365 -0.093661
vn -0.030432 -0.017365 -0.093661
vn -0.030432 -0.017365 -0.093661
vn 0.000000 -0.100000 0.000000
vn 0.000000 -0.100000 0.000000
vn 0.000000 -0.100000 0.000000
vn 0.000000 -0.100000 0.000000
vn 0.000000 -0.100000 0.000000
vn 0.000000 -0.100000 0.000000
vn 0.000000 -0.100000 0.000000
vn 0.000000 -0.100000 0.000000
vn 0.000000 -0.100000 0.000000
vn -0.030784 0.008716 -0.094744
vn -0.030784 0.008716 -0.094744
vn -0.030784 0.008716 -0.094744
vn -0.030784 0.008716 -0.094744
vn 0.000000 0.100000 0.000000
vn 0.000000 0.100000 0.000000
vn 0.000000 0.100000 0.000000
vn 0.000000 0.100000 0.000000
vn 0.000000 0.100000 0.000000
vn 0.000000 0.100000 0.000000
vn 0.000000 0.100000 0.000000
vn 0.030432 -0.017365 -0.093661
vn 0.056709 -0.021517 -0.079505
vn 0.070118 -0.023179 -0.067426
vn 0.068128 -0.022885 -0.069534
vn 0.077876 -0.023717 -0.058076
vn 0.077616 -0.023586 -0.058476
vn 0.085880 -0.023874 -0.045329
vn 0.085784 -0.023822 -0.045537
vn 0.091319 -0.023605 -0.033222
vn 0.091195 -0.023531 -0.033612
vn 0.095081 -0.022898 -0.020864
vn 0.095243 -0.022749 -0.020281
vn 0.097288 -0.021844 -0.007612
vn 0.097750 -0.021082 -0.000727
vn 0.097730 -0.020403 0.005704
vn 0.097365 -0.019594 0.011666
vn 0.097686 -0.020439 0.006302
vn 0.096449 -0.018588 0.018764
vn 0.094505 -0.017365 0.027701
vn 0.094864 -0.017365 0.026445
vn 0.030432 -0.017365 -0.093661
vn 0.037064 -0.018487 -0.091019
vn 0.043977 -0.019608 -0.087645
vn 0.044015 -0.019625 -0.087622
vn 0.056464 -0.021401 -0.079711
vn 0.056531 -0.021432 -0.079655
vn 0.067804 -0.022729 -0.069901
vn 0.067893 -0.022771 -0.069800
vn 0.077517 -0.023537 -0.058627
vn 0.042941 -0.019424 -0.088197
vn 0.043921 -0.019582 -0.087679
vn 0.056362 -0.021353 -0.079796
vn 0.052587 -0.020831 -0.082466
vn 0.066539 -0.022498 -0.071179
vn 0.084815 -0.023571 -0.047443
vn 0.077368 -0.023464 -0.058853
vn 0.067669 -0.022665 -0.070051
vn 0.085639 -0.023746 -0.045850
vn 0.094053 -0.017365 0.029196
vn 0.097563 -0.020527 0.007751
vn 0.097654 -0.020463 0.006700
vn 0.097333 -0.021933 -0.006719
vn 0.097316 -0.021897 -0.007077
vn 0.095221 -0.023009 -0.020090
vn 0.095165 -0.022965 -0.020400
vn 0.091400 -0.023655 -0.032962
vn 0.095682 -0.018686 0.022266
vn 0.097588 -0.021784 -0.001456
vn 0.097372 -0.022028 -0.005776
vn 0.095361 -0.023128 -0.019271
vn 0.093787 -0.023651 -0.025389
vn 0.091611 -0.023787 -0.032274
vn 0.084425 -0.024126 -0.047857
vn 0.086131 -0.024011 -0.044777
vn 0.094054 -0.017365 0.029196
vn 0.094505 -0.017365 0.027701
vn 0.094052 -0.017365 0.029201
vn 0.094051 -0.017365 0.029205
vn 0.094049 -0.017365 0.029210
vn 0.094859 -0.017366 0.026462
vn 0.094048 -0.017365 0.029215
vn 0.095135 0.008716 0.029553
vn 0.095956 0.008716 0.026768
vn 0.096346 0.008716 0.025329
vn 0.096131 0.008716 0.026132
vn 0.096283 0.008716 0.025567
vn 0.096525 0.008716 0.024637
vn 0.096851 0.008716 0.023321
vn 0.097223 0.008716 0.021721
vn 0.097144 0.008716 0.022071
vn 0.095139 0.008716 0.029540
vn 0.030784 0.008716 -0.094744
vn 0.030784 0.008716 -0.094744
vn 0.030784 0.008716 -0.094744
vn 0.030784 0.008716 -0.094744
vn 0.030784 0.008716 -0.094744
vn 0.030784 0.008716 -0.094744
vn 0.030784 0.008716 -0.094744
vn 0.030784 0.008716 -0.094744
vn 0.030784 0.008716 -0.094744
vn 0.030432 -0.017365 -0.093661
vn 0.030432 -0.017365 -0.093661
vn 0.054168 -0.017132 0.082294
vn 0.067832 -0.015361 0.071853
vn 0.058054 -0.017057 0.079616
vn 0.074339 -0.015961 0.064953
vn 0.067586 -0.018408 0.071367
vn 0.078961 -0.016426 0.059121
vn 0.083037 -0.016792 0.053130
vn 0.078499 -0.019888 0.058672
vn 0.086606 -0.017064 0.046992
vn 0.086674 -0.018332 0.046385
vn 0.089694 -0.017247 0.040714
vn 0.083579 -0.019301 0.051401
vn 0.077539 -0.020875 0.059598
vn 0.072232 -0.021501 0.065728
vn 0.065206 -0.023131 0.072202
vn 0.062654 -0.022475 0.074628
vn 0.052103 -0.023074 0.082176
vn 0.060559 -0.022057 0.076460
vn 0.050116 -0.022621 0.083527
vn 0.049945 -0.020033 0.084286
vn 0.040213 -0.020492 0.089235
vn 0.041302 -0.018454 0.089183
vn 0.032338 -0.018900 0.092720
vn 0.038800 -0.018357 0.090319
vn 0.022276 -0.019006 0.095617
vn 0.023038 -0.019166 0.095404
vn 0.012041 -0.019249 0.097388
vn 0.017666 -0.020632 0.096240
vn 0.005617 -0.020259 0.097765
vn 0.011224 -0.021915 0.096921
vn -0.002870 -0.020794 0.097772
vn -0.002105 -0.021063 0.097734
vn -0.004970 -0.020769 0.097693
vn 0.014051 -0.022755 0.096358
vn 0.012376 -0.022281 0.096697
vn 0.026467 -0.023014 0.093647
vn 0.024972 -0.022586 0.094161
vn 0.038797 -0.022818 0.089298
vn 0.029950 -0.020702 0.093136
vn 0.055450 -0.023863 0.079723
vn 0.041679 -0.025150 0.087352
vn 0.043657 -0.024088 0.086682
vn 0.029051 -0.023784 0.092684
vn 0.040593 -0.023277 0.088377
vn -0.016781 -0.019274 0.096679
vn -0.016533 -0.019358 0.096705
vn -0.023194 -0.018451 0.095507
vn -0.030432 -0.017365 0.093661
vn -0.026756 -0.017931 0.094671
vn -0.030432 -0.017365 0.093661
vn -0.006595 -0.019576 0.097843
vn 0.005097 -0.019062 0.098034
vn 0.049924 -0.017841 0.084790
vn 0.059138 -0.019339 0.078286
vn 0.070116 -0.021145 0.068093
vn -0.030432 -0.017365 0.093661
vn -0.030432 -0.017365 0.093661
vn -0.030784 0.008716 0.094744
vn -0.030784 0.008716 0.094744
vn -0.030784 0.008716 0.094744
vn -0.030784 0.008716 0.094744
vn -0.030784 0.008716 0.094744
vn -0.030784 0.008716 0.094744
vn -0.030784 0.008716 0.094744
vn -0.030784 0.008716 0.094744
vn -0.030784 0.008716 0.094744
vn -0.030784 0.008716 0.094744
vn 0.092310 0.008716 0.037456
vn 0.092005 0.008716 0.038197
vn 0.093172 0.008716 0.035255
vn 0.093202 0.008716 0.035178
vn 0.093916 0.008716 0.033225
vn 0.093983 0.008716 0.033034
vn 0.094307 0.008716 0.032099
vn 0.094740 0.008716 0.030795
vn 0.094521 0.008716 0.031460
vn 0.094744 0.008716 0.030784
vn -0.093661 -0.017365 -0.030432
vn -0.093661 -0.017365 -0.030432
vn -0.093661 -0.017365 -0.030432
vn -0.093661 -0.017365 -0.030432
vn -0.093661 -0.017365 -0.030432
vn -0.093661 -0.017365 -0.030432
vn 0.000000 -0.100000 0.000000
vn 0.000000 -0.100000 0.000000
vn 0.000000 -0.100000 0.000000
vn 0.000000 -0.100000 0.000000
vn 0.000000 -0.100000 0.000000
vn 0.000000 -0.100000 0.000000
vn 0.000000 -0.100000 0.000000
vn 0.000000 -0.100000 0.000000
vn 0.000000 -0.100000 0.000000
vn -0.094744 0.008716 -0.030784
vn -0.094744 0.008716 -0.030784
vn -0.094744 0.008716 -0.030784
vn -0.094744 0.008716 -0.030784
vn 0.000000 0.100000 0.000000
vn 0.000000 0.100000 0.000000
vn 0.000000 0.100000 0.000000
vn 0.000000 0.100000 0.000000
vn 0.000000 0.100000 0.000000
vn 0.000000 0.100000 0.000000
vn 0.000000 0.100000 0.000000
vn -0.093661 -0.017365 0.030432
vn -0.097654 -0.021517 0.000854
vn -0.095763 -0.023179 -0.017095
vn -0.096298 -0.022885 -0.014246
vn -0.092759 -0.023717 -0.028866
vn -0.092930 -0.023586 -0.028422
vn -0.087151 -0.023874 -0.042835
vn -0.087263 -0.023822 -0.042634
vn -0.080553 -0.023605 -0.054351
vn -0.080796 -0.023531 -0.054021
vn -0.072767 -0.022898 -0.064658
vn -0.072390 -0.022749 -0.065132
vn -0.063343 -0.021844 -0.074233
vn -0.058044 -0.021082 -0.078654
vn -0.052830 -0.020403 -0.082418
vn -0.047792 -0.019594 -0.085627
vn -0.052320 -0.020439 -0.082734
vn -0.041511 -0.018588 -0.089058
vn -0.033138 -0.017365 -0.092738
vn -0.034365 -0.017365 -0.092290
vn -0.093661 -0.017365 0.030432
vn -0.095422 -0.018487 0.023514
vn -0.096755 -0.019608 0.015938
vn -0.096759 -0.019625 0.015894
vn -0.097676 -0.021401 0.001173
vn -0.097670 -0.021432 0.001085
vn -0.096405 -0.022729 -0.013768
vn -0.096376 -0.022771 -0.013899
vn -0.092994 -0.023537 -0.028253
vn -0.096593 -0.019424 0.017101
vn -0.096749 -0.019582 0.016004
vn -0.097685 -0.021353 0.001305
vn -0.097626 -0.020831 0.005929
vn -0.096695 -0.022498 -0.011993
vn -0.088235 -0.023571 -0.040731
vn -0.093089 -0.023464 -0.027999
vn -0.096448 -0.022665 -0.013570
vn -0.087430 -0.023746 -0.042333
vn -0.031663 -0.017365 -0.093252
vn -0.051076 -0.020527 -0.083486
vn -0.051979 -0.020463 -0.082942
vn -0.062647 -0.021933 -0.074795
vn -0.062926 -0.021897 -0.074571
vn -0.072222 -0.023009 -0.065227
vn -0.072441 -0.022965 -0.065000
vn -0.080390 -0.023655 -0.054570
vn -0.038227 -0.018686 -0.090496
vn -0.058538 -0.021784 -0.078094
vn -0.061907 -0.022028 -0.075381
vn -0.071643 -0.023128 -0.065821
vn -0.075667 -0.023651 -0.060952
vn -0.079958 -0.023787 -0.055144
vn -0.088341 -0.024126 -0.040172
vn -0.086852 -0.024011 -0.043362
vn -0.031664 -0.017365 -0.093252
vn -0.033138 -0.017365 -0.092738
vn -0.031659 -0.017365 -0.093253
vn -0.031654 -0.017365 -0.093255
vn -0.031649 -0.017365 -0.093257
vn -0.034349 -0.017366 -0.092296
vn -0.031644 -0.017365 -0.093258
vn -0.032010 0.008716 -0.094337
vn -0.034746 0.008716 -0.093364
vn -0.036139 0.008716 -0.092833
vn -0.035363 0.008716 -0.093132
vn -0.035910 0.008716 -0.092922
vn -0.036804 0.008716 -0.092571
vn -0.038060 0.008716 -0.092062
vn -0.039573 0.008716 -0.091422
vn -0.039244 0.008716 -0.091564
vn -0.032023 0.008716 -0.094332
vn -0.094744 0.008716 0.030784
vn -0.094744 0.008716 0.030784
vn -0.094744 0.008716 0.030784
vn -0.094744 0.008716 0.030784
vn -0.094744 0.008716 0.030784
vn -0.094744 0.008716 0.030784
vn -0.094744 0.008716 0.030784
vn -0.094744 0.008716 0.030784
vn -0.094744 0.008716 0.030784
vn -0.093661 -0.017365 0.030432
vn -0.093661 -0.017365 0.030432
vn 0.034738 -0.017132 -0.092194
vn 0.018259 -0.015361 -0.097111
vn 0.030288 -0.017057 -0.093764
vn 0.008853 -0.015961 -0.098320
vn 0.018011 -0.018408 -0.096627
vn 0.001418 -0.016426 -0.098631
vn -0.005825 -0.016792 -0.098408
vn 0.001326 -0.019888 -0.097994
vn -0.012889 -0.017064 -0.097687
vn -0.013420 -0.018332 -0.097385
vn -0.019783 -0.017247 -0.096494
vn -0.007542 -0.019301 -0.097829
vn 0.002639 -0.020875 -0.097761
vn 0.010718 -0.021501 -0.097071
vn 0.020085 -0.023131 -0.095192
vn 0.023549 -0.022475 -0.094553
vn 0.035857 -0.023074 -0.090454
vn 0.026262 -0.022057 -0.093935
vn 0.038117 -0.022621 -0.089640
vn 0.038832 -0.020033 -0.089948
vn 0.048556 -0.020492 -0.084984
vn 0.047874 -0.018454 -0.085834
vn 0.056004 -0.018900 -0.080662
vn 0.050263 -0.018357 -0.084478
vn 0.064262 -0.019006 -0.074224
vn 0.063642 -0.019166 -0.074715
vn 0.071711 -0.019249 -0.066985
vn 0.067476 -0.020632 -0.070861
vn 0.075792 -0.020259 -0.062009
vn 0.071814 -0.021915 -0.066049
vn 0.080786 -0.020794 -0.055147
vn 0.080305 -0.021063 -0.055744
vn 0.081957 -0.020769 -0.053401
vn 0.069696 -0.022755 -0.068005
vn 0.070955 -0.022281 -0.066850
vn 0.060206 -0.023014 -0.076457
vn 0.061500 -0.022586 -0.075549
vn 0.049439 -0.022818 -0.083876
vn 0.057745 -0.020702 -0.078975
vn 0.031905 -0.023863 -0.091721
vn 0.046171 -0.025150 -0.085063
vn 0.044466 -0.024088 -0.086270
vn 0.057908 -0.023784 -0.077981
vn 0.047639 -0.023277 -0.084787
vn 0.088079 -0.019274 -0.043250
vn 0.087954 -0.019358 -0.043466
vn 0.090900 -0.018451 -0.037373
vn 0.093661 -0.017365 -0.030432
vn 0.092317 -0.017931 -0.034000
vn 0.093661 -0.017365 -0.030432
vn 0.083033 -0.019576 -0.052175
vn 0.076315 -0.019062 -0.061746
vn 0.039252 -0.017841 -0.090227
vn 0.028575 -0.019339 -0.093859
vn 0.013875 -0.021145 -0.096749
vn 0.093661 -0.017365 -0.030432
vn 0.093661 -0.017365 -0.030432
vn 0.094744 0.008716 -0.030784
vn 0.094744 0.008716 -0.030784
vn 0.094744 0.008716 -0.030784
vn 0.094744 0.008716 -0.030784
vn 0.094744 0.008716 -0.030784
vn 0.094744 0.008716 -0.030784
vn 0.094744 0.008716 -0.030784
vn 0.094744 0.008716 -0.030784
vn 0.094744 0.008716 -0.030784
vn 0.094744 0.008716 -0.030784
vn -0.023956 0.008716 -0.096696
vn -0.023177 0.008716 -0.096886
vn -0.026243 0.008716 -0.096101
vn -0.026323 0.008716 -0.096079
vn -0.028323 0.008716 -0.095508
vn -0.028516 0.008716 -0.095451
vn -0.029464 0.008716 -0.095163
vn -0.030773 0.008716 -0.094747
vn -0.030107 0.008716 -0.094961
vn -0.030784 0.008716 -0.094744
vn 0.030432 -0.017365 0.093661
vn 0.030432 -0.017365 0.093661
vn 0.030432 -0.017365 0.093661
vn 0.030432 -0.017365 0.093661
vn 0.030432 -0.017365 0.093661
vn 0.030432 -0.017365 0.093661
vn 0.000000 -0.100000 0.000000
vn 0.000000 -0.100000 0.000000
vn 0.000000 -0.100000 0.000000
vn 0.000000 -0.100000 0.000000
vn 0.000000 -0.100000 0.000000
vn 0.000000 -0.100000 0.000000
vn 0.000000 -0.100000 0.000000
vn 0.000000 -0.100000 0.000000
vn 0.000000 -0.100000 0.000000
vn 0.030784 0.008716 0.094744
vn 0.030784 0.008716 0.094744
vn 0.030784 0.008716 0.094744
vn 0.030784 0.008716 0.094744
vn 0.000000 0.100000 0.000000
vn 0.000000 0.100000 0.000000
vn 0.000000 0.100000 0.000000
vn 0.000000 0.100000 0.000000
vn 0.000000 0.100000 0.000000
vn 0.000000 0.100000 0.000000
vn 0.000000 0.100000 0.000000
vn -0.098481 -0.017365 -0.000000
vn -0.093138 -0.021517 -0.029365
vn -0.085793 -0.023179 -0.045850
vn -0.087183 -0.022885 -0.043306
vn -0.079299 -0.023717 -0.056118
vn -0.079598 -0.023586 -0.055747
vn -0.069648 -0.023874 -0.067669
vn -0.069817 -0.023822 -0.067513
vn -0.059815 -0.023605 -0.076583
vn -0.060148 -0.023531 -0.076345
vn -0.049225 -0.022898 -0.083980
vn -0.048720 -0.022749 -0.084314
vn -0.037303 -0.021844 -0.090174
vn -0.030898 -0.021082 -0.092741
vn -0.024775 -0.020403 -0.094709
vn -0.018992 -0.019594 -0.096205
vn -0.024193 -0.020439 -0.094852
vn -0.011959 -0.018588 -0.097527
vn -0.002858 -0.017365 -0.098439
vn -0.004164 -0.017365 -0.098393
vn -0.098481 -0.017365 0.000000
vn -0.098018 -0.018487 -0.007124
vn -0.096945 -0.019608 -0.014741
vn -0.096934 -0.019625 -0.014784
vn -0.093258 -0.021401 -0.029068
vn -0.093225 -0.021432 -0.029150
vn -0.087432 -0.022729 -0.042885
vn -0.087364 -0.022771 -0.043001
vn -0.079712 -0.023537 -0.055606
vn -0.097150 -0.019424 -0.013585
vn -0.096960 -0.019582 -0.014677
vn -0.093307 -0.021353 -0.028945
vn -0.094680 -0.020831 -0.024529
vn -0.088257 -0.022498 -0.041287
vn -0.071330 -0.023571 -0.066003
vn -0.079880 -0.023464 -0.055395
vn -0.087534 -0.022665 -0.042710
vn -0.070069 -0.023746 -0.067279
vn -0.001297 -0.017365 -0.098472
vn -0.022777 -0.020527 -0.095183
vn -0.023804 -0.020463 -0.094945
vn -0.036468 -0.021933 -0.090493
vn -0.036803 -0.021897 -0.090366
vn -0.048531 -0.023009 -0.084352
vn -0.048809 -0.022965 -0.084204
vn -0.059593 -0.023655 -0.076741
vn -0.008391 -0.018686 -0.097880
vn -0.031541 -0.021784 -0.092361
vn -0.035583 -0.022028 -0.090822
vn -0.047796 -0.023128 -0.084738
vn -0.053128 -0.023651 -0.081351
vn -0.059004 -0.023787 -0.077154
vn -0.071604 -0.024126 -0.065505
vn -0.069201 -0.024011 -0.068078
vn -0.001298 -0.017365 -0.098472
vn -0.002858 -0.017365 -0.098439
vn -0.001292 -0.017365 -0.098472
vn -0.001287 -0.017365 -0.098472
vn -0.001282 -0.017365 -0.098472
vn -0.004146 -0.017366 -0.098393
vn -0.001277 -0.017365 -0.098472
vn -0.001292 0.008716 -0.099611
vn -0.004194 0.008716 -0.099531
vn -0.005683 0.008716 -0.099457
vn -0.004853 0.008716 -0.099501
vn -0.005438 0.008716 -0.099471
vn -0.006397 0.008716 -0.099414
vn -0.007749 0.008716 -0.099318
vn -0.009385 0.008716 -0.099176
vn -0.009029 0.008716 -0.099209
vn -0.001305 0.008716 -0.099611
vn -0.099619 0.008716 0.000000
vn -0.099619 0.008716 0.000000
vn -0.099619 0.008716 0.000000
vn -0.099619 0.008716 0.000000
vn -0.099619 0.008716 0.000000
vn -0.099619 0.008716 0.000000
vn -0.099619 0.008716 0.000000
vn -0.099619 0.008716 0.000000
vn -0.099619 0.008716 0.000000
vn -0.098481 -0.017365 0.000000
vn -0.098481 -0.017365 0.000000
vn 0.061527 -0.017132 -0.076947
vn 0.047375 -0.015361 -0.086716
vn 0.057780 -0.017057 -0.079816
vn 0.038802 -0.015961 -0.090772
vn 0.046989 -0.018408 -0.086332
vn 0.031828 -0.016426 -0.093366
vn 0.024870 -0.016792 -0.095391
vn 0.031543 -0.019888 -0.092788
vn 0.017929 -0.017064 -0.096888
vn 0.017331 -0.018332 -0.096766
vn 0.011004 -0.017247 -0.097885
vn 0.023058 -0.019301 -0.095372
vn 0.032720 -0.020875 -0.092161
vn 0.040190 -0.021501 -0.089008
vn 0.048518 -0.023131 -0.084327
vn 0.051615 -0.022475 -0.082649
vn 0.062053 -0.023074 -0.074946
vn 0.054004 -0.022057 -0.081222
vn 0.063952 -0.022621 -0.073474
vn 0.064727 -0.020033 -0.073546
vn 0.072441 -0.020492 -0.065820
vn 0.072055 -0.018454 -0.066839
vn 0.078189 -0.018900 -0.059408
vn 0.073909 -0.018357 -0.064811
vn 0.084053 -0.019006 -0.050733
vn 0.083615 -0.019166 -0.051392
vn 0.088901 -0.019249 -0.041546
vn 0.086071 -0.020632 -0.046541
vn 0.091245 -0.020259 -0.035553
vn 0.088709 -0.021915 -0.040625
vn 0.093874 -0.020794 -0.027484
vn 0.093601 -0.021063 -0.028200
vn 0.094448 -0.020769 -0.025462
vn 0.087299 -0.022755 -0.043140
vn 0.088140 -0.022281 -0.041651
vn 0.080885 -0.023014 -0.054110
vn 0.081836 -0.022586 -0.052847
vn 0.072938 -0.022818 -0.064493
vn 0.079323 -0.020702 -0.057265
vn 0.058686 -0.023863 -0.077372
vn 0.070197 -0.025150 -0.066632
vn 0.068949 -0.024088 -0.068307
vn 0.079171 -0.023784 -0.056270
vn 0.071508 -0.023277 -0.065916
vn 0.097133 -0.019274 -0.013916
vn 0.097081 -0.019358 -0.014159
vn 0.098000 -0.018451 -0.007454
vn 0.098481 -0.017365 -0.000000
vn 0.098306 -0.017931 -0.003809
vn 0.098481 -0.017365 -0.000000
vn 0.095092 -0.019576 -0.023963
vn 0.091661 -0.019062 -0.035141
vn 0.065213 -0.017841 -0.073682
vn 0.056180 -0.019339 -0.080435
vn 0.043093 -0.021145 -0.087726
vn 0.098481 -0.017365 0.000000
vn 0.098481 -0.017365 0.000000
vn 0.099619 0.008716 0.000000
vn 0.099619 0.008716 0.000000
vn 0.099619 0.008716 0.000000
vn 0.099619 0.008716 0.000000
vn 0.099619 0.008716 0.000000
vn 0.099619 0.008716 0.000000
vn 0.099619 0.008716 0.000000
vn 0.099619 0.008716 0.000000
vn 0.099619 0.008716 0.000000
vn 0.099619 0.008716 0.000000
vn 0.007098 0.008716 -0.099366
vn 0.007897 0.008716 -0.099306
vn 0.004738 0.008716 -0.099507
vn 0.004655 0.008716 -0.099511
vn 0.002577 0.008716 -0.099586
vn 0.002375 0.008716 -0.099591
vn 0.001385 0.008716 -0.099610
vn 0.000012 0.008716 -0.099619
vn 0.000712 0.008716 -0.099617
vn -0.000000 0.008716 -0.099619
vn 0.000000 -0.017365 0.098481
vn 0.000000 -0.017365 0.098481
vn 0.000000 -0.017365 0.098481
vn 0.000000 -0.017365 0.098481
vn 0.000000 -0.017365 0.098481
vn 0.000000 -0.017365 0.098481
vn 0.000000 -0.100000 0.000000
vn 0.000000 -0.100000 0.000000
vn 0.000000 -0.100000 0.000000
vn 0.000000 -0.100000 0.000000
vn 0.000000 -0.100000 0.000000
vn 0.000000 -0.100000 0.000000
vn 0.000000 -0.100000 0.000000
vn 0.000000 -0.100000 0.000000
vn 0.000000 -0.100000 0.000000
vn 0.000000 0.008716 0.099619
vn 0.000000 0.008716 0.099619
vn 0.000000 0.008716 0.099619
vn 0.000000 0.008716 0.099619
vn 0.000000 0.100000 0.000000
vn 0.000000 0.100000 0.000000
vn 0.000000 0.100000 0.000000
vn 0.000000 0.100000 0.000000
vn 0.000000 0.100000 0.000000
vn 0.000000 0.100000 0.000000
vn 0.000000 0.100000 0.000000
vn -0.057886 -0.017365 -0.079673
vn -0.030989 -0.021517 -0.092611
vn -0.013334 -0.023179 -0.096358
vn -0.016209 -0.022885 -0.095987
vn -0.001211 -0.023717 -0.097139
vn -0.001686 -0.023586 -0.097164
vn 0.013807 -0.023874 -0.096122
vn 0.013582 -0.023822 -0.096167
vn 0.026798 -0.023605 -0.093406
vn 0.026410 -0.023531 -0.093535
vn 0.039008 -0.022898 -0.089186
vn 0.039575 -0.022749 -0.088974
vn 0.051026 -0.021844 -0.083182
vn 0.056867 -0.021082 -0.079509
vn 0.062059 -0.020403 -0.075713
vn 0.066668 -0.019594 -0.071913
vn 0.062516 -0.020439 -0.075326
vn 0.071871 -0.018588 -0.067000
vn 0.077959 -0.017365 -0.060174
vn 0.077154 -0.017365 -0.061203
vn -0.057886 -0.017365 -0.079673
vn -0.051850 -0.018487 -0.083485
vn -0.045057 -0.019608 -0.087094
vn -0.045016 -0.019625 -0.087111
vn -0.031299 -0.021401 -0.092533
vn -0.031214 -0.021432 -0.092555
vn -0.016697 -0.022729 -0.095941
vn -0.016563 -0.022771 -0.095954
vn -0.001867 -0.023537 -0.097173
vn -0.046113 -0.019424 -0.086581
vn -0.045117 -0.019582 -0.087069
vn -0.031427 -0.021353 -0.092501
vn -0.035807 -0.020831 -0.091016
vn -0.018474 -0.022498 -0.095669
vn 0.011471 -0.023571 -0.096503
vn -0.002137 -0.023464 -0.097185
vn -0.016898 -0.022665 -0.095921
vn 0.013244 -0.023746 -0.096233
vn 0.078903 -0.017365 -0.058930
vn 0.063617 -0.020527 -0.074374
vn 0.062821 -0.020463 -0.075066
vn 0.051775 -0.021933 -0.082694
vn 0.051476 -0.021897 -0.082890
vn 0.039716 -0.023009 -0.088844
vn 0.039433 -0.022965 -0.088981
vn 0.027057 -0.023655 -0.093319
vn 0.074254 -0.018686 -0.064321
vn 0.056183 -0.021784 -0.079806
vn 0.052561 -0.022028 -0.082171
vn 0.040461 -0.023128 -0.088476
vn 0.034586 -0.023651 -0.090799
vn 0.027737 -0.023787 -0.093085
vn 0.010907 -0.024126 -0.096431
vn 0.014401 -0.024011 -0.096000
vn 0.078903 -0.017365 -0.058930
vn 0.077959 -0.017365 -0.060174
vn 0.078906 -0.017365 -0.058926
vn 0.078909 -0.017365 -0.058922
vn 0.078912 -0.017365 -0.058918
vn 0.077165 -0.017366 -0.061189
vn 0.078915 -0.017365 -0.058914
vn 0.079828 0.008716 -0.059595
vn 0.078057 0.008716 -0.061896
vn 0.077122 0.008716 -0.063057
vn 0.077646 0.008716 -0.062412
vn 0.077277 0.008716 -0.062867
vn 0.076667 0.008716 -0.063609
vn 0.075795 0.008716 -0.064646
vn 0.074719 0.008716 -0.065887
vn 0.074955 0.008716 -0.065618
vn 0.079820 0.008716 -0.059606
vn -0.058555 0.008716 -0.080594
vn -0.058555 0.008716 -0.080594
vn -0.058555 0.008716 -0.080594
vn -0.058555 0.008716 -0.080594
vn -0.058555 0.008716 -0.080594
vn -0.058555 0.008716 -0.080594
vn -0.058555 0.008716 -0.080594
vn -0.058555 0.008716 -0.080594
vn -0.058555 0.008716 -0.080594
vn -0.057886 -0.017365 -0.079673
vn -0.057886 -0.017365 -0.079673
vn 0.098416 -0.017132 0.004548
vn 0.098001 -0.015361 -0.012643
vn 0.098534 -0.017057 -0.000169
vn 0.096244 -0.015961 -0.021963
vn 0.097463 -0.018408 -0.012730
vn 0.094242 -0.016426 -0.029130
vn 0.091791 -0.016792 -0.035949
vn 0.093607 -0.019888 -0.029021
vn 0.088923 -0.017064 -0.042445
vn 0.088472 -0.018332 -0.042856
vn 0.085659 -0.017247 -0.048633
vn 0.090711 -0.019301 -0.037404
vn 0.093792 -0.020875 -0.027700
vn 0.095632 -0.021501 -0.019803
vn 0.096740 -0.023131 -0.010314
vn 0.097203 -0.022475 -0.006822
vn 0.097107 -0.023074 0.006150
vn 0.097453 -0.022057 -0.004051
vn 0.097032 -0.022621 0.008551
vn 0.097546 -0.020033 0.009136
vn 0.095830 -0.020492 0.019918
vn 0.096427 -0.018454 0.019007
vn 0.094020 -0.018900 0.028337
vn 0.095876 -0.018357 0.021698
vn 0.090449 -0.019006 0.038180
vn 0.090725 -0.019166 0.037439
vn 0.085866 -0.019249 0.047502
vn 0.088244 -0.020632 0.042277
vn 0.082395 -0.020259 0.052921
vn 0.085008 -0.021915 0.047889
vn 0.077413 -0.020794 0.059791
vn 0.077831 -0.021063 0.059149
vn 0.076114 -0.020769 0.061444
vn 0.086214 -0.022755 0.045270
vn 0.085504 -0.022281 0.046825
vn 0.091319 -0.023014 0.033633
vn 0.090856 -0.022586 0.035144
vn 0.095048 -0.022818 0.021100
vn 0.092953 -0.020702 0.030514
vn 0.097091 -0.023863 0.002000
vn 0.095167 -0.025150 0.017625
vn 0.095789 -0.024088 0.015631
vn 0.092059 -0.023784 0.030976
vn 0.095358 -0.023277 0.019107
vn 0.068351 -0.019274 0.070403
vn 0.068518 -0.019358 0.070218
vn 0.063634 -0.018451 0.074902
vn 0.057886 -0.017365 0.079673
vn 0.060864 -0.017931 0.077292
vn 0.057886 -0.017365 0.079673
vn 0.075280 -0.019576 0.062847
vn 0.082307 -0.019062 0.053500
vn 0.097941 -0.017841 0.009449
vn 0.098095 -0.019339 -0.001828
vn 0.096301 -0.021145 -0.016701
vn 0.057886 -0.017365 0.079673
vn 0.057886 -0.017365 0.079673
vn 0.058555 0.008716 0.080594
vn 0.058555 0.008716 0.080594
vn 0.058555 0.008716 0.080594
vn 0.058555 0.008716 0.080594
vn 0.058555 0.008716 0.080594
vn 0.058555 0.008716 0.080594
vn 0.058555 0.008716 0.080594
vn 0.058555 0.008716 0.080594
vn 0.058555 0.008716 0.080594
vn 0.058555 0.008716 0.080594
vn 0.084561 0.008716 -0.052664
vn 0.084982 0.008716 -0.051982
vn 0.083287 0.008716 -0.054656
vn 0.083242 0.008716 -0.054725
vn 0.082082 0.008716 -0.056450
vn 0.081967 0.008716 -0.056617
vn 0.081400 0.008716 -0.057429
vn 0.080601 0.008716 -0.058546
vn 0.081010 0.008716 -0.057978
vn 0.080594 0.008716 -0.058555
vn -0.079673 -0.017365 0.057886
vn -0.079673 -0.017365 0.057886
vn -0.079673 -0.017365 0.057886
vn -0.079673 -0.017365 0.057886
vn -0.079673 -0.017365 0.057886
vn -0.079673 -0.017365 0.057886
vn 0.000000 -0.100000 0.000000
vn 0.000000 -0.100000 0.000000
vn 0.000000 -0.100000 0.000000
vn 0.000000 -0.100000 0.000000
vn 0.000000 -0.100000 0.000000
vn 0.000000 -0.100000 0.000000
vn 0.000000 -0.100000 0.000000
vn 0.000000 -0.100000 0.000000
vn 0.000000 -0.100000 0.000000
vn -0.080594 0.008716 0.058555
vn -0.080594 0.008716 0.058555
vn -0.080594 0.008716 0.058555
vn -0.080594 0.008716 0.058555
vn 0.000000 0.100000 0.000000
vn 0.000000 0.100000 0.000000
vn 0.000000 0.100000 0.000000
vn 0.000000 0.100000 0.000000
vn 0.000000 0.100000 0.000000
vn 0.000000 0.100000 0.000000
vn 0.000000 0.100000 0.000000
vn -0.079673 -0.017365 -0.057886
vn -0.058090 -0.021517 -0.078502
vn -0.042458 -0.023179 -0.087522
vn -0.045078 -0.022885 -0.086280
vn -0.031169 -0.023717 -0.092011
vn -0.031629 -0.023586 -0.091887
vn -0.016572 -0.023874 -0.095684
vn -0.016800 -0.023822 -0.095657
vn -0.003377 -0.023605 -0.097115
vn -0.003786 -0.023531 -0.097118
vn 0.009538 -0.022898 -0.096875
vn 0.010143 -0.022749 -0.096848
vn 0.022824 -0.021844 -0.094878
vn 0.029515 -0.021082 -0.093190
vn 0.035625 -0.020403 -0.091184
vn 0.041183 -0.019594 -0.088995
vn 0.036180 -0.020439 -0.090957
vn 0.047650 -0.018588 -0.085930
vn 0.055549 -0.017365 -0.081319
vn 0.054465 -0.017365 -0.082049
vn -0.079673 -0.017365 -0.057886
vn -0.075111 -0.018487 -0.063377
vn -0.069765 -0.019608 -0.068908
vn -0.069732 -0.019625 -0.068937
vn -0.058362 -0.021401 -0.078332
vn -0.058287 -0.021432 -0.078379
vn -0.045527 -0.022729 -0.086085
vn -0.045403 -0.022771 -0.086139
vn -0.031803 -0.023537 -0.091840
vn -0.070611 -0.019424 -0.068094
vn -0.069815 -0.019582 -0.068865
vn -0.058473 -0.021353 -0.078262
vn -0.062180 -0.020831 -0.075496
vn -0.047134 -0.022498 -0.085278
vn -0.018911 -0.023571 -0.095325
vn -0.032065 -0.023464 -0.091768
vn -0.045712 -0.022665 -0.086004
vn -0.017142 -0.023746 -0.095615
vn 0.056831 -0.017365 -0.080428
vn 0.037520 -0.020527 -0.090393
vn 0.036549 -0.020463 -0.090804
vn 0.023688 -0.021933 -0.094646
vn 0.023342 -0.021897 -0.094740
vn 0.010318 -0.023009 -0.096768
vn 0.010006 -0.022965 -0.096812
vn -0.003105 -0.023655 -0.097112
vn 0.050744 -0.018686 -0.084118
vn 0.028772 -0.021784 -0.093261
vn 0.024597 -0.022028 -0.094392
vn 0.011140 -0.023128 -0.096649
vn 0.004835 -0.023651 -0.097042
vn -0.002385 -0.023787 -0.097100
vn -0.019426 -0.024126 -0.095082
vn -0.015970 -0.024011 -0.095752
vn 0.056831 -0.017365 -0.080428
vn 0.055549 -0.017365 -0.081319
vn 0.056835 -0.017365 -0.080425
vn 0.056839 -0.017365 -0.080422
vn 0.056843 -0.017365 -0.080420
vn 0.054480 -0.017366 -0.082039
vn 0.056847 -0.017365 -0.080417
vn 0.057505 0.008716 -0.081347
vn 0.055110 0.008716 -0.082988
vn 0.053862 0.008716 -0.083803
vn 0.054559 0.008716 -0.083351
vn 0.054068 0.008716 -0.083670
vn 0.053259 0.008716 -0.084187
vn 0.052109 0.008716 -0.084904
vn 0.050701 0.008716 -0.085752
vn 0.051010 0.008716 -0.085569
vn 0.057494 0.008716 -0.081354
vn -0.080594 0.008716 -0.058555
vn -0.080594 0.008716 -0.058555
vn -0.080594 0.008716 -0.058555
vn -0.080594 0.008716 -0.058555
vn -0.080594 0.008716 -0.058555
vn -0.080594 0.008716 -0.058555
vn -0.080594 0.008716 -0.058555
vn -0.080594 0.008716 -0.058555
vn -0.080594 0.008716 -0.058555
vn -0.079673 -0.017365 -0.057886
vn -0.079673 -0.017365 -0.057886
vn 0.095005 -0.017132 -0.026087
vn 0.089297 -0.015361 -0.042309
vn 0.093659 -0.017057 -0.030610
vn 0.084746 -0.015961 -0.050629
vn 0.088759 -0.018408 -0.042224
vn 0.080628 -0.016426 -0.056827
vn 0.076190 -0.016792 -0.062555
vn 0.080058 -0.019888 -0.056527
vn 0.071455 -0.017064 -0.067846
vn 0.070898 -0.018332 -0.068098
vn 0.066438 -0.017247 -0.072723
vn 0.074712 -0.019301 -0.063604
vn 0.080642 -0.020875 -0.055328
vn 0.084832 -0.021501 -0.048386
vn 0.088818 -0.023131 -0.039703
vn 0.090337 -0.022475 -0.036526
vn 0.094255 -0.023074 -0.024159
vn 0.091431 -0.022057 -0.033968
vn 0.094925 -0.022621 -0.021852
vn 0.095595 -0.020033 -0.021454
vn 0.097295 -0.020492 -0.010670
vn 0.097581 -0.018454 -0.011721
vn 0.098175 -0.018900 -0.002103
vn 0.097889 -0.018357 -0.008991
vn 0.097820 -0.019006 0.008361
vn 0.097854 -0.019166 0.007571
vn 0.096343 -0.019249 0.018643
vn 0.096989 -0.020632 0.012939
vn 0.094716 -0.020259 0.024869
vn 0.095646 -0.021915 0.019276
vn 0.092100 -0.020794 0.032942
vn 0.092300 -0.021063 0.032203
vn 0.091376 -0.020769 0.034916
vn 0.095984 -0.022755 0.016412
vn 0.095789 -0.022281 0.018111
vn 0.097243 -0.023014 0.003767
vn 0.097269 -0.022586 0.005348
vn 0.096916 -0.022818 -0.009304
vn 0.097833 -0.020702 0.000296
vn 0.092957 -0.023863 -0.028101
vn 0.095956 -0.025150 -0.012646
vn 0.095931 -0.024088 -0.014734
vn 0.097125 -0.023784 0.001012
vn 0.096595 -0.023277 -0.011296
vn 0.086762 -0.019274 0.045836
vn 0.086863 -0.019358 0.045608
vn 0.083665 -0.018451 0.051572
vn 0.079673 -0.017365 0.057886
vn 0.081770 -0.017931 0.054701
vn 0.079673 -0.017365 0.057886
vn 0.091016 -0.019576 0.036508
vn 0.094811 -0.019062 0.025447
vn 0.096067 -0.017841 -0.021279
vn 0.092729 -0.019339 -0.032051
vn 0.086427 -0.021145 -0.045643
vn 0.079673 -0.017365 0.057886
vn 0.079673 -0.017365 0.057886
vn 0.080594 0.008716 0.058555
vn 0.080594 0.008716 0.058555
vn 0.080594 0.008716 0.058555
vn 0.080594 0.008716 0.058555
vn 0.080594 0.008716 0.058555
vn 0.080594 0.008716 0.058555
vn 0.080594 0.008716 0.058555
vn 0.080594 0.008716 0.058555
vn 0.080594 0.008716 0.058555
vn 0.080594 0.008716 0.058555
vn 0.064148 0.008716 -0.076217
vn 0.064759 0.008716 -0.075699
vn 0.062322 0.008716 -0.077718
vn 0.062257 0.008716 -0.077770
vn 0.060620 0.008716 -0.079052
vn 0.060460 0.008716 -0.079175
vn 0.059670 0.008716 -0.079772
vn 0.058564 0.008716 -0.080587
vn 0.059129 0.008716 -0.080174
vn 0.058555 0.008716 -0.080594
vn -0.057886 -0.017365 0.079673
vn -0.057886 -0.017365 0.079673
vn -0.057886 -0.017365 0.079673
vn -0.057886 -0.017365 0.079673
vn -0.057886 -0.017365 0.079673
vn -0.057886 -0.017365 0.079673
vn 0.000000 -0.100000 0.000000
vn 0.000000 -0.100000 0.000000
vn 0.000000 -0.100000 0.000000
vn 0.000000 -0.100000 0.000000
vn 0.000000 -0.100000 0.000000
vn 0.000000 -0.100000 0.000000
vn 0.000000 -0.100000 0.000000
vn 0.000000 -0.100000 0.000000
vn 0.000000 -0.100000 0.000000
vn -0.058555 0.008716 0.080594
vn -0.058555 0.008716 0.080594
vn -0.058555 0.008716 0.080594
vn -0.058555 0.008716 0.080594
vn 0.000000 0.100000 0.000000
vn 0.000000 0.100000 0.000000
vn 0.000000 0.100000 0.000000
vn 0.000000 0.100000 0.000000
vn 0.000000 0.100000 0.000000
vn 0.000000 0.100000 0.000000
vn 0.000000 0.100000 0.000000
vn -0.093661 -0.017365 -0.030432
vn -0.079505 -0.021517 -0.056709
vn -0.067426 -0.023179 -0.070118
vn -0.069534 -0.022885 -0.068128
vn -0.058076 -0.023717 -0.077876
vn -0.058476 -0.023586 -0.077616
vn -0.045329 -0.023874 -0.085880
vn -0.045537 -0.023822 -0.085784
vn -0.033222 -0.023605 -0.091319
vn -0.033612 -0.023531 -0.091195
vn -0.020864 -0.022898 -0.095081
vn -0.020281 -0.022749 -0.095243
vn -0.007612 -0.021844 -0.097288
vn -0.000727 -0.021082 -0.097750
vn 0.005704 -0.020403 -0.097730
vn 0.011666 -0.019594 -0.097365
vn 0.006302 -0.020439 -0.097686
vn 0.018764 -0.018588 -0.096449
vn 0.027701 -0.017365 -0.094505
vn 0.026445 -0.017365 -0.094864
vn -0.093661 -0.017365 -0.030432
vn -0.091019 -0.018487 -0.037064
vn -0.087645 -0.019608 -0.043977
vn -0.087622 -0.019625 -0.044015
vn -0.079711 -0.021401 -0.056464
vn -0.079655 -0.021432 -0.056531
vn -0.069901 -0.022729 -0.067804
vn -0.069800 -0.022771 -0.067893
vn -0.058627 -0.023537 -0.077517
vn -0.088197 -0.019424 -0.042941
vn -0.087679 -0.019582 -0.043921
vn -0.079796 -0.021353 -0.056362
vn -0.082466 -0.020831 -0.052587
vn -0.071179 -0.022498 -0.066539
vn -0.047443 -0.023571 -0.084815
vn -0.058853 -0.023464 -0.077368
vn -0.070051 -0.022665 -0.067669
vn -0.045850 -0.023746 -0.085639
vn 0.029196 -0.017365 -0.094053
vn 0.007751 -0.020527 -0.097563
vn 0.006700 -0.020463 -0.097654
vn -0.006719 -0.021933 -0.097333
vn -0.007077 -0.021897 -0.097316
vn -0.020090 -0.023009 -0.095221
vn -0.020400 -0.022965 -0.095165
vn -0.032962 -0.023655 -0.091400
vn 0.022266 -0.018686 -0.095682
vn -0.001456 -0.021784 -0.097588
vn -0.005776 -0.022028 -0.097372
vn -0.019271 -0.023128 -0.095361
vn -0.025389 -0.023651 -0.093787
vn -0.032274 -0.023787 -0.091611
vn -0.047857 -0.024126 -0.084425
vn -0.044777 -0.024011 -0.086131
vn 0.029196 -0.017365 -0.094054
vn 0.027701 -0.017365 -0.094505
vn 0.029201 -0.017365 -0.094052
vn 0.029205 -0.017365 -0.094051
vn 0.029210 -0.017365 -0.094049
vn 0.026462 -0.017366 -0.094859
vn 0.029215 -0.017365 -0.094048
vn 0.029553 0.008716 -0.095135
vn 0.026768 0.008716 -0.095956
vn 0.025329 0.008716 -0.096346
vn 0.026132 0.008716 -0.096131
vn 0.025567 0.008716 -0.096283
vn 0.024637 0.008716 -0.096525
vn 0.023321 0.008716 -0.096851
vn 0.021721 0.008716 -0.097223
vn 0.022071 0.008716 -0.097144
vn 0.029540 0.008716 -0.095139
vn -0.094744 0.008716 -0.030784
vn -0.094744 0.008716 -0.030784
vn -0.094744 0.008716 -0.030784
vn -0.094744 0.008716 -0.030784
vn -0.094744 0.008716 -0.030784
vn -0.094744 0.008716 -0.030784
vn -0.094744 0.008716 -0.030784
vn -0.094744 0.008716 -0.030784
vn -0.094744 0.008716 -0.030784
vn -0.093661 -0.017365 -0.030432
vn -0.093661 -0.017365 -0.030432
vn 0.082294 -0.017132 -0.054168
vn 0.071853 -0.015361 -0.067832
vn 0.079616 -0.017057 -0.058054
vn 0.064953 -0.015961 -0.074339
vn 0.071367 -0.018408 -0.067586
vn 0.059121 -0.016426 -0.078961
vn 0.053130 -0.016792 -0.083037
vn 0.058672 -0.019888 -0.078499
vn 0.046992 -0.017064 -0.086606
vn 0.046385 -0.018332 -0.086674
vn 0.040714 -0.017247 -0.089694
vn 0.051401 -0.019301 -0.083579
vn 0.059598 -0.020875 -0.077539
vn 0.065728 -0.021501 -0.072232
vn 0.072202 -0.023131 -0.065206
vn 0.074628 -0.022475 -0.062654
vn 0.082176 -0.023074 -0.052103
vn 0.076460 -0.022057 -0.060559
vn 0.083527 -0.022621 -0.050116
vn 0.084286 -0.020033 -0.049945
vn 0.089235 -0.020492 -0.040213
vn 0.089183 -0.018454 -0.041302
vn 0.092720 -0.018900 -0.032338
vn 0.090319 -0.018357 -0.038800
vn 0.095617 -0.019006 -0.022276
vn 0.095404 -0.019166 -0.023038
vn 0.097388 -0.019249 -0.012041
vn 0.096240 -0.020632 -0.017666
vn 0.097765 -0.020259 -0.005617
vn 0.096921 -0.021915 -0.011224
vn 0.097772 -0.020794 0.002870
vn 0.097734 -0.021063 0.002105
vn 0.097693 -0.020769 0.004970
vn 0.096358 -0.022755 -0.014051
vn 0.096697 -0.022281 -0.012376
vn 0.093647 -0.023014 -0.026467
vn 0.094161 -0.022586 -0.024972
vn 0.089298 -0.022818 -0.038797
vn 0.093136 -0.020702 -0.029950
vn 0.079723 -0.023863 -0.055450
vn 0.087352 -0.025150 -0.041679
vn 0.086682 -0.024088 -0.043657
vn 0.092684 -0.023784 -0.029051
vn 0.088377 -0.023277 -0.040593
vn 0.096679 -0.019274 0.016781
vn 0.096705 -0.019358 0.016533
vn 0.095507 -0.018451 0.023194
vn 0.093661 -0.017365 0.030432
vn 0.094671 -0.017931 0.026756
vn 0.093661 -0.017365 0.030432
vn 0.097843 -0.019576 0.006595
vn 0.098034 -0.019062 -0.005097
vn 0.084790 -0.017841 -0.049924
vn 0.078286 -0.019339 -0.059138
vn 0.068093 -0.021145 -0.070116
vn 0.093661 -0.017365 0.030432
vn 0.093661 -0.017365 0.030432
vn 0.094744 0.008716 0.030784
vn 0.094744 0.008716 0.030784
vn 0.094744 0.008716 0.030784
vn 0.094744 0.008716 0.030784
vn 0.094744 0.008716 0.030784
vn 0.094744 0.008716 0.030784
vn 0.094744 0.008716 0.030784
vn 0.094744 0.008716 0.030784
vn 0.094744 0.008716 0.030784
vn 0.094744 0.008716 0.030784
vn 0.037456 0.008716 -0.092310
vn 0.038197 0.008716 -0.092005
vn 0.035255 0.008716 -0.093172
vn 0.035178 0.008716 -0.093202
vn 0.033225 0.008716 -0.093916
vn 0.033034 0.008716 -0.093983
vn 0.032099 0.008716 -0.094307
vn 0.030795 0.008716 -0.094740
vn 0.031460 0.008716 -0.094521
vn 0.030784 0.008716 -0.094744
vn -0.030432 -0.017365 0.093661
vn -0.030432 -0.017365 0.093661
vn -0.030432 -0.017365 0.093661
vn -0.030432 -0.017365 0.093661
vn -0.030432 -0.017365 0.093661
vn -0.030432 -0.017365 0.093661
vn 0.000000 -0.100000 0.000000
vn 0.000000 -0.100000 0.000000
vn 0.000000 -0.100000 0.000000
vn 0.000000 -0.100000 0.000000
vn 0.000000 -0.100000 0.000000
vn 0.000000 -0.100000 0.000000
vn 0.000000 -0.100000 0.000000
vn 0.000000 -0.100000 0.000000
vn 0.000000 -0.100000 0.000000
vn -0.030784 0.008716 0.094744
vn -0.030784 0.008716 0.094744
vn -0.030784 0.008716 0.094744
vn -0.030784 0.008716 0.094744
vn 0.000000 0.100000 0.000000
vn 0.000000 0.100000 0.000000
vn 0.000000 0.100000 0.000000
vn 0.000000 0.100000 0.000000
vn 0.000000 0.100000 0.000000
vn 0.000000 0.100000 0.000000
vn 0.000000 0.100000 0.000000
vn -0.000000 0.100000 -0.000000
vn -0.000000 0.100000 -0.000000
vn -0.000000 0.100000 -0.000000
vn -0.000000 0.100000 -0.000000
vn -0.000000 0.100000 -0.000000
vn -0.000000 0.100000 -0.000000
vn -0.000000 0.100000 -0.000000
vn -0.000000 0.100000 -0.000000
vn -0.000000 0.100000 -0.000000
vn -0.000000 0.100000 -0.000000
vn -0.000000 0.100000 -0.000000
vn -0.000000 0.100000 -0.000000
vn -0.000000 0.100000 -0.000000
vn -0.000000 0.100000 -0.000000
vn -0.000000 0.100000 -0.000000
vn -0.000000 0.100000 -0.000000
vn -0.000000 0.100000 -0.000000
vn -0.000000 0.100000 -0.000000
vn -0.000000 0.100000 -0.000000
vn -0.000000 0.100000 -0.000000
vn -0.000000 0.100000 -0.000000
vn -0.000000 0.100000 -0.000000
vn -0.000000 0.100000 -0.000000
vn -0.000000 0.100000 -0.000000
vn -0.000000 0.100000 -0.000000
vn -0.000000 0.100000 -0.000000
vn -0.000000 0.100000 -0.000000
vn -0.000000 0.100000 -0.000000
vn -0.000000 0.100000 -0.000000
vn -0.000000 0.100000 -0.000000
vn -0.000000 0.100000 -0.000000
vn -0.000000 0.100000 -0.000000
vn -0.000000 0.100000 -0.000000
vn -0.000000 0.100000 -0.000000
vn -0.000000 0.100000 -0.000000
vn -0.000000 0.100000 -0.000000
vn -0.000000 0.100000 -0.000000
vn -0.000000 0.100000 -0.000000
vn -0.000000 0.100000 -0.000000
vn -0.000000 0.100000 -0.000000
vn -0.000000 0.100000 -0.000000
vn -0.000000 0.100000 -0.000000
vn -0.000000 0.100000 -0.000000
vn -0.000000 0.100000 -0.000000
vn -0.000000 0.100000 -0.000000
vn -0.000000 0.100000 -0.000000
vn -0.000000 0.100000 -0.000000
vn -0.000000 0.100000 -0.000000
vn -0.000000 0.100000 -0.000000
vn -0.000000 0.100000 -0.000000
vn -0.000000 0.100000 -0.000000
vn -0.000000 0.100000 -0.000000
vn -0.000000 0.100000 -0.000000
vn -0.000000 0.100000 -0.000000
vn -0.000000 0.100000 -0.000000
vn -0.000000 0.100000 -0.000000
vn -0.000000 0.100000 -0.000000
vn -0.000000 0.100000 -0.000000
vn -0.000000 0.100000 -0.000000
vn -0.000000 0.100000 -0.000000
vn -0.000000 0.100000 -0.000000
vn -0.000000 0.100000 -0.000000
vn -0.000000 0.100000 -0.000000
vn -0.000000 0.100000 -0.000000
vn -0.000000 0.100000 -0.000000
vn -0.000000 0.100000 -0.000000
vn -0.000000 0.100000 -0.000000
vn -0.000000 0.100000 -0.000000
vn -0.000000 0.100000 -0.000000
vn -0.000000 0.100000 -0.000000
vn -0.000000 0.100000 -0.000000
vn -0.000000 0.100000 -0.000000
vn -0.000000 0.100000 -0.000000
vn -0.000000 0.100000 -0.000000
vn -0.000000 0.100000 -0.000000
vn -0.000000 0.100000 -0.000000
vn -0.000000 0.100000 -0.000000
vn -0.000000 0.100000 -0.000000
vn -0.000000 0.100000 -0.000000
vn -0.000000 0.100000 -0.000000
vn -0.000000 0.100000 -0.000000
vn -0.000000 0.100000 -0.000000
vn -0.000000 0.100000 -0.000000
vn -0.000000 0.100000 -0.000000
vn -0.000000 0.100000 -0.000000
vn -0.000000 0.100000 -0.000000
vn -0.000000 0.100000 -0.000000
vn -0.000000 0.100000 -0.000000
vn -0.000000 0.100000 -0.000000
vn -0.000000 0.100000 -0.000000
vn -0.000000 0.100000 -0.000000
vn -0.000000 0.100000 -0.000000
vn -0.000000 0.100000 -0.000000
vn -0.000000 0.100000 -0.000000
vn -0.000000 0.100000 -0.000000
vn -0.000000 0.100000 -0.000000
vn 0.000000 -0.100000 0.000000
vn 0.000000 -0.100000 0.000000
vn 0.000000 -0.100000 0.000000
vn 0.000000 -0.100000 0.000000
vn 0.000000 -0.100000 0.000000
vn 0.000000 -0.100000 0.000000
vn 0.000000 -0.100000 0.000000
vn 0.000000 -0.100000 0.000000
vn 0.000000 -0.100000 0.000000
vn 0.000000 -0.100000 0.000000
vn 0.000000 -0.100000 0.000000
vn 0.000000 -0.100000 0.000000
vn 0.000000 -0.100000 0.000000
vn 0.000000 -0.100000 0.000000
vn 0.000000 -0.100000 0.000000
vn 0.000000 -0.100000 0.000000
vn 0.000000 -0.100000 0.000000
vn 0.000000 -0.100000 0.000000
vn 0.000000 -0.100000 0.000000
vn 0.000000 -0.100000 0.000000
vn 0.000000 -0.100000 0.000000
vn 0.000000 -0.100000 0.000000
vn 0.000000 -0.100000 0.000000
vn 0.000000 -0.100000 0.000000
vn 0.000000 -0.100000 0.000000
vn 0.000000 -0.100000 0.000000
vn 0.000000 -0.100000 0.000000
vn 0.000000 -0.100000 0.000000
vn 0.000000 -0.100000 0.000000
vn 0.000000 -0.100000 0.000000
vn 0.000000 -0.100000 0.000000
vn 0.000000 -0.100000 0.000000
vn 0.000000 -0.100000 0.000000
vn 0.000000 -0.100000 0.000000
vn 0.000000 -0.100000 0.000000
vn 0.000000 -0.100000 0.000000
vn -0.098481 0.000000 -0.017365
vn -0.098481 0.000000 -0.017365
vn -0.100000 0.000000 -0.000000
vn -0.100000 0.000000 -0.000000
vn -0.098481 0.000000 0.017365
vn -0.098481 0.000000 0.017365
vn -0.093969 0.000000 0.034202
vn -0.093969 0.000000 0.034202
vn -0.086603 0.000000 0.050000
vn -0.086603 0.000000 0.050000
vn -0.076604 0.000000 0.064279
vn -0.076604 0.000000 0.064279
vn -0.064279 0.000000 0.076604
vn -0.064279 0.000000 0.076604
vn -0.050000 0.000000 0.086603
vn -0.050000 0.000000 0.086603
vn -0.034202 0.000000 0.093969
vn -0.034202 0.000000 0.093969
vn -0.017365 0.000000 0.098481
vn -0.017365 0.000000 0.098481
vn 0.000000 -0.000000 0.100000
vn 0.000000 -0.000000 0.100000
vn 0.017365 -0.000000 0.098481
vn 0.017365 -0.000000 0.098481
vn 0.034202 -0.000000 0.093969
vn 0.034202 -0.000000 0.093969
vn 0.050000 -0.000000 0.086603
vn 0.050000 -0.000000 0.086603
vn 0.064279 -0.000000 0.076604
vn 0.064279 -0.000000 0.076604
vn 0.076604 -0.000000 0.064279
vn 0.076604 -0.000000 0.064279
vn 0.086603 -0.000000 0.050000
vn 0.086603 -0.000000 0.050000
vn 0.093969 -0.000000 0.034202
vn 0.093969 -0.000000 0.034202
vn 0.098481 -0.000000 0.017365
vn 0.098481 -0.000000 0.017365
vn 0.100000 0.000000 0.000000
vn 0.100000 0.000000 0.000000
vn 0.098481 0.000000 -0.017365
vn 0.098481 0.000000 -0.017365
vn 0.093969 0.000000 -0.034202
vn 0.093969 0.000000 -0.034202
vn 0.086603 0.000000 -0.050000
vn 0.086603 0.000000 -0.050000
vn 0.076604 0.000000 -0.064279
vn 0.076604 0.000000 -0.064279
vn 0.064279 0.000000 -0.076604
vn 0.064279 0.000000 -0.076604
vn 0.050000 0.000000 -0.086603
vn 0.050000 0.000000 -0.086603
vn 0.034202 0.000000 -0.093969
vn 0.034202 0.000000 -0.093969
vn 0.017365 0.000000 -0.098481
vn 0.017365 0.000000 -0.098481
vn 0.000000 0.000000 -0.100000
vn 0.000000 0.000000 -0.100000
vn -0.017365 0.000000 -0.098481
vn -0.017365 0.000000 -0.098481
vn -0.034202 0.000000 -0.093969
vn -0.034202 0.000000 -0.093969
vn -0.050000 0.000000 -0.086603
vn -0.050000 0.000000 -0.086603
vn -0.064279 0.000000 -0.076604
vn -0.064279 0.000000 -0.076604
vn -0.076604 0.000000 -0.064279
vn -0.076604 0.000000 -0.064279
vn -0.086603 0.000000 -0.050000
vn -0.086603 0.000000 -0.050000
vn -0.093969 0.000000 -0.034202
vn -0.093969 0.000000 -0.034202
vn -0.099452 0.000000 -0.010453
vn -0.100000 0.000000 -0.000000
vn -0.100000 0.000000 -0.000000
vn -0.099452 0.000000 0.010453
vn -0.098193 0.000000 0.018925
vn -0.097815 0.000000 0.020791
vn -0.095106 0.000000 0.030902
vn -0.092837 0.000000 0.037166
vn -0.091355 0.000000 0.040674
vn -0.086603 0.000000 0.050000
vn -0.084125 0.000000 0.054064
vn -0.080902 0.000000 0.058779
vn -0.072373 0.000000 0.069008
vn -0.074314 0.000000 0.066913
vn -0.066913 0.000000 0.074314
vn -0.058006 0.000000 0.081458
vn -0.058779 0.000000 0.080902
vn -0.050000 0.000000 0.086603
vn -0.041542 0.000000 0.090963
vn -0.040674 0.000000 0.091355
vn -0.030902 0.000000 0.095106
vn -0.023576 0.000000 0.097181
vn -0.020791 0.000000 0.097815
vn -0.010453 0.000000 0.099452
vn -0.004758 0.000000 0.099887
vn 0.000000 0.000000 0.100000
vn 0.014231 0.000000 0.098982
vn 0.010453 0.000000 0.099452
vn 0.020791 0.000000 0.097815
vn 0.032707 0.000000 0.094500
vn 0.030902 0.000000 0.095106
vn 0.040674 0.000000 0.091355
vn 0.050000 0.000000 0.086603
vn 0.050000 0.000000 0.086603
vn 0.058779 0.000000 0.080902
vn 0.065486 0.000000 0.075575
vn 0.066913 0.000000 0.074314
vn 0.074314 0.000000 0.066913
vn 0.078605 0.000000 0.061816
vn 0.080902 0.000000 0.058779
vn 0.086603 0.000000 0.050000
vn 0.088884 0.000000 0.045823
vn 0.091355 0.000000 0.040674
vn 0.095949 0.000000 0.028173
vn 0.095106 0.000000 0.030902
vn 0.097815 0.000000 0.020791
vn 0.099547 0.000000 0.009506
vn 0.099452 0.000000 0.010453
vn 0.100000 0.000000 0.000000
vn 0.099547 0.000000 -0.009506
vn 0.099452 0.000000 -0.010453
vn 0.097815 0.000000 -0.020791
vn 0.095949 0.000000 -0.028173
vn 0.095106 0.000000 -0.030902
vn 0.091355 0.000000 -0.040674
vn 0.088884 0.000000 -0.045823
vn 0.086603 0.000000 -0.050000
vn 0.078605 0.000000 -0.061816
vn 0.080902 0.000000 -0.058779
vn 0.074314 0.000000 -0.066913
vn 0.065486 0.000000 -0.075575
vn 0.066913 0.000000 -0.074314
vn 0.058779 0.000000 -0.080902
vn 0.050000 0.000000 -0.086603
vn 0.050000 0.000000 -0.086603
vn 0.040674 0.000000 -0.091355
vn 0.032707 0.000000 -0.094500
vn 0.030902 0.000000 -0.095106
vn 0.020791 0.000000 -0.097815
vn 0.014231 0.000000 -0.098982
vn 0.010453 0.000000 -0.099452
vn 0.000000 0.000000 -0.100000
vn -0.004758 0.000000 -0.099887
vn -0.010453 0.000000 -0.099452
vn -0.023576 0.000000 -0.097181
vn -0.020791 0.000000 -0.097815
vn -0.030902 0.000000 -0.095106
vn -0.041542 0.000000 -0.090963
vn -0.040674 0.000000 -0.091355
vn -0.050000 0.000000 -0.086603
vn -0.058006 0.000000 -0.081458
vn -0.058779 0.000000 -0.080902
vn -0.066913 0.000000 -0.074314
vn -0.072373 0.000000 -0.069008
vn -0.074314 0.000000 -0.066913
vn -0.080902 0.000000 -0.058779
vn -0.084125 0.000000 -0.054064
vn -0.086603 0.000000 -0.050000
vn -0.092837 0.000000 -0.037166
vn -0.091355 0.000000 -0.040674
vn -0.095106 0.000000 -0.030902
vn -0.098193 0.000000 -0.018925
vn -0.097815 0.000000 -0.020791
vn 0.000000 0.100000 0.000000
vn 0.000000 0.100000 0.000000
vn 0.000000 0.100000 0.000000
vn 0.000000 0.100000 0.000000
vn 0.000000 0.100000 0.000000
vn 0.000000 0.100000 0.000000
vn 0.000000 0.100000 0.000000
vn 0.000000 0.100000 0.000000
vn 0.000000 0.100000 0.000000
vn 0.000000 0.100000 0.000000
vn 0.000000 0.100000 0.000000
vn 0.000000 0.100000 0.000000
vn 0.000000 0.100000 0.000000
vn 0.000000 0.100000 0.000000
vn 0.000000 0.100000 0.000000
vn 0.000000 0.100000 0.000000
vn 0.000000 0.100000 0.000000
vn 0.000000 0.100000 0.000000
vn 0.000000 0.100000 0.000000
vn 0.000000 0.100000 0.000000
vn 0.000000 0.100000 0.000000
vn 0.000000 0.100000 0.000000
vn 0.000000 0.100000 0.000000
vn 0.000000 0.100000 0.000000
vn 0.000000 0.100000 0.000000
vn 0.000000 0.100000 0.000000
vn 0.000000 0.100000 0.000000
vn 0.000000 0.100000 0.000000
vn 0.000000 0.100000 0.000000
vn 0.000000 0.100000 0.000000
vn 0.000000 0.100000 0.000000
vn 0.000000 0.100000 0.000000
vn 0.000000 0.100000 0.000000
f 561/862/741 582/863/742 560/864/743
f 560/864/743 582/863/742 583/865/744
f 560/864/743 583/865/744 584/866/745
f 584/866/745 583/865/744 601/867/746
f 584/866/745 601/867/746 600/868/747
f 600/868/747 601/867/746 592/869/748
f 600/868/747 592/869/748 593/870/749
f 593/870/749 592/869/748 608/871/750
f 593/870/749 608/871/750 607/872/751
f 607/872/751 608/871/750 568/873/752
f 607/872/751 568/873/752 606/874/753
f 606/874/753 568/873/752 569/875/754
f 606/874/753 569/875/754 605/876/755
f 605/876/755 569/875/754 570/877/756
f 605/876/755 570/877/756 580/878/757
f 580/878/757 570/877/756 571/879/758
f 580/878/757 571/879/758 573/880/759
f 573/880/759 571/879/758 572/881/760
f 562/882/761 563/883/762 561/862/741
f 561/862/741 563/883/762 579/884/763
f 561/862/741 579/884/763 604/885/764
f 604/885/764 579/884/763 589/886/765
f 604/885/764 589/886/765 603/887/766
f 603/887/766 589/886/765 590/888/767
f 603/887/766 590/888/767 602/889/768
f 602/889/768 590/888/767 591/890/769
f 602/889/768 591/890/769 601/867/746
f 601/867/746 591/890/769 592/869/748
f 563/883/762 564/891/770 579/884/763
f 579/884/763 564/891/770 613/892/771
f 579/884/763 613/892/771 612/893/772
f 612/893/772 613/892/771 565/894/773
f 612/893/772 565/894/773 566/895/774
f 564/891/770 565/894/773 613/892/771
f 567/896/775 610/897/776 566/895/774
f 566/895/774 610/897/776 611/898/777
f 566/895/774 611/898/777 612/893/772
f 612/893/772 611/898/777 589/886/765
f 612/893/772 589/886/765 579/884/763
f 568/873/752 608/871/750 567/896/775
f 567/896/775 608/871/750 609/899/778
f 567/896/775 609/899/778 610/897/776
f 610/897/776 609/899/778 591/890/769
f 610/897/776 591/890/769 590/888/767
f 574/900/779 581/901/780 573/880/759
f 573/880/759 581/901/780 596/902/781
f 573/880/759 596/902/781 580/878/757
f 580/878/757 596/902/781 597/903/782
f 580/878/757 597/903/782 595/904/783
f 595/904/783 597/903/782 598/905/784
f 595/904/783 598/905/784 594/906/785
f 594/906/785 598/905/784 599/907/786
f 594/906/785 599/907/786 593/870/749
f 593/870/749 599/907/786 600/868/747
f 574/900/779 575/908/787 581/901/780
f 581/901/780 575/908/787 576/909/788
f 581/901/780 576/909/788 588/910/789
f 588/910/789 576/909/788 587/911/790
f 588/910/789 587/911/790 597/903/782
f 597/903/782 587/911/790 598/905/784
f 576/909/788 577/912/791 587/911/790
f 587/911/790 577/912/791 586/913/792
f 587/911/790 586/913/792 598/905/784
f 598/905/784 586/913/792 599/907/786
f 577/912/791 578/914/793 586/913/792
f 586/913/792 578/914/793 585/915/794
f 586/913/792 585/915/794 599/907/786
f 599/907/786 585/915/794 600/868/747
f 585/915/794 578/914/793 584/866/745
f 584/866/745 578/914/793 560/864/743
f 603/887/766 602/889/768 582/863/742
f 582/863/742 602/889/768 583/865/744
f 600/868/747 585/915/794 584/866/745
f 602/889/768 601/867/746 583/865/744
f 596/902/781 581/901/780 588/910/789
f 596/902/781 588/910/789 597/903/782
f 610/897/776 590/888/767 611/898/777
f 611/898/777 590/888/767 589/886/765
f 608/871/750 592/869/748 609/899/778
f 609/899/778 592/869/748 591/890/769
f 593/870/749 607/872/751 594/906/785
f 594/906/785 607/872/751 606/874/753
f 594/906/785 606/874/753 595/904/783
f 595/904/783 606/874/753 605/876/755
f 595/904/783 605/876/755 580/878/757
f 604/885/764 603/887/766 582/863/742
f 561/862/741 604/885/764 582/863/742
f 574/916/795 573/917/796 617/918/797
f 617/918/797 573/917/796 616/919/798
f 616/919/798 573/917/796 615/920/799
f 615/920/799 573/917/796 572/921/800
f 615/920/799 572/921/800 614/922/801
f 614/923/802 572/924/803 620/925/804
f 620/925/804 572/924/803 571/926/805
f 620/925/804 571/926/805 570/927/806
f 570/927/806 569/928/807 620/925/804
f 620/925/804 569/928/807 568/929/808
f 620/925/804 568/929/808 567/930/809
f 567/930/809 618/931/810 620/925/804
f 620/925/804 618/931/810 619/932/811
f 620/925/804 619/932/811 614/923/802
f 618/933/812 567/934/813 622/935/814
f 622/935/814 567/934/813 566/936/815
f 622/935/814 566/936/815 565/937/816
f 565/937/816 564/938/817 622/935/814
f 622/935/814 564/938/817 563/939/818
f 622/935/814 563/939/818 562/940/819
f 562/940/819 621/941/820 622/935/814
f 562/942/761 561/943/821 621/944/822
f 638/945/823 575/946/824 640/947/825
f 640/947/825 575/946/824 574/948/826
f 640/947/825 574/948/826 646/949/827
f 646/949/827 574/948/826 617/950/828
f 646/949/827 617/950/828 616/951/829
f 646/949/827 616/951/829 639/952/830
f 639/952/830 616/951/829 615/953/831
f 639/952/830 615/953/831 623/954/832
f 623/954/832 615/953/831 614/955/833
f 623/954/832 624/956/834 639/952/830
f 639/952/830 624/956/834 625/957/835
f 639/952/830 625/957/835 662/958/836
f 662/958/836 625/957/835 626/959/837
f 662/958/836 626/959/837 663/960/838
f 663/960/838 626/959/837 664/961/839
f 663/960/838 664/961/839 655/962/840
f 655/962/840 664/961/839 656/963/841
f 655/962/840 656/963/841 648/964/842
f 648/964/842 656/963/841 649/965/843
f 648/964/842 649/965/843 642/966/844
f 642/966/844 649/965/843 643/967/845
f 642/966/844 643/967/845 637/968/846
f 637/968/846 643/967/845 636/969/847
f 636/969/847 643/967/845 644/970/848
f 636/969/847 644/970/848 645/971/849
f 645/971/849 644/970/848 651/972/850
f 645/971/849 651/972/850 652/973/851
f 652/973/851 651/972/850 659/974/852
f 652/973/851 659/974/852 660/975/853
f 660/975/853 659/974/852 668/976/854
f 660/975/853 668/976/854 629/977/855
f 629/977/855 668/976/854 628/978/856
f 628/978/856 668/976/854 667/979/857
f 628/978/856 667/979/857 666/980/858
f 666/980/858 667/979/857 658/981/859
f 666/980/858 658/981/859 657/982/860
f 657/982/860 658/981/859 650/983/861
f 657/982/860 650/983/861 649/965/843
f 649/965/843 650/983/861 643/967/845
f 664/961/839 626/959/837 669/984/862
f 669/984/862 626/959/837 627/985/863
f 669/984/862 627/985/863 670/986/864
f 670/986/864 627/985/863 671/987/865
f 670/986/864 671/987/865 665/988/866
f 665/988/866 671/987/865 666/980/858
f 665/988/866 666/980/858 657/982/860
f 627/985/863 628/978/856 671/987/865
f 671/987/865 628/978/856 666/980/858
f 660/975/853 629/977/855 661/989/867
f 661/989/867 629/977/855 630/990/868
f 661/989/867 630/990/868 631/991/869
f 661/989/867 631/991/869 634/992/870
f 634/992/870 631/991/869 632/993/871
f 634/992/870 632/993/871 633/994/872
f 661/989/867 634/992/870 653/995/873
f 653/995/873 634/992/870 635/996/874
f 653/995/873 635/996/874 652/973/851
f 652/973/851 635/996/874 645/971/849
f 635/996/874 636/969/847 645/971/849
f 642/966/844 637/968/846 641/997/875
f 641/997/875 637/968/846 638/945/823
f 641/997/875 638/945/823 640/947/825
f 648/964/842 642/966/844 641/997/875
f 641/997/875 640/947/825 647/998/876
f 647/998/876 640/947/825 646/949/827
f 647/998/876 646/949/827 654/999/877
f 654/999/877 646/949/827 639/952/830
f 654/999/877 639/952/830 662/958/836
f 651/972/850 644/970/848 650/983/861
f 650/983/861 644/970/848 643/967/845
f 655/962/840 648/964/842 647/998/876
f 647/998/876 648/964/842 641/997/875
f 655/962/840 647/998/876 654/999/877
f 657/982/860 649/965/843 656/963/841
f 659/974/852 651/972/850 658/981/859
f 658/981/859 651/972/850 650/983/861
f 661/989/867 653/995/873 660/975/853
f 660/975/853 653/995/873 652/973/851
f 663/960/838 655/962/840 654/999/877
f 663/960/838 654/999/877 662/958/836
f 665/988/866 657/982/860 656/963/841
f 665/988/866 656/963/841 664/961/839
f 668/976/854 659/974/852 667/979/857
f 667/979/857 659/974/852 658/981/859
f 670/986/864 665/988/866 664/961/839
f 669/984/862 670/986/864 664/961/839
f 634/1000/878 633/1001/872 672/1002/879
f 672/1003/880 633/1004/881 674/1005/882
f 674/1005/882 633/1004/881 632/1006/883
f 674/1005/882 632/1006/883 631/1007/884
f 631/1007/884 630/1008/885 674/1005/882
f 674/1005/882 630/1008/885 629/1009/886
f 674/1005/882 629/1009/886 628/1010/887
f 628/1010/887 627/1011/888 674/1005/882
f 674/1005/882 627/1011/888 673/1012/889
f 673/1013/890 627/1014/891 676/1015/892
f 676/1015/892 627/1014/891 626/1016/893
f 676/1015/892 626/1016/893 625/1017/894
f 676/1015/892 625/1017/894 675/1018/895
f 675/1018/895 625/1017/894 624/1019/896
f 675/1018/895 624/1019/896 619/1020/897
f 619/1020/897 624/1019/896 623/1021/898
f 619/1020/897 623/1021/898 614/1022/899
f 560/1023/900 634/1024/901 561/1025/902
f 561/1025/902 634/1024/901 672/1026/903
f 561/1025/902 672/1026/903 621/1027/904
f 560/1023/900 635/1028/905 634/1024/901
f 635/1029/906 560/1030/907 636/1031/908
f 636/1031/908 560/1030/907 578/1032/909
f 636/1031/908 578/1032/909 637/1033/910
f 637/1033/910 578/1032/909 577/1034/911
f 637/1033/910 577/1034/911 638/1035/912
f 638/1035/912 577/1034/911 576/1036/913
f 638/1035/912 576/1036/913 575/1037/914
f 674/1038/915 622/1039/916 672/1040/917
f 672/1040/917 622/1039/916 621/1041/918
f 673/1042/919 676/1043/920 674/1044/921
f 674/1044/921 676/1043/920 675/1045/922
f 674/1044/921 675/1045/922 619/1046/923
f 618/1047/924 622/1048/925 619/1046/923
f 619/1046/923 622/1048/925 674/1044/921
f 678/1049/926 699/1050/927 677/1051/928
f 677/1051/928 699/1050/927 700/1052/929
f 677/1051/928 700/1052/929 701/1053/930
f 701/1053/930 700/1052/929 718/1054/931
f 701/1053/930 718/1054/931 717/1055/932
f 717/1055/932 718/1054/931 709/1056/933
f 717/1055/932 709/1056/933 710/1057/934
f 710/1057/934 709/1056/933 725/1058/935
f 710/1057/934 725/1058/935 724/1059/936
f 724/1059/936 725/1058/935 685/1060/937
f 724/1059/936 685/1060/937 723/1061/938
f 723/1061/938 685/1060/937 686/1062/939
f 723/1061/938 686/1062/939 722/1063/940
f 722/1063/940 686/1062/939 687/1064/941
f 722/1063/940 687/1064/941 697/1065/942
f 697/1065/942 687/1064/941 688/1066/943
f 697/1065/942 688/1066/943 690/1067/944
f 690/1067/944 688/1066/943 689/1068/945
f 679/1069/946 680/1070/947 678/1049/926
f 678/1049/926 680/1070/947 696/1071/948
f 678/1049/926 696/1071/948 721/1072/949
f 721/1072/949 696/1071/948 706/1073/950
f 721/1072/949 706/1073/950 720/1074/951
f 720/1074/951 706/1073/950 707/1075/952
f 720/1074/951 707/1075/952 719/1076/953
f 719/1076/953 707/1075/952 708/1077/954
f 719/1076/953 708/1077/954 718/1054/931
f 718/1054/931 708/1077/954 709/1056/933
f 680/1070/947 681/1078/955 696/1071/948
f 696/1071/948 681/1078/955 730/1079/956
f 696/1071/948 730/1079/956 729/1080/957
f 729/1080/957 730/1079/956 682/1081/958
f 729/1080/957 682/1081/958 683/1082/959
f 681/1078/955 682/1081/958 730/1079/956
f 684/1083/960 727/1084/961 683/1082/959
f 683/1082/959 727/1084/961 728/1085/962
f 683/1082/959 728/1085/962 729/1080/957
f 729/1080/957 728/1085/962 706/1073/950
f 729/1080/957 706/1073/950 696/1071/948
f 685/1060/937 725/1058/935 684/1083/960
f 684/1083/960 725/1058/935 726/1086/963
f 684/1083/960 726/1086/963 727/1084/961
f 727/1084/961 726/1086/963 708/1077/954
f 727/1084/961 708/1077/954 707/1075/952
f 691/1087/964 698/1088/965 690/1067/944
f 690/1067/944 698/1088/965 713/1089/966
f 690/1067/944 713/1089/966 697/1065/942
f 697/1065/942 713/1089/966 714/1090/967
f 697/1065/942 714/1090/967 712/1091/968
f 712/1091/968 714/1090/967 715/1092/969
f 712/1091/968 715/1092/969 711/1093/970
f 711/1093/970 715/1092/969 716/1094/971
f 711/1093/970 716/1094/971 710/1057/934
f 710/1057/934 716/1094/971 717/1055/932
f 691/1087/964 692/1095/972 698/1088/965
f 698/1088/965 692/1095/972 693/1096/973
f 698/1088/965 693/1096/973 705/1097/974
f 705/1097/974 693/1096/973 704/1098/975
f 705/1097/974 704/1098/975 714/1090/967
f 714/1090/967 704/1098/975 715/1092/969
f 693/1096/973 694/1099/976 704/1098/975
f 704/1098/975 694/1099/976 703/1100/977
f 704/1098/975 703/1100/977 715/1092/969
f 715/1092/969 703/1100/977 716/1094/971
f 694/1099/976 695/1101/978 703/1100/977
f 703/1100/977 695/1101/978 702/1102/979
f 703/1100/977 702/1102/979 716/1094/971
f 716/1094/971 702/1102/979 717/1055/932
f 702/1102/979 695/1101/978 701/1053/930
f 701/1053/930 695/1101/978 677/1051/928
f 720/1074/951 719/1076/953 699/1050/927
f 699/1050/927 719/1076/953 700/1052/929
f 717/1055/932 702/1102/979 701/1053/930
f 719/1076/953 718/1054/931 700/1052/929
f 713/1089/966 698/1088/965 705/1097/974
f 713/1089/966 705/1097/974 714/1090/967
f 727/1084/961 707/1075/952 728/1085/962
f 728/1085/962 707/1075/952 706/1073/950
f 725/1058/935 709/1056/933 726/1086/963
f 726/1086/963 709/1056/933 708/1077/954
f 710/1057/934 724/1059/936 711/1093/970
f 711/1093/970 724/1059/936 723/1061/938
f 711/1093/970 723/1061/938 712/1091/968
f 712/1091/968 723/1061/938 722/1063/940
f 712/1091/968 722/1063/940 697/1065/942
f 721/1072/949 720/1074/951 699/1050/927
f 678/1049/926 721/1072/949 699/1050/927
f 691/1103/980 690/1104/981 734/1105/982
f 734/1105/982 690/1104/981 733/1106/983
f 733/1106/983 690/1104/981 732/1107/984
f 732/1107/984 690/1104/981 689/1108/985
f 732/1107/984 689/1108/985 731/1109/986
f 731/1110/987 689/1111/988 737/1112/989
f 737/1112/989 689/1111/988 688/1113/990
f 737/1112/989 688/1113/990 687/1114/991
f 687/1114/991 686/1115/992 737/1112/989
f 737/1112/989 686/1115/992 685/1116/993
f 737/1112/989 685/1116/993 684/1117/994
f 684/1117/994 735/1118/995 737/1112/989
f 737/1112/989 735/1118/995 736/1119/996
f 737/1112/989 736/1119/996 731/1110/987
f 735/1120/997 684/1121/998 739/1122/999
f 739/1122/999 684/1121/998 683/1123/1000
f 739/1122/999 683/1123/1000 682/1124/1001
f 682/1124/1001 681/1125/1002 739/1122/999
f 739/1122/999 681/1125/1002 680/1126/1003
f 739/1122/999 680/1126/1003 679/1127/1004
f 679/1127/1004 738/1128/1005 739/1122/999
f 679/1129/946 678/1130/1006 738/1131/1007
f 755/1132/1008 692/1133/1009 757/1134/1010
f 757/1134/1010 692/1133/1009 691/1135/1011
f 757/1134/1010 691/1135/1011 763/1136/1012
f 763/1136/1012 691/1135/1011 734/1137/1013
f 763/1136/1012 734/1137/1013 733/1138/1014
f 763/1136/1012 733/1138/1014 756/1139/1015
f 756/1139/1015 733/1138/1014 732/1140/1016
f 756/1139/1015 732/1140/1016 740/1141/1017
f 740/1141/1017 732/1140/1016 731/1142/1018
f 740/1141/1017 741/1143/1019 756/1139/1015
f 756/1139/1015 741/1143/1019 742/1144/1020
f 756/1139/1015 742/1144/1020 779/1145/1021
f 779/1145/1021 742/1144/1020 743/1146/1022
f 779/1145/1021 743/1146/1022 780/1147/1023
f 780/1147/1023 743/1146/1022 781/1148/1024
f 780/1147/1023 781/1148/1024 772/1149/1025
f 772/1149/1025 781/1148/1024 773/1150/1026
f 772/1149/1025 773/1150/1026 765/1151/1027
f 765/1151/1027 773/1150/1026 766/1152/1028
f 765/1151/1027 766/1152/1028 759/1153/1029
f 759/1153/1029 766/1152/1028 760/1154/1030
f 759/1153/1029 760/1154/1030 754/1155/1031
f 754/1155/1031 760/1154/1030 753/1156/1032
f 753/1156/1032 760/1154/1030 761/1157/1033
f 753/1156/1032 761/1157/1033 762/1158/1034
f 762/1158/1034 761/1157/1033 768/1159/1035
f 762/1158/1034 768/1159/1035 769/1160/1036
f 769/1160/1036 768/1159/1035 776/1161/1037
f 769/1160/1036 776/1161/1037 777/1162/1038
f 777/1162/1038 776/1161/1037 785/1163/1039
f 777/1162/1038 785/1163/1039 746/1164/1040
f 746/1164/1040 785/1163/1039 745/1165/1041
f 745/1165/1041 785/1163/1039 784/1166/1042
f 745/1165/1041 784/1166/1042 783/1167/1043
f 783/1167/1043 784/1166/1042 775/1168/1044
f 783/1167/1043 775/1168/1044 774/1169/1045
f 774/1169/1045 775/1168/1044 767/1170/1046
f 774/1169/1045 767/1170/1046 766/1152/1028
f 766/1152/1028 767/1170/1046 760/1154/1030
f 781/1148/1024 743/1146/1022 786/1171/1047
f 786/1171/1047 743/1146/1022 744/1172/1048
f 786/1171/1047 744/1172/1048 787/1173/1049
f 787/1173/1049 744/1172/1048 788/1174/1050
f 787/1173/1049 788/1174/1050 782/1175/1051
f 782/1175/1051 788/1174/1050 783/1167/1043
f 782/1175/1051 783/1167/1043 774/1169/1045
f 744/1172/1048 745/1165/1041 788/1174/1050
f 788/1174/1050 745/1165/1041 783/1167/1043
f 777/1162/1038 746/1164/1040 778/1176/1052
f 778/1176/1052 746/1164/1040 747/1177/1053
f 778/1176/1052 747/1177/1053 748/1178/1054
f 778/1176/1052 748/1178/1054 751/1179/1055
f 751/1179/1055 748/1178/1054 749/1180/1056
f 751/1179/1055 749/1180/1056 750/1181/1057
f 778/1176/1052 751/1179/1055 770/1182/1058
f 770/1182/1058 751/1179/1055 752/1183/1059
f 770/1182/1058 752/1183/1059 769/1160/1036
f 769/1160/1036 752/1183/1059 762/1158/1034
f 752/1183/1059 753/1156/1032 762/1158/1034
f 759/1153/1029 754/1155/1031 758/1184/1060
f 758/1184/1060 754/1155/1031 755/1132/1008
f 758/1184/1060 755/1132/1008 757/1134/1010
f 765/1151/1027 759/1153/1029 758/1184/1060
f 758/1184/1060 757/1134/1010 764/1185/1061
f 764/1185/1061 757/1134/1010 763/1136/1012
f 764/1185/1061 763/1136/1012 771/1186/1062
f 771/1186/1062 763/1136/1012 756/1139/1015
f 771/1186/1062 756/1139/1015 779/1145/1021
f 768/1159/1035 761/1157/1033 767/1170/1046
f 767/1170/1046 761/1157/1033 760/1154/1030
f 772/1149/1025 765/1151/1027 764/1185/1061
f 764/1185/1061 765/1151/1027 758/1184/1060
f 772/1149/1025 764/1185/1061 771/1186/1062
f 774/1169/1045 766/1152/1028 773/1150/1026
f 776/1161/1037 768/1159/1035 775/1168/1044
f 775/1168/1044 768/1159/1035 767/1170/1046
f 778/1176/1052 770/1182/1058 777/1162/1038
f 777/1162/1038 770/1182/1058 769/1160/1036
f 780/1147/1023 772/1149/1025 771/1186/1062
f 780/1147/1023 771/1186/1062 779/1145/1021
f 782/1175/1051 774/1169/1045 773/1150/1026
f 782/1175/1051 773/1150/1026 781/1148/1024
f 785/1163/1039 776/1161/1037 784/1166/1042
f 784/1166/1042 776/1161/1037 775/1168/1044
f 787/1173/1049 782/1175/1051 781/1148/1024
f 786/1171/1047 787/1173/1049 781/1148/1024
f 751/1187/1063 750/1188/1057 789/1189/1064
f 789/1190/1065 750/1191/1066 791/1192/1067
f 791/1192/1067 750/1191/1066 749/1193/1068
f 791/1192/1067 749/1193/1068 748/1194/1069
f 748/1194/1069 747/1195/1070 791/1192/1067
f 791/1192/1067 747/1195/1070 746/1196/1071
f 791/1192/1067 746/1196/1071 745/1197/1072
f 745/1197/1072 744/1198/1073 791/1192/1067
f 791/1192/1067 744/1198/1073 790/1199/1074
f 790/1200/1075 744/1201/1076 793/1202/1077
f 793/1202/1077 744/1201/1076 743/1203/1078
f 793/1202/1077 743/1203/1078 742/1204/1079
f 793/1202/1077 742/1204/1079 792/1205/1080
f 792/1205/1080 742/1204/1079 741/1206/1081
f 792/1205/1080 741/1206/1081 736/1207/1082
f 736/1207/1082 741/1206/1081 740/1208/1083
f 736/1207/1082 740/1208/1083 731/1209/1084
f 677/1210/1085 751/1211/1086 678/1212/1087
f 678/1212/1087 751/1211/1086 789/1213/1088
f 678/1212/1087 789/1213/1088 738/1214/1089
f 677/1210/1085 752/1215/1090 751/1211/1086
f 752/1216/1091 677/1217/1092 753/1218/1093
f 753/1218/1093 677/1217/1092 695/1219/1094
f 753/1218/1093 695/1219/1094 754/1220/1095
f 754/1220/1095 695/1219/1094 694/1221/1096
f 754/1220/1095 694/1221/1096 755/1222/1097
f 755/1222/1097 694/1221/1096 693/1223/1098
f 755/1222/1097 693/1223/1098 692/1224/1099
f 791/1225/1100 739/1226/1101 789/1227/1102
f 789/1227/1102 739/1226/1101 738/1228/1103
f 790/1229/1104 793/1230/1105 791/1231/1106
f 791/1231/1106 793/1230/1105 792/1232/1107
f 791/1231/1106 792/1232/1107 736/1233/1108
f 735/1234/1109 739/1235/1110 736/1233/1108
f 736/1233/1108 739/1235/1110 791/1231/1106
f 795/1236/1111 816/1237/1112 794/1238/1113
f 794/1238/1113 816/1237/1112 817/1239/1114
f 794/1238/1113 817/1239/1114 818/1240/1115
f 818/1240/1115 817/1239/1114 835/1241/1116
f 818/1240/1115 835/1241/1116 834/1242/1117
f 834/1242/1117 835/1241/1116 826/1243/1118
f 834/1242/1117 826/1243/1118 827/1244/1119
f 827/1244/1119 826/1243/1118 842/1245/1120
f 827/1244/1119 842/1245/1120 841/1246/1121
f 841/1246/1121 842/1245/1120 802/1247/1122
f 841/1246/1121 802/1247/1122 840/1248/1123
f 840/1248/1123 802/1247/1122 803/1249/1124
f 840/1248/1123 803/1249/1124 839/1250/1125
f 839/1250/1125 803/1249/1124 804/1251/1126
f 839/1250/1125 804/1251/1126 814/1252/1127
f 814/1252/1127 804/1251/1126 805/1253/1128
f 814/1252/1127 805/1253/1128 807/1254/1129
f 807/1254/1129 805/1253/1128 806/1255/1130
f 796/1256/1131 797/1257/1132 795/1236/1111
f 795/1236/1111 797/1257/1132 813/1258/1133
f 795/1236/1111 813/1258/1133 838/1259/1134
f 838/1259/1134 813/1258/1133 823/1260/1135
f 838/1259/1134 823/1260/1135 837/1261/1136
f 837/1261/1136 823/1260/1135 824/1262/1137
f 837/1261/1136 824/1262/1137 836/1263/1138
f 836/1263/1138 824/1262/1137 825/1264/1139
f 836/1263/1138 825/1264/1139 835/1241/1116
f 835/1241/1116 825/1264/1139 826/1243/1118
f 797/1257/1132 798/1265/1140 813/1258/1133
f 813/1258/1133 798/1265/1140 847/1266/1141
f 813/1258/1133 847/1266/1141 846/1267/1142
f 846/1267/1142 847/1266/1141 799/1268/1143
f 846/1267/1142 799/1268/1143 800/1269/1144
f 798/1265/1140 799/1268/1143 847/1266/1141
f 801/1270/1145 844/1271/1146 800/1269/1144
f 800/1269/1144 844/1271/1146 845/1272/1147
f 800/1269/1144 845/1272/1147 846/1267/1142
f 846/1267/1142 845/1272/1147 823/1260/1135
f 846/1267/1142 823/1260/1135 813/1258/1133
f 802/1247/1122 842/1245/1120 801/1270/1145
f 801/1270/1145 842/1245/1120 843/1273/1148
f 801/1270/1145 843/1273/1148 844/1271/1146
f 844/1271/1146 843/1273/1148 825/1264/1139
f 844/1271/1146 825/1264/1139 824/1262/1137
f 808/1274/1149 815/1275/1150 807/1254/1129
f 807/1254/1129 815/1275/1150 830/1276/1151
f 807/1254/1129 830/1276/1151 814/1252/1127
f 814/1252/1127 830/1276/1151 831/1277/1152
f 814/1252/1127 831/1277/1152 829/1278/1153
f 829/1278/1153 831/1277/1152 832/1279/1154
f 829/1278/1153 832/1279/1154 828/1280/1155
f 828/1280/1155 832/1279/1154 833/1281/1156
f 828/1280/1155 833/1281/1156 827/1244/1119
f 827/1244/1119 833/1281/1156 834/1242/1117
f 808/1274/1149 809/1282/1157 815/1275/1150
f 815/1275/1150 809/1282/1157 810/1283/1158
f 815/1275/1150 810/1283/1158 822/1284/1159
f 822/1284/1159 810/1283/1158 821/1285/1160
f 822/1284/1159 821/1285/1160 831/1277/1152
f 831/1277/1152 821/1285/1160 832/1279/1154
f 810/1283/1158 811/1286/1161 821/1285/1160
f 821/1285/1160 811/1286/1161 820/1287/1162
f 821/1285/1160 820/1287/1162 832/1279/1154
f 832/1279/1154 820/1287/1162 833/1281/1156
f 811/1286/1161 812/1288/1163 820/1287/1162
f 820/1287/1162 812/1288/1163 819/1289/1164
f 820/1287/1162 819/1289/1164 833/1281/1156
f 833/1281/1156 819/1289/1164 834/1242/1117
f 819/1289/1164 812/1288/1163 818/1240/1115
f 818/1240/1115 812/1288/1163 794/1238/1113
f 837/1261/1136 836/1263/1138 816/1237/1112
f 816/1237/1112 836/1263/1138 817/1239/1114
f 834/1242/1117 819/1289/1164 818/1240/1115
f 836/1263/1138 835/1241/1116 817/1239/1114
f 830/1276/1151 815/1275/1150 822/1284/1159
f 830/1276/1151 822/1284/1159 831/1277/1152
f 844/1271/1146 824/1262/1137 845/1272/1147
f 845/1272/1147 824/1262/1137 823/1260/1135
f 842/1245/1120 826/1243/1118 843/1273/1148
f 843/1273/1148 826/1243/1118 825/1264/1139
f 827/1244/1119 841/1246/1121 828/1280/1155
f 828/1280/1155 841/1246/1121 840/1248/1123
f 828/1280/1155 840/1248/1123 829/1278/1153
f 829/1278/1153 840/1248/1123 839/1250/1125
f 829/1278/1153 839/1250/1125 814/1252/1127
f 838/1259/1134 837/1261/1136 816/1237/1112
f 795/1236/1111 838/1259/1134 816/1237/1112
f 808/1290/1165 807/1291/1166 851/1292/1167
f 851/1292/1167 807/1291/1166 850/1293/1168
f 850/1293/1168 807/1291/1166 849/1294/1169
f 849/1294/1169 807/1291/1166 806/1295/1170
f 849/1294/1169 806/1295/1170 848/1296/1171
f 848/1297/1172 806/1298/1173 854/1299/1174
f 854/1299/1174 806/1298/1173 805/1300/1175
f 854/1299/1174 805/1300/1175 804/1301/1176
f 804/1301/1176 803/1302/1177 854/1299/1174
f 854/1299/1174 803/1302/1177 802/1303/1178
f 854/1299/1174 802/1303/1178 801/1304/1179
f 801/1304/1179 852/1305/1180 854/1299/1174
f 854/1299/1174 852/1305/1180 853/1306/1181
f 854/1299/1174 853/1306/1181 848/1297/1172
f 852/1307/1182 801/1308/1183 856/1309/1184
f 856/1309/1184 801/1308/1183 800/1310/1185
f 856/1309/1184 800/1310/1185 799/1311/1186
f 799/1311/1186 798/1312/1187 856/1309/1184
f 856/1309/1184 798/1312/1187 797/1313/1188
f 856/1309/1184 797/1313/1188 796/1314/1189
f 796/1314/1189 855/1315/1190 856/1309/1184
f 796/1316/1131 795/1317/1191 855/1318/1192
f 872/1319/1193 809/1320/1194 874/1321/1195
f 874/1321/1195 809/1320/1194 808/1322/1196
f 874/1321/1195 808/1322/1196 880/1323/1197
f 880/1323/1197 808/1322/1196 851/1324/1198
f 880/1323/1197 851/1324/1198 850/1325/1199
f 880/1323/1197 850/1325/1199 873/1326/1200
f 873/1326/1200 850/1325/1199 849/1327/1201
f 873/1326/1200 849/1327/1201 857/1328/1202
f 857/1328/1202 849/1327/1201 848/1329/1203
f 857/1328/1202 858/1330/1204 873/1326/1200
f 873/1326/1200 858/1330/1204 859/1331/1205
f 873/1326/1200 859/1331/1205 896/1332/1206
f 896/1332/1206 859/1331/1205 860/1333/1207
f 896/1332/1206 860/1333/1207 897/1334/1208
f 897/1334/1208 860/1333/1207 898/1335/1209
f 897/1334/1208 898/1335/1209 889/1336/1210
f 889/1336/1210 898/1335/1209 890/1337/1211
f 889/1336/1210 890/1337/1211 882/1338/1212
f 882/1338/1212 890/1337/1211 883/1339/1213
f 882/1338/1212 883/1339/1213 876/1340/1214
f 876/1340/1214 883/1339/1213 877/1341/1215
f 876/1340/1214 877/1341/1215 871/1342/1216
f 871/1342/1216 877/1341/1215 870/1343/1217
f 870/1343/1217 877/1341/1215 878/1344/1218
f 870/1343/1217 878/1344/1218 879/1345/1219
f 879/1345/1219 878/1344/1218 885/1346/1220
f 879/1345/1219 885/1346/1220 886/1347/1221
f 886/1347/1221 885/1346/1220 893/1348/1222
f 886/1347/1221 893/1348/1222 894/1349/1223
f 894/1349/1223 893/1348/1222 902/1350/1224
f 894/1349/1223 902/1350/1224 863/1351/1225
f 863/1351/1225 902/1350/1224 862/1352/1226
f 862/1352/1226 902/1350/1224 901/1353/1227
f 862/1352/1226 901/1353/1227 900/1354/1228
f 900/1354/1228 901/1353/1227 892/1355/1229
f 900/1354/1228 892/1355/1229 891/1356/1230
f 891/1356/1230 892/1355/1229 884/1357/1231
f 891/1356/1230 884/1357/1231 883/1339/1213
f 883/1339/1213 884/1357/1231 877/1341/1215
f 898/1335/1209 860/1333/1207 903/1358/1232
f 903/1358/1232 860/1333/1207 861/1359/1233
f 903/1358/1232 861/1359/1233 904/1360/1234
f 904/1360/1234 861/1359/1233 905/1361/1235
f 904/1360/1234 905/1361/1235 899/1362/1236
f 899/1362/1236 905/1361/1235 900/1354/1228
f 899/1362/1236 900/1354/1228 891/1356/1230
f 861/1359/1233 862/1352/1226 905/1361/1235
f 905/1361/1235 862/1352/1226 900/1354/1228
f 894/1349/1223 863/1351/1225 895/1363/1237
f 895/1363/1237 863/1351/1225 864/1364/1238
f 895/1363/1237 864/1364/1238 865/1365/1239
f 895/1363/1237 865/1365/1239 868/1366/1240
f 868/1366/1240 865/1365/1239 866/1367/1241
f 868/1366/1240 866/1367/1241 867/1368/1242
f 895/1363/1237 868/1366/1240 887/1369/1243
f 887/1369/1243 868/1366/1240 869/1370/1244
f 887/1369/1243 869/1370/1244 886/1347/1221
f 886/1347/1221 869/1370/1244 879/1345/1219
f 869/1370/1244 870/1343/1217 879/1345/1219
f 876/1340/1214 871/1342/1216 875/1371/1245
f 875/1371/1245 871/1342/1216 872/1319/1193
f 875/1371/1245 872/1319/1193 874/1321/1195
f 882/1338/1212 876/1340/1214 875/1371/1245
f 875/1371/1245 874/1321/1195 881/1372/1246
f 881/1372/1246 874/1321/1195 880/1323/1197
f 881/1372/1246 880/1323/1197 888/1373/1247
f 888/1373/1247 880/1323/1197 873/1326/1200
f 888/1373/1247 873/1326/1200 896/1332/1206
f 885/1346/1220 878/1344/1218 884/1357/1231
f 884/1357/1231 878/1344/1218 877/1341/1215
f 889/1336/1210 882/1338/1212 881/1372/1246
f 881/1372/1246 882/1338/1212 875/1371/1245
f 889/1336/1210 881/1372/1246 888/1373/1247
f 891/1356/1230 883/1339/1213 890/1337/1211
f 893/1348/1222 885/1346/1220 892/1355/1229
f 892/1355/1229 885/1346/1220 884/1357/1231
f 895/1363/1237 887/1369/1243 894/1349/1223
f 894/1349/1223 887/1369/1243 886/1347/1221
f 897/1334/1208 889/1336/1210 888/1373/1247
f 897/1334/1208 888/1373/1247 896/1332/1206
f 899/1362/1236 891/1356/1230 890/1337/1211
f 899/1362/1236 890/1337/1211 898/1335/1209
f 902/1350/1224 893/1348/1222 901/1353/1227
f 901/1353/1227 893/1348/1222 892/1355/1229
f 904/1360/1234 899/1362/1236 898/1335/1209
f 903/1358/1232 904/1360/1234 898/1335/1209
f 868/1374/1248 867/1375/1242 906/1376/1249
f 906/1377/1250 867/1378/1251 908/1379/1252
f 908/1379/1252 867/1378/1251 866/1380/1253
f 908/1379/1252 866/1380/1253 865/1381/1254
f 865/1381/1254 864/1382/1255 908/1379/1252
f 908/1379/1252 864/1382/1255 863/1383/1256
f 908/1379/1252 863/1383/1256 862/1384/1257
f 862/1384/1257 861/1385/1258 908/1379/1252
f 908/1379/1252 861/1385/1258 907/1386/1259
f 907/1387/1260 861/1388/1261 910/1389/1262
f 910/1389/1262 861/1388/1261 860/1390/1263
f 910/1389/1262 860/1390/1263 859/1391/1264
f 910/1389/1262 859/1391/1264 909/1392/1265
f 909/1392/1265 859/1391/1264 858/1393/1266
f 909/1392/1265 858/1393/1266 853/1394/1267
f 853/1394/1267 858/1393/1266 857/1395/1268
f 853/1394/1267 857/1395/1268 848/1396/1269
f 794/1397/1270 868/1398/1271 795/1399/1272
f 795/1399/1272 868/1398/1271 906/1400/1273
f 795/1399/1272 906/1400/1273 855/1401/1274
f 794/1397/1270 869/1402/1275 868/1398/1271
f 869/1403/1276 794/1404/1277 870/1405/1278
f 870/1405/1278 794/1404/1277 812/1406/1279
f 870/1405/1278 812/1406/1279 871/1407/1280
f 871/1407/1280 812/1406/1279 811/1408/1281
f 871/1407/1280 811/1408/1281 872/1409/1282
f 872/1409/1282 811/1408/1281 810/1410/1283
f 872/1409/1282 810/1410/1283 809/1411/1284
f 908/1412/1285 856/1413/1286 906/1414/1287
f 906/1414/1287 856/1413/1286 855/1415/1288
f 907/1416/1289 910/1417/1290 908/1418/1291
f 908/1418/1291 910/1417/1290 909/1419/1292
f 908/1418/1291 909/1419/1292 853/1420/1293
f 852/1421/1294 856/1422/1295 853/1420/1293
f 853/1420/1293 856/1422/1295 908/1418/1291
f 912/1423/1296 933/1424/1297 911/1425/1298
f 911/1425/1298 933/1424/1297 934/1426/1299
f 911/1425/1298 934/1426/1299 935/1427/1300
f 935/1427/1300 934/1426/1299 952/1428/1301
f 935/1427/1300 952/1428/1301 951/1429/1302
f 951/1429/1302 952/1428/1301 943/1430/1303
f 951/1429/1302 943/1430/1303 944/1431/1304
f 944/1431/1304 943/1430/1303 959/1432/1305
f 944/1431/1304 959/1432/1305 958/1433/1306
f 958/1433/1306 959/1432/1305 919/1434/1307
f 958/1433/1306 919/1434/1307 957/1435/1308
f 957/1435/1308 919/1434/1307 920/1436/1309
f 957/1435/1308 920/1436/1309 956/1437/1310
f 956/1437/1310 920/1436/1309 921/1438/1311
f 956/1437/1310 921/1438/1311 931/1439/1312
f 931/1439/1312 921/1438/1311 922/1440/1313
f 931/1439/1312 922/1440/1313 924/1441/1314
f 924/1441/1314 922/1440/1313 923/1442/1315
f 913/1443/1316 914/1444/1317 912/1423/1296
f 912/1423/1296 914/1444/1317 930/1445/1318
f 912/1423/1296 930/1445/1318 955/1446/1319
f 955/1446/1319 930/1445/1318 940/1447/1320
f 955/1446/1319 940/1447/1320 954/1448/1321
f 954/1448/1321 940/1447/1320 941/1449/1322
f 954/1448/1321 941/1449/1322 953/1450/1323
f 953/1450/1323 941/1449/1322 942/1451/1324
f 953/1450/1323 942/1451/1324 952/1428/1301
f 952/1428/1301 942/1451/1324 943/1430/1303
f 914/1444/1317 915/1452/1325 930/1445/1318
f 930/1445/1318 915/1452/1325 964/1453/1326
f 930/1445/1318 964/1453/1326 963/1454/1327
f 963/1454/1327 964/1453/1326 916/1455/1328
f 963/1454/1327 916/1455/1328 917/1456/1329
f 915/1452/1325 916/1455/1328 964/1453/1326
f 918/1457/1330 961/1458/1331 917/1456/1329
f 917/1456/1329 961/1458/1331 962/1459/1332
f 917/1456/1329 962/1459/1332 963/1454/1327
f 963/1454/1327 962/1459/1332 940/1447/1320
f 963/1454/1327 940/1447/1320 930/1445/1318
f 919/1434/1307 959/1432/1305 918/1457/1330
f 918/1457/1330 959/1432/1305 960/1460/1333
f 918/1457/1330 960/1460/1333 961/1458/1331
f 961/1458/1331 960/1460/1333 942/1451/1324
f 961/1458/1331 942/1451/1324 941/1449/1322
f 925/1461/1334 932/1462/1335 924/1441/1314
f 924/1441/1314 932/1462/1335 947/1463/1336
f 924/1441/1314 947/1463/1336 931/1439/1312
f 931/1439/1312 947/1463/1336 948/1464/1337
f 931/1439/1312 948/1464/1337 946/1465/1338
f 946/1465/1338 948/1464/1337 949/1466/1339
f 946/1465/1338 949/1466/1339 945/1467/1340
f 945/1467/1340 949/1466/1339 950/1468/1341
f 945/1467/1340 950/1468/1341 944/1431/1304
f 944/1431/1304 950/1468/1341 951/1429/1302
f 925/1461/1334 926/1469/1342 932/1462/1335
f 932/1462/1335 926/1469/1342 927/1470/1343
f 932/1462/1335 927/1470/1343 939/1471/1344
f 939/1471/1344 927/1470/1343 938/1472/1345
f 939/1471/1344 938/1472/1345 948/1464/1337
f 948/1464/1337 938/1472/1345 949/1466/1339
f 927/1470/1343 928/1473/1346 938/1472/1345
f 938/1472/1345 928/1473/1346 937/1474/1347
f 938/1472/1345 937/1474/1347 949/1466/1339
f 949/1466/1339 937/1474/1347 950/1468/1341
f 928/1473/1346 929/1475/1348 937/1474/1347
f 937/1474/1347 929/1475/1348 936/1476/1349
f 937/1474/1347 936/1476/1349 950/1468/1341
f 950/1468/1341 936/1476/1349 951/1429/1302
f 936/1476/1349 929/1475/1348 935/1427/1300
f 935/1427/1300 929/1475/1348 911/1425/1298
f 954/1448/1321 953/1450/1323 933/1424/1297
f 933/1424/1297 953/1450/1323 934/1426/1299
f 951/1429/1302 936/1476/1349 935/1427/1300
f 953/1450/1323 952/1428/1301 934/1426/1299
f 947/1463/1336 932/1462/1335 939/1471/1344
f 947/1463/1336 939/1471/1344 948/1464/1337
f 961/1458/1331 941/1449/1322 962/1459/1332
f 962/1459/1332 941/1449/1322 940/1447/1320
f 959/1432/1305 943/1430/1303 960/1460/1333
f 960/1460/1333 943/1430/1303 942/1451/1324
f 944/1431/1304 958/1433/1306 945/1467/1340
f 945/1467/1340 958/1433/1306 957/1435/1308
f 945/1467/1340 957/1435/1308 946/1465/1338
f 946/1465/1338 957/1435/1308 956/1437/1310
f 946/1465/1338 956/1437/1310 931/1439/1312
f 955/1446/1319 954/1448/1321 933/1424/1297
f 912/1423/1296 955/1446/1319 933/1424/1297
f 925/1477/1350 924/1478/1351 968/1479/1352
f 968/1479/1352 924/1478/1351 967/1480/1353
f 967/1480/1353 924/1478/1351 966/1481/1354
f 966/1481/1354 924/1478/1351 923/1482/1355
f 966/1481/1354 923/1482/1355 965/1483/1356
f 965/1484/1357 923/1485/1358 971/1486/1359
f 971/1486/1359 923/1485/1358 922/1487/1360
f 971/1486/1359 922/1487/1360 921/1488/1361
f 921/1488/1361 920/1489/1362 971/1486/1359
f 971/1486/1359 920/1489/1362 919/1490/1363
f 971/1486/1359 919/1490/1363 918/1491/1364
f 918/1491/1364 969/1492/1365 971/1486/1359
f 971/1486/1359 969/1492/1365 970/1493/1366
f 971/1486/1359 970/1493/1366 965/1484/1357
f 969/1494/1367 918/1495/1368 973/1496/1369
f 973/1496/1369 918/1495/1368 917/1497/1370
f 973/1496/1369 917/1497/1370 916/1498/1371
f 916/1498/1371 915/1499/1372 973/1496/1369
f 973/1496/1369 915/1499/1372 914/1500/1373
f 973/1496/1369 914/1500/1373 913/1501/1374
f 913/1501/1374 972/1502/1375 973/1496/1369
f 913/1503/1316 912/1504/1376 972/1505/1377
f 989/1506/1378 926/1507/1379 991/1508/1380
f 991/1508/1380 926/1507/1379 925/1509/1381
f 991/1508/1380 925/1509/1381 997/1510/1382
f 997/1510/1382 925/1509/1381 968/1511/1383
f 997/1510/1382 968/1511/1383 967/1512/1384
f 997/1510/1382 967/1512/1384 990/1513/1385
f 990/1513/1385 967/1512/1384 966/1514/1386
f 990/1513/1385 966/1514/1386 974/1515/1387
f 974/1515/1387 966/1514/1386 965/1516/1388
f 974/1515/1387 975/1517/1389 990/1513/1385
f 990/1513/1385 975/1517/1389 976/1518/1390
f 990/1513/1385 976/1518/1390 1013/1519/1391
f 1013/1519/1391 976/1518/1390 977/1520/1392
f 1013/1519/1391 977/1520/1392 1014/1521/1393
f 1014/1521/1393 977/1520/1392 1015/1522/1394
f 1014/1521/1393 1015/1522/1394 1006/1523/1395
f 1006/1523/1395 1015/1522/1394 1007/1524/1396
f 1006/1523/1395 1007/1524/1396 999/1525/1397
f 999/1525/1397 1007/1524/1396 1000/1526/1398
f 999/1525/1397 1000/1526/1398 993/1527/1399
f 993/1527/1399 1000/1526/1398 994/1528/1400
f 993/1527/1399 994/1528/1400 988/1529/1401
f 988/1529/1401 994/1528/1400 987/1530/1402
f 987/1530/1402 994/1528/1400 995/1531/1403
f 987/1530/1402 995/1531/1403 996/1532/1404
f 996/1532/1404 995/1531/1403 1002/1533/1405
f 996/1532/1404 1002/1533/1405 1003/1534/1406
f 1003/1534/1406 1002/1533/1405 1010/1535/1407
f 1003/1534/1406 1010/1535/1407 1011/1536/1408
f 1011/1536/1408 1010/1535/1407 1019/1537/1409
f 1011/1536/1408 1019/1537/1409 980/1538/1410
f 980/1538/1410 1019/1537/1409 979/1539/1411
f 979/1539/1411 1019/1537/1409 1018/1540/1412
f 979/1539/1411 1018/1540/1412 1017/1541/1413
f 1017/1541/1413 1018/1540/1412 1009/1542/1414
f 1017/1541/1413 1009/1542/1414 1008/1543/1415
f 1008/1543/1415 1009/1542/1414 1001/1544/1416
f 1008/1543/1415 1001/1544/1416 1000/1526/1398
f 1000/1526/1398 1001/1544/1416 994/1528/1400
f 1015/1522/1394 977/1520/1392 1020/1545/1417
f 1020/1545/1417 977/1520/1392 978/1546/1418
f 1020/1545/1417 978/1546/1418 1021/1547/1419
f 1021/1547/1419 978/1546/1418 1022/1548/1420
f 1021/1547/1419 1022/1548/1420 1016/1549/1421
f 1016/1549/1421 1022/1548/1420 1017/1541/1413
f 1016/1549/1421 1017/1541/1413 1008/1543/1415
f 978/1546/1418 979/1539/1411 1022/1548/1420
f 1022/1548/1420 979/1539/1411 1017/1541/1413
f 1011/1536/1408 980/1538/1410 1012/1550/1422
f 1012/1550/1422 980/1538/1410 981/1551/1423
f 1012/1550/1422 981/1551/1423 982/1552/1424
f 1012/1550/1422 982/1552/1424 985/1553/1425
f 985/1553/1425 982/1552/1424 983/1554/1426
f 985/1553/1425 983/1554/1426 984/1555/1427
f 1012/1550/1422 985/1553/1425 1004/1556/1428
f 1004/1556/1428 985/1553/1425 986/1557/1429
f 1004/1556/1428 986/1557/1429 1003/1534/1406
f 1003/1534/1406 986/1557/1429 996/1532/1404
f 986/1557/1429 987/1530/1402 996/1532/1404
f 993/1527/1399 988/1529/1401 992/1558/1430
f 992/1558/1430 988/1529/1401 989/1506/1378
f 992/1558/1430 989/1506/1378 991/1508/1380
f 999/1525/1397 993/1527/1399 992/1558/1430
f 992/1558/1430 991/1508/1380 998/1559/1431
f 998/1559/1431 991/1508/1380 997/1510/1382
f 998/1559/1431 997/1510/1382 1005/1560/1432
f 1005/1560/1432 997/1510/1382 990/1513/1385
f 1005/1560/1432 990/1513/1385 1013/1519/1391
f 1002/1533/1405 995/1531/1403 1001/1544/1416
f 1001/1544/1416 995/1531/1403 994/1528/1400
f 1006/1523/1395 999/1525/1397 998/1559/1431
f 998/1559/1431 999/1525/1397 992/1558/1430
f 1006/1523/1395 998/1559/1431 1005/1560/1432
f 1008/1543/1415 1000/1526/1398 1007/1524/1396
f 1010/1535/1407 1002/1533/1405 1009/1542/1414
f 1009/1542/1414 1002/1533/1405 1001/1544/1416
f 1012/1550/1422 1004/1556/1428 1011/1536/1408
f 1011/1536/1408 1004/1556/1428 1003/1534/1406
f 1014/1521/1393 1006/1523/1395 1005/1560/1432
f 1014/1521/1393 1005/1560/1432 1013/1519/1391
f 1016/1549/1421 1008/1543/1415 1007/1524/1396
f 1016/1549/1421 1007/1524/1396 1015/1522/1394
f 1019/1537/1409 1010/1535/1407 1018/1540/1412
f 1018/1540/1412 1010/1535/1407 1009/1542/1414
f 1021/1547/1419 1016/1549/1421 1015/1522/1394
f 1020/1545/1417 1021/1547/1419 1015/1522/1394
f 985/1561/1433 984/1562/1427 1023/1563/1434
f 1023/1564/1435 984/1565/1436 1025/1566/1437
f 1025/1566/1437 984/1565/1436 983/1567/1438
f 1025/1566/1437 983/1567/1438 982/1568/1439
f 982/1568/1439 981/1569/1440 1025/1566/1437
f 1025/1566/1437 981/1569/1440 980/1570/1441
f 1025/1566/1437 980/1570/1441 979/1571/1442
f 979/1571/1442 978/1572/1443 1025/1566/1437
f 1025/1566/1437 978/1572/1443 1024/1573/1444
f 1024/1574/1445 978/1575/1446 1027/1576/1447
f 1027/1576/1447 978/1575/1446 977/1577/1448
f 1027/1576/1447 977/1577/1448 976/1578/1449
f 1027/1576/1447 976/1578/1449 1026/1579/1450
f 1026/1579/1450 976/1578/1449 975/1580/1451
f 1026/1579/1450 975/1580/1451 970/1581/1452
f 970/1581/1452 975/1580/1451 974/1582/1453
f 970/1581/1452 974/1582/1453 965/1583/1454
f 911/1584/1455 985/1585/1456 912/1586/1457
f 912/1586/1457 985/1585/1456 1023/1587/1458
f 912/1586/1457 1023/1587/1458 972/1588/1459
f 911/1584/1455 986/1589/1460 985/1585/1456
f 986/1590/1461 911/1591/1462 987/1592/1463
f 987/1592/1463 911/1591/1462 929/1593/1464
f 987/1592/1463 929/1593/1464 988/1594/1465
f 988/1594/1465 929/1593/1464 928/1595/1466
f 988/1594/1465 928/1595/1466 989/1596/1467
f 989/1596/1467 928/1595/1466 927/1597/1468
f 989/1596/1467 927/1597/1468 926/1598/1469
f 1025/1599/1470 973/1600/1471 1023/1601/1472
f 1023/1601/1472 973/1600/1471 972/1602/1473
f 1024/1603/1474 1027/1604/1475 1025/1605/1476
f 1025/1605/1476 1027/1604/1475 1026/1606/1477
f 1025/1605/1476 1026/1606/1477 970/1607/1478
f 969/1608/1479 973/1609/1480 970/1607/1478
f 970/1607/1478 973/1609/1480 1025/1605/1476
f 1029/1610/1481 1050/1611/1482 1028/1612/1483
f 1028/1612/1483 1050/1611/1482 1051/1613/1484
f 1028/1612/1483 1051/1613/1484 1052/1614/1485
f 1052/1614/1485 1051/1613/1484 1069/1615/1486
f 1052/1614/1485 1069/1615/1486 1068/1616/1487
f 1068/1616/1487 1069/1615/1486 1060/1617/1488
f 1068/1616/1487 1060/1617/1488 1061/1618/1489
f 1061/1618/1489 1060/1617/1488 1076/1619/1490
f 1061/1618/1489 1076/1619/1490 1075/1620/1491
f 1075/1620/1491 1076/1619/1490 1036/1621/1492
f 1075/1620/1491 1036/1621/1492 1074/1622/1493
f 1074/1622/1493 1036/1621/1492 1037/1623/1494
f 1074/1622/1493 1037/1623/1494 1073/1624/1495
f 1073/1624/1495 1037/1623/1494 1038/1625/1496
f 1073/1624/1495 1038/1625/1496 1048/1626/1497
f 1048/1626/1497 1038/1625/1496 1039/1627/1498
f 1048/1626/1497 1039/1627/1498 1041/1628/1499
f 1041/1628/1499 1039/1627/1498 1040/1629/1500
f 1030/1630/1501 1031/1631/1502 1029/1610/1481
f 1029/1610/1481 1031/1631/1502 1047/1632/1503
f 1029/1610/1481 1047/1632/1503 1072/1633/1504
f 1072/1633/1504 1047/1632/1503 1057/1634/1505
f 1072/1633/1504 1057/1634/1505 1071/1635/1506
f 1071/1635/1506 1057/1634/1505 1058/1636/1507
f 1071/1635/1506 1058/1636/1507 1070/1637/1508
f 1070/1637/1508 1058/1636/1507 1059/1638/1509
f 1070/1637/1508 1059/1638/1509 1069/1615/1486
f 1069/1615/1486 1059/1638/1509 1060/1617/1488
f 1031/1631/1502 1032/1639/1510 1047/1632/1503
f 1047/1632/1503 1032/1639/1510 1081/1640/1511
f 1047/1632/1503 1081/1640/1511 1080/1641/1512
f 1080/1641/1512 1081/1640/1511 1033/1642/1513
f 1080/1641/1512 1033/1642/1513 1034/1643/1514
f 1032/1639/1510 1033/1642/1513 1081/1640/1511
f 1035/1644/1515 1078/1645/1516 1034/1643/1514
f 1034/1643/1514 1078/1645/1516 1079/1646/1517
f 1034/1643/1514 1079/1646/1517 1080/1641/1512
f 1080/1641/1512 1079/1646/1517 1057/1634/1505
f 1080/1641/1512 1057/1634/1505 1047/1632/1503
f 1036/1621/1492 1076/1619/1490 1035/1644/1515
f 1035/1644/1515 1076/1619/1490 1077/1647/1518
f 1035/1644/1515 1077/1647/1518 1078/1645/1516
f 1078/1645/1516 1077/1647/1518 1059/1638/1509
f 1078/1645/1516 1059/1638/1509 1058/1636/1507
f 1042/1648/1519 1049/1649/1520 1041/1628/1499
f 1041/1628/1499 1049/1649/1520 1064/1650/1521
f 1041/1628/1499 1064/1650/1521 1048/1626/1497
f 1048/1626/1497 1064/1650/1521 1065/1651/1522
f 1048/1626/1497 1065/1651/1522 1063/1652/1523
f 1063/1652/1523 1065/1651/1522 1066/1653/1524
f 1063/1652/1523 1066/1653/1524 1062/1654/1525
f 1062/1654/1525 1066/1653/1524 1067/1655/1526
f 1062/1654/1525 1067/1655/1526 1061/1618/1489
f 1061/1618/1489 1067/1655/1526 1068/1616/1487
f 1042/1648/1519 1043/1656/1527 1049/1649/1520
f 1049/1649/1520 1043/1656/1527 1044/1657/1528
f 1049/1649/1520 1044/1657/1528 1056/1658/1529
f 1056/1658/1529 1044/1657/1528 1055/1659/1530
f 1056/1658/1529 1055/1659/1530 1065/1651/1522
f 1065/1651/1522 1055/1659/1530 1066/1653/1524
f 1044/1657/1528 1045/1660/1531 1055/1659/1530
f 1055/1659/1530 1045/1660/1531 1054/1661/1532
f 1055/1659/1530 1054/1661/1532 1066/1653/1524
f 1066/1653/1524 1054/1661/1532 1067/1655/1526
f 1045/1660/1531 1046/1662/1533 1054/1661/1532
f 1054/1661/1532 1046/1662/1533 1053/1663/1534
f 1054/1661/1532 1053/1663/1534 1067/1655/1526
f 1067/1655/1526 1053/1663/1534 1068/1616/1487
f 1053/1663/1534 1046/1662/1533 1052/1614/1485
f 1052/1614/1485 1046/1662/1533 1028/1612/1483
f 1071/1635/1506 1070/1637/1508 1050/1611/1482
f 1050/1611/1482 1070/1637/1508 1051/1613/1484
f 1068/1616/1487 1053/1663/1534 1052/1614/1485
f 1070/1637/1508 1069/1615/1486 1051/1613/1484
f 1064/1650/1521 1049/1649/1520 1056/1658/1529
f 1064/1650/1521 1056/1658/1529 1065/1651/1522
f 1078/1645/1516 1058/1636/1507 1079/1646/1517
f 1079/1646/1517 1058/1636/1507 1057/1634/1505
f 1076/1619/1490 1060/1617/1488 1077/1647/1518
f 1077/1647/1518 1060/1617/1488 1059/1638/1509
f 1061/1618/1489 1075/1620/1491 1062/1654/1525
f 1062/1654/1525 1075/1620/1491 1074/1622/1493
f 1062/1654/1525 1074/1622/1493 1063/1652/1523
f 1063/1652/1523 1074/1622/1493 1073/1624/1495
f 1063/1652/1523 1073/1624/1495 1048/1626/1497
f 1072/1633/1504 1071/1635/1506 1050/1611/1482
f 1029/1610/1481 1072/1633/1504 1050/1611/1482
f 1042/1664/1535 1041/1665/1536 1085/1666/1537
f 1085/1666/1537 1041/1665/1536 1084/1667/1538
f 1084/1667/1538 1041/1665/1536 1083/1668/1539
f 1083/1668/1539 1041/1665/1536 1040/1669/1540
f 1083/1668/1539 1040/1669/1540 1082/1670/1541
f 1082/1671/1542 1040/1672/1543 1088/1673/1544
f 1088/1673/1544 1040/1672/1543 1039/1674/1545
f 1088/1673/1544 1039/1674/1545 1038/1675/1546
f 1038/1675/1546 1037/1676/1547 1088/1673/1544
f 1088/1673/1544 1037/1676/1547 1036/1677/1548
f 1088/1673/1544 1036/1677/1548 1035/1678/1549
f 1035/1678/1549 1086/1679/1550 1088/1673/1544
f 1088/1673/1544 1086/1679/1550 1087/1680/1551
f 1088/1673/1544 1087/1680/1551 1082/1671/1542
f 1086/1681/1552 1035/1682/1553 1090/1683/1554
f 1090/1683/1554 1035/1682/1553 1034/1684/1555
f 1090/1683/1554 1034/1684/1555 1033/1685/1556
f 1033/1685/1556 1032/1686/1557 1090/1683/1554
f 1090/1683/1554 1032/1686/1557 1031/1687/1558
f 1090/1683/1554 1031/1687/1558 1030/1688/1559
f 1030/1688/1559 1089/1689/1560 1090/1683/1554
f 1030/1690/1501 1029/1691/1561 1089/1692/1562
f 1106/1693/1563 1043/1694/1564 1108/1695/1565
f 1108/1695/1565 1043/1694/1564 1042/1696/1566
f 1108/1695/1565 1042/1696/1566 1114/1697/1567
f 1114/1697/1567 1042/1696/1566 1085/1698/1568
f 1114/1697/1567 1085/1698/1568 1084/1699/1569
f 1114/1697/1567 1084/1699/1569 1107/1700/1570
f 1107/1700/1570 1084/1699/1569 1083/1701/1571
f 1107/1700/1570 1083/1701/1571 1091/1702/1572
f 1091/1702/1572 1083/1701/1571 1082/1703/1573
f 1091/1702/1572 1092/1704/1574 1107/1700/1570
f 1107/1700/1570 1092/1704/1574 1093/1705/1575
f 1107/1700/1570 1093/1705/1575 1130/1706/1576
f 1130/1706/1576 1093/1705/1575 1094/1707/1577
f 1130/1706/1576 1094/1707/1577 1131/1708/1578
f 1131/1708/1578 1094/1707/1577 1132/1709/1579
f 1131/1708/1578 1132/1709/1579 1123/1710/1580
f 1123/1710/1580 1132/1709/1579 1124/1711/1581
f 1123/1710/1580 1124/1711/1581 1116/1712/1582
f 1116/1712/1582 1124/1711/1581 1117/1713/1583
f 1116/1712/1582 1117/1713/1583 1110/1714/1584
f 1110/1714/1584 1117/1713/1583 1111/1715/1585
f 1110/1714/1584 1111/1715/1585 1105/1716/1586
f 1105/1716/1586 1111/1715/1585 1104/1717/1587
f 1104/1717/1587 1111/1715/1585 1112/1718/1588
f 1104/1717/1587 1112/1718/1588 1113/1719/1589
f 1113/1719/1589 1112/1718/1588 1119/1720/1590
f 1113/1719/1589 1119/1720/1590 1120/1721/1591
f 1120/1721/1591 1119/1720/1590 1127/1722/1592
f 1120/1721/1591 1127/1722/1592 1128/1723/1593
f 1128/1723/1593 1127/1722/1592 1136/1724/1594
f 1128/1723/1593 1136/1724/1594 1097/1725/1595
f 1097/1725/1595 1136/1724/1594 1096/1726/1596
f 1096/1726/1596 1136/1724/1594 1135/1727/1597
f 1096/1726/1596 1135/1727/1597 1134/1728/1598
f 1134/1728/1598 1135/1727/1597 1126/1729/1599
f 1134/1728/1598 1126/1729/1599 1125/1730/1600
f 1125/1730/1600 1126/1729/1599 1118/1731/1601
f 1125/1730/1600 1118/1731/1601 1117/1713/1583
f 1117/1713/1583 1118/1731/1601 1111/1715/1585
f 1132/1709/1579 1094/1707/1577 1137/1732/1602
f 1137/1732/1602 1094/1707/1577 1095/1733/1603
f 1137/1732/1602 1095/1733/1603 1138/1734/1604
f 1138/1734/1604 1095/1733/1603 1139/1735/1605
f 1138/1734/1604 1139/1735/1605 1133/1736/1606
f 1133/1736/1606 1139/1735/1605 1134/1728/1598
f 1133/1736/1606 1134/1728/1598 1125/1730/1600
f 1095/1733/1603 1096/1726/1596 1139/1735/1605
f 1139/1735/1605 1096/1726/1596 1134/1728/1598
f 1128/1723/1593 1097/1725/1595 1129/1737/1607
f 1129/1737/1607 1097/1725/1595 1098/1738/1608
f 1129/1737/1607 1098/1738/1608 1099/1739/1609
f 1129/1737/1607 1099/1739/1609 1102/1740/1610
f 1102/1740/1610 1099/1739/1609 1100/1741/1611
f 1102/1740/1610 1100/1741/1611 1101/1742/1612
f 1129/1737/1607 1102/1740/1610 1121/1743/1613
f 1121/1743/1613 1102/1740/1610 1103/1744/1614
f 1121/1743/1613 1103/1744/1614 1120/1721/1591
f 1120/1721/1591 1103/1744/1614 1113/1719/1589
f 1103/1744/1614 1104/1717/1587 1113/1719/1589
f 1110/1714/1584 1105/1716/1586 1109/1745/1615
f 1109/1745/1615 1105/1716/1586 1106/1693/1563
f 1109/1745/1615 1106/1693/1563 1108/1695/1565
f 1116/1712/1582 1110/1714/1584 1109/1745/1615
f 1109/1745/1615 1108/1695/1565 1115/1746/1616
f 1115/1746/1616 1108/1695/1565 1114/1697/1567
f 1115/1746/1616 1114/1697/1567 1122/1747/1617
f 1122/1747/1617 1114/1697/1567 1107/1700/1570
f 1122/1747/1617 1107/1700/1570 1130/1706/1576
f 1119/1720/1590 1112/1718/1588 1118/1731/1601
f 1118/1731/1601 1112/1718/1588 1111/1715/1585
f 1123/1710/1580 1116/1712/1582 1115/1746/1616
f 1115/1746/1616 1116/1712/1582 1109/1745/1615
f 1123/1710/1580 1115/1746/1616 1122/1747/1617
f 1125/1730/1600 1117/1713/1583 1124/1711/1581
f 1127/1722/1592 1119/1720/1590 1126/1729/1599
f 1126/1729/1599 1119/1720/1590 1118/1731/1601
f 1129/1737/1607 1121/1743/1613 1128/1723/1593
f 1128/1723/1593 1121/1743/1613 1120/1721/1591
f 1131/1708/1578 1123/1710/1580 1122/1747/1617
f 1131/1708/1578 1122/1747/1617 1130/1706/1576
f 1133/1736/1606 1125/1730/1600 1124/1711/1581
f 1133/1736/1606 1124/1711/1581 1132/1709/1579
f 1136/1724/1594 1127/1722/1592 1135/1727/1597
f 1135/1727/1597 1127/1722/1592 1126/1729/1599
f 1138/1734/1604 1133/1736/1606 1132/1709/1579
f 1137/1732/1602 1138/1734/1604 1132/1709/1579
f 1102/1748/1618 1101/1749/1612 1140/1750/1619
f 1140/1751/1620 1101/1752/1621 1142/1753/1622
f 1142/1753/1622 1101/1752/1621 1100/1754/1623
f 1142/1753/1622 1100/1754/1623 1099/1755/1624
f 1099/1755/1624 1098/1756/1625 1142/1753/1622
f 1142/1753/1622 1098/1756/1625 1097/1757/1626
f 1142/1753/1622 1097/1757/1626 1096/1758/1627
f 1096/1758/1627 1095/1759/1628 1142/1753/1622
f 1142/1753/1622 1095/1759/1628 1141/1760/1629
f 1141/1761/1630 1095/1762/1631 1144/1763/1632
f 1144/1763/1632 1095/1762/1631 1094/1764/1633
f 1144/1763/1632 1094/1764/1633 1093/1765/1634
f 1144/1763/1632 1093/1765/1634 1143/1766/1635
f 1143/1766/1635 1093/1765/1634 1092/1767/1636
f 1143/1766/1635 1092/1767/1636 1087/1768/1637
f 1087/1768/1637 1092/1767/1636 1091/1769/1638
f 1087/1768/1637 1091/1769/1638 1082/1770/1639
f 1028/1771/1640 1102/1772/1641 1029/1773/1642
f 1029/1773/1642 1102/1772/1641 1140/1774/1643
f 1029/1773/1642 1140/1774/1643 1089/1775/1644
f 1028/1771/1640 1103/1776/1645 1102/1772/1641
f 1103/1777/1646 1028/1778/1647 1104/1779/1648
f 1104/1779/1648 1028/1778/1647 1046/1780/1649
f 1104/1779/1648 1046/1780/1649 1105/1781/1650
f 1105/1781/1650 1046/1780/1649 1045/1782/1651
f 1105/1781/1650 1045/1782/1651 1106/1783/1652
f 1106/1783/1652 1045/1782/1651 1044/1784/1653
f 1106/1783/1652 1044/1784/1653 1043/1785/1654
f 1142/1786/1655 1090/1787/1656 1140/1788/1657
f 1140/1788/1657 1090/1787/1656 1089/1789/1658
f 1141/1790/1659 1144/1791/1660 1142/1792/1661
f 1142/1792/1661 1144/1791/1660 1143/1793/1662
f 1142/1792/1661 1143/1793/1662 1087/1794/1663
f 1086/1795/1664 1090/1796/1665 1087/1794/1663
f 1087/1794/1663 1090/1796/1665 1142/1792/1661
f 1146/1797/1666 1167/1798/1667 1145/1799/1668
f 1145/1799/1668 1167/1798/1667 1168/1800/1669
f 1145/1799/1668 1168/1800/1669 1169/1801/1670
f 1169/1801/1670 1168/1800/1669 1186/1802/1671
f 1169/1801/1670 1186/1802/1671 1185/1803/1672
f 1185/1803/1672 1186/1802/1671 1177/1804/1673
f 1185/1803/1672 1177/1804/1673 1178/1805/1674
f 1178/1805/1674 1177/1804/1673 1193/1806/1675
f 1178/1805/1674 1193/1806/1675 1192/1807/1676
f 1192/1807/1676 1193/1806/1675 1153/1808/1677
f 1192/1807/1676 1153/1808/1677 1191/1809/1678
f 1191/1809/1678 1153/1808/1677 1154/1810/1679
f 1191/1809/1678 1154/1810/1679 1190/1811/1680
f 1190/1811/1680 1154/1810/1679 1155/1812/1681
f 1190/1811/1680 1155/1812/1681 1165/1813/1682
f 1165/1813/1682 1155/1812/1681 1156/1814/1683
f 1165/1813/1682 1156/1814/1683 1158/1815/1684
f 1158/1815/1684 1156/1814/1683 1157/1816/1685
f 1147/1817/1686 1148/1818/1687 1146/1797/1666
f 1146/1797/1666 1148/1818/1687 1164/1819/1688
f 1146/1797/1666 1164/1819/1688 1189/1820/1689
f 1189/1820/1689 1164/1819/1688 1174/1821/1690
f 1189/1820/1689 1174/1821/1690 1188/1822/1691
f 1188/1822/1691 1174/1821/1690 1175/1823/1692
f 1188/1822/1691 1175/1823/1692 1187/1824/1693
f 1187/1824/1693 1175/1823/1692 1176/1825/1694
f 1187/1824/1693 1176/1825/1694 1186/1802/1671
f 1186/1802/1671 1176/1825/1694 1177/1804/1673
f 1148/1818/1687 1149/1826/1695 1164/1819/1688
f 1164/1819/1688 1149/1826/1695 1198/1827/1696
f 1164/1819/1688 1198/1827/1696 1197/1828/1697
f 1197/1828/1697 1198/1827/1696 1150/1829/1698
f 1197/1828/1697 1150/1829/1698 1151/1830/1699
f 1149/1826/1695 1150/1829/1698 1198/1827/1696
f 1152/1831/1700 1195/1832/1701 1151/1830/1699
f 1151/1830/1699 1195/1832/1701 1196/1833/1702
f 1151/1830/1699 1196/1833/1702 1197/1828/1697
f 1197/1828/1697 1196/1833/1702 1174/1821/1690
f 1197/1828/1697 1174/1821/1690 1164/1819/1688
f 1153/1808/1677 1193/1806/1675 1152/1831/1700
f 1152/1831/1700 1193/1806/1675 1194/1834/1703
f 1152/1831/1700 1194/1834/1703 1195/1832/1701
f 1195/1832/1701 1194/1834/1703 1176/1825/1694
f 1195/1832/1701 1176/1825/1694 1175/1823/1692
f 1159/1835/1704 1166/1836/1705 1158/1815/1684
f 1158/1815/1684 1166/1836/1705 1181/1837/1706
f 1158/1815/1684 1181/1837/1706 1165/1813/1682
f 1165/1813/1682 1181/1837/1706 1182/1838/1707
f 1165/1813/1682 1182/1838/1707 1180/1839/1708
f 1180/1839/1708 1182/1838/1707 1183/1840/1709
f 1180/1839/1708 1183/1840/1709 1179/1841/1710
f 1179/1841/1710 1183/1840/1709 1184/1842/1711
f 1179/1841/1710 1184/1842/1711 1178/1805/1674
f 1178/1805/1674 1184/1842/1711 1185/1803/1672
f 1159/1835/1704 1160/1843/1712 1166/1836/1705
f 1166/1836/1705 1160/1843/1712 1161/1844/1713
f 1166/1836/1705 1161/1844/1713 1173/1845/1714
f 1173/1845/1714 1161/1844/1713 1172/1846/1715
f 1173/1845/1714 1172/1846/1715 1182/1838/1707
f 1182/1838/1707 1172/1846/1715 1183/1840/1709
f 1161/1844/1713 1162/1847/1716 1172/1846/1715
f 1172/1846/1715 1162/1847/1716 1171/1848/1717
f 1172/1846/1715 1171/1848/1717 1183/1840/1709
f 1183/1840/1709 1171/1848/1717 1184/1842/1711
f 1162/1847/1716 1163/1849/1718 1171/1848/1717
f 1171/1848/1717 1163/1849/1718 1170/1850/1719
f 1171/1848/1717 1170/1850/1719 1184/1842/1711
f 1184/1842/1711 1170/1850/1719 1185/1803/1672
f 1170/1850/1719 1163/1849/1718 1169/1801/1670
f 1169/1801/1670 1163/1849/1718 1145/1799/1668
f 1188/1822/1691 1187/1824/1693 1167/1798/1667
f 1167/1798/1667 1187/1824/1693 1168/1800/1669
f 1185/1803/1672 1170/1850/1719 1169/1801/1670
f 1187/1824/1693 1186/1802/1671 1168/1800/1669
f 1181/1837/1706 1166/1836/1705 1173/1845/1714
f 1181/1837/1706 1173/1845/1714 1182/1838/1707
f 1195/1832/1701 1175/1823/1692 1196/1833/1702
f 1196/1833/1702 1175/1823/1692 1174/1821/1690
f 1193/1806/1675 1177/1804/1673 1194/1834/1703
f 1194/1834/1703 1177/1804/1673 1176/1825/1694
f 1178/1805/1674 1192/1807/1676 1179/1841/1710
f 1179/1841/1710 1192/1807/1676 1191/1809/1678
f 1179/1841/1710 1191/1809/1678 1180/1839/1708
f 1180/1839/1708 1191/1809/1678 1190/1811/1680
f 1180/1839/1708 1190/1811/1680 1165/1813/1682
f 1189/1820/1689 1188/1822/1691 1167/1798/1667
f 1146/1797/1666 1189/1820/1689 1167/1798/1667
f 1159/1851/1720 1158/1852/1721 1202/1853/1722
f 1202/1853/1722 1158/1852/1721 1201/1854/1723
f 1201/1854/1723 1158/1852/1721 1200/1855/1724
f 1200/1855/1724 1158/1852/1721 1157/1856/1725
f 1200/1855/1724 1157/1856/1725 1199/1857/1726
f 1199/1858/1727 1157/1859/1728 1205/1860/1729
f 1205/1860/1729 1157/1859/1728 1156/1861/1730
f 1205/1860/1729 1156/1861/1730 1155/1862/1731
f 1155/1862/1731 1154/1863/1732 1205/1860/1729
f 1205/1860/1729 1154/1863/1732 1153/1864/1733
f 1205/1860/1729 1153/1864/1733 1152/1865/1734
f 1152/1865/1734 1203/1866/1735 1205/1860/1729
f 1205/1860/1729 1203/1866/1735 1204/1867/1736
f 1205/1860/1729 1204/1867/1736 1199/1858/1727
f 1203/1868/1737 1152/1869/1738 1207/1870/1739
f 1207/1870/1739 1152/1869/1738 1151/1871/1740
f 1207/1870/1739 1151/1871/1740 1150/1872/1741
f 1150/1872/1741 1149/1873/1742 1207/1870/1739
f 1207/1870/1739 1149/1873/1742 1148/1874/1743
f 1207/1870/1739 1148/1874/1743 1147/1875/1744
f 1147/1875/1744 1206/1876/1745 1207/1870/1739
f 1147/1877/1686 1146/1878/1746 1206/1879/1747
f 1223/1880/1748 1160/1881/1749 1225/1882/1750
f 1225/1882/1750 1160/1881/1749 1159/1883/1751
f 1225/1882/1750 1159/1883/1751 1231/1884/1752
f 1231/1884/1752 1159/1883/1751 1202/1885/1753
f 1231/1884/1752 1202/1885/1753 1201/1886/1754
f 1231/1884/1752 1201/1886/1754 1224/1887/1755
f 1224/1887/1755 1201/1886/1754 1200/1888/1756
f 1224/1887/1755 1200/1888/1756 1208/1889/1757
f 1208/1889/1757 1200/1888/1756 1199/1890/1758
f 1208/1889/1757 1209/1891/1759 1224/1887/1755
f 1224/1887/1755 1209/1891/1759 1210/1892/1760
f 1224/1887/1755 1210/1892/1760 1247/1893/1761
f 1247/1893/1761 1210/1892/1760 1211/1894/1762
f 1247/1893/1761 1211/1894/1762 1248/1895/1763
f 1248/1895/1763 1211/1894/1762 1249/1896/1764
f 1248/1895/1763 1249/1896/1764 1240/1897/1765
f 1240/1897/1765 1249/1896/1764 1241/1898/1766
f 1240/1897/1765 1241/1898/1766 1233/1899/1767
f 1233/1899/1767 1241/1898/1766 1234/1900/1768
f 1233/1899/1767 1234/1900/1768 1227/1901/1769
f 1227/1901/1769 1234/1900/1768 1228/1902/1770
f 1227/1901/1769 1228/1902/1770 1222/1903/1771
f 1222/1903/1771 1228/1902/1770 1221/1904/1772
f 1221/1904/1772 1228/1902/1770 1229/1905/1773
f 1221/1904/1772 1229/1905/1773 1230/1906/1774
f 1230/1906/1774 1229/1905/1773 1236/1907/1775
f 1230/1906/1774 1236/1907/1775 1237/1908/1776
f 1237/1908/1776 1236/1907/1775 1244/1909/1777
f 1237/1908/1776 1244/1909/1777 1245/1910/1778
f 1245/1910/1778 1244/1909/1777 1253/1911/1779
f 1245/1910/1778 1253/1911/1779 1214/1912/1780
f 1214/1912/1780 1253/1911/1779 1213/1913/1781
f 1213/1913/1781 1253/1911/1779 1252/1914/1782
f 1213/1913/1781 1252/1914/1782 1251/1915/1783
f 1251/1915/1783 1252/1914/1782 1243/1916/1784
f 1251/1915/1783 1243/1916/1784 1242/1917/1785
f 1242/1917/1785 1243/1916/1784 1235/1918/1786
f 1242/1917/1785 1235/1918/1786 1234/1900/1768
f 1234/1900/1768 1235/1918/1786 1228/1902/1770
f 1249/1896/1764 1211/1894/1762 1254/1919/1787
f 1254/1919/1787 1211/1894/1762 1212/1920/1788
f 1254/1919/1787 1212/1920/1788 1255/1921/1789
f 1255/1921/1789 1212/1920/1788 1256/1922/1790
f 1255/1921/1789 1256/1922/1790 1250/1923/1791
f 1250/1923/1791 1256/1922/1790 1251/1915/1783
f 1250/1923/1791 1251/1915/1783 1242/1917/1785
f 1212/1920/1788 1213/1913/1781 1256/1922/1790
f 1256/1922/1790 1213/1913/1781 1251/1915/1783
f 1245/1910/1778 1214/1912/1780 1246/1924/1792
f 1246/1924/1792 1214/1912/1780 1215/1925/1793
f 1246/1924/1792 1215/1925/1793 1216/1926/1794
f 1246/1924/1792 1216/1926/1794 1219/1927/1795
f 1219/1927/1795 1216/1926/1794 1217/1928/1796
f 1219/1927/1795 1217/1928/1796 1218/1929/1797
f 1246/1924/1792 1219/1927/1795 1238/1930/1798
f 1238/1930/1798 1219/1927/1795 1220/1931/1799
f 1238/1930/1798 1220/1931/1799 1237/1908/1776
f 1237/1908/1776 1220/1931/1799 1230/1906/1774
f 1220/1931/1799 1221/1904/1772 1230/1906/1774
f 1227/1901/1769 1222/1903/1771 1226/1932/1800
f 1226/1932/1800 1222/1903/1771 1223/1880/1748
f 1226/1932/1800 1223/1880/1748 1225/1882/1750
f 1233/1899/1767 1227/1901/1769 1226/1932/1800
f 1226/1932/1800 1225/1882/1750 1232/1933/1801
f 1232/1933/1801 1225/1882/1750 1231/1884/1752
f 1232/1933/1801 1231/1884/1752 1239/1934/1802
f 1239/1934/1802 1231/1884/1752 1224/1887/1755
f 1239/1934/1802 1224/1887/1755 1247/1893/1761
f 1236/1907/1775 1229/1905/1773 1235/1918/1786
f 1235/1918/1786 1229/1905/1773 1228/1902/1770
f 1240/1897/1765 1233/1899/1767 1232/1933/1801
f 1232/1933/1801 1233/1899/1767 1226/1932/1800
f 1240/1897/1765 1232/1933/1801 1239/1934/1802
f 1242/1917/1785 1234/1900/1768 1241/1898/1766
f 1244/1909/1777 1236/1907/1775 1243/1916/1784
f 1243/1916/1784 1236/1907/1775 1235/1918/1786
f 1246/1924/1792 1238/1930/1798 1245/1910/1778
f 1245/1910/1778 1238/1930/1798 1237/1908/1776
f 1248/1895/1763 1240/1897/1765 1239/1934/1802
f 1248/1895/1763 1239/1934/1802 1247/1893/1761
f 1250/1923/1791 1242/1917/1785 1241/1898/1766
f 1250/1923/1791 1241/1898/1766 1249/1896/1764
f 1253/1911/1779 1244/1909/1777 1252/1914/1782
f 1252/1914/1782 1244/1909/1777 1243/1916/1784
f 1255/1921/1789 1250/1923/1791 1249/1896/1764
f 1254/1919/1787 1255/1921/1789 1249/1896/1764
f 1219/1935/1803 1218/1936/1797 1257/1937/1804
f 1257/1938/1805 1218/1939/1806 1259/1940/1807
f 1259/1940/1807 1218/1939/1806 1217/1941/1808
f 1259/1940/1807 1217/1941/1808 1216/1942/1809
f 1216/1942/1809 1215/1943/1810 1259/1940/1807
f 1259/1940/1807 1215/1943/1810 1214/1944/1811
f 1259/1940/1807 1214/1944/1811 1213/1945/1812
f 1213/1945/1812 1212/1946/1813 1259/1940/1807
f 1259/1940/1807 1212/1946/1813 1258/1947/1814
f 1258/1948/1815 1212/1949/1816 1261/1950/1817
f 1261/1950/1817 1212/1949/1816 1211/1951/1818
f 1261/1950/1817 1211/1951/1818 1210/1952/1819
f 1261/1950/1817 1210/1952/1819 1260/1953/1820
f 1260/1953/1820 1210/1952/1819 1209/1954/1821
f 1260/1953/1820 1209/1954/1821 1204/1955/1822
f 1204/1955/1822 1209/1954/1821 1208/1956/1823
f 1204/1955/1822 1208/1956/1823 1199/1957/1824
f 1145/1958/1825 1219/1959/1826 1146/1960/1827
f 1146/1960/1827 1219/1959/1826 1257/1961/1828
f 1146/1960/1827 1257/1961/1828 1206/1962/1829
f 1145/1958/1825 1220/1963/1830 1219/1959/1826
f 1220/1964/1831 1145/1965/1832 1221/1966/1833
f 1221/1966/1833 1145/1965/1832 1163/1967/1834
f 1221/1966/1833 1163/1967/1834 1222/1968/1835
f 1222/1968/1835 1163/1967/1834 1162/1969/1836
f 1222/1968/1835 1162/1969/1836 1223/1970/1837
f 1223/1970/1837 1162/1969/1836 1161/1971/1838
f 1223/1970/1837 1161/1971/1838 1160/1972/1839
f 1259/1973/1840 1207/1974/1841 1257/1975/1842
f 1257/1975/1842 1207/1974/1841 1206/1976/1843
f 1258/1977/1844 1261/1978/1845 1259/1979/1846
f 1259/1979/1846 1261/1978/1845 1260/1980/1847
f 1259/1979/1846 1260/1980/1847 1204/1981/1848
f 1203/1982/1849 1207/1983/1850 1204/1981/1848
f 1204/1981/1848 1207/1983/1850 1259/1979/1846
f 1263/1984/1851 1284/1985/1852 1262/1986/1853
f 1262/1986/1853 1284/1985/1852 1285/1987/1854
f 1262/1986/1853 1285/1987/1854 1286/1988/1855
f 1286/1988/1855 1285/1987/1854 1303/1989/1856
f 1286/1988/1855 1303/1989/1856 1302/1990/1857
f 1302/1990/1857 1303/1989/1856 1294/1991/1858
f 1302/1990/1857 1294/1991/1858 1295/1992/1859
f 1295/1992/1859 1294/1991/1858 1310/1993/1860
f 1295/1992/1859 1310/1993/1860 1309/1994/1861
f 1309/1994/1861 1310/1993/1860 1270/1995/1862
f 1309/1994/1861 1270/1995/1862 1308/1996/1863
f 1308/1996/1863 1270/1995/1862 1271/1997/1864
f 1308/1996/1863 1271/1997/1864 1307/1998/1865
f 1307/1998/1865 1271/1997/1864 1272/1999/1866
f 1307/1998/1865 1272/1999/1866 1282/2000/1867
f 1282/2000/1867 1272/1999/1866 1273/2001/1868
f 1282/2000/1867 1273/2001/1868 1275/2002/1869
f 1275/2002/1869 1273/2001/1868 1274/2003/1870
f 1264/2004/1871 1265/2005/1872 1263/1984/1851
f 1263/1984/1851 1265/2005/1872 1281/2006/1873
f 1263/1984/1851 1281/2006/1873 1306/2007/1874
f 1306/2007/1874 1281/2006/1873 1291/2008/1875
f 1306/2007/1874 1291/2008/1875 1305/2009/1876
f 1305/2009/1876 1291/2008/1875 1292/2010/1877
f 1305/2009/1876 1292/2010/1877 1304/2011/1878
f 1304/2011/1878 1292/2010/1877 1293/2012/1879
f 1304/2011/1878 1293/2012/1879 1303/1989/1856
f 1303/1989/1856 1293/2012/1879 1294/1991/1858
f 1265/2005/1872 1266/2013/1880 1281/2006/1873
f 1281/2006/1873 1266/2013/1880 1315/2014/1881
f 1281/2006/1873 1315/2014/1881 1314/2015/1882
f 1314/2015/1882 1315/2014/1881 1267/2016/1883
f 1314/2015/1882 1267/2016/1883 1268/2017/1884
f 1266/2013/1880 1267/2016/1883 1315/2014/1881
f 1269/2018/1885 1312/2019/1886 1268/2017/1884
f 1268/2017/1884 1312/2019/1886 1313/2020/1887
f 1268/2017/1884 1313/2020/1887 1314/2015/1882
f 1314/2015/1882 1313/2020/1887 1291/2008/1875
f 1314/2015/1882 1291/2008/1875 1281/2006/1873
f 1270/1995/1862 1310/1993/1860 1269/2018/1885
f 1269/2018/1885 1310/1993/1860 1311/2021/1888
f 1269/2018/1885 1311/2021/1888 1312/2019/1886
f 1312/2019/1886 1311/2021/1888 1293/2012/1879
f 1312/2019/1886 1293/2012/1879 1292/2010/1877
f 1276/2022/1889 1283/2023/1890 1275/2002/1869
f 1275/2002/1869 1283/2023/1890 1298/2024/1891
f 1275/2002/1869 1298/2024/1891 1282/2000/1867
f 1282/2000/1867 1298/2024/1891 1299/2025/1892
f 1282/2000/1867 1299/2025/1892 1297/2026/1893
f 1297/2026/1893 1299/2025/1892 1300/2027/1894
f 1297/2026/1893 1300/2027/1894 1296/2028/1895
f 1296/2028/1895 1300/2027/1894 1301/2029/1896
f 1296/2028/1895 1301/2029/1896 1295/1992/1859
f 1295/1992/1859 1301/2029/1896 1302/1990/1857
f 1276/2022/1889 1277/2030/1897 1283/2023/1890
f 1283/2023/1890 1277/2030/1897 1278/2031/1898
f 1283/2023/1890 1278/2031/1898 1290/2032/1899
f 1290/2032/1899 1278/2031/1898 1289/2033/1900
f 1290/2032/1899 1289/2033/1900 1299/2025/1892
f 1299/2025/1892 1289/2033/1900 1300/2027/1894
f 1278/2031/1898 1279/2034/1901 1289/2033/1900
f 1289/2033/1900 1279/2034/1901 1288/2035/1902
f 1289/2033/1900 1288/2035/1902 1300/2027/1894
f 1300/2027/1894 1288/2035/1902 1301/2029/1896
f 1279/2034/1901 1280/2036/1903 1288/2035/1902
f 1288/2035/1902 1280/2036/1903 1287/2037/1904
f 1288/2035/1902 1287/2037/1904 1301/2029/1896
f 1301/2029/1896 1287/2037/1904 1302/1990/1857
f 1287/2037/1904 1280/2036/1903 1286/1988/1855
f 1286/1988/1855 1280/2036/1903 1262/1986/1853
f 1305/2009/1876 1304/2011/1878 1284/1985/1852
f 1284/1985/1852 1304/2011/1878 1285/1987/1854
f 1302/1990/1857 1287/2037/1904 1286/1988/1855
f 1304/2011/1878 1303/1989/1856 1285/1987/1854
f 1298/2024/1891 1283/2023/1890 1290/2032/1899
f 1298/2024/1891 1290/2032/1899 1299/2025/1892
f 1312/2019/1886 1292/2010/1877 1313/2020/1887
f 1313/2020/1887 1292/2010/1877 1291/2008/1875
f 1310/1993/1860 1294/1991/1858 1311/2021/1888
f 1311/2021/1888 1294/1991/1858 1293/2012/1879
f 1295/1992/1859 1309/1994/1861 1296/2028/1895
f 1296/2028/1895 1309/1994/1861 1308/1996/1863
f 1296/2028/1895 1308/1996/1863 1297/2026/1893
f 1297/2026/1893 1308/1996/1863 1307/1998/1865
f 1297/2026/1893 1307/1998/1865 1282/2000/1867
f 1306/2007/1874 1305/2009/1876 1284/1985/1852
f 1263/1984/1851 1306/2007/1874 1284/1985/1852
f 1276/2038/1905 1275/2039/1906 1319/2040/1907
f 1319/2040/1907 1275/2039/1906 1318/2041/1908
f 1318/2041/1908 1275/2039/1906 1317/2042/1909
f 1317/2042/1909 1275/2039/1906 1274/2043/1910
f 1317/2042/1909 1274/2043/1910 1316/2044/1911
f 1316/2045/1912 1274/2046/1913 1322/2047/1914
f 1322/2047/1914 1274/2046/1913 1273/2048/1915
f 1322/2047/1914 1273/2048/1915 1272/2049/1916
f 1272/2049/1916 1271/2050/1917 1322/2047/1914
f 1322/2047/1914 1271/2050/1917 1270/2051/1918
f 1322/2047/1914 1270/2051/1918 1269/2052/1919
f 1269/2052/1919 1320/2053/1920 1322/2047/1914
f 1322/2047/1914 1320/2053/1920 1321/2054/1921
f 1322/2047/1914 1321/2054/1921 1316/2045/1912
f 1320/2055/1922 1269/2056/1923 1324/2057/1924
f 1324/2057/1924 1269/2056/1923 1268/2058/1925
f 1324/2057/1924 1268/2058/1925 1267/2059/1926
f 1267/2059/1926 1266/2060/1927 1324/2057/1924
f 1324/2057/1924 1266/2060/1927 1265/2061/1928
f 1324/2057/1924 1265/2061/1928 1264/2062/1929
f 1264/2062/1929 1323/2063/1930 1324/2057/1924
f 1264/2064/1871 1263/2065/1931 1323/2066/1932
f 1340/2067/1933 1277/2068/1934 1342/2069/1935
f 1342/2069/1935 1277/2068/1934 1276/2070/1936
f 1342/2069/1935 1276/2070/1936 1348/2071/1937
f 1348/2071/1937 1276/2070/1936 1319/2072/1938
f 1348/2071/1937 1319/2072/1938 1318/2073/1939
f 1348/2071/1937 1318/2073/1939 1341/2074/1940
f 1341/2074/1940 1318/2073/1939 1317/2075/1941
f 1341/2074/1940 1317/2075/1941 1325/2076/1942
f 1325/2076/1942 1317/2075/1941 1316/2077/1943
f 1325/2076/1942 1326/2078/1944 1341/2074/1940
f 1341/2074/1940 1326/2078/1944 1327/2079/1945
f 1341/2074/1940 1327/2079/1945 1364/2080/1946
f 1364/2080/1946 1327/2079/1945 1328/2081/1947
f 1364/2080/1946 1328/2081/1947 1365/2082/1948
f 1365/2082/1948 1328/2081/1947 1366/2083/1949
f 1365/2082/1948 1366/2083/1949 1357/2084/1950
f 1357/2084/1950 1366/2083/1949 1358/2085/1951
f 1357/2084/1950 1358/2085/1951 1350/2086/1952
f 1350/2086/1952 1358/2085/1951 1351/2087/1953
f 1350/2086/1952 1351/2087/1953 1344/2088/1954
f 1344/2088/1954 1351/2087/1953 1345/2089/1955
f 1344/2088/1954 1345/2089/1955 1339/2090/1956
f 1339/2090/1956 1345/2089/1955 1338/2091/1957
f 1338/2091/1957 1345/2089/1955 1346/2092/1958
f 1338/2091/1957 1346/2092/1958 1347/2093/1959
f 1347/2093/1959 1346/2092/1958 1353/2094/1960
f 1347/2093/1959 1353/2094/1960 1354/2095/1961
f 1354/2095/1961 1353/2094/1960 1361/2096/1962
f 1354/2095/1961 1361/2096/1962 1362/2097/1963
f 1362/2097/1963 1361/2096/1962 1370/2098/1964
f 1362/2097/1963 1370/2098/1964 1331/2099/1965
f 1331/2099/1965 1370/2098/1964 1330/2100/1966
f 1330/2100/1966 1370/2098/1964 1369/2101/1967
f 1330/2100/1966 1369/2101/1967 1368/2102/1968
f 1368/2102/1968 1369/2101/1967 1360/2103/1969
f 1368/2102/1968 1360/2103/1969 1359/2104/1970
f 1359/2104/1970 1360/2103/1969 1352/2105/1971
f 1359/2104/1970 1352/2105/1971 1351/2087/1953
f 1351/2087/1953 1352/2105/1971 1345/2089/1955
f 1366/2083/1949 1328/2081/1947 1371/2106/1972
f 1371/2106/1972 1328/2081/1947 1329/2107/1973
f 1371/2106/1972 1329/2107/1973 1372/2108/1974
f 1372/2108/1974 1329/2107/1973 1373/2109/1975
f 1372/2108/1974 1373/2109/1975 1367/2110/1976
f 1367/2110/1976 1373/2109/1975 1368/2102/1968
f 1367/2110/1976 1368/2102/1968 1359/2104/1970
f 1329/2107/1973 1330/2100/1966 1373/2109/1975
f 1373/2109/1975 1330/2100/1966 1368/2102/1968
f 1362/2097/1963 1331/2099/1965 1363/2111/1977
f 1363/2111/1977 1331/2099/1965 1332/2112/1978
f 1363/2111/1977 1332/2112/1978 1333/2113/1979
f 1363/2111/1977 1333/2113/1979 1336/2114/1980
f 1336/2114/1980 1333/2113/1979 1334/2115/1981
f 1336/2114/1980 1334/2115/1981 1335/2116/1982
f 1363/2111/1977 1336/2114/1980 1355/2117/1983
f 1355/2117/1983 1336/2114/1980 1337/2118/1984
f 1355/2117/1983 1337/2118/1984 1354/2095/1961
f 1354/2095/1961 1337/2118/1984 1347/2093/1959
f 1337/2118/1984 1338/2091/1957 1347/2093/1959
f 1344/2088/1954 1339/2090/1956 1343/2119/1985
f 1343/2119/1985 1339/2090/1956 1340/2067/1933
f 1343/2119/1985 1340/2067/1933 1342/2069/1935
f 1350/2086/1952 1344/2088/1954 1343/2119/1985
f 1343/2119/1985 1342/2069/1935 1349/2120/1986
f 1349/2120/1986 1342/2069/1935 1348/2071/1937
f 1349/2120/1986 1348/2071/1937 1356/2121/1987
f 1356/2121/1987 1348/2071/1937 1341/2074/1940
f 1356/2121/1987 1341/2074/1940 1364/2080/1946
f 1353/2094/1960 1346/2092/1958 1352/2105/1971
f 1352/2105/1971 1346/2092/1958 1345/2089/1955
f 1357/2084/1950 1350/2086/1952 1349/2120/1986
f 1349/2120/1986 1350/2086/1952 1343/2119/1985
f 1357/2084/1950 1349/2120/1986 1356/2121/1987
f 1359/2104/1970 1351/2087/1953 1358/2085/1951
f 1361/2096/1962 1353/2094/1960 1360/2103/1969
f 1360/2103/1969 1353/2094/1960 1352/2105/1971
f 1363/2111/1977 1355/2117/1983 1362/2097/1963
f 1362/2097/1963 1355/2117/1983 1354/2095/1961
f 1365/2082/1948 1357/2084/1950 1356/2121/1987
f 1365/2082/1948 1356/2121/1987 1364/2080/1946
f 1367/2110/1976 1359/2104/1970 1358/2085/1951
f 1367/2110/1976 1358/2085/1951 1366/2083/1949
f 1370/2098/1964 1361/2096/1962 1369/2101/1967
f 1369/2101/1967 1361/2096/1962 1360/2103/1969
f 1372/2108/1974 1367/2110/1976 1366/2083/1949
f 1371/2106/1972 1372/2108/1974 1366/2083/1949
f 1336/2122/1988 1335/2123/1982 1374/2124/1989
f 1374/2125/1990 1335/2126/1991 1376/2127/1992
f 1376/2127/1992 1335/2126/1991 1334/2128/1993
f 1376/2127/1992 1334/2128/1993 1333/2129/1994
f 1333/2129/1994 1332/2130/1995 1376/2127/1992
f 1376/2127/1992 1332/2130/1995 1331/2131/1996
f 1376/2127/1992 1331/2131/1996 1330/2132/1997
f 1330/2132/1997 1329/2133/1998 1376/2127/1992
f 1376/2127/1992 1329/2133/1998 1375/2134/1999
f 1375/2135/2000 1329/2136/2001 1378/2137/2002
f 1378/2137/2002 1329/2136/2001 1328/2138/2003
f 1378/2137/2002 1328/2138/2003 1327/2139/2004
f 1378/2137/2002 1327/2139/2004 1377/2140/2005
f 1377/2140/2005 1327/2139/2004 1326/2141/2006
f 1377/2140/2005 1326/2141/2006 1321/2142/2007
f 1321/2142/2007 1326/2141/2006 1325/2143/2008
f 1321/2142/2007 1325/2143/2008 1316/2144/2009
f 1262/2145/2010 1336/2146/2011 1263/2147/2012
f 1263/2147/2012 1336/2146/2011 1374/2148/2013
f 1263/2147/2012 1374/2148/2013 1323/2149/2014
f 1262/2145/2010 1337/2150/2015 1336/2146/2011
f 1337/2151/2016 1262/2152/2017 1338/2153/2018
f 1338/2153/2018 1262/2152/2017 1280/2154/2019
f 1338/2153/2018 1280/2154/2019 1339/2155/2020
f 1339/2155/2020 1280/2154/2019 1279/2156/2021
f 1339/2155/2020 1279/2156/2021 1340/2157/2022
f 1340/2157/2022 1279/2156/2021 1278/2158/2023
f 1340/2157/2022 1278/2158/2023 1277/2159/2024
f 1376/2160/2025 1324/2161/2026 1374/2162/2027
f 1374/2162/2027 1324/2161/2026 1323/2163/2028
f 1375/2164/2029 1378/2165/2030 1376/2166/2031
f 1376/2166/2031 1378/2165/2030 1377/2167/2032
f 1376/2166/2031 1377/2167/2032 1321/2168/2033
f 1320/2169/2034 1324/2170/2035 1321/2168/2033
f 1321/2168/2033 1324/2170/2035 1376/2166/2031
f 1380/2171/2036 1401/2172/2037 1379/2173/2038
f 1379/2173/2038 1401/2172/2037 1402/2174/2039
f 1379/2173/2038 1402/2174/2039 1403/2175/2040
f 1403/2175/2040 1402/2174/2039 1420/2176/2041
f 1403/2175/2040 1420/2176/2041 1419/2177/2042
f 1419/2177/2042 1420/2176/2041 1411/2178/2043
f 1419/2177/2042 1411/2178/2043 1412/2179/2044
f 1412/2179/2044 1411/2178/2043 1427/2180/2045
f 1412/2179/2044 1427/2180/2045 1426/2181/2046
f 1426/2181/2046 1427/2180/2045 1387/2182/2047
f 1426/2181/2046 1387/2182/2047 1425/2183/2048
f 1425/2183/2048 1387/2182/2047 1388/2184/2049
f 1425/2183/2048 1388/2184/2049 1424/2185/2050
f 1424/2185/2050 1388/2184/2049 1389/2186/2051
f 1424/2185/2050 1389/2186/2051 1399/2187/2052
f 1399/2187/2052 1389/2186/2051 1390/2188/2053
f 1399/2187/2052 1390/2188/2053 1392/2189/2054
f 1392/2189/2054 1390/2188/2053 1391/2190/2055
f 1381/2191/2056 1382/2192/2057 1380/2171/2036
f 1380/2171/2036 1382/2192/2057 1398/2193/2058
f 1380/2171/2036 1398/2193/2058 1423/2194/2059
f 1423/2194/2059 1398/2193/2058 1408/2195/2060
f 1423/2194/2059 1408/2195/2060 1422/2196/2061
f 1422/2196/2061 1408/2195/2060 1409/2197/2062
f 1422/2196/2061 1409/2197/2062 1421/2198/2063
f 1421/2198/2063 1409/2197/2062 1410/2199/2064
f 1421/2198/2063 1410/2199/2064 1420/2176/2041
f 1420/2176/2041 1410/2199/2064 1411/2178/2043
f 1382/2192/2057 1383/2200/2065 1398/2193/2058
f 1398/2193/2058 1383/2200/2065 1432/2201/2066
f 1398/2193/2058 1432/2201/2066 1431/2202/2067
f 1431/2202/2067 1432/2201/2066 1384/2203/2068
f 1431/2202/2067 1384/2203/2068 1385/2204/2069
f 1383/2200/2065 1384/2203/2068 1432/2201/2066
f 1386/2205/2070 1429/2206/2071 1385/2204/2069
f 1385/2204/2069 1429/2206/2071 1430/2207/2072
f 1385/2204/2069 1430/2207/2072 1431/2202/2067
f 1431/2202/2067 1430/2207/2072 1408/2195/2060
f 1431/2202/2067 1408/2195/2060 1398/2193/2058
f 1387/2182/2047 1427/2180/2045 1386/2205/2070
f 1386/2205/2070 1427/2180/2045 1428/2208/2073
f 1386/2205/2070 1428/2208/2073 1429/2206/2071
f 1429/2206/2071 1428/2208/2073 1410/2199/2064
f 1429/2206/2071 1410/2199/2064 1409/2197/2062
f 1393/2209/2074 1400/2210/2075 1392/2189/2054
f 1392/2189/2054 1400/2210/2075 1415/2211/2076
f 1392/2189/2054 1415/2211/2076 1399/2187/2052
f 1399/2187/2052 1415/2211/2076 1416/2212/2077
f 1399/2187/2052 1416/2212/2077 1414/2213/2078
f 1414/2213/2078 1416/2212/2077 1417/2214/2079
f 1414/2213/2078 1417/2214/2079 1413/2215/2080
f 1413/2215/2080 1417/2214/2079 1418/2216/2081
f 1413/2215/2080 1418/2216/2081 1412/2179/2044
f 1412/2179/2044 1418/2216/2081 1419/2177/2042
f 1393/2209/2074 1394/2217/2082 1400/2210/2075
f 1400/2210/2075 1394/2217/2082 1395/2218/2083
f 1400/2210/2075 1395/2218/2083 1407/2219/2084
f 1407/2219/2084 1395/2218/2083 1406/2220/2085
f 1407/2219/2084 1406/2220/2085 1416/2212/2077
f 1416/2212/2077 1406/2220/2085 1417/2214/2079
f 1395/2218/2083 1396/2221/2086 1406/2220/2085
f 1406/2220/2085 1396/2221/2086 1405/2222/2087
f 1406/2220/2085 1405/2222/2087 1417/2214/2079
f 1417/2214/2079 1405/2222/2087 1418/2216/2081
f 1396/2221/2086 1397/2223/2088 1405/2222/2087
f 1405/2222/2087 1397/2223/2088 1404/2224/2089
f 1405/2222/2087 1404/2224/2089 1418/2216/2081
f 1418/2216/2081 1404/2224/2089 1419/2177/2042
f 1404/2224/2089 1397/2223/2088 1403/2175/2040
f 1403/2175/2040 1397/2223/2088 1379/2173/2038
f 1422/2196/2061 1421/2198/2063 1401/2172/2037
f 1401/2172/2037 1421/2198/2063 1402/2174/2039
f 1419/2177/2042 1404/2224/2089 1403/2175/2040
f 1421/2198/2063 1420/2176/2041 1402/2174/2039
f 1415/2211/2076 1400/2210/2075 1407/2219/2084
f 1415/2211/2076 1407/2219/2084 1416/2212/2077
f 1429/2206/2071 1409/2197/2062 1430/2207/2072
f 1430/2207/2072 1409/2197/2062 1408/2195/2060
f 1427/2180/2045 1411/2178/2043 1428/2208/2073
f 1428/2208/2073 1411/2178/2043 1410/2199/2064
f 1412/2179/2044 1426/2181/2046 1413/2215/2080
f 1413/2215/2080 1426/2181/2046 1425/2183/2048
f 1413/2215/2080 1425/2183/2048 1414/2213/2078
f 1414/2213/2078 1425/2183/2048 1424/2185/2050
f 1414/2213/2078 1424/2185/2050 1399/2187/2052
f 1423/2194/2059 1422/2196/2061 1401/2172/2037
f 1380/2171/2036 1423/2194/2059 1401/2172/2037
f 1393/2225/2090 1392/2226/2091 1436/2227/2092
f 1436/2227/2092 1392/2226/2091 1435/2228/2093
f 1435/2228/2093 1392/2226/2091 1434/2229/2094
f 1434/2229/2094 1392/2226/2091 1391/2230/2095
f 1434/2229/2094 1391/2230/2095 1433/2231/2096
f 1433/2232/2097 1391/2233/2098 1439/2234/2099
f 1439/2234/2099 1391/2233/2098 1390/2235/2100
f 1439/2234/2099 1390/2235/2100 1389/2236/2101
f 1389/2236/2101 1388/2237/2102 1439/2234/2099
f 1439/2234/2099 1388/2237/2102 1387/2238/2103
f 1439/2234/2099 1387/2238/2103 1386/2239/2104
f 1386/2239/2104 1437/2240/2105 1439/2234/2099
f 1439/2234/2099 1437/2240/2105 1438/2241/2106
f 1439/2234/2099 1438/2241/2106 1433/2232/2097
f 1437/2242/2107 1386/2243/2108 1441/2244/2109
f 1441/2244/2109 1386/2243/2108 1385/2245/2110
f 1441/2244/2109 1385/2245/2110 1384/2246/2111
f 1384/2246/2111 1383/2247/2112 1441/2244/2109
f 1441/2244/2109 1383/2247/2112 1382/2248/2113
f 1441/2244/2109 1382/2248/2113 1381/2249/2114
f 1381/2249/2114 1440/2250/2115 1441/2244/2109
f 1381/2251/2056 1380/2252/2116 1440/2253/2117
f 1457/2254/2118 1394/2255/2119 1459/2256/2120
f 1459/2256/2120 1394/2255/2119 1393/2257/2121
f 1459/2256/2120 1393/2257/2121 1465/2258/2122
f 1465/2258/2122 1393/2257/2121 1436/2259/2123
f 1465/2258/2122 1436/2259/2123 1435/2260/2124
f 1465/2258/2122 1435/2260/2124 1458/2261/2125
f 1458/2261/2125 1435/2260/2124 1434/2262/2126
f 1458/2261/2125 1434/2262/2126 1442/2263/2127
f 1442/2263/2127 1434/2262/2126 1433/2264/2128
f 1442/2263/2127 1443/2265/2129 1458/2261/2125
f 1458/2261/2125 1443/2265/2129 1444/2266/2130
f 1458/2261/2125 1444/2266/2130 1481/2267/2131
f 1481/2267/2131 1444/2266/2130 1445/2268/2132
f 1481/2267/2131 1445/2268/2132 1482/2269/2133
f 1482/2269/2133 1445/2268/2132 1483/2270/2134
f 1482/2269/2133 1483/2270/2134 1474/2271/2135
f 1474/2271/2135 1483/2270/2134 1475/2272/2136
f 1474/2271/2135 1475/2272/2136 1467/2273/2137
f 1467/2273/2137 1475/2272/2136 1468/2274/2138
f 1467/2273/2137 1468/2274/2138 1461/2275/2139
f 1461/2275/2139 1468/2274/2138 1462/2276/2140
f 1461/2275/2139 1462/2276/2140 1456/2277/2141
f 1456/2277/2141 1462/2276/2140 1455/2278/2142
f 1455/2278/2142 1462/2276/2140 1463/2279/2143
f 1455/2278/2142 1463/2279/2143 1464/2280/2144
f 1464/2280/2144 1463/2279/2143 1470/2281/2145
f 1464/2280/2144 1470/2281/2145 1471/2282/2146
f 1471/2282/2146 1470/2281/2145 1478/2283/2147
f 1471/2282/2146 1478/2283/2147 1479/2284/2148
f 1479/2284/2148 1478/2283/2147 1487/2285/2149
f 1479/2284/2148 1487/2285/2149 1448/2286/2150
f 1448/2286/2150 1487/2285/2149 1447/2287/2151
f 1447/2287/2151 1487/2285/2149 1486/2288/2152
f 1447/2287/2151 1486/2288/2152 1485/2289/2153
f 1485/2289/2153 1486/2288/2152 1477/2290/2154
f 1485/2289/2153 1477/2290/2154 1476/2291/2155
f 1476/2291/2155 1477/2290/2154 1469/2292/2156
f 1476/2291/2155 1469/2292/2156 1468/2274/2138
f 1468/2274/2138 1469/2292/2156 1462/2276/2140
f 1483/2270/2134 1445/2268/2132 1488/2293/2157
f 1488/2293/2157 1445/2268/2132 1446/2294/2158
f 1488/2293/2157 1446/2294/2158 1489/2295/2159
f 1489/2295/2159 1446/2294/2158 1490/2296/2160
f 1489/2295/2159 1490/2296/2160 1484/2297/2161
f 1484/2297/2161 1490/2296/2160 1485/2289/2153
f 1484/2297/2161 1485/2289/2153 1476/2291/2155
f 1446/2294/2158 1447/2287/2151 1490/2296/2160
f 1490/2296/2160 1447/2287/2151 1485/2289/2153
f 1479/2284/2148 1448/2286/2150 1480/2298/2162
f 1480/2298/2162 1448/2286/2150 1449/2299/2163
f 1480/2298/2162 1449/2299/2163 1450/2300/2164
f 1480/2298/2162 1450/2300/2164 1453/2301/2165
f 1453/2301/2165 1450/2300/2164 1451/2302/2166
f 1453/2301/2165 1451/2302/2166 1452/2303/2167
f 1480/2298/2162 1453/2301/2165 1472/2304/2168
f 1472/2304/2168 1453/2301/2165 1454/2305/2169
f 1472/2304/2168 1454/2305/2169 1471/2282/2146
f 1471/2282/2146 1454/2305/2169 1464/2280/2144
f 1454/2305/2169 1455/2278/2142 1464/2280/2144
f 1461/2275/2139 1456/2277/2141 1460/2306/2170
f 1460/2306/2170 1456/2277/2141 1457/2254/2118
f 1460/2306/2170 1457/2254/2118 1459/2256/2120
f 1467/2273/2137 1461/2275/2139 1460/2306/2170
f 1460/2306/2170 1459/2256/2120 1466/2307/2171
f 1466/2307/2171 1459/2256/2120 1465/2258/2122
f 1466/2307/2171 1465/2258/2122 1473/2308/2172
f 1473/2308/2172 1465/2258/2122 1458/2261/2125
f 1473/2308/2172 1458/2261/2125 1481/2267/2131
f 1470/2281/2145 1463/2279/2143 1469/2292/2156
f 1469/2292/2156 1463/2279/2143 1462/2276/2140
f 1474/2271/2135 1467/2273/2137 1466/2307/2171
f 1466/2307/2171 1467/2273/2137 1460/2306/2170
f 1474/2271/2135 1466/2307/2171 1473/2308/2172
f 1476/2291/2155 1468/2274/2138 1475/2272/2136
f 1478/2283/2147 1470/2281/2145 1477/2290/2154
f 1477/2290/2154 1470/2281/2145 1469/2292/2156
f 1480/2298/2162 1472/2304/2168 1479/2284/2148
f 1479/2284/2148 1472/2304/2168 1471/2282/2146
f 1482/2269/2133 1474/2271/2135 1473/2308/2172
f 1482/2269/2133 1473/2308/2172 1481/2267/2131
f 1484/2297/2161 1476/2291/2155 1475/2272/2136
f 1484/2297/2161 1475/2272/2136 1483/2270/2134
f 1487/2285/2149 1478/2283/2147 1486/2288/2152
f 1486/2288/2152 1478/2283/2147 1477/2290/2154
f 1489/2295/2159 1484/2297/2161 1483/2270/2134
f 1488/2293/2157 1489/2295/2159 1483/2270/2134
f 1453/2309/2173 1452/2310/2167 1491/2311/2174
f 1491/2312/2175 1452/2313/2176 1493/2314/2177
f 1493/2314/2177 1452/2313/2176 1451/2315/2178
f 1493/2314/2177 1451/2315/2178 1450/2316/2179
f 1450/2316/2179 1449/2317/2180 1493/2314/2177
f 1493/2314/2177 1449/2317/2180 1448/2318/2181
f 1493/2314/2177 1448/2318/2181 1447/2319/2182
f 1447/2319/2182 1446/2320/2183 1493/2314/2177
f 1493/2314/2177 1446/2320/2183 1492/2321/2184
f 1492/2322/2185 1446/2323/2186 1495/2324/2187
f 1495/2324/2187 1446/2323/2186 1445/2325/2188
f 1495/2324/2187 1445/2325/2188 1444/2326/2189
f 1495/2324/2187 1444/2326/2189 1494/2327/2190
f 1494/2327/2190 1444/2326/2189 1443/2328/2191
f 1494/2327/2190 1443/2328/2191 1438/2329/2192
f 1438/2329/2192 1443/2328/2191 1442/2330/2193
f 1438/2329/2192 1442/2330/2193 1433/2331/2194
f 1379/2332/2195 1453/2333/2196 1380/2334/2197
f 1380/2334/2197 1453/2333/2196 1491/2335/2198
f 1380/2334/2197 1491/2335/2198 1440/2336/2199
f 1379/2332/2195 1454/2337/2200 1453/2333/2196
f 1454/2338/2201 1379/2339/2202 1455/2340/2203
f 1455/2340/2203 1379/2339/2202 1397/2341/2204
f 1455/2340/2203 1397/2341/2204 1456/2342/2205
f 1456/2342/2205 1397/2341/2204 1396/2343/2206
f 1456/2342/2205 1396/2343/2206 1457/2344/2207
f 1457/2344/2207 1396/2343/2206 1395/2345/2208
f 1457/2344/2207 1395/2345/2208 1394/2346/2209
f 1493/2347/2210 1441/2348/2211 1491/2349/2212
f 1491/2349/2212 1441/2348/2211 1440/2350/2213
f 1492/2351/2214 1495/2352/2215 1493/2353/2216
f 1493/2353/2216 1495/2352/2215 1494/2354/2217
f 1493/2353/2216 1494/2354/2217 1438/2355/2218
f 1437/2356/2219 1441/2357/2220 1438/2355/2218
f 1438/2355/2218 1441/2357/2220 1493/2353/2216
f 1497/2358/2221 1518/2359/2222 1496/2360/2223
f 1496/2360/2223 1518/2359/2222 1519/2361/2224
f 1496/2360/2223 1519/2361/2224 1520/2362/2225
f 1520/2362/2225 1519/2361/2224 1537/2363/2226
f 1520/2362/2225 1537/2363/2226 1536/2364/2227
f 1536/2364/2227 1537/2363/2226 1528/2365/2228
f 1536/2364/2227 1528/2365/2228 1529/2366/2229
f 1529/2366/2229 1528/2365/2228 1544/2367/2230
f 1529/2366/2229 1544/2367/2230 1543/2368/2231
f 1543/2368/2231 1544/2367/2230 1504/2369/2232
f 1543/2368/2231 1504/2369/2232 1542/2370/2233
f 1542/2370/2233 1504/2369/2232 1505/2371/2234
f 1542/2370/2233 1505/2371/2234 1541/2372/2235
f 1541/2372/2235 1505/2371/2234 1506/2373/2236
f 1541/2372/2235 1506/2373/2236 1516/2374/2237
f 1516/2374/2237 1506/2373/2236 1507/2375/2238
f 1516/2374/2237 1507/2375/2238 1509/2376/2239
f 1509/2376/2239 1507/2375/2238 1508/2377/2240
f 1498/2378/2241 1499/2379/2242 1497/2358/2221
f 1497/2358/2221 1499/2379/2242 1515/2380/2243
f 1497/2358/2221 1515/2380/2243 1540/2381/2244
f 1540/2381/2244 1515/2380/2243 1525/2382/2245
f 1540/2381/2244 1525/2382/2245 1539/2383/2246
f 1539/2383/2246 1525/2382/2245 1526/2384/2247
f 1539/2383/2246 1526/2384/2247 1538/2385/2248
f 1538/2385/2248 1526/2384/2247 1527/2386/2249
f 1538/2385/2248 1527/2386/2249 1537/2363/2226
f 1537/2363/2226 1527/2386/2249 1528/2365/2228
f 1499/2379/2242 1500/2387/2250 1515/2380/2243
f 1515/2380/2243 1500/2387/2250 1549/2388/2251
f 1515/2380/2243 1549/2388/2251 1548/2389/2252
f 1548/2389/2252 1549/2388/2251 1501/2390/2253
f 1548/2389/2252 1501/2390/2253 1502/2391/2254
f 1500/2387/2250 1501/2390/2253 1549/2388/2251
f 1503/2392/2255 1546/2393/2256 1502/2391/2254
f 1502/2391/2254 1546/2393/2256 1547/2394/2257
f 1502/2391/2254 1547/2394/2257 1548/2389/2252
f 1548/2389/2252 1547/2394/2257 1525/2382/2245
f 1548/2389/2252 1525/2382/2245 1515/2380/2243
f 1504/2369/2232 1544/2367/2230 1503/2392/2255
f 1503/2392/2255 1544/2367/2230 1545/2395/2258
f 1503/2392/2255 1545/2395/2258 1546/2393/2256
f 1546/2393/2256 1545/2395/2258 1527/2386/2249
f 1546/2393/2256 1527/2386/2249 1526/2384/2247
f 1510/2396/2259 1517/2397/2260 1509/2376/2239
f 1509/2376/2239 1517/2397/2260 1532/2398/2261
f 1509/2376/2239 1532/2398/2261 1516/2374/2237
f 1516/2374/2237 1532/2398/2261 1533/2399/2262
f 1516/2374/2237 1533/2399/2262 1531/2400/2263
f 1531/2400/2263 1533/2399/2262 1534/2401/2264
f 1531/2400/2263 1534/2401/2264 1530/2402/2265
f 1530/2402/2265 1534/2401/2264 1535/2403/2266
f 1530/2402/2265 1535/2403/2266 1529/2366/2229
f 1529/2366/2229 1535/2403/2266 1536/2364/2227
f 1510/2396/2259 1511/2404/2267 1517/2397/2260
f 1517/2397/2260 1511/2404/2267 1512/2405/2268
f 1517/2397/2260 1512/2405/2268 1524/2406/2269
f 1524/2406/2269 1512/2405/2268 1523/2407/2270
f 1524/2406/2269 1523/2407/2270 1533/2399/2262
f 1533/2399/2262 1523/2407/2270 1534/2401/2264
f 1512/2405/2268 1513/2408/2271 1523/2407/2270
f 1523/2407/2270 1513/2408/2271 1522/2409/2272
f 1523/2407/2270 1522/2409/2272 1534/2401/2264
f 1534/2401/2264 1522/2409/2272 1535/2403/2266
f 1513/2408/2271 1514/2410/2273 1522/2409/2272
f 1522/2409/2272 1514/2410/2273 1521/2411/2274
f 1522/2409/2272 1521/2411/2274 1535/2403/2266
f 1535/2403/2266 1521/2411/2274 1536/2364/2227
f 1521/2411/2274 1514/2410/2273 1520/2362/2225
f 1520/2362/2225 1514/2410/2273 1496/2360/2223
f 1539/2383/2246 1538/2385/2248 1518/2359/2222
f 1518/2359/2222 1538/2385/2248 1519/2361/2224
f 1536/2364/2227 1521/2411/2274 1520/2362/2225
f 1538/2385/2248 1537/2363/2226 1519/2361/2224
f 1532/2398/2261 1517/2397/2260 1524/2406/2269
f 1532/2398/2261 1524/2406/2269 1533/2399/2262
f 1546/2393/2256 1526/2384/2247 1547/2394/2257
f 1547/2394/2257 1526/2384/2247 1525/2382/2245
f 1544/2367/2230 1528/2365/2228 1545/2395/2258
f 1545/2395/2258 1528/2365/2228 1527/2386/2249
f 1529/2366/2229 1543/2368/2231 1530/2402/2265
f 1530/2402/2265 1543/2368/2231 1542/2370/2233
f 1530/2402/2265 1542/2370/2233 1531/2400/2263
f 1531/2400/2263 1542/2370/2233 1541/2372/2235
f 1531/2400/2263 1541/2372/2235 1516/2374/2237
f 1540/2381/2244 1539/2383/2246 1518/2359/2222
f 1497/2358/2221 1540/2381/2244 1518/2359/2222
f 1510/2412/2275 1509/2413/2276 1553/2414/2277
f 1553/2414/2277 1509/2413/2276 1552/2415/2278
f 1552/2415/2278 1509/2413/2276 1551/2416/2279
f 1551/2416/2279 1509/2413/2276 1508/2417/2280
f 1551/2416/2279 1508/2417/2280 1550/2418/2281
f 1550/2419/2282 1508/2420/2283 1556/2421/2284
f 1556/2421/2284 1508/2420/2283 1507/2422/2285
f 1556/2421/2284 1507/2422/2285 1506/2423/2286
f 1506/2423/2286 1505/2424/2287 1556/2421/2284
f 1556/2421/2284 1505/2424/2287 1504/2425/2288
f 1556/2421/2284 1504/2425/2288 1503/2426/2289
f 1503/2426/2289 1554/2427/2290 1556/2421/2284
f 1556/2421/2284 1554/2427/2290 1555/2428/2291
f 1556/2421/2284 1555/2428/2291 1550/2419/2282
f 1554/2429/2292 1503/2430/2293 1558/2431/2294
f 1558/2431/2294 1503/2430/2293 1502/2432/2295
f 1558/2431/2294 1502/2432/2295 1501/2433/2296
f 1501/2433/2296 1500/2434/2297 1558/2431/2294
f 1558/2431/2294 1500/2434/2297 1499/2435/2298
f 1558/2431/2294 1499/2435/2298 1498/2436/2299
f 1498/2436/2299 1557/2437/2300 1558/2431/2294
f 1498/2438/2241 1497/2439/2301 1557/2440/2302
f 1574/2441/2303 1511/2442/2304 1576/2443/2305
f 1576/2443/2305 1511/2442/2304 1510/2444/2306
f 1576/2443/2305 1510/2444/2306 1582/2445/2307
f 1582/2445/2307 1510/2444/2306 1553/2446/2308
f 1582/2445/2307 1553/2446/2308 1552/2447/2309
f 1582/2445/2307 1552/2447/2309 1575/2448/2310
f 1575/2448/2310 1552/2447/2309 1551/2449/2311
f 1575/2448/2310 1551/2449/2311 1559/2450/2312
f 1559/2450/2312 1551/2449/2311 1550/2451/2313
f 1559/2450/2312 1560/2452/2314 1575/2448/2310
f 1575/2448/2310 1560/2452/2314 1561/2453/2315
f 1575/2448/2310 1561/2453/2315 1598/2454/2316
f 1598/2454/2316 1561/2453/2315 1562/2455/2317
f 1598/2454/2316 1562/2455/2317 1599/2456/2318
f 1599/2456/2318 1562/2455/2317 1600/2457/2319
f 1599/2456/2318 1600/2457/2319 1591/2458/2320
f 1591/2458/2320 1600/2457/2319 1592/2459/2321
f 1591/2458/2320 1592/2459/2321 1584/2460/2322
f 1584/2460/2322 1592/2459/2321 1585/2461/2323
f 1584/2460/2322 1585/2461/2323 1578/2462/2324
f 1578/2462/2324 1585/2461/2323 1579/2463/2325
f 1578/2462/2324 1579/2463/2325 1573/2464/2326
f 1573/2464/2326 1579/2463/2325 1572/2465/2327
f 1572/2465/2327 1579/2463/2325 1580/2466/2328
f 1572/2465/2327 1580/2466/2328 1581/2467/2329
f 1581/2467/2329 1580/2466/2328 1587/2468/2330
f 1581/2467/2329 1587/2468/2330 1588/2469/2331
f 1588/2469/2331 1587/2468/2330 1595/2470/2332
f 1588/2469/2331 1595/2470/2332 1596/2471/2333
f 1596/2471/2333 1595/2470/2332 1604/2472/2334
f 1596/2471/2333 1604/2472/2334 1565/2473/2335
f 1565/2473/2335 1604/2472/2334 1564/2474/2336
f 1564/2474/2336 1604/2472/2334 1603/2475/2337
f 1564/2474/2336 1603/2475/2337 1602/2476/2338
f 1602/2476/2338 1603/2475/2337 1594/2477/2339
f 1602/2476/2338 1594/2477/2339 1593/2478/2340
f 1593/2478/2340 1594/2477/2339 1586/2479/2341
f 1593/2478/2340 1586/2479/2341 1585/2461/2323
f 1585/2461/2323 1586/2479/2341 1579/2463/2325
f 1600/2457/2319 1562/2455/2317 1605/2480/2342
f 1605/2480/2342 1562/2455/2317 1563/2481/2343
f 1605/2480/2342 1563/2481/2343 1606/2482/2344
f 1606/2482/2344 1563/2481/2343 1607/2483/2345
f 1606/2482/2344 1607/2483/2345 1601/2484/2346
f 1601/2484/2346 1607/2483/2345 1602/2476/2338
f 1601/2484/2346 1602/2476/2338 1593/2478/2340
f 1563/2481/2343 1564/2474/2336 1607/2483/2345
f 1607/2483/2345 1564/2474/2336 1602/2476/2338
f 1596/2471/2333 1565/2473/2335 1597/2485/2347
f 1597/2485/2347 1565/2473/2335 1566/2486/2348
f 1597/2485/2347 1566/2486/2348 1567/2487/2349
f 1597/2485/2347 1567/2487/2349 1570/2488/2350
f 1570/2488/2350 1567/2487/2349 1568/2489/2351
f 1570/2488/2350 1568/2489/2351 1569/2490/2352
f 1597/2485/2347 1570/2488/2350 1589/2491/2353
f 1589/2491/2353 1570/2488/2350 1571/2492/2354
f 1589/2491/2353 1571/2492/2354 1588/2469/2331
f 1588/2469/2331 1571/2492/2354 1581/2467/2329
f 1571/2492/2354 1572/2465/2327 1581/2467/2329
f 1578/2462/2324 1573/2464/2326 1577/2493/2355
f 1577/2493/2355 1573/2464/2326 1574/2441/2303
f 1577/2493/2355 1574/2441/2303 1576/2443/2305
f 1584/2460/2322 1578/2462/2324 1577/2493/2355
f 1577/2493/2355 1576/2443/2305 1583/2494/2356
f 1583/2494/2356 1576/2443/2305 1582/2445/2307
f 1583/2494/2356 1582/2445/2307 1590/2495/2357
f 1590/2495/2357 1582/2445/2307 1575/2448/2310
f 1590/2495/2357 1575/2448/2310 1598/2454/2316
f 1587/2468/2330 1580/2466/2328 1586/2479/2341
f 1586/2479/2341 1580/2466/2328 1579/2463/2325
f 1591/2458/2320 1584/2460/2322 1583/2494/2356
f 1583/2494/2356 1584/2460/2322 1577/2493/2355
f 1591/2458/2320 1583/2494/2356 1590/2495/2357
f 1593/2478/2340 1585/2461/2323 1592/2459/2321
f 1595/2470/2332 1587/2468/2330 1594/2477/2339
f 1594/2477/2339 1587/2468/2330 1586/2479/2341
f 1597/2485/2347 1589/2491/2353 1596/2471/2333
f 1596/2471/2333 1589/2491/2353 1588/2469/2331
f 1599/2456/2318 1591/2458/2320 1590/2495/2357
f 1599/2456/2318 1590/2495/2357 1598/2454/2316
f 1601/2484/2346 1593/2478/2340 1592/2459/2321
f 1601/2484/2346 1592/2459/2321 1600/2457/2319
f 1604/2472/2334 1595/2470/2332 1603/2475/2337
f 1603/2475/2337 1595/2470/2332 1594/2477/2339
f 1606/2482/2344 1601/2484/2346 1600/2457/2319
f 1605/2480/2342 1606/2482/2344 1600/2457/2319
f 1570/2496/2358 1569/2497/2352 1608/2498/2359
f 1608/2499/2360 1569/2500/2361 1610/2501/2362
f 1610/2501/2362 1569/2500/2361 1568/2502/2363
f 1610/2501/2362 1568/2502/2363 1567/2503/2364
f 1567/2503/2364 1566/2504/2365 1610/2501/2362
f 1610/2501/2362 1566/2504/2365 1565/2505/2366
f 1610/2501/2362 1565/2505/2366 1564/2506/2367
f 1564/2506/2367 1563/2507/2368 1610/2501/2362
f 1610/2501/2362 1563/2507/2368 1609/2508/2369
f 1609/2509/2370 1563/2510/2371 1612/2511/2372
f 1612/2511/2372 1563/2510/2371 1562/2512/2373
f 1612/2511/2372 1562/2512/2373 1561/2513/2374
f 1612/2511/2372 1561/2513/2374 1611/2514/2375
f 1611/2514/2375 1561/2513/2374 1560/2515/2376
f 1611/2514/2375 1560/2515/2376 1555/2516/2377
f 1555/2516/2377 1560/2515/2376 1559/2517/2378
f 1555/2516/2377 1559/2517/2378 1550/2518/2379
f 1496/2519/2380 1570/2520/2381 1497/2521/2382
f 1497/2521/2382 1570/2520/2381 1608/2522/2383
f 1497/2521/2382 1608/2522/2383 1557/2523/2384
f 1496/2519/2380 1571/2524/2385 1570/2520/2381
f 1571/2525/2386 1496/2526/2387 1572/2527/2388
f 1572/2527/2388 1496/2526/2387 1514/2528/2389
f 1572/2527/2388 1514/2528/2389 1573/2529/2390
f 1573/2529/2390 1514/2528/2389 1513/2530/2391
f 1573/2529/2390 1513/2530/2391 1574/2531/2392
f 1574/2531/2392 1513/2530/2391 1512/2532/2393
f 1574/2531/2392 1512/2532/2393 1511/2533/2394
f 1610/2534/2395 1558/2535/2396 1608/2536/2397
f 1608/2536/2397 1558/2535/2396 1557/2537/2398
f 1609/2538/2399 1612/2539/2400 1610/2540/2401
f 1610/2540/2401 1612/2539/2400 1611/2541/2402
f 1610/2540/2401 1611/2541/2402 1555/2542/2403
f 1554/2543/2404 1558/2544/2405 1555/2542/2403
f 1555/2542/2403 1558/2544/2405 1610/2540/2401
f 1614/2545/2406 1635/2546/2407 1613/2547/2408
f 1613/2547/2408 1635/2546/2407 1636/2548/2409
f 1613/2547/2408 1636/2548/2409 1637/2549/2410
f 1637/2549/2410 1636/2548/2409 1654/2550/2411
f 1637/2549/2410 1654/2550/2411 1653/2551/2412
f 1653/2551/2412 1654/2550/2411 1645/2552/2413
f 1653/2551/2412 1645/2552/2413 1646/2553/2414
f 1646/2553/2414 1645/2552/2413 1661/2554/2415
f 1646/2553/2414 1661/2554/2415 1660/2555/2416
f 1660/2555/2416 1661/2554/2415 1621/2556/2417
f 1660/2555/2416 1621/2556/2417 1659/2557/2418
f 1659/2557/2418 1621/2556/2417 1622/2558/2419
f 1659/2557/2418 1622/2558/2419 1658/2559/2420
f 1658/2559/2420 1622/2558/2419 1623/2560/2421
f 1658/2559/2420 1623/2560/2421 1633/2561/2422
f 1633/2561/2422 1623/2560/2421 1624/2562/2423
f 1633/2561/2422 1624/2562/2423 1626/2563/2424
f 1626/2563/2424 1624/2562/2423 1625/2564/2425
f 1615/2565/2426 1616/2566/2427 1614/2545/2406
f 1614/2545/2406 1616/2566/2427 1632/2567/2428
f 1614/2545/2406 1632/2567/2428 1657/2568/2429
f 1657/2568/2429 1632/2567/2428 1642/2569/2430
f 1657/2568/2429 1642/2569/2430 1656/2570/2431
f 1656/2570/2431 1642/2569/2430 1643/2571/2432
f 1656/2570/2431 1643/2571/2432 1655/2572/2433
f 1655/2572/2433 1643/2571/2432 1644/2573/2434
f 1655/2572/2433 1644/2573/2434 1654/2550/2411
f 1654/2550/2411 1644/2573/2434 1645/2552/2413
f 1616/2566/2427 1617/2574/2435 1632/2567/2428
f 1632/2567/2428 1617/2574/2435 1666/2575/2436
f 1632/2567/2428 1666/2575/2436 1665/2576/2437
f 1665/2576/2437 1666/2575/2436 1618/2577/2438
f 1665/2576/2437 1618/2577/2438 1619/2578/2439
f 1617/2574/2435 1618/2577/2438 1666/2575/2436
f 1620/2579/2440 1663/2580/2441 1619/2578/2439
f 1619/2578/2439 1663/2580/2441 1664/2581/2442
f 1619/2578/2439 1664/2581/2442 1665/2576/2437
f 1665/2576/2437 1664/2581/2442 1642/2569/2430
f 1665/2576/2437 1642/2569/2430 1632/2567/2428
f 1621/2556/2417 1661/2554/2415 1620/2579/2440
f 1620/2579/2440 1661/2554/2415 1662/2582/2443
f 1620/2579/2440 1662/2582/2443 1663/2580/2441
f 1663/2580/2441 1662/2582/2443 1644/2573/2434
f 1663/2580/2441 1644/2573/2434 1643/2571/2432
f 1627/2583/2444 1634/2584/2445 1626/2563/2424
f 1626/2563/2424 1634/2584/2445 1649/2585/2446
f 1626/2563/2424 1649/2585/2446 1633/2561/2422
f 1633/2561/2422 1649/2585/2446 1650/2586/2447
f 1633/2561/2422 1650/2586/2447 1648/2587/2448
f 1648/2587/2448 1650/2586/2447 1651/2588/2449
f 1648/2587/2448 1651/2588/2449 1647/2589/2450
f 1647/2589/2450 1651/2588/2449 1652/2590/2451
f 1647/2589/2450 1652/2590/2451 1646/2553/2414
f 1646/2553/2414 1652/2590/2451 1653/2551/2412
f 1627/2583/2444 1628/2591/2452 1634/2584/2445
f 1634/2584/2445 1628/2591/2452 1629/2592/2453
f 1634/2584/2445 1629/2592/2453 1641/2593/2454
f 1641/2593/2454 1629/2592/2453 1640/2594/2455
f 1641/2593/2454 1640/2594/2455 1650/2586/2447
f 1650/2586/2447 1640/2594/2455 1651/2588/2449
f 1629/2592/2453 1630/2595/2456 1640/2594/2455
f 1640/2594/2455 1630/2595/2456 1639/2596/2457
f 1640/2594/2455 1639/2596/2457 1651/2588/2449
f 1651/2588/2449 1639/2596/2457 1652/2590/2451
f 1630/2595/2456 1631/2597/2458 1639/2596/2457
f 1639/2596/2457 1631/2597/2458 1638/2598/2459
f 1639/2596/2457 1638/2598/2459 1652/2590/2451
f 1652/2590/2451 1638/2598/2459 1653/2551/2412
f 1638/2598/2459 1631/2597/2458 1637/2549/2410
f 1637/2549/2410 1631/2597/2458 1613/2547/2408
f 1656/2570/2431 1655/2572/2433 1635/2546/2407
f 1635/2546/2407 1655/2572/2433 1636/2548/2409
f 1653/2551/2412 1638/2598/2459 1637/2549/2410
f 1655/2572/2433 1654/2550/2411 1636/2548/2409
f 1649/2585/2446 1634/2584/2445 1641/2593/2454
f 1649/2585/2446 1641/2593/2454 1650/2586/2447
f 1663/2580/2441 1643/2571/2432 1664/2581/2442
f 1664/2581/2442 1643/2571/2432 1642/2569/2430
f 1661/2554/2415 1645/2552/2413 1662/2582/2443
f 1662/2582/2443 1645/2552/2413 1644/2573/2434
f 1646/2553/2414 1660/2555/2416 1647/2589/2450
f 1647/2589/2450 1660/2555/2416 1659/2557/2418
f 1647/2589/2450 1659/2557/2418 1648/2587/2448
f 1648/2587/2448 1659/2557/2418 1658/2559/2420
f 1648/2587/2448 1658/2559/2420 1633/2561/2422
f 1657/2568/2429 1656/2570/2431 1635/2546/2407
f 1614/2545/2406 1657/2568/2429 1635/2546/2407
f 1627/2599/2460 1626/2600/2461 1670/2601/2462
f 1670/2601/2462 1626/2600/2461 1669/2602/2463
f 1669/2602/2463 1626/2600/2461 1668/2603/2464
f 1668/2603/2464 1626/2600/2461 1625/2604/2465
f 1668/2603/2464 1625/2604/2465 1667/2605/2466
f 1667/2606/2467 1625/2607/2468 1673/2608/2469
f 1673/2608/2469 1625/2607/2468 1624/2609/2470
f 1673/2608/2469 1624/2609/2470 1623/2610/2471
f 1623/2610/2471 1622/2611/2472 1673/2608/2469
f 1673/2608/2469 1622/2611/2472 1621/2612/2473
f 1673/2608/2469 1621/2612/2473 1620/2613/2474
f 1620/2613/2474 1671/2614/2475 1673/2608/2469
f 1673/2608/2469 1671/2614/2475 1672/2615/2476
f 1673/2608/2469 1672/2615/2476 1667/2606/2467
f 1671/2616/2477 1620/2617/2478 1675/2618/2479
f 1675/2618/2479 1620/2617/2478 1619/2619/2480
f 1675/2618/2479 1619/2619/2480 1618/2620/2481
f 1618/2620/2481 1617/2621/2482 1675/2618/2479
f 1675/2618/2479 1617/2621/2482 1616/2622/2483
f 1675/2618/2479 1616/2622/2483 1615/2623/2484
f 1615/2623/2484 1674/2624/2485 1675/2618/2479
f 1615/2625/2426 1614/2626/2486 1674/2627/2487
f 1691/2628/2488 1628/2629/2489 1693/2630/2490
f 1693/2630/2490 1628/2629/2489 1627/2631/2491
f 1693/2630/2490 1627/2631/2491 1699/2632/2492
f 1699/2632/2492 1627/2631/2491 1670/2633/2493
f 1699/2632/2492 1670/2633/2493 1669/2634/2494
f 1699/2632/2492 1669/2634/2494 1692/2635/2495
f 1692/2635/2495 1669/2634/2494 1668/2636/2496
f 1692/2635/2495 1668/2636/2496 1676/2637/2497
f 1676/2637/2497 1668/2636/2496 1667/2638/2498
f 1676/2637/2497 1677/2639/2499 1692/2635/2495
f 1692/2635/2495 1677/2639/2499 1678/2640/2500
f 1692/2635/2495 1678/2640/2500 1715/2641/2501
f 1715/2641/2501 1678/2640/2500 1679/2642/2502
f 1715/2641/2501 1679/2642/2502 1716/2643/2503
f 1716/2643/2503 1679/2642/2502 1717/2644/2504
f 1716/2643/2503 1717/2644/2504 1708/2645/2505
f 1708/2645/2505 1717/2644/2504 1709/2646/2506
f 1708/2645/2505 1709/2646/2506 1701/2647/2507
f 1701/2647/2507 1709/2646/2506 1702/2648/2508
f 1701/2647/2507 1702/2648/2508 1695/2649/2509
f 1695/2649/2509 1702/2648/2508 1696/2650/2510
f 1695/2649/2509 1696/2650/2510 1690/2651/2511
f 1690/2651/2511 1696/2650/2510 1689/2652/2512
f 1689/2652/2512 1696/2650/2510 1697/2653/2513
f 1689/2652/2512 1697/2653/2513 1698/2654/2514
f 1698/2654/2514 1697/2653/2513 1704/2655/2515
f 1698/2654/2514 1704/2655/2515 1705/2656/2516
f 1705/2656/2516 1704/2655/2515 1712/2657/2517
f 1705/2656/2516 1712/2657/2517 1713/2658/2518
f 1713/2658/2518 1712/2657/2517 1721/2659/2519
f 1713/2658/2518 1721/2659/2519 1682/2660/2520
f 1682/2660/2520 1721/2659/2519 1681/2661/2521
f 1681/2661/2521 1721/2659/2519 1720/2662/2522
f 1681/2661/2521 1720/2662/2522 1719/2663/2523
f 1719/2663/2523 1720/2662/2522 1711/2664/2524
f 1719/2663/2523 1711/2664/2524 1710/2665/2525
f 1710/2665/2525 1711/2664/2524 1703/2666/2526
f 1710/2665/2525 1703/2666/2526 1702/2648/2508
f 1702/2648/2508 1703/2666/2526 1696/2650/2510
f 1717/2644/2504 1679/2642/2502 1722/2667/2527
f 1722/2667/2527 1679/2642/2502 1680/2668/2528
f 1722/2667/2527 1680/2668/2528 1723/2669/2529
f 1723/2669/2529 1680/2668/2528 1724/2670/2530
f 1723/2669/2529 1724/2670/2530 1718/2671/2531
f 1718/2671/2531 1724/2670/2530 1719/2663/2523
f 1718/2671/2531 1719/2663/2523 1710/2665/2525
f 1680/2668/2528 1681/2661/2521 1724/2670/2530
f 1724/2670/2530 1681/2661/2521 1719/2663/2523
f 1713/2658/2518 1682/2660/2520 1714/2672/2532
f 1714/2672/2532 1682/2660/2520 1683/2673/2533
f 1714/2672/2532 1683/2673/2533 1684/2674/2534
f 1714/2672/2532 1684/2674/2534 1687/2675/2535
f 1687/2675/2535 1684/2674/2534 1685/2676/2536
f 1687/2675/2535 1685/2676/2536 1686/2677/2537
f 1714/2672/2532 1687/2675/2535 1706/2678/2538
f 1706/2678/2538 1687/2675/2535 1688/2679/2539
f 1706/2678/2538 1688/2679/2539 1705/2656/2516
f 1705/2656/2516 1688/2679/2539 1698/2654/2514
f 1688/2679/2539 1689/2652/2512 1698/2654/2514
f 1695/2649/2509 1690/2651/2511 1694/2680/2540
f 1694/2680/2540 1690/2651/2511 1691/2628/2488
f 1694/2680/2540 1691/2628/2488 1693/2630/2490
f 1701/2647/2507 1695/2649/2509 1694/2680/2540
f 1694/2680/2540 1693/2630/2490 1700/2681/2541
f 1700/2681/2541 1693/2630/2490 1699/2632/2492
f 1700/2681/2541 1699/2632/2492 1707/2682/2542
f 1707/2682/2542 1699/2632/2492 1692/2635/2495
f 1707/2682/2542 1692/2635/2495 1715/2641/2501
f 1704/2655/2515 1697/2653/2513 1703/2666/2526
f 1703/2666/2526 1697/2653/2513 1696/2650/2510
f 1708/2645/2505 1701/2647/2507 1700/2681/2541
f 1700/2681/2541 1701/2647/2507 1694/2680/2540
f 1708/2645/2505 1700/2681/2541 1707/2682/2542
f 1710/2665/2525 1702/2648/2508 1709/2646/2506
f 1712/2657/2517 1704/2655/2515 1711/2664/2524
f 1711/2664/2524 1704/2655/2515 1703/2666/2526
f 1714/2672/2532 1706/2678/2538 1713/2658/2518
f 1713/2658/2518 1706/2678/2538 1705/2656/2516
f 1716/2643/2503 1708/2645/2505 1707/2682/2542
f 1716/2643/2503 1707/2682/2542 1715/2641/2501
f 1718/2671/2531 1710/2665/2525 1709/2646/2506
f 1718/2671/2531 1709/2646/2506 1717/2644/2504
f 1721/2659/2519 1712/2657/2517 1720/2662/2522
f 1720/2662/2522 1712/2657/2517 1711/2664/2524
f 1723/2669/2529 1718/2671/2531 1717/2644/2504
f 1722/2667/2527 1723/2669/2529 1717/2644/2504
f 1687/2683/2543 1686/2684/2537 1725/2685/2544
f 1725/2686/2545 1686/2687/2546 1727/2688/2547
f 1727/2688/2547 1686/2687/2546 1685/2689/2548
f 1727/2688/2547 1685/2689/2548 1684/2690/2549
f 1684/2690/2549 1683/2691/2550 1727/2688/2547
f 1727/2688/2547 1683/2691/2550 1682/2692/2551
f 1727/2688/2547 1682/2692/2551 1681/2693/2552
f 1681/2693/2552 1680/2694/2553 1727/2688/2547
f 1727/2688/2547 1680/2694/2553 1726/2695/2554
f 1726/2696/2555 1680/2697/2556 1729/2698/2557
f 1729/2698/2557 1680/2697/2556 1679/2699/2558
f 1729/2698/2557 1679/2699/2558 1678/2700/2559
f 1729/2698/2557 1678/2700/2559 1728/2701/2560
f 1728/2701/2560 1678/2700/2559 1677/2702/2561
f 1728/2701/2560 1677/2702/2561 1672/2703/2562
f 1672/2703/2562 1677/2702/2561 1676/2704/2563
f 1672/2703/2562 1676/2704/2563 1667/2705/2564
f 1613/2706/2565 1687/2707/2566 1614/2708/2567
f 1614/2708/2567 1687/2707/2566 1725/2709/2568
f 1614/2708/2567 1725/2709/2568 1674/2710/2569
f 1613/2706/2565 1688/2711/2570 1687/2707/2566
f 1688/2712/2571 1613/2713/2572 1689/2714/2573
f 1689/2714/2573 1613/2713/2572 1631/2715/2574
f 1689/2714/2573 1631/2715/2574 1690/2716/2575
f 1690/2716/2575 1631/2715/2574 1630/2717/2576
f 1690/2716/2575 1630/2717/2576 1691/2718/2577
f 1691/2718/2577 1630/2717/2576 1629/2719/2578
f 1691/2718/2577 1629/2719/2578 1628/2720/2579
f 1727/2721/2580 1675/2722/2581 1725/2723/2582
f 1725/2723/2582 1675/2722/2581 1674/2724/2583
f 1726/2725/2584 1729/2726/2585 1727/2727/2586
f 1727/2727/2586 1729/2726/2585 1728/2728/2587
f 1727/2727/2586 1728/2728/2587 1672/2729/2588
f 1671/2730/2589 1675/2731/2590 1672/2729/2588
f 1672/2729/2588 1675/2731/2590 1727/2727/2586
f 1731/2732/2591 1752/2733/2592 1730/2734/2593
f 1730/2734/2593 1752/2733/2592 1753/2735/2594
f 1730/2734/2593 1753/2735/2594 1754/2736/2595
f 1754/2736/2595 1753/2735/2594 1771/2737/2596
f 1754/2736/2595 1771/2737/2596 1770/2738/2597
f 1770/2738/2597 1771/2737/2596 1762/2739/2598
f 1770/2738/2597 1762/2739/2598 1763/2740/2599
f 1763/2740/2599 1762/2739/2598 1778/2741/2600
f 1763/2740/2599 1778/2741/2600 1777/2742/2601
f 1777/2742/2601 1778/2741/2600 1738/2743/2602
f 1777/2742/2601 1738/2743/2602 1776/2744/2603
f 1776/2744/2603 1738/2743/2602 1739/2745/2604
f 1776/2744/2603 1739/2745/2604 1775/2746/2605
f 1775/2746/2605 1739/2745/2604 1740/2747/2606
f 1775/2746/2605 1740/2747/2606 1750/2748/2607
f 1750/2748/2607 1740/2747/2606 1741/2749/2608
f 1750/2748/2607 1741/2749/2608 1743/2750/2609
f 1743/2750/2609 1741/2749/2608 1742/2751/2610
f 1732/2752/2611 1733/2753/2612 1731/2732/2591
f 1731/2732/2591 1733/2753/2612 1749/2754/2613
f 1731/2732/2591 1749/2754/2613 1774/2755/2614
f 1774/2755/2614 1749/2754/2613 1759/2756/2615
f 1774/2755/2614 1759/2756/2615 1773/2757/2616
f 1773/2757/2616 1759/2756/2615 1760/2758/2617
f 1773/2757/2616 1760/2758/2617 1772/2759/2618
f 1772/2759/2618 1760/2758/2617 1761/2760/2619
f 1772/2759/2618 1761/2760/2619 1771/2737/2596
f 1771/2737/2596 1761/2760/2619 1762/2739/2598
f 1733/2753/2612 1734/2761/2620 1749/2754/2613
f 1749/2754/2613 1734/2761/2620 1783/2762/2621
f 1749/2754/2613 1783/2762/2621 1782/2763/2622
f 1782/2763/2622 1783/2762/2621 1735/2764/2623
f 1782/2763/2622 1735/2764/2623 1736/2765/2624
f 1734/2761/2620 1735/2764/2623 1783/2762/2621
f 1737/2766/2625 1780/2767/2626 1736/2765/2624
f 1736/2765/2624 1780/2767/2626 1781/2768/2627
f 1736/2765/2624 1781/2768/2627 1782/2763/2622
f 1782/2763/2622 1781/2768/2627 1759/2756/2615
f 1782/2763/2622 1759/2756/2615 1749/2754/2613
f 1738/2743/2602 1778/2741/2600 1737/2766/2625
f 1737/2766/2625 1778/2741/2600 1779/2769/2628
f 1737/2766/2625 1779/2769/2628 1780/2767/2626
f 1780/2767/2626 1779/2769/2628 1761/2760/2619
f 1780/2767/2626 1761/2760/2619 1760/2758/2617
f 1744/2770/2629 1751/2771/2630 1743/2750/2609
f 1743/2750/2609 1751/2771/2630 1766/2772/2631
f 1743/2750/2609 1766/2772/2631 1750/2748/2607
f 1750/2748/2607 1766/2772/2631 1767/2773/2632
f 1750/2748/2607 1767/2773/2632 1765/2774/2633
f 1765/2774/2633 1767/2773/2632 1768/2775/2634
f 1765/2774/2633 1768/2775/2634 1764/2776/2635
f 1764/2776/2635 1768/2775/2634 1769/2777/2636
f 1764/2776/2635 1769/2777/2636 1763/2740/2599
f 1763/2740/2599 1769/2777/2636 1770/2738/2597
f 1744/2770/2629 1745/2778/2637 1751/2771/2630
f 1751/2771/2630 1745/2778/2637 1746/2779/2638
f 1751/2771/2630 1746/2779/2638 1758/2780/2639
f 1758/2780/2639 1746/2779/2638 1757/2781/2640
f 1758/2780/2639 1757/2781/2640 1767/2773/2632
f 1767/2773/2632 1757/2781/2640 1768/2775/2634
f 1746/2779/2638 1747/2782/2641 1757/2781/2640
f 1757/2781/2640 1747/2782/2641 1756/2783/2642
f 1757/2781/2640 1756/2783/2642 1768/2775/2634
f 1768/2775/2634 1756/2783/2642 1769/2777/2636
f 1747/2782/2641 1748/2784/2643 1756/2783/2642
f 1756/2783/2642 1748/2784/2643 1755/2785/2644
f 1756/2783/2642 1755/2785/2644 1769/2777/2636
f 1769/2777/2636 1755/2785/2644 1770/2738/2597
f 1755/2785/2644 1748/2784/2643 1754/2736/2595
f 1754/2736/2595 1748/2784/2643 1730/2734/2593
f 1773/2757/2616 1772/2759/2618 1752/2733/2592
f 1752/2733/2592 1772/2759/2618 1753/2735/2594
f 1770/2738/2597 1755/2785/2644 1754/2736/2595
f 1772/2759/2618 1771/2737/2596 1753/2735/2594
f 1766/2772/2631 1751/2771/2630 1758/2780/2639
f 1766/2772/2631 1758/2780/2639 1767/2773/2632
f 1780/2767/2626 1760/2758/2617 1781/2768/2627
f 1781/2768/2627 1760/2758/2617 1759/2756/2615
f 1778/2741/2600 1762/2739/2598 1779/2769/2628
f 1779/2769/2628 1762/2739/2598 1761/2760/2619
f 1763/2740/2599 1777/2742/2601 1764/2776/2635
f 1764/2776/2635 1777/2742/2601 1776/2744/2603
f 1764/2776/2635 1776/2744/2603 1765/2774/2633
f 1765/2774/2633 1776/2744/2603 1775/2746/2605
f 1765/2774/2633 1775/2746/2605 1750/2748/2607
f 1774/2755/2614 1773/2757/2616 1752/2733/2592
f 1731/2732/2591 1774/2755/2614 1752/2733/2592
f 1744/2786/2645 1743/2787/2646 1787/2788/2647
f 1787/2788/2647 1743/2787/2646 1786/2789/2648
f 1786/2789/2648 1743/2787/2646 1785/2790/2649
f 1785/2790/2649 1743/2787/2646 1742/2791/2650
f 1785/2790/2649 1742/2791/2650 1784/2792/2651
f 1784/2793/2652 1742/2794/2653 1790/2795/2654
f 1790/2795/2654 1742/2794/2653 1741/2796/2655
f 1790/2795/2654 1741/2796/2655 1740/2797/2656
f 1740/2797/2656 1739/2798/2657 1790/2795/2654
f 1790/2795/2654 1739/2798/2657 1738/2799/2658
f 1790/2795/2654 1738/2799/2658 1737/2800/2659
f 1737/2800/2659 1788/2801/2660 1790/2795/2654
f 1790/2795/2654 1788/2801/2660 1789/2802/2661
f 1790/2795/2654 1789/2802/2661 1784/2793/2652
f 1788/2803/2662 1737/2804/2663 1792/2805/2664
f 1792/2805/2664 1737/2804/2663 1736/2806/2665
f 1792/2805/2664 1736/2806/2665 1735/2807/2666
f 1735/2807/2666 1734/2808/2667 1792/2805/2664
f 1792/2805/2664 1734/2808/2667 1733/2809/2668
f 1792/2805/2664 1733/2809/2668 1732/2810/2669
f 1732/2810/2669 1791/2811/2670 1792/2805/2664
f 1732/2812/2611 1731/2813/2671 1791/2814/2672
f 1808/2815/2673 1745/2816/2674 1810/2817/2675
f 1810/2817/2675 1745/2816/2674 1744/2818/2676
f 1810/2817/2675 1744/2818/2676 1816/2819/2677
f 1816/2819/2677 1744/2818/2676 1787/2820/2678
f 1816/2819/2677 1787/2820/2678 1786/2821/2679
f 1816/2819/2677 1786/2821/2679 1809/2822/2680
f 1809/2822/2680 1786/2821/2679 1785/2823/2681
f 1809/2822/2680 1785/2823/2681 1793/2824/2682
f 1793/2824/2682 1785/2823/2681 1784/2825/2683
f 1793/2824/2682 1794/2826/2684 1809/2822/2680
f 1809/2822/2680 1794/2826/2684 1795/2827/2685
f 1809/2822/2680 1795/2827/2685 1832/2828/2686
f 1832/2828/2686 1795/2827/2685 1796/2829/2687
f 1832/2828/2686 1796/2829/2687 1833/2830/2688
f 1833/2830/2688 1796/2829/2687 1834/2831/2689
f 1833/2830/2688 1834/2831/2689 1825/2832/2690
f 1825/2832/2690 1834/2831/2689 1826/2833/2691
f 1825/2832/2690 1826/2833/2691 1818/2834/2692
f 1818/2834/2692 1826/2833/2691 1819/2835/2693
f 1818/2834/2692 1819/2835/2693 1812/2836/2694
f 1812/2836/2694 1819/2835/2693 1813/2837/2695
f 1812/2836/2694 1813/2837/2695 1807/2838/2696
f 1807/2838/2696 1813/2837/2695 1806/2839/2697
f 1806/2839/2697 1813/2837/2695 1814/2840/2698
f 1806/2839/2697 1814/2840/2698 1815/2841/2699
f 1815/2841/2699 1814/2840/2698 1821/2842/2700
f 1815/2841/2699 1821/2842/2700 1822/2843/2701
f 1822/2843/2701 1821/2842/2700 1829/2844/2702
f 1822/2843/2701 1829/2844/2702 1830/2845/2703
f 1830/2845/2703 1829/2844/2702 1838/2846/2704
f 1830/2845/2703 1838/2846/2704 1799/2847/2705
f 1799/2847/2705 1838/2846/2704 1798/2848/2706
f 1798/2848/2706 1838/2846/2704 1837/2849/2707
f 1798/2848/2706 1837/2849/2707 1836/2850/2708
f 1836/2850/2708 1837/2849/2707 1828/2851/2709
f 1836/2850/2708 1828/2851/2709 1827/2852/2710
f 1827/2852/2710 1828/2851/2709 1820/2853/2711
f 1827/2852/2710 1820/2853/2711 1819/2835/2693
f 1819/2835/2693 1820/2853/2711 1813/2837/2695
f 1834/2831/2689 1796/2829/2687 1839/2854/2712
f 1839/2854/2712 1796/2829/2687 1797/2855/2713
f 1839/2854/2712 1797/2855/2713 1840/2856/2714
f 1840/2856/2714 1797/2855/2713 1841/2857/2715
f 1840/2856/2714 1841/2857/2715 1835/2858/2716
f 1835/2858/2716 1841/2857/2715 1836/2850/2708
f 1835/2858/2716 1836/2850/2708 1827/2852/2710
f 1797/2855/2713 1798/2848/2706 1841/2857/2715
f 1841/2857/2715 1798/2848/2706 1836/2850/2708
f 1830/2845/2703 1799/2847/2705 1831/2859/2717
f 1831/2859/2717 1799/2847/2705 1800/2860/2718
f 1831/2859/2717 1800/2860/2718 1801/2861/2719
f 1831/2859/2717 1801/2861/2719 1804/2862/2720
f 1804/2862/2720 1801/2861/2719 1802/2863/2721
f 1804/2862/2720 1802/2863/2721 1803/2864/2722
f 1831/2859/2717 1804/2862/2720 1823/2865/2723
f 1823/2865/2723 1804/2862/2720 1805/2866/2724
f 1823/2865/2723 1805/2866/2724 1822/2843/2701
f 1822/2843/2701 1805/2866/2724 1815/2841/2699
f 1805/2866/2724 1806/2839/2697 1815/2841/2699
f 1812/2836/2694 1807/2838/2696 1811/2867/2725
f 1811/2867/2725 1807/2838/2696 1808/2815/2673
f 1811/2867/2725 1808/2815/2673 1810/2817/2675
f 1818/2834/2692 1812/2836/2694 1811/2867/2725
f 1811/2867/2725 1810/2817/2675 1817/2868/2726
f 1817/2868/2726 1810/2817/2675 1816/2819/2677
f 1817/2868/2726 1816/2819/2677 1824/2869/2727
f 1824/2869/2727 1816/2819/2677 1809/2822/2680
f 1824/2869/2727 1809/2822/2680 1832/2828/2686
f 1821/2842/2700 1814/2840/2698 1820/2853/2711
f 1820/2853/2711 1814/2840/2698 1813/2837/2695
f 1825/2832/2690 1818/2834/2692 1817/2868/2726
f 1817/2868/2726 1818/2834/2692 1811/2867/2725
f 1825/2832/2690 1817/2868/2726 1824/2869/2727
f 1827/2852/2710 1819/2835/2693 1826/2833/2691
f 1829/2844/2702 1821/2842/2700 1828/2851/2709
f 1828/2851/2709 1821/2842/2700 1820/2853/2711
f 1831/2859/2717 1823/2865/2723 1830/2845/2703
f 1830/2845/2703 1823/2865/2723 1822/2843/2701
f 1833/2830/2688 1825/2832/2690 1824/2869/2727
f 1833/2830/2688 1824/2869/2727 1832/2828/2686
f 1835/2858/2716 1827/2852/2710 1826/2833/2691
f 1835/2858/2716 1826/2833/2691 1834/2831/2689
f 1838/2846/2704 1829/2844/2702 1837/2849/2707
f 1837/2849/2707 1829/2844/2702 1828/2851/2709
f 1840/2856/2714 1835/2858/2716 1834/2831/2689
f 1839/2854/2712 1840/2856/2714 1834/2831/2689
f 1804/2870/2728 1803/2871/2722 1842/2872/2729
f 1842/2873/2730 1803/2874/2731 1844/2875/2732
f 1844/2875/2732 1803/2874/2731 1802/2876/2733
f 1844/2875/2732 1802/2876/2733 1801/2877/2734
f 1801/2877/2734 1800/2878/2735 1844/2875/2732
f 1844/2875/2732 1800/2878/2735 1799/2879/2736
f 1844/2875/2732 1799/2879/2736 1798/2880/2737
f 1798/2880/2737 1797/2881/2738 1844/2875/2732
f 1844/2875/2732 1797/2881/2738 1843/2882/2739
f 1843/2883/2740 1797/2884/2741 1846/2885/2742
f 1846/2885/2742 1797/2884/2741 1796/2886/2743
f 1846/2885/2742 1796/2886/2743 1795/2887/2744
f 1846/2885/2742 1795/2887/2744 1845/2888/2745
f 1845/2888/2745 1795/2887/2744 1794/2889/2746
f 1845/2888/2745 1794/2889/2746 1789/2890/2747
f 1789/2890/2747 1794/2889/2746 1793/2891/2748
f 1789/2890/2747 1793/2891/2748 1784/2892/2749
f 1730/2893/2750 1804/2894/2751 1731/2895/2752
f 1731/2895/2752 1804/2894/2751 1842/2896/2753
f 1731/2895/2752 1842/2896/2753 1791/2897/2754
f 1730/2893/2750 1805/2898/2755 1804/2894/2751
f 1805/2899/2756 1730/2900/2757 1806/2901/2758
f 1806/2901/2758 1730/2900/2757 1748/2902/2759
f 1806/2901/2758 1748/2902/2759 1807/2903/2760
f 1807/2903/2760 1748/2902/2759 1747/2904/2761
f 1807/2903/2760 1747/2904/2761 1808/2905/2762
f 1808/2905/2762 1747/2904/2761 1746/2906/2763
f 1808/2905/2762 1746/2906/2763 1745/2907/2764
f 1844/2908/2765 1792/2909/2766 1842/2910/2767
f 1842/2910/2767 1792/2909/2766 1791/2911/2768
f 1843/2912/2769 1846/2913/2770 1844/2914/2771
f 1844/2914/2771 1846/2913/2770 1845/2915/2772
f 1844/2914/2771 1845/2915/2772 1789/2916/2773
f 1788/2917/2774 1792/2918/2775 1789/2916/2773
f 1789/2916/2773 1792/2918/2775 1844/2914/2771
f 1848/2919/2776 1869/2920/2777 1847/2921/2778
f 1847/2921/2778 1869/2920/2777 1870/2922/2779
f 1847/2921/2778 1870/2922/2779 1871/2923/2780
f 1871/2923/2780 1870/2922/2779 1888/2924/2781
f 1871/2923/2780 1888/2924/2781 1887/2925/2782
f 1887/2925/2782 1888/2924/2781 1879/2926/2783
f 1887/2925/2782 1879/2926/2783 1880/2927/2784
f 1880/2927/2784 1879/2926/2783 1895/2928/2785
f 1880/2927/2784 1895/2928/2785 1894/2929/2786
f 1894/2929/2786 1895/2928/2785 1855/2930/2787
f 1894/2929/2786 1855/2930/2787 1893/2931/2788
f 1893/2931/2788 1855/2930/2787 1856/2932/2789
f 1893/2931/2788 1856/2932/2789 1892/2933/2790
f 1892/2933/2790 1856/2932/2789 1857/2934/2791
f 1892/2933/2790 1857/2934/2791 1867/2935/2792
f 1867/2935/2792 1857/2934/2791 1858/2936/2793
f 1867/2935/2792 1858/2936/2793 1860/2937/2794
f 1860/2937/2794 1858/2936/2793 1859/2938/2795
f 1849/2939/2796 1850/2940/2797 1848/2919/2776
f 1848/2919/2776 1850/2940/2797 1866/2941/2798
f 1848/2919/2776 1866/2941/2798 1891/2942/2799
f 1891/2942/2799 1866/2941/2798 1876/2943/2800
f 1891/2942/2799 1876/2943/2800 1890/2944/2801
f 1890/2944/2801 1876/2943/2800 1877/2945/2802
f 1890/2944/2801 1877/2945/2802 1889/2946/2803
f 1889/2946/2803 1877/2945/2802 1878/2947/2804
f 1889/2946/2803 1878/2947/2804 1888/2924/2781
f 1888/2924/2781 1878/2947/2804 1879/2926/2783
f 1850/2940/2797 1851/2948/2805 1866/2941/2798
f 1866/2941/2798 1851/2948/2805 1900/2949/2806
f 1866/2941/2798 1900/2949/2806 1899/2950/2807
f 1899/2950/2807 1900/2949/2806 1852/2951/2808
f 1899/2950/2807 1852/2951/2808 1853/2952/2809
f 1851/2948/2805 1852/2951/2808 1900/2949/2806
f 1854/2953/2810 1897/2954/2811 1853/2952/2809
f 1853/2952/2809 1897/2954/2811 1898/2955/2812
f 1853/2952/2809 1898/2955/2812 1899/2950/2807
f 1899/2950/2807 1898/2955/2812 1876/2943/2800
f 1899/2950/2807 1876/2943/2800 1866/2941/2798
f 1855/2930/2787 1895/2928/2785 1854/2953/2810
f 1854/2953/2810 1895/2928/2785 1896/2956/2813
f 1854/2953/2810 1896/2956/2813 1897/2954/2811
f 1897/2954/2811 1896/2956/2813 1878/2947/2804
f 1897/2954/2811 1878/2947/2804 1877/2945/2802
f 1861/2957/2814 1868/2958/2815 1860/2937/2794
f 1860/2937/2794 1868/2958/2815 1883/2959/2816
f 1860/2937/2794 1883/2959/2816 1867/2935/2792
f 1867/2935/2792 1883/2959/2816 1884/2960/2817
f 1867/2935/2792 1884/2960/2817 1882/2961/2818
f 1882/2961/2818 1884/2960/2817 1885/2962/2819
f 1882/2961/2818 1885/2962/2819 1881/2963/2820
f 1881/2963/2820 1885/2962/2819 1886/2964/2821
f 1881/2963/2820 1886/2964/2821 1880/2927/2784
f 1880/2927/2784 1886/2964/2821 1887/2925/2782
f 1861/2957/2814 1862/2965/2822 1868/2958/2815
f 1868/2958/2815 1862/2965/2822 1863/2966/2823
f 1868/2958/2815 1863/2966/2823 1875/2967/2824
f 1875/2967/2824 1863/2966/2823 1874/2968/2825
f 1875/2967/2824 1874/2968/2825 1884/2960/2817
f 1884/2960/2817 1874/2968/2825 1885/2962/2819
f 1863/2966/2823 1864/2969/2826 1874/2968/2825
f 1874/2968/2825 1864/2969/2826 1873/2970/2827
f 1874/2968/2825 1873/2970/2827 1885/2962/2819
f 1885/2962/2819 1873/2970/2827 1886/2964/2821
f 1864/2969/2826 1865/2971/2828 1873/2970/2827
f 1873/2970/2827 1865/2971/2828 1872/2972/2829
f 1873/2970/2827 1872/2972/2829 1886/2964/2821
f 1886/2964/2821 1872/2972/2829 1887/2925/2782
f 1872/2972/2829 1865/2971/2828 1871/2923/2780
f 1871/2923/2780 1865/2971/2828 1847/2921/2778
f 1890/2944/2801 1889/2946/2803 1869/2920/2777
f 1869/2920/2777 1889/2946/2803 1870/2922/2779
f 1887/2925/2782 1872/2972/2829 1871/2923/2780
f 1889/2946/2803 1888/2924/2781 1870/2922/2779
f 1883/2959/2816 1868/2958/2815 1875/2967/2824
f 1883/2959/2816 1875/2967/2824 1884/2960/2817
f 1897/2954/2811 1877/2945/2802 1898/2955/2812
f 1898/2955/2812 1877/2945/2802 1876/2943/2800
f 1895/2928/2785 1879/2926/2783 1896/2956/2813
f 1896/2956/2813 1879/2926/2783 1878/2947/2804
f 1880/2927/2784 1894/2929/2786 1881/2963/2820
f 1881/2963/2820 1894/2929/2786 1893/2931/2788
f 1881/2963/2820 1893/2931/2788 1882/2961/2818
f 1882/2961/2818 1893/2931/2788 1892/2933/2790
f 1882/2961/2818 1892/2933/2790 1867/2935/2792
f 1891/2942/2799 1890/2944/2801 1869/2920/2777
f 1848/2919/2776 1891/2942/2799 1869/2920/2777
f 1861/2973/2830 1860/2974/2831 1904/2975/2832
f 1904/2975/2832 1860/2974/2831 1903/2976/2833
f 1903/2976/2833 1860/2974/2831 1902/2977/2834
f 1902/2977/2834 1860/2974/2831 1859/2978/2835
f 1902/2977/2834 1859/2978/2835 1901/2979/2836
f 1901/2980/2837 1859/2981/2838 1907/2982/2839
f 1907/2982/2839 1859/2981/2838 1858/2983/2840
f 1907/2982/2839 1858/2983/2840 1857/2984/2841
f 1857/2984/2841 1856/2985/2842 1907/2982/2839
f 1907/2982/2839 1856/2985/2842 1855/2986/2843
f 1907/2982/2839 1855/2986/2843 1854/2987/2844
f 1854/2987/2844 1905/2988/2845 1907/2982/2839
f 1907/2982/2839 1905/2988/2845 1906/2989/2846
f 1907/2982/2839 1906/2989/2846 1901/2980/2837
f 1905/2990/2847 1854/2991/2848 1909/2992/2849
f 1909/2992/2849 1854/2991/2848 1853/2993/2850
f 1909/2992/2849 1853/2993/2850 1852/2994/2851
f 1852/2994/2851 1851/2995/2852 1909/2992/2849
f 1909/2992/2849 1851/2995/2852 1850/2996/2853
f 1909/2992/2849 1850/2996/2853 1849/2997/2854
f 1849/2997/2854 1908/2998/2855 1909/2992/2849
f 1849/2999/2796 1848/3000/2856 1908/3001/2857
f 1925/3002/2858 1862/3003/2859 1927/3004/2860
f 1927/3004/2860 1862/3003/2859 1861/3005/2861
f 1927/3004/2860 1861/3005/2861 1933/3006/2862
f 1933/3006/2862 1861/3005/2861 1904/3007/2863
f 1933/3006/2862 1904/3007/2863 1903/3008/2864
f 1933/3006/2862 1903/3008/2864 1926/3009/2865
f 1926/3009/2865 1903/3008/2864 1902/3010/2866
f 1926/3009/2865 1902/3010/2866 1910/3011/2867
f 1910/3011/2867 1902/3010/2866 1901/3012/2868
f 1910/3011/2867 1911/3013/2869 1926/3009/2865
f 1926/3009/2865 1911/3013/2869 1912/3014/2870
f 1926/3009/2865 1912/3014/2870 1949/3015/2871
f 1949/3015/2871 1912/3014/2870 1913/3016/2872
f 1949/3015/2871 1913/3016/2872 1950/3017/2873
f 1950/3017/2873 1913/3016/2872 1951/3018/2874
f 1950/3017/2873 1951/3018/2874 1942/3019/2875
f 1942/3019/2875 1951/3018/2874 1943/3020/2876
f 1942/3019/2875 1943/3020/2876 1935/3021/2877
f 1935/3021/2877 1943/3020/2876 1936/3022/2878
f 1935/3021/2877 1936/3022/2878 1929/3023/2879
f 1929/3023/2879 1936/3022/2878 1930/3024/2880
f 1929/3023/2879 1930/3024/2880 1924/3025/2881
f 1924/3025/2881 1930/3024/2880 1923/3026/2882
f 1923/3026/2882 1930/3024/2880 1931/3027/2883
f 1923/3026/2882 1931/3027/2883 1932/3028/2884
f 1932/3028/2884 1931/3027/2883 1938/3029/2885
f 1932/3028/2884 1938/3029/2885 1939/3030/2886
f 1939/3030/2886 1938/3029/2885 1946/3031/2887
f 1939/3030/2886 1946/3031/2887 1947/3032/2888
f 1947/3032/2888 1946/3031/2887 1955/3033/2889
f 1947/3032/2888 1955/3033/2889 1916/3034/2890
f 1916/3034/2890 1955/3033/2889 1915/3035/2891
f 1915/3035/2891 1955/3033/2889 1954/3036/2892
f 1915/3035/2891 1954/3036/2892 1953/3037/2893
f 1953/3037/2893 1954/3036/2892 1945/3038/2894
f 1953/3037/2893 1945/3038/2894 1944/3039/2895
f 1944/3039/2895 1945/3038/2894 1937/3040/2896
f 1944/3039/2895 1937/3040/2896 1936/3022/2878
f 1936/3022/2878 1937/3040/2896 1930/3024/2880
f 1951/3018/2874 1913/3016/2872 1956/3041/2897
f 1956/3041/2897 1913/3016/2872 1914/3042/2898
f 1956/3041/2897 1914/3042/2898 1957/3043/2899
f 1957/3043/2899 1914/3042/2898 1958/3044/2900
f 1957/3043/2899 1958/3044/2900 1952/3045/2901
f 1952/3045/2901 1958/3044/2900 1953/3037/2893
f 1952/3045/2901 1953/3037/2893 1944/3039/2895
f 1914/3042/2898 1915/3035/2891 1958/3044/2900
f 1958/3044/2900 1915/3035/2891 1953/3037/2893
f 1947/3032/2888 1916/3034/2890 1948/3046/2902
f 1948/3046/2902 1916/3034/2890 1917/3047/2903
f 1948/3046/2902 1917/3047/2903 1918/3048/2904
f 1948/3046/2902 1918/3048/2904 1921/3049/2905
f 1921/3049/2905 1918/3048/2904 1919/3050/2906
f 1921/3049/2905 1919/3050/2906 1920/3051/2907
f 1948/3046/2902 1921/3049/2905 1940/3052/2908
f 1940/3052/2908 1921/3049/2905 1922/3053/2909
f 1940/3052/2908 1922/3053/2909 1939/3030/2886
f 1939/3030/2886 1922/3053/2909 1932/3028/2884
f 1922/3053/2909 1923/3026/2882 1932/3028/2884
f 1929/3023/2879 1924/3025/2881 1928/3054/2910
f 1928/3054/2910 1924/3025/2881 1925/3002/2858
f 1928/3054/2910 1925/3002/2858 1927/3004/2860
f 1935/3021/2877 1929/3023/2879 1928/3054/2910
f 1928/3054/2910 1927/3004/2860 1934/3055/2911
f 1934/3055/2911 1927/3004/2860 1933/3006/2862
f 1934/3055/2911 1933/3006/2862 1941/3056/2912
f 1941/3056/2912 1933/3006/2862 1926/3009/2865
f 1941/3056/2912 1926/3009/2865 1949/3015/2871
f 1938/3029/2885 1931/3027/2883 1937/3040/2896
f 1937/3040/2896 1931/3027/2883 1930/3024/2880
f 1942/3019/2875 1935/3021/2877 1934/3055/2911
f 1934/3055/2911 1935/3021/2877 1928/3054/2910
f 1942/3019/2875 1934/3055/2911 1941/3056/2912
f 1944/3039/2895 1936/3022/2878 1943/3020/2876
f 1946/3031/2887 1938/3029/2885 1945/3038/2894
f 1945/3038/2894 1938/3029/2885 1937/3040/2896
f 1948/3046/2902 1940/3052/2908 1947/3032/2888
f 1947/3032/2888 1940/3052/2908 1939/3030/2886
f 1950/3017/2873 1942/3019/2875 1941/3056/2912
f 1950/3017/2873 1941/3056/2912 1949/3015/2871
f 1952/3045/2901 1944/3039/2895 1943/3020/2876
f 1952/3045/2901 1943/3020/2876 1951/3018/2874
f 1955/3033/2889 1946/3031/2887 1954/3036/2892
f 1954/3036/2892 1946/3031/2887 1945/3038/2894
f 1957/3043/2899 1952/3045/2901 1951/3018/2874
f 1956/3041/2897 1957/3043/2899 1951/3018/2874
f 1921/3057/2913 1920/3058/2907 1959/3059/2914
f 1959/3060/2915 1920/3061/2916 1961/3062/2917
f 1961/3062/2917 1920/3061/2916 1919/3063/2918
f 1961/3062/2917 1919/3063/2918 1918/3064/2919
f 1918/3064/2919 1917/3065/2920 1961/3062/2917
f 1961/3062/2917 1917/3065/2920 1916/3066/2921
f 1961/3062/2917 1916/3066/2921 1915/3067/2922
f 1915/3067/2922 1914/3068/2923 1961/3062/2917
f 1961/3062/2917 1914/3068/2923 1960/3069/2924
f 1960/3070/2925 1914/3071/2926 1963/3072/2927
f 1963/3072/2927 1914/3071/2926 1913/3073/2928
f 1963/3072/2927 1913/3073/2928 1912/3074/2929
f 1963/3072/2927 1912/3074/2929 1962/3075/2930
f 1962/3075/2930 1912/3074/2929 1911/3076/2931
f 1962/3075/2930 1911/3076/2931 1906/3077/2932
f 1906/3077/2932 1911/3076/2931 1910/3078/2933
f 1906/3077/2932 1910/3078/2933 1901/3079/2934
f 1847/3080/2935 1921/3081/2936 1848/3082/2937
f 1848/3082/2937 1921/3081/2936 1959/3083/2938
f 1848/3082/2937 1959/3083/2938 1908/3084/2939
f 1847/3080/2935 1922/3085/2940 1921/3081/2936
f 1922/3086/2941 1847/3087/2942 1923/3088/2943
f 1923/3088/2943 1847/3087/2942 1865/3089/2944
f 1923/3088/2943 1865/3089/2944 1924/3090/2945
f 1924/3090/2945 1865/3089/2944 1864/3091/2946
f 1924/3090/2945 1864/3091/2946 1925/3092/2947
f 1925/3092/2947 1864/3091/2946 1863/3093/2948
f 1925/3092/2947 1863/3093/2948 1862/3094/2949
f 1961/3095/2950 1909/3096/2951 1959/3097/2952
f 1959/3097/2952 1909/3096/2951 1908/3098/2953
f 1960/3099/2954 1963/3100/2955 1961/3101/2956
f 1961/3101/2956 1963/3100/2955 1962/3102/2957
f 1961/3101/2956 1962/3102/2957 1906/3103/2958
f 1905/3104/2959 1909/3105/2960 1906/3103/2958
f 1906/3103/2958 1909/3105/2960 1961/3101/2956
f 1965/3106/2961 1986/3107/2962 1964/3108/2963
f 1964/3108/2963 1986/3107/2962 1987/3109/2964
f 1964/3108/2963 1987/3109/2964 1988/3110/2965
f 1988/3110/2965 1987/3109/2964 2005/3111/2966
f 1988/3110/2965 2005/3111/2966 2004/3112/2967
f 2004/3112/2967 2005/3111/2966 1996/3113/2968
f 2004/3112/2967 1996/3113/2968 1997/3114/2969
f 1997/3114/2969 1996/3113/2968 2012/3115/2970
f 1997/3114/2969 2012/3115/2970 2011/3116/2971
f 2011/3116/2971 2012/3115/2970 1972/3117/2972
f 2011/3116/2971 1972/3117/2972 2010/3118/2973
f 2010/3118/2973 1972/3117/2972 1973/3119/2974
f 2010/3118/2973 1973/3119/2974 2009/3120/2975
f 2009/3120/2975 1973/3119/2974 1974/3121/2976
f 2009/3120/2975 1974/3121/2976 1984/3122/2977
f 1984/3122/2977 1974/3121/2976 1975/3123/2978
f 1984/3122/2977 1975/3123/2978 1977/3124/2979
f 1977/3124/2979 1975/3123/2978 1976/3125/2980
f 1966/3126/2981 1967/3127/2982 1965/3106/2961
f 1965/3106/2961 1967/3127/2982 1983/3128/2983
f 1965/3106/2961 1983/3128/2983 2008/3129/2984
f 2008/3129/2984 1983/3128/2983 1993/3130/2985
f 2008/3129/2984 1993/3130/2985 2007/3131/2986
f 2007/3131/2986 1993/3130/2985 1994/3132/2987
f 2007/3131/2986 1994/3132/2987 2006/3133/2988
f 2006/3133/2988 1994/3132/2987 1995/3134/2989
f 2006/3133/2988 1995/3134/2989 2005/3111/2966
f 2005/3111/2966 1995/3134/2989 1996/3113/2968
f 1967/3127/2982 1968/3135/2990 1983/3128/2983
f 1983/3128/2983 1968/3135/2990 2017/3136/2991
f 1983/3128/2983 2017/3136/2991 2016/3137/2992
f 2016/3137/2992 2017/3136/2991 1969/3138/2993
f 2016/3137/2992 1969/3138/2993 1970/3139/2994
f 1968/3135/2990 1969/3138/2993 2017/3136/2991
f 1971/3140/2995 2014/3141/2996 1970/3139/2994
f 1970/3139/2994 2014/3141/2996 2015/3142/2997
f 1970/3139/2994 2015/3142/2997 2016/3137/2992
f 2016/3137/2992 2015/3142/2997 1993/3130/2985
f 2016/3137/2992 1993/3130/2985 1983/3128/2983
f 1972/3117/2972 2012/3115/2970 1971/3140/2995
f 1971/3140/2995 2012/3115/2970 2013/3143/2998
f 1971/3140/2995 2013/3143/2998 2014/3141/2996
f 2014/3141/2996 2013/3143/2998 1995/3134/2989
f 2014/3141/2996 1995/3134/2989 1994/3132/2987
f 1978/3144/2999 1985/3145/3000 1977/3124/2979
f 1977/3124/2979 1985/3145/3000 2000/3146/3001
f 1977/3124/2979 2000/3146/3001 1984/3122/2977
f 1984/3122/2977 2000/3146/3001 2001/3147/3002
f 1984/3122/2977 2001/3147/3002 1999/3148/3003
f 1999/3148/3003 2001/3147/3002 2002/3149/3004
f 1999/3148/3003 2002/3149/3004 1998/3150/3005
f 1998/3150/3005 2002/3149/3004 2003/3151/3006
f 1998/3150/3005 2003/3151/3006 1997/3114/2969
f 1997/3114/2969 2003/3151/3006 2004/3112/2967
f 1978/3144/2999 1979/3152/3007 1985/3145/3000
f 1985/3145/3000 1979/3152/3007 1980/3153/3008
f 1985/3145/3000 1980/3153/3008 1992/3154/3009
f 1992/3154/3009 1980/3153/3008 1991/3155/3010
f 1992/3154/3009 1991/3155/3010 2001/3147/3002
f 2001/3147/3002 1991/3155/3010 2002/3149/3004
f 1980/3153/3008 1981/3156/3011 1991/3155/3010
f 1991/3155/3010 1981/3156/3011 1990/3157/3012
f 1991/3155/3010 1990/3157/3012 2002/3149/3004
f 2002/3149/3004 1990/3157/3012 2003/3151/3006
f 1981/3156/3011 1982/3158/3013 1990/3157/3012
f 1990/3157/3012 1982/3158/3013 1989/3159/3014
f 1990/3157/3012 1989/3159/3014 2003/3151/3006
f 2003/3151/3006 1989/3159/3014 2004/3112/2967
f 1989/3159/3014 1982/3158/3013 1988/3110/2965
f 1988/3110/2965 1982/3158/3013 1964/3108/2963
f 2007/3131/2986 2006/3133/2988 1986/3107/2962
f 1986/3107/2962 2006/3133/2988 1987/3109/2964
f 2004/3112/2967 1989/3159/3014 1988/3110/2965
f 2006/3133/2988 2005/3111/2966 1987/3109/2964
f 2000/3146/3001 1985/3145/3000 1992/3154/3009
f 2000/3146/3001 1992/3154/3009 2001/3147/3002
f 2014/3141/2996 1994/3132/2987 2015/3142/2997
f 2015/3142/2997 1994/3132/2987 1993/3130/2985
f 2012/3115/2970 1996/3113/2968 2013/3143/2998
f 2013/3143/2998 1996/3113/2968 1995/3134/2989
f 1997/3114/2969 2011/3116/2971 1998/3150/3005
f 1998/3150/3005 2011/3116/2971 2010/3118/2973
f 1998/3150/3005 2010/3118/2973 1999/3148/3003
f 1999/3148/3003 2010/3118/2973 2009/3120/2975
f 1999/3148/3003 2009/3120/2975 1984/3122/2977
f 2008/3129/2984 2007/3131/2986 1986/3107/2962
f 1965/3106/2961 2008/3129/2984 1986/3107/2962
f 1978/3160/3015 1977/3161/3016 2021/3162/3017
f 2021/3162/3017 1977/3161/3016 2020/3163/3018
f 2020/3163/3018 1977/3161/3016 2019/3164/3019
f 2019/3164/3019 1977/3161/3016 1976/3165/3020
f 2019/3164/3019 1976/3165/3020 2018/3166/3021
f 2018/3167/3022 1976/3168/3023 2024/3169/3024
f 2024/3169/3024 1976/3168/3023 1975/3170/3025
f 2024/3169/3024 1975/3170/3025 1974/3171/3026
f 1974/3171/3026 1973/3172/3027 2024/3169/3024
f 2024/3169/3024 1973/3172/3027 1972/3173/3028
f 2024/3169/3024 1972/3173/3028 1971/3174/3029
f 1971/3174/3029 2022/3175/3030 2024/3169/3024
f 2024/3169/3024 2022/3175/3030 2023/3176/3031
f 2024/3169/3024 2023/3176/3031 2018/3167/3022
f 2022/3177/3032 1971/3178/3033 2026/3179/3034
f 2026/3179/3034 1971/3178/3033 1970/3180/3035
f 2026/3179/3034 1970/3180/3035 1969/3181/3036
f 1969/3181/3036 1968/3182/3037 2026/3179/3034
f 2026/3179/3034 1968/3182/3037 1967/3183/3038
f 2026/3179/3034 1967/3183/3038 1966/3184/3039
f 1966/3184/3039 2025/3185/3040 2026/3179/3034
f 1966/3186/2981 1965/3187/3041 2025/3188/3042
f 2042/3189/3043 1979/3190/3044 2044/3191/3045
f 2044/3191/3045 1979/3190/3044 1978/3192/3046
f 2044/3191/3045 1978/3192/3046 2050/3193/3047
f 2050/3193/3047 1978/3192/3046 2021/3194/3048
f 2050/3193/3047 2021/3194/3048 2020/3195/3049
f 2050/3193/3047 2020/3195/3049 2043/3196/3050
f 2043/3196/3050 2020/3195/3049 2019/3197/3051
f 2043/3196/3050 2019/3197/3051 2027/3198/3052
f 2027/3198/3052 2019/3197/3051 2018/3199/3053
f 2027/3198/3052 2028/3200/3054 2043/3196/3050
f 2043/3196/3050 2028/3200/3054 2029/3201/3055
f 2043/3196/3050 2029/3201/3055 2066/3202/3056
f 2066/3202/3056 2029/3201/3055 2030/3203/3057
f 2066/3202/3056 2030/3203/3057 2067/3204/3058
f 2067/3204/3058 2030/3203/3057 2068/3205/3059
f 2067/3204/3058 2068/3205/3059 2059/3206/3060
f 2059/3206/3060 2068/3205/3059 2060/3207/3061
f 2059/3206/3060 2060/3207/3061 2052/3208/3062
f 2052/3208/3062 2060/3207/3061 2053/3209/3063
f 2052/3208/3062 2053/3209/3063 2046/3210/3064
f 2046/3210/3064 2053/3209/3063 2047/3211/3065
f 2046/3210/3064 2047/3211/3065 2041/3212/3066
f 2041/3212/3066 2047/3211/3065 2040/3213/3067
f 2040/3213/3067 2047/3211/3065 2048/3214/3068
f 2040/3213/3067 2048/3214/3068 2049/3215/3069
f 2049/3215/3069 2048/3214/3068 2055/3216/3070
f 2049/3215/3069 2055/3216/3070 2056/3217/3071
f 2056/3217/3071 2055/3216/3070 2063/3218/3072
f 2056/3217/3071 2063/3218/3072 2064/3219/3073
f 2064/3219/3073 2063/3218/3072 2072/3220/3074
f 2064/3219/3073 2072/3220/3074 2033/3221/3075
f 2033/3221/3075 2072/3220/3074 2032/3222/3076
f 2032/3222/3076 2072/3220/3074 2071/3223/3077
f 2032/3222/3076 2071/3223/3077 2070/3224/3078
f 2070/3224/3078 2071/3223/3077 2062/3225/3079
f 2070/3224/3078 2062/3225/3079 2061/3226/3080
f 2061/3226/3080 2062/3225/3079 2054/3227/3081
f 2061/3226/3080 2054/3227/3081 2053/3209/3063
f 2053/3209/3063 2054/3227/3081 2047/3211/3065
f 2068/3205/3059 2030/3203/3057 2073/3228/3082
f 2073/3228/3082 2030/3203/3057 2031/3229/3083
f 2073/3228/3082 2031/3229/3083 2074/3230/3084
f 2074/3230/3084 2031/3229/3083 2075/3231/3085
f 2074/3230/3084 2075/3231/3085 2069/3232/3086
f 2069/3232/3086 2075/3231/3085 2070/3224/3078
f 2069/3232/3086 2070/3224/3078 2061/3226/3080
f 2031/3229/3083 2032/3222/3076 2075/3231/3085
f 2075/3231/3085 2032/3222/3076 2070/3224/3078
f 2064/3219/3073 2033/3221/3075 2065/3233/3087
f 2065/3233/3087 2033/3221/3075 2034/3234/3088
f 2065/3233/3087 2034/3234/3088 2035/3235/3089
f 2065/3233/3087 2035/3235/3089 2038/3236/3090
f 2038/3236/3090 2035/3235/3089 2036/3237/3091
f 2038/3236/3090 2036/3237/3091 2037/3238/3092
f 2065/3233/3087 2038/3236/3090 2057/3239/3093
f 2057/3239/3093 2038/3236/3090 2039/3240/3094
f 2057/3239/3093 2039/3240/3094 2056/3217/3071
f 2056/3217/3071 2039/3240/3094 2049/3215/3069
f 2039/3240/3094 2040/3213/3067 2049/3215/3069
f 2046/3210/3064 2041/3212/3066 2045/3241/3095
f 2045/3241/3095 2041/3212/3066 2042/3189/3043
f 2045/3241/3095 2042/3189/3043 2044/3191/3045
f 2052/3208/3062 2046/3210/3064 2045/3241/3095
f 2045/3241/3095 2044/3191/3045 2051/3242/3096
f 2051/3242/3096 2044/3191/3045 2050/3193/3047
f 2051/3242/3096 2050/3193/3047 2058/3243/3097
f 2058/3243/3097 2050/3193/3047 2043/3196/3050
f 2058/3243/3097 2043/3196/3050 2066/3202/3056
f 2055/3216/3070 2048/3214/3068 2054/3227/3081
f 2054/3227/3081 2048/3214/3068 2047/3211/3065
f 2059/3206/3060 2052/3208/3062 2051/3242/3096
f 2051/3242/3096 2052/3208/3062 2045/3241/3095
f 2059/3206/3060 2051/3242/3096 2058/3243/3097
f 2061/3226/3080 2053/3209/3063 2060/3207/3061
f 2063/3218/3072 2055/3216/3070 2062/3225/3079
f 2062/3225/3079 2055/3216/3070 2054/3227/3081
f 2065/3233/3087 2057/3239/3093 2064/3219/3073
f 2064/3219/3073 2057/3239/3093 2056/3217/3071
f 2067/3204/3058 2059/3206/3060 2058/3243/3097
f 2067/3204/3058 2058/3243/3097 2066/3202/3056
f 2069/3232/3086 2061/3226/3080 2060/3207/3061
f 2069/3232/3086 2060/3207/3061 2068/3205/3059
f 2072/3220/3074 2063/3218/3072 2071/3223/3077
f 2071/3223/3077 2063/3218/3072 2062/3225/3079
f 2074/3230/3084 2069/3232/3086 2068/3205/3059
f 2073/3228/3082 2074/3230/3084 2068/3205/3059
f 2038/3244/3098 2037/3245/3092 2076/3246/3099
f 2076/3247/3100 2037/3248/3101 2078/3249/3102
f 2078/3249/3102 2037/3248/3101 2036/3250/3103
f 2078/3249/3102 2036/3250/3103 2035/3251/3104
f 2035/3251/3104 2034/3252/3105 2078/3249/3102
f 2078/3249/3102 2034/3252/3105 2033/3253/3106
f 2078/3249/3102 2033/3253/3106 2032/3254/3107
f 2032/3254/3107 2031/3255/3108 2078/3249/3102
f 2078/3249/3102 2031/3255/3108 2077/3256/3109
f 2077/3257/3110 2031/3258/3111 2080/3259/3112
f 2080/3259/3112 2031/3258/3111 2030/3260/3113
f 2080/3259/3112 2030/3260/3113 2029/3261/3114
f 2080/3259/3112 2029/3261/3114 2079/3262/3115
f 2079/3262/3115 2029/3261/3114 2028/3263/3116
f 2079/3262/3115 2028/3263/3116 2023/3264/3117
f 2023/3264/3117 2028/3263/3116 2027/3265/3118
f 2023/3264/3117 2027/3265/3118 2018/3266/3119
f 1964/3267/3120 2038/3268/3121 1965/3269/3122
f 1965/3269/3122 2038/3268/3121 2076/3270/3123
f 1965/3269/3122 2076/3270/3123 2025/3271/3124
f 1964/3267/3120 2039/3272/3125 2038/3268/3121
f 2039/3273/3126 1964/3274/3127 2040/3275/3128
f 2040/3275/3128 1964/3274/3127 1982/3276/3129
f 2040/3275/3128 1982/3276/3129 2041/3277/3130
f 2041/3277/3130 1982/3276/3129 1981/3278/3131
f 2041/3277/3130 1981/3278/3131 2042/3279/3132
f 2042/3279/3132 1981/3278/3131 1980/3280/3133
f 2042/3279/3132 1980/3280/3133 1979/3281/3134
f 2078/3282/3135 2026/3283/3136 2076/3284/3137
f 2076/3284/3137 2026/3283/3136 2025/3285/3138
f 2077/3286/3139 2080/3287/3140 2078/3288/3141
f 2078/3288/3141 2080/3287/3140 2079/3289/3142
f 2078/3288/3141 2079/3289/3142 2023/3290/3143
f 2022/3291/3144 2026/3292/3145 2023/3290/3143
f 2023/3290/3143 2026/3292/3145 2078/3288/3141
f 2082/3293/3146 2103/3294/3147 2081/3295/3148
f 2081/3295/3148 2103/3294/3147 2104/3296/3149
f 2081/3295/3148 2104/3296/3149 2105/3297/3150
f 2105/3297/3150 2104/3296/3149 2122/3298/3151
f 2105/3297/3150 2122/3298/3151 2121/3299/3152
f 2121/3299/3152 2122/3298/3151 2113/3300/3153
f 2121/3299/3152 2113/3300/3153 2114/3301/3154
f 2114/3301/3154 2113/3300/3153 2129/3302/3155
f 2114/3301/3154 2129/3302/3155 2128/3303/3156
f 2128/3303/3156 2129/3302/3155 2089/3304/3157
f 2128/3303/3156 2089/3304/3157 2127/3305/3158
f 2127/3305/3158 2089/3304/3157 2090/3306/3159
f 2127/3305/3158 2090/3306/3159 2126/3307/3160
f 2126/3307/3160 2090/3306/3159 2091/3308/3161
f 2126/3307/3160 2091/3308/3161 2101/3309/3162
f 2101/3309/3162 2091/3308/3161 2092/3310/3163
f 2101/3309/3162 2092/3310/3163 2094/3311/3164
f 2094/3311/3164 2092/3310/3163 2093/3312/3165
f 2083/3313/3166 2084/3314/3167 2082/3293/3146
f 2082/3293/3146 2084/3314/3167 2100/3315/3168
f 2082/3293/3146 2100/3315/3168 2125/3316/3169
f 2125/3316/3169 2100/3315/3168 2110/3317/3170
f 2125/3316/3169 2110/3317/3170 2124/3318/3171
f 2124/3318/3171 2110/3317/3170 2111/3319/3172
f 2124/3318/3171 2111/3319/3172 2123/3320/3173
f 2123/3320/3173 2111/3319/3172 2112/3321/3174
f 2123/3320/3173 2112/3321/3174 2122/3298/3151
f 2122/3298/3151 2112/3321/3174 2113/3300/3153
f 2084/3314/3167 2085/3322/3175 2100/3315/3168
f 2100/3315/3168 2085/3322/3175 2134/3323/3176
f 2100/3315/3168 2134/3323/3176 2133/3324/3177
f 2133/3324/3177 2134/3323/3176 2086/3325/3178
f 2133/3324/3177 2086/3325/3178 2087/3326/3179
f 2085/3322/3175 2086/3325/3178 2134/3323/3176
f 2088/3327/3180 2131/3328/3181 2087/3326/3179
f 2087/3326/3179 2131/3328/3181 2132/3329/3182
f 2087/3326/3179 2132/3329/3182 2133/3324/3177
f 2133/3324/3177 2132/3329/3182 2110/3317/3170
f 2133/3324/3177 2110/3317/3170 2100/3315/3168
f 2089/3304/3157 2129/3302/3155 2088/3327/3180
f 2088/3327/3180 2129/3302/3155 2130/3330/3183
f 2088/3327/3180 2130/3330/3183 2131/3328/3181
f 2131/3328/3181 2130/3330/3183 2112/3321/3174
f 2131/3328/3181 2112/3321/3174 2111/3319/3172
f 2095/3331/3184 2102/3332/3185 2094/3311/3164
f 2094/3311/3164 2102/3332/3185 2117/3333/3186
f 2094/3311/3164 2117/3333/3186 2101/3309/3162
f 2101/3309/3162 2117/3333/3186 2118/3334/3187
f 2101/3309/3162 2118/3334/3187 2116/3335/3188
f 2116/3335/3188 2118/3334/3187 2119/3336/3189
f 2116/3335/3188 2119/3336/3189 2115/3337/3190
f 2115/3337/3190 2119/3336/3189 2120/3338/3191
f 2115/3337/3190 2120/3338/3191 2114/3301/3154
f 2114/3301/3154 2120/3338/3191 2121/3299/3152
f 2095/3331/3184 2096/3339/3192 2102/3332/3185
f 2102/3332/3185 2096/3339/3192 2097/3340/3193
f 2102/3332/3185 2097/3340/3193 2109/3341/3194
f 2109/3341/3194 2097/3340/3193 2108/3342/3195
f 2109/3341/3194 2108/3342/3195 2118/3334/3187
f 2118/3334/3187 2108/3342/3195 2119/3336/3189
f 2097/3340/3193 2098/3343/3196 2108/3342/3195
f 2108/3342/3195 2098/3343/3196 2107/3344/3197
f 2108/3342/3195 2107/3344/3197 2119/3336/3189
f 2119/3336/3189 2107/3344/3197 2120/3338/3191
f 2098/3343/3196 2099/3345/3198 2107/3344/3197
f 2107/3344/3197 2099/3345/3198 2106/3346/3199
f 2107/3344/3197 2106/3346/3199 2120/3338/3191
f 2120/3338/3191 2106/3346/3199 2121/3299/3152
f 2106/3346/3199 2099/3345/3198 2105/3297/3150
f 2105/3297/3150 2099/3345/3198 2081/3295/3148
f 2124/3318/3171 2123/3320/3173 2103/3294/3147
f 2103/3294/3147 2123/3320/3173 2104/3296/3149
f 2121/3299/3152 2106/3346/3199 2105/3297/3150
f 2123/3320/3173 2122/3298/3151 2104/3296/3149
f 2117/3333/3186 2102/3332/3185 2109/3341/3194
f 2117/3333/3186 2109/3341/3194 2118/3334/3187
f 2131/3328/3181 2111/3319/3172 2132/3329/3182
f 2132/3329/3182 2111/3319/3172 2110/3317/3170
f 2129/3302/3155 2113/3300/3153 2130/3330/3183
f 2130/3330/3183 2113/3300/3153 2112/3321/3174
f 2114/3301/3154 2128/3303/3156 2115/3337/3190
f 2115/3337/3190 2128/3303/3156 2127/3305/3158
f 2115/3337/3190 2127/3305/3158 2116/3335/3188
f 2116/3335/3188 2127/3305/3158 2126/3307/3160
f 2116/3335/3188 2126/3307/3160 2101/3309/3162
f 2125/3316/3169 2124/3318/3171 2103/3294/3147
f 2082/3293/3146 2125/3316/3169 2103/3294/3147
f 2095/3347/3200 2094/3348/3201 2138/3349/3202
f 2138/3349/3202 2094/3348/3201 2137/3350/3203
f 2137/3350/3203 2094/3348/3201 2136/3351/3204
f 2136/3351/3204 2094/3348/3201 2093/3352/3205
f 2136/3351/3204 2093/3352/3205 2135/3353/3206
f 2135/3354/3207 2093/3355/3208 2141/3356/3209
f 2141/3356/3209 2093/3355/3208 2092/3357/3210
f 2141/3356/3209 2092/3357/3210 2091/3358/3211
f 2091/3358/3211 2090/3359/3212 2141/3356/3209
f 2141/3356/3209 2090/3359/3212 2089/3360/3213
f 2141/3356/3209 2089/3360/3213 2088/3361/3214
f 2088/3361/3214 2139/3362/3215 2141/3356/3209
f 2141/3356/3209 2139/3362/3215 2140/3363/3216
f 2141/3356/3209 2140/3363/3216 2135/3354/3207
f 2139/3364/3217 2088/3365/3218 2143/3366/3219
f 2143/3366/3219 2088/3365/3218 2087/3367/3220
f 2143/3366/3219 2087/3367/3220 2086/3368/3221
f 2086/3368/3221 2085/3369/3222 2143/3366/3219
f 2143/3366/3219 2085/3369/3222 2084/3370/3223
f 2143/3366/3219 2084/3370/3223 2083/3371/3224
f 2083/3371/3224 2142/3372/3225 2143/3366/3219
f 2083/3373/3166 2082/3374/3226 2142/3375/3227
f 2159/3376/3228 2096/3377/3229 2161/3378/3230
f 2161/3378/3230 2096/3377/3229 2095/3379/3231
f 2161/3378/3230 2095/3379/3231 2167/3380/3232
f 2167/3380/3232 2095/3379/3231 2138/3381/3233
f 2167/3380/3232 2138/3381/3233 2137/3382/3234
f 2167/3380/3232 2137/3382/3234 2160/3383/3235
f 2160/3383/3235 2137/3382/3234 2136/3384/3236
f 2160/3383/3235 2136/3384/3236 2144/3385/3237
f 2144/3385/3237 2136/3384/3236 2135/3386/3238
f 2144/3385/3237 2145/3387/3239 2160/3383/3235
f 2160/3383/3235 2145/3387/3239 2146/3388/3240
f 2160/3383/3235 2146/3388/3240 2183/3389/3241
f 2183/3389/3241 2146/3388/3240 2147/3390/3242
f 2183/3389/3241 2147/3390/3242 2184/3391/3243
f 2184/3391/3243 2147/3390/3242 2185/3392/3244
f 2184/3391/3243 2185/3392/3244 2176/3393/3245
f 2176/3393/3245 2185/3392/3244 2177/3394/3246
f 2176/3393/3245 2177/3394/3246 2169/3395/3247
f 2169/3395/3247 2177/3394/3246 2170/3396/3248
f 2169/3395/3247 2170/3396/3248 2163/3397/3249
f 2163/3397/3249 2170/3396/3248 2164/3398/3250
f 2163/3397/3249 2164/3398/3250 2158/3399/3251
f 2158/3399/3251 2164/3398/3250 2157/3400/3252
f 2157/3400/3252 2164/3398/3250 2165/3401/3253
f 2157/3400/3252 2165/3401/3253 2166/3402/3254
f 2166/3402/3254 2165/3401/3253 2172/3403/3255
f 2166/3402/3254 2172/3403/3255 2173/3404/3256
f 2173/3404/3256 2172/3403/3255 2180/3405/3257
f 2173/3404/3256 2180/3405/3257 2181/3406/3258
f 2181/3406/3258 2180/3405/3257 2189/3407/3259
f 2181/3406/3258 2189/3407/3259 2150/3408/3260
f 2150/3408/3260 2189/3407/3259 2149/3409/3261
f 2149/3409/3261 2189/3407/3259 2188/3410/3262
f 2149/3409/3261 2188/3410/3262 2187/3411/3263
f 2187/3411/3263 2188/3410/3262 2179/3412/3264
f 2187/3411/3263 2179/3412/3264 2178/3413/3265
f 2178/3413/3265 2179/3412/3264 2171/3414/3266
f 2178/3413/3265 2171/3414/3266 2170/3396/3248
f 2170/3396/3248 2171/3414/3266 2164/3398/3250
f 2185/3392/3244 2147/3390/3242 2190/3415/3267
f 2190/3415/3267 2147/3390/3242 2148/3416/3268
f 2190/3415/3267 2148/3416/3268 2191/3417/3269
f 2191/3417/3269 2148/3416/3268 2192/3418/3270
f 2191/3417/3269 2192/3418/3270 2186/3419/3271
f 2186/3419/3271 2192/3418/3270 2187/3411/3263
f 2186/3419/3271 2187/3411/3263 2178/3413/3265
f 2148/3416/3268 2149/3409/3261 2192/3418/3270
f 2192/3418/3270 2149/3409/3261 2187/3411/3263
f 2181/3406/3258 2150/3408/3260 2182/3420/3272
f 2182/3420/3272 2150/3408/3260 2151/3421/3273
f 2182/3420/3272 2151/3421/3273 2152/3422/3274
f 2182/3420/3272 2152/3422/3274 2155/3423/3275
f 2155/3423/3275 2152/3422/3274 2153/3424/3276
f 2155/3423/3275 2153/3424/3276 2154/3425/3277
f 2182/3420/3272 2155/3423/3275 2174/3426/3278
f 2174/3426/3278 2155/3423/3275 2156/3427/3279
f 2174/3426/3278 2156/3427/3279 2173/3404/3256
f 2173/3404/3256 2156/3427/3279 2166/3402/3254
f 2156/3427/3279 2157/3400/3252 2166/3402/3254
f 2163/3397/3249 2158/3399/3251 2162/3428/3280
f 2162/3428/3280 2158/3399/3251 2159/3376/3228
f 2162/3428/3280 2159/3376/3228 2161/3378/3230
f 2169/3395/3247 2163/3397/3249 2162/3428/3280
f 2162/3428/3280 2161/3378/3230 2168/3429/3281
f 2168/3429/3281 2161/3378/3230 2167/3380/3232
f 2168/3429/3281 2167/3380/3232 2175/3430/3282
f 2175/3430/3282 2167/3380/3232 2160/3383/3235
f 2175/3430/3282 2160/3383/3235 2183/3389/3241
f 2172/3403/3255 2165/3401/3253 2171/3414/3266
f 2171/3414/3266 2165/3401/3253 2164/3398/3250
f 2176/3393/3245 2169/3395/3247 2168/3429/3281
f 2168/3429/3281 2169/3395/3247 2162/3428/3280
f 2176/3393/3245 2168/3429/3281 2175/3430/3282
f 2178/3413/3265 2170/3396/3248 2177/3394/3246
f 2180/3405/3257 2172/3403/3255 2179/3412/3264
f 2179/3412/3264 2172/3403/3255 2171/3414/3266
f 2182/3420/3272 2174/3426/3278 2181/3406/3258
f 2181/3406/3258 2174/3426/3278 2173/3404/3256
f 2184/3391/3243 2176/3393/3245 2175/3430/3282
f 2184/3391/3243 2175/3430/3282 2183/3389/3241
f 2186/3419/3271 2178/3413/3265 2177/3394/3246
f 2186/3419/3271 2177/3394/3246 2185/3392/3244
f 2189/3407/3259 2180/3405/3257 2188/3410/3262
f 2188/3410/3262 2180/3405/3257 2179/3412/3264
f 2191/3417/3269 2186/3419/3271 2185/3392/3244
f 2190/3415/3267 2191/3417/3269 2185/3392/3244
f 2155/3431/3283 2154/3432/3277 2193/3433/3284
f 2193/3434/3285 2154/3435/3286 2195/3436/3287
f 2195/3436/3287 2154/3435/3286 2153/3437/3288
f 2195/3436/3287 2153/3437/3288 2152/3438/3289
f 2152/3438/3289 2151/3439/3290 2195/3436/3287
f 2195/3436/3287 2151/3439/3290 2150/3440/3291
f 2195/3436/3287 2150/3440/3291 2149/3441/3292
f 2149/3441/3292 2148/3442/3293 2195/3436/3287
f 2195/3436/3287 2148/3442/3293 2194/3443/3294
f 2194/3444/3295 2148/3445/3296 2197/3446/3297
f 2197/3446/3297 2148/3445/3296 2147/3447/3298
f 2197/3446/3297 2147/3447/3298 2146/3448/3299
f 2197/3446/3297 2146/3448/3299 2196/3449/3300
f 2196/3449/3300 2146/3448/3299 2145/3450/3301
f 2196/3449/3300 2145/3450/3301 2140/3451/3302
f 2140/3451/3302 2145/3450/3301 2144/3452/3303
f 2140/3451/3302 2144/3452/3303 2135/3453/3304
f 2081/3454/3305 2155/3455/3306 2082/3456/3307
f 2082/3456/3307 2155/3455/3306 2193/3457/3308
f 2082/3456/3307 2193/3457/3308 2142/3458/3309
f 2081/3454/3305 2156/3459/3310 2155/3455/3306
f 2156/3460/3311 2081/3461/3312 2157/3462/3313
f 2157/3462/3313 2081/3461/3312 2099/3463/3314
f 2157/3462/3313 2099/3463/3314 2158/3464/3315
f 2158/3464/3315 2099/3463/3314 2098/3465/3316
f 2158/3464/3315 2098/3465/3316 2159/3466/3317
f 2159/3466/3317 2098/3465/3316 2097/3467/3318
f 2159/3466/3317 2097/3467/3318 2096/3468/3319
f 2195/3469/3320 2143/3470/3321 2193/3471/3322
f 2193/3471/3322 2143/3470/3321 2142/3472/3323
f 2194/3473/3324 2197/3474/3325 2195/3475/3326
f 2195/3475/3326 2197/3474/3325 2196/3476/3327
f 2195/3475/3326 2196/3476/3327 2140/3477/3328
f 2139/3478/3329 2143/3479/3330 2140/3477/3328
f 2140/3477/3328 2143/3479/3330 2195/3475/3326
f 2199/3480/3331 2220/3481/3332 2198/3482/3333
f 2198/3482/3333 2220/3481/3332 2221/3483/3334
f 2198/3482/3333 2221/3483/3334 2222/3484/3335
f 2222/3484/3335 2221/3483/3334 2239/3485/3336
f 2222/3484/3335 2239/3485/3336 2238/3486/3337
f 2238/3486/3337 2239/3485/3336 2230/3487/3338
f 2238/3486/3337 2230/3487/3338 2231/3488/3339
f 2231/3488/3339 2230/3487/3338 2246/3489/3340
f 2231/3488/3339 2246/3489/3340 2245/3490/3341
f 2245/3490/3341 2246/3489/3340 2206/3491/3342
f 2245/3490/3341 2206/3491/3342 2244/3492/3343
f 2244/3492/3343 2206/3491/3342 2207/3493/3344
f 2244/3492/3343 2207/3493/3344 2243/3494/3345
f 2243/3494/3345 2207/3493/3344 2208/3495/3346
f 2243/3494/3345 2208/3495/3346 2218/3496/3347
f 2218/3496/3347 2208/3495/3346 2209/3497/3348
f 2218/3496/3347 2209/3497/3348 2211/3498/3349
f 2211/3498/3349 2209/3497/3348 2210/3499/3350
f 2200/3500/3351 2201/3501/3352 2199/3480/3331
f 2199/3480/3331 2201/3501/3352 2217/3502/3353
f 2199/3480/3331 2217/3502/3353 2242/3503/3354
f 2242/3503/3354 2217/3502/3353 2227/3504/3355
f 2242/3503/3354 2227/3504/3355 2241/3505/3356
f 2241/3505/3356 2227/3504/3355 2228/3506/3357
f 2241/3505/3356 2228/3506/3357 2240/3507/3358
f 2240/3507/3358 2228/3506/3357 2229/3508/3359
f 2240/3507/3358 2229/3508/3359 2239/3485/3336
f 2239/3485/3336 2229/3508/3359 2230/3487/3338
f 2201/3501/3352 2202/3509/3360 2217/3502/3353
f 2217/3502/3353 2202/3509/3360 2251/3510/3361
f 2217/3502/3353 2251/3510/3361 2250/3511/3362
f 2250/3511/3362 2251/3510/3361 2203/3512/3363
f 2250/3511/3362 2203/3512/3363 2204/3513/3364
f 2202/3509/3360 2203/3512/3363 2251/3510/3361
f 2205/3514/3365 2248/3515/3366 2204/3513/3364
f 2204/3513/3364 2248/3515/3366 2249/3516/3367
f 2204/3513/3364 2249/3516/3367 2250/3511/3362
f 2250/3511/3362 2249/3516/3367 2227/3504/3355
f 2250/3511/3362 2227/3504/3355 2217/3502/3353
f 2206/3491/3342 2246/3489/3340 2205/3514/3365
f 2205/3514/3365 2246/3489/3340 2247/3517/3368
f 2205/3514/3365 2247/3517/3368 2248/3515/3366
f 2248/3515/3366 2247/3517/3368 2229/3508/3359
f 2248/3515/3366 2229/3508/3359 2228/3506/3357
f 2212/3518/3369 2219/3519/3370 2211/3498/3349
f 2211/3498/3349 2219/3519/3370 2234/3520/3371
f 2211/3498/3349 2234/3520/3371 2218/3496/3347
f 2218/3496/3347 2234/3520/3371 2235/3521/3372
f 2218/3496/3347 2235/3521/3372 2233/3522/3373
f 2233/3522/3373 2235/3521/3372 2236/3523/3374
f 2233/3522/3373 2236/3523/3374 2232/3524/3375
f 2232/3524/3375 2236/3523/3374 2237/3525/3376
f 2232/3524/3375 2237/3525/3376 2231/3488/3339
f 2231/3488/3339 2237/3525/3376 2238/3486/3337
f 2212/3518/3369 2213/3526/3377 2219/3519/3370
f 2219/3519/3370 2213/3526/3377 2214/3527/3378
f 2219/3519/3370 2214/3527/3378 2226/3528/3379
f 2226/3528/3379 2214/3527/3378 2225/3529/3380
f 2226/3528/3379 2225/3529/3380 2235/3521/3372
f 2235/3521/3372 2225/3529/3380 2236/3523/3374
f 2214/3527/3378 2215/3530/3381 2225/3529/3380
f 2225/3529/3380 2215/3530/3381 2224/3531/3382
f 2225/3529/3380 2224/3531/3382 2236/3523/3374
f 2236/3523/3374 2224/3531/3382 2237/3525/3376
f 2215/3530/3381 2216/3532/3383 2224/3531/3382
f 2224/3531/3382 2216/3532/3383 2223/3533/3384
f 2224/3531/3382 2223/3533/3384 2237/3525/3376
f 2237/3525/3376 2223/3533/3384 2238/3486/3337
f 2223/3533/3384 2216/3532/3383 2222/3484/3335
f 2222/3484/3335 2216/3532/3383 2198/3482/3333
f 2241/3505/3356 2240/3507/3358 2220/3481/3332
f 2220/3481/3332 2240/3507/3358 2221/3483/3334
f 2238/3486/3337 2223/3533/3384 2222/3484/3335
f 2240/3507/3358 2239/3485/3336 2221/3483/3334
f 2234/3520/3371 2219/3519/3370 2226/3528/3379
f 2234/3520/3371 2226/3528/3379 2235/3521/3372
f 2248/3515/3366 2228/3506/3357 2249/3516/3367
f 2249/3516/3367 2228/3506/3357 2227/3504/3355
f 2246/3489/3340 2230/3487/3338 2247/3517/3368
f 2247/3517/3368 2230/3487/3338 2229/3508/3359
f 2231/3488/3339 2245/3490/3341 2232/3524/3375
f 2232/3524/3375 2245/3490/3341 2244/3492/3343
f 2232/3524/3375 2244/3492/3343 2233/3522/3373
f 2233/3522/3373 2244/3492/3343 2243/3494/3345
f 2233/3522/3373 2243/3494/3345 2218/3496/3347
f 2242/3503/3354 2241/3505/3356 2220/3481/3332
f 2199/3480/3331 2242/3503/3354 2220/3481/3332
f 2212/3534/3385 2211/3535/3386 2255/3536/3387
f 2255/3536/3387 2211/3535/3386 2254/3537/3388
f 2254/3537/3388 2211/3535/3386 2253/3538/3389
f 2253/3538/3389 2211/3535/3386 2210/3539/3390
f 2253/3538/3389 2210/3539/3390 2252/3540/3391
f 2252/3541/3392 2210/3542/3393 2258/3543/3394
f 2258/3543/3394 2210/3542/3393 2209/3544/3395
f 2258/3543/3394 2209/3544/3395 2208/3545/3396
f 2208/3545/3396 2207/3546/3397 2258/3543/3394
f 2258/3543/3394 2207/3546/3397 2206/3547/3398
f 2258/3543/3394 2206/3547/3398 2205/3548/3399
f 2205/3548/3399 2256/3549/3400 2258/3543/3394
f 2258/3543/3394 2256/3549/3400 2257/3550/3401
f 2258/3543/3394 2257/3550/3401 2252/3541/3392
f 2256/3551/3402 2205/3552/3403 2260/3553/3404
f 2260/3553/3404 2205/3552/3403 2204/3554/3405
f 2260/3553/3404 2204/3554/3405 2203/3555/3406
f 2203/3555/3406 2202/3556/3407 2260/3553/3404
f 2260/3553/3404 2202/3556/3407 2201/3557/3408
f 2260/3553/3404 2201/3557/3408 2200/3558/3409
f 2200/3558/3409 2259/3559/3410 2260/3553/3404
f 2200/3560/3351 2199/3561/3411 2259/3562/3412
f 2276/3563/3413 2213/3564/3414 2278/3565/3415
f 2278/3565/3415 2213/3564/3414 2212/3566/3416
f 2278/3565/3415 2212/3566/3416 2284/3567/3417
f 2284/3567/3417 2212/3566/3416 2255/3568/3418
f 2284/3567/3417 2255/3568/3418 2254/3569/3419
f 2284/3567/3417 2254/3569/3419 2277/3570/3420
f 2277/3570/3420 2254/3569/3419 2253/3571/3421
f 2277/3570/3420 2253/3571/3421 2261/3572/3422
f 2261/3572/3422 2253/3571/3421 2252/3573/3423
f 2261/3572/3422 2262/3574/3424 2277/3570/3420
f 2277/3570/3420 2262/3574/3424 2263/3575/3425
f 2277/3570/3420 2263/3575/3425 2300/3576/3426
f 2300/3576/3426 2263/3575/3425 2264/3577/3427
f 2300/3576/3426 2264/3577/3427 2301/3578/3428
f 2301/3578/3428 2264/3577/3427 2302/3579/3429
f 2301/3578/3428 2302/3579/3429 2293/3580/3430
f 2293/3580/3430 2302/3579/3429 2294/3581/3431
f 2293/3580/3430 2294/3581/3431 2286/3582/3432
f 2286/3582/3432 2294/3581/3431 2287/3583/3433
f 2286/3582/3432 2287/3583/3433 2280/3584/3434
f 2280/3584/3434 2287/3583/3433 2281/3585/3435
f 2280/3584/3434 2281/3585/3435 2275/3586/3436
f 2275/3586/3436 2281/3585/3435 2274/3587/3437
f 2274/3587/3437 2281/3585/3435 2282/3588/3438
f 2274/3587/3437 2282/3588/3438 2283/3589/3439
f 2283/3589/3439 2282/3588/3438 2289/3590/3440
f 2283/3589/3439 2289/3590/3440 2290/3591/3441
f 2290/3591/3441 2289/3590/3440 2297/3592/3442
f 2290/3591/3441 2297/3592/3442 2298/3593/3443
f 2298/3593/3443 2297/3592/3442 2306/3594/3444
f 2298/3593/3443 2306/3594/3444 2267/3595/3445
f 2267/3595/3445 2306/3594/3444 2266/3596/3446
f 2266/3596/3446 2306/3594/3444 2305/3597/3447
f 2266/3596/3446 2305/3597/3447 2304/3598/3448
f 2304/3598/3448 2305/3597/3447 2296/3599/3449
f 2304/3598/3448 2296/3599/3449 2295/3600/3450
f 2295/3600/3450 2296/3599/3449 2288/3601/3451
f 2295/3600/3450 2288/3601/3451 2287/3583/3433
f 2287/3583/3433 2288/3601/3451 2281/3585/3435
f 2302/3579/3429 2264/3577/3427 2307/3602/3452
f 2307/3602/3452 2264/3577/3427 2265/3603/3453
f 2307/3602/3452 2265/3603/3453 2308/3604/3454
f 2308/3604/3454 2265/3603/3453 2309/3605/3455
f 2308/3604/3454 2309/3605/3455 2303/3606/3456
f 2303/3606/3456 2309/3605/3455 2304/3598/3448
f 2303/3606/3456 2304/3598/3448 2295/3600/3450
f 2265/3603/3453 2266/3596/3446 2309/3605/3455
f 2309/3605/3455 2266/3596/3446 2304/3598/3448
f 2298/3593/3443 2267/3595/3445 2299/3607/3457
f 2299/3607/3457 2267/3595/3445 2268/3608/3458
f 2299/3607/3457 2268/3608/3458 2269/3609/3459
f 2299/3607/3457 2269/3609/3459 2272/3610/3460
f 2272/3610/3460 2269/3609/3459 2270/3611/3461
f 2272/3610/3460 2270/3611/3461 2271/3612/3462
f 2299/3607/3457 2272/3610/3460 2291/3613/3463
f 2291/3613/3463 2272/3610/3460 2273/3614/3464
f 2291/3613/3463 2273/3614/3464 2290/3591/3441
f 2290/3591/3441 2273/3614/3464 2283/3589/3439
f 2273/3614/3464 2274/3587/3437 2283/3589/3439
f 2280/3584/3434 2275/3586/3436 2279/3615/3465
f 2279/3615/3465 2275/3586/3436 2276/3563/3413
f 2279/3615/3465 2276/3563/3413 2278/3565/3415
f 2286/3582/3432 2280/3584/3434 2279/3615/3465
f 2279/3615/3465 2278/3565/3415 2285/3616/3466
f 2285/3616/3466 2278/3565/3415 2284/3567/3417
f 2285/3616/3466 2284/3567/3417 2292/3617/3467
f 2292/3617/3467 2284/3567/3417 2277/3570/3420
f 2292/3617/3467 2277/3570/3420 2300/3576/3426
f 2289/3590/3440 2282/3588/3438 2288/3601/3451
f 2288/3601/3451 2282/3588/3438 2281/3585/3435
f 2293/3580/3430 2286/3582/3432 2285/3616/3466
f 2285/3616/3466 2286/3582/3432 2279/3615/3465
f 2293/3580/3430 2285/3616/3466 2292/3617/3467
f 2295/3600/3450 2287/3583/3433 2294/3581/3431
f 2297/3592/3442 2289/3590/3440 2296/3599/3449
f 2296/3599/3449 2289/3590/3440 2288/3601/3451
f 2299/3607/3457 2291/3613/3463 2298/3593/3443
f 2298/3593/3443 2291/3613/3463 2290/3591/3441
f 2301/3578/3428 2293/3580/3430 2292/3617/3467
f 2301/3578/3428 2292/3617/3467 2300/3576/3426
f 2303/3606/3456 2295/3600/3450 2294/3581/3431
f 2303/3606/3456 2294/3581/3431 2302/3579/3429
f 2306/3594/3444 2297/3592/3442 2305/3597/3447
f 2305/3597/3447 2297/3592/3442 2296/3599/3449
f 2308/3604/3454 2303/3606/3456 2302/3579/3429
f 2307/3602/3452 2308/3604/3454 2302/3579/3429
f 2272/3618/3468 2271/3619/3462 2310/3620/3469
f 2310/3621/3470 2271/3622/3471 2312/3623/3472
f 2312/3623/3472 2271/3622/3471 2270/3624/3473
f 2312/3623/3472 2270/3624/3473 2269/3625/3474
f 2269/3625/3474 2268/3626/3475 2312/3623/3472
f 2312/3623/3472 2268/3626/3475 2267/3627/3476
f 2312/3623/3472 2267/3627/3476 2266/3628/3477
f 2266/3628/3477 2265/3629/3478 2312/3623/3472
f 2312/3623/3472 2265/3629/3478 2311/3630/3479
f 2311/3631/3480 2265/3632/3481 2314/3633/3482
f 2314/3633/3482 2265/3632/3481 2264/3634/3483
f 2314/3633/3482 2264/3634/3483 2263/3635/3484
f 2314/3633/3482 2263/3635/3484 2313/3636/3485
f 2313/3636/3485 2263/3635/3484 2262/3637/3486
f 2313/3636/3485 2262/3637/3486 2257/3638/3487
f 2257/3638/3487 2262/3637/3486 2261/3639/3488
f 2257/3638/3487 2261/3639/3488 2252/3640/3489
f 2198/3641/3490 2272/3642/3491 2199/3643/3492
f 2199/3643/3492 2272/3642/3491 2310/3644/3493
f 2199/3643/3492 2310/3644/3493 2259/3645/3494
f 2198/3641/3490 2273/3646/3495 2272/3642/3491
f 2273/3647/3496 2198/3648/3497 2274/3649/3498
f 2274/3649/3498 2198/3648/3497 2216/3650/3499
f 2274/3649/3498 2216/3650/3499 2275/3651/3500
f 2275/3651/3500 2216/3650/3499 2215/3652/3501
f 2275/3651/3500 2215/3652/3501 2276/3653/3502
f 2276/3653/3502 2215/3652/3501 2214/3654/3503
f 2276/3653/3502 2214/3654/3503 2213/3655/3504
f 2312/3656/3505 2260/3657/3506 2310/3658/3507
f 2310/3658/3507 2260/3657/3506 2259/3659/3508
f 2311/3660/3509 2314/3661/3510 2312/3662/3511
f 2312/3662/3511 2314/3661/3510 2313/3663/3512
f 2312/3662/3511 2313/3663/3512 2257/3664/3513
f 2256/3665/3514 2260/3666/3515 2257/3664/3513
f 2257/3664/3513 2260/3666/3515 2312/3662/3511
f 2316/3667/3516 2337/3668/3517 2315/3669/3518
f 2315/3669/3518 2337/3668/3517 2338/3670/3519
f 2315/3669/3518 2338/3670/3519 2339/3671/3520
f 2339/3671/3520 2338/3670/3519 2356/3672/3521
f 2339/3671/3520 2356/3672/3521 2355/3673/3522
f 2355/3673/3522 2356/3672/3521 2347/3674/3523
f 2355/3673/3522 2347/3674/3523 2348/3675/3524
f 2348/3675/3524 2347/3674/3523 2363/3676/3525
f 2348/3675/3524 2363/3676/3525 2362/3677/3526
f 2362/3677/3526 2363/3676/3525 2323/3678/3527
f 2362/3677/3526 2323/3678/3527 2361/3679/3528
f 2361/3679/3528 2323/3678/3527 2324/3680/3529
f 2361/3679/3528 2324/3680/3529 2360/3681/3530
f 2360/3681/3530 2324/3680/3529 2325/3682/3531
f 2360/3681/3530 2325/3682/3531 2335/3683/3532
f 2335/3683/3532 2325/3682/3531 2326/3684/3533
f 2335/3683/3532 2326/3684/3533 2328/3685/3534
f 2328/3685/3534 2326/3684/3533 2327/3686/3535
f 2317/3687/3536 2318/3688/3537 2316/3667/3516
f 2316/3667/3516 2318/3688/3537 2334/3689/3538
f 2316/3667/3516 2334/3689/3538 2359/3690/3539
f 2359/3690/3539 2334/3689/3538 2344/3691/3540
f 2359/3690/3539 2344/3691/3540 2358/3692/3541
f 2358/3692/3541 2344/3691/3540 2345/3693/3542
f 2358/3692/3541 2345/3693/3542 2357/3694/3543
f 2357/3694/3543 2345/3693/3542 2346/3695/3544
f 2357/3694/3543 2346/3695/3544 2356/3672/3521
f 2356/3672/3521 2346/3695/3544 2347/3674/3523
f 2318/3688/3537 2319/3696/3545 2334/3689/3538
f 2334/3689/3538 2319/3696/3545 2368/3697/3546
f 2334/3689/3538 2368/3697/3546 2367/3698/3547
f 2367/3698/3547 2368/3697/3546 2320/3699/3548
f 2367/3698/3547 2320/3699/3548 2321/3700/3549
f 2319/3696/3545 2320/3699/3548 2368/3697/3546
f 2322/3701/3550 2365/3702/3551 2321/3700/3549
f 2321/3700/3549 2365/3702/3551 2366/3703/3552
f 2321/3700/3549 2366/3703/3552 2367/3698/3547
f 2367/3698/3547 2366/3703/3552 2344/3691/3540
f 2367/3698/3547 2344/3691/3540 2334/3689/3538
f 2323/3678/3527 2363/3676/3525 2322/3701/3550
f 2322/3701/3550 2363/3676/3525 2364/3704/3553
f 2322/3701/3550 2364/3704/3553 2365/3702/3551
f 2365/3702/3551 2364/3704/3553 2346/3695/3544
f 2365/3702/3551 2346/3695/3544 2345/3693/3542
f 2329/3705/3554 2336/3706/3555 2328/3685/3534
f 2328/3685/3534 2336/3706/3555 2351/3707/3556
f 2328/3685/3534 2351/3707/3556 2335/3683/3532
f 2335/3683/3532 2351/3707/3556 2352/3708/3557
f 2335/3683/3532 2352/3708/3557 2350/3709/3558
f 2350/3709/3558 2352/3708/3557 2353/3710/3559
f 2350/3709/3558 2353/3710/3559 2349/3711/3560
f 2349/3711/3560 2353/3710/3559 2354/3712/3561
f 2349/3711/3560 2354/3712/3561 2348/3675/3524
f 2348/3675/3524 2354/3712/3561 2355/3673/3522
f 2329/3705/3554 2330/3713/3562 2336/3706/3555
f 2336/3706/3555 2330/3713/3562 2331/3714/3563
f 2336/3706/3555 2331/3714/3563 2343/3715/3564
f 2343/3715/3564 2331/3714/3563 2342/3716/3565
f 2343/3715/3564 2342/3716/3565 2352/3708/3557
f 2352/3708/3557 2342/3716/3565 2353/3710/3559
f 2331/3714/3563 2332/3717/3566 2342/3716/3565
f 2342/3716/3565 2332/3717/3566 2341/3718/3567
f 2342/3716/3565 2341/3718/3567 2353/3710/3559
f 2353/3710/3559 2341/3718/3567 2354/3712/3561
f 2332/3717/3566 2333/3719/3568 2341/3718/3567
f 2341/3718/3567 2333/3719/3568 2340/3720/3569
f 2341/3718/3567 2340/3720/3569 2354/3712/3561
f 2354/3712/3561 2340/3720/3569 2355/3673/3522
f 2340/3720/3569 2333/3719/3568 2339/3671/3520
f 2339/3671/3520 2333/3719/3568 2315/3669/3518
f 2358/3692/3541 2357/3694/3543 2337/3668/3517
f 2337/3668/3517 2357/3694/3543 2338/3670/3519
f 2355/3673/3522 2340/3720/3569 2339/3671/3520
f 2357/3694/3543 2356/3672/3521 2338/3670/3519
f 2351/3707/3556 2336/3706/3555 2343/3715/3564
f 2351/3707/3556 2343/3715/3564 2352/3708/3557
f 2365/3702/3551 2345/3693/3542 2366/3703/3552
f 2366/3703/3552 2345/3693/3542 2344/3691/3540
f 2363/3676/3525 2347/3674/3523 2364/3704/3553
f 2364/3704/3553 2347/3674/3523 2346/3695/3544
f 2348/3675/3524 2362/3677/3526 2349/3711/3560
f 2349/3711/3560 2362/3677/3526 2361/3679/3528
f 2349/3711/3560 2361/3679/3528 2350/3709/3558
f 2350/3709/3558 2361/3679/3528 2360/3681/3530
f 2350/3709/3558 2360/3681/3530 2335/3683/3532
f 2359/3690/3539 2358/3692/3541 2337/3668/3517
f 2316/3667/3516 2359/3690/3539 2337/3668/3517
f 2329/3721/3570 2328/3722/3571 2372/3723/3572
f 2372/3723/3572 2328/3722/3571 2371/3724/3573
f 2371/3724/3573 2328/3722/3571 2370/3725/3574
f 2370/3725/3574 2328/3722/3571 2327/3726/3575
f 2370/3725/3574 2327/3726/3575 2369/3727/3576
f 2369/3728/3577 2327/3729/3578 2375/3730/3579
f 2375/3730/3579 2327/3729/3578 2326/3731/3580
f 2375/3730/3579 2326/3731/3580 2325/3732/3581
f 2325/3732/3581 2324/3733/3582 2375/3730/3579
f 2375/3730/3579 2324/3733/3582 2323/3734/3583
f 2375/3730/3579 2323/3734/3583 2322/3735/3584
f 2322/3735/3584 2373/3736/3585 2375/3730/3579
f 2375/3730/3579 2373/3736/3585 2374/3737/3586
f 2375/3730/3579 2374/3737/3586 2369/3728/3577
f 2373/3738/3587 2322/3739/3588 2377/3740/3589
f 2377/3740/3589 2322/3739/3588 2321/3741/3590
f 2377/3740/3589 2321/3741/3590 2320/3742/3591
f 2320/3742/3591 2319/3743/3592 2377/3740/3589
f 2377/3740/3589 2319/3743/3592 2318/3744/3593
f 2377/3740/3589 2318/3744/3593 2317/3745/3594
f 2317/3745/3594 2376/3746/3595 2377/3740/3589
f 2317/3747/3536 2316/3748/3596 2376/3749/3597
f 2393/3750/3598 2330/3751/3599 2395/3752/3600
f 2395/3752/3600 2330/3751/3599 2329/3753/3601
f 2395/3752/3600 2329/3753/3601 2401/3754/3602
f 2401/3754/3602 2329/3753/3601 2372/3755/3603
f 2401/3754/3602 2372/3755/3603 2371/3756/3604
f 2401/3754/3602 2371/3756/3604 2394/3757/3605
f 2394/3757/3605 2371/3756/3604 2370/3758/3606
f 2394/3757/3605 2370/3758/3606 2378/3759/3607
f 2378/3759/3607 2370/3758/3606 2369/3760/3608
f 2378/3759/3607 2379/3761/3609 2394/3757/3605
f 2394/3757/3605 2379/3761/3609 2380/3762/3610
f 2394/3757/3605 2380/3762/3610 2417/3763/3611
f 2417/3763/3611 2380/3762/3610 2381/3764/3612
f 2417/3763/3611 2381/3764/3612 2418/3765/3613
f 2418/3765/3613 2381/3764/3612 2419/3766/3614
f 2418/3765/3613 2419/3766/3614 2410/3767/3615
f 2410/3767/3615 2419/3766/3614 2411/3768/3616
f 2410/3767/3615 2411/3768/3616 2403/3769/3617
f 2403/3769/3617 2411/3768/3616 2404/3770/3618
f 2403/3769/3617 2404/3770/3618 2397/3771/3619
f 2397/3771/3619 2404/3770/3618 2398/3772/3620
f 2397/3771/3619 2398/3772/3620 2392/3773/3621
f 2392/3773/3621 2398/3772/3620 2391/3774/3622
f 2391/3774/3622 2398/3772/3620 2399/3775/3623
f 2391/3774/3622 2399/3775/3623 2400/3776/3624
f 2400/3776/3624 2399/3775/3623 2406/3777/3625
f 2400/3776/3624 2406/3777/3625 2407/3778/3626
f 2407/3778/3626 2406/3777/3625 2414/3779/3627
f 2407/3778/3626 2414/3779/3627 2415/3780/3628
f 2415/3780/3628 2414/3779/3627 2423/3781/3629
f 2415/3780/3628 2423/3781/3629 2384/3782/3630
f 2384/3782/3630 2423/3781/3629 2383/3783/3631
f 2383/3783/3631 2423/3781/3629 2422/3784/3632
f 2383/3783/3631 2422/3784/3632 2421/3785/3633
f 2421/3785/3633 2422/3784/3632 2413/3786/3634
f 2421/3785/3633 2413/3786/3634 2412/3787/3635
f 2412/3787/3635 2413/3786/3634 2405/3788/3636
f 2412/3787/3635 2405/3788/3636 2404/3770/3618
f 2404/3770/3618 2405/3788/3636 2398/3772/3620
f 2419/3766/3614 2381/3764/3612 2424/3789/3637
f 2424/3789/3637 2381/3764/3612 2382/3790/3638
f 2424/3789/3637 2382/3790/3638 2425/3791/3639
f 2425/3791/3639 2382/3790/3638 2426/3792/3640
f 2425/3791/3639 2426/3792/3640 2420/3793/3641
f 2420/3793/3641 2426/3792/3640 2421/3785/3633
f 2420/3793/3641 2421/3785/3633 2412/3787/3635
f 2382/3790/3638 2383/3783/3631 2426/3792/3640
f 2426/3792/3640 2383/3783/3631 2421/3785/3633
f 2415/3780/3628 2384/3782/3630 2416/3794/3642
f 2416/3794/3642 2384/3782/3630 2385/3795/3643
f 2416/3794/3642 2385/3795/3643 2386/3796/3644
f 2416/3794/3642 2386/3796/3644 2389/3797/3645
f 2389/3797/3645 2386/3796/3644 2387/3798/3646
f 2389/3797/3645 2387/3798/3646 2388/3799/3647
f 2416/3794/3642 2389/3797/3645 2408/3800/3648
f 2408/3800/3648 2389/3797/3645 2390/3801/3649
f 2408/3800/3648 2390/3801/3649 2407/3778/3626
f 2407/3778/3626 2390/3801/3649 2400/3776/3624
f 2390/3801/3649 2391/3774/3622 2400/3776/3624
f 2397/3771/3619 2392/3773/3621 2396/3802/3650
f 2396/3802/3650 2392/3773/3621 2393/3750/3598
f 2396/3802/3650 2393/3750/3598 2395/3752/3600
f 2403/3769/3617 2397/3771/3619 2396/3802/3650
f 2396/3802/3650 2395/3752/3600 2402/3803/3651
f 2402/3803/3651 2395/3752/3600 2401/3754/3602
f 2402/3803/3651 2401/3754/3602 2409/3804/3652
f 2409/3804/3652 2401/3754/3602 2394/3757/3605
f 2409/3804/3652 2394/3757/3605 2417/3763/3611
f 2406/3777/3625 2399/3775/3623 2405/3788/3636
f 2405/3788/3636 2399/3775/3623 2398/3772/3620
f 2410/3767/3615 2403/3769/3617 2402/3803/3651
f 2402/3803/3651 2403/3769/3617 2396/3802/3650
f 2410/3767/3615 2402/3803/3651 2409/3804/3652
f 2412/3787/3635 2404/3770/3618 2411/3768/3616
f 2414/3779/3627 2406/3777/3625 2413/3786/3634
f 2413/3786/3634 2406/3777/3625 2405/3788/3636
f 2416/3794/3642 2408/3800/3648 2415/3780/3628
f 2415/3780/3628 2408/3800/3648 2407/3778/3626
f 2418/3765/3613 2410/3767/3615 2409/3804/3652
f 2418/3765/3613 2409/3804/3652 2417/3763/3611
f 2420/3793/3641 2412/3787/3635 2411/3768/3616
f 2420/3793/3641 2411/3768/3616 2419/3766/3614
f 2423/3781/3629 2414/3779/3627 2422/3784/3632
f 2422/3784/3632 2414/3779/3627 2413/3786/3634
f 2425/3791/3639 2420/3793/3641 2419/3766/3614
f 2424/3789/3637 2425/3791/3639 2419/3766/3614
f 2389/3805/3653 2388/3806/3647 2427/3807/3654
f 2427/3808/3655 2388/3809/3656 2429/3810/3657
f 2429/3810/3657 2388/3809/3656 2387/3811/3658
f 2429/3810/3657 2387/3811/3658 2386/3812/3659
f 2386/3812/3659 2385/3813/3660 2429/3810/3657
f 2429/3810/3657 2385/3813/3660 2384/3814/3661
f 2429/3810/3657 2384/3814/3661 2383/3815/3662
f 2383/3815/3662 2382/3816/3663 2429/3810/3657
f 2429/3810/3657 2382/3816/3663 2428/3817/3664
f 2428/3818/3665 2382/3819/3666 2431/3820/3667
f 2431/3820/3667 2382/3819/3666 2381/3821/3668
f 2431/3820/3667 2381/3821/3668 2380/3822/3669
f 2431/3820/3667 2380/3822/3669 2430/3823/3670
f 2430/3823/3670 2380/3822/3669 2379/3824/3671
f 2430/3823/3670 2379/3824/3671 2374/3825/3672
f 2374/3825/3672 2379/3824/3671 2378/3826/3673
f 2374/3825/3672 2378/3826/3673 2369/3827/3674
f 2315/3828/3675 2389/3829/3676 2316/3830/3677
f 2316/3830/3677 2389/3829/3676 2427/3831/3678
f 2316/3830/3677 2427/3831/3678 2376/3832/3679
f 2315/3828/3675 2390/3833/3680 2389/3829/3676
f 2390/3834/3681 2315/3835/3682 2391/3836/3683
f 2391/3836/3683 2315/3835/3682 2333/3837/3684
f 2391/3836/3683 2333/3837/3684 2392/3838/3685
f 2392/3838/3685 2333/3837/3684 2332/3839/3686
f 2392/3838/3685 2332/3839/3686 2393/3840/3687
f 2393/3840/3687 2332/3839/3686 2331/3841/3688
f 2393/3840/3687 2331/3841/3688 2330/3842/3689
f 2429/3843/3690 2377/3844/3691 2427/3845/3692
f 2427/3845/3692 2377/3844/3691 2376/3846/3693
f 2428/3847/3694 2431/3848/3695 2429/3849/3696
f 2429/3849/3696 2431/3848/3695 2430/3850/3697
f 2429/3849/3696 2430/3850/3697 2374/3851/3698
f 2373/3852/3699 2377/3853/3700 2374/3851/3698
f 2374/3851/3698 2377/3853/3700 2429/3849/3696
f 2433/3854/3701 2454/3855/3702 2432/3856/3703
f 2432/3856/3703 2454/3855/3702 2455/3857/3704
f 2432/3856/3703 2455/3857/3704 2456/3858/3705
f 2456/3858/3705 2455/3857/3704 2473/3859/3706
f 2456/3858/3705 2473/3859/3706 2472/3860/3707
f 2472/3860/3707 2473/3859/3706 2464/3861/3708
f 2472/3860/3707 2464/3861/3708 2465/3862/3709
f 2465/3862/3709 2464/3861/3708 2480/3863/3710
f 2465/3862/3709 2480/3863/3710 2479/3864/3711
f 2479/3864/3711 2480/3863/3710 2440/3865/3712
f 2479/3864/3711 2440/3865/3712 2478/3866/3713
f 2478/3866/3713 2440/3865/3712 2441/3867/3714
f 2478/3866/3713 2441/3867/3714 2477/3868/3715
f 2477/3868/3715 2441/3867/3714 2442/3869/3716
f 2477/3868/3715 2442/3869/3716 2452/3870/3717
f 2452/3870/3717 2442/3869/3716 2443/3871/3718
f 2452/3870/3717 2443/3871/3718 2445/3872/3719
f 2445/3872/3719 2443/3871/3718 2444/3873/3720
f 2434/3874/3721 2435/3875/3722 2433/3854/3701
f 2433/3854/3701 2435/3875/3722 2451/3876/3723
f 2433/3854/3701 2451/3876/3723 2476/3877/3724
f 2476/3877/3724 2451/3876/3723 2461/3878/3725
f 2476/3877/3724 2461/3878/3725 2475/3879/3726
f 2475/3879/3726 2461/3878/3725 2462/3880/3727
f 2475/3879/3726 2462/3880/3727 2474/3881/3728
f 2474/3881/3728 2462/3880/3727 2463/3882/3729
f 2474/3881/3728 2463/3882/3729 2473/3859/3706
f 2473/3859/3706 2463/3882/3729 2464/3861/3708
f 2435/3875/3722 2436/3883/3730 2451/3876/3723
f 2451/3876/3723 2436/3883/3730 2485/3884/3731
f 2451/3876/3723 2485/3884/3731 2484/3885/3732
f 2484/3885/3732 2485/3884/3731 2437/3886/3733
f 2484/3885/3732 2437/3886/3733 2438/3887/3734
f 2436/3883/3730 2437/3886/3733 2485/3884/3731
f 2439/3888/3735 2482/3889/3736 2438/3887/3734
f 2438/3887/3734 2482/3889/3736 2483/3890/3737
f 2438/3887/3734 2483/3890/3737 2484/3885/3732
f 2484/3885/3732 2483/3890/3737 2461/3878/3725
f 2484/3885/3732 2461/3878/3725 2451/3876/3723
f 2440/3865/3712 2480/3863/3710 2439/3888/3735
f 2439/3888/3735 2480/3863/3710 2481/3891/3738
f 2439/3888/3735 2481/3891/3738 2482/3889/3736
f 2482/3889/3736 2481/3891/3738 2463/3882/3729
f 2482/3889/3736 2463/3882/3729 2462/3880/3727
f 2446/3892/3739 2453/3893/3740 2445/3872/3719
f 2445/3872/3719 2453/3893/3740 2468/3894/3741
f 2445/3872/3719 2468/3894/3741 2452/3870/3717
f 2452/3870/3717 2468/3894/3741 2469/3895/3742
f 2452/3870/3717 2469/3895/3742 2467/3896/3743
f 2467/3896/3743 2469/3895/3742 2470/3897/3744
f 2467/3896/3743 2470/3897/3744 2466/3898/3745
f 2466/3898/3745 2470/3897/3744 2471/3899/3746
f 2466/3898/3745 2471/3899/3746 2465/3862/3709
f 2465/3862/3709 2471/3899/3746 2472/3860/3707
f 2446/3892/3739 2447/3900/3747 2453/3893/3740
f 2453/3893/3740 2447/3900/3747 2448/3901/3748
f 2453/3893/3740 2448/3901/3748 2460/3902/3749
f 2460/3902/3749 2448/3901/3748 2459/3903/3750
f 2460/3902/3749 2459/3903/3750 2469/3895/3742
f 2469/3895/3742 2459/3903/3750 2470/3897/3744
f 2448/3901/3748 2449/3904/3751 2459/3903/3750
f 2459/3903/3750 2449/3904/3751 2458/3905/3752
f 2459/3903/3750 2458/3905/3752 2470/3897/3744
f 2470/3897/3744 2458/3905/3752 2471/3899/3746
f 2449/3904/3751 2450/3906/3753 2458/3905/3752
f 2458/3905/3752 2450/3906/3753 2457/3907/3754
f 2458/3905/3752 2457/3907/3754 2471/3899/3746
f 2471/3899/3746 2457/3907/3754 2472/3860/3707
f 2457/3907/3754 2450/3906/3753 2456/3858/3705
f 2456/3858/3705 2450/3906/3753 2432/3856/3703
f 2475/3879/3726 2474/3881/3728 2454/3855/3702
f 2454/3855/3702 2474/3881/3728 2455/3857/3704
f 2472/3860/3707 2457/3907/3754 2456/3858/3705
f 2474/3881/3728 2473/3859/3706 2455/3857/3704
f 2468/3894/3741 2453/3893/3740 2460/3902/3749
f 2468/3894/3741 2460/3902/3749 2469/3895/3742
f 2482/3889/3736 2462/3880/3727 2483/3890/3737
f 2483/3890/3737 2462/3880/3727 2461/3878/3725
f 2480/3863/3710 2464/3861/3708 2481/3891/3738
f 2481/3891/3738 2464/3861/3708 2463/3882/3729
f 2465/3862/3709 2479/3864/3711 2466/3898/3745
f 2466/3898/3745 2479/3864/3711 2478/3866/3713
f 2466/3898/3745 2478/3866/3713 2467/3896/3743
f 2467/3896/3743 2478/3866/3713 2477/3868/3715
f 2467/3896/3743 2477/3868/3715 2452/3870/3717
f 2476/3877/3724 2475/3879/3726 2454/3855/3702
f 2433/3854/3701 2476/3877/3724 2454/3855/3702
f 2446/3908/3755 2445/3909/3756 2489/3910/3757
f 2489/3910/3757 2445/3909/3756 2488/3911/3758
f 2488/3911/3758 2445/3909/3756 2487/3912/3759
f 2487/3912/3759 2445/3909/3756 2444/3913/3760
f 2487/3912/3759 2444/3913/3760 2486/3914/3761
f 2486/3915/3762 2444/3916/3763 2492/3917/3764
f 2492/3917/3764 2444/3916/3763 2443/3918/3765
f 2492/3917/3764 2443/3918/3765 2442/3919/3766
f 2442/3919/3766 2441/3920/3767 2492/3917/3764
f 2492/3917/3764 2441/3920/3767 2440/3921/3768
f 2492/3917/3764 2440/3921/3768 2439/3922/3769
f 2439/3922/3769 2490/3923/3770 2492/3917/3764
f 2492/3917/3764 2490/3923/3770 2491/3924/3771
f 2492/3917/3764 2491/3924/3771 2486/3915/3762
f 2490/3925/3772 2439/3926/3773 2494/3927/3774
f 2494/3927/3774 2439/3926/3773 2438/3928/3775
f 2494/3927/3774 2438/3928/3775 2437/3929/3776
f 2437/3929/3776 2436/3930/3777 2494/3927/3774
f 2494/3927/3774 2436/3930/3777 2435/3931/3778
f 2494/3927/3774 2435/3931/3778 2434/3932/3779
f 2434/3932/3779 2493/3933/3780 2494/3927/3774
f 2434/3934/3721 2433/3935/3781 2493/3936/3782
f 2510/3937/3783 2447/3938/3784 2512/3939/3785
f 2512/3939/3785 2447/3938/3784 2446/3940/3786
f 2512/3939/3785 2446/3940/3786 2518/3941/3787
f 2518/3941/3787 2446/3940/3786 2489/3942/3788
f 2518/3941/3787 2489/3942/3788 2488/3943/3789
f 2518/3941/3787 2488/3943/3789 2511/3944/3790
f 2511/3944/3790 2488/3943/3789 2487/3945/3791
f 2511/3944/3790 2487/3945/3791 2495/3946/3792
f 2495/3946/3792 2487/3945/3791 2486/3947/3793
f 2495/3946/3792 2496/3948/3794 2511/3944/3790
f 2511/3944/3790 2496/3948/3794 2497/3949/3795
f 2511/3944/3790 2497/3949/3795 2534/3950/3796
f 2534/3950/3796 2497/3949/3795 2498/3951/3797
f 2534/3950/3796 2498/3951/3797 2535/3952/3798
f 2535/3952/3798 2498/3951/3797 2536/3953/3799
f 2535/3952/3798 2536/3953/3799 2527/3954/3800
f 2527/3954/3800 2536/3953/3799 2528/3955/3801
f 2527/3954/3800 2528/3955/3801 2520/3956/3802
f 2520/3956/3802 2528/3955/3801 2521/3957/3803
f 2520/3956/3802 2521/3957/3803 2514/3958/3804
f 2514/3958/3804 2521/3957/3803 2515/3959/3805
f 2514/3958/3804 2515/3959/3805 2509/3960/3806
f 2509/3960/3806 2515/3959/3805 2508/3961/3807
f 2508/3961/3807 2515/3959/3805 2516/3962/3808
f 2508/3961/3807 2516/3962/3808 2517/3963/3809
f 2517/3963/3809 2516/3962/3808 2523/3964/3810
f 2517/3963/3809 2523/3964/3810 2524/3965/3811
f 2524/3965/3811 2523/3964/3810 2531/3966/3812
f 2524/3965/3811 2531/3966/3812 2532/3967/3813
f 2532/3967/3813 2531/3966/3812 2540/3968/3814
f 2532/3967/3813 2540/3968/3814 2501/3969/3815
f 2501/3969/3815 2540/3968/3814 2500/3970/3816
f 2500/3970/3816 2540/3968/3814 2539/3971/3817
f 2500/3970/3816 2539/3971/3817 2538/3972/3818
f 2538/3972/3818 2539/3971/3817 2530/3973/3819
f 2538/3972/3818 2530/3973/3819 2529/3974/3820
f 2529/3974/3820 2530/3973/3819 2522/3975/3821
f 2529/3974/3820 2522/3975/3821 2521/3957/3803
f 2521/3957/3803 2522/3975/3821 2515/3959/3805
f 2536/3953/3799 2498/3951/3797 2541/3976/3822
f 2541/3976/3822 2498/3951/3797 2499/3977/3823
f 2541/3976/3822 2499/3977/3823 2542/3978/3824
f 2542/3978/3824 2499/3977/3823 2543/3979/3825
f 2542/3978/3824 2543/3979/3825 2537/3980/3826
f 2537/3980/3826 2543/3979/3825 2538/3972/3818
f 2537/3980/3826 2538/3972/3818 2529/3974/3820
f 2499/3977/3823 2500/3970/3816 2543/3979/3825
f 2543/3979/3825 2500/3970/3816 2538/3972/3818
f 2532/3967/3813 2501/3969/3815 2533/3981/3827
f 2533/3981/3827 2501/3969/3815 2502/3982/3828
f 2533/3981/3827 2502/3982/3828 2503/3983/3829
f 2533/3981/3827 2503/3983/3829 2506/3984/3830
f 2506/3984/3830 2503/3983/3829 2504/3985/3831
f 2506/3984/3830 2504/3985/3831 2505/3986/3832
f 2533/3981/3827 2506/3984/3830 2525/3987/3833
f 2525/3987/3833 2506/3984/3830 2507/3988/3834
f 2525/3987/3833 2507/3988/3834 2524/3965/3811
f 2524/3965/3811 2507/3988/3834 2517/3963/3809
f 2507/3988/3834 2508/3961/3807 2517/3963/3809
f 2514/3958/3804 2509/3960/3806 2513/3989/3835
f 2513/3989/3835 2509/3960/3806 2510/3937/3783
f 2513/3989/3835 2510/3937/3783 2512/3939/3785
f 2520/3956/3802 2514/3958/3804 2513/3989/3835
f 2513/3989/3835 2512/3939/3785 2519/3990/3836
f 2519/3990/3836 2512/3939/3785 2518/3941/3787
f 2519/3990/3836 2518/3941/3787 2526/3991/3837
f 2526/3991/3837 2518/3941/3787 2511/3944/3790
f 2526/3991/3837 2511/3944/3790 2534/3950/3796
f 2523/3964/3810 2516/3962/3808 2522/3975/3821
f 2522/3975/3821 2516/3962/3808 2515/3959/3805
f 2527/3954/3800 2520/3956/3802 2519/3990/3836
f 2519/3990/3836 2520/3956/3802 2513/3989/3835
f 2527/3954/3800 2519/3990/3836 2526/3991/3837
f 2529/3974/3820 2521/3957/3803 2528/3955/3801
f 2531/3966/3812 2523/3964/3810 2530/3973/3819
f 2530/3973/3819 2523/3964/3810 2522/3975/3821
f 2533/3981/3827 2525/3987/3833 2532/3967/3813
f 2532/3967/3813 2525/3987/3833 2524/3965/3811
f 2535/3952/3798 2527/3954/3800 2526/3991/3837
f 2535/3952/3798 2526/3991/3837 2534/3950/3796
f 2537/3980/3826 2529/3974/3820 2528/3955/3801
f 2537/3980/3826 2528/3955/3801 2536/3953/3799
f 2540/3968/3814 2531/3966/3812 2539/3971/3817
f 2539/3971/3817 2531/3966/3812 2530/3973/3819
f 2542/3978/3824 2537/3980/3826 2536/3953/3799
f 2541/3976/3822 2542/3978/3824 2536/3953/3799
f 2506/3992/3838 2505/3993/3832 2544/3994/3839
f 2544/3995/3840 2505/3996/3841 2546/3997/3842
f 2546/3997/3842 2505/3996/3841 2504/3998/3843
f 2546/3997/3842 2504/3998/3843 2503/3999/3844
f 2503/3999/3844 2502/4000/3845 2546/3997/3842
f 2546/3997/3842 2502/4000/3845 2501/4001/3846
f 2546/3997/3842 2501/4001/3846 2500/4002/3847
f 2500/4002/3847 2499/4003/3848 2546/3997/3842
f 2546/3997/3842 2499/4003/3848 2545/4004/3849
f 2545/4005/3850 2499/4006/3851 2548/4007/3852
f 2548/4007/3852 2499/4006/3851 2498/4008/3853
f 2548/4007/3852 2498/4008/3853 2497/4009/3854
f 2548/4007/3852 2497/4009/3854 2547/4010/3855
f 2547/4010/3855 2497/4009/3854 2496/4011/3856
f 2547/4010/3855 2496/4011/3856 2491/4012/3857
f 2491/4012/3857 2496/4011/3856 2495/4013/3858
f 2491/4012/3857 2495/4013/3858 2486/4014/3859
f 2432/4015/3860 2506/4016/3861 2433/4017/3862
f 2433/4017/3862 2506/4016/3861 2544/4018/3863
f 2433/4017/3862 2544/4018/3863 2493/4019/3864
f 2432/4015/3860 2507/4020/3865 2506/4016/3861
f 2507/4021/3866 2432/4022/3867 2508/4023/3868
f 2508/4023/3868 2432/4022/3867 2450/4024/3869
f 2508/4023/3868 2450/4024/3869 2509/4025/3870
f 2509/4025/3870 2450/4024/3869 2449/4026/3871
f 2509/4025/3870 2449/4026/3871 2510/4027/3872
f 2510/4027/3872 2449/4026/3871 2448/4028/3873
f 2510/4027/3872 2448/4028/3873 2447/4029/3874
f 2546/4030/3875 2494/4031/3876 2544/4032/3877
f 2544/4032/3877 2494/4031/3876 2493/4033/3878
f 2545/4034/3879 2548/4035/3880 2546/4036/3881
f 2546/4036/3881 2548/4035/3880 2547/4037/3882
f 2546/4036/3881 2547/4037/3882 2491/4038/3883
f 2490/4039/3884 2494/4040/3885 2491/4038/3883
f 2491/4038/3883 2494/4040/3885 2546/4036/3881
f 2550/4041/3886 2571/4042/3887 2549/4043/3888
f 2549/4043/3888 2571/4042/3887 2572/4044/3889
f 2549/4043/3888 2572/4044/3889 2573/4045/3890
f 2573/4045/3890 2572/4044/3889 2590/4046/3891
f 2573/4045/3890 2590/4046/3891 2589/4047/3892
f 2589/4047/3892 2590/4046/3891 2581/4048/3893
f 2589/4047/3892 2581/4048/3893 2582/4049/3894
f 2582/4049/3894 2581/4048/3893 2597/4050/3895
f 2582/4049/3894 2597/4050/3895 2596/4051/3896
f 2596/4051/3896 2597/4050/3895 2557/4052/3897
f 2596/4051/3896 2557/4052/3897 2595/4053/3898
f 2595/4053/3898 2557/4052/3897 2558/4054/3899
f 2595/4053/3898 2558/4054/3899 2594/4055/3900
f 2594/4055/3900 2558/4054/3899 2559/4056/3901
f 2594/4055/3900 2559/4056/3901 2569/4057/3902
f 2569/4057/3902 2559/4056/3901 2560/4058/3903
f 2569/4057/3902 2560/4058/3903 2562/4059/3904
f 2562/4059/3904 2560/4058/3903 2561/4060/3905
f 2551/4061/3906 2552/4062/3907 2550/4041/3886
f 2550/4041/3886 2552/4062/3907 2568/4063/3908
f 2550/4041/3886 2568/4063/3908 2593/4064/3909
f 2593/4064/3909 2568/4063/3908 2578/4065/3910
f 2593/4064/3909 2578/4065/3910 2592/4066/3911
f 2592/4066/3911 2578/4065/3910 2579/4067/3912
f 2592/4066/3911 2579/4067/3912 2591/4068/3913
f 2591/4068/3913 2579/4067/3912 2580/4069/3914
f 2591/4068/3913 2580/4069/3914 2590/4046/3891
f 2590/4046/3891 2580/4069/3914 2581/4048/3893
f 2552/4062/3907 2553/4070/3915 2568/4063/3908
f 2568/4063/3908 2553/4070/3915 2602/4071/3916
f 2568/4063/3908 2602/4071/3916 2601/4072/3917
f 2601/4072/3917 2602/4071/3916 2554/4073/3918
f 2601/4072/3917 2554/4073/3918 2555/4074/3919
f 2553/4070/3915 2554/4073/3918 2602/4071/3916
f 2556/4075/3920 2599/4076/3921 2555/4074/3919
f 2555/4074/3919 2599/4076/3921 2600/4077/3922
f 2555/4074/3919 2600/4077/3922 2601/4072/3917
f 2601/4072/3917 2600/4077/3922 2578/4065/3910
f 2601/4072/3917 2578/4065/3910 2568/4063/3908
f 2557/4052/3897 2597/4050/3895 2556/4075/3920
f 2556/4075/3920 2597/4050/3895 2598/4078/3923
f 2556/4075/3920 2598/4078/3923 2599/4076/3921
f 2599/4076/3921 2598/4078/3923 2580/4069/3914
f 2599/4076/3921 2580/4069/3914 2579/4067/3912
f 2563/4079/3924 2570/4080/3925 2562/4059/3904
f 2562/4059/3904 2570/4080/3925 2585/4081/3926
f 2562/4059/3904 2585/4081/3926 2569/4057/3902
f 2569/4057/3902 2585/4081/3926 2586/4082/3927
f 2569/4057/3902 2586/4082/3927 2584/4083/3928
f 2584/4083/3928 2586/4082/3927 2587/4084/3929
f 2584/4083/3928 2587/4084/3929 2583/4085/3930
f 2583/4085/3930 2587/4084/3929 2588/4086/3931
f 2583/4085/3930 2588/4086/3931 2582/4049/3894
f 2582/4049/3894 2588/4086/3931 2589/4047/3892
f 2563/4079/3924 2564/4087/3932 2570/4080/3925
f 2570/4080/3925 2564/4087/3932 2565/4088/3933
f 2570/4080/3925 2565/4088/3933 2577/4089/3934
f 2577/4089/3934 2565/4088/3933 2576/4090/3935
f 2577/4089/3934 2576/4090/3935 2586/4082/3927
f 2586/4082/3927 2576/4090/3935 2587/4084/3929
f 2565/4088/3933 2566/4091/3936 2576/4090/3935
f 2576/4090/3935 2566/4091/3936 2575/4092/3937
f 2576/4090/3935 2575/4092/3937 2587/4084/3929
f 2587/4084/3929 2575/4092/3937 2588/4086/3931
f 2566/4091/3936 2567/4093/3938 2575/4092/3937
f 2575/4092/3937 2567/4093/3938 2574/4094/3939
f 2575/4092/3937 2574/4094/3939 2588/4086/3931
f 2588/4086/3931 2574/4094/3939 2589/4047/3892
f 2574/4094/3939 2567/4093/3938 2573/4045/3890
f 2573/4045/3890 2567/4093/3938 2549/4043/3888
f 2592/4066/3911 2591/4068/3913 2571/4042/3887
f 2571/4042/3887 2591/4068/3913 2572/4044/3889
f 2589/4047/3892 2574/4094/3939 2573/4045/3890
f 2591/4068/3913 2590/4046/3891 2572/4044/3889
f 2585/4081/3926 2570/4080/3925 2577/4089/3934
f 2585/4081/3926 2577/4089/3934 2586/4082/3927
f 2599/4076/3921 2579/4067/3912 2600/4077/3922
f 2600/4077/3922 2579/4067/3912 2578/4065/3910
f 2597/4050/3895 2581/4048/3893 2598/4078/3923
f 2598/4078/3923 2581/4048/3893 2580/4069/3914
f 2582/4049/3894 2596/4051/3896 2583/4085/3930
f 2583/4085/3930 2596/4051/3896 2595/4053/3898
f 2583/4085/3930 2595/4053/3898 2584/4083/3928
f 2584/4083/3928 2595/4053/3898 2594/4055/3900
f 2584/4083/3928 2594/4055/3900 2569/4057/3902
f 2593/4064/3909 2592/4066/3911 2571/4042/3887
f 2550/4041/3886 2593/4064/3909 2571/4042/3887
f 2563/4095/3940 2562/4096/3941 2606/4097/3942
f 2606/4097/3942 2562/4096/3941 2605/4098/3943
f 2605/4098/3943 2562/4096/3941 2604/4099/3944
f 2604/4099/3944 2562/4096/3941 2561/4100/3945
f 2604/4099/3944 2561/4100/3945 2603/4101/3946
f 2603/4102/3947 2561/4103/3948 2609/4104/3949
f 2609/4104/3949 2561/4103/3948 2560/4105/3950
f 2609/4104/3949 2560/4105/3950 2559/4106/3951
f 2559/4106/3951 2558/4107/3952 2609/4104/3949
f 2609/4104/3949 2558/4107/3952 2557/4108/3953
f 2609/4104/3949 2557/4108/3953 2556/4109/3954
f 2556/4109/3954 2607/4110/3955 2609/4104/3949
f 2609/4104/3949 2607/4110/3955 2608/4111/3956
f 2609/4104/3949 2608/4111/3956 2603/4102/3947
f 2607/4112/3957 2556/4113/3958 2611/4114/3959
f 2611/4114/3959 2556/4113/3958 2555/4115/3960
f 2611/4114/3959 2555/4115/3960 2554/4116/3961
f 2554/4116/3961 2553/4117/3962 2611/4114/3959
f 2611/4114/3959 2553/4117/3962 2552/4118/3963
f 2611/4114/3959 2552/4118/3963 2551/4119/3964
f 2551/4119/3964 2610/4120/3965 2611/4114/3959
f 2551/4121/3906 2550/4122/3966 2610/4123/3967
f 2627/4124/3968 2564/4125/3969 2629/4126/3970
f 2629/4126/3970 2564/4125/3969 2563/4127/3971
f 2629/4126/3970 2563/4127/3971 2635/4128/3972
f 2635/4128/3972 2563/4127/3971 2606/4129/3973
f 2635/4128/3972 2606/4129/3973 2605/4130/3974
f 2635/4128/3972 2605/4130/3974 2628/4131/3975
f 2628/4131/3975 2605/4130/3974 2604/4132/3976
f 2628/4131/3975 2604/4132/3976 2612/4133/3977
f 2612/4133/3977 2604/4132/3976 2603/4134/3978
f 2612/4133/3977 2613/4135/3979 2628/4131/3975
f 2628/4131/3975 2613/4135/3979 2614/4136/3980
f 2628/4131/3975 2614/4136/3980 2651/4137/3981
f 2651/4137/3981 2614/4136/3980 2615/4138/3982
f 2651/4137/3981 2615/4138/3982 2652/4139/3983
f 2652/4139/3983 2615/4138/3982 2653/4140/3984
f 2652/4139/3983 2653/4140/3984 2644/4141/3985
f 2644/4141/3985 2653/4140/3984 2645/4142/3986
f 2644/4141/3985 2645/4142/3986 2637/4143/3987
f 2637/4143/3987 2645/4142/3986 2638/4144/3988
f 2637/4143/3987 2638/4144/3988 2631/4145/3989
f 2631/4145/3989 2638/4144/3988 2632/4146/3990
f 2631/4145/3989 2632/4146/3990 2626/4147/3991
f 2626/4147/3991 2632/4146/3990 2625/4148/3992
f 2625/4148/3992 2632/4146/3990 2633/4149/3993
f 2625/4148/3992 2633/4149/3993 2634/4150/3994
f 2634/4150/3994 2633/4149/3993 2640/4151/3995
f 2634/4150/3994 2640/4151/3995 2641/4152/3996
f 2641/4152/3996 2640/4151/3995 2648/4153/3997
f 2641/4152/3996 2648/4153/3997 2649/4154/3998
f 2649/4154/3998 2648/4153/3997 2657/4155/3999
f 2649/4154/3998 2657/4155/3999 2618/4156/4000
f 2618/4156/4000 2657/4155/3999 2617/4157/4001
f 2617/4157/4001 2657/4155/3999 2656/4158/4002
f 2617/4157/4001 2656/4158/4002 2655/4159/4003
f 2655/4159/4003 2656/4158/4002 2647/4160/4004
f 2655/4159/4003 2647/4160/4004 2646/4161/4005
f 2646/4161/4005 2647/4160/4004 2639/4162/4006
f 2646/4161/4005 2639/4162/4006 2638/4144/3988
f 2638/4144/3988 2639/4162/4006 2632/4146/3990
f 2653/4140/3984 2615/4138/3982 2658/4163/4007
f 2658/4163/4007 2615/4138/3982 2616/4164/4008
f 2658/4163/4007 2616/4164/4008 2659/4165/4009
f 2659/4165/4009 2616/4164/4008 2660/4166/4010
f 2659/4165/4009 2660/4166/4010 2654/4167/4011
f 2654/4167/4011 2660/4166/4010 2655/4159/4003
f 2654/4167/4011 2655/4159/4003 2646/4161/4005
f 2616/4164/4008 2617/4157/4001 2660/4166/4010
f 2660/4166/4010 2617/4157/4001 2655/4159/4003
f 2649/4154/3998 2618/4156/4000 2650/4168/4012
f 2650/4168/4012 2618/4156/4000 2619/4169/4013
f 2650/4168/4012 2619/4169/4013 2620/4170/4014
f 2650/4168/4012 2620/4170/4014 2623/4171/4015
f 2623/4171/4015 2620/4170/4014 2621/4172/4016
f 2623/4171/4015 2621/4172/4016 2622/4173/4017
f 2650/4168/4012 2623/4171/4015 2642/4174/4018
f 2642/4174/4018 2623/4171/4015 2624/4175/4019
f 2642/4174/4018 2624/4175/4019 2641/4152/3996
f 2641/4152/3996 2624/4175/4019 2634/4150/3994
f 2624/4175/4019 2625/4148/3992 2634/4150/3994
f 2631/4145/3989 2626/4147/3991 2630/4176/4020
f 2630/4176/4020 2626/4147/3991 2627/4124/3968
f 2630/4176/4020 2627/4124/3968 2629/4126/3970
f 2637/4143/3987 2631/4145/3989 2630/4176/4020
f 2630/4176/4020 2629/4126/3970 2636/4177/4021
f 2636/4177/4021 2629/4126/3970 2635/4128/3972
f 2636/4177/4021 2635/4128/3972 2643/4178/4022
f 2643/4178/4022 2635/4128/3972 2628/4131/3975
f 2643/4178/4022 2628/4131/3975 2651/4137/3981
f 2640/4151/3995 2633/4149/3993 2639/4162/4006
f 2639/4162/4006 2633/4149/3993 2632/4146/3990
f 2644/4141/3985 2637/4143/3987 2636/4177/4021
f 2636/4177/4021 2637/4143/3987 2630/4176/4020
f 2644/4141/3985 2636/4177/4021 2643/4178/4022
f 2646/4161/4005 2638/4144/3988 2645/4142/3986
f 2648/4153/3997 2640/4151/3995 2647/4160/4004
f 2647/4160/4004 2640/4151/3995 2639/4162/4006
f 2650/4168/4012 2642/4174/4018 2649/4154/3998
f 2649/4154/3998 2642/4174/4018 2641/4152/3996
f 2652/4139/3983 2644/4141/3985 2643/4178/4022
f 2652/4139/3983 2643/4178/4022 2651/4137/3981
f 2654/4167/4011 2646/4161/4005 2645/4142/3986
f 2654/4167/4011 2645/4142/3986 2653/4140/3984
f 2657/4155/3999 2648/4153/3997 2656/4158/4002
f 2656/4158/4002 2648/4153/3997 2647/4160/4004
f 2659/4165/4009 2654/4167/4011 2653/4140/3984
f 2658/4163/4007 2659/4165/4009 2653/4140/3984
f 2623/4179/4023 2622/4180/4017 2661/4181/4024
f 2661/4182/4025 2622/4183/4026 2663/4184/4027
f 2663/4184/4027 2622/4183/4026 2621/4185/4028
f 2663/4184/4027 2621/4185/4028 2620/4186/4029
f 2620/4186/4029 2619/4187/4030 2663/4184/4027
f 2663/4184/4027 2619/4187/4030 2618/4188/4031
f 2663/4184/4027 2618/4188/4031 2617/4189/4032
f 2617/4189/4032 2616/4190/4033 2663/4184/4027
f 2663/4184/4027 2616/4190/4033 2662/4191/4034
f 2662/4192/4035 2616/4193/4036 2665/4194/4037
f 2665/4194/4037 2616/4193/4036 2615/4195/4038
f 2665/4194/4037 2615/4195/4038 2614/4196/4039
f 2665/4194/4037 2614/4196/4039 2664/4197/4040
f 2664/4197/4040 2614/4196/4039 2613/4198/4041
f 2664/4197/4040 2613/4198/4041 2608/4199/4042
f 2608/4199/4042 2613/4198/4041 2612/4200/4043
f 2608/4199/4042 2612/4200/4043 2603/4201/4044
f 2549/4202/4045 2623/4203/4046 2550/4204/4047
f 2550/4204/4047 2623/4203/4046 2661/4205/4048
f 2550/4204/4047 2661/4205/4048 2610/4206/4049
f 2549/4202/4045 2624/4207/4050 2623/4203/4046
f 2624/4208/4051 2549/4209/4052 2625/4210/4053
f 2625/4210/4053 2549/4209/4052 2567/4211/4054
f 2625/4210/4053 2567/4211/4054 2626/4212/4055
f 2626/4212/4055 2567/4211/4054 2566/4213/4056
f 2626/4212/4055 2566/4213/4056 2627/4214/4057
f 2627/4214/4057 2566/4213/4056 2565/4215/4058
f 2627/4214/4057 2565/4215/4058 2564/4216/4059
f 2663/4217/4060 2611/4218/4061 2661/4219/4062
f 2661/4219/4062 2611/4218/4061 2610/4220/4063
f 2662/4221/4064 2665/4222/4065 2663/4223/4066
f 2663/4223/4066 2665/4222/4065 2664/4224/4067
f 2663/4223/4066 2664/4224/4067 2608/4225/4068
f 2607/4226/4069 2611/4227/4070 2608/4225/4068
f 2608/4225/4068 2611/4227/4070 2663/4223/4066
f 2667/4228/4071 2688/4229/4072 2666/4230/4073
f 2666/4230/4073 2688/4229/4072 2689/4231/4074
f 2666/4230/4073 2689/4231/4074 2690/4232/4075
f 2690/4232/4075 2689/4231/4074 2707/4233/4076
f 2690/4232/4075 2707/4233/4076 2706/4234/4077
f 2706/4234/4077 2707/4233/4076 2698/4235/4078
f 2706/4234/4077 2698/4235/4078 2699/4236/4079
f 2699/4236/4079 2698/4235/4078 2714/4237/4080
f 2699/4236/4079 2714/4237/4080 2713/4238/4081
f 2713/4238/4081 2714/4237/4080 2674/4239/4082
f 2713/4238/4081 2674/4239/4082 2712/4240/4083
f 2712/4240/4083 2674/4239/4082 2675/4241/4084
f 2712/4240/4083 2675/4241/4084 2711/4242/4085
f 2711/4242/4085 2675/4241/4084 2676/4243/4086
f 2711/4242/4085 2676/4243/4086 2686/4244/4087
f 2686/4244/4087 2676/4243/4086 2677/4245/4088
f 2686/4244/4087 2677/4245/4088 2679/4246/4089
f 2679/4246/4089 2677/4245/4088 2678/4247/4090
f 2668/4248/4091 2669/4249/4092 2667/4228/4071
f 2667/4228/4071 2669/4249/4092 2685/4250/4093
f 2667/4228/4071 2685/4250/4093 2710/4251/4094
f 2710/4251/4094 2685/4250/4093 2695/4252/4095
f 2710/4251/4094 2695/4252/4095 2709/4253/4096
f 2709/4253/4096 2695/4252/4095 2696/4254/4097
f 2709/4253/4096 2696/4254/4097 2708/4255/4098
f 2708/4255/4098 2696/4254/4097 2697/4256/4099
f 2708/4255/4098 2697/4256/4099 2707/4233/4076
f 2707/4233/4076 2697/4256/4099 2698/4235/4078
f 2669/4249/4092 2670/4257/4100 2685/4250/4093
f 2685/4250/4093 2670/4257/4100 2719/4258/4101
f 2685/4250/4093 2719/4258/4101 2718/4259/4102
f 2718/4259/4102 2719/4258/4101 2671/4260/4103
f 2718/4259/4102 2671/4260/4103 2672/4261/4104
f 2670/4257/4100 2671/4260/4103 2719/4258/4101
f 2673/4262/4105 2716/4263/4106 2672/4261/4104
f 2672/4261/4104 2716/4263/4106 2717/4264/4107
f 2672/4261/4104 2717/4264/4107 2718/4259/4102
f 2718/4259/4102 2717/4264/4107 2695/4252/4095
f 2718/4259/4102 2695/4252/4095 2685/4250/4093
f 2674/4239/4082 2714/4237/4080 2673/4262/4105
f 2673/4262/4105 2714/4237/4080 2715/4265/4108
f 2673/4262/4105 2715/4265/4108 2716/4263/4106
f 2716/4263/4106 2715/4265/4108 2697/4256/4099
f 2716/4263/4106 2697/4256/4099 2696/4254/4097
f 2680/4266/4109 2687/4267/4110 2679/4246/4089
f 2679/4246/4089 2687/4267/4110 2702/4268/4111
f 2679/4246/4089 2702/4268/4111 2686/4244/4087
f 2686/4244/4087 2702/4268/4111 2703/4269/4112
f 2686/4244/4087 2703/4269/4112 2701/4270/4113
f 2701/4270/4113 2703/4269/4112 2704/4271/4114
f 2701/4270/4113 2704/4271/4114 2700/4272/4115
f 2700/4272/4115 2704/4271/4114 2705/4273/4116
f 2700/4272/4115 2705/4273/4116 2699/4236/4079
f 2699/4236/4079 2705/4273/4116 2706/4234/4077
f 2680/4266/4109 2681/4274/4117 2687/4267/4110
f 2687/4267/4110 2681/4274/4117 2682/4275/4118
f 2687/4267/4110 2682/4275/4118 2694/4276/4119
f 2694/4276/4119 2682/4275/4118 2693/4277/4120
f 2694/4276/4119 2693/4277/4120 2703/4269/4112
f 2703/4269/4112 2693/4277/4120 2704/4271/4114
f 2682/4275/4118 2683/4278/4121 2693/4277/4120
f 2693/4277/4120 2683/4278/4121 2692/4279/4122
f 2693/4277/4120 2692/4279/4122 2704/4271/4114
f 2704/4271/4114 2692/4279/4122 2705/4273/4116
f 2683/4278/4121 2684/4280/4123 2692/4279/4122
f 2692/4279/4122 2684/4280/4123 2691/4281/4124
f 2692/4279/4122 2691/4281/4124 2705/4273/4116
f 2705/4273/4116 2691/4281/4124 2706/4234/4077
f 2691/4281/4124 2684/4280/4123 2690/4232/4075
f 2690/4232/4075 2684/4280/4123 2666/4230/4073
f 2709/4253/4096 2708/4255/4098 2688/4229/4072
f 2688/4229/4072 2708/4255/4098 2689/4231/4074
f 2706/4234/4077 2691/4281/4124 2690/4232/4075
f 2708/4255/4098 2707/4233/4076 2689/4231/4074
f 2702/4268/4111 2687/4267/4110 2694/4276/4119
f 2702/4268/4111 2694/4276/4119 2703/4269/4112
f 2716/4263/4106 2696/4254/4097 2717/4264/4107
f 2717/4264/4107 2696/4254/4097 2695/4252/4095
f 2714/4237/4080 2698/4235/4078 2715/4265/4108
f 2715/4265/4108 2698/4235/4078 2697/4256/4099
f 2699/4236/4079 2713/4238/4081 2700/4272/4115
f 2700/4272/4115 2713/4238/4081 2712/4240/4083
f 2700/4272/4115 2712/4240/4083 2701/4270/4113
f 2701/4270/4113 2712/4240/4083 2711/4242/4085
f 2701/4270/4113 2711/4242/4085 2686/4244/4087
f 2710/4251/4094 2709/4253/4096 2688/4229/4072
f 2667/4228/4071 2710/4251/4094 2688/4229/4072
f 2680/4282/4125 2679/4283/4126 2723/4284/4127
f 2723/4284/4127 2679/4283/4126 2722/4285/4128
f 2722/4285/4128 2679/4283/4126 2721/4286/4129
f 2721/4286/4129 2679/4283/4126 2678/4287/4130
f 2721/4286/4129 2678/4287/4130 2720/4288/4131
f 2720/4289/4132 2678/4290/4133 2726/4291/4134
f 2726/4291/4134 2678/4290/4133 2677/4292/4135
f 2726/4291/4134 2677/4292/4135 2676/4293/4136
f 2676/4293/4136 2675/4294/4137 2726/4291/4134
f 2726/4291/4134 2675/4294/4137 2674/4295/4138
f 2726/4291/4134 2674/4295/4138 2673/4296/4139
f 2673/4296/4139 2724/4297/4140 2726/4291/4134
f 2726/4291/4134 2724/4297/4140 2725/4298/4141
f 2726/4291/4134 2725/4298/4141 2720/4289/4132
f 2724/4299/4142 2673/4300/4143 2728/4301/4144
f 2728/4301/4144 2673/4300/4143 2672/4302/4145
f 2728/4301/4144 2672/4302/4145 2671/4303/4146
f 2671/4303/4146 2670/4304/4147 2728/4301/4144
f 2728/4301/4144 2670/4304/4147 2669/4305/4148
f 2728/4301/4144 2669/4305/4148 2668/4306/4149
f 2668/4306/4149 2727/4307/4150 2728/4301/4144
f 2668/4308/4091 2667/4309/4151 2727/4310/4152
f 2744/4311/4153 2681/4312/4154 2746/4313/4155
f 2746/4313/4155 2681/4312/4154 2680/4314/4156
f 2746/4313/4155 2680/4314/4156 2752/4315/4157
f 2752/4315/4157 2680/4314/4156 2723/4316/4158
f 2752/4315/4157 2723/4316/4158 2722/4317/4159
f 2752/4315/4157 2722/4317/4159 2745/4318/4160
f 2745/4318/4160 2722/4317/4159 2721/4319/4161
f 2745/4318/4160 2721/4319/4161 2729/4320/4162
f 2729/4320/4162 2721/4319/4161 2720/4321/4163
f 2729/4320/4162 2730/4322/4164 2745/4318/4160
f 2745/4318/4160 2730/4322/4164 2731/4323/4165
f 2745/4318/4160 2731/4323/4165 2768/4324/4166
f 2768/4324/4166 2731/4323/4165 2732/4325/4167
f 2768/4324/4166 2732/4325/4167 2769/4326/4168
f 2769/4326/4168 2732/4325/4167 2770/4327/4169
f 2769/4326/4168 2770/4327/4169 2761/4328/4170
f 2761/4328/4170 2770/4327/4169 2762/4329/4171
f 2761/4328/4170 2762/4329/4171 2754/4330/4172
f 2754/4330/4172 2762/4329/4171 2755/4331/4173
f 2754/4330/4172 2755/4331/4173 2748/4332/4174
f 2748/4332/4174 2755/4331/4173 2749/4333/4175
f 2748/4332/4174 2749/4333/4175 2743/4334/4176
f 2743/4334/4176 2749/4333/4175 2742/4335/4177
f 2742/4335/4177 2749/4333/4175 2750/4336/4178
f 2742/4335/4177 2750/4336/4178 2751/4337/4179
f 2751/4337/4179 2750/4336/4178 2757/4338/4180
f 2751/4337/4179 2757/4338/4180 2758/4339/4181
f 2758/4339/4181 2757/4338/4180 2765/4340/4182
f 2758/4339/4181 2765/4340/4182 2766/4341/4183
f 2766/4341/4183 2765/4340/4182 2774/4342/4184
f 2766/4341/4183 2774/4342/4184 2735/4343/4185
f 2735/4343/4185 2774/4342/4184 2734/4344/4186
f 2734/4344/4186 2774/4342/4184 2773/4345/4187
f 2734/4344/4186 2773/4345/4187 2772/4346/4188
f 2772/4346/4188 2773/4345/4187 2764/4347/4189
f 2772/4346/4188 2764/4347/4189 2763/4348/4190
f 2763/4348/4190 2764/4347/4189 2756/4349/4191
f 2763/4348/4190 2756/4349/4191 2755/4331/4173
f 2755/4331/4173 2756/4349/4191 2749/4333/4175
f 2770/4327/4169 2732/4325/4167 2775/4350/4192
f 2775/4350/4192 2732/4325/4167 2733/4351/4193
f 2775/4350/4192 2733/4351/4193 2776/4352/4194
f 2776/4352/4194 2733/4351/4193 2777/4353/4195
f 2776/4352/4194 2777/4353/4195 2771/4354/4196
f 2771/4354/4196 2777/4353/4195 2772/4346/4188
f 2771/4354/4196 2772/4346/4188 2763/4348/4190
f 2733/4351/4193 2734/4344/4186 2777/4353/4195
f 2777/4353/4195 2734/4344/4186 2772/4346/4188
f 2766/4341/4183 2735/4343/4185 2767/4355/4197
f 2767/4355/4197 2735/4343/4185 2736/4356/4198
f 2767/4355/4197 2736/4356/4198 2737/4357/4199
f 2767/4355/4197 2737/4357/4199 2740/4358/4200
f 2740/4358/4200 2737/4357/4199 2738/4359/4201
f 2740/4358/4200 2738/4359/4201 2739/4360/4202
f 2767/4355/4197 2740/4358/4200 2759/4361/4203
f 2759/4361/4203 2740/4358/4200 2741/4362/4204
f 2759/4361/4203 2741/4362/4204 2758/4339/4181
f 2758/4339/4181 2741/4362/4204 2751/4337/4179
f 2741/4362/4204 2742/4335/4177 2751/4337/4179
f 2748/4332/4174 2743/4334/4176 2747/4363/4205
f 2747/4363/4205 2743/4334/4176 2744/4311/4153
f 2747/4363/4205 2744/4311/4153 2746/4313/4155
f 2754/4330/4172 2748/4332/4174 2747/4363/4205
f 2747/4363/4205 2746/4313/4155 2753/4364/4206
f 2753/4364/4206 2746/4313/4155 2752/4315/4157
f 2753/4364/4206 2752/4315/4157 2760/4365/4207
f 2760/4365/4207 2752/4315/4157 2745/4318/4160
f 2760/4365/4207 2745/4318/4160 2768/4324/4166
f 2757/4338/4180 2750/4336/4178 2756/4349/4191
f 2756/4349/4191 2750/4336/4178 2749/4333/4175
f 2761/4328/4170 2754/4330/4172 2753/4364/4206
f 2753/4364/4206 2754/4330/4172 2747/4363/4205
f 2761/4328/4170 2753/4364/4206 2760/4365/4207
f 2763/4348/4190 2755/4331/4173 2762/4329/4171
f 2765/4340/4182 2757/4338/4180 2764/4347/4189
f 2764/4347/4189 2757/4338/4180 2756/4349/4191
f 2767/4355/4197 2759/4361/4203 2766/4341/4183
f 2766/4341/4183 2759/4361/4203 2758/4339/4181
f 2769/4326/4168 2761/4328/4170 2760/4365/4207
f 2769/4326/4168 2760/4365/4207 2768/4324/4166
f 2771/4354/4196 2763/4348/4190 2762/4329/4171
f 2771/4354/4196 2762/4329/4171 2770/4327/4169
f 2774/4342/4184 2765/4340/4182 2773/4345/4187
f 2773/4345/4187 2765/4340/4182 2764/4347/4189
f 2776/4352/4194 2771/4354/4196 2770/4327/4169
f 2775/4350/4192 2776/4352/4194 2770/4327/4169
f 2740/4366/4208 2739/4367/4202 2778/4368/4209
f 2778/4369/4210 2739/4370/4211 2780/4371/4212
f 2780/4371/4212 2739/4370/4211 2738/4372/4213
f 2780/4371/4212 2738/4372/4213 2737/4373/4214
f 2737/4373/4214 2736/4374/4215 2780/4371/4212
f 2780/4371/4212 2736/4374/4215 2735/4375/4216
f 2780/4371/4212 2735/4375/4216 2734/4376/4217
f 2734/4376/4217 2733/4377/4218 2780/4371/4212
f 2780/4371/4212 2733/4377/4218 2779/4378/4219
f 2779/4379/4220 2733/4380/4221 2782/4381/4222
f 2782/4381/4222 2733/4380/4221 2732/4382/4223
f 2782/4381/4222 2732/4382/4223 2731/4383/4224
f 2782/4381/4222 2731/4383/4224 2781/4384/4225
f 2781/4384/4225 2731/4383/4224 2730/4385/4226
f 2781/4384/4225 2730/4385/4226 2725/4386/4227
f 2725/4386/4227 2730/4385/4226 2729/4387/4228
f 2725/4386/4227 2729/4387/4228 2720/4388/4229
f 2666/4389/4230 2740/4390/4231 2667/4391/4232
f 2667/4391/4232 2740/4390/4231 2778/4392/4233
f 2667/4391/4232 2778/4392/4233 2727/4393/4234
f 2666/4389/4230 2741/4394/4235 2740/4390/4231
f 2741/4395/4236 2666/4396/4237 2742/4397/4238
f 2742/4397/4238 2666/4396/4237 2684/4398/4239
f 2742/4397/4238 2684/4398/4239 2743/4399/4240
f 2743/4399/4240 2684/4398/4239 2683/4400/4241
f 2743/4399/4240 2683/4400/4241 2744/4401/4242
f 2744/4401/4242 2683/4400/4241 2682/4402/4243
f 2744/4401/4242 2682/4402/4243 2681/4403/4244
f 2780/4404/4245 2728/4405/4246 2778/4406/4247
f 2778/4406/4247 2728/4405/4246 2727/4407/4248
f 2779/4408/4249 2782/4409/4250 2780/4410/4251
f 2780/4410/4251 2782/4409/4250 2781/4411/4252
f 2780/4410/4251 2781/4411/4252 2725/4412/4253
f 2724/4413/4254 2728/4414/4255 2725/4412/4253
f 2725/4412/4253 2728/4414/4255 2780/4410/4251
f 2784/4415/4256 2805/4416/4257 2783/4417/4258
f 2783/4417/4258 2805/4416/4257 2806/4418/4259
f 2783/4417/4258 2806/4418/4259 2807/4419/4260
f 2807/4419/4260 2806/4418/4259 2824/4420/4261
f 2807/4419/4260 2824/4420/4261 2823/4421/4262
f 2823/4421/4262 2824/4420/4261 2815/4422/4263
f 2823/4421/4262 2815/4422/4263 2816/4423/4264
f 2816/4423/4264 2815/4422/4263 2831/4424/4265
f 2816/4423/4264 2831/4424/4265 2830/4425/4266
f 2830/4425/4266 2831/4424/4265 2791/4426/4267
f 2830/4425/4266 2791/4426/4267 2829/4427/4268
f 2829/4427/4268 2791/4426/4267 2792/4428/4269
f 2829/4427/4268 2792/4428/4269 2828/4429/4270
f 2828/4429/4270 2792/4428/4269 2793/4430/4271
f 2828/4429/4270 2793/4430/4271 2803/4431/4272
f 2803/4431/4272 2793/4430/4271 2794/4432/4273
f 2803/4431/4272 2794/4432/4273 2796/4433/4274
f 2796/4433/4274 2794/4432/4273 2795/4434/4275
f 2785/4435/4276 2786/4436/4277 2784/4415/4256
f 2784/4415/4256 2786/4436/4277 2802/4437/4278
f 2784/4415/4256 2802/4437/4278 2827/4438/4279
f 2827/4438/4279 2802/4437/4278 2812/4439/4280
f 2827/4438/4279 2812/4439/4280 2826/4440/4281
f 2826/4440/4281 2812/4439/4280 2813/4441/4282
f 2826/4440/4281 2813/4441/4282 2825/4442/4283
f 2825/4442/4283 2813/4441/4282 2814/4443/4284
f 2825/4442/4283 2814/4443/4284 2824/4420/4261
f 2824/4420/4261 2814/4443/4284 2815/4422/4263
f 2786/4436/4277 2787/4444/4285 2802/4437/4278
f 2802/4437/4278 2787/4444/4285 2836/4445/4286
f 2802/4437/4278 2836/4445/4286 2835/4446/4287
f 2835/4446/4287 2836/4445/4286 2788/4447/4288
f 2835/4446/4287 2788/4447/4288 2789/4448/4289
f 2787/4444/4285 2788/4447/4288 2836/4445/4286
f 2790/4449/4290 2833/4450/4291 2789/4448/4289
f 2789/4448/4289 2833/4450/4291 2834/4451/4292
f 2789/4448/4289 2834/4451/4292 2835/4446/4287
f 2835/4446/4287 2834/4451/4292 2812/4439/4280
f 2835/4446/4287 2812/4439/4280 2802/4437/4278
f 2791/4426/4267 2831/4424/4265 2790/4449/4290
f 2790/4449/4290 2831/4424/4265 2832/4452/4293
f 2790/4449/4290 2832/4452/4293 2833/4450/4291
f 2833/4450/4291 2832/4452/4293 2814/4443/4284
f 2833/4450/4291 2814/4443/4284 2813/4441/4282
f 2797/4453/4294 2804/4454/4295 2796/4433/4274
f 2796/4433/4274 2804/4454/4295 2819/4455/4296
f 2796/4433/4274 2819/4455/4296 2803/4431/4272
f 2803/4431/4272 2819/4455/4296 2820/4456/4297
f 2803/4431/4272 2820/4456/4297 2818/4457/4298
f 2818/4457/4298 2820/4456/4297 2821/4458/4299
f 2818/4457/4298 2821/4458/4299 2817/4459/4300
f 2817/4459/4300 2821/4458/4299 2822/4460/4301
f 2817/4459/4300 2822/4460/4301 2816/4423/4264
f 2816/4423/4264 2822/4460/4301 2823/4421/4262
f 2797/4453/4294 2798/4461/4302 2804/4454/4295
f 2804/4454/4295 2798/4461/4302 2799/4462/4303
f 2804/4454/4295 2799/4462/4303 2811/4463/4304
f 2811/4463/4304 2799/4462/4303 2810/4464/4305
f 2811/4463/4304 2810/4464/4305 2820/4456/4297
f 2820/4456/4297 2810/4464/4305 2821/4458/4299
f 2799/4462/4303 2800/4465/4306 2810/4464/4305
f 2810/4464/4305 2800/4465/4306 2809/4466/4307
f 2810/4464/4305 2809/4466/4307 2821/4458/4299
f 2821/4458/4299 2809/4466/4307 2822/4460/4301
f 2800/4465/4306 2801/4467/4308 2809/4466/4307
f 2809/4466/4307 2801/4467/4308 2808/4468/4309
f 2809/4466/4307 2808/4468/4309 2822/4460/4301
f 2822/4460/4301 2808/4468/4309 2823/4421/4262
f 2808/4468/4309 2801/4467/4308 2807/4419/4260
f 2807/4419/4260 2801/4467/4308 2783/4417/4258
f 2826/4440/4281 2825/4442/4283 2805/4416/4257
f 2805/4416/4257 2825/4442/4283 2806/4418/4259
f 2823/4421/4262 2808/4468/4309 2807/4419/4260
f 2825/4442/4283 2824/4420/4261 2806/4418/4259
f 2819/4455/4296 2804/4454/4295 2811/4463/4304
f 2819/4455/4296 2811/4463/4304 2820/4456/4297
f 2833/4450/4291 2813/4441/4282 2834/4451/4292
f 2834/4451/4292 2813/4441/4282 2812/4439/4280
f 2831/4424/4265 2815/4422/4263 2832/4452/4293
f 2832/4452/4293 2815/4422/4263 2814/4443/4284
f 2816/4423/4264 2830/4425/4266 2817/4459/4300
f 2817/4459/4300 2830/4425/4266 2829/4427/4268
f 2817/4459/4300 2829/4427/4268 2818/4457/4298
f 2818/4457/4298 2829/4427/4268 2828/4429/4270
f 2818/4457/4298 2828/4429/4270 2803/4431/4272
f 2827/4438/4279 2826/4440/4281 2805/4416/4257
f 2784/4415/4256 2827/4438/4279 2805/4416/4257
f 2797/4469/4310 2796/4470/4311 2840/4471/4312
f 2840/4471/4312 2796/4470/4311 2839/4472/4313
f 2839/4472/4313 2796/4470/4311 2838/4473/4314
f 2838/4473/4314 2796/4470/4311 2795/4474/4315
f 2838/4473/4314 2795/4474/4315 2837/4475/4316
f 2837/4476/4317 2795/4477/4318 2843/4478/4319
f 2843/4478/4319 2795/4477/4318 2794/4479/4320
f 2843/4478/4319 2794/4479/4320 2793/4480/4321
f 2793/4480/4321 2792/4481/4322 2843/4478/4319
f 2843/4478/4319 2792/4481/4322 2791/4482/4323
f 2843/4478/4319 2791/4482/4323 2790/4483/4324
f 2790/4483/4324 2841/4484/4325 2843/4478/4319
f 2843/4478/4319 2841/4484/4325 2842/4485/4326
f 2843/4478/4319 2842/4485/4326 2837/4476/4317
f 2841/4486/4327 2790/4487/4328 2845/4488/4329
f 2845/4488/4329 2790/4487/4328 2789/4489/4330
f 2845/4488/4329 2789/4489/4330 2788/4490/4331
f 2788/4490/4331 2787/4491/4332 2845/4488/4329
f 2845/4488/4329 2787/4491/4332 2786/4492/4333
f 2845/4488/4329 2786/4492/4333 2785/4493/4334
f 2785/4493/4334 2844/4494/4335 2845/4488/4329
f 2785/4495/4276 2784/4496/4336 2844/4497/4337
f 2861/4498/4338 2798/4499/4339 2863/4500/4340
f 2863/4500/4340 2798/4499/4339 2797/4501/4341
f 2863/4500/4340 2797/4501/4341 2869/4502/4342
f 2869/4502/4342 2797/4501/4341 2840/4503/4343
f 2869/4502/4342 2840/4503/4343 2839/4504/4344
f 2869/4502/4342 2839/4504/4344 2862/4505/4345
f 2862/4505/4345 2839/4504/4344 2838/4506/4346
f 2862/4505/4345 2838/4506/4346 2846/4507/4347
f 2846/4507/4347 2838/4506/4346 2837/4508/4348
f 2846/4507/4347 2847/4509/4349 2862/4505/4345
f 2862/4505/4345 2847/4509/4349 2848/4510/4350
f 2862/4505/4345 2848/4510/4350 2885/4511/4351
f 2885/4511/4351 2848/4510/4350 2849/4512/4352
f 2885/4511/4351 2849/4512/4352 2886/4513/4353
f 2886/4513/4353 2849/4512/4352 2887/4514/4354
f 2886/4513/4353 2887/4514/4354 2878/4515/4355
f 2878/4515/4355 2887/4514/4354 2879/4516/4356
f 2878/4515/4355 2879/4516/4356 2871/4517/4357
f 2871/4517/4357 2879/4516/4356 2872/4518/4358
f 2871/4517/4357 2872/4518/4358 2865/4519/4359
f 2865/4519/4359 2872/4518/4358 2866/4520/4360
f 2865/4519/4359 2866/4520/4360 2860/4521/4361
f 2860/4521/4361 2866/4520/4360 2859/4522/4362
f 2859/4522/4362 2866/4520/4360 2867/4523/4363
f 2859/4522/4362 2867/4523/4363 2868/4524/4364
f 2868/4524/4364 2867/4523/4363 2874/4525/4365
f 2868/4524/4364 2874/4525/4365 2875/4526/4366
f 2875/4526/4366 2874/4525/4365 2882/4527/4367
f 2875/4526/4366 2882/4527/4367 2883/4528/4368
f 2883/4528/4368 2882/4527/4367 2891/4529/4369
f 2883/4528/4368 2891/4529/4369 2852/4530/4370
f 2852/4530/4370 2891/4529/4369 2851/4531/4371
f 2851/4531/4371 2891/4529/4369 2890/4532/4372
f 2851/4531/4371 2890/4532/4372 2889/4533/4373
f 2889/4533/4373 2890/4532/4372 2881/4534/4374
f 2889/4533/4373 2881/4534/4374 2880/4535/4375
f 2880/4535/4375 2881/4534/4374 2873/4536/4376
f 2880/4535/4375 2873/4536/4376 2872/4518/4358
f 2872/4518/4358 2873/4536/4376 2866/4520/4360
f 2887/4514/4354 2849/4512/4352 2892/4537/4377
f 2892/4537/4377 2849/4512/4352 2850/4538/4378
f 2892/4537/4377 2850/4538/4378 2893/4539/4379
f 2893/4539/4379 2850/4538/4378 2894/4540/4380
f 2893/4539/4379 2894/4540/4380 2888/4541/4381
f 2888/4541/4381 2894/4540/4380 2889/4533/4373
f 2888/4541/4381 2889/4533/4373 2880/4535/4375
f 2850/4538/4378 2851/4531/4371 2894/4540/4380
f 2894/4540/4380 2851/4531/4371 2889/4533/4373
f 2883/4528/4368 2852/4530/4370 2884/4542/4382
f 2884/4542/4382 2852/4530/4370 2853/4543/4383
f 2884/4542/4382 2853/4543/4383 2854/4544/4384
f 2884/4542/4382 2854/4544/4384 2857/4545/4385
f 2857/4545/4385 2854/4544/4384 2855/4546/4386
f 2857/4545/4385 2855/4546/4386 2856/4547/4387
f 2884/4542/4382 2857/4545/4385 2876/4548/4388
f 2876/4548/4388 2857/4545/4385 2858/4549/4389
f 2876/4548/4388 2858/4549/4389 2875/4526/4366
f 2875/4526/4366 2858/4549/4389 2868/4524/4364
f 2858/4549/4389 2859/4522/4362 2868/4524/4364
f 2865/4519/4359 2860/4521/4361 2864/4550/4390
f 2864/4550/4390 2860/4521/4361 2861/4498/4338
f 2864/4550/4390 2861/4498/4338 2863/4500/4340
f 2871/4517/4357 2865/4519/4359 2864/4550/4390
f 2864/4550/4390 2863/4500/4340 2870/4551/4391
f 2870/4551/4391 2863/4500/4340 2869/4502/4342
f 2870/4551/4391 2869/4502/4342 2877/4552/4392
f 2877/4552/4392 2869/4502/4342 2862/4505/4345
f 2877/4552/4392 2862/4505/4345 2885/4511/4351
f 2874/4525/4365 2867/4523/4363 2873/4536/4376
f 2873/4536/4376 2867/4523/4363 2866/4520/4360
f 2878/4515/4355 2871/4517/4357 2870/4551/4391
f 2870/4551/4391 2871/4517/4357 2864/4550/4390
f 2878/4515/4355 2870/4551/4391 2877/4552/4392
f 2880/4535/4375 2872/4518/4358 2879/4516/4356
f 2882/4527/4367 2874/4525/4365 2881/4534/4374
f 2881/4534/4374 2874/4525/4365 2873/4536/4376
f 2884/4542/4382 2876/4548/4388 2883/4528/4368
f 2883/4528/4368 2876/4548/4388 2875/4526/4366
f 2886/4513/4353 2878/4515/4355 2877/4552/4392
f 2886/4513/4353 2877/4552/4392 2885/4511/4351
f 2888/4541/4381 2880/4535/4375 2879/4516/4356
f 2888/4541/4381 2879/4516/4356 2887/4514/4354
f 2891/4529/4369 2882/4527/4367 2890/4532/4372
f 2890/4532/4372 2882/4527/4367 2881/4534/4374
f 2893/4539/4379 2888/4541/4381 2887/4514/4354
f 2892/4537/4377 2893/4539/4379 2887/4514/4354
f 2857/4553/4393 2856/4554/4387 2895/4555/4394
f 2895/4556/4395 2856/4557/4396 2897/4558/4397
f 2897/4558/4397 2856/4557/4396 2855/4559/4398
f 2897/4558/4397 2855/4559/4398 2854/4560/4399
f 2854/4560/4399 2853/4561/4400 2897/4558/4397
f 2897/4558/4397 2853/4561/4400 2852/4562/4401
f 2897/4558/4397 2852/4562/4401 2851/4563/4402
f 2851/4563/4402 2850/4564/4403 2897/4558/4397
f 2897/4558/4397 2850/4564/4403 2896/4565/4404
f 2896/4566/4405 2850/4567/4406 2899/4568/4407
f 2899/4568/4407 2850/4567/4406 2849/4569/4408
f 2899/4568/4407 2849/4569/4408 2848/4570/4409
f 2899/4568/4407 2848/4570/4409 2898/4571/4410
f 2898/4571/4410 2848/4570/4409 2847/4572/4411
f 2898/4571/4410 2847/4572/4411 2842/4573/4412
f 2842/4573/4412 2847/4572/4411 2846/4574/4413
f 2842/4573/4412 2846/4574/4413 2837/4575/4414
f 2783/4576/4415 2857/4577/4416 2784/4578/4417
f 2784/4578/4417 2857/4577/4416 2895/4579/4418
f 2784/4578/4417 2895/4579/4418 2844/4580/4419
f 2783/4576/4415 2858/4581/4420 2857/4577/4416
f 2858/4582/4421 2783/4583/4422 2859/4584/4423
f 2859/4584/4423 2783/4583/4422 2801/4585/4424
f 2859/4584/4423 2801/4585/4424 2860/4586/4425
f 2860/4586/4425 2801/4585/4424 2800/4587/4426
f 2860/4586/4425 2800/4587/4426 2861/4588/4427
f 2861/4588/4427 2800/4587/4426 2799/4589/4428
f 2861/4588/4427 2799/4589/4428 2798/4590/4429
f 2897/4591/4430 2845/4592/4431 2895/4593/4432
f 2895/4593/4432 2845/4592/4431 2844/4594/4433
f 2896/4595/4434 2899/4596/4435 2897/4597/4436
f 2897/4597/4436 2899/4596/4435 2898/4598/4437
f 2897/4597/4436 2898/4598/4437 2842/4599/4438
f 2841/4600/4439 2845/4601/4440 2842/4599/4438
f 2842/4599/4438 2845/4601/4440 2897/4597/4436
f 2959/4602/4441 2900/4603/4442 2980/4604/4443
f 2980/4604/4443 2900/4603/4442 2901/4605/4444
f 2980/4604/4443 2901/4605/4444 2979/4606/4445
f 2979/4606/4445 2901/4605/4444 2902/4607/4446
f 2979/4606/4445 2902/4607/4446 2978/4608/4447
f 2978/4608/4447 2902/4607/4446 2903/4609/4448
f 2978/4608/4447 2903/4609/4448 2904/4610/4449
f 2978/4608/4447 2904/4610/4449 2977/4611/4450
f 2977/4611/4450 2904/4610/4449 2905/4612/4451
f 2977/4611/4450 2905/4612/4451 2976/4613/4452
f 2976/4613/4452 2905/4612/4451 2906/4614/4453
f 2976/4613/4452 2906/4614/4453 2907/4615/4454
f 2976/4613/4452 2907/4615/4454 2975/4616/4455
f 2975/4616/4455 2907/4615/4454 2908/4617/4456
f 2975/4616/4455 2908/4617/4456 2909/4618/4457
f 2975/4616/4455 2909/4618/4457 2974/4619/4458
f 2974/4619/4458 2909/4618/4457 2910/4620/4459
f 2974/4619/4458 2910/4620/4459 2973/4621/4460
f 2973/4621/4460 2910/4620/4459 2911/4622/4461
f 2973/4621/4460 2911/4622/4461 2912/4623/4462
f 2973/4621/4460 2912/4623/4462 2972/4624/4463
f 2972/4624/4463 2912/4623/4462 2913/4625/4464
f 2972/4624/4463 2913/4625/4464 2914/4626/4465
f 2972/4624/4463 2914/4626/4465 2971/4627/4466
f 2971/4627/4466 2914/4626/4465 2915/4628/4467
f 2971/4627/4466 2915/4628/4467 2970/4629/4468
f 2970/4629/4468 2915/4628/4467 2916/4630/4469
f 2970/4629/4468 2916/4630/4469 2917/4631/4470
f 2970/4629/4468 2917/4631/4470 2969/4632/4471
f 2969/4632/4471 2917/4631/4470 2918/4633/4472
f 2969/4632/4471 2918/4633/4472 2919/4634/4473
f 2969/4632/4471 2919/4634/4473 2968/4635/4474
f 2968/4635/4474 2919/4634/4473 2920/4636/4475
f 2968/4635/4474 2920/4636/4475 2921/4637/4476
f 2968/4635/4474 2921/4637/4476 2967/4638/4477
f 2967/4638/4477 2921/4637/4476 2922/4639/4478
f 2967/4638/4477 2922/4639/4478 2966/4640/4479
f 2966/4640/4479 2922/4639/4478 2923/4641/4480
f 2966/4640/4479 2923/4641/4480 2924/4642/4481
f 2966/4640/4479 2924/4642/4481 2965/4643/4482
f 2965/4643/4482 2924/4642/4481 2925/4644/4483
f 2965/4643/4482 2925/4644/4483 2926/4645/4484
f 2965/4643/4482 2926/4645/4484 2964/4646/4485
f 2964/4646/4485 2926/4645/4484 2927/4647/4486
f 2964/4646/4485 2927/4647/4486 2963/4648/4487
f 2963/4648/4487 2927/4647/4486 2928/4649/4488
f 2963/4648/4487 2928/4649/4488 2929/4650/4489
f 2963/4648/4487 2929/4650/4489 2962/4651/4490
f 2962/4651/4490 2929/4650/4489 2930/4652/4491
f 2962/4651/4490 2930/4652/4491 2931/4653/4492
f 2962/4651/4490 2931/4653/4492 2961/4654/4493
f 2961/4654/4493 2931/4653/4492 2932/4655/4494
f 2961/4654/4493 2932/4655/4494 2960/4656/4495
f 2960/4656/4495 2932/4655/4494 2933/4657/4496
f 2960/4656/4495 2933/4657/4496 2934/4658/4497
f 2960/4656/4495 2934/4658/4497 2995/4659/4498
f 2995/4659/4498 2934/4658/4497 2935/4660/4499
f 2995/4659/4498 2935/4660/4499 2994/4661/4500
f 2994/4661/4500 2935/4660/4499 2936/4662/4501
f 2994/4661/4500 2936/4662/4501 2937/4663/4502
f 2994/4661/4500 2937/4663/4502 2993/4664/4503
f 2993/4664/4503 2937/4663/4502 2938/4665/4504
f 2993/4664/4503 2938/4665/4504 2939/4666/4505
f 2993/4664/4503 2939/4666/4505 2992/4667/4506
f 2992/4667/4506 2939/4666/4505 2940/4668/4507
f 2992/4667/4506 2940/4668/4507 2991/4669/4508
f 2991/4669/4508 2940/4668/4507 2941/4670/4509
f 2991/4669/4508 2941/4670/4509 2942/4671/4510
f 2991/4669/4508 2942/4671/4510 2990/4672/4511
f 2990/4672/4511 2942/4671/4510 2943/4673/4512
f 2990/4672/4511 2943/4673/4512 2944/4674/4513
f 2990/4672/4511 2944/4674/4513 2989/4675/4514
f 2989/4675/4514 2944/4674/4513 2945/4676/4515
f 2989/4675/4514 2945/4676/4515 2988/4677/4516
f 2988/4677/4516 2945/4676/4515 2946/4678/4517
f 2988/4677/4516 2946/4678/4517 2947/4679/4518
f 2988/4677/4516 2947/4679/4518 2987/4680/4519
f 2987/4680/4519 2947/4679/4518 2948/4681/4520
f 2987/4680/4519 2948/4681/4520 2949/4682/4521
f 2987/4680/4519 2949/4682/4521 2986/4683/4522
f 2986/4683/4522 2949/4682/4521 2950/4684/4523
f 2986/4683/4522 2950/4684/4523 2951/4685/4524
f 2986/4683/4522 2951/4685/4524 2985/4686/4525
f 2985/4686/4525 2951/4685/4524 2952/4687/4526
f 2985/4686/4525 2952/4687/4526 2984/4688/4527
f 2984/4688/4527 2952/4687/4526 2953/4689/4528
f 2984/4688/4527 2953/4689/4528 2954/4690/4529
f 2984/4688/4527 2954/4690/4529 2983/4691/4530
f 2983/4691/4530 2954/4690/4529 2955/4692/4531
f 2983/4691/4530 2955/4692/4531 2956/4693/4532
f 2983/4691/4530 2956/4693/4532 2982/4694/4533
f 2982/4694/4533 2956/4693/4532 2957/4695/4534
f 2982/4694/4533 2957/4695/4534 2981/4696/4535
f 2981/4696/4535 2957/4695/4534 2958/4697/4536
f 2981/4696/4535 2958/4697/4536 2959/4602/4441
f 2981/4696/4535 2959/4602/4441 2980/4604/4443
f 2997/4698/4537 3013/4699/4538 2996/4700/4539
f 2996/4700/4539 3013/4699/4538 3014/4701/4540
f 2996/4700/4539 3014/4701/4540 3031/4702/4541
f 3031/4702/4541 3014/4701/4540 3015/4703/4542
f 3031/4702/4541 3015/4703/4542 3030/4704/4543
f 3030/4704/4543 3015/4703/4542 3016/4705/4544
f 3030/4704/4543 3016/4705/4544 3029/4706/4545
f 3029/4706/4545 3016/4705/4544 3017/4707/4546
f 3029/4706/4545 3017/4707/4546 3028/4708/4547
f 3028/4708/4547 3017/4707/4546 3018/4709/4548
f 3028/4708/4547 3018/4709/4548 3027/4710/4549
f 3027/4710/4549 3018/4709/4548 3019/4711/4550
f 3027/4710/4549 3019/4711/4550 3026/4712/4551
f 3026/4712/4551 3019/4711/4550 3020/4713/4552
f 3026/4712/4551 3020/4713/4552 3025/4714/4553
f 3025/4714/4553 3020/4713/4552 3021/4715/4554
f 3025/4714/4553 3021/4715/4554 3024/4716/4555
f 3024/4716/4555 3021/4715/4554 3022/4717/4556
f 3024/4716/4555 3022/4717/4556 3023/4718/4557
f 3013/4699/4538 2997/4698/4537 3012/4719/4558
f 3012/4719/4558 2997/4698/4537 2998/4720/4559
f 3012/4719/4558 2998/4720/4559 3011/4721/4560
f 3011/4721/4560 2998/4720/4559 2999/4722/4561
f 3011/4721/4560 2999/4722/4561 3010/4723/4562
f 3010/4723/4562 2999/4722/4561 3000/4724/4563
f 3010/4723/4562 3000/4724/4563 3009/4725/4564
f 3009/4725/4564 3000/4724/4563 3001/4726/4565
f 3009/4725/4564 3001/4726/4565 3008/4727/4566
f 3008/4727/4566 3001/4726/4565 3002/4728/4567
f 3008/4727/4566 3002/4728/4567 3007/4729/4568
f 3007/4729/4568 3002/4728/4567 3003/4730/4569
f 3007/4729/4568 3003/4730/4569 3006/4731/4570
f 3006/4731/4570 3003/4730/4569 3004/4732/4571
f 3006/4731/4570 3004/4732/4571 3005/4733/4572
f 2995/4734/4573 2997/4735/4574 2960/4736/4575
f 2960/4736/4575 2997/4735/4574 2996/4737/4576
f 2960/4738/4575 2996/4739/4576 2961/4740/4577
f 2961/4740/4577 2996/4739/4576 3031/4741/4578
f 2961/4740/4577 3031/4741/4578 2962/4742/4579
f 2962/4742/4579 3031/4741/4578 3030/4743/4580
f 2962/4742/4579 3030/4743/4580 2963/4744/4581
f 2963/4744/4581 3030/4743/4580 3029/4745/4582
f 2963/4744/4581 3029/4745/4582 2964/4746/4583
f 2964/4746/4583 3029/4745/4582 3028/4747/4584
f 2964/4746/4583 3028/4747/4584 2965/4748/4585
f 2965/4748/4585 3028/4747/4584 3027/4749/4586
f 2965/4748/4585 3027/4749/4586 2966/4750/4587
f 2966/4750/4587 3027/4749/4586 3026/4751/4588
f 2966/4750/4587 3026/4751/4588 2967/4752/4589
f 2967/4752/4589 3026/4751/4588 3025/4753/4590
f 2967/4752/4589 3025/4753/4590 2968/4754/4591
f 2968/4754/4591 3025/4753/4590 3024/4755/4592
f 2968/4754/4591 3024/4755/4592 2969/4756/4593
f 2969/4756/4593 3024/4755/4592 3023/4757/4594
f 2969/4756/4593 3023/4757/4594 2970/4758/4595
f 2970/4758/4595 3023/4757/4594 3022/4759/4596
f 2970/4758/4595 3022/4759/4596 2971/4760/4597
f 2971/4760/4597 3022/4759/4596 3021/4761/4598
f 2971/4760/4597 3021/4761/4598 2972/4762/4599
f 2972/4762/4599 3021/4761/4598 3020/4763/4600
f 2972/4762/4599 3020/4763/4600 2973/4764/4601
f 2973/4764/4601 3020/4763/4600 3019/4765/4602
f 2973/4764/4601 3019/4765/4602 2974/4766/4603
f 2974/4766/4603 3019/4765/4602 3018/4767/4604
f 2974/4766/4603 3018/4767/4604 2975/4768/4605
f 2975/4768/4605 3018/4767/4604 3017/4769/4606
f 2975/4768/4605 3017/4769/4606 2976/4770/4607
f 2976/4770/4607 3017/4769/4606 3016/4771/4608
f 2976/4770/4607 3016/4771/4608 2977/4772/4609
f 2977/4772/4609 3016/4771/4608 3015/4773/4610
f 2977/4772/4609 3015/4773/4610 2978/4774/4611
f 2978/4774/4611 3015/4773/4610 3014/4775/4612
f 2978/4774/4611 3014/4775/4612 2979/4776/4613
f 2979/4776/4613 3014/4775/4612 3013/4777/4614
f 2979/4776/4613 3013/4777/4614 2980/4778/4615
f 2980/4778/4615 3013/4777/4614 3012/4779/4616
f 2980/4778/4615 3012/4779/4616 2981/4780/4617
f 2981/4780/4617 3012/4779/4616 3011/4781/4618
f 2981/4780/4617 3011/4781/4618 2982/4782/4619
f 2982/4782/4619 3011/4781/4618 3010/4783/4620
f 2982/4782/4619 3010/4783/4620 2983/4784/4621
f 2983/4784/4621 3010/4783/4620 3009/4785/4622
f 2983/4784/4621 3009/4785/4622 2984/4786/4623
f 2984/4786/4623 3009/4785/4622 3008/4787/4624
f 2984/4786/4623 3008/4787/4624 2985/4788/4625
f 2985/4788/4625 3008/4787/4624 3007/4789/4626
f 2985/4788/4625 3007/4789/4626 2986/4790/4627
f 2986/4790/4627 3007/4789/4626 3006/4791/4628
f 2986/4790/4627 3006/4791/4628 2987/4792/4629
f 2987/4792/4629 3006/4791/4628 3005/4793/4630
f 2987/4792/4629 3005/4793/4630 2988/4794/4631
f 2988/4794/4631 3005/4793/4630 3004/4795/4632
f 2988/4794/4631 3004/4795/4632 2989/4796/4633
f 2989/4796/4633 3004/4795/4632 3003/4797/4634
f 2989/4796/4633 3003/4797/4634 2990/4798/4635
f 2990/4798/4635 3003/4797/4634 3002/4799/4636
f 2990/4798/4635 3002/4799/4636 2991/4800/4637
f 2991/4800/4637 3002/4799/4636 3001/4801/4638
f 2991/4800/4637 3001/4801/4638 2992/4802/4639
f 2992/4802/4639 3001/4801/4638 3000/4803/4640
f 2992/4802/4639 3000/4803/4640 2993/4804/4641
f 2993/4804/4641 3000/4803/4640 2999/4805/4642
f 2993/4804/4641 2999/4805/4642 2994/4806/4643
f 2994/4806/4643 2999/4805/4642 2998/4807/4644
f 2994/4806/4643 2998/4807/4644 2995/4734/4573
f 2995/4734/4573 2998/4807/4644 2997/4735/4574
f 2904/4808/4645 2903/4809/4646 3032/4810/4647
f 3032/4811/4647 2903/4812/4646 2902/4813/4648
f 3032/4811/4647 2902/4813/4648 3064/4814/4649
f 3064/4814/4649 2902/4813/4648 2901/4815/4650
f 3064/4814/4649 2901/4815/4650 2900/4816/4651
f 3064/4814/4649 2900/4816/4651 3063/4817/4652
f 3063/4817/4652 2900/4816/4651 2959/4818/4653
f 3063/4817/4652 2959/4818/4653 2958/4819/4654
f 3063/4817/4652 2958/4819/4654 3062/4820/4655
f 3062/4820/4655 2958/4819/4654 2957/4821/4656
f 3062/4820/4655 2957/4821/4656 3061/4822/4657
f 3061/4822/4657 2957/4821/4656 2956/4823/4658
f 3061/4822/4657 2956/4823/4658 2955/4824/4659
f 3061/4822/4657 2955/4824/4659 3060/4825/4660
f 3060/4825/4660 2955/4824/4659 2954/4826/4661
f 3060/4825/4660 2954/4826/4661 2953/4827/4662
f 3060/4825/4660 2953/4827/4662 3059/4828/4663
f 3059/4828/4663 2953/4827/4662 2952/4829/4664
f 3059/4828/4663 2952/4829/4664 2951/4830/4665
f 3059/4828/4663 2951/4830/4665 3058/4831/4666
f 3058/4831/4666 2951/4830/4665 2950/4832/4667
f 3058/4831/4666 2950/4832/4667 2949/4833/4668
f 3058/4831/4666 2949/4833/4668 3057/4834/4669
f 3057/4834/4669 2949/4833/4668 2948/4835/4670
f 3057/4834/4669 2948/4835/4670 3056/4836/4671
f 3056/4836/4671 2948/4835/4670 2947/4837/4672
f 3056/4836/4671 2947/4837/4672 2946/4838/4673
f 3056/4836/4671 2946/4838/4673 3055/4839/4674
f 3055/4839/4674 2946/4838/4673 2945/4840/4675
f 3055/4839/4674 2945/4840/4675 2944/4841/4676
f 3055/4839/4674 2944/4841/4676 3054/4842/4677
f 3054/4842/4677 2944/4841/4676 2943/4843/4678
f 3054/4842/4677 2943/4843/4678 2942/4844/4679
f 3054/4842/4677 2942/4844/4679 3053/4845/4680
f 3053/4845/4680 2942/4844/4679 2941/4846/4681
f 3053/4845/4680 2941/4846/4681 2940/4847/4682
f 3053/4845/4680 2940/4847/4682 3052/4848/4683
f 3052/4848/4683 2940/4847/4682 2939/4849/4684
f 3052/4848/4683 2939/4849/4684 2938/4850/4685
f 3052/4848/4683 2938/4850/4685 3051/4851/4686
f 3051/4851/4686 2938/4850/4685 2937/4852/4687
f 3051/4851/4686 2937/4852/4687 3050/4853/4688
f 3050/4853/4688 2937/4852/4687 2936/4854/4689
f 3050/4853/4688 2936/4854/4689 2935/4855/4690
f 3050/4853/4688 2935/4855/4690 3049/4856/4691
f 3049/4856/4691 2935/4855/4690 2934/4857/4692
f 3049/4856/4691 2934/4857/4692 2933/4858/4693
f 3049/4856/4691 2933/4858/4693 3048/4859/4694
f 3048/4859/4694 2933/4858/4693 2932/4860/4695
f 3048/4859/4694 2932/4860/4695 2931/4861/4696
f 3048/4859/4694 2931/4861/4696 3047/4862/4697
f 3047/4862/4697 2931/4861/4696 2930/4863/4698
f 3047/4862/4697 2930/4863/4698 2929/4864/4699
f 3047/4862/4697 2929/4864/4699 3046/4865/4700
f 3046/4865/4700 2929/4864/4699 2928/4866/4701
f 3046/4865/4700 2928/4866/4701 3045/4867/4702
f 3045/4867/4702 2928/4866/4701 2927/4868/4703
f 3045/4867/4702 2927/4868/4703 2926/4869/4704
f 3045/4867/4702 2926/4869/4704 3044/4870/4705
f 3044/4870/4705 2926/4869/4704 2925/4871/4706
f 3044/4870/4705 2925/4871/4706 2924/4872/4707
f 3044/4870/4705 2924/4872/4707 3043/4873/4708
f 3043/4873/4708 2924/4872/4707 2923/4874/4709
f 3043/4873/4708 2923/4874/4709 2922/4875/4710
f 3043/4873/4708 2922/4875/4710 3042/4876/4711
f 3042/4876/4711 2922/4875/4710 2921/4877/4712
f 3042/4876/4711 2921/4877/4712 2920/4878/4713
f 3042/4876/4711 2920/4878/4713 3041/4879/4714
f 3041/4879/4714 2920/4878/4713 2919/4880/4715
f 3041/4879/4714 2919/4880/4715 2918/4881/4716
f 3041/4879/4714 2918/4881/4716 3040/4882/4717
f 3040/4882/4717 2918/4881/4716 2917/4883/4718
f 3040/4882/4717 2917/4883/4718 3039/4884/4719
f 3039/4884/4719 2917/4883/4718 2916/4885/4720
f 3039/4884/4719 2916/4885/4720 2915/4886/4721
f 3039/4884/4719 2915/4886/4721 3038/4887/4722
f 3038/4887/4722 2915/4886/4721 2914/4888/4723
f 3038/4887/4722 2914/4888/4723 2913/4889/4724
f 3038/4887/4722 2913/4889/4724 3037/4890/4725
f 3037/4890/4725 2913/4889/4724 2912/4891/4726
f 3037/4890/4725 2912/4891/4726 2911/4892/4727
f 3037/4890/4725 2911/4892/4727 3036/4893/4728
f 3036/4893/4728 2911/4892/4727 2910/4894/4729
f 3036/4893/4728 2910/4894/4729 2909/4895/4730
f 3036/4893/4728 2909/4895/4730 3035/4896/4731
f 3035/4896/4731 2909/4895/4730 2908/4897/4732
f 3035/4896/4731 2908/4897/4732 3034/4898/4733
f 3034/4898/4733 2908/4897/4732 2907/4899/4734
f 3034/4898/4733 2907/4899/4734 2906/4900/4735
f 3034/4898/4733 2906/4900/4735 3033/4901/4736
f 3033/4901/4736 2906/4900/4735 2905/4902/4737
f 3033/4901/4736 2905/4902/4737 2904/4808/4645
f 3033/4901/4736 2904/4808/4645 3032/4810/4647
f 3033/4903/4738 3032/4904/4739 3053/4905/4740
f 3053/4905/4740 3032/4904/4739 3064/4906/4741
f 3053/4905/4740 3064/4906/4741 3063/4907/4742
f 3063/4907/4742 3062/4908/4743 3053/4905/4740
f 3053/4905/4740 3062/4908/4743 3061/4909/4744
f 3053/4905/4740 3061/4909/4744 3060/4910/4745
f 3053/4905/4740 3060/4910/4745 3054/4911/4746
f 3054/4911/4746 3060/4910/4745 3059/4912/4747
f 3054/4911/4746 3059/4912/4747 3055/4913/4748
f 3055/4913/4748 3059/4912/4747 3058/4914/4749
f 3055/4913/4748 3058/4914/4749 3056/4915/4750
f 3056/4915/4750 3058/4914/4749 3057/4916/4751
f 3053/4905/4740 3052/4917/4752 3033/4903/4738
f 3033/4903/4738 3052/4917/4752 3034/4918/4753
f 3034/4918/4753 3052/4917/4752 3035/4919/4754
f 3035/4919/4754 3052/4917/4752 3036/4920/4755
f 3036/4920/4755 3052/4917/4752 3037/4921/4756
f 3037/4921/4756 3052/4917/4752 3038/4922/4757
f 3038/4922/4757 3052/4917/4752 3039/4923/4758
f 3039/4923/4758 3052/4917/4752 3040/4924/4759
f 3040/4924/4759 3052/4917/4752 3041/4925/4760
f 3041/4925/4760 3052/4917/4752 3042/4926/4761
f 3042/4926/4761 3052/4917/4752 3043/4927/4762
f 3043/4927/4762 3052/4917/4752 3044/4928/4763
f 3044/4928/4763 3052/4917/4752 3045/4929/4764
f 3045/4929/4764 3052/4917/4752 3051/4930/4765
f 3045/4929/4764 3051/4930/4765 3046/4931/4766
f 3046/4931/4766 3051/4930/4765 3050/4932/4767
f 3046/4931/4766 3050/4932/4767 3047/4933/4768
f 3047/4933/4768 3050/4932/4767 3049/4934/4769
f 3047/4933/4768 3049/4934/4769 3048/4935/4770
# 3064 vertices
# 4935 texture params
# 4770 normals
# 6044 facets

# 2 groups
