# WaveFront *.obj file (generated by Autodesk ATF)

mtllib d49e9594-5d0c-4e0d-9012-44960a1fb2a5.mtl

g Body2

v 7.177167 44.681570 2.710355
v 6.972722 44.681570 1.157441
v 6.373320 44.681570 -0.289645
v 5.419808 44.681570 -1.532286
v 4.177167 44.681570 -2.485798
v 2.730081 44.681570 -3.085200
v 1.177167 44.681570 -3.289645
v -0.375747 44.681570 -3.085200
v -1.822833 44.681570 -2.485798
v -3.065474 44.681570 -1.532286
v -4.018985 44.681570 -0.289645
v -4.618388 44.681570 1.157441
v -4.822833 44.681570 2.710355
v -4.618388 44.681570 4.263269
v -4.018985 44.681570 5.710355
v -3.065474 44.681570 6.952996
v -1.822833 44.681570 7.906507
v -0.375747 44.681570 8.505910
v 1.177167 44.681570 8.710355
v 2.730081 44.681570 8.505910
v 4.177167 44.681570 7.906507
v 5.419808 44.681570 6.952996
v 6.373320 44.681570 5.710355
v 6.972722 44.681570 4.263269
v 1.177167 51.389774 -6.289645
v 1.177167 51.389774 11.710355
v -6.617061 51.389774 -1.789645
v -6.617061 51.389774 7.210355
v -0.976674 51.389774 -6.028121
v -3.005341 51.389774 -5.258749
v -4.790937 51.389774 -4.026242
v -6.229688 51.389774 -2.402228
v -7.237979 51.389774 -0.481089
v -7.757213 51.389774 1.625525
v -7.757213 51.389774 3.795185
v -7.237979 51.389774 5.901799
v -6.229688 51.389774 7.822938
v -4.790937 51.389774 9.446952
v -3.005341 51.389774 10.679459
v -0.976674 51.389774 11.448831
v 2.919661 50.123778 -6.028121
v 4.560888 48.931357 -5.258749
v 6.005465 47.881810 -4.026242
v 7.169439 47.036134 -2.402228
v 7.985163 46.443475 -0.481089
v 8.405232 46.138277 1.625525
v 8.405232 46.138277 3.795185
v 7.985163 46.443475 5.901799
v 7.169439 47.036134 7.822938
v 6.005465 47.881810 9.446952
v 4.560888 48.931357 10.679459
v 2.919661 50.123778 11.448831
v 2.550077 49.730211 11.448831
v 3.843198 48.167095 10.679459
v 4.981380 46.791270 9.446952
v 5.898474 45.682694 7.822938
v 6.541183 44.905792 5.901799
v 6.541183 44.905792 -0.481089
v 5.898474 45.682694 -2.402228
v 4.981380 46.791270 -4.026242
v 3.843198 48.167095 -5.258749
v 2.550077 49.730211 -6.028121
v 4.330853 44.687851 -2.402228
v 3.718262 45.989672 -4.026242
v 2.957993 47.605327 -5.258749
v 2.094228 49.440920 -6.028121
v 2.295478 45.527381 -4.026242
v 1.960891 47.281349 -5.258749
v 1.580757 49.274083 -6.028121
v 0.802427 45.433446 -4.026242
v 0.914545 47.215518 -5.258749
v 1.041926 49.240183 -6.028121
v -0.667078 45.713769 -4.026242
v -0.115299 47.411972 -5.258749
v 0.511594 49.341349 -6.028121
v -2.782977 45.130480 -2.402228
v -2.015478 46.347425 -4.026242
v -1.061492 47.856817 -5.258749
v 0.023710 49.570827 -6.028121
v -4.823562 44.770530 1.625525
v -4.557842 45.231498 -0.481089
v -5.335715 45.273770 1.625525
v -3.942848 46.037490 -2.402228
v -3.005714 47.132807 -4.026242
v -1.793945 48.445989 -5.258749
v -0.373021 49.894465 -6.028121
v -0.392915 49.915368 11.448831
v -1.871750 48.526649 10.679459
v -3.173393 47.304325 9.446952
v -4.222198 46.319433 7.822938
v -4.957210 45.629210 5.901799
v -5.335715 45.273770 3.795185
v -4.957210 45.629210 -0.481089
v -4.222198 46.319433 -2.402228
v -3.173393 47.304325 -4.026242
v -1.871750 48.526649 -5.258749
v -0.392915 49.915368 -6.028121
v -2.782977 45.130480 7.822938
v -2.015478 46.347425 9.446952
v -1.061492 47.856817 10.679459
v 0.023710 49.570827 11.448831
v -0.667078 45.713769 9.446952
v -0.115299 47.411972 10.679459
v 0.511594 49.341349 11.448831
v 0.802427 45.433446 9.446952
v 0.914545 47.215518 10.679459
v 1.041926 49.240183 11.448831
v 2.295478 45.527381 9.446952
v 1.960891 47.281349 10.679459
v 1.580757 49.274083 11.448831
v 4.330853 44.687851 7.822938
v 3.718262 45.989672 9.446952
v 2.957993 47.605327 10.679459
v 2.094228 49.440920 11.448831
v -0.909007 50.854135 -6.028121
v -2.873940 50.349626 -5.258749
v -4.603438 49.905567 -4.026242
v -5.996988 49.547764 -2.402228
v -6.973602 49.297012 -0.481089
v -7.476523 49.167884 1.625525
v -7.476523 49.167884 3.795185
v -6.973602 49.297012 5.901799
v -5.996988 49.547764 7.822938
v -4.603438 49.905567 9.446952
v -2.873940 50.349626 10.679459
v -0.909007 50.854135 11.448831
v -0.909007 51.925412 11.448831
v -2.873940 52.429921 10.679459
v -4.603438 52.873981 9.446952
v -5.996988 53.231783 7.822938
v -6.973602 53.482535 5.901799
v -7.476523 53.611664 3.795185
v -7.476523 53.611664 1.625525
v -6.973602 53.482535 -0.481089
v -5.996988 53.231783 -2.402228
v -4.603438 52.873981 -4.026242
v -2.873940 52.429921 -5.258749
v -0.909007 51.925412 -6.028121
v 2.094228 53.338627 -6.028121
v 2.957993 55.174220 -5.258749
v 3.718262 56.789875 -4.026242
v 4.330853 58.091696 -2.402228
v 4.760162 59.004026 -0.481089
v 4.981241 59.473842 1.625525
v 4.981241 59.473842 3.795185
v 4.760162 59.004026 5.901799
v 4.330853 58.091696 7.822938
v 3.718262 56.789875 9.446952
v 2.957993 55.174220 10.679459
v 2.094228 53.338627 11.448831
v 2.550077 53.049337 11.448831
v 3.843198 54.612452 10.679459
v 4.981380 55.988277 9.446952
v 5.898474 57.096853 7.822938
v 6.541183 57.873755 5.901799
v 6.872155 58.273832 3.795185
v 6.872155 58.273832 1.625525
v 6.541183 57.873755 -0.481089
v 5.898474 57.096853 -2.402228
v 4.981380 55.988277 -4.026242
v 3.843198 54.612452 -5.258749
v 2.550077 53.049337 -6.028121
v -0.710258 52.427394 11.448831
v -2.487993 53.404712 10.679459
v -4.052722 54.264930 9.446952
v -5.313509 54.958053 7.822938
v -6.197082 55.443801 5.901799
v -6.652090 55.693944 3.795185
v -6.652090 55.693944 1.625525
v -6.197082 55.443801 -0.481089
v -5.313509 54.958053 -2.402228
v -4.052722 54.264930 -4.026242
v -2.487993 53.404712 -5.258749
v -0.710258 52.427394 -6.028121
v -0.392915 52.864179 11.448831
v -1.871750 54.252898 10.679459
v -3.173393 55.475222 9.446952
v -4.222198 56.460115 7.822938
v -4.957210 57.150338 5.901799
v -5.335715 57.505777 3.795185
v -5.335715 57.505777 1.625525
v -4.957210 57.150338 -0.481089
v -4.222198 56.460115 -2.402228
v -3.173393 55.475222 -4.026242
v -1.871750 54.252898 -5.258749
v -0.392915 52.864179 -6.028121
v 0.023081 53.208322 11.448831
v -1.063933 54.921182 10.679459
v -2.020703 56.428810 9.446952
v -2.791624 57.643588 7.822938
v -3.331894 58.494917 5.901799
v -3.610113 58.933320 3.795185
v -3.610113 58.933320 1.625525
v -3.331894 58.494917 -0.481089
v -2.791624 57.643588 -2.402228
v -2.020703 56.428810 -4.026242
v -1.063933 54.921182 -5.258749
v 0.023081 53.208322 -6.028121
v 0.511594 53.438198 11.448831
v -0.115299 55.367576 10.679459
v -0.667078 57.065778 9.446952
v -1.111677 58.434111 7.822938
v -1.423256 59.393053 5.901799
v -1.583708 59.886874 3.795185
v -1.583708 59.886874 1.625525
v -1.423256 59.393053 -0.481089
v -1.111677 58.434111 -2.402228
v -0.667078 57.065778 -4.026242
v -0.115299 55.367576 -5.258749
v 0.511594 53.438198 -6.028121
v 1.041926 53.539364 11.448831
v 0.914545 55.564029 10.679459
v 0.802427 57.346101 9.446952
v 0.712087 58.782013 7.822938
v 0.648776 59.788314 5.901799
v 0.616173 60.306524 3.795185
v 0.616173 60.306524 1.625525
v 0.648776 59.788314 -0.481089
v 0.712087 58.782013 -2.402228
v 0.802427 57.346101 -4.026242
v 0.914545 55.564029 -5.258749
v 1.041926 53.539364 -6.028121
v 1.580757 53.505464 11.448831
v 1.960891 55.498198 10.679459
v 2.295478 57.252166 9.446952
v 2.565073 58.665433 7.822938
v 2.754008 59.655864 5.901799
v 2.851303 60.165901 3.795185
v 2.851303 60.165901 1.625525
v 2.754008 59.655864 -0.481089
v 2.565073 58.665433 -2.402228
v 2.295478 57.252166 -4.026242
v 1.960891 55.498198 -5.258749
v 1.580757 53.505464 -6.028121
v 2.919661 52.655770 11.448831
v 4.560888 53.848190 10.679459
v 6.005465 54.897737 9.446952
v 7.169439 55.743414 7.822938
v 7.985163 56.336072 5.901799
v 8.405232 56.641270 3.795185
v 8.405232 56.641270 1.625525
v 7.985163 56.336072 -0.481089
v 7.169439 55.743414 -2.402228
v 6.005465 54.897737 -4.026242
v 4.560888 53.848190 -5.258749
v 2.919661 52.655770 -6.028121
v 3.179758 52.182655 11.448831
v 5.065965 52.929458 10.679459
v 6.726170 53.586779 9.446952
v 8.063887 54.116419 7.822938
v 9.001372 54.487596 5.901799
v 9.484143 54.678738 3.795185
v 9.484143 54.678738 1.625525
v 9.001372 54.487596 -0.481089
v 8.063887 54.116419 -2.402228
v 6.726170 53.586779 -4.026242
v 5.065965 52.929458 -5.258749
v 3.179758 52.182655 -6.028121
v 3.314024 51.659721 11.448831
v 5.326695 51.913981 10.679459
v 7.098211 52.137775 9.446952
v 8.525617 52.318099 7.822938
v 9.525957 52.444471 5.901799
v 10.041097 52.509548 3.795185
v 10.041097 52.509548 1.625525
v 9.525957 52.444471 -0.481089
v 8.525617 52.318099 -2.402228
v 7.098211 52.137775 -4.026242
v 5.326695 51.913981 -5.258749
v 3.314024 51.659721 -6.028121
v 3.314024 51.119826 11.448831
v 5.326695 50.865566 10.679459
v 7.098211 50.641772 9.446952
v 8.525617 50.461449 7.822938
v 9.525957 50.335076 5.901799
v 10.041097 50.269999 3.795185
v 10.041097 50.269999 1.625525
v 9.525957 50.335076 -0.481089
v 8.525617 50.461449 -2.402228
v 7.098211 50.641772 -4.026242
v 5.326695 50.865566 -5.258749
v 3.314024 51.119826 -6.028121
v 3.179758 50.596892 11.448831
v 5.065965 49.850090 10.679459
v 6.726170 49.192768 9.446952
v 8.063887 48.663129 7.822938
v 9.001372 48.291952 5.901799
v 9.484143 48.100809 3.795185
v 9.484143 48.100809 1.625525
v 9.001372 48.291952 -0.481089
v 8.063887 48.663129 -2.402228
v 6.726170 49.192768 -4.026242
v 5.065965 49.850090 -5.258749
v 3.179758 50.596892 -6.028121
v -0.710258 50.352153 11.448831
v -2.487993 49.374835 10.679459
v -4.052722 48.514618 9.446952
v -5.313509 47.821494 7.822938
v -6.197082 47.335746 5.901799
v -6.652090 47.085603 3.795185
v -6.652090 47.085603 1.625525
v -6.197082 47.335746 -0.481089
v -5.313509 47.821494 -2.402228
v -4.052722 48.514618 -4.026242
v -2.487993 49.374835 -5.258749
v -0.710258 50.352153 -6.028121
v 7.177167 41.421570 2.710355
v 7.545214 42.236570 2.710355
v 7.643467 42.644070 2.710355
v 7.677167 43.051570 2.710355
v 7.643467 43.459070 2.710355
v 7.545214 43.866570 2.710355
v 6.972722 41.421570 1.157441
v 6.373320 41.421570 -0.289645
v 5.419808 41.421570 -1.532286
v 4.177167 41.421570 -2.485798
v 2.730081 41.421570 -3.085200
v 1.177167 41.421570 -3.289645
v -0.375747 41.421570 -3.085200
v -1.822833 41.421570 -2.485798
v -3.065474 41.421570 -1.532286
v -4.018985 41.421570 -0.289645
v -4.618388 41.421570 1.157441
v -4.822833 41.421570 2.710355
v -4.618388 41.421570 4.263269
v -4.018985 41.421570 5.710355
v -3.065474 41.421570 6.952996
v -1.822833 41.421570 7.906507
v -0.375747 41.421570 8.505910
v 1.177167 41.421570 8.710355
v 2.730081 41.421570 8.505910
v 4.177167 41.421570 7.906507
v 5.419808 41.421570 6.952996
v 6.373320 41.421570 5.710355
v 6.972722 41.421570 4.263269
v 6.757487 41.747570 5.349650
v 6.883108 44.029570 5.409064
v 6.309823 41.747570 6.139886
v 6.425367 44.029570 6.217090
v 5.093272 41.747570 7.482143
v 5.181430 44.029570 7.589563
v 1.782226 41.747570 8.853623
v 1.795847 44.029570 8.991918
v -0.027124 41.747570 8.764736
v -0.054234 44.029570 8.901029
v -0.902452 41.747570 8.522500
v -0.949267 44.029570 8.653340
v -4.359222 41.747570 5.440600
v -4.483855 44.029570 5.502062
v -4.877213 41.747570 1.506064
v -5.013507 44.029570 1.478953
v -2.892970 41.747570 -1.930747
v -2.984595 44.029570 -2.035225
v 0.773434 41.747570 -3.449421
v 0.764345 44.029570 -3.588087
v 4.606698 41.747570 -2.422301
v 4.683902 44.029570 -2.537845
v 7.022560 41.747570 0.726111
v 7.154149 44.029570 0.681443
v 7.420806 44.029570 3.636511
v 7.585415 43.377570 3.660929
v 7.606814 43.051570 3.664103
v 7.585415 42.725570 3.660929
v 7.522477 42.399570 3.651593
v 7.420806 42.073570 3.636511
v 7.283347 41.747570 3.616121
v 7.217333 44.029570 4.542619
v 7.376577 43.377570 4.590925
v 7.397279 43.051570 4.597205
v 7.376577 42.725570 4.590925
v 7.315690 42.399570 4.572456
v 7.217333 42.073570 4.542619
v 7.084353 41.747570 4.502280
v 6.563732 43.377570 6.309542
v 6.581720 43.051570 6.321561
v 6.563732 42.725570 6.309542
v 6.510828 42.399570 6.274193
v 6.425367 42.073570 6.217090
v 6.883108 42.073570 5.409064
v 6.976023 42.399570 5.453010
v 7.033541 42.725570 5.480213
v 7.053098 43.051570 5.489463
v 7.033541 43.377570 5.480213
v 5.286999 43.377570 7.718200
v 5.300724 43.051570 7.734923
v 5.286999 42.725570 7.718200
v 5.246635 42.399570 7.669016
v 5.181430 42.073570 7.589563
v 5.751053 41.747570 6.855884
v 5.854018 42.073570 6.949206
v 5.930176 42.399570 7.018231
v 5.977320 42.725570 7.060960
v 5.993349 43.051570 7.075488
v 5.977320 43.377570 7.060960
v 5.854018 44.029570 6.949206
v 3.592648 44.029570 8.541842
v 3.656331 43.377570 8.695585
v 3.664609 43.051570 8.715572
v 3.656331 42.725570 8.695585
v 3.631982 42.399570 8.636802
v 3.592648 42.073570 8.541842
v 3.539469 41.747570 8.413457
v 4.350720 41.747570 8.005108
v 4.422161 42.073570 8.124301
v 4.475002 42.399570 8.212461
v 4.507713 42.725570 8.267035
v 4.518835 43.051570 8.285591
v 4.507713 43.377570 8.267035
v 4.422161 44.029570 8.124301
v 2.710847 44.029570 8.833150
v 2.751282 43.377570 8.994573
v 2.756538 43.051570 9.015558
v 2.751282 42.725570 8.994573
v 2.735822 42.399570 8.932853
v 2.710847 42.073570 8.833150
v 2.677082 41.747570 8.698351
v 0.867454 44.029570 9.014708
v 0.859289 43.377570 9.180918
v 0.858227 43.051570 9.202525
v 0.859289 42.725570 9.180918
v 0.862411 42.399570 9.117368
v 0.867454 42.073570 9.014708
v 0.874273 41.747570 8.875912
v 1.795847 42.073570 8.991918
v 1.805922 42.399570 9.094206
v 1.812158 42.725570 9.157526
v 1.814279 43.051570 9.179056
v 1.812158 43.377570 9.157526
v -1.005329 43.377570 8.810022
v -1.012617 43.051570 8.830391
v -1.005329 42.725570 8.810022
v -0.983894 42.399570 8.750115
v -0.949267 42.073570 8.653340
v -0.054234 42.073570 8.901029
v -0.074286 42.399570 9.001837
v -0.086699 42.725570 9.064241
v -0.090920 43.051570 9.085459
v -0.086699 43.377570 9.064241
v -2.582861 44.029570 7.780166
v -2.681991 43.377570 7.913828
v -2.694878 43.051570 7.931204
v -2.681991 42.725570 7.913828
v -2.644089 42.399570 7.862722
v -2.582861 42.073570 7.780166
v -2.500080 41.747570 7.668549
v -1.732762 41.747570 8.154449
v -1.798269 42.073570 8.277004
v -1.846720 42.399570 8.367650
v -1.876714 42.725570 8.423764
v -1.886912 43.051570 8.442843
v -1.876714 43.377570 8.423764
v -1.798269 44.029570 8.277004
v -3.953486 44.029570 6.386929
v -4.088751 43.377570 6.483859
v -4.106336 43.051570 6.496460
v -4.088751 42.725570 6.483859
v -4.037033 42.399570 6.446798
v -3.953486 42.073570 6.386929
v -3.840530 41.747570 6.305986
v -3.187798 41.747570 7.075320
v -3.286060 42.073570 7.173582
v -3.358739 42.399570 7.246261
v -3.403730 42.725570 7.291252
v -3.419027 43.051570 7.306549
v -3.403730 43.377570 7.291252
v -3.286060 44.029570 7.173582
v -4.633103 43.377570 5.575663
v -4.652506 43.051570 5.585231
v -4.633103 42.725570 5.575663
v -4.576038 42.399570 5.547522
v -4.483855 42.073570 5.502062
v -5.080790 44.029570 3.534231
v -5.245776 43.377570 3.555951
v -5.267224 43.051570 3.558775
v -5.245776 42.725570 3.555951
v -5.182694 42.399570 3.547647
v -5.080790 42.073570 3.534231
v -4.943015 41.747570 3.516092
v -4.730019 41.747570 4.502280
v -4.862999 42.073570 4.542619
v -4.961356 42.399570 4.572456
v -5.022243 42.725570 4.590925
v -5.042945 43.051570 4.597205
v -5.022243 43.377570 4.590925
v -4.862999 44.029570 4.542619
v -5.131410 44.029570 2.503834
v -5.297731 43.377570 2.498389
v -5.319353 43.051570 2.497681
v -5.297731 42.725570 2.498389
v -5.234138 42.399570 2.500471
v -5.131410 42.073570 2.503834
v -4.992521 41.747570 2.508380
v -4.730230 44.029570 0.486968
v -4.885974 43.377570 0.428350
v -4.906221 43.051570 0.420730
v -4.885974 42.725570 0.428350
v -4.826426 42.399570 0.450763
v -4.730230 42.073570 0.486968
v -4.600174 41.747570 0.535918
v -5.013507 42.073570 1.478953
v -5.114315 42.399570 1.458901
v -5.176719 42.725570 1.446488
v -5.197937 43.051570 1.442268
v -5.176719 43.377570 1.446488
v -3.702041 44.029570 -1.293908
v -3.830678 43.377570 -1.399477
v -3.847401 43.051570 -1.413201
v -3.830678 42.725570 -1.399477
v -3.781494 42.399570 -1.359113
v -3.702041 42.073570 -1.293908
v -3.594621 41.747570 -1.205750
v -4.168802 41.747570 -0.376142
v -4.289148 42.073570 -0.445623
v -4.378160 42.399570 -0.497015
v -4.433263 42.725570 -0.528828
v -4.451998 43.051570 -0.539645
v -4.433263 43.377570 -0.528828
v -4.289148 44.029570 -0.445623
v -3.094317 43.377570 -2.160339
v -3.108581 43.051570 -2.176604
v -3.094317 42.725570 -2.160339
v -3.052365 42.399570 -2.112502
v -2.984595 42.073570 -2.035225
v -1.238314 44.029570 -3.121132
v -1.301996 43.377570 -3.274875
v -1.310275 43.051570 -3.294862
v -1.301996 42.725570 -3.274875
v -1.277647 42.399570 -3.216092
v -1.238314 42.073570 -3.121132
v -1.185135 41.747570 -2.992747
v -2.082592 41.747570 -2.531764
v -2.155974 42.073570 -2.649772
v -2.210251 42.399570 -2.737056
v -2.243850 42.725570 -2.791088
v -2.255274 43.051570 -2.809459
v -2.243850 43.377570 -2.791088
v -2.155974 44.029570 -2.649772
v -0.256128 44.029570 -3.436714
v -0.293916 43.377570 -3.598777
v -0.298829 43.051570 -3.619845
v -0.293916 42.725570 -3.598777
v -0.279468 42.399570 -3.536812
v -0.256128 42.073570 -3.436714
v -0.224573 41.747570 -3.301381
v 1.795847 44.029570 -3.571208
v 1.812158 43.377570 -3.736816
v 1.814279 43.051570 -3.758346
v 1.812158 42.725570 -3.736816
v 1.805922 42.399570 -3.673496
v 1.795847 42.073570 -3.571208
v 1.782226 41.747570 -3.432913
v 0.764345 42.073570 -3.588087
v 0.757623 42.399570 -3.690650
v 0.753462 42.725570 -3.754141
v 0.752047 43.051570 -3.775728
v 0.753462 43.377570 -3.754141
v 3.782156 44.029570 -3.038978
v 3.850835 43.377570 -3.190555
v 3.859763 43.051570 -3.210260
v 3.850835 42.725570 -3.190555
v 3.824575 42.399570 -3.132599
v 3.782156 42.073570 -3.038978
v 3.724805 41.747570 -2.912401
v 2.774855 41.747570 -3.252298
v 2.810822 42.073570 -3.386527
v 2.837424 42.399570 -3.485808
v 2.853892 42.725570 -3.547266
v 2.859491 43.051570 -3.568163
v 2.853892 43.377570 -3.547266
v 2.810822 44.029570 -3.386527
v 4.776355 43.377570 -2.676210
v 4.788374 43.051570 -2.694198
v 4.776355 42.725570 -2.676210
v 4.741006 42.399570 -2.623306
v 4.683902 42.073570 -2.537845
v 6.184779 44.029570 -1.132121
v 6.316801 43.377570 -1.233425
v 6.333964 43.051570 -1.246594
v 6.316801 42.725570 -1.233425
v 6.266322 42.399570 -1.194691
v 6.184779 42.073570 -1.132121
v 6.074532 41.747570 -1.047525
v 5.396978 41.747570 -1.795091
v 5.491972 42.073570 -1.896515
v 5.562234 42.399570 -1.971533
v 5.605729 42.725570 -2.017972
v 5.620517 43.051570 -2.033762
v 5.605729 43.377570 -2.017972
v 5.491972 44.029570 -1.896515
v 6.743816 44.029570 -0.265081
v 6.890576 43.377570 -0.343526
v 6.909655 43.051570 -0.353724
v 6.890576 42.725570 -0.343526
v 6.834462 42.399570 -0.313532
v 6.743816 42.073570 -0.265081
v 6.621261 41.747570 -0.199574
v 7.404817 44.029570 1.682166
v 7.569004 43.377570 1.655058
v 7.590349 43.051570 1.651534
v 7.569004 42.725570 1.655058
v 7.506227 42.399570 1.665423
v 7.404817 42.073570 1.682166
v 7.267709 41.747570 1.704802
v 7.154149 42.073570 0.681443
v 7.251477 42.399570 0.648404
v 7.311727 42.725570 0.627952
v 7.332213 43.051570 0.620998
v 7.311727 43.377570 0.627952
v 9.177167 17.361570 2.710355
v 7.943833 23.348921 2.710355
v 7.180285 29.353984 2.710355
v 6.942906 35.378886 2.710355
v 8.904574 17.361570 0.639803
v 8.105370 17.361570 -1.289645
v 6.834021 17.361570 -2.946499
v 5.177167 17.361570 -4.217848
v 3.247720 17.361570 -5.017052
v 1.177167 17.361570 -5.289645
v -0.893385 17.361570 -5.017052
v -2.822833 17.361570 -4.217848
v -4.479687 17.361570 -2.946499
v -5.751036 17.361570 -1.289645
v -6.550240 17.361570 0.639803
v -6.822833 17.361570 2.710355
v -6.550240 17.361570 4.780907
v -5.751036 17.361570 6.710355
v -4.479687 17.361570 8.367209
v -2.822833 17.361570 9.638558
v -0.893385 17.361570 10.437762
v 1.177167 17.361570 10.710355
v 3.247720 17.361570 10.437762
v 5.177167 17.361570 9.638558
v 6.834021 17.361570 8.367209
v 8.105370 17.361570 6.710355
v 8.904574 17.361570 4.780907
v 7.587514 21.551000 5.742223
v 6.515100 39.969858 5.235009
v 7.073264 21.551000 6.650001
v 6.086881 39.969858 5.990921
v 5.675761 21.551000 8.191907
v 4.923173 39.969858 7.274876
v 1.872224 21.551000 9.767384
v 1.755945 39.969858 8.586785
v -0.206252 21.551000 9.665275
v 0.025186 39.969858 8.501758
v -1.211778 21.551000 9.387009
v -0.812121 39.969858 8.270044
v -5.182715 21.551000 5.846702
v -4.118744 39.969858 5.322009
v -5.777753 21.551000 1.326935
v -4.614236 39.969858 1.558373
v -3.498369 21.551000 -2.621073
v -2.716180 39.969858 -1.729156
v 0.713382 21.551000 -4.365637
v 0.790971 39.969858 -3.181865
v 5.116813 21.551000 -3.185742
v 4.457733 39.969858 -2.199359
v 7.892015 21.551000 0.430971
v 6.768660 39.969858 0.812299
v 7.018119 39.969858 3.576778
v 6.887361 34.172377 3.557382
v 7.068464 29.955584 3.584246
v 7.507794 25.748633 3.649415
v 8.191591 21.551000 3.750846
v 6.827769 39.969858 4.424446
v 6.701272 34.172377 4.386074
v 6.876473 29.955584 4.439220
v 7.301486 25.748633 4.568147
v 7.962999 21.551000 4.768814
v 5.976970 34.172377 5.917481
v 6.129199 29.955584 6.019197
v 6.498486 25.748633 6.265947
v 6.962605 25.748633 5.446663
v 6.561109 29.955584 5.256770
v 6.395603 34.172377 5.178491
v 4.839313 34.172377 7.172692
v 4.955460 29.955584 7.314219
v 5.237218 25.748633 7.657541
v 6.431381 21.551000 7.472497
v 5.919177 25.748633 7.008262
v 5.590093 29.955584 6.709998
v 5.454437 34.172377 6.587046
v 5.552382 39.969858 6.675819
v 3.436860 39.969858 8.165737
v 3.386274 34.172377 8.043610
v 3.456337 29.955584 8.212758
v 3.626301 25.748633 8.623088
v 3.890842 21.551000 9.261747
v 4.822760 21.551000 8.792659
v 4.467371 25.748633 8.199729
v 4.239039 29.955584 7.818779
v 4.144915 34.172377 7.661743
v 4.212874 39.969858 7.775125
v 2.611932 39.969858 8.438257
v 2.579813 34.172377 8.310029
v 2.624298 29.955584 8.487627
v 2.732215 25.748633 8.918454
v 2.900182 21.551000 9.589016
v 0.887429 39.969858 8.608105
v 0.893915 34.172377 8.476076
v 0.884932 29.955584 8.658939
v 0.863139 25.748633 9.102542
v 0.829220 21.551000 9.792988
v 1.804467 25.748633 9.079434
v 1.760934 29.955584 8.637435
v 1.742988 34.172377 8.455232
v -0.767588 34.172377 8.145582
v -0.829267 29.955584 8.317964
v -0.978893 25.748633 8.736139
v -0.071391 25.748633 8.987279
v 0.015256 29.955584 8.551675
v 0.050974 34.172377 8.372109
v -2.340356 39.969858 7.453186
v -2.261611 34.172377 7.347010
v -2.370674 29.955584 7.494065
v -2.635246 25.748633 7.850800
v -3.047041 21.551000 8.406040
v -2.165590 21.551000 8.964213
v -1.839723 25.748633 8.354559
v -1.630358 29.955584 7.962865
v -1.544053 34.172377 7.801399
v -1.606366 39.969858 7.917979
v -3.622581 39.969858 6.149806
v -3.515132 34.172377 6.072809
v -3.663951 29.955584 6.179451
v -4.024967 25.748633 6.438152
v -4.586871 21.551000 6.840806
v -3.837051 21.551000 7.724573
v -3.348243 25.748633 7.235765
v -3.034190 29.955584 6.921712
v -2.904730 34.172377 6.792252
v -2.998202 39.969858 6.885724
v -4.000187 34.172377 5.263543
v -4.164390 29.955584 5.344520
v -4.562725 25.748633 5.540957
v -4.677179 39.969858 3.481094
v -4.546121 34.172377 3.463840
v -4.727639 29.955584 3.487737
v -5.167977 25.748633 3.545709
v -5.853342 21.551000 3.635939
v -5.608664 21.551000 4.768814
v -4.947151 25.748633 4.568147
v -4.522138 29.955584 4.439220
v -4.346937 34.172377 4.386074
v -4.473435 39.969858 4.424446
v -4.724534 39.969858 2.517153
v -4.592416 34.172377 2.521478
v -4.775403 29.955584 2.515488
v -5.219302 25.748633 2.500956
v -5.910211 21.551000 2.478338
v -4.349229 39.969858 0.630367
v -4.225513 34.172377 0.676930
v -4.396862 29.955584 0.612439
v -4.812533 25.748633 0.455991
v -5.459506 21.551000 0.212488
v -5.099757 25.748633 1.461797
v -4.664153 29.955584 1.548444
v -4.484587 34.172377 1.584162
v -3.387354 39.969858 -1.035651
v -3.285170 34.172377 -0.951791
v -3.426696 29.955584 -1.067938
v -3.770019 25.748633 -1.349696
v -4.304385 21.551000 -1.788239
v -4.963971 21.551000 -0.835233
v -4.365305 25.748633 -0.489593
v -3.980671 29.955584 -0.267524
v -3.822115 34.172377 -0.175982
v -3.936594 39.969858 -0.242077
v -2.629021 34.172377 -1.629771
v -2.749737 29.955584 -1.767421
v -3.042577 25.748633 -2.101342
v -1.082526 39.969858 -2.745027
v -1.031940 34.172377 -2.622900
v -1.102003 29.955584 -2.792048
v -1.271967 25.748633 -3.202378
v -1.536508 21.551000 -3.841037
v -2.567454 21.551000 -3.311486
v -2.202412 25.748633 -2.724451
v -1.967877 29.955584 -2.347288
v -1.871196 34.172377 -2.191812
v -1.941001 39.969858 -2.304068
v -0.163687 39.969858 -3.040255
v -0.133670 34.172377 -2.911519
v -0.175244 29.955584 -3.089821
v -0.276097 25.748633 -3.522356
v -0.433070 21.551000 -4.195577
v 1.755945 39.969858 -3.166075
v 1.742988 34.172377 -3.034522
v 1.760934 29.955584 -3.216725
v 1.804467 25.748633 -3.658724
v 1.872224 21.551000 -4.346674
v 0.758594 25.748633 -3.675838
v 0.787642 29.955584 -3.232652
v 0.799616 34.172377 -3.049959
v 3.614146 39.969858 -2.668171
v 3.559590 34.172377 -2.547765
v 3.635151 29.955584 -2.714530
v 3.818449 25.748633 -3.119079
v 4.103745 21.551000 -3.748740
v 3.012498 21.551000 -4.139194
v 2.833582 25.748633 -3.471470
v 2.718631 29.955584 -3.042466
v 2.671245 34.172377 -2.865620
v 2.705458 39.969858 -2.993305
v 4.384293 34.172377 -2.089448
v 4.486009 29.955584 -2.241677
v 4.732759 25.748633 -2.610964
v 5.861810 39.969858 -0.884298
v 5.756937 34.172377 -0.803826
v 5.902188 29.955584 -0.915281
v 6.254546 25.748633 -1.185655
v 6.802975 21.551000 -1.606479
v 6.024640 21.551000 -2.465239
v 5.552087 25.748633 -1.960699
v 5.248478 29.955584 -1.636539
v 5.123323 34.172377 -1.502912
v 5.213686 39.969858 -1.599393
v 6.384792 39.969858 -0.073178
v 6.268211 34.172377 -0.010865
v 6.429677 29.955584 -0.097170
v 6.821371 25.748633 -0.306535
v 7.431025 21.551000 -0.632402
v 7.003161 39.969858 1.748479
v 6.872738 34.172377 1.770012
v 7.053377 29.955584 1.740189
v 7.491582 25.748633 1.667841
v 8.173628 21.551000 1.555235
v 7.237421 25.748633 0.653176
v 6.816854 29.955584 0.795939
v 6.643486 34.172377 0.854790
v 11.177167 15.361570 2.710355
v 10.886585 15.361570 0.317198
v 10.031728 15.361570 -1.936877
v 8.662275 15.361570 -3.920872
v 6.857815 15.361570 -5.519484
v 4.723216 15.361570 -6.639808
v 2.382534 15.361570 -7.216734
v -0.028200 15.361570 -7.216734
v -2.368882 15.361570 -6.639808
v -4.503480 15.361570 -5.519484
v -6.307940 15.361570 -3.920872
v -7.677393 15.361570 -1.936877
v -8.532251 15.361570 0.317198
v -8.822833 15.361570 2.710355
v -8.532251 15.361570 5.103512
v -7.677393 15.361570 7.357587
v -6.307940 15.361570 9.341582
v -4.503480 15.361570 10.940194
v -2.368882 15.361570 12.060518
v -0.028200 15.361570 12.637444
v 2.382534 15.361570 12.637444
v 4.723216 15.361570 12.060518
v 6.857815 15.361570 10.940194
v 8.662275 15.361570 9.341582
v 10.031728 15.361570 7.357587
v 10.886585 15.361570 5.103512
v 1.177167 17.293421 11.227993
v 1.177167 17.093621 11.710355
v 1.177167 16.775783 12.124569
v 1.177167 16.361570 12.442406
v 1.177167 15.879208 12.642207
v 9.632702 17.293421 3.737043
v 10.111547 17.093621 3.795185
v 10.522741 16.775783 3.845113
v 10.838261 16.361570 3.883424
v 11.036605 15.879208 3.907507
v 11.036605 15.879208 1.513203
v 10.838261 16.361570 1.537286
v 10.522741 16.775783 1.575597
v 10.111547 17.093621 1.625525
v 9.632702 17.293421 1.683667
v 9.141297 17.293421 5.730751
v 9.592313 17.093621 5.901799
v 9.979610 16.775783 6.048681
v 10.276793 16.361570 6.161388
v 10.463610 15.879208 6.232238
v 8.187046 17.293421 7.548925
v 8.584022 17.093621 7.822938
v 8.924913 16.775783 8.058238
v 9.186488 16.361570 8.238790
v 9.350921 15.879208 8.352290
v 6.825406 17.293421 9.085899
v 7.145271 17.093621 9.446952
v 7.419946 16.775783 9.756995
v 7.630711 16.361570 9.994900
v 7.763203 15.879208 10.144453
v 5.135511 17.293421 10.252349
v 5.359676 17.093621 10.679459
v 5.552170 16.775783 11.046227
v 5.699877 16.361570 11.327658
v 5.792729 15.879208 11.504573
v 3.215571 17.293421 10.980486
v 3.331008 17.093621 11.448831
v 3.430136 16.775783 11.851009
v 3.506199 16.361570 12.159610
v 3.554015 15.879208 12.353605
v -0.861237 17.293421 10.980486
v -0.976674 17.093621 11.448831
v -1.075802 16.775783 11.851009
v -1.151865 16.361570 12.159610
v -1.199681 15.879208 12.353605
v -2.781177 17.293421 10.252349
v -3.005341 17.093621 10.679459
v -3.197836 16.775783 11.046227
v -3.345542 16.361570 11.327658
v -3.438395 15.879208 11.504573
v -4.471072 17.293421 9.085899
v -4.790937 17.093621 9.446952
v -5.065611 16.775783 9.756995
v -5.276376 16.361570 9.994900
v -5.408869 15.879208 10.144453
v -5.832712 17.293421 7.548925
v -6.229688 17.093621 7.822938
v -6.570579 16.775783 8.058238
v -6.832154 16.361570 8.238790
v -6.996587 15.879208 8.352290
v -6.786963 17.293421 5.730751
v -7.237979 17.093621 5.901799
v -7.625276 16.775783 6.048681
v -7.922459 16.361570 6.161388
v -8.109276 15.879208 6.232238
v -7.278368 17.293421 3.737043
v -7.757213 17.093621 3.795185
v -8.168406 16.775783 3.845113
v -8.483926 16.361570 3.883424
v -8.682270 15.879208 3.907507
v -7.278368 17.293421 1.683667
v -7.757213 17.093621 1.625525
v -8.168406 16.775783 1.575597
v -8.483926 16.361570 1.537286
v -8.682270 15.879208 1.513203
v -6.786963 17.293421 -0.310041
v -7.237979 17.093621 -0.481089
v -7.625276 16.775783 -0.627971
v -7.922459 16.361570 -0.740678
v -8.109276 15.879208 -0.811528
v -5.832712 17.293421 -2.128215
v -6.229688 17.093621 -2.402228
v -6.570579 16.775783 -2.637528
v -6.832154 16.361570 -2.818080
v -6.996587 15.879208 -2.931580
v -4.471072 17.293421 -3.665189
v -4.790937 17.093621 -4.026242
v -5.065611 16.775783 -4.336285
v -5.276376 16.361570 -4.574190
v -5.408869 15.879208 -4.723743
v -2.781177 17.293421 -4.831639
v -3.005341 17.093621 -5.258749
v -3.197836 16.775783 -5.625517
v -3.345542 16.361570 -5.906948
v -3.438395 15.879208 -6.083863
v -0.861237 17.293421 -5.559776
v -0.976674 17.093621 -6.028122
v -1.075802 16.775783 -6.430299
v -1.151865 16.361570 -6.738900
v -1.199681 15.879208 -6.932895
v 3.215571 17.293421 -5.559776
v 3.331008 17.093621 -6.028122
v 3.430136 16.775783 -6.430299
v 3.506199 16.361570 -6.738900
v 3.554015 15.879208 -6.932895
v 1.177167 15.879208 -7.221497
v 1.177167 16.361570 -7.021696
v 1.177167 16.775783 -6.703859
v 1.177167 17.093621 -6.289645
v 1.177167 17.293421 -5.807283
v 5.135511 17.293421 -4.831639
v 5.359676 17.093621 -5.258749
v 5.552170 16.775783 -5.625517
v 5.699877 16.361570 -5.906948
v 5.792729 15.879208 -6.083863
v 6.825406 17.293421 -3.665189
v 7.145271 17.093621 -4.026242
v 7.419946 16.775783 -4.336285
v 7.630711 16.361570 -4.574190
v 7.763203 15.879208 -4.723743
v 8.187046 17.293421 -2.128215
v 8.584022 17.093621 -2.402228
v 8.924913 16.775783 -2.637528
v 9.186488 16.361570 -2.818080
v 9.350921 15.879208 -2.931580
v 9.141297 17.293421 -0.310041
v 9.592313 17.093621 -0.481089
v 9.979610 16.775783 -0.627971
v 10.276793 16.361570 -0.740678
v 10.463610 15.879208 -0.811528
v 11.177167 14.361570 2.710355
v 10.886585 14.361570 0.317198
v 10.031728 14.361570 -1.936877
v 8.662275 14.361570 -3.920872
v 6.857815 14.361570 -5.519484
v 4.723216 14.361570 -6.639808
v 2.382534 14.361570 -7.216734
v -0.028200 14.361570 -7.216734
v -2.368882 14.361570 -6.639808
v -4.503480 14.361570 -5.519484
v -6.307940 14.361570 -3.920872
v -7.677393 14.361570 -1.936877
v -8.532251 14.361570 0.317198
v -8.822833 14.361570 2.710355
v -8.532251 14.361570 5.103512
v -7.677393 14.361570 7.357587
v -6.307940 14.361570 9.341582
v -4.503480 14.361570 10.940194
v -2.368882 14.361570 12.060518
v -0.028200 14.361570 12.637444
v 2.382534 14.361570 12.637444
v 4.723216 14.361570 12.060518
v 6.857815 14.361570 10.940194
v 8.662275 14.361570 9.341582
v 10.031728 14.361570 7.357587
v 10.886585 14.361570 5.103512
v 14.177167 5.391570 2.710355
v 14.840013 6.619519 2.710355
v 15.230075 7.819423 2.710355
v 15.324457 8.988929 2.710355
v 15.252678 9.561451 2.710355
v 15.098784 10.125531 2.710355
v 14.547067 11.228613 2.710355
v 13.690176 12.300321 2.710355
v 12.558825 13.343812 2.710355
v 13.893086 5.391570 0.007503
v 13.053258 5.391570 -2.577221
v 11.694388 5.391570 -4.930853
v 9.875865 5.391570 -6.950528
v 7.677167 5.391570 -8.547975
v 5.194388 5.391570 -9.653380
v 2.536037 5.391570 -10.218430
v -0.181703 5.391570 -10.218430
v -2.840054 5.391570 -9.653380
v -5.322833 5.391570 -8.547975
v -7.521531 5.391570 -6.950528
v -9.340054 5.391570 -4.930853
v -10.698924 5.391570 -2.577221
v -11.538752 5.391570 0.007503
v -11.822833 5.391570 2.710355
v -11.538752 5.391570 5.413207
v -10.698924 5.391570 7.997931
v -9.340054 5.391570 10.351563
v -7.521531 5.391570 12.371238
v -5.322833 5.391570 13.968685
v -2.840054 5.391570 15.074090
v -0.181703 5.391570 15.639140
v 2.536037 5.391570 15.639140
v 5.194388 5.391570 15.074090
v 7.677167 5.391570 13.968685
v 9.875865 5.391570 12.371238
v 11.694388 5.391570 10.351563
v 13.053258 5.391570 7.997931
v 13.893086 5.391570 5.413207
v 12.444876 6.376117 10.239197
v 11.410171 13.876158 5.814503
v 9.774184 6.376117 13.185851
v 7.961027 13.876158 10.976512
v 6.674705 13.876158 11.882442
v 0.512224 6.376117 16.245589
v 0.652464 13.876158 13.390935
v -5.210993 6.376117 14.661762
v -0.909024 13.876158 13.198344
v -6.384251 13.876158 10.271774
v -10.976856 6.376117 8.704056
v -9.055837 13.876158 5.814503
v -12.367135 6.376117 2.266960
v -9.310822 13.876158 0.624164
v -8.083642 13.876158 -2.636375
v -5.978975 6.376117 -8.797657
v -4.469706 13.876158 -6.370555
v 0.290853 6.376117 -10.812188
v 0.477781 13.876158 -7.960210
v 5.590434 13.876158 -7.029932
v 11.928341 6.376117 -5.539311
v 9.660860 13.876158 -3.799412
v 11.754887 13.876158 4.279412
v 12.485271 13.302579 4.387754
v 13.138068 12.720936 4.484587
v 13.928058 11.875200 4.601771
v 14.536592 11.010604 4.692038
v 14.948104 10.125531 4.753080
v 15.152602 9.218943 4.783415
v 15.151914 8.291029 4.783313
v 14.957267 7.342956 4.754440
v 14.582050 6.376117 4.698781
v 12.116752 13.302579 6.028842
v 12.748276 12.720936 6.220412
v 13.512521 11.875200 6.452244
v 14.101223 11.010604 6.630825
v 14.499324 10.125531 6.751587
v 14.697158 9.218943 6.811599
v 14.696493 8.291029 6.811398
v 14.508189 7.342956 6.754276
v 14.145199 6.376117 6.644165
v 10.068455 13.876158 8.651323
v 10.682391 13.302579 9.061543
v 11.231112 12.720936 9.428186
v 11.895152 11.875200 9.871883
v 12.406665 11.010604 10.213666
v 12.752569 10.125531 10.444791
v 12.924463 9.218943 10.559647
v 12.923885 8.291029 10.559261
v 12.760271 7.342956 10.449938
v 13.427630 6.376117 8.504393
v 13.770534 7.342956 8.666574
v 13.948418 8.291029 8.750707
v 13.949047 9.218943 8.751004
v 13.762160 10.125531 8.662613
v 13.386087 11.010604 8.484744
v 12.829960 11.875200 8.221716
v 12.108003 12.720936 7.880255
v 11.511424 13.302579 7.598095
v 10.843941 13.876158 7.282399
v 9.100499 13.876158 9.891644
v 9.647599 13.302579 10.387507
v 10.136582 12.720936 10.830696
v 10.728331 11.875200 11.367026
v 11.184159 11.010604 11.780163
v 11.492405 10.125531 12.059541
v 11.645586 9.218943 12.198377
v 11.645071 8.291029 12.197910
v 11.499269 7.342956 12.065763
v 11.218209 6.376117 11.811025
v 7.054305 13.302579 12.515768
v 7.393583 12.720936 13.081817
v 7.804163 11.875200 13.766829
v 8.120435 11.010604 14.294497
v 8.334309 10.125531 14.651324
v 8.440592 9.218943 14.828647
v 8.440235 8.291029 14.828051
v 8.339071 7.342956 14.659270
v 8.144060 6.376117 14.333914
v 10.014824 7.342956 13.479072
v 10.139658 8.291029 13.631182
v 10.140099 9.218943 13.631719
v 10.008947 10.125531 13.471910
v 9.745031 11.010604 13.150327
v 9.354757 11.875200 12.674777
v 8.848109 12.720936 12.057424
v 8.429447 13.302579 11.547283
v 3.775466 13.876158 13.083346
v 3.954877 13.302579 13.799593
v 4.115229 12.720936 14.439756
v 4.309281 11.875200 15.214456
v 4.458761 11.010604 15.811212
v 4.559844 10.125531 16.214758
v 4.610077 9.218943 16.415299
v 4.609908 8.291029 16.414624
v 4.562095 7.342956 16.223745
v 4.469927 6.376117 15.855790
v 6.363124 6.376117 15.230362
v 6.508284 7.342956 15.580811
v 6.583588 8.291029 15.762609
v 6.583854 9.218943 15.763251
v 6.504739 10.125531 15.572252
v 6.345538 11.010604 15.187905
v 6.110114 11.875200 14.619541
v 5.804490 12.720936 13.881700
v 5.551941 13.302579 13.271994
v 5.269377 13.876158 12.589825
v 2.225310 13.876158 13.352324
v 2.297683 13.302579 14.087143
v 2.362368 12.720936 14.743906
v 2.440648 11.875200 15.538695
v 2.500948 11.010604 16.150925
v 2.541724 10.125531 16.564936
v 2.561988 9.218943 16.770676
v 2.561920 8.291029 16.769984
v 2.542632 7.342956 16.574155
v 2.505452 6.376117 16.196658
v -1.053073 13.302579 13.922531
v -1.181821 12.720936 14.569791
v -1.337627 11.875200 15.353080
v -1.457645 11.010604 15.956451
v -1.538806 10.125531 16.364472
v -1.579138 9.218943 16.567236
v -1.579002 8.291029 16.566554
v -1.540613 7.342956 16.373558
v -1.466611 6.376117 16.001523
v 0.493611 7.342956 16.624456
v 0.483956 8.291029 16.820995
v 0.483922 9.218943 16.821690
v 0.494066 10.125531 16.615203
v 0.514479 11.010604 16.199690
v 0.544665 11.875200 15.585238
v 0.583852 12.720936 14.787566
v 0.616234 13.302579 14.128421
v -3.863695 13.876158 12.141145
v -4.211763 13.302579 12.792334
v -4.522857 12.720936 13.374350
v -4.899330 11.875200 14.078682
v -5.189330 11.010604 14.621233
v -5.385438 10.125531 14.988125
v -5.482892 9.218943 15.170450
v -5.482565 8.291029 15.169837
v -5.389805 7.342956 14.996295
v -3.388215 6.376117 15.469744
v -3.516005 7.342956 15.826893
v -3.582297 8.291029 16.012167
v -3.582532 9.218943 16.012822
v -3.512884 10.125531 15.818171
v -3.372733 11.010604 15.426475
v -3.165481 11.875200 14.847244
v -2.896430 12.720936 14.095295
v -2.674102 13.302579 13.473932
v -2.425351 13.876158 12.778720
v -5.192920 13.876158 11.299423
v -5.632769 13.302579 11.892492
v -6.025896 12.720936 12.422561
v -6.501641 11.875200 13.064030
v -6.868111 11.010604 13.558157
v -7.115930 10.125531 13.892303
v -7.239083 9.218943 14.058354
v -7.238669 8.291029 14.057796
v -7.121449 7.342956 13.899743
v -6.895486 6.376117 13.595068
v -7.514977 13.876158 8.939057
v -8.115163 13.302579 9.369144
v -8.651593 12.720936 9.753545
v -9.300760 11.875200 10.218732
v -9.800817 11.010604 10.577067
v -10.138973 10.125531 10.819386
v -10.307018 9.218943 10.939805
v -10.306453 8.291029 10.939400
v -10.146503 7.342956 10.824782
v -9.838172 6.376117 10.603835
v -8.405231 6.376117 12.292753
v -8.673453 7.342956 12.560975
v -8.812595 8.291029 12.700117
v -8.813087 9.218943 12.700609
v -8.666903 10.125531 12.554425
v -8.372736 11.010604 12.260258
v -7.937729 11.875200 11.825252
v -7.373010 12.720936 11.260532
v -6.906361 13.302579 10.793884
v -8.413506 13.876158 7.439952
v -9.075735 13.302579 7.766527
v -9.667617 12.720936 8.058411
v -10.383891 11.875200 8.411638
v -10.935640 11.010604 8.683730
v -11.308752 10.125531 8.867729
v -11.494167 9.218943 8.959166
v -11.493544 8.291029 8.958858
v -11.317060 7.342956 8.871826
v -9.424810 13.876158 4.106132
v -10.156868 13.302579 4.202509
v -10.811162 12.720936 4.288648
v -11.602964 11.875200 4.392891
v -12.212893 11.010604 4.473190
v -12.625348 10.125531 4.527491
v -12.830316 9.218943 4.554475
v -12.829626 8.291029 4.554384
v -12.634533 7.342956 4.528700
v -12.258455 6.376117 4.479188
v -11.790865 6.376117 6.644165
v -12.153855 7.342956 6.754276
v -12.342158 8.291029 6.811398
v -12.342824 9.218943 6.811599
v -12.144990 10.125531 6.751587
v -11.746889 11.010604 6.630825
v -11.158187 11.875200 6.452244
v -10.393941 12.720936 6.220412
v -9.762418 13.302579 6.028842
v -9.510568 13.876158 2.360475
v -10.248548 13.302579 2.336316
v -10.908135 12.720936 2.314723
v -11.706342 11.875200 2.288593
v -12.321205 11.010604 2.268464
v -12.736996 10.125531 2.254852
v -12.943621 9.218943 2.248088
v -12.942926 8.291029 2.248111
v -12.746255 7.342956 2.254549
v -8.830906 13.876158 -1.056417
v -9.521956 13.302579 -1.316510
v -10.139598 12.720936 -1.548974
v -10.887044 11.875200 -1.830293
v -11.462807 11.010604 -2.046994
v -11.852157 10.125531 -2.193535
v -12.045642 9.218943 -2.266358
v -12.044991 8.291029 -2.266113
v -11.860827 7.342956 -2.196799
v -11.505816 6.376117 -2.063182
v -12.114001 6.376117 0.066577
v -12.486036 7.342956 -0.007425
v -12.679032 8.291029 -0.045814
v -12.679713 9.218943 -0.045950
v -12.476950 10.125531 -0.005618
v -12.068929 11.010604 0.075543
v -11.465558 11.875200 0.195561
v -10.682269 12.720936 0.351366
v -10.035009 13.302579 0.480114
v -8.723093 13.302579 -3.005563
v -9.294618 12.720936 -3.335533
v -9.986256 11.875200 -3.734850
v -10.519028 11.010604 -4.042446
v -10.879307 10.125531 -4.250454
v -11.058345 9.218943 -4.353822
v -11.057743 8.291029 -4.353474
v -10.887330 7.342956 -4.255085
v -10.558826 6.376117 -4.065424
v -5.873521 13.876158 -5.329415
v -6.360366 13.302579 -5.884554
v -6.795495 12.720936 -6.380724
v -7.322071 11.875200 -6.981169
v -7.727696 11.010604 -7.443695
v -8.001993 10.125531 -7.756471
v -8.138303 9.218943 -7.911903
v -8.137845 8.291029 -7.911380
v -8.008101 7.342956 -7.763436
v -7.757996 6.376117 -7.478246
v -9.298329 6.376117 -5.886662
v -9.591549 7.342956 -6.127302
v -9.743660 8.291029 -6.252136
v -9.744197 9.218943 -6.252577
v -9.584388 10.125531 -6.121425
v -9.262805 11.010604 -5.857509
v -8.787255 11.875200 -5.467235
v -8.169902 12.720936 -4.960587
v -7.659761 13.302579 -4.541925
v -7.088990 13.876158 -4.073505
v -4.859618 13.302579 -6.997585
v -5.208111 12.720936 -7.558008
v -5.629844 11.875200 -8.236210
v -5.954707 11.010604 -8.758632
v -6.174391 10.125531 -9.111913
v -6.283562 9.218943 -9.287473
v -6.283195 8.291029 -9.286883
v -6.179283 7.342956 -9.119780
v -1.251064 13.876158 -7.703760
v -1.418731 13.302579 -8.422847
v -1.568588 12.720936 -9.065548
v -1.749939 11.875200 -9.843319
v -1.889635 11.010604 -10.442441
v -1.984102 10.125531 -10.847587
v -2.031046 9.218943 -11.048923
v -2.030889 8.291029 -11.048246
v -1.986205 7.342956 -10.856609
v -1.900070 6.376117 -10.487195
v -4.008789 6.376117 -9.809652
v -4.153950 7.342956 -10.160101
v -4.229253 8.291029 -10.341899
v -4.229519 9.218943 -10.342541
v -4.150405 10.125531 -10.151542
v -3.991203 11.010604 -9.767195
v -3.755779 11.875200 -9.198831
v -3.450155 12.720936 -8.460990
v -3.197607 13.302579 -7.851284
v -2.915043 13.876158 -7.169115
v 0.429489 13.302579 -8.697004
v 0.386327 12.720936 -9.355532
v 0.334094 11.875200 -10.152456
v 0.293858 11.010604 -10.766331
v 0.266650 10.125531 -11.181455
v 0.253129 9.218943 -11.387748
v 0.253174 8.291029 -11.387054
v 0.266044 7.342956 -11.190699
v 3.944838 13.876158 -7.618735
v 4.135944 13.302579 -8.331950
v 4.306749 12.720936 -8.969404
v 4.513451 11.875200 -9.740825
v 4.672674 11.010604 -10.335056
v 4.780347 10.125531 -10.736894
v 4.833854 9.218943 -10.936586
v 4.833674 8.291029 -10.935914
v 4.782744 7.342956 -10.745843
v 4.684568 6.376117 -10.379445
v 2.505452 6.376117 -10.775948
v 2.542632 7.342956 -11.153445
v 2.561920 8.291029 -11.349274
v 2.561988 9.218943 -11.349966
v 2.541724 10.125531 -11.144226
v 2.500948 11.010604 -10.730215
v 2.440648 11.875200 -10.117985
v 2.362368 12.720936 -9.323196
v 2.297683 13.302579 -8.666433
v 2.225310 13.876158 -7.931614
v 5.895166 13.302579 -7.702491
v 6.167528 12.720936 -8.303607
v 6.497130 11.875200 -9.031054
v 6.751024 11.010604 -9.591410
v 6.922716 10.125531 -9.970342
v 7.008038 9.218943 -10.158651
v 7.007751 8.291029 -10.158017
v 6.926540 7.342956 -9.978781
v 6.769990 6.376117 -9.633269
v 8.487135 13.876158 -5.094418
v 8.991882 13.302579 -5.633331
v 9.443012 12.720936 -6.114998
v 9.988953 11.875200 -6.697892
v 10.409493 11.010604 -7.146899
v 10.693877 10.125531 -7.450533
v 10.835200 9.218943 -7.601422
v 10.834725 8.291029 -7.600915
v 10.700210 7.342956 -7.457295
v 10.440908 6.376117 -7.180440
v 8.706009 6.376117 -8.557354
v 8.916750 7.342956 -8.872749
v 9.026073 8.291029 -9.036363
v 9.026460 9.218943 -9.036941
v 8.911603 10.125531 -8.865046
v 8.680478 11.010604 -8.519143
v 8.338695 11.875200 -8.007630
v 7.894998 12.720936 -7.343590
v 7.528355 13.302579 -6.794869
v 7.118136 13.876158 -6.180933
v 10.246652 13.302579 -4.248906
v 10.770218 12.720936 -4.650652
v 11.403817 11.875200 -5.136830
v 11.891882 11.010604 -5.511335
v 12.221928 10.125531 -5.764588
v 12.385943 9.218943 -5.890441
v 12.385392 8.291029 -5.890018
v 12.229278 7.342956 -5.770228
v 11.303127 13.876158 -0.726945
v 12.002317 13.302579 -0.964288
v 12.627234 12.720936 -1.176419
v 13.383485 11.875200 -1.433132
v 13.966029 11.010604 -1.630879
v 14.359966 10.125531 -1.764602
v 14.555730 9.218943 -1.831055
v 14.555072 8.291029 -1.830832
v 14.368738 7.342956 -1.767580
v 14.009546 6.376117 -1.645651
v 13.128574 6.376117 -3.677805
v 13.463107 7.342956 -3.856617
v 13.636649 8.291029 -3.949377
v 13.637262 9.218943 -3.949705
v 13.454937 10.125531 -3.852250
v 13.088045 11.010604 -3.656142
v 12.545494 11.875200 -3.366142
v 11.841162 12.720936 -2.989669
v 11.259146 13.302579 -2.678575
v 10.607958 13.876158 -2.330508
v 11.727799 13.876158 0.968439
v 12.456312 13.302579 0.848161
v 13.107438 12.720936 0.740659
v 13.895405 11.875200 0.610565
v 14.502380 11.010604 0.510353
v 14.912838 10.125531 0.442587
v 15.116812 9.218943 0.408910
v 15.116126 8.291029 0.409023
v 14.921978 7.342956 0.441078
v 14.547721 6.376117 0.502868
v 16.177167 3.391570 2.710355
v 15.888946 3.391570 -0.216000
v 15.035360 3.391570 -3.029897
v 13.649211 3.391570 -5.623199
v 11.783769 3.391570 -7.896247
v 9.510721 3.391570 -9.761689
v 6.917419 3.391570 -11.147838
v 4.103522 3.391570 -12.001424
v 1.177167 3.391570 -12.289645
v -1.749188 3.391570 -12.001424
v -4.563084 3.391570 -11.147838
v -7.156386 3.391570 -9.761689
v -9.429435 3.391570 -7.896247
v -11.294877 3.391570 -5.623199
v -12.681026 3.391570 -3.029897
v -13.534612 3.391570 -0.216000
v -13.822833 3.391570 2.710355
v -13.534612 3.391570 5.636710
v -12.681026 3.391570 8.450606
v -11.294877 3.391570 11.043908
v -9.429435 3.391570 13.316957
v -7.156386 3.391570 15.182399
v -4.563084 3.391570 16.568548
v -1.749188 3.391570 17.422134
v 1.177167 3.391570 17.710355
v 4.103522 3.391570 17.422134
v 6.917419 3.391570 16.568548
v 9.510721 3.391570 15.182399
v 11.783769 3.391570 13.316957
v 13.649211 3.391570 11.043908
v 15.035360 3.391570 8.450606
v 15.888946 3.391570 5.636710
v 16.177167 0.391570 2.710355
v 15.888946 0.391570 -0.216000
v 15.035360 0.391570 -3.029897
v 13.649211 0.391570 -5.623199
v 11.783769 0.391570 -7.896247
v 9.510721 0.391570 -9.761689
v 6.917419 0.391570 -11.147838
v 4.103522 0.391570 -12.001424
v 1.177167 0.391570 -12.289645
v -1.749188 0.391570 -12.001424
v -4.563084 0.391570 -11.147838
v -7.156386 0.391570 -9.761689
v -9.429435 0.391570 -7.896247
v -11.294877 0.391570 -5.623199
v -12.681026 0.391570 -3.029897
v -13.534612 0.391570 -0.216000
v -13.822833 0.391570 2.710355
v -13.534612 0.391570 5.636710
v -12.681026 0.391570 8.450606
v -11.294877 0.391570 11.043908
v -9.429435 0.391570 13.316957
v -7.156386 0.391570 15.182399
v -4.563084 0.391570 16.568548
v -1.749188 0.391570 17.422134
v 1.177167 0.391570 17.710355
v 4.103522 0.391570 17.422134
v 6.917419 0.391570 16.568548
v 9.510721 0.391570 15.182399
v 11.783769 0.391570 13.316957
v 13.649211 0.391570 11.043908
v 15.035360 0.391570 8.450606
v 15.888946 0.391570 5.636710
vt 0.156072 -0.772433 0.000000
vt 0.108747 -0.565487 0.000000
vt -0.000000 -0.756962 0.000000
vt -0.108747 -0.565487 0.000000
vt -0.156072 -0.772433 0.000000
vt -0.326242 -0.565487 0.000000
vt -0.326242 -0.791681 0.000000
vt -0.543737 -0.565487 0.000000
vt -0.543737 -0.791681 0.000000
vt -0.761232 -0.565487 0.000000
vt -0.761232 -0.791681 0.000000
vt -0.978727 -0.565487 0.000000
vt -0.978727 -0.791681 0.000000
vt -1.196222 -0.565487 0.000000
vt -1.196222 -0.791681 0.000000
vt -1.413717 -0.565487 0.000000
vt 0.305853 -0.820564 0.000000
vt 0.326242 -0.791681 0.000000
vt 0.326242 -0.565487 0.000000
vt 0.108747 -0.339292 0.000000
vt -0.108747 -0.339292 0.000000
vt -0.108747 -0.113097 0.000000
vt -0.326242 -0.113097 0.000000
vt -0.326242 0.113097 0.000000
vt -0.543737 0.113097 0.000000
vt -0.543737 0.339292 0.000000
vt -0.761232 0.339292 0.000000
vt -0.761232 0.565487 0.000000
vt -0.978727 0.565487 0.000000
vt -0.978727 0.791681 0.000000
vt -1.196222 0.791681 0.000000
vt -1.196222 1.017876 0.000000
vt -1.413717 1.017876 0.000000
vt 0.441794 -0.906168 0.000000
vt 0.543737 -0.791681 0.000000
vt 0.543737 -0.565487 0.000000
vt 0.326242 -0.339292 0.000000
vt 0.543737 -0.339292 0.000000
vt 0.326242 -0.113097 0.000000
vt 0.543737 -0.113097 0.000000
vt 0.326242 0.113097 0.000000
vt 0.543737 0.113097 0.000000
vt 0.326242 0.339292 0.000000
vt 0.543737 0.339292 0.000000
vt 0.326242 0.565487 0.000000
vt 0.543737 0.565487 0.000000
vt 0.326242 0.791681 0.000000
vt 0.543737 0.791681 0.000000
vt 0.326242 1.017876 0.000000
vt 0.543737 1.017876 0.000000
vt 0.326242 1.244071 0.000000
vt 0.543737 1.244071 0.000000
vt 0.326242 1.470265 0.000000
vt 0.543737 1.470265 0.000000
vt 0.326242 1.696460 0.000000
vt 0.543737 1.696460 0.000000
vt 0.326242 1.922655 0.000000
vt 0.543737 1.922655 0.000000
vt 0.326242 2.148849 0.000000
vt 0.543737 2.148849 0.000000
vt 0.326242 2.375044 0.000000
vt 0.543737 2.375044 0.000000
vt 0.326242 2.601239 0.000000
vt 0.543737 2.601239 0.000000
vt 0.471239 2.827433 0.000000
vt 0.543737 2.827433 0.000000
vt 0.471239 -2.827433 0.000000
vt 0.543737 -2.827433 0.000000
vt 0.543737 -2.601239 0.000000
vt 0.761232 -2.827433 0.000000
vt 0.761232 -2.601239 0.000000
vt 0.978727 -2.827433 0.000000
vt 0.978727 -2.601239 0.000000
vt 1.196222 -2.827433 0.000000
vt 1.196222 -2.601239 0.000000
vt 1.413717 -2.827433 0.000000
vt 0.543737 -1.017876 0.000000
vt 0.553932 -1.035236 0.000000
vt 0.761232 -1.017876 0.000000
vt 0.629686 -1.208978 0.000000
vt 0.761232 -1.244071 0.000000
vt 0.656755 -1.413717 0.000000
vt 0.761232 -1.470265 0.000000
vt 0.629686 -1.618456 0.000000
vt 0.761232 -1.696460 0.000000
vt 0.553932 -1.792198 0.000000
vt 0.761232 -1.921722 0.000000
vt 0.543737 -1.921411 0.000000
vt 0.543737 -2.100617 0.000000
vt 0.441794 -1.921265 0.000000
vt 0.326242 -2.088559 0.000000
vt 0.305853 -2.006869 0.000000
vt 0.156072 -2.055000 0.000000
vt -0.000000 -2.070472 0.000000
vt 0.108747 -2.076501 0.000000
vt 0.108747 -2.148849 0.000000
vt 0.326242 -2.148849 0.000000
vt 0.326242 -2.375044 0.000000
vt 0.543737 -2.375044 0.000000
vt -0.156072 -2.055000 0.000000
vt -0.108747 -2.148849 0.000000
vt -0.326242 -2.148849 0.000000
vt -0.305853 -2.006869 0.000000
vt -0.441794 -1.921265 0.000000
vt -0.553932 -1.792198 0.000000
vt -0.543737 -1.921411 0.000000
vt -0.543737 -2.148849 0.000000
vt -0.326242 -2.375044 0.000000
vt -0.108747 -2.375044 0.000000
vt -0.108747 -2.601239 0.000000
vt 0.108747 -2.601239 0.000000
vt 0.108747 -2.827433 0.000000
vt 0.326242 -2.827433 0.000000
vt 0.326242 2.827433 0.000000
vt 0.108747 2.827433 0.000000
vt -0.629686 -1.618456 0.000000
vt -0.761232 -1.696460 0.000000
vt -0.761232 -1.921722 0.000000
vt -0.761232 -1.470265 0.000000
vt -0.656755 -1.413717 0.000000
vt -0.761232 -1.244071 0.000000
vt -0.629686 -1.208978 0.000000
vt -0.761232 -1.017876 0.000000
vt -0.553932 -1.035236 0.000000
vt -0.543737 -1.017876 0.000000
vt -0.441794 -0.906168 0.000000
vt -0.305853 -0.820564 0.000000
vt -0.471239 2.827433 0.000000
vt -0.543737 2.827433 0.000000
vt -0.543737 2.601239 0.000000
vt -0.761232 2.827433 0.000000
vt -0.761232 2.601239 0.000000
vt -0.978727 2.827433 0.000000
vt -0.978727 2.601239 0.000000
vt -1.196222 2.827433 0.000000
vt -1.196222 2.601239 0.000000
vt -1.413717 2.827433 0.000000
vt -0.471239 -2.827433 0.000000
vt -0.326242 -2.827433 0.000000
vt -0.326242 -2.601239 0.000000
vt -0.108747 -2.827433 0.000000
vt -1.413717 2.601239 0.000000
vt -1.196222 2.375044 0.000000
vt -1.413717 2.375044 0.000000
vt -1.196222 2.148849 0.000000
vt -1.413717 2.148849 0.000000
vt -1.196222 1.922655 0.000000
vt -1.413717 1.922655 0.000000
vt -1.196222 1.696460 0.000000
vt -1.413717 1.696460 0.000000
vt -1.196222 1.470265 0.000000
vt -1.413717 1.470265 0.000000
vt -1.196222 1.244071 0.000000
vt -1.413717 1.244071 0.000000
vt -1.196222 0.565487 0.000000
vt -1.413717 0.565487 0.000000
vt -1.196222 0.339292 0.000000
vt -1.413717 0.339292 0.000000
vt -1.196222 0.113097 0.000000
vt -1.413717 0.113097 0.000000
vt -1.196222 -0.113097 0.000000
vt -1.413717 -0.113097 0.000000
vt -1.196222 -0.339292 0.000000
vt -1.413717 -0.339292 0.000000
vt -1.413717 -0.791681 0.000000
vt -1.196222 -1.017876 0.000000
vt -1.196222 -1.244071 0.000000
vt -1.413717 -1.244071 0.000000
vt -1.196222 -1.470265 0.000000
vt -1.413717 -1.470265 0.000000
vt -1.196222 -1.696460 0.000000
vt -1.413717 -1.696460 0.000000
vt -1.196222 -1.922344 0.000000
vt -1.413717 -1.922655 0.000000
vt -1.196222 -2.148849 0.000000
vt -1.413717 -2.148849 0.000000
vt -1.196222 -2.375044 0.000000
vt -1.413717 -2.375044 0.000000
vt -1.196222 -2.601239 0.000000
vt -1.413717 -2.601239 0.000000
vt -1.196222 -2.827433 0.000000
vt 1.413717 -2.601239 0.000000
vt 1.196222 -2.375044 0.000000
vt 1.413717 -2.375044 0.000000
vt 1.196222 -2.148849 0.000000
vt 1.413717 -2.148849 0.000000
vt 1.196222 -2.136791 0.000000
vt 1.196222 -1.696460 0.000000
vt 1.413717 -1.696460 0.000000
vt 1.196222 -1.470265 0.000000
vt 1.413717 -1.470265 0.000000
vt 1.196222 -1.244071 0.000000
vt 1.413717 -1.244071 0.000000
vt 1.196222 -1.017876 0.000000
vt 1.196222 -0.791681 0.000000
vt 1.413717 -0.791681 0.000000
vt 1.196222 -0.565487 0.000000
vt 1.413717 -0.565487 0.000000
vt 1.196222 -0.339292 0.000000
vt 1.413717 -0.339292 0.000000
vt 1.196222 -0.113097 0.000000
vt 1.413717 -0.113097 0.000000
vt 1.196222 0.113097 0.000000
vt 1.413717 0.113097 0.000000
vt 1.196222 0.339292 0.000000
vt 1.413717 0.339292 0.000000
vt 1.196222 0.565487 0.000000
vt 1.413717 0.565487 0.000000
vt 1.196222 0.791681 0.000000
vt 1.196222 1.017876 0.000000
vt 1.413717 1.017876 0.000000
vt 1.196222 1.244071 0.000000
vt 1.413717 1.244071 0.000000
vt 1.196222 1.470265 0.000000
vt 1.413717 1.470265 0.000000
vt 1.196222 1.696460 0.000000
vt 1.413717 1.696460 0.000000
vt 1.196222 1.922655 0.000000
vt 1.413717 1.922655 0.000000
vt 1.196222 2.148849 0.000000
vt 1.413717 2.148849 0.000000
vt 1.196222 2.375044 0.000000
vt 1.413717 2.375044 0.000000
vt 1.196222 2.601239 0.000000
vt 1.413717 2.601239 0.000000
vt 1.196222 2.827433 0.000000
vt 0.978727 2.827433 0.000000
vt 0.978727 2.601239 0.000000
vt 0.978727 2.375044 0.000000
vt 0.978727 2.148849 0.000000
vt 0.978727 1.922655 0.000000
vt 0.978727 1.696460 0.000000
vt 0.978727 1.470265 0.000000
vt 0.978727 1.244071 0.000000
vt 0.978727 1.017876 0.000000
vt 0.978727 0.791681 0.000000
vt 0.978727 0.565487 0.000000
vt 0.978727 0.339292 0.000000
vt 0.978727 0.113097 0.000000
vt 0.978727 -0.113097 0.000000
vt 0.978727 -0.339292 0.000000
vt 0.978727 -0.565487 0.000000
vt 0.978727 -0.791681 0.000000
vt 0.978727 -1.017876 0.000000
vt 0.978727 -1.244071 0.000000
vt 0.978727 -1.470265 0.000000
vt 0.978727 -1.696460 0.000000
vt 0.978727 -1.922033 0.000000
vt 0.761232 -2.112675 0.000000
vt 0.543737 -2.148849 0.000000
vt 0.761232 2.827433 0.000000
vt 0.761232 2.601239 0.000000
vt 0.761232 2.375044 0.000000
vt 0.761232 2.148849 0.000000
vt 0.761232 1.922655 0.000000
vt 0.761232 1.696460 0.000000
vt 0.761232 1.470265 0.000000
vt 0.761232 1.244071 0.000000
vt 0.761232 1.017876 0.000000
vt 0.761232 0.791681 0.000000
vt 0.761232 0.565487 0.000000
vt 0.761232 0.339292 0.000000
vt 0.761232 0.113097 0.000000
vt 0.761232 -0.113097 0.000000
vt 0.761232 -0.339292 0.000000
vt 0.761232 -0.565487 0.000000
vt 0.761232 -0.791681 0.000000
vt 0.326242 -2.601239 0.000000
vt -0.108747 2.827433 0.000000
vt 0.108747 2.601239 0.000000
vt -0.108747 2.601239 0.000000
vt 0.108747 2.375044 0.000000
vt -0.108747 2.375044 0.000000
vt 0.108747 2.148849 0.000000
vt -0.108747 2.148849 0.000000
vt 0.108747 1.922655 0.000000
vt -0.108747 1.922655 0.000000
vt 0.108747 1.696460 0.000000
vt -0.108747 1.696460 0.000000
vt 0.108747 1.470265 0.000000
vt -0.108747 1.470265 0.000000
vt 0.108747 1.244071 0.000000
vt -0.108747 1.244071 0.000000
vt 0.108747 1.017876 0.000000
vt -0.108747 1.017876 0.000000
vt 0.108747 0.791681 0.000000
vt -0.108747 0.791681 0.000000
vt 0.108747 0.565487 0.000000
vt -0.108747 0.565487 0.000000
vt 0.108747 0.339292 0.000000
vt -0.108747 0.339292 0.000000
vt 0.108747 0.113097 0.000000
vt -0.108747 0.113097 0.000000
vt 0.108747 -0.113097 0.000000
vt -0.326242 2.827433 0.000000
vt -0.326242 2.601239 0.000000
vt -0.326242 2.375044 0.000000
vt -0.326242 2.148849 0.000000
vt -0.326242 1.922655 0.000000
vt -0.326242 1.696460 0.000000
vt -0.326242 1.470265 0.000000
vt -0.326242 1.244071 0.000000
vt -0.326242 1.017876 0.000000
vt -0.326242 0.791681 0.000000
vt -0.326242 0.565487 0.000000
vt -0.326242 0.339292 0.000000
vt -0.543737 2.375044 0.000000
vt -0.543737 2.148849 0.000000
vt -0.543737 1.922655 0.000000
vt -0.543737 1.696460 0.000000
vt -0.543737 1.470265 0.000000
vt -0.543737 1.244071 0.000000
vt -0.543737 1.017876 0.000000
vt -0.543737 0.791681 0.000000
vt -0.543737 0.565487 0.000000
vt -0.543737 -2.827433 0.000000
vt -0.543737 -2.601239 0.000000
vt -0.543737 -2.375044 0.000000
vt -0.761232 -2.827433 0.000000
vt -0.761232 -2.601239 0.000000
vt -0.761232 -2.375044 0.000000
vt -0.761232 -2.148849 0.000000
vt -0.978727 -2.827433 0.000000
vt -0.978727 -2.601239 0.000000
vt -0.978727 -2.375044 0.000000
vt -0.978727 -2.148849 0.000000
vt -0.978727 -1.922033 0.000000
vt -0.978727 -1.696460 0.000000
vt -0.978727 -1.470265 0.000000
vt -0.978727 -1.244071 0.000000
vt -0.978727 -1.017876 0.000000
vt 1.413717 -1.922655 0.000000
vt 1.196222 -1.922344 0.000000
vt 0.978727 -2.124733 0.000000
vt 0.978727 -2.148849 0.000000
vt 0.761232 -2.148849 0.000000
vt 0.978727 -2.375044 0.000000
vt 0.761232 -2.375044 0.000000
vt 1.413717 -0.942478 0.000000
vt 1.413717 0.942478 0.000000
vt -0.326242 -0.339292 0.000000
vt -0.543737 -0.339292 0.000000
vt -0.761232 -0.339292 0.000000
vt -0.978727 -0.339292 0.000000
vt 0.108747 -2.375044 0.000000
vt -1.413717 -1.017876 0.000000
vt -0.978727 2.375044 0.000000
vt -0.978727 2.148849 0.000000
vt -0.978727 1.922655 0.000000
vt -0.978727 1.696460 0.000000
vt -0.978727 1.470265 0.000000
vt -0.978727 1.244071 0.000000
vt -0.978727 1.017876 0.000000
vt -0.761232 2.375044 0.000000
vt -0.761232 2.148849 0.000000
vt -0.761232 1.922655 0.000000
vt -0.761232 1.696460 0.000000
vt -0.761232 1.470265 0.000000
vt -0.761232 1.244071 0.000000
vt -0.761232 1.017876 0.000000
vt -0.761232 0.791681 0.000000
vt -1.413717 0.791681 0.000000
vt -0.978727 0.339292 0.000000
vt -0.978727 0.113097 0.000000
vt -0.978727 -0.113097 0.000000
vt -0.761232 0.113097 0.000000
vt -0.543737 -0.113097 0.000000
vt -0.761232 -0.113097 0.000000
vt -0.326000 0.170170 0.000000
vt -0.326000 0.000000 0.000000
vt -0.293400 0.095720 0.000000
vt -0.244500 0.000000 0.000000
vt -0.260800 0.095720 0.000000
vt -0.228200 0.095720 0.000000
vt -0.260800 0.191441 0.000000
vt -0.228200 0.191441 0.000000
vt -0.260800 0.287161 0.000000
vt -0.228200 0.287161 0.000000
vt -0.260800 0.382882 0.000000
vt -0.228200 0.382882 0.000000
vt -0.260800 0.478602 0.000000
vt -0.228200 0.478602 0.000000
vt -0.260800 0.574322 0.000000
vt -0.228200 0.574322 0.000000
vt -0.260800 0.670043 0.000000
vt -0.228200 0.670043 0.000000
vt -0.260800 0.765763 0.000000
vt -0.228200 0.765763 0.000000
vt -0.260800 0.861484 0.000000
vt -0.228200 0.861484 0.000000
vt -0.260800 0.957204 0.000000
vt -0.228200 0.957204 0.000000
vt -0.260800 1.052924 0.000000
vt -0.228200 1.052924 0.000000
vt -0.260800 1.148645 0.000000
vt -0.228200 1.148645 0.000000
vt -0.260800 1.244365 0.000000
vt -0.228200 1.244365 0.000000
vt -0.260800 1.340086 0.000000
vt -0.228200 1.340086 0.000000
vt -0.260800 1.435806 0.000000
vt -0.228200 1.435806 0.000000
vt -0.260800 1.531526 0.000000
vt -0.228200 1.531526 0.000000
vt -0.260800 1.637882 0.000000
vt -0.228200 1.637882 0.000000
vt -0.260800 1.744238 0.000000
vt -0.228200 1.744238 0.000000
vt -0.260800 1.850594 0.000000
vt -0.228200 1.850594 0.000000
vt -0.260800 1.956950 0.000000
vt -0.228200 1.956950 0.000000
vt -0.260800 2.063306 0.000000
vt -0.228200 2.063306 0.000000
vt -0.260800 2.169662 0.000000
vt -0.228200 2.169662 0.000000
vt -0.260800 2.276018 0.000000
vt -0.228200 2.276018 0.000000
vt -0.260800 2.382374 0.000000
vt -0.228200 2.382374 0.000000
vt -0.260800 2.488730 0.000000
vt -0.228200 2.488730 0.000000
vt -0.260800 2.595086 0.000000
vt -0.228200 2.595086 0.000000
vt -0.260800 2.701442 0.000000
vt -0.228200 2.701442 0.000000
vt -0.260800 2.807798 0.000000
vt -0.228200 2.807798 0.000000
vt -0.260800 2.914154 0.000000
vt -0.228200 2.914154 0.000000
vt -0.260800 3.020510 0.000000
vt -0.228200 3.020510 0.000000
vt -0.260800 3.126866 0.000000
vt -0.228200 3.126866 0.000000
vt -0.260800 3.233222 0.000000
vt -0.228200 3.233222 0.000000
vt -0.260800 3.339578 0.000000
vt -0.228200 3.339578 0.000000
vt -0.260800 3.445934 0.000000
vt -0.228200 3.445934 0.000000
vt -0.260800 3.552290 0.000000
vt -0.228200 3.552290 0.000000
vt -0.260800 3.658646 0.000000
vt -0.228200 3.658646 0.000000
vt -0.260800 3.765002 0.000000
vt -0.228200 3.765002 0.000000
vt -0.260800 3.871358 0.000000
vt -0.228200 3.871358 0.000000
vt -0.260800 3.977714 0.000000
vt -0.228200 3.977714 0.000000
vt -0.244500 4.084070 0.000000
vt -0.203750 4.084070 0.000000
vt -0.195600 3.977714 0.000000
vt -0.163000 4.084070 0.000000
vt -0.163000 3.977714 0.000000
vt -0.130400 3.977714 0.000000
vt -0.130400 3.871358 0.000000
vt -0.065200 3.871358 0.000000
vt -0.065200 3.765002 0.000000
vt 0.000000 3.743731 0.000000
vt -0.065200 3.658646 0.000000
vt 0.000000 3.573562 0.000000
vt -0.065200 3.552290 0.000000
vt -0.065200 3.445934 0.000000
vt -0.130400 3.552290 0.000000
vt -0.130400 3.445934 0.000000
vt -0.163000 3.552290 0.000000
vt -0.163000 3.445934 0.000000
vt -0.195600 3.552290 0.000000
vt -0.195600 3.445934 0.000000
vt -0.203750 0.000000 0.000000
vt -0.195600 0.095720 0.000000
vt -0.195600 0.191441 0.000000
vt -0.195600 0.287161 0.000000
vt -0.195600 0.382882 0.000000
vt -0.195600 0.478602 0.000000
vt -0.195600 0.574322 0.000000
vt -0.195600 0.670043 0.000000
vt -0.195600 0.765763 0.000000
vt -0.195600 0.861484 0.000000
vt -0.195600 0.957204 0.000000
vt -0.195600 1.052924 0.000000
vt -0.195600 1.148645 0.000000
vt -0.195600 1.244365 0.000000
vt -0.195600 1.340086 0.000000
vt -0.195600 1.435806 0.000000
vt -0.195600 1.531526 0.000000
vt -0.195600 1.637882 0.000000
vt -0.195600 1.744238 0.000000
vt -0.195600 1.850594 0.000000
vt -0.195600 1.956950 0.000000
vt -0.195600 2.063306 0.000000
vt -0.195600 2.169662 0.000000
vt -0.195600 2.276018 0.000000
vt -0.195600 2.382374 0.000000
vt -0.195600 2.488730 0.000000
vt -0.195600 2.595086 0.000000
vt -0.195600 2.701442 0.000000
vt -0.195600 2.807798 0.000000
vt -0.195600 2.914154 0.000000
vt -0.195600 3.020510 0.000000
vt -0.195600 3.126866 0.000000
vt -0.195600 3.233222 0.000000
vt -0.195600 3.339578 0.000000
vt -0.163000 0.000000 0.000000
vt -0.163000 0.095720 0.000000
vt -0.163000 0.191441 0.000000
vt -0.163000 0.287161 0.000000
vt -0.163000 0.382882 0.000000
vt -0.163000 0.478602 0.000000
vt -0.163000 0.574322 0.000000
vt -0.163000 0.670043 0.000000
vt -0.163000 0.765763 0.000000
vt -0.163000 0.861484 0.000000
vt -0.163000 0.957204 0.000000
vt -0.163000 1.052924 0.000000
vt -0.163000 1.148645 0.000000
vt -0.163000 1.244365 0.000000
vt -0.163000 1.340086 0.000000
vt -0.163000 1.435806 0.000000
vt -0.163000 1.531526 0.000000
vt -0.163000 1.637882 0.000000
vt -0.163000 1.744238 0.000000
vt -0.163000 1.850594 0.000000
vt -0.163000 1.956950 0.000000
vt -0.163000 2.063306 0.000000
vt -0.163000 2.169662 0.000000
vt -0.163000 2.276018 0.000000
vt -0.163000 2.382374 0.000000
vt -0.163000 2.488730 0.000000
vt -0.163000 2.595086 0.000000
vt -0.163000 2.701442 0.000000
vt -0.163000 2.807798 0.000000
vt -0.163000 2.914154 0.000000
vt -0.163000 3.020510 0.000000
vt -0.163000 3.126866 0.000000
vt -0.163000 3.233222 0.000000
vt -0.163000 3.339578 0.000000
vt -0.130400 0.095720 0.000000
vt -0.122250 0.000000 0.000000
vt -0.081500 0.000000 0.000000
vt -0.065200 0.095720 0.000000
vt 0.000000 0.000000 0.000000
vt 0.000000 0.170170 0.000000
vt 0.000000 0.340339 0.000000
vt -0.065200 0.287161 0.000000
vt -0.065200 0.191441 0.000000
vt -0.130400 0.191441 0.000000
vt -0.065200 0.382882 0.000000
vt 0.000000 0.510509 0.000000
vt -0.065200 0.478602 0.000000
vt -0.065200 0.574322 0.000000
vt -0.130400 0.574322 0.000000
vt -0.130400 0.670043 0.000000
vt 0.000000 0.680678 0.000000
vt -0.065200 0.670043 0.000000
vt -0.130400 0.765763 0.000000
vt -0.065200 0.765763 0.000000
vt 0.000000 0.850848 0.000000
vt -0.065200 0.861484 0.000000
vt -0.065200 0.957204 0.000000
vt -0.130400 0.957204 0.000000
vt -0.130400 1.052924 0.000000
vt 0.000000 1.021018 0.000000
vt -0.065200 1.052924 0.000000
vt -0.130400 1.148645 0.000000
vt -0.065200 1.148645 0.000000
vt 0.000000 1.191187 0.000000
vt -0.065200 1.244365 0.000000
vt 0.000000 1.361357 0.000000
vt -0.065200 1.340086 0.000000
vt -0.065200 1.435806 0.000000
vt -0.130400 1.435806 0.000000
vt -0.130400 1.531526 0.000000
vt 0.000000 1.531526 0.000000
vt -0.065200 1.531526 0.000000
vt -0.130400 1.637882 0.000000
vt -0.065200 1.637882 0.000000
vt 0.000000 1.701696 0.000000
vt -0.065200 1.744238 0.000000
vt 0.000000 1.871866 0.000000
vt -0.065200 1.850594 0.000000
vt -0.065200 1.956950 0.000000
vt -0.130400 1.956950 0.000000
vt -0.130400 2.063306 0.000000
vt 0.000000 2.042035 0.000000
vt -0.065200 2.063306 0.000000
vt -0.130400 2.169662 0.000000
vt -0.065200 2.169662 0.000000
vt 0.000000 2.212205 0.000000
vt -0.065200 2.276018 0.000000
vt 0.000000 2.382374 0.000000
vt -0.065200 2.382374 0.000000
vt -0.065200 2.488730 0.000000
vt -0.130400 2.488730 0.000000
vt -0.130400 2.595086 0.000000
vt 0.000000 2.552544 0.000000
vt -0.065200 2.595086 0.000000
vt -0.130400 2.701442 0.000000
vt 0.000000 2.722714 0.000000
vt -0.065200 2.701442 0.000000
vt -0.130400 2.807798 0.000000
vt -0.065200 2.807798 0.000000
vt 0.000000 2.892883 0.000000
vt -0.065200 2.914154 0.000000
vt -0.065200 3.020510 0.000000
vt -0.130400 3.020510 0.000000
vt -0.130400 3.126866 0.000000
vt 0.000000 3.063053 0.000000
vt -0.065200 3.126866 0.000000
vt -0.130400 3.233222 0.000000
vt 0.000000 3.233222 0.000000
vt -0.065200 3.233222 0.000000
vt -0.130400 3.339578 0.000000
vt -0.065200 3.339578 0.000000
vt 0.000000 3.403392 0.000000
vt 0.000000 3.913901 0.000000
vt -0.065200 3.977714 0.000000
vt -0.081500 4.084070 0.000000
vt -0.122250 4.084070 0.000000
vt 0.000000 4.084070 0.000000
vt -0.293400 3.977714 0.000000
vt -0.326000 4.084070 0.000000
vt -0.326000 3.913901 0.000000
vt -0.293400 3.871358 0.000000
vt -0.326000 3.743731 0.000000
vt -0.293400 3.765002 0.000000
vt -0.293400 3.658646 0.000000
vt -0.326000 3.573562 0.000000
vt -0.293400 3.552290 0.000000
vt -0.293400 3.445934 0.000000
vt -0.326000 3.403392 0.000000
vt -0.293400 3.339578 0.000000
vt -0.326000 3.233222 0.000000
vt -0.293400 3.233222 0.000000
vt -0.293400 3.126866 0.000000
vt -0.326000 3.063053 0.000000
vt -0.293400 3.020510 0.000000
vt -0.326000 2.892883 0.000000
vt -0.293400 2.914154 0.000000
vt -0.293400 2.807798 0.000000
vt -0.326000 2.722714 0.000000
vt -0.293400 2.701442 0.000000
vt -0.293400 2.595086 0.000000
vt -0.326000 2.552544 0.000000
vt -0.293400 2.488730 0.000000
vt -0.326000 2.382374 0.000000
vt -0.293400 2.382374 0.000000
vt -0.293400 2.276018 0.000000
vt -0.326000 2.212205 0.000000
vt -0.293400 2.169662 0.000000
vt -0.326000 2.042035 0.000000
vt -0.293400 2.063306 0.000000
vt -0.293400 1.956950 0.000000
vt -0.326000 1.871866 0.000000
vt -0.293400 1.850594 0.000000
vt -0.293400 1.744238 0.000000
vt -0.326000 1.701696 0.000000
vt -0.293400 1.637882 0.000000
vt -0.326000 1.531526 0.000000
vt -0.293400 1.531526 0.000000
vt -0.293400 1.435806 0.000000
vt -0.326000 1.361357 0.000000
vt -0.293400 1.340086 0.000000
vt -0.293400 1.244365 0.000000
vt -0.326000 1.191187 0.000000
vt -0.293400 1.148645 0.000000
vt -0.326000 1.021018 0.000000
vt -0.293400 1.052924 0.000000
vt -0.293400 0.957204 0.000000
vt -0.326000 0.850848 0.000000
vt -0.293400 0.861484 0.000000
vt -0.293400 0.765763 0.000000
vt -0.326000 0.680678 0.000000
vt -0.293400 0.670043 0.000000
vt -0.293400 0.574322 0.000000
vt -0.326000 0.510509 0.000000
vt -0.293400 0.478602 0.000000
vt -0.293400 0.382882 0.000000
vt -0.326000 0.340339 0.000000
vt -0.293400 0.287161 0.000000
vt -0.293400 0.191441 0.000000
vt -0.130400 0.287161 0.000000
vt -0.130400 0.382882 0.000000
vt -0.130400 0.478602 0.000000
vt -0.130400 0.861484 0.000000
vt -0.130400 1.244365 0.000000
vt -0.130400 1.340086 0.000000
vt -0.130400 1.744238 0.000000
vt -0.130400 1.850594 0.000000
vt -0.130400 2.276018 0.000000
vt -0.130400 2.382374 0.000000
vt -0.130400 2.914154 0.000000
vt -0.130400 3.658646 0.000000
vt -0.130400 3.765002 0.000000
vt -0.163000 3.658646 0.000000
vt -0.163000 3.765002 0.000000
vt -0.163000 3.871358 0.000000
vt -0.195600 3.658646 0.000000
vt -0.195600 3.765002 0.000000
vt -0.195600 3.871358 0.000000
vt -2.414309 0.157161 0.000000
vt -2.414309 0.000000 0.000000
vt -1.991805 0.088403 0.000000
vt -1.810732 0.000000 0.000000
vt -1.569301 0.088403 0.000000
vt -1.207155 0.000000 0.000000
vt -1.146797 0.088403 0.000000
vt -0.724293 0.088403 0.000000
vt -1.146797 0.176806 0.000000
vt -0.724293 0.176806 0.000000
vt -1.146797 0.265210 0.000000
vt -0.724293 0.265210 0.000000
vt -1.146797 0.353613 0.000000
vt -0.724293 0.353613 0.000000
vt -1.146797 0.442016 0.000000
vt -0.724293 0.442016 0.000000
vt -1.146797 0.530419 0.000000
vt -0.724293 0.530419 0.000000
vt -1.146797 0.618822 0.000000
vt -0.724293 0.618822 0.000000
vt -1.146797 0.707226 0.000000
vt -0.724293 0.707226 0.000000
vt -1.146797 0.795629 0.000000
vt -0.724293 0.795629 0.000000
vt -1.146797 0.884032 0.000000
vt -0.724293 0.884032 0.000000
vt -1.146797 0.972435 0.000000
vt -0.724293 0.972435 0.000000
vt -1.146797 1.060839 0.000000
vt -0.724293 1.060839 0.000000
vt -1.146797 1.149242 0.000000
vt -0.724293 1.149242 0.000000
vt -1.146797 1.237645 0.000000
vt -0.724293 1.237645 0.000000
vt -1.146797 1.326048 0.000000
vt -0.724293 1.326048 0.000000
vt -1.146797 1.414451 0.000000
vt -0.724293 1.414451 0.000000
vt -1.146797 1.512677 0.000000
vt -0.724293 1.512677 0.000000
vt -1.146797 1.610903 0.000000
vt -0.724293 1.610903 0.000000
vt -1.146797 1.709129 0.000000
vt -0.724293 1.709129 0.000000
vt -1.146797 1.807355 0.000000
vt -0.724293 1.807355 0.000000
vt -1.146797 1.905580 0.000000
vt -0.724293 1.905580 0.000000
vt -1.146797 2.003806 0.000000
vt -0.724293 2.003806 0.000000
vt -1.146797 2.102032 0.000000
vt -0.724293 2.102032 0.000000
vt -1.146797 2.200258 0.000000
vt -0.724293 2.200258 0.000000
vt -1.146797 2.298484 0.000000
vt -0.724293 2.298484 0.000000
vt -1.146797 2.396709 0.000000
vt -0.724293 2.396709 0.000000
vt -1.146797 2.494935 0.000000
vt -0.724293 2.494935 0.000000
vt -1.146797 2.593161 0.000000
vt -0.724293 2.593161 0.000000
vt -1.146797 2.691387 0.000000
vt -0.724293 2.691387 0.000000
vt -1.146797 2.789612 0.000000
vt -0.724293 2.789612 0.000000
vt -1.146797 2.887838 0.000000
vt -0.724293 2.887838 0.000000
vt -1.146797 2.986064 0.000000
vt -0.724293 2.986064 0.000000
vt -1.146797 3.084290 0.000000
vt -0.724293 3.084290 0.000000
vt -1.146797 3.182516 0.000000
vt -0.724293 3.182516 0.000000
vt -1.146797 3.280741 0.000000
vt -0.724293 3.280741 0.000000
vt -1.146797 3.378967 0.000000
vt -0.724293 3.378967 0.000000
vt -1.146797 3.477193 0.000000
vt -0.724293 3.477193 0.000000
vt -1.146797 3.575419 0.000000
vt -0.724293 3.575419 0.000000
vt -1.146797 3.673645 0.000000
vt -0.724293 3.673645 0.000000
vt -1.207155 3.771870 0.000000
vt -0.603577 3.771870 0.000000
vt -0.144859 3.673645 0.000000
vt 0.000000 3.771870 0.000000
vt 0.000000 3.614709 0.000000
vt -0.144859 3.575419 0.000000
vt 0.000000 3.457548 0.000000
vt -0.144859 3.477193 0.000000
vt -0.144859 3.378967 0.000000
vt -0.603577 0.000000 0.000000
vt -0.144859 0.088403 0.000000
vt -0.144859 0.176806 0.000000
vt -0.144859 0.265210 0.000000
vt -0.144859 0.353613 0.000000
vt -0.144859 0.442016 0.000000
vt -0.144859 0.530419 0.000000
vt -0.144859 0.618822 0.000000
vt -0.144859 0.707226 0.000000
vt -0.144859 0.795629 0.000000
vt -0.144859 0.884032 0.000000
vt -0.144859 0.972435 0.000000
vt -0.144859 1.060839 0.000000
vt -0.144859 1.149242 0.000000
vt -0.144859 1.237645 0.000000
vt -0.144859 1.326048 0.000000
vt -0.144859 1.414451 0.000000
vt -0.144859 1.512677 0.000000
vt -0.144859 1.610903 0.000000
vt -0.144859 1.709129 0.000000
vt -0.144859 1.807355 0.000000
vt -0.144859 1.905580 0.000000
vt -0.144859 2.003806 0.000000
vt -0.144859 2.102032 0.000000
vt -0.144859 2.200258 0.000000
vt -0.144859 2.298484 0.000000
vt -0.144859 2.396709 0.000000
vt -0.144859 2.494935 0.000000
vt -0.144859 2.593161 0.000000
vt -0.144859 2.691387 0.000000
vt -0.144859 2.789612 0.000000
vt -0.144859 2.887838 0.000000
vt -0.144859 2.986064 0.000000
vt -0.144859 3.084290 0.000000
vt -0.144859 3.182516 0.000000
vt -0.144859 3.280741 0.000000
vt 0.000000 0.000000 0.000000
vt 0.000000 0.157161 0.000000
vt 0.000000 0.314323 0.000000
vt 0.000000 0.471484 0.000000
vt 0.000000 0.628645 0.000000
vt 0.000000 0.785806 0.000000
vt 0.000000 0.942968 0.000000
vt 0.000000 1.100129 0.000000
vt 0.000000 1.257290 0.000000
vt 0.000000 1.414451 0.000000
vt 0.000000 1.571613 0.000000
vt 0.000000 1.728774 0.000000
vt 0.000000 1.885935 0.000000
vt 0.000000 2.043096 0.000000
vt 0.000000 2.200258 0.000000
vt 0.000000 2.357419 0.000000
vt 0.000000 2.514580 0.000000
vt 0.000000 2.671742 0.000000
vt 0.000000 2.828903 0.000000
vt 0.000000 2.986064 0.000000
vt 0.000000 3.143225 0.000000
vt 0.000000 3.300387 0.000000
vt -1.569301 3.673645 0.000000
vt -1.810732 3.771870 0.000000
vt -1.991805 3.673645 0.000000
vt -2.414309 3.771870 0.000000
vt -2.414309 3.614709 0.000000
vt -1.991805 3.575419 0.000000
vt -2.414309 3.457548 0.000000
vt -1.991805 3.477193 0.000000
vt -1.991805 3.378967 0.000000
vt -1.569301 3.378967 0.000000
vt -1.569301 3.280741 0.000000
vt -2.414309 3.300387 0.000000
vt -1.991805 3.280741 0.000000
vt -1.569301 3.182516 0.000000
vt -1.991805 3.182516 0.000000
vt -2.414309 3.143225 0.000000
vt -1.991805 3.084290 0.000000
vt -2.414309 2.986064 0.000000
vt -1.991805 2.986064 0.000000
vt -1.991805 2.887838 0.000000
vt -1.569301 2.887838 0.000000
vt -1.569301 2.789612 0.000000
vt -2.414309 2.828903 0.000000
vt -1.991805 2.789612 0.000000
vt -1.569301 2.691387 0.000000
vt -2.414309 2.671742 0.000000
vt -1.991805 2.691387 0.000000
vt -1.569301 2.593161 0.000000
vt -1.991805 2.593161 0.000000
vt -2.414309 2.514580 0.000000
vt -1.991805 2.494935 0.000000
vt -1.991805 2.396709 0.000000
vt -1.569301 2.396709 0.000000
vt -1.569301 2.298484 0.000000
vt -2.414309 2.357419 0.000000
vt -1.991805 2.298484 0.000000
vt -1.569301 2.200258 0.000000
vt -2.414309 2.200258 0.000000
vt -1.991805 2.200258 0.000000
vt -1.569301 2.102032 0.000000
vt -1.991805 2.102032 0.000000
vt -2.414309 2.043096 0.000000
vt -1.991805 2.003806 0.000000
vt -2.414309 1.885935 0.000000
vt -1.991805 1.905580 0.000000
vt -1.991805 1.807355 0.000000
vt -1.569301 1.807355 0.000000
vt -1.569301 1.709129 0.000000
vt -2.414309 1.728774 0.000000
vt -1.991805 1.709129 0.000000
vt -1.569301 1.610903 0.000000
vt -1.991805 1.610903 0.000000
vt -2.414309 1.571613 0.000000
vt -1.991805 1.512677 0.000000
vt -2.414309 1.414451 0.000000
vt -1.991805 1.414451 0.000000
vt -1.991805 1.326048 0.000000
vt -1.569301 1.326048 0.000000
vt -1.569301 1.237645 0.000000
vt -2.414309 1.257290 0.000000
vt -1.991805 1.237645 0.000000
vt -1.569301 1.149242 0.000000
vt -1.991805 1.149242 0.000000
vt -2.414309 1.100129 0.000000
vt -1.991805 1.060839 0.000000
vt -2.414309 0.942968 0.000000
vt -1.991805 0.972435 0.000000
vt -1.991805 0.884032 0.000000
vt -1.569301 0.884032 0.000000
vt -1.569301 0.795629 0.000000
vt -2.414309 0.785806 0.000000
vt -1.991805 0.795629 0.000000
vt -1.569301 0.707226 0.000000
vt -1.991805 0.707226 0.000000
vt -2.414309 0.628645 0.000000
vt -1.991805 0.618822 0.000000
vt -1.991805 0.530419 0.000000
vt -1.569301 0.530419 0.000000
vt -1.569301 0.442016 0.000000
vt -2.414309 0.471484 0.000000
vt -1.991805 0.442016 0.000000
vt -1.569301 0.353613 0.000000
vt -1.991805 0.353613 0.000000
vt -2.414309 0.314323 0.000000
vt -1.991805 0.265210 0.000000
vt -1.991805 0.176806 0.000000
vt -1.569301 0.176806 0.000000
vt -1.569301 0.265210 0.000000
vt -1.569301 0.618822 0.000000
vt -1.569301 0.972435 0.000000
vt -1.569301 1.060839 0.000000
vt -1.569301 1.414451 0.000000
vt -1.569301 1.512677 0.000000
vt -1.569301 1.905580 0.000000
vt -1.569301 2.003806 0.000000
vt -1.569301 2.494935 0.000000
vt -1.569301 2.986064 0.000000
vt -1.569301 3.084290 0.000000
vt -1.569301 3.477193 0.000000
vt -1.569301 3.575419 0.000000
vt 0.314159 1.725245 0.000000
vt 0.261799 1.592534 0.000000
vt 0.314159 1.478781 0.000000
vt 0.261799 1.365029 0.000000
vt 0.314159 1.232318 0.000000
vt 0.261799 1.137524 0.000000
vt 0.314159 0.985854 0.000000
vt 0.261799 0.910019 0.000000
vt 0.314159 0.739391 0.000000
vt 0.261799 0.682514 0.000000
vt 0.314159 0.492927 0.000000
vt 0.261799 0.455010 0.000000
vt 0.314159 0.246464 0.000000
vt 0.261799 0.227505 0.000000
vt 0.314159 -0.000000 0.000000
vt 0.261799 -0.000000 0.000000
vt 0.261799 -0.227505 0.000000
vt 0.209440 -0.000000 0.000000
vt 0.209440 -0.227505 0.000000
vt 0.157080 -0.000000 0.000000
vt 0.157080 -0.227505 0.000000
vt 0.104720 -0.000000 0.000000
vt 0.104720 -0.227505 0.000000
vt 0.052360 -0.000000 0.000000
vt 0.052360 -0.227505 0.000000
vt -0.000000 -0.113752 0.000000
vt -0.000000 -0.341257 0.000000
vt 0.261799 1.820038 0.000000
vt 0.314159 1.971708 0.000000
vt 0.261799 2.047543 0.000000
vt 0.314159 2.218172 0.000000
vt 0.261799 2.275048 0.000000
vt 0.314159 2.464635 0.000000
vt 0.261799 2.502553 0.000000
vt 0.314159 2.711099 0.000000
vt 0.261799 2.730058 0.000000
vt 0.314159 2.957562 0.000000
vt 0.261799 2.957562 0.000000
vt 0.261799 -2.957562 0.000000
vt 0.314159 -2.957562 0.000000
vt 0.261799 -2.730058 0.000000
vt 0.209440 -2.730058 0.000000
vt 0.209440 -2.502553 0.000000
vt 0.157080 -2.502553 0.000000
vt 0.157080 -2.275048 0.000000
vt 0.104720 -2.275048 0.000000
vt 0.104720 -2.047543 0.000000
vt 0.052360 -2.047543 0.000000
vt 0.052360 -1.820038 0.000000
vt -0.000000 -1.933791 0.000000
vt -0.000000 -1.706286 0.000000
vt 0.052360 -1.592534 0.000000
vt -0.000000 -1.478781 0.000000
vt 0.052360 -1.365029 0.000000
vt -0.000000 -1.251276 0.000000
vt 0.052360 -1.137524 0.000000
vt -0.000000 -1.023772 0.000000
vt 0.052360 -0.910019 0.000000
vt -0.000000 -0.796267 0.000000
vt 0.052360 -0.682514 0.000000
vt -0.000000 -0.568762 0.000000
vt 0.052360 -0.455010 0.000000
vt 0.314159 -2.711099 0.000000
vt 0.261799 -2.502553 0.000000
vt 0.209440 -2.275048 0.000000
vt 0.157080 -2.047543 0.000000
vt 0.104720 -1.820038 0.000000
vt 0.314159 -2.464635 0.000000
vt 0.261799 -2.275048 0.000000
vt 0.209440 -2.047543 0.000000
vt 0.157080 -1.820038 0.000000
vt 0.104720 -1.592534 0.000000
vt 0.314159 -2.218172 0.000000
vt 0.261799 -2.047543 0.000000
vt 0.209440 -1.820038 0.000000
vt 0.157080 -1.592534 0.000000
vt 0.104720 -1.365029 0.000000
vt 0.314159 -1.971708 0.000000
vt 0.261799 -1.820038 0.000000
vt 0.209440 -1.592534 0.000000
vt 0.157080 -1.365029 0.000000
vt 0.104720 -1.137524 0.000000
vt 0.314159 -1.725245 0.000000
vt 0.261799 -1.592534 0.000000
vt 0.209440 -1.365029 0.000000
vt 0.157080 -1.137524 0.000000
vt 0.104720 -0.910019 0.000000
vt 0.314159 -1.478781 0.000000
vt 0.261799 -1.365029 0.000000
vt 0.209440 -1.137524 0.000000
vt 0.157080 -0.910019 0.000000
vt 0.104720 -0.682514 0.000000
vt 0.314159 -1.232318 0.000000
vt 0.261799 -1.137524 0.000000
vt 0.209440 -0.910019 0.000000
vt 0.157080 -0.682514 0.000000
vt 0.104720 -0.455010 0.000000
vt 0.314159 -0.985854 0.000000
vt 0.261799 -0.910019 0.000000
vt 0.209440 -0.682514 0.000000
vt 0.157080 -0.455010 0.000000
vt 0.314159 -0.739391 0.000000
vt 0.261799 -0.682514 0.000000
vt 0.209440 -0.455010 0.000000
vt 0.314159 -0.492927 0.000000
vt 0.261799 -0.455010 0.000000
vt 0.314159 -0.246464 0.000000
vt 0.000000 1.251276 0.000000
vt 0.052360 1.365029 0.000000
vt 0.000000 1.478781 0.000000
vt 0.052360 1.592534 0.000000
vt 0.000000 1.706286 0.000000
vt 0.052360 1.820038 0.000000
vt 0.000000 1.933791 0.000000
vt 0.052360 2.047543 0.000000
vt 0.000000 2.161296 0.000000
vt 0.052360 2.275048 0.000000
vt 0.000000 2.388800 0.000000
vt 0.052360 2.502553 0.000000
vt 0.000000 2.616305 0.000000
vt 0.052360 2.730058 0.000000
vt 0.000000 2.843810 0.000000
vt 0.052360 2.957562 0.000000
vt -0.000000 3.071315 0.000000
vt -0.000000 -2.843810 0.000000
vt 0.052360 -2.957562 0.000000
vt 0.052360 -2.730058 0.000000
vt -0.000000 -2.616305 0.000000
vt 0.052360 -2.502553 0.000000
vt -0.000000 -2.388800 0.000000
vt 0.052360 -2.275048 0.000000
vt -0.000000 -2.161296 0.000000
vt 0.052360 1.137524 0.000000
vt 0.000000 1.023772 0.000000
vt 0.052360 0.910019 0.000000
vt 0.000000 0.796267 0.000000
vt 0.052360 0.682514 0.000000
vt 0.000000 0.568762 0.000000
vt 0.052360 0.455010 0.000000
vt 0.000000 0.341257 0.000000
vt 0.052360 0.227505 0.000000
vt 0.000000 0.113752 0.000000
vt 0.209440 2.957562 0.000000
vt 0.209440 2.730058 0.000000
vt 0.209440 2.502553 0.000000
vt 0.209440 2.275048 0.000000
vt 0.209440 2.047543 0.000000
vt 0.209440 1.820038 0.000000
vt 0.209440 1.592534 0.000000
vt 0.209440 1.365029 0.000000
vt 0.209440 1.137524 0.000000
vt 0.209440 0.910019 0.000000
vt 0.209440 0.682514 0.000000
vt 0.209440 0.455010 0.000000
vt 0.209440 0.227505 0.000000
vt 0.157080 2.957562 0.000000
vt 0.157080 2.730058 0.000000
vt 0.157080 2.502553 0.000000
vt 0.157080 2.275048 0.000000
vt 0.157080 2.047543 0.000000
vt 0.157080 1.820038 0.000000
vt 0.157080 1.592534 0.000000
vt 0.157080 1.365029 0.000000
vt 0.157080 1.137524 0.000000
vt 0.157080 0.910019 0.000000
vt 0.157080 0.682514 0.000000
vt 0.157080 0.455010 0.000000
vt 0.157080 0.227505 0.000000
vt 0.209440 -2.957562 0.000000
vt 0.157080 -2.730058 0.000000
vt 0.157080 -2.957562 0.000000
vt 0.104720 -2.730058 0.000000
vt 0.104720 -2.957562 0.000000
vt 0.104720 2.957562 0.000000
vt 0.104720 2.730058 0.000000
vt 0.104720 2.502553 0.000000
vt 0.104720 2.275048 0.000000
vt 0.104720 2.047543 0.000000
vt 0.104720 1.820038 0.000000
vt 0.104720 1.592534 0.000000
vt 0.104720 1.365029 0.000000
vt 0.104720 1.137524 0.000000
vt 0.104720 0.910019 0.000000
vt 0.104720 0.682514 0.000000
vt 0.104720 0.455010 0.000000
vt 0.104720 0.227505 0.000000
vt 0.104720 -2.502553 0.000000
vt 0.050000 0.241661 0.000000
vt -0.050000 0.241661 0.000000
vt 0.050000 0.000000 0.000000
vt -0.050000 0.000000 0.000000
vt 0.050000 -0.241661 0.000000
vt -0.050000 -0.241661 0.000000
vt 0.050000 -0.483322 0.000000
vt -0.050000 -0.483322 0.000000
vt 0.050000 -0.724983 0.000000
vt -0.050000 -0.724983 0.000000
vt 0.050000 -0.966644 0.000000
vt -0.050000 -0.966644 0.000000
vt 0.050000 -1.208305 0.000000
vt -0.050000 -1.208305 0.000000
vt 0.050000 -1.449966 0.000000
vt -0.050000 -1.449966 0.000000
vt 0.050000 -1.691627 0.000000
vt -0.050000 -1.691627 0.000000
vt 0.050000 -1.933288 0.000000
vt -0.050000 -1.933288 0.000000
vt 0.050000 -2.174949 0.000000
vt -0.050000 -2.174949 0.000000
vt 0.050000 -2.416610 0.000000
vt -0.050000 -2.416610 0.000000
vt 0.050000 -2.658271 0.000000
vt -0.050000 -2.658271 0.000000
vt 0.050000 -2.899932 0.000000
vt -0.050000 -2.899932 0.000000
vt 0.050000 -3.141593 0.000000
vt -0.050000 -3.141593 0.000000
vt 0.050000 3.141593 0.000000
vt -0.050000 3.141593 0.000000
vt 0.050000 2.899932 0.000000
vt -0.050000 2.899932 0.000000
vt 0.050000 2.658271 0.000000
vt -0.050000 2.658271 0.000000
vt 0.050000 2.416610 0.000000
vt -0.050000 2.416610 0.000000
vt 0.050000 2.174949 0.000000
vt -0.050000 2.174949 0.000000
vt 0.050000 1.933288 0.000000
vt -0.050000 1.933288 0.000000
vt 0.050000 1.691627 0.000000
vt -0.050000 1.691627 0.000000
vt 0.050000 1.449966 0.000000
vt -0.050000 1.449966 0.000000
vt 0.050000 1.208305 0.000000
vt -0.050000 1.208305 0.000000
vt 0.050000 0.966644 0.000000
vt -0.050000 0.966644 0.000000
vt 0.050000 0.724983 0.000000
vt -0.050000 0.724983 0.000000
vt 0.050000 0.483322 0.000000
vt -0.050000 0.483322 0.000000
vt -0.948609 0.291574 0.000000
vt -0.948609 0.000000 0.000000
vt -0.853748 0.205013 0.000000
vt -0.830033 0.000000 0.000000
vt -0.758887 0.205013 0.000000
vt -0.711457 0.000000 0.000000
vt -0.664026 0.205013 0.000000
vt -0.592880 0.000000 0.000000
vt -0.569165 0.205013 0.000000
vt -0.533592 0.000000 0.000000
vt -0.474304 0.205013 0.000000
vt -0.474304 0.000000 0.000000
vt -0.379443 0.205013 0.000000
vt -0.355728 0.000000 0.000000
vt -0.284583 0.205013 0.000000
vt -0.237152 0.000000 0.000000
vt -0.189722 0.205013 0.000000
vt -0.118576 0.000000 0.000000
vt -0.123319 0.205013 0.000000
vt -0.056917 0.205013 0.000000
vt -0.123319 0.410025 0.000000
vt -0.056917 0.410025 0.000000
vt -0.123319 0.615038 0.000000
vt -0.056917 0.615038 0.000000
vt -0.123319 0.820051 0.000000
vt -0.056917 0.820051 0.000000
vt -0.123319 1.025064 0.000000
vt -0.056917 1.025064 0.000000
vt -0.123319 1.230076 0.000000
vt -0.056917 1.230076 0.000000
vt -0.123319 1.435089 0.000000
vt -0.056917 1.435089 0.000000
vt -0.123319 1.640102 0.000000
vt -0.056917 1.640102 0.000000
vt -0.123319 1.845115 0.000000
vt -0.056917 1.845115 0.000000
vt -0.123319 2.050127 0.000000
vt -0.056917 2.050127 0.000000
vt -0.123319 2.255140 0.000000
vt -0.056917 2.255140 0.000000
vt -0.123319 2.460153 0.000000
vt -0.056917 2.460153 0.000000
vt -0.123319 2.665166 0.000000
vt -0.056917 2.665166 0.000000
vt -0.123319 2.870178 0.000000
vt -0.056917 2.870178 0.000000
vt -0.123319 3.075191 0.000000
vt -0.056917 3.075191 0.000000
vt -0.123319 3.280204 0.000000
vt -0.056917 3.280204 0.000000
vt -0.123319 3.507996 0.000000
vt -0.056917 3.507996 0.000000
vt -0.123319 3.735788 0.000000
vt -0.056917 3.735788 0.000000
vt -0.123319 3.963579 0.000000
vt -0.056917 3.963579 0.000000
vt -0.123319 4.191371 0.000000
vt -0.056917 4.191371 0.000000
vt -0.123319 4.419163 0.000000
vt -0.056917 4.419163 0.000000
vt -0.123319 4.646955 0.000000
vt -0.056917 4.646955 0.000000
vt -0.123319 4.874747 0.000000
vt -0.056917 4.874747 0.000000
vt -0.123319 5.102539 0.000000
vt -0.056917 5.102539 0.000000
vt -0.123319 5.330331 0.000000
vt -0.056917 5.330331 0.000000
vt -0.123319 5.558123 0.000000
vt -0.056917 5.558123 0.000000
vt -0.123319 5.785915 0.000000
vt -0.056917 5.785915 0.000000
vt -0.123319 6.013707 0.000000
vt -0.056917 6.013707 0.000000
vt -0.123319 6.241499 0.000000
vt -0.056917 6.241499 0.000000
vt -0.123319 6.469291 0.000000
vt -0.056917 6.469291 0.000000
vt -0.123319 6.697083 0.000000
vt -0.056917 6.697083 0.000000
vt -0.123319 6.924875 0.000000
vt -0.056917 6.924875 0.000000
vt -0.123319 7.152666 0.000000
vt -0.056917 7.152666 0.000000
vt -0.123319 7.380458 0.000000
vt -0.056917 7.380458 0.000000
vt -0.123319 7.608250 0.000000
vt -0.056917 7.608250 0.000000
vt -0.123319 7.836042 0.000000
vt -0.056917 7.836042 0.000000
vt -0.123319 8.063834 0.000000
vt -0.056917 8.063834 0.000000
vt -0.123319 8.291626 0.000000
vt -0.056917 8.291626 0.000000
vt -0.123319 8.519418 0.000000
vt -0.056917 8.519418 0.000000
vt -0.118576 8.747210 0.000000
vt 0.000000 8.747210 0.000000
vt 0.000000 8.410779 0.000000
vt 0.000000 8.074348 0.000000
vt 0.000000 0.000000 0.000000
vt 0.000000 0.336431 0.000000
vt 0.000000 0.672862 0.000000
vt 0.000000 1.009293 0.000000
vt 0.000000 1.345725 0.000000
vt 0.000000 1.682156 0.000000
vt 0.000000 2.018587 0.000000
vt 0.000000 2.355018 0.000000
vt 0.000000 2.691449 0.000000
vt 0.000000 3.027880 0.000000
vt 0.000000 3.364312 0.000000
vt 0.000000 3.700743 0.000000
vt 0.000000 4.037174 0.000000
vt 0.000000 4.373605 0.000000
vt 0.000000 4.710036 0.000000
vt 0.000000 5.046467 0.000000
vt 0.000000 5.382898 0.000000
vt 0.000000 5.719330 0.000000
vt 0.000000 6.055761 0.000000
vt 0.000000 6.392192 0.000000
vt 0.000000 6.728623 0.000000
vt 0.000000 7.065054 0.000000
vt 0.000000 7.401485 0.000000
vt 0.000000 7.737916 0.000000
vt -0.189722 8.519418 0.000000
vt -0.237152 8.747210 0.000000
vt -0.284583 8.519418 0.000000
vt -0.355728 8.747210 0.000000
vt -0.379443 8.519418 0.000000
vt -0.474304 8.747210 0.000000
vt -0.474304 8.519418 0.000000
vt -0.533592 8.747210 0.000000
vt -0.569165 8.519418 0.000000
vt -0.592880 8.747210 0.000000
vt -0.664026 8.519418 0.000000
vt -0.711457 8.747210 0.000000
vt -0.758887 8.519418 0.000000
vt -0.830033 8.747210 0.000000
vt -0.853748 8.519418 0.000000
vt -0.948609 8.747210 0.000000
vt -0.948609 8.455636 0.000000
vt -0.853748 8.291626 0.000000
vt -0.948609 8.164063 0.000000
vt -0.853748 8.063834 0.000000
vt -0.948609 7.872489 0.000000
vt -0.853748 7.836042 0.000000
vt -0.948609 7.580915 0.000000
vt -0.853748 7.608250 0.000000
vt -0.853748 7.380458 0.000000
vt -0.758887 7.380458 0.000000
vt -0.758887 7.152666 0.000000
vt -0.664026 7.152666 0.000000
vt -0.664026 6.924875 0.000000
vt -0.569165 6.924875 0.000000
vt -0.569165 6.697083 0.000000
vt -0.474304 6.697083 0.000000
vt -0.474304 6.469291 0.000000
vt -0.379443 6.469291 0.000000
vt -0.379443 6.241499 0.000000
vt -0.284583 6.241499 0.000000
vt -0.284583 6.013707 0.000000
vt -0.189722 6.013707 0.000000
vt -0.189722 5.785915 0.000000
vt -0.948609 7.289342 0.000000
vt -0.853748 7.152666 0.000000
vt -0.758887 6.924875 0.000000
vt -0.664026 6.697083 0.000000
vt -0.569165 6.469291 0.000000
vt -0.474304 6.241499 0.000000
vt -0.379443 6.013707 0.000000
vt -0.284583 5.785915 0.000000
vt -0.189722 5.558123 0.000000
vt -0.948609 6.997768 0.000000
vt -0.853748 6.924875 0.000000
vt -0.758887 6.697083 0.000000
vt -0.664026 6.469291 0.000000
vt -0.569165 6.241499 0.000000
vt -0.474304 6.013707 0.000000
vt -0.379443 5.785915 0.000000
vt -0.284583 5.558123 0.000000
vt -0.189722 5.330331 0.000000
vt -0.948609 6.706194 0.000000
vt -0.853748 6.697083 0.000000
vt -0.758887 6.469291 0.000000
vt -0.664026 6.241499 0.000000
vt -0.569165 6.013707 0.000000
vt -0.474304 5.785915 0.000000
vt -0.379443 5.558123 0.000000
vt -0.284583 5.330331 0.000000
vt -0.189722 5.102539 0.000000
vt -0.853748 6.469291 0.000000
vt -0.948609 6.414621 0.000000
vt -0.853748 6.241499 0.000000
vt -0.948609 6.123047 0.000000
vt -0.853748 6.013707 0.000000
vt -0.948609 5.831473 0.000000
vt -0.853748 5.785915 0.000000
vt -0.948609 5.539900 0.000000
vt -0.853748 5.558123 0.000000
vt -0.853748 5.330331 0.000000
vt -0.758887 5.330331 0.000000
vt -0.758887 5.102539 0.000000
vt -0.664026 5.102539 0.000000
vt -0.664026 4.874747 0.000000
vt -0.569165 4.874747 0.000000
vt -0.569165 4.646955 0.000000
vt -0.474304 4.646955 0.000000
vt -0.474304 4.419163 0.000000
vt -0.379443 4.419163 0.000000
vt -0.379443 4.191371 0.000000
vt -0.284583 4.191371 0.000000
vt -0.284583 3.963579 0.000000
vt -0.189722 3.963579 0.000000
vt -0.189722 3.735788 0.000000
vt -0.948609 5.248326 0.000000
vt -0.853748 5.102539 0.000000
vt -0.758887 4.874747 0.000000
vt -0.664026 4.646955 0.000000
vt -0.569165 4.419163 0.000000
vt -0.474304 4.191371 0.000000
vt -0.379443 3.963579 0.000000
vt -0.284583 3.735788 0.000000
vt -0.189722 3.507996 0.000000
vt -0.948609 4.956752 0.000000
vt -0.853748 4.874747 0.000000
vt -0.758887 4.646955 0.000000
vt -0.664026 4.419163 0.000000
vt -0.569165 4.191371 0.000000
vt -0.474304 3.963579 0.000000
vt -0.379443 3.735788 0.000000
vt -0.284583 3.507996 0.000000
vt -0.189722 3.280204 0.000000
vt -0.948609 4.665179 0.000000
vt -0.853748 4.646955 0.000000
vt -0.758887 4.419163 0.000000
vt -0.664026 4.191371 0.000000
vt -0.569165 3.963579 0.000000
vt -0.474304 3.735788 0.000000
vt -0.379443 3.507996 0.000000
vt -0.284583 3.280204 0.000000
vt -0.189722 3.075191 0.000000
vt -0.853748 4.419163 0.000000
vt -0.948609 4.373605 0.000000
vt -0.853748 4.191371 0.000000
vt -0.948609 4.082031 0.000000
vt -0.853748 3.963579 0.000000
vt -0.948609 3.790458 0.000000
vt -0.853748 3.735788 0.000000
vt -0.948609 3.498884 0.000000
vt -0.853748 3.507996 0.000000
vt -0.853748 3.280204 0.000000
vt -0.758887 3.280204 0.000000
vt -0.758887 3.075191 0.000000
vt -0.664026 3.075191 0.000000
vt -0.664026 2.870178 0.000000
vt -0.569165 2.870178 0.000000
vt -0.569165 2.665166 0.000000
vt -0.474304 2.665166 0.000000
vt -0.474304 2.460153 0.000000
vt -0.379443 2.460153 0.000000
vt -0.379443 2.255140 0.000000
vt -0.284583 2.255140 0.000000
vt -0.284583 2.050127 0.000000
vt -0.189722 2.050127 0.000000
vt -0.189722 1.845115 0.000000
vt -0.948609 3.207310 0.000000
vt -0.853748 3.075191 0.000000
vt -0.758887 2.870178 0.000000
vt -0.664026 2.665166 0.000000
vt -0.569165 2.460153 0.000000
vt -0.474304 2.255140 0.000000
vt -0.379443 2.050127 0.000000
vt -0.284583 1.845115 0.000000
vt -0.189722 1.640102 0.000000
vt -0.948609 2.915737 0.000000
vt -0.853748 2.870178 0.000000
vt -0.758887 2.665166 0.000000
vt -0.664026 2.460153 0.000000
vt -0.569165 2.255140 0.000000
vt -0.474304 2.050127 0.000000
vt -0.379443 1.845115 0.000000
vt -0.284583 1.640102 0.000000
vt -0.189722 1.435089 0.000000
vt -0.948609 2.624163 0.000000
vt -0.853748 2.665166 0.000000
vt -0.758887 2.460153 0.000000
vt -0.664026 2.255140 0.000000
vt -0.569165 2.050127 0.000000
vt -0.474304 1.845115 0.000000
vt -0.379443 1.640102 0.000000
vt -0.284583 1.435089 0.000000
vt -0.189722 1.230076 0.000000
vt -0.853748 2.460153 0.000000
vt -0.948609 2.332589 0.000000
vt -0.853748 2.255140 0.000000
vt -0.948609 2.041016 0.000000
vt -0.853748 2.050127 0.000000
vt -0.853748 1.845115 0.000000
vt -0.758887 1.845115 0.000000
vt -0.758887 1.640102 0.000000
vt -0.664026 1.640102 0.000000
vt -0.664026 1.435089 0.000000
vt -0.569165 1.435089 0.000000
vt -0.569165 1.230076 0.000000
vt -0.474304 1.230076 0.000000
vt -0.474304 1.025064 0.000000
vt -0.379443 1.025064 0.000000
vt -0.379443 0.820051 0.000000
vt -0.284583 0.820051 0.000000
vt -0.284583 0.615038 0.000000
vt -0.189722 0.615038 0.000000
vt -0.189722 0.410025 0.000000
vt -0.948609 1.749442 0.000000
vt -0.853748 1.640102 0.000000
vt -0.758887 1.435089 0.000000
vt -0.664026 1.230076 0.000000
vt -0.569165 1.025064 0.000000
vt -0.474304 0.820051 0.000000
vt -0.379443 0.615038 0.000000
vt -0.284583 0.410025 0.000000
vt -0.948609 1.457868 0.000000
vt -0.853748 1.435089 0.000000
vt -0.758887 1.230076 0.000000
vt -0.664026 1.025064 0.000000
vt -0.569165 0.820051 0.000000
vt -0.474304 0.615038 0.000000
vt -0.379443 0.410025 0.000000
vt -0.853748 1.230076 0.000000
vt -0.948609 1.166295 0.000000
vt -0.853748 1.025064 0.000000
vt -0.948609 0.874721 0.000000
vt -0.853748 0.820051 0.000000
vt -0.948609 0.583147 0.000000
vt -0.853748 0.615038 0.000000
vt -0.853748 0.410025 0.000000
vt -0.758887 0.410025 0.000000
vt -0.474304 0.410025 0.000000
vt -0.569165 0.410025 0.000000
vt -0.664026 0.410025 0.000000
vt -0.569165 0.615038 0.000000
vt -0.664026 0.615038 0.000000
vt -0.758887 0.615038 0.000000
vt -0.189722 0.820051 0.000000
vt -0.189722 1.025064 0.000000
vt -0.284583 1.025064 0.000000
vt -0.379443 1.230076 0.000000
vt -0.474304 1.435089 0.000000
vt -0.569165 1.640102 0.000000
vt -0.664026 1.845115 0.000000
vt -0.758887 2.050127 0.000000
vt -0.664026 0.820051 0.000000
vt -0.758887 0.820051 0.000000
vt -0.758887 1.025064 0.000000
vt -0.284583 1.230076 0.000000
vt -0.379443 1.435089 0.000000
vt -0.474304 1.640102 0.000000
vt -0.569165 1.845115 0.000000
vt -0.664026 2.050127 0.000000
vt -0.758887 2.255140 0.000000
vt -0.189722 2.255140 0.000000
vt -0.189722 2.460153 0.000000
vt -0.189722 2.665166 0.000000
vt -0.189722 2.870178 0.000000
vt -0.284583 2.460153 0.000000
vt -0.379443 2.665166 0.000000
vt -0.474304 2.870178 0.000000
vt -0.569165 3.075191 0.000000
vt -0.664026 3.280204 0.000000
vt -0.758887 3.507996 0.000000
vt -0.284583 2.665166 0.000000
vt -0.284583 2.870178 0.000000
vt -0.284583 3.075191 0.000000
vt -0.379443 2.870178 0.000000
vt -0.474304 3.075191 0.000000
vt -0.569165 3.280204 0.000000
vt -0.664026 3.507996 0.000000
vt -0.758887 3.735788 0.000000
vt -0.379443 3.075191 0.000000
vt -0.379443 3.280204 0.000000
vt -0.474304 3.280204 0.000000
vt -0.569165 3.507996 0.000000
vt -0.664026 3.735788 0.000000
vt -0.758887 3.963579 0.000000
vt -0.474304 3.507996 0.000000
vt -0.569165 3.735788 0.000000
vt -0.664026 3.963579 0.000000
vt -0.758887 4.191371 0.000000
vt -0.189722 4.191371 0.000000
vt -0.189722 4.419163 0.000000
vt -0.189722 4.646955 0.000000
vt -0.189722 4.874747 0.000000
vt -0.284583 4.419163 0.000000
vt -0.379443 4.646955 0.000000
vt -0.474304 4.874747 0.000000
vt -0.569165 5.102539 0.000000
vt -0.664026 5.330331 0.000000
vt -0.758887 5.558123 0.000000
vt -0.284583 4.646955 0.000000
vt -0.284583 4.874747 0.000000
vt -0.284583 5.102539 0.000000
vt -0.379443 4.874747 0.000000
vt -0.474304 5.102539 0.000000
vt -0.569165 5.330331 0.000000
vt -0.664026 5.558123 0.000000
vt -0.758887 5.785915 0.000000
vt -0.379443 5.102539 0.000000
vt -0.379443 5.330331 0.000000
vt -0.474304 5.330331 0.000000
vt -0.569165 5.558123 0.000000
vt -0.664026 5.785915 0.000000
vt -0.758887 6.013707 0.000000
vt -0.474304 5.558123 0.000000
vt -0.569165 5.785915 0.000000
vt -0.664026 6.013707 0.000000
vt -0.758887 6.241499 0.000000
vt -0.189722 6.241499 0.000000
vt -0.189722 6.469291 0.000000
vt -0.189722 6.697083 0.000000
vt -0.189722 6.924875 0.000000
vt -0.189722 7.152666 0.000000
vt -0.189722 7.380458 0.000000
vt -0.189722 7.608250 0.000000
vt -0.189722 7.836042 0.000000
vt -0.189722 8.063834 0.000000
vt -0.189722 8.291626 0.000000
vt -0.284583 6.469291 0.000000
vt -0.379443 6.697083 0.000000
vt -0.474304 6.924875 0.000000
vt -0.569165 7.152666 0.000000
vt -0.664026 7.380458 0.000000
vt -0.758887 7.608250 0.000000
vt -0.284583 6.697083 0.000000
vt -0.284583 6.924875 0.000000
vt -0.284583 7.152666 0.000000
vt -0.284583 7.380458 0.000000
vt -0.284583 7.608250 0.000000
vt -0.284583 7.836042 0.000000
vt -0.284583 8.063834 0.000000
vt -0.284583 8.291626 0.000000
vt -0.379443 6.924875 0.000000
vt -0.474304 7.152666 0.000000
vt -0.569165 7.380458 0.000000
vt -0.664026 7.608250 0.000000
vt -0.758887 7.836042 0.000000
vt -0.379443 7.152666 0.000000
vt -0.379443 7.380458 0.000000
vt -0.379443 7.608250 0.000000
vt -0.379443 7.836042 0.000000
vt -0.379443 8.063834 0.000000
vt -0.379443 8.291626 0.000000
vt -0.474304 7.380458 0.000000
vt -0.569165 7.608250 0.000000
vt -0.664026 7.836042 0.000000
vt -0.758887 8.063834 0.000000
vt -0.474304 7.608250 0.000000
vt -0.474304 7.836042 0.000000
vt -0.474304 8.063834 0.000000
vt -0.474304 8.291626 0.000000
vt -0.569165 7.836042 0.000000
vt -0.664026 8.063834 0.000000
vt -0.758887 8.291626 0.000000
vt -0.569165 8.063834 0.000000
vt -0.569165 8.291626 0.000000
vt -0.664026 8.291626 0.000000
vt 0.141421 0.293215 0.000000
vt -0.141421 0.274889 0.000000
vt 0.141421 0.000000 0.000000
vt -0.141421 0.000000 0.000000
vt -0.141421 -0.274889 0.000000
vt -0.141421 0.549779 0.000000
vt 0.141421 0.586431 0.000000
vt -0.141421 0.824668 0.000000
vt 0.141421 0.879646 0.000000
vt -0.141421 1.099557 0.000000
vt 0.141421 1.172861 0.000000
vt -0.141421 1.374447 0.000000
vt 0.141421 1.466077 0.000000
vt -0.141421 1.649336 0.000000
vt 0.141421 1.759292 0.000000
vt -0.141421 1.924225 0.000000
vt 0.141421 2.052507 0.000000
vt -0.141421 2.199115 0.000000
vt 0.141421 2.345723 0.000000
vt -0.141421 2.474004 0.000000
vt 0.141421 2.638938 0.000000
vt -0.141421 2.748894 0.000000
vt 0.141421 2.932153 0.000000
vt -0.141421 3.023783 0.000000
vt 0.141421 3.225368 0.000000
vt -0.141421 3.298672 0.000000
vt 0.141421 3.518584 0.000000
vt -0.141421 3.573562 0.000000
vt 0.141421 3.811799 0.000000
vt -0.141421 3.848451 0.000000
vt 0.141421 4.105014 0.000000
vt -0.141421 4.123340 0.000000
vt 0.141421 4.398230 0.000000
vt -0.141421 4.398230 0.000000
vt -0.141421 -4.398230 0.000000
vt 0.141421 -4.398230 0.000000
vt -0.141421 -4.123340 0.000000
vt 0.141421 -4.105014 0.000000
vt -0.141421 -3.848451 0.000000
vt 0.141421 -3.811799 0.000000
vt -0.141421 -3.573562 0.000000
vt 0.141421 -3.518584 0.000000
vt -0.141421 -3.298672 0.000000
vt 0.141421 -3.225368 0.000000
vt -0.141421 -3.023783 0.000000
vt 0.141421 -2.932153 0.000000
vt -0.141421 -2.748894 0.000000
vt 0.141421 -2.638938 0.000000
vt -0.141421 -2.474004 0.000000
vt 0.141421 -2.345723 0.000000
vt -0.141421 -2.199115 0.000000
vt 0.141421 -2.052507 0.000000
vt -0.141421 -1.924225 0.000000
vt 0.141421 -1.759292 0.000000
vt -0.141421 -1.649336 0.000000
vt 0.141421 -1.466077 0.000000
vt -0.141421 -1.374447 0.000000
vt 0.141421 -1.172861 0.000000
vt -0.141421 -1.099557 0.000000
vt 0.141421 -0.879646 0.000000
vt -0.141421 -0.824668 0.000000
vt 0.141421 -0.586431 0.000000
vt -0.141421 -0.549779 0.000000
vt 0.141421 -0.293215 0.000000
vt 0.150000 0.294524 0.000000
vt -0.150000 0.294524 0.000000
vt 0.150000 0.000000 0.000000
vt -0.150000 0.000000 0.000000
vt 0.150000 -0.294524 0.000000
vt -0.150000 -0.294524 0.000000
vt 0.150000 -0.589049 0.000000
vt -0.150000 -0.589049 0.000000
vt 0.150000 -0.883573 0.000000
vt -0.150000 -0.883573 0.000000
vt 0.150000 -1.178097 0.000000
vt -0.150000 -1.178097 0.000000
vt 0.150000 -1.472622 0.000000
vt -0.150000 -1.472622 0.000000
vt 0.150000 -1.767146 0.000000
vt -0.150000 -1.767146 0.000000
vt 0.150000 -2.061670 0.000000
vt -0.150000 -2.061670 0.000000
vt 0.150000 -2.356194 0.000000
vt -0.150000 -2.356194 0.000000
vt 0.150000 -2.650719 0.000000
vt -0.150000 -2.650719 0.000000
vt 0.150000 -2.945243 0.000000
vt -0.150000 -2.945243 0.000000
vt 0.150000 -3.239767 0.000000
vt -0.150000 -3.239767 0.000000
vt 0.150000 -3.534292 0.000000
vt -0.150000 -3.534292 0.000000
vt 0.150000 -3.828816 0.000000
vt -0.150000 -3.828816 0.000000
vt 0.150000 -4.123340 0.000000
vt -0.150000 -4.123340 0.000000
vt 0.150000 -4.417865 0.000000
vt -0.150000 -4.417865 0.000000
vt 0.150000 -4.712389 0.000000
vt -0.150000 -4.712389 0.000000
vt 0.150000 4.712389 0.000000
vt -0.150000 4.712389 0.000000
vt 0.150000 4.417865 0.000000
vt -0.150000 4.417865 0.000000
vt 0.150000 4.123340 0.000000
vt -0.150000 4.123340 0.000000
vt 0.150000 3.828816 0.000000
vt -0.150000 3.828816 0.000000
vt 0.150000 3.534292 0.000000
vt -0.150000 3.534292 0.000000
vt 0.150000 3.239767 0.000000
vt -0.150000 3.239767 0.000000
vt 0.150000 2.945243 0.000000
vt -0.150000 2.945243 0.000000
vt 0.150000 2.650719 0.000000
vt -0.150000 2.650719 0.000000
vt 0.150000 2.356194 0.000000
vt -0.150000 2.356194 0.000000
vt 0.150000 2.061670 0.000000
vt -0.150000 2.061670 0.000000
vt 0.150000 1.767146 0.000000
vt -0.150000 1.767146 0.000000
vt 0.150000 1.472622 0.000000
vt -0.150000 1.472622 0.000000
vt 0.150000 1.178097 0.000000
vt -0.150000 1.178097 0.000000
vt 0.150000 0.883573 0.000000
vt -0.150000 0.883573 0.000000
vt 0.150000 0.589049 0.000000
vt -0.150000 0.589049 0.000000
vt 0.000000 1.500000 0.000000
vt -0.292635 1.471178 0.000000
vt 0.292635 1.471178 0.000000
vt 0.574025 1.385819 0.000000
vt -0.574025 1.385819 0.000000
vt 0.833355 1.247204 0.000000
vt -0.833355 1.247204 0.000000
vt 1.060660 1.060660 0.000000
vt -1.060660 1.060660 0.000000
vt 1.247204 0.833355 0.000000
vt -1.247204 0.833355 0.000000
vt 1.385819 0.574025 0.000000
vt -1.385819 0.574025 0.000000
vt 1.471178 0.292635 0.000000
vt -1.471178 0.292635 0.000000
vt 1.500000 -0.000000 0.000000
vt -1.500000 -0.000000 0.000000
vt 1.471178 -0.292635 0.000000
vt -1.471178 -0.292635 0.000000
vt 1.385819 -0.574025 0.000000
vt -1.385819 -0.574025 0.000000
vt 1.247204 -0.833355 0.000000
vt -1.247204 -0.833355 0.000000
vt 1.060660 -1.060660 0.000000
vt -1.060660 -1.060660 0.000000
vt 0.833355 -1.247204 0.000000
vt -0.833355 -1.247204 0.000000
vt 0.574025 -1.385819 0.000000
vt -0.574025 -1.385819 0.000000
vt 0.292635 -1.471178 0.000000
vt -0.292635 -1.471178 0.000000
vt -0.000000 -1.500000 0.000000
vn 0.064395 -0.074536 -0.017255
vn 0.080312 -0.058350 -0.012054
vn 0.066667 -0.074536 0.000000
vn 0.080312 -0.058350 0.012054
vn 0.064395 -0.074536 0.017255
vn 0.075644 -0.054959 0.035460
vn 0.059600 -0.072044 0.035460
vn 0.066581 -0.048374 0.056806
vn 0.052459 -0.063412 0.056806
vn 0.053648 -0.038977 0.074851
vn 0.042269 -0.051094 0.074851
vn 0.037597 -0.027316 0.088546
vn 0.029623 -0.035808 0.088546
vn 0.019361 -0.014067 0.097094
vn 0.015255 -0.018440 0.097094
vn 0.000000 0.000000 0.100000
vn 0.057735 -0.074536 -0.033333
vn 0.059600 -0.072044 -0.035460
vn 0.075644 -0.054959 -0.035460
vn 0.092300 -0.036544 -0.012054
vn 0.092300 -0.036544 0.012054
vn 0.098488 -0.012442 0.012054
vn 0.092764 -0.011719 0.035460
vn 0.092764 0.011719 0.035460
vn 0.081649 0.010315 0.056806
vn 0.076519 0.030296 0.056806
vn 0.061656 0.024411 0.074851
vn 0.053648 0.038977 0.074851
vn 0.037597 0.027316 0.088546
vn 0.029623 0.035808 0.088546
vn 0.015255 0.018440 0.097094
vn 0.010190 0.021654 0.097094
vn 0.047140 -0.074536 -0.047140
vn 0.052459 -0.063412 -0.056806
vn 0.066581 -0.048374 -0.056806
vn 0.086936 -0.034420 -0.035460
vn 0.076519 -0.030296 -0.056806
vn 0.092764 -0.011719 -0.035460
vn 0.081649 -0.010315 -0.056806
vn 0.092764 0.011719 -0.035460
vn 0.081649 0.010315 -0.056806
vn 0.086936 0.034420 -0.035460
vn 0.076519 0.030296 -0.056806
vn 0.075644 0.054959 -0.035460
vn 0.066581 0.048374 -0.056806
vn 0.059600 0.072044 -0.035460
vn 0.052459 0.063412 -0.056806
vn 0.039811 0.084603 -0.035460
vn 0.035041 0.074466 -0.056806
vn 0.017520 0.091845 -0.035460
vn 0.015421 0.080841 -0.056806
vn -0.005871 0.093317 -0.035460
vn -0.005168 0.082136 -0.056806
vn -0.028894 0.088925 -0.035460
vn -0.025432 0.078270 -0.056806
vn -0.050101 0.078946 -0.035460
vn -0.044098 0.069487 -0.056806
vn -0.068160 0.064006 -0.035460
vn -0.059993 0.056337 -0.056806
vn -0.081936 0.045045 -0.035460
vn -0.072119 0.039648 -0.056806
vn -0.090564 0.023253 -0.035460
vn -0.079713 0.020467 -0.056806
vn -0.086603 0.000000 -0.050000
vn -0.082298 0.000000 -0.056806
vn -0.079713 -0.020467 -0.056806
vn -0.066312 0.000000 -0.074851
vn -0.064229 -0.016491 -0.074851
vn -0.046472 0.000000 -0.088546
vn -0.045012 -0.011557 -0.088546
vn -0.023932 0.000000 -0.097094
vn -0.023180 -0.005952 -0.097094
vn -0.000000 0.000000 -0.100000
vn 0.035041 -0.074466 -0.056806
vn 0.033333 -0.074536 -0.057735
vn 0.028234 -0.060001 -0.074851
vn 0.017255 -0.074536 -0.064395
vn 0.012426 -0.065138 -0.074851
vn -0.000000 -0.074536 -0.066667
vn -0.004164 -0.066181 -0.074851
vn -0.017255 -0.074536 -0.064395
vn -0.020492 -0.063067 -0.074851
vn -0.033333 -0.074536 -0.057735
vn -0.035474 -0.056026 -0.074851
vn -0.044002 -0.069548 -0.056806
vn -0.056889 -0.059470 -0.056806
vn -0.047140 -0.074536 -0.047140
vn -0.063722 -0.068425 -0.035460
vn -0.057735 -0.074536 -0.033333
vn -0.064395 -0.074536 -0.017255
vn -0.066667 -0.074536 0.000000
vn -0.066675 -0.073547 -0.012054
vn -0.072365 -0.067956 -0.012054
vn -0.068160 -0.064006 -0.035460
vn -0.081936 -0.045045 -0.035460
vn -0.072119 -0.039648 -0.056806
vn -0.064395 -0.074536 0.017255
vn -0.072365 -0.067956 0.012054
vn -0.068160 -0.064006 0.035460
vn -0.057735 -0.074536 0.033333
vn -0.047140 -0.074536 0.047140
vn -0.033333 -0.074536 0.057735
vn -0.044002 -0.069548 0.056806
vn -0.059993 -0.056337 0.056806
vn -0.081936 -0.045045 0.035460
vn -0.086992 -0.047824 0.012054
vn -0.096152 -0.024688 0.012054
vn -0.096152 -0.024688 -0.012054
vn -0.099271 0.000000 -0.012054
vn -0.093502 0.000000 -0.035460
vn -0.017255 -0.074536 0.064395
vn -0.020492 -0.063067 0.074851
vn -0.035474 -0.056026 0.074851
vn -0.004164 -0.066181 0.074851
vn 0.000000 -0.074536 0.066667
vn 0.012426 -0.065138 0.074851
vn 0.017255 -0.074536 0.064395
vn 0.028234 -0.060001 0.074851
vn 0.033333 -0.074536 0.057735
vn 0.035041 -0.074466 0.056806
vn 0.047140 -0.074536 0.047140
vn 0.057735 -0.074536 0.033333
vn -0.086603 0.000000 0.050000
vn -0.082298 0.000000 0.056806
vn -0.079713 0.020467 0.056806
vn -0.066312 0.000000 0.074851
vn -0.064229 0.016491 0.074851
vn -0.046472 0.000000 0.088546
vn -0.045012 0.011557 0.088546
vn -0.023932 0.000000 0.097094
vn -0.023180 0.005952 0.097094
vn -0.093502 0.000000 0.035460
vn -0.090564 -0.023253 0.035460
vn -0.099271 0.000000 0.012054
vn -0.020971 0.011529 0.097094
vn -0.017445 0.016382 0.097094
vn -0.012823 0.020206 0.097094
vn -0.007395 0.022760 0.097094
vn -0.001503 0.023884 0.097094
vn 0.004484 0.023508 0.097094
vn 0.019361 0.014067 0.097094
vn 0.022251 0.008810 0.097094
vn 0.023743 0.002999 0.097094
vn 0.023743 -0.002999 0.097094
vn 0.022251 -0.008810 0.097094
vn 0.010190 -0.021654 0.097094
vn 0.004484 -0.023508 0.097094
vn -0.001503 -0.023884 0.097094
vn -0.007395 -0.022760 0.097094
vn -0.012816 -0.020211 0.097094
vn -0.017445 -0.016382 0.097094
vn -0.020971 -0.011529 0.097094
vn -0.023180 -0.005952 0.097094
vn -0.020971 -0.011529 -0.097094
vn -0.017445 -0.016382 -0.097094
vn -0.017224 -0.016615 -0.097094
vn -0.007395 -0.022760 -0.097094
vn -0.001503 -0.023884 -0.097094
vn 0.004484 -0.023508 -0.097094
vn 0.010190 -0.021654 -0.097094
vn 0.015255 -0.018440 -0.097094
vn 0.019361 -0.014067 -0.097094
vn 0.022251 -0.008810 -0.097094
vn 0.023743 -0.002999 -0.097094
vn 0.023743 0.002999 -0.097094
vn 0.022251 0.008810 -0.097094
vn 0.019361 0.014067 -0.097094
vn 0.015255 0.018440 -0.097094
vn 0.010190 0.021654 -0.097094
vn 0.004484 0.023508 -0.097094
vn -0.001503 0.023884 -0.097094
vn -0.007395 0.022760 -0.097094
vn -0.012823 0.020206 -0.097094
vn -0.017445 0.016382 -0.097094
vn -0.020971 0.011529 -0.097094
vn -0.023180 0.005952 -0.097094
vn -0.045012 0.011557 -0.088546
vn -0.040724 0.022388 -0.088546
vn -0.033877 0.031812 -0.088546
vn -0.024901 0.039238 -0.088546
vn -0.014361 0.044198 -0.088546
vn -0.002918 0.046381 -0.088546
vn 0.008708 0.045649 -0.088546
vn 0.019787 0.042049 -0.088546
vn 0.029623 0.035808 -0.088546
vn 0.037597 0.027316 -0.088546
vn 0.043209 0.017108 -0.088546
vn 0.046106 0.005825 -0.088546
vn 0.046106 -0.005825 -0.088546
vn 0.043209 -0.017108 -0.088546
vn 0.037597 -0.027316 -0.088546
vn 0.029623 -0.035808 -0.088546
vn 0.019787 -0.042049 -0.088546
vn 0.008708 -0.045649 -0.088546
vn -0.002918 -0.046381 -0.088546
vn -0.014361 -0.044198 -0.088546
vn -0.024874 -0.039255 -0.088546
vn -0.046476 -0.047300 -0.074851
vn -0.059993 -0.056337 -0.056806
vn -0.064229 0.016491 -0.074851
vn -0.058110 0.031946 -0.074851
vn -0.048340 0.045394 -0.074851
vn -0.035532 0.055989 -0.074851
vn -0.020492 0.063067 -0.074851
vn -0.004164 0.066181 -0.074851
vn 0.012426 0.065138 -0.074851
vn 0.028234 0.060001 -0.074851
vn 0.042269 0.051094 -0.074851
vn 0.053648 0.038977 -0.074851
vn 0.061656 0.024411 -0.074851
vn 0.065789 0.008311 -0.074851
vn 0.065789 -0.008311 -0.074851
vn 0.061656 -0.024411 -0.074851
vn 0.053648 -0.038977 -0.074851
vn 0.042269 -0.051094 -0.074851
vn -0.090564 -0.023253 -0.035460
vn -0.096152 0.024688 -0.012054
vn -0.096152 0.024688 0.012054
vn -0.086992 0.047824 -0.012054
vn -0.086992 0.047824 0.012054
vn -0.072365 0.067956 -0.012054
vn -0.072365 0.067956 0.012054
vn -0.053192 0.083817 -0.012054
vn -0.053192 0.083817 0.012054
vn -0.030676 0.094412 -0.012054
vn -0.030676 0.094412 0.012054
vn -0.006233 0.099075 -0.012054
vn -0.006233 0.099075 0.012054
vn 0.018602 0.097513 -0.012054
vn 0.018602 0.097513 0.012054
vn 0.042267 0.089823 -0.012054
vn 0.042267 0.089823 0.012054
vn 0.063278 0.076490 -0.012054
vn 0.063278 0.076490 0.012054
vn 0.080312 0.058350 -0.012054
vn 0.080312 0.058350 0.012054
vn 0.092300 0.036544 -0.012054
vn 0.092300 0.036544 0.012054
vn 0.098488 0.012442 -0.012054
vn 0.098488 0.012442 0.012054
vn 0.098488 -0.012442 -0.012054
vn -0.090564 0.023253 0.035460
vn -0.081936 0.045045 0.035460
vn -0.068160 0.064006 0.035460
vn -0.050101 0.078946 0.035460
vn -0.028894 0.088925 0.035460
vn -0.005871 0.093317 0.035460
vn 0.017520 0.091845 0.035460
vn 0.039811 0.084603 0.035460
vn 0.059600 0.072044 0.035460
vn 0.075644 0.054959 0.035460
vn 0.086936 0.034420 0.035460
vn -0.072119 0.039648 0.056806
vn -0.059993 0.056337 0.056806
vn -0.044098 0.069487 0.056806
vn -0.025432 0.078270 0.056806
vn -0.005168 0.082136 0.056806
vn 0.015421 0.080841 0.056806
vn 0.035041 0.074466 0.056806
vn 0.052459 0.063412 0.056806
vn 0.066581 0.048374 0.056806
vn -0.079713 -0.020467 0.056806
vn -0.072119 -0.039648 0.056806
vn -0.064229 -0.016491 0.074851
vn -0.058110 -0.031946 0.074851
vn -0.048340 -0.045394 0.074851
vn -0.045012 -0.011557 0.088546
vn -0.040724 -0.022388 0.088546
vn -0.033877 -0.031812 0.088546
vn -0.024874 -0.039255 0.088546
vn -0.014361 -0.044198 0.088546
vn -0.002918 -0.046381 0.088546
vn 0.008708 -0.045649 0.088546
vn 0.019787 -0.042049 0.088546
vn -0.012816 -0.020211 -0.097094
vn -0.033012 -0.032709 -0.088546
vn -0.033877 -0.031812 -0.088546
vn -0.048340 -0.045394 -0.074851
vn -0.040724 -0.022388 -0.088546
vn -0.058110 -0.031946 -0.074851
vn 0.086936 -0.034420 0.035460
vn 0.076519 -0.030296 0.056806
vn 0.061656 -0.024411 0.074851
vn 0.043209 -0.017108 0.088546
vn -0.086992 -0.047824 -0.012054
vn -0.040724 0.022388 0.088546
vn -0.033877 0.031812 0.088546
vn -0.024901 0.039238 0.088546
vn -0.014361 0.044198 0.088546
vn -0.002918 0.046381 0.088546
vn 0.008708 0.045649 0.088546
vn 0.019787 0.042049 0.088546
vn -0.058110 0.031946 0.074851
vn -0.048340 0.045394 0.074851
vn -0.035532 0.055989 0.074851
vn -0.020492 0.063067 0.074851
vn -0.004164 0.066181 0.074851
vn 0.012426 0.065138 0.074851
vn 0.028234 0.060001 0.074851
vn 0.042269 0.051094 0.074851
vn 0.043209 0.017108 0.088546
vn 0.046106 0.005825 0.088546
vn 0.046106 -0.005825 0.088546
vn 0.065789 0.008311 0.074851
vn 0.081649 -0.010315 0.056806
vn 0.065789 -0.008311 0.074851
vn 0.083496 -0.050279 0.022373
vn 0.086441 -0.050279 0.000000
vn 0.089203 -0.043218 0.013232
vn 0.095361 -0.030104 0.000000
vn 0.092706 -0.034879 0.013752
vn 0.095808 -0.024876 0.014212
vn 0.089684 -0.034879 0.027205
vn 0.092686 -0.024876 0.028116
vn 0.084722 -0.034879 0.040070
vn 0.087557 -0.024876 0.041411
vn 0.077925 -0.034879 0.052068
vn 0.080533 -0.024876 0.053811
vn 0.069442 -0.034879 0.062939
vn 0.071766 -0.024876 0.065045
vn 0.059455 -0.034879 0.072447
vn 0.061445 -0.024876 0.074871
vn 0.048182 -0.034879 0.080386
vn 0.049794 -0.024876 0.083077
vn 0.035865 -0.034879 0.086586
vn 0.037065 -0.024876 0.089484
vn 0.022772 -0.034879 0.090911
vn 0.023534 -0.024876 0.093954
vn 0.009186 -0.034879 0.093269
vn 0.009494 -0.024876 0.096390
vn -0.004599 -0.034879 0.093607
vn -0.004753 -0.024876 0.096740
vn -0.018284 -0.034879 0.091919
vn -0.018896 -0.024876 0.094995
vn -0.031573 -0.034879 0.088242
vn -0.032630 -0.024876 0.091195
vn -0.044179 -0.034879 0.082654
vn -0.045658 -0.024876 0.085420
vn -0.055829 -0.034879 0.075277
vn -0.057697 -0.024876 0.077796
vn -0.066270 -0.034879 0.066270
vn -0.068488 -0.024876 0.068488
vn -0.076180 -0.034879 0.054590
vn -0.078729 -0.024876 0.056417
vn -0.084055 -0.034879 0.041451
vn -0.086868 -0.024876 0.042838
vn -0.089684 -0.034879 0.027205
vn -0.092686 -0.024876 0.028116
vn -0.092918 -0.034879 0.012233
vn -0.096028 -0.024876 0.012642
vn -0.093670 -0.034879 -0.003066
vn -0.096805 -0.024876 -0.003169
vn -0.091919 -0.034879 -0.018284
vn -0.094995 -0.024876 -0.018896
vn -0.087713 -0.034879 -0.033013
vn -0.090648 -0.024876 -0.034118
vn -0.081164 -0.034879 -0.046860
vn -0.083880 -0.024876 -0.048428
vn -0.072447 -0.034879 -0.059455
vn -0.074871 -0.024876 -0.061445
vn -0.061794 -0.034879 -0.070462
vn -0.063862 -0.024876 -0.072821
vn -0.049491 -0.034879 -0.079587
vn -0.051147 -0.024876 -0.082251
vn -0.035865 -0.034879 -0.086586
vn -0.037065 -0.024876 -0.089484
vn -0.021282 -0.034879 -0.091272
vn -0.021994 -0.024876 -0.094326
vn -0.006130 -0.034879 -0.093519
vn -0.006335 -0.024876 -0.096649
vn 0.009186 -0.034879 -0.093269
vn 0.009494 -0.024876 -0.096390
vn 0.024257 -0.034879 -0.090527
vn 0.025068 -0.024876 -0.093556
vn 0.038679 -0.034879 -0.085366
vn 0.039973 -0.024876 -0.088223
vn 0.052068 -0.034879 -0.077925
vn 0.053811 -0.024876 -0.080533
vn 0.064066 -0.034879 -0.068403
vn 0.066210 -0.024876 -0.070692
vn 0.074353 -0.034879 -0.057053
vn 0.076841 -0.024876 -0.058962
vn 0.082654 -0.034879 -0.044179
vn 0.085420 -0.024876 -0.045658
vn 0.088746 -0.034879 -0.030125
vn 0.091716 -0.024876 -0.031133
vn 0.092468 -0.034879 -0.015267
vn 0.095563 -0.024876 -0.015777
vn 0.098681 -0.016187 -0.000000
vn 0.097816 -0.013085 -0.016149
vn 0.100000 0.000000 -0.000000
vn 0.098664 0.000000 -0.016290
vn 0.097816 0.013085 -0.016149
vn 0.093879 0.013085 -0.031868
vn 0.088746 0.034879 -0.030125
vn 0.082654 0.034879 -0.044179
vn 0.074860 0.050279 -0.043221
vn 0.074353 0.034879 -0.057053
vn 0.061123 0.050279 -0.061123
vn 0.064066 0.034879 -0.068403
vn 0.052068 0.034879 -0.077925
vn 0.067771 0.013085 -0.072359
vn 0.055079 0.013085 -0.082432
vn 0.068359 0.000000 -0.072986
vn 0.055557 0.000000 -0.083147
vn 0.067771 -0.013085 -0.072359
vn 0.055079 -0.013085 -0.082432
vn 0.098067 -0.013085 0.014547
vn 0.094871 -0.013085 0.028779
vn 0.089622 -0.013085 0.042388
vn 0.082432 -0.013085 0.055079
vn 0.073458 -0.013085 0.066578
vn 0.062894 -0.013085 0.076636
vn 0.050968 -0.013085 0.085035
vn 0.037939 -0.013085 0.091594
vn 0.024089 -0.013085 0.096169
vn 0.009717 -0.013085 0.098663
vn -0.004865 -0.013085 0.099021
vn -0.019341 -0.013085 0.097235
vn -0.033399 -0.013085 0.093345
vn -0.046734 -0.013085 0.087434
vn -0.059058 -0.013085 0.079630
vn -0.070103 -0.013085 0.070103
vn -0.080586 -0.013085 0.057747
vn -0.088916 -0.013085 0.043849
vn -0.094871 -0.013085 0.028779
vn -0.098292 -0.013085 0.012940
vn -0.099087 -0.013085 -0.003244
vn -0.097235 -0.013085 -0.019341
vn -0.092786 -0.013085 -0.034922
vn -0.085858 -0.013085 -0.049570
vn -0.076636 -0.013085 -0.062894
vn -0.065368 -0.013085 -0.074538
vn -0.052353 -0.013085 -0.084190
vn -0.037939 -0.013085 -0.091594
vn -0.022512 -0.013085 -0.096550
vn -0.006484 -0.013085 -0.098928
vn 0.009717 -0.013085 -0.098663
vn 0.025659 -0.013085 -0.095762
vn 0.040916 -0.013085 -0.090303
vn 0.098918 0.000000 0.014673
vn 0.095694 0.000000 0.029028
vn 0.090399 0.000000 0.042756
vn 0.083147 0.000000 0.055557
vn 0.074095 0.000000 0.067156
vn 0.063439 0.000000 0.077301
vn 0.051410 0.000000 0.085773
vn 0.038268 0.000000 0.092388
vn 0.024298 0.000000 0.097003
vn 0.009802 0.000000 0.099518
vn -0.004907 0.000000 0.099880
vn -0.019509 0.000000 0.098079
vn -0.033689 0.000000 0.094154
vn -0.047140 0.000000 0.088192
vn -0.059570 0.000000 0.080321
vn -0.070711 0.000000 0.070711
vn -0.081285 0.000000 0.058248
vn -0.089687 0.000000 0.044229
vn -0.095694 0.000000 0.029028
vn -0.099144 0.000000 0.013053
vn -0.099946 0.000000 -0.003272
vn -0.098079 0.000000 -0.019509
vn -0.093591 0.000000 -0.035225
vn -0.086603 0.000000 -0.050000
vn -0.077301 0.000000 -0.063439
vn -0.065935 0.000000 -0.075184
vn -0.052807 0.000000 -0.084920
vn -0.038268 0.000000 -0.092388
vn -0.022708 0.000000 -0.097388
vn -0.006540 0.000000 -0.099786
vn 0.009802 0.000000 -0.099518
vn 0.025882 0.000000 -0.096593
vn 0.041271 0.000000 -0.091086
vn 0.098067 0.013085 0.014547
vn 0.098681 0.016187 0.000000
vn 0.095361 0.030104 0.000000
vn 0.092706 0.034879 0.013752
vn 0.086441 0.050279 0.000000
vn 0.083496 0.050279 0.022373
vn 0.074860 0.050279 0.043221
vn 0.084722 0.034879 0.040070
vn 0.089684 0.034879 0.027205
vn 0.094871 0.013085 0.028779
vn 0.077925 0.034879 0.052068
vn 0.061123 0.050279 0.061123
vn 0.069442 0.034879 0.062939
vn 0.059455 0.034879 0.072447
vn 0.062894 0.013085 0.076636
vn 0.050968 0.013085 0.085035
vn 0.043221 0.050279 0.074860
vn 0.048182 0.034879 0.080386
vn 0.037939 0.013085 0.091594
vn 0.035865 0.034879 0.086586
vn 0.022373 0.050279 0.083496
vn 0.022772 0.034879 0.090911
vn 0.009186 0.034879 0.093269
vn 0.009717 0.013085 0.098663
vn -0.004865 0.013085 0.099021
vn 0.000000 0.050279 0.086441
vn -0.004599 0.034879 0.093607
vn -0.019341 0.013085 0.097235
vn -0.018284 0.034879 0.091919
vn -0.022373 0.050279 0.083496
vn -0.031573 0.034879 0.088242
vn -0.043221 0.050279 0.074860
vn -0.044179 0.034879 0.082654
vn -0.055829 0.034879 0.075277
vn -0.059058 0.013085 0.079630
vn -0.070103 0.013085 0.070103
vn -0.061123 0.050279 0.061123
vn -0.066270 0.034879 0.066270
vn -0.080586 0.013085 0.057747
vn -0.076180 0.034879 0.054590
vn -0.074860 0.050279 0.043221
vn -0.084055 0.034879 0.041451
vn -0.083496 0.050279 0.022373
vn -0.089684 0.034879 0.027205
vn -0.092918 0.034879 0.012233
vn -0.098292 0.013085 0.012940
vn -0.099087 0.013085 -0.003244
vn -0.086441 0.050279 0.000000
vn -0.093670 0.034879 -0.003066
vn -0.097235 0.013085 -0.019341
vn -0.091919 0.034879 -0.018284
vn -0.083496 0.050279 -0.022373
vn -0.087713 0.034879 -0.033013
vn -0.074860 0.050279 -0.043221
vn -0.081164 0.034879 -0.046860
vn -0.072447 0.034879 -0.059455
vn -0.076636 0.013085 -0.062894
vn -0.065368 0.013085 -0.074538
vn -0.061123 0.050279 -0.061123
vn -0.061794 0.034879 -0.070462
vn -0.052353 0.013085 -0.084190
vn -0.043221 0.050279 -0.074860
vn -0.049491 0.034879 -0.079587
vn -0.037939 0.013085 -0.091594
vn -0.035865 0.034879 -0.086586
vn -0.022373 0.050279 -0.083496
vn -0.021282 0.034879 -0.091272
vn -0.006130 0.034879 -0.093519
vn -0.006484 0.013085 -0.098928
vn 0.009717 0.013085 -0.098663
vn -0.000000 0.050279 -0.086441
vn 0.009186 0.034879 -0.093269
vn 0.025659 0.013085 -0.095762
vn 0.022373 0.050279 -0.083496
vn 0.024257 0.034879 -0.090527
vn 0.040916 0.013085 -0.090303
vn 0.038679 0.034879 -0.085366
vn 0.043221 0.050279 -0.074860
vn 0.083496 0.050279 -0.022373
vn 0.092468 0.034879 -0.015267
vn 0.088974 -0.043218 -0.014690
vn 0.083496 -0.050279 -0.022373
vn 0.085393 -0.043218 -0.028987
vn 0.074860 -0.050279 -0.043221
vn 0.079531 -0.043218 -0.042510
vn 0.071544 -0.043218 -0.054897
vn 0.061123 -0.050279 -0.061123
vn 0.061646 -0.043218 -0.065818
vn 0.050101 -0.043218 -0.074981
vn 0.043221 -0.050279 -0.074860
vn 0.037217 -0.043218 -0.082141
vn 0.022373 -0.050279 -0.083496
vn 0.023340 -0.043218 -0.087106
vn 0.008839 -0.043218 -0.089745
vn -0.000000 -0.050279 -0.086441
vn -0.005898 -0.043218 -0.089986
vn -0.022373 -0.050279 -0.083496
vn -0.020477 -0.043218 -0.087823
vn -0.034510 -0.043218 -0.083314
vn -0.043221 -0.050279 -0.074860
vn -0.047621 -0.043218 -0.076580
vn -0.059459 -0.043218 -0.067800
vn -0.061123 -0.050279 -0.061123
vn -0.069709 -0.043218 -0.057209
vn -0.074860 -0.050279 -0.043221
vn -0.078097 -0.043218 -0.045089
vn -0.084399 -0.043218 -0.031765
vn -0.083496 -0.050279 -0.022373
vn -0.088446 -0.043218 -0.017593
vn -0.086441 -0.050279 0.000000
vn -0.090131 -0.043218 -0.002951
vn -0.089407 -0.043218 0.011771
vn -0.083496 -0.050279 0.022373
vn -0.086296 -0.043218 0.026178
vn -0.080879 -0.043218 0.039885
vn -0.074860 -0.050279 0.043221
vn -0.073302 -0.043218 0.052527
vn -0.061123 -0.050279 0.061123
vn -0.063766 -0.043218 0.063766
vn -0.053719 -0.043218 0.072432
vn -0.043221 -0.050279 0.074860
vn -0.042510 -0.043218 0.079531
vn -0.030380 -0.043218 0.084907
vn -0.022373 -0.050279 0.083496
vn -0.017593 -0.043218 0.088446
vn 0.000000 -0.050279 0.086441
vn -0.004425 -0.043218 0.090070
vn 0.008839 -0.043218 0.089745
vn 0.022373 -0.050279 0.083496
vn 0.021912 -0.043218 0.087476
vn 0.034510 -0.043218 0.083314
vn 0.043221 -0.050279 0.074860
vn 0.046361 -0.043218 0.077349
vn 0.057209 -0.043218 0.069709
vn 0.061123 -0.050279 0.061123
vn 0.066818 -0.043218 0.060560
vn 0.074981 -0.043218 0.050101
vn 0.074860 -0.050279 0.043221
vn 0.081521 -0.043218 0.038556
vn 0.086296 -0.043218 0.026178
vn 0.089622 0.013085 0.042388
vn 0.082432 0.013085 0.055079
vn 0.073458 0.013085 0.066578
vn 0.024089 0.013085 0.096169
vn -0.033399 0.013085 0.093345
vn -0.046734 0.013085 0.087434
vn -0.088916 0.013085 0.043849
vn -0.094871 0.013085 0.028779
vn -0.092786 0.013085 -0.034922
vn -0.085858 0.013085 -0.049570
vn -0.022512 0.013085 -0.096550
vn 0.078653 0.013085 -0.060353
vn 0.087434 0.013085 -0.046734
vn 0.079335 0.000000 -0.060876
vn 0.088192 0.000000 -0.047140
vn 0.094693 0.000000 -0.032144
vn 0.078653 -0.013085 -0.060353
vn 0.087434 -0.013085 -0.046734
vn 0.093879 -0.013085 -0.031868
vn 0.093893 0.023477 0.025159
vn 0.097205 0.023477 0.000000
vn 0.097147 0.018838 0.014410
vn 0.098603 0.016660 0.000000
vn 0.098011 0.013505 0.014539
vn 0.099655 0.008296 0.000000
vn 0.098646 0.007400 0.014633
vn 0.098908 0.001375 0.014672
vn 0.095432 0.007400 0.028949
vn 0.095685 0.001375 0.029026
vn 0.090151 0.007400 0.042638
vn 0.090390 0.001375 0.042751
vn 0.082919 0.007400 0.055405
vn 0.083139 0.001375 0.055552
vn 0.073892 0.007400 0.066972
vn 0.074088 0.001375 0.067150
vn 0.063265 0.007400 0.077089
vn 0.063433 0.001375 0.077294
vn 0.051269 0.007400 0.085538
vn 0.051405 0.001375 0.085765
vn 0.038163 0.007400 0.092135
vn 0.038265 0.001375 0.092379
vn 0.024231 0.007400 0.096737
vn 0.024296 0.001375 0.096994
vn 0.009775 0.007400 0.099246
vn 0.009801 0.001375 0.099509
vn -0.004893 0.007400 0.099606
vn -0.004906 0.001375 0.099870
vn -0.019456 0.007400 0.097810
vn -0.019507 0.001375 0.098069
vn -0.033597 0.007400 0.093896
vn -0.033686 0.001375 0.094146
vn -0.047010 0.007400 0.087950
vn -0.047135 0.001375 0.088184
vn -0.059407 0.007400 0.080101
vn -0.059564 0.001375 0.080313
vn -0.070517 0.007400 0.070517
vn -0.070704 0.001375 0.070704
vn -0.081062 0.007400 0.058088
vn -0.081277 0.001375 0.058242
vn -0.089441 0.007400 0.044108
vn -0.089679 0.001375 0.044225
vn -0.095432 0.007400 0.028949
vn -0.095685 0.001375 0.029026
vn -0.098873 0.007400 0.013017
vn -0.099135 0.001375 0.013051
vn -0.099672 0.007400 -0.003263
vn -0.099937 0.001375 -0.003272
vn -0.097810 0.007400 -0.019456
vn -0.098069 0.001375 -0.019507
vn -0.093334 0.007400 -0.035128
vn -0.093582 0.001375 -0.035222
vn -0.086365 0.007400 -0.049863
vn -0.086594 0.001375 -0.049995
vn -0.077089 0.007400 -0.063265
vn -0.077294 0.001375 -0.063433
vn -0.065754 0.007400 -0.074978
vn -0.065928 0.001375 -0.075177
vn -0.052662 0.007400 -0.084687
vn -0.052802 0.001375 -0.084912
vn -0.038163 0.007400 -0.092135
vn -0.038265 0.001375 -0.092379
vn -0.022645 0.007400 -0.097121
vn -0.022705 0.001375 -0.097378
vn -0.006522 0.007400 -0.099512
vn -0.006540 0.001375 -0.099776
vn 0.009775 0.007400 -0.099246
vn 0.009801 0.001375 -0.099509
vn 0.025811 0.007400 -0.096328
vn 0.025879 0.001375 -0.096583
vn 0.041158 0.007400 -0.090837
vn 0.041267 0.001375 -0.091078
vn 0.055405 0.007400 -0.082919
vn 0.055552 0.001375 -0.083139
vn 0.068172 0.007400 -0.072786
vn 0.068353 0.001375 -0.072980
vn 0.079118 0.007400 -0.060709
vn 0.079328 0.001375 -0.060870
vn 0.087950 0.007400 -0.047010
vn 0.088184 0.001375 -0.047135
vn 0.094433 0.007400 -0.032056
vn 0.094684 0.001375 -0.032141
vn 0.098394 0.007400 -0.016245
vn 0.098655 0.001375 -0.016288
vn 0.100000 -0.000214 -0.000000
vn 0.098503 -0.005721 -0.016263
vn 0.099729 -0.007353 -0.000000
vn 0.096331 -0.007353 -0.025812
vn 0.094538 -0.005721 -0.032091
vn 0.086368 -0.007353 -0.049865
vn 0.088048 -0.005721 -0.047062
vn 0.079205 -0.005721 -0.060776
vn 0.098756 -0.005721 0.014649
vn 0.095537 -0.005721 0.028981
vn 0.090251 -0.005721 0.042685
vn 0.083011 -0.005721 0.055466
vn 0.073974 -0.005721 0.067046
vn 0.063335 -0.005721 0.077174
vn 0.051326 -0.005721 0.085632
vn 0.038206 -0.005721 0.092237
vn 0.024258 -0.005721 0.096844
vn 0.009786 -0.005721 0.099355
vn -0.004899 -0.005721 0.099716
vn -0.019477 -0.005721 0.097918
vn -0.033634 -0.005721 0.094000
vn -0.047062 -0.005721 0.088048
vn -0.059472 -0.005721 0.080189
vn -0.070595 -0.005721 0.070595
vn -0.081152 -0.005721 0.058152
vn -0.089540 -0.005721 0.044156
vn -0.095537 -0.005721 0.028981
vn -0.098982 -0.005721 0.013031
vn -0.099783 -0.005721 -0.003267
vn -0.097918 -0.005721 -0.019477
vn -0.093437 -0.005721 -0.035167
vn -0.086461 -0.005721 -0.049918
vn -0.077174 -0.005721 -0.063335
vn -0.065827 -0.005721 -0.075061
vn -0.052720 -0.005721 -0.084781
vn -0.038206 -0.005721 -0.092237
vn -0.022670 -0.005721 -0.097228
vn -0.006530 -0.005721 -0.099622
vn 0.009786 -0.005721 -0.099355
vn 0.025840 -0.005721 -0.096434
vn 0.041203 -0.005721 -0.090937
vn 0.055466 -0.005721 -0.083011
vn 0.068247 -0.005721 -0.072867
vn 0.096331 -0.007353 0.025812
vn 0.086368 -0.007353 0.049865
vn 0.070519 -0.007353 0.070519
vn 0.049865 -0.007353 0.086368
vn 0.025812 -0.007353 0.096331
vn 0.000000 -0.007353 0.099729
vn -0.025812 -0.007353 0.096331
vn -0.049865 -0.007353 0.086368
vn -0.070519 -0.007353 0.070519
vn -0.086368 -0.007353 0.049865
vn -0.096331 -0.007353 0.025812
vn -0.099729 -0.007353 0.000000
vn -0.096331 -0.007353 -0.025812
vn -0.086368 -0.007353 -0.049865
vn -0.070519 -0.007353 -0.070519
vn -0.049865 -0.007353 -0.086368
vn -0.025812 -0.007353 -0.096331
vn -0.000000 -0.007353 -0.099729
vn 0.025812 -0.007353 -0.096331
vn 0.049865 -0.007353 -0.086368
vn 0.070519 -0.007353 -0.070519
vn 0.097760 0.013505 -0.016140
vn 0.096898 0.018838 -0.015998
vn 0.093893 0.023477 -0.025159
vn 0.092998 0.018838 -0.031568
vn 0.084182 0.023477 -0.048603
vn 0.086613 0.018838 -0.046296
vn 0.077915 0.018838 -0.059786
vn 0.078609 0.013505 -0.060318
vn 0.067733 0.013505 -0.072318
vn 0.068734 0.023477 -0.068734
vn 0.067135 0.018838 -0.071680
vn 0.055048 0.013505 -0.082385
vn 0.054562 0.018838 -0.081658
vn 0.048603 0.023477 -0.084182
vn 0.040532 0.018838 -0.089456
vn 0.025159 0.023477 -0.093893
vn 0.025419 0.018838 -0.094863
vn 0.009626 0.018838 -0.097737
vn 0.009712 0.013505 -0.098607
vn -0.006480 0.013505 -0.098872
vn -0.000000 0.023477 -0.097205
vn -0.006423 0.018838 -0.097999
vn -0.022500 0.013505 -0.096496
vn -0.025159 0.023477 -0.093893
vn -0.022301 0.018838 -0.095644
vn -0.037918 0.013505 -0.091542
vn -0.037583 0.018838 -0.090734
vn -0.048603 0.023477 -0.084182
vn -0.051861 0.018838 -0.083400
vn -0.064754 0.018838 -0.073838
vn -0.065331 0.013505 -0.074495
vn -0.076593 0.013505 -0.062858
vn -0.068734 0.023477 -0.068734
vn -0.075917 0.018838 -0.062304
vn -0.085809 0.013505 -0.049542
vn -0.084182 0.023477 -0.048603
vn -0.085052 0.018838 -0.049105
vn -0.092733 0.013505 -0.034902
vn -0.091915 0.018838 -0.034594
vn -0.093893 0.023477 -0.025159
vn -0.096323 0.018838 -0.019160
vn -0.097205 0.023477 0.000000
vn -0.098157 0.018838 -0.003213
vn -0.097369 0.018838 0.012819
vn -0.098236 0.013505 0.012933
vn -0.094817 0.013505 0.028763
vn -0.093893 0.023477 0.025159
vn -0.093981 0.018838 0.028509
vn -0.088866 0.013505 0.043824
vn -0.088082 0.018838 0.043437
vn -0.084182 0.023477 0.048603
vn -0.079829 0.018838 0.057205
vn -0.068734 0.023477 0.068734
vn -0.069445 0.018838 0.069445
vn -0.058503 0.018838 0.078883
vn -0.059024 0.013505 0.079585
vn -0.046708 0.013505 0.087384
vn -0.048603 0.023477 0.084182
vn -0.046296 0.018838 0.086613
vn -0.033380 0.013505 0.093292
vn -0.033086 0.018838 0.092469
vn -0.025159 0.023477 0.093893
vn -0.019160 0.018838 0.096323
vn 0.000000 0.023477 0.097205
vn -0.004819 0.018838 0.098091
vn 0.009626 0.018838 0.097737
vn 0.009712 0.013505 0.098607
vn 0.024075 0.013505 0.096114
vn 0.025159 0.023477 0.093893
vn 0.023863 0.018838 0.095266
vn 0.037918 0.013505 0.091542
vn 0.037583 0.018838 0.090734
vn 0.048603 0.023477 0.084182
vn 0.050490 0.018838 0.084237
vn 0.062304 0.018838 0.075917
vn 0.062858 0.013505 0.076593
vn 0.073416 0.013505 0.066541
vn 0.068734 0.023477 0.068734
vn 0.072769 0.018838 0.065954
vn 0.082385 0.013505 0.055048
vn 0.081658 0.018838 0.054562
vn 0.084182 0.023477 0.048603
vn 0.088780 0.018838 0.041990
vn 0.093981 0.018838 0.028509
vn 0.094817 0.013505 0.028763
vn 0.089571 0.013505 0.042364
vn 0.050939 0.013505 0.084987
vn -0.004862 0.013505 0.098965
vn -0.019330 0.013505 0.097180
vn -0.070063 0.013505 0.070063
vn -0.080540 0.013505 0.057714
vn -0.099031 0.013505 -0.003242
vn -0.097180 0.013505 -0.019330
vn -0.052323 0.013505 -0.084142
vn 0.025645 0.013505 -0.095708
vn 0.040893 0.013505 -0.090252
vn 0.087384 0.013505 -0.046708
vn 0.093826 0.013505 -0.031849
vn -0.000000 0.100000 -0.000000
vn 0.025693 0.096593 0.003120
vn -0.000000 0.100000 0.000000
vn 0.025693 0.096593 -0.003120
vn -0.000000 0.100000 0.000000
vn 0.024200 0.096593 -0.009178
vn -0.000000 0.100000 0.000000
vn 0.021300 0.096593 -0.014703
vn -0.000000 0.100000 0.000000
vn 0.017163 0.096593 -0.019373
vn -0.000000 0.100000 0.000000
vn 0.012028 0.096593 -0.022917
vn -0.000000 0.100000 0.000000
vn 0.006194 0.096593 -0.025130
vn 0.000000 0.100000 0.000000
vn -0.000000 0.096593 -0.025882
vn -0.006194 0.096593 -0.025130
vn -0.000000 0.086603 -0.050000
vn -0.011966 0.086603 -0.048547
vn -0.000000 0.070711 -0.070711
vn -0.016922 0.070711 -0.068656
vn -0.000000 0.050000 -0.086603
vn -0.020725 0.050000 -0.084086
vn -0.000000 0.025882 -0.096593
vn -0.023116 0.025882 -0.093786
vn -0.012054 -0.000000 -0.099271
vn -0.035460 -0.000000 -0.093502
vn 0.024200 0.096593 0.009178
vn -0.000000 0.100000 -0.000000
vn 0.021300 0.096593 0.014703
vn -0.000000 0.100000 -0.000000
vn 0.017163 0.096593 0.019373
vn -0.000000 0.100000 -0.000000
vn 0.012028 0.096593 0.022917
vn -0.000000 0.100000 -0.000000
vn 0.006194 0.096593 0.025130
vn 0.000000 0.100000 -0.000000
vn 0.000000 0.096593 0.025882
vn -0.006194 0.096593 0.025130
vn -0.011966 0.086603 0.048547
vn -0.023236 0.086603 0.044273
vn -0.032861 0.070711 0.062611
vn -0.046890 0.070711 0.052928
vn -0.057428 0.050000 0.064823
vn -0.071272 0.050000 0.049196
vn -0.079494 0.025882 0.054871
vn -0.090316 0.025882 0.034252
vn -0.088546 -0.000000 0.046472
vn -0.097094 -0.000000 0.023932
vn -0.095888 0.025882 0.011643
vn -0.100000 -0.000000 0.000000
vn -0.095888 0.025882 -0.011643
vn -0.097094 -0.000000 -0.023932
vn -0.090316 0.025882 -0.034252
vn -0.088546 -0.000000 -0.046472
vn -0.079494 0.025882 -0.054871
vn -0.074851 -0.000000 -0.066312
vn -0.064053 0.025882 -0.072301
vn -0.056806 -0.000000 -0.082298
vn -0.044889 0.025882 -0.085528
vn 0.000000 0.100000 -0.000000
vn -0.012028 0.096593 0.022917
vn -0.033156 0.086603 0.037426
vn -0.058194 0.070711 0.040168
vn -0.080975 0.050000 0.030710
vn 0.000000 0.100000 -0.000000
vn -0.017163 0.096593 0.019373
vn -0.041149 0.086603 0.028403
vn -0.066116 0.070711 0.025074
vn -0.085971 0.050000 0.010439
vn 0.000000 0.100000 -0.000000
vn -0.021300 0.096593 0.014703
vn -0.046751 0.086603 0.017730
vn -0.070195 0.070711 0.008523
vn -0.085971 0.050000 -0.010439
vn 0.000000 0.100000 -0.000000
vn -0.024200 0.096593 0.009178
vn -0.049635 0.086603 0.006027
vn -0.070195 0.070711 -0.008523
vn -0.080975 0.050000 -0.030710
vn 0.000000 0.100000 -0.000000
vn -0.025693 0.096593 0.003120
vn -0.049635 0.086603 -0.006027
vn -0.066116 0.070711 -0.025074
vn -0.071272 0.050000 -0.049196
vn 0.000000 0.100000 -0.000000
vn -0.025693 0.096593 -0.003120
vn -0.046751 0.086603 -0.017730
vn -0.058194 0.070711 -0.040168
vn -0.057428 0.050000 -0.064823
vn 0.000000 0.100000 0.000000
vn -0.024200 0.096593 -0.009178
vn -0.041149 0.086603 -0.028403
vn -0.046890 0.070711 -0.052928
vn -0.040246 0.050000 -0.076683
vn 0.000000 0.100000 0.000000
vn -0.021300 0.096593 -0.014703
vn -0.033156 0.086603 -0.037426
vn -0.032861 0.070711 -0.062611
vn 0.000000 0.100000 0.000000
vn -0.017163 0.096593 -0.019373
vn -0.023236 0.086603 -0.044273
vn 0.000000 0.100000 0.000000
vn -0.012028 0.096593 -0.022917
vn 0.000000 0.100000 0.000000
vn 0.097094 0.000000 -0.023932
vn 0.095888 0.025882 -0.011643
vn 0.100000 0.000000 -0.000000
vn 0.095888 0.025882 0.011643
vn 0.097094 0.000000 0.023932
vn 0.090316 0.025882 0.034252
vn 0.088546 0.000000 0.046472
vn 0.079494 0.025882 0.054871
vn 0.074851 0.000000 0.066312
vn 0.064053 0.025882 0.072301
vn 0.056806 0.000000 0.082298
vn 0.044889 0.025882 0.085528
vn 0.035460 0.000000 0.093502
vn 0.023116 0.025882 0.093786
vn 0.012054 0.000000 0.099271
vn 0.000000 0.025882 0.096593
vn -0.012054 -0.000000 0.099271
vn -0.023116 0.025882 0.093786
vn -0.035460 -0.000000 0.093502
vn -0.044889 0.025882 0.085528
vn -0.056806 -0.000000 0.082298
vn -0.064053 0.025882 0.072301
vn -0.074851 -0.000000 0.066312
vn 0.090316 0.025882 -0.034252
vn 0.088546 0.000000 -0.046472
vn 0.079494 0.025882 -0.054871
vn 0.074851 0.000000 -0.066312
vn 0.064053 0.025882 -0.072301
vn 0.056806 0.000000 -0.082298
vn 0.044889 0.025882 -0.085528
vn 0.035460 0.000000 -0.093502
vn 0.023116 0.025882 -0.093786
vn 0.012054 0.000000 -0.099271
vn 0.000000 0.086603 0.050000
vn 0.011966 0.086603 0.048547
vn 0.023236 0.086603 0.044273
vn 0.033156 0.086603 0.037426
vn 0.041149 0.086603 0.028403
vn 0.046751 0.086603 0.017730
vn 0.049635 0.086603 0.006027
vn 0.049635 0.086603 -0.006027
vn 0.046751 0.086603 -0.017730
vn 0.041149 0.086603 -0.028403
vn 0.033156 0.086603 -0.037426
vn 0.023236 0.086603 -0.044273
vn 0.011966 0.086603 -0.048547
vn 0.000000 0.070711 0.070711
vn 0.016922 0.070711 0.068656
vn 0.032861 0.070711 0.062611
vn 0.046890 0.070711 0.052928
vn 0.058194 0.070711 0.040168
vn 0.066116 0.070711 0.025074
vn 0.070195 0.070711 0.008523
vn 0.070195 0.070711 -0.008523
vn 0.066116 0.070711 -0.025074
vn 0.058194 0.070711 -0.040168
vn 0.046890 0.070711 -0.052928
vn 0.032861 0.070711 -0.062611
vn 0.016922 0.070711 -0.068656
vn -0.016922 0.070711 0.068656
vn -0.020725 0.050000 0.084086
vn -0.000000 0.050000 0.086603
vn 0.020725 0.050000 0.084086
vn 0.040246 0.050000 0.076683
vn 0.057428 0.050000 0.064823
vn 0.071272 0.050000 0.049196
vn 0.080975 0.050000 0.030710
vn 0.085971 0.050000 0.010439
vn 0.085971 0.050000 -0.010439
vn 0.080975 0.050000 -0.030710
vn 0.071272 0.050000 -0.049196
vn 0.057428 0.050000 -0.064823
vn 0.040246 0.050000 -0.076683
vn 0.020725 0.050000 -0.084086
vn -0.040246 0.050000 0.076683
vn 0.097094 -0.000000 0.023932
vn 0.100000 -0.000000 0.000000
vn 0.097094 -0.000000 -0.023932
vn 0.088546 -0.000000 -0.046472
vn 0.074851 -0.000000 -0.066312
vn 0.056806 -0.000000 -0.082298
vn 0.035460 -0.000000 -0.093502
vn 0.012054 -0.000000 -0.099271
vn -0.012054 0.000000 -0.099271
vn -0.035460 0.000000 -0.093502
vn -0.056806 0.000000 -0.082298
vn -0.074851 0.000000 -0.066312
vn -0.088546 0.000000 -0.046472
vn -0.097094 0.000000 -0.023932
vn -0.100000 0.000000 -0.000000
vn -0.097094 0.000000 0.023932
vn -0.088546 0.000000 0.046472
vn -0.074851 0.000000 0.066312
vn -0.056806 0.000000 0.082298
vn -0.035460 0.000000 0.093502
vn -0.012054 0.000000 0.099271
vn 0.012054 -0.000000 0.099271
vn 0.035460 -0.000000 0.093502
vn 0.056806 -0.000000 0.082298
vn 0.074851 -0.000000 0.066312
vn 0.088546 -0.000000 0.046472
vn 0.082382 -0.053912 0.017511
vn 0.084223 -0.053912 0.000000
vn 0.089237 -0.043145 0.013237
vn 0.091666 -0.039966 0.000000
vn 0.094667 -0.028998 0.014043
vn 0.097901 -0.020379 0.000000
vn 0.098349 -0.010707 0.014589
vn 0.099854 0.005401 0.000000
vn 0.098315 0.011017 0.014584
vn 0.098091 0.019448 0.000000
vn 0.093408 0.032908 0.013856
vn 0.094430 0.032908 0.000000
vn 0.085109 0.050962 0.012625
vn 0.083745 0.054652 0.000000
vn 0.076111 0.063872 0.011290
vn 0.072676 0.068689 0.000000
vn 0.067962 0.072661 0.010081
vn 0.063319 0.077399 0.000000
vn 0.062969 0.077121 0.009341
vn 0.058503 0.080636 0.008678
vn 0.060917 0.077121 0.018479
vn 0.056596 0.080636 0.017168
vn 0.057547 0.077121 0.027217
vn 0.053465 0.080636 0.025287
vn 0.052930 0.077121 0.035367
vn 0.049176 0.080636 0.032858
vn 0.047168 0.077121 0.042750
vn 0.043822 0.080636 0.039718
vn 0.040384 0.077121 0.049209
vn 0.037520 0.080636 0.045718
vn 0.032727 0.077121 0.054602
vn 0.030406 0.080636 0.050729
vn 0.024361 0.077121 0.058813
vn 0.022633 0.080636 0.054641
vn 0.015468 0.077121 0.061751
vn 0.014371 0.080636 0.057371
vn 0.006240 0.077121 0.063352
vn 0.005797 0.080636 0.058858
vn -0.003124 0.077121 0.063582
vn -0.002902 0.080636 0.059072
vn -0.012419 0.077121 0.062435
vn -0.011538 0.080636 0.058007
vn -0.021446 0.077121 0.059937
vn -0.019925 0.080636 0.055686
vn -0.030008 0.077121 0.056142
vn -0.027880 0.080636 0.052159
vn -0.037921 0.077121 0.051131
vn -0.035231 0.080636 0.047504
vn -0.045013 0.077121 0.045013
vn -0.041820 0.080636 0.041820
vn -0.051745 0.077121 0.037080
vn -0.048074 0.080636 0.034449
vn -0.057094 0.077121 0.028155
vn -0.053044 0.080636 0.026158
vn -0.060917 0.077121 0.018479
vn -0.056596 0.080636 0.017168
vn -0.063114 0.077121 0.008309
vn -0.058637 0.080636 0.007720
vn -0.063624 0.077121 -0.002083
vn -0.059111 0.080636 -0.001935
vn -0.062435 0.077121 -0.012419
vn -0.058007 0.080636 -0.011538
vn -0.059578 0.077121 -0.022424
vn -0.055352 0.080636 -0.020833
vn -0.055130 0.077121 -0.031829
vn -0.051219 0.080636 -0.029571
vn -0.049209 0.077121 -0.040384
vn -0.045718 0.080636 -0.037520
vn -0.041973 0.077121 -0.047861
vn -0.038996 0.080636 -0.044466
vn -0.033616 0.077121 -0.054059
vn -0.031232 0.080636 -0.050224
vn -0.024361 0.077121 -0.058813
vn -0.022633 0.080636 -0.054641
vn -0.014455 0.077121 -0.061995
vn -0.013430 0.080636 -0.057598
vn -0.004163 0.077121 -0.063522
vn -0.003868 0.080636 -0.059016
vn 0.006240 0.077121 -0.063352
vn 0.005797 0.080636 -0.058858
vn 0.016476 0.077121 -0.061489
vn 0.015307 0.080636 -0.057128
vn 0.026272 0.077121 -0.057984
vn 0.024409 0.080636 -0.053871
vn 0.035367 0.077121 -0.052930
vn 0.032858 0.080636 -0.049176
vn 0.043516 0.077121 -0.046462
vn 0.040430 0.080636 -0.043166
vn 0.050504 0.077121 -0.038753
vn 0.046921 0.080636 -0.036004
vn 0.056142 0.077121 -0.030008
vn 0.052159 0.080636 -0.027880
vn 0.060280 0.077121 -0.020462
vn 0.056004 0.080636 -0.019011
vn 0.062808 0.077121 -0.010370
vn 0.058353 0.080636 -0.009634
vn 0.055614 0.083109 -0.000000
vn 0.053998 0.083109 -0.013309
vn 0.049244 0.083109 -0.025845
vn 0.053998 0.083109 0.013309
vn 0.049244 0.083109 0.025845
vn 0.041628 0.083109 0.036879
vn 0.031592 0.083109 0.045770
vn 0.019721 0.083109 0.052000
vn 0.006704 0.083109 0.055209
vn -0.006704 0.083109 0.055209
vn -0.019721 0.083109 0.052000
vn -0.031592 0.083109 0.045770
vn -0.041628 0.083109 0.036879
vn -0.049244 0.083109 0.025845
vn -0.053998 0.083109 0.013309
vn -0.055614 0.083109 0.000000
vn -0.053998 0.083109 -0.013309
vn -0.049244 0.083109 -0.025845
vn -0.041628 0.083109 -0.036879
vn -0.031592 0.083109 -0.045770
vn -0.019721 0.083109 -0.052000
vn -0.006704 0.083109 -0.055209
vn 0.006704 0.083109 -0.055209
vn 0.019721 0.083109 -0.052000
vn 0.031592 0.083109 -0.045770
vn 0.041628 0.083109 -0.036879
vn 0.067788 0.072661 -0.011192
vn 0.075916 0.063872 -0.012534
vn 0.084891 0.050962 -0.014016
vn 0.093169 0.032908 -0.015382
vn 0.098064 0.011017 -0.016190
vn 0.098097 -0.010707 -0.016196
vn 0.094425 -0.028998 -0.015590
vn 0.089009 -0.043145 -0.014695
vn 0.082382 -0.053912 -0.017511
vn 0.085426 -0.043145 -0.028998
vn 0.076941 -0.053912 -0.034257
vn 0.079561 -0.043145 -0.042526
vn 0.068138 -0.053912 -0.049505
vn 0.071571 -0.043145 -0.054918
vn 0.056356 -0.053912 -0.062590
vn 0.061669 -0.043145 -0.065844
vn 0.050120 -0.043145 -0.075010
vn 0.053170 -0.028998 -0.079574
vn 0.039497 -0.028998 -0.087173
vn 0.041033 -0.010707 -0.090563
vn 0.025733 -0.010707 -0.096037
vn 0.025724 0.011017 -0.096005
vn 0.009742 0.011017 -0.098913
vn 0.009256 0.032908 -0.093975
vn -0.006176 0.032908 -0.094228
vn -0.005627 0.050962 -0.085856
vn -0.019538 0.050962 -0.083792
vn -0.017472 0.063872 -0.074934
vn -0.029445 0.063872 -0.071087
vn -0.026292 0.072661 -0.063475
vn -0.036281 0.072661 -0.058345
vn 0.042111 -0.053912 -0.072939
vn 0.037232 -0.043145 -0.082172
vn 0.024770 -0.028998 -0.092442
vn 0.009745 -0.010707 -0.098946
vn -0.006500 0.011017 -0.099178
vn -0.021443 0.032908 -0.091963
vn -0.032926 0.050962 -0.079491
vn -0.040632 0.063872 -0.065341
vn -0.045301 0.072661 -0.051655
vn 0.026026 -0.053912 -0.080101
vn 0.023349 -0.043145 -0.087140
vn 0.009381 -0.028998 -0.095242
vn -0.006503 -0.010707 -0.099212
vn -0.022569 0.011017 -0.096795
vn -0.036137 0.032908 -0.087242
vn -0.045435 0.050962 -0.073065
vn -0.050733 0.063872 -0.057850
vn -0.053110 0.072661 -0.043586
vn 0.008804 -0.053912 -0.083761
vn 0.008842 -0.043145 -0.089779
vn -0.006259 -0.028998 -0.095498
vn -0.022577 -0.010707 -0.096828
vn -0.038035 0.011017 -0.091826
vn -0.049866 0.032908 -0.080190
vn -0.056730 0.050962 -0.064688
vn -0.059479 0.063872 -0.048813
vn -0.059501 0.072661 -0.034353
vn -0.005900 -0.043145 -0.090020
vn -0.008804 -0.053912 -0.083761
vn -0.020485 -0.043145 -0.087857
vn -0.026026 -0.053912 -0.080101
vn -0.034523 -0.043145 -0.083346
vn -0.042111 -0.053912 -0.072939
vn -0.047639 -0.043145 -0.076609
vn -0.056356 -0.053912 -0.062590
vn -0.059482 -0.043145 -0.067826
vn -0.069736 -0.043145 -0.057231
vn -0.073980 -0.028998 -0.060714
vn -0.082881 -0.028998 -0.047852
vn -0.086105 -0.010707 -0.049713
vn -0.093053 -0.010707 -0.035022
vn -0.093021 0.011017 -0.035011
vn -0.097481 0.011017 -0.019390
vn -0.092616 0.032908 -0.018422
vn -0.094380 0.032908 -0.003090
vn -0.085994 0.050962 -0.002815
vn -0.085304 0.050962 0.011230
vn -0.076286 0.063872 0.010043
vn -0.073631 0.063872 0.022336
vn -0.065747 0.072661 0.019944
vn -0.061620 0.072661 0.030388
vn -0.068138 -0.053912 -0.049505
vn -0.078127 -0.043145 -0.045107
vn -0.089569 -0.028998 -0.033711
vn -0.097515 -0.010707 -0.019397
vn -0.099338 0.011017 -0.003252
vn -0.093622 0.032908 0.012326
vn -0.082335 0.050962 0.024976
vn -0.069009 0.063872 0.034032
vn -0.055847 0.072661 0.040019
vn -0.076941 -0.053912 -0.034257
vn -0.084431 -0.043145 -0.031778
vn -0.093864 -0.028998 -0.018671
vn -0.099372 -0.010707 -0.003253
vn -0.098541 0.011017 0.012973
vn -0.090364 0.032908 0.027412
vn -0.077167 0.050962 0.038054
vn -0.062544 0.063872 0.044818
vn -0.048582 0.072661 0.048582
vn -0.082382 -0.053912 -0.017511
vn -0.088480 -0.043145 -0.017600
vn -0.095652 -0.028998 -0.003131
vn -0.098575 -0.010707 0.012978
vn -0.095112 0.011017 0.028852
vn -0.084692 0.032908 0.041765
vn -0.069937 0.050962 0.050116
vn -0.054408 0.063872 0.054408
vn -0.040928 0.072661 0.055185
vn -0.090165 -0.043145 -0.002952
vn -0.084223 -0.053912 0.000000
vn -0.089442 -0.043145 0.011775
vn -0.082382 -0.053912 0.017511
vn -0.086329 -0.043145 0.026188
vn -0.076941 -0.053912 0.034257
vn -0.080910 -0.043145 0.039900
vn -0.068138 -0.053912 0.049505
vn -0.073330 -0.043145 0.052547
vn -0.063791 -0.043145 0.063791
vn -0.067672 -0.028998 0.067672
vn -0.057010 -0.028998 0.076870
vn -0.059227 -0.010707 0.079859
vn -0.046869 -0.010707 0.087685
vn -0.046853 0.011017 0.087655
vn -0.033484 0.011017 0.093581
vn -0.031813 0.032908 0.088910
vn -0.018422 0.032908 0.092616
vn -0.016786 0.050962 0.084387
vn -0.004222 0.050962 0.085936
vn -0.003775 0.063872 0.076851
vn 0.007542 0.063872 0.076574
vn 0.006734 0.072661 0.068374
vn 0.016694 0.072661 0.066646
vn -0.056356 -0.053912 0.062590
vn -0.053740 -0.043145 0.072460
vn -0.045114 -0.028998 0.084403
vn -0.033495 -0.010707 0.093613
vn -0.019390 0.011017 0.097481
vn -0.004633 0.032908 0.094316
vn 0.008433 0.050962 0.085626
vn 0.018696 0.063872 0.074638
vn 0.026292 0.072661 0.063475
vn -0.042111 -0.053912 0.072939
vn -0.042526 -0.043145 0.079561
vn -0.032241 -0.028998 0.090109
vn -0.019397 -0.010707 0.097515
vn -0.004877 0.011017 0.099272
vn 0.009256 0.032908 0.093975
vn 0.020906 0.050962 0.083461
vn 0.029445 0.063872 0.071087
vn 0.035322 0.072661 0.058930
vn -0.026026 -0.053912 0.080101
vn -0.030392 -0.043145 0.084940
vn -0.018671 -0.028998 0.093864
vn -0.004879 -0.010707 0.099305
vn 0.009742 0.011017 0.098913
vn 0.022945 0.032908 0.091600
vn 0.032926 0.050962 0.079491
vn 0.039557 0.063872 0.065997
vn 0.043586 0.072661 0.053110
vn -0.017600 -0.043145 0.088480
vn -0.008804 -0.053912 0.083761
vn -0.004427 -0.043145 0.090105
vn 0.008804 -0.053912 0.083761
vn 0.008842 -0.043145 0.089779
vn 0.021920 -0.043145 0.087510
vn 0.023254 -0.028998 0.092835
vn 0.036624 -0.028998 0.088418
vn 0.038048 -0.010707 0.091857
vn 0.051115 -0.010707 0.085280
vn 0.051097 0.011017 0.085251
vn 0.063053 0.011017 0.076830
vn 0.059906 0.032908 0.072996
vn 0.069968 0.032908 0.063415
vn 0.063751 0.050962 0.057781
vn 0.071540 0.050962 0.047801
vn 0.063977 0.063872 0.042748
vn 0.069557 0.063872 0.032898
vn 0.062109 0.072661 0.029375
vn 0.065747 0.072661 0.019944
vn 0.026026 -0.053912 0.080101
vn 0.034523 -0.043145 0.083346
vn 0.049201 -0.028998 0.082087
vn 0.063075 -0.010707 0.076857
vn 0.073644 0.011017 0.066747
vn 0.078516 0.032908 0.052463
vn 0.077779 0.050962 0.036787
vn 0.073631 0.063872 0.022336
vn 0.042111 -0.053912 0.072939
vn 0.046379 -0.043145 0.077379
vn 0.060714 -0.028998 0.073980
vn 0.073669 -0.010707 0.066770
vn 0.082641 0.011017 0.055219
vn 0.085364 0.032908 0.040374
vn 0.082335 0.050962 0.024976
vn 0.057231 -0.043145 0.069736
vn 0.056356 -0.053912 0.062590
vn 0.066844 -0.043145 0.060584
vn 0.068138 -0.053912 0.049505
vn 0.075010 -0.043145 0.050120
vn 0.076941 -0.053912 0.034257
vn 0.081552 -0.043145 0.038571
vn 0.086329 -0.043145 0.026188
vn 0.091582 -0.028998 0.027781
vn 0.090364 0.032908 0.027412
vn 0.095112 0.011017 0.028852
vn 0.095144 -0.010707 0.028862
vn 0.089849 0.011017 0.042495
vn 0.089879 -0.010707 0.042510
vn 0.086515 -0.028998 0.040918
vn 0.057126 0.072661 0.038171
vn 0.050907 0.072661 0.046140
vn 0.057012 0.063872 0.051673
vn 0.054583 0.050962 0.066510
vn 0.048547 0.032908 0.080995
vn 0.038035 0.011017 0.091826
vn 0.024158 -0.010707 0.096445
vn 0.009381 -0.028998 0.095242
vn 0.082669 -0.010707 0.055238
vn 0.079574 -0.028998 0.053170
vn 0.070911 -0.028998 0.064270
vn 0.048813 0.063872 0.059479
vn 0.044233 0.050962 0.073799
vn 0.036137 0.032908 0.087242
vn 0.024150 0.011017 0.096413
vn 0.009745 -0.010707 0.098946
vn -0.004696 -0.028998 0.095588
vn -0.003371 0.072661 0.068623
vn -0.013404 0.072661 0.067385
vn -0.023146 0.072661 0.064689
vn -0.032387 0.072661 0.060593
vn -0.015011 0.063872 0.075466
vn -0.028986 0.050962 0.081010
vn -0.044514 0.032908 0.083280
vn -0.059207 0.011017 0.079832
vn -0.070304 -0.010707 0.070304
vn -0.077792 -0.028998 0.055745
vn -0.025922 0.063872 0.072446
vn -0.036271 0.063872 0.067859
vn -0.045836 0.063872 0.061802
vn -0.040559 0.050962 0.075880
vn -0.056252 0.032908 0.075847
vn -0.070280 0.011017 0.070280
vn -0.080817 -0.010707 0.057913
vn -0.085834 -0.028998 0.042328
vn -0.051254 0.050962 0.069108
vn -0.060839 0.050962 0.060839
vn -0.066772 0.032908 0.066772
vn -0.080790 0.011017 0.057893
vn -0.089172 -0.010707 0.043975
vn -0.091582 -0.028998 0.027781
vn -0.076757 0.032908 0.055003
vn -0.089141 0.011017 0.043960
vn -0.095144 -0.010707 0.028862
vn -0.094885 -0.028998 0.012492
vn -0.068117 0.072661 0.008968
vn -0.068668 0.072661 -0.002248
vn -0.067385 0.072661 -0.013404
vn -0.064302 0.072661 -0.024201
vn -0.076903 0.063872 -0.002518
vn -0.084387 0.050962 -0.016786
vn -0.088378 0.032908 -0.033263
vn -0.086075 0.011017 -0.049696
vn -0.076857 -0.010707 -0.063075
vn -0.063102 -0.028998 -0.071954
vn -0.075466 0.063872 -0.015011
vn -0.072012 0.063872 -0.027104
vn -0.066636 0.063872 -0.038472
vn -0.080525 0.050962 -0.030308
vn -0.081779 0.032908 -0.047215
vn -0.076830 0.011017 -0.063053
vn -0.065556 -0.010707 -0.074752
vn -0.050538 -0.028998 -0.081271
vn -0.074513 0.050962 -0.043020
vn -0.066510 0.050962 -0.054583
vn -0.072996 0.032908 -0.059906
vn -0.065533 0.011017 -0.074726
vn -0.052503 -0.010707 -0.084432
vn -0.036624 -0.028998 -0.088418
vn -0.062262 0.032908 -0.070996
vn -0.052485 0.011017 -0.084403
vn -0.038048 -0.010707 -0.091857
vn -0.021732 -0.028998 -0.093203
vn -0.015601 0.072661 -0.066910
vn -0.004494 0.072661 -0.068558
vn 0.006734 0.072661 -0.068374
vn 0.017782 0.072661 -0.066364
vn 0.028355 0.072661 -0.062581
vn 0.038171 0.072661 -0.057126
vn 0.046966 0.072661 -0.050146
vn 0.054508 0.072661 -0.041825
vn 0.060593 0.072661 -0.032387
vn 0.065059 0.072661 -0.022085
vn -0.005032 0.063872 -0.076779
vn 0.008433 0.050962 -0.085626
vn 0.024440 0.032908 -0.091213
vn 0.041019 0.011017 -0.090532
vn 0.055238 -0.010707 -0.082669
vn 0.065422 -0.028998 -0.069850
vn 0.007542 0.063872 -0.076574
vn 0.019915 0.063872 -0.074322
vn 0.031755 0.063872 -0.070086
vn 0.042748 0.063872 -0.063977
vn 0.052598 0.063872 -0.056159
vn 0.061044 0.063872 -0.046841
vn 0.067859 0.063872 -0.036271
vn 0.072861 0.063872 -0.024733
vn 0.022269 0.050962 -0.083108
vn 0.038972 0.032908 -0.086013
vn 0.055219 0.011017 -0.082641
vn 0.067966 -0.010707 -0.072567
vn 0.075927 -0.028998 -0.058260
vn 0.035509 0.050962 -0.078371
vn 0.047801 0.050962 -0.071540
vn 0.058816 0.050962 -0.062797
vn 0.068260 0.050962 -0.052378
vn 0.075880 0.050962 -0.040559
vn 0.081474 0.050962 -0.027657
vn 0.052463 0.032908 -0.078516
vn 0.067943 0.011017 -0.072542
vn 0.078879 -0.010707 -0.060526
vn 0.084403 -0.028998 -0.045114
vn 0.064552 0.032908 -0.068921
vn 0.074916 0.032908 -0.057485
vn 0.083280 0.032908 -0.044514
vn 0.089419 0.032908 -0.030354
vn 0.078852 0.011017 -0.060506
vn 0.087685 -0.010707 -0.046869
vn 0.090624 -0.028998 -0.030763
vn 0.087655 0.011017 -0.046853
vn 0.094117 0.011017 -0.031948
vn 0.094149 -0.010707 -0.031959
vn 0.069165 0.070711 0.014702
vn 0.069352 0.070711 0.013795
vn 0.070711 0.070711 0.000000
vn 0.070711 0.070711 0.000000
vn 0.069352 0.070711 -0.013795
vn 0.065328 0.070711 0.027060
vn 0.064597 0.070711 0.028761
vn 0.058794 0.070711 0.039285
vn 0.057206 0.070711 0.041563
vn 0.050000 0.070711 0.050000
vn 0.047315 0.070711 0.052548
vn 0.039285 0.070711 0.058794
vn 0.035355 0.070711 0.061237
vn 0.027060 0.070711 0.065328
vn 0.021851 0.070711 0.067250
vn 0.013795 0.070711 0.069352
vn 0.007391 0.070711 0.070323
vn 0.000000 0.070711 0.070711
vn -0.007391 0.070711 0.070323
vn -0.013795 0.070711 0.069352
vn -0.021851 0.070711 0.067250
vn -0.027060 0.070711 0.065328
vn -0.035355 0.070711 0.061237
vn -0.039285 0.070711 0.058794
vn -0.047315 0.070711 0.052548
vn -0.050000 0.070711 0.050000
vn -0.057206 0.070711 0.041563
vn -0.058794 0.070711 0.039285
vn -0.064597 0.070711 0.028761
vn -0.065328 0.070711 0.027060
vn -0.069165 0.070711 0.014702
vn -0.069352 0.070711 0.013795
vn -0.070711 0.070711 0.000000
vn -0.070711 0.070711 0.000000
vn -0.069352 0.070711 -0.013795
vn -0.069165 0.070711 -0.014702
vn -0.065328 0.070711 -0.027060
vn -0.064597 0.070711 -0.028761
vn -0.058794 0.070711 -0.039285
vn -0.057206 0.070711 -0.041563
vn -0.050000 0.070711 -0.050000
vn -0.047315 0.070711 -0.052548
vn -0.039285 0.070711 -0.058794
vn -0.035355 0.070711 -0.061237
vn -0.027060 0.070711 -0.065328
vn -0.021851 0.070711 -0.067250
vn -0.013795 0.070711 -0.069352
vn -0.007391 0.070711 -0.070323
vn -0.000000 0.070711 -0.070711
vn 0.007391 0.070711 -0.070323
vn 0.013795 0.070711 -0.069352
vn 0.021851 0.070711 -0.067250
vn 0.027060 0.070711 -0.065328
vn 0.035355 0.070711 -0.061237
vn 0.039285 0.070711 -0.058794
vn 0.047315 0.070711 -0.052548
vn 0.050000 0.070711 -0.050000
vn 0.057206 0.070711 -0.041563
vn 0.058794 0.070711 -0.039285
vn 0.064597 0.070711 -0.028761
vn 0.065328 0.070711 -0.027060
vn 0.069165 0.070711 -0.014702
vn 0.098079 -0.000000 0.019509
vn 0.098079 -0.000000 0.019509
vn 0.100000 -0.000000 0.000000
vn 0.100000 -0.000000 0.000000
vn 0.098079 -0.000000 -0.019509
vn 0.098079 -0.000000 -0.019509
vn 0.092388 -0.000000 -0.038268
vn 0.092388 -0.000000 -0.038268
vn 0.083147 -0.000000 -0.055557
vn 0.083147 -0.000000 -0.055557
vn 0.070711 -0.000000 -0.070711
vn 0.070711 -0.000000 -0.070711
vn 0.055557 -0.000000 -0.083147
vn 0.055557 -0.000000 -0.083147
vn 0.038268 -0.000000 -0.092388
vn 0.038268 -0.000000 -0.092388
vn 0.019509 -0.000000 -0.098079
vn 0.019509 -0.000000 -0.098079
vn -0.000000 0.000000 -0.100000
vn -0.000000 0.000000 -0.100000
vn -0.019509 0.000000 -0.098079
vn -0.019509 0.000000 -0.098079
vn -0.038268 0.000000 -0.092388
vn -0.038268 0.000000 -0.092388
vn -0.055557 0.000000 -0.083147
vn -0.055557 0.000000 -0.083147
vn -0.070711 0.000000 -0.070711
vn -0.070711 0.000000 -0.070711
vn -0.083147 0.000000 -0.055557
vn -0.083147 0.000000 -0.055557
vn -0.092388 0.000000 -0.038268
vn -0.092388 0.000000 -0.038268
vn -0.098079 0.000000 -0.019509
vn -0.098079 0.000000 -0.019509
vn -0.100000 0.000000 -0.000000
vn -0.100000 0.000000 -0.000000
vn -0.098079 0.000000 0.019509
vn -0.098079 0.000000 0.019509
vn -0.092388 0.000000 0.038268
vn -0.092388 0.000000 0.038268
vn -0.083147 0.000000 0.055557
vn -0.083147 0.000000 0.055557
vn -0.070711 0.000000 0.070711
vn -0.070711 0.000000 0.070711
vn -0.055557 0.000000 0.083147
vn -0.055557 0.000000 0.083147
vn -0.038268 0.000000 0.092388
vn -0.038268 0.000000 0.092388
vn -0.019509 0.000000 0.098079
vn -0.019509 0.000000 0.098079
vn 0.000000 -0.000000 0.100000
vn 0.000000 -0.000000 0.100000
vn 0.019509 -0.000000 0.098079
vn 0.019509 -0.000000 0.098079
vn 0.038268 -0.000000 0.092388
vn 0.038268 -0.000000 0.092388
vn 0.055557 -0.000000 0.083147
vn 0.055557 -0.000000 0.083147
vn 0.070711 -0.000000 0.070711
vn 0.070711 -0.000000 0.070711
vn 0.083147 -0.000000 0.055557
vn 0.083147 -0.000000 0.055557
vn 0.092388 -0.000000 0.038268
vn 0.092388 -0.000000 0.038268
vn -0.000000 -0.100000 0.000000
vn -0.000000 -0.100000 0.000000
vn -0.000000 -0.100000 0.000000
vn -0.000000 -0.100000 0.000000
vn -0.000000 -0.100000 0.000000
vn -0.000000 -0.100000 0.000000
vn -0.000000 -0.100000 0.000000
vn -0.000000 -0.100000 0.000000
vn -0.000000 -0.100000 0.000000
vn -0.000000 -0.100000 0.000000
vn -0.000000 -0.100000 0.000000
vn -0.000000 -0.100000 0.000000
vn -0.000000 -0.100000 0.000000
vn -0.000000 -0.100000 0.000000
vn -0.000000 -0.100000 0.000000
vn -0.000000 -0.100000 0.000000
vn -0.000000 -0.100000 0.000000
vn -0.000000 -0.100000 0.000000
vn -0.000000 -0.100000 0.000000
vn -0.000000 -0.100000 0.000000
vn -0.000000 -0.100000 0.000000
vn -0.000000 -0.100000 0.000000
vn -0.000000 -0.100000 0.000000
vn -0.000000 -0.100000 0.000000
vn -0.000000 -0.100000 0.000000
vn -0.000000 -0.100000 0.000000
vn -0.000000 -0.100000 0.000000
vn -0.000000 -0.100000 0.000000
vn -0.000000 -0.100000 0.000000
vn -0.000000 -0.100000 0.000000
vn -0.000000 -0.100000 0.000000
vn -0.000000 -0.100000 0.000000
usemtl Paint_-_Enamel_Glossy_(White)
f 2/1/1 46/2/2 1/3/3
f 1/3/3 46/2/2 47/4/4
f 1/3/3 47/4/4 24/5/5
f 24/5/5 47/4/4 48/6/6
f 24/5/5 48/6/6 57/7/7
f 57/7/7 48/6/6 49/8/8
f 57/7/7 49/8/8 56/9/9
f 56/9/9 49/8/8 50/10/10
f 56/9/9 50/10/10 55/11/11
f 55/11/11 50/10/10 51/12/12
f 55/11/11 51/12/12 54/13/13
f 54/13/13 51/12/12 52/14/14
f 54/13/13 52/14/14 53/15/15
f 53/15/15 52/14/14 26/16/16
f 3/17/17 58/18/18 2/1/1
f 2/1/1 58/18/18 45/19/19
f 2/1/1 45/19/19 46/2/2
f 46/2/2 45/19/19 289/20/20
f 46/2/2 289/20/20 288/21/21
f 288/21/21 289/20/20 276/22/22
f 288/21/21 276/22/22 275/23/23
f 275/23/23 276/22/22 263/24/24
f 275/23/23 263/24/24 262/25/25
f 262/25/25 263/24/24 250/26/26
f 262/25/25 250/26/26 249/27/27
f 249/27/27 250/26/26 237/28/28
f 249/27/27 237/28/28 236/29/29
f 236/29/29 237/28/28 152/30/30
f 236/29/29 152/30/30 151/31/31
f 151/31/31 152/30/30 150/32/32
f 151/31/31 150/32/32 26/33/16
f 3/17/17 4/34/33 58/18/18
f 58/18/18 4/34/33 59/35/34
f 58/18/18 59/35/34 45/19/19
f 45/19/19 59/35/34 44/36/35
f 45/19/19 44/36/35 290/37/36
f 290/37/36 44/36/35 291/38/37
f 290/37/36 291/38/37 278/39/38
f 278/39/38 291/38/37 279/40/39
f 278/39/38 279/40/39 266/41/40
f 266/41/40 279/40/39 267/42/41
f 266/41/40 267/42/41 254/43/42
f 254/43/42 267/42/41 255/44/43
f 254/43/42 255/44/43 242/45/44
f 242/45/44 255/44/43 243/46/45
f 242/45/44 243/46/45 158/47/46
f 158/47/46 243/46/45 159/48/47
f 158/47/46 159/48/47 143/49/48
f 143/49/48 159/48/47 142/50/49
f 143/49/48 142/50/49 230/51/50
f 230/51/50 142/50/49 231/52/51
f 230/51/50 231/52/51 218/53/52
f 218/53/52 231/52/51 219/54/53
f 218/53/52 219/54/53 206/55/54
f 206/55/54 219/54/53 207/56/55
f 206/55/54 207/56/55 194/57/56
f 194/57/56 207/56/55 195/58/57
f 194/57/56 195/58/57 182/59/58
f 182/59/58 195/58/57 183/60/59
f 182/59/58 183/60/59 170/61/60
f 170/61/60 183/60/59 171/62/61
f 170/61/60 171/62/61 134/63/62
f 134/63/62 171/62/61 135/64/63
f 134/63/62 135/64/63 27/65/64
f 27/65/64 135/64/63 32/66/65
f 27/67/64 32/68/65 118/69/66
f 118/69/66 32/68/65 31/70/67
f 118/69/66 31/70/67 117/71/68
f 117/71/68 31/70/67 30/72/69
f 117/71/68 30/72/69 116/73/70
f 116/73/70 30/72/69 29/74/71
f 116/73/70 29/74/71 115/75/72
f 115/75/72 29/74/71 25/76/73
f 59/35/34 4/34/33 63/77/74
f 63/77/74 4/34/33 5/78/75
f 63/77/74 5/78/75 64/79/76
f 64/79/76 5/78/75 6/80/77
f 64/79/76 6/80/77 67/81/78
f 67/81/78 6/80/77 7/82/79
f 67/81/78 7/82/79 70/83/80
f 70/83/80 7/82/79 8/84/81
f 70/83/80 8/84/81 73/85/82
f 73/85/82 8/84/81 9/86/83
f 73/85/82 9/86/83 77/87/84
f 77/87/84 9/86/83 76/88/85
f 77/87/84 76/88/85 83/89/86
f 83/89/86 76/88/85 10/90/87
f 83/89/86 10/90/87 81/91/88
f 81/91/88 10/90/87 11/92/89
f 81/91/88 11/92/89 12/93/90
f 9/86/83 10/90/87 76/88/85
f 13/94/91 80/95/92 12/93/90
f 12/93/90 80/95/92 82/96/93
f 12/93/90 82/96/93 93/97/94
f 93/97/94 82/96/93 302/98/95
f 93/97/94 302/98/95 303/99/96
f 303/99/96 302/98/95 118/69/66
f 303/99/96 118/69/66 117/71/68
f 14/100/97 92/101/98 13/94/91
f 13/94/91 92/101/98 82/96/93
f 13/94/91 82/96/93 80/95/92
f 92/101/98 14/100/97 91/102/99
f 91/102/99 14/100/97 15/103/100
f 91/102/99 15/103/100 16/104/101
f 17/105/102 98/106/103 16/104/101
f 16/104/101 98/106/103 90/107/104
f 16/104/101 90/107/104 91/102/99
f 91/102/99 90/107/104 299/108/105
f 91/102/99 299/108/105 300/109/106
f 300/109/106 299/108/105 121/110/107
f 300/109/106 121/110/107 120/111/108
f 120/111/108 121/110/107 34/112/109
f 120/111/108 34/112/109 33/113/110
f 33/114/110 34/115/109 134/63/62
f 33/114/110 134/63/62 27/65/64
f 18/116/111 102/117/112 17/105/102
f 17/105/102 102/117/112 99/118/113
f 17/105/102 99/118/113 98/106/103
f 98/106/103 99/118/113 90/107/104
f 102/117/112 18/116/111 105/119/114
f 105/119/114 18/116/111 19/120/115
f 105/119/114 19/120/115 108/121/116
f 108/121/116 19/120/115 20/122/117
f 108/121/116 20/122/117 112/123/118
f 112/123/118 20/122/117 21/124/119
f 112/123/118 21/124/119 111/125/120
f 111/125/120 21/124/119 22/126/121
f 111/125/120 22/126/121 56/9/9
f 56/9/9 22/126/121 57/7/7
f 22/126/121 23/127/122 57/7/7
f 57/7/7 23/127/122 24/5/5
f 28/128/123 37/129/124 130/130/125
f 130/130/125 37/129/124 38/131/126
f 130/130/125 38/131/126 129/132/127
f 129/132/127 38/131/126 39/133/128
f 129/132/127 39/133/128 128/134/129
f 128/134/129 39/133/128 40/135/130
f 128/134/129 40/135/130 127/136/131
f 127/136/131 40/135/130 26/137/16
f 28/138/123 36/139/132 122/140/133
f 122/140/133 36/139/132 35/141/134
f 122/140/133 35/141/134 121/110/107
f 121/110/107 35/141/134 34/112/109
f 127/136/131 26/142/16 163/143/135
f 163/143/135 26/144/16 175/145/136
f 175/145/136 26/146/16 187/147/137
f 187/147/137 26/148/16 199/149/138
f 199/149/138 26/150/16 211/151/139
f 211/151/139 26/152/16 223/153/140
f 223/153/140 26/154/16 150/32/32
f 235/155/141 26/156/16 247/157/142
f 247/157/142 26/158/16 259/159/143
f 259/159/143 26/160/16 271/161/144
f 271/161/144 26/162/16 283/163/145
f 283/163/145 26/164/16 52/14/14
f 53/15/15 26/165/16 114/166/146
f 110/167/147 26/168/16 107/169/148
f 107/169/148 26/170/16 104/171/149
f 104/171/149 26/172/16 101/173/150
f 101/173/150 26/174/16 87/175/151
f 87/175/151 26/176/16 295/177/152
f 295/177/152 26/178/16 126/179/153
f 126/179/153 26/180/16 40/181/130
f 115/75/72 25/182/73 306/183/154
f 306/183/154 25/184/73 97/185/155
f 97/185/155 25/186/73 86/187/156
f 75/188/157 25/189/73 72/190/158
f 72/190/158 25/191/73 69/192/159
f 69/192/159 25/193/73 66/194/160
f 62/195/161 25/196/73 41/197/162
f 41/197/162 25/198/73 294/199/163
f 294/199/163 25/200/73 282/201/164
f 282/201/164 25/202/73 270/203/165
f 270/203/165 25/204/73 258/205/166
f 258/205/166 25/206/73 246/207/167
f 246/207/167 25/208/73 162/209/168
f 139/210/169 25/211/73 234/212/170
f 234/212/170 25/213/73 222/214/171
f 222/214/171 25/215/73 210/216/172
f 210/216/172 25/217/73 198/218/173
f 198/218/173 25/219/73 186/220/174
f 186/220/174 25/221/73 174/222/175
f 174/222/175 25/223/73 138/224/176
f 138/224/176 25/225/73 29/226/71
f 29/226/71 30/227/69 138/224/176
f 138/224/176 30/227/69 137/228/177
f 138/224/176 137/228/177 174/222/175
f 174/222/175 137/228/177 173/229/178
f 174/222/175 173/229/178 186/220/174
f 186/220/174 173/229/178 185/230/179
f 186/220/174 185/230/179 198/218/173
f 198/218/173 185/230/179 197/231/180
f 198/218/173 197/231/180 210/216/172
f 210/216/172 197/231/180 209/232/181
f 210/216/172 209/232/181 222/214/171
f 222/214/171 209/232/181 221/233/182
f 222/214/171 221/233/182 234/212/170
f 234/212/170 221/233/182 233/234/183
f 234/212/170 233/234/183 139/210/169
f 139/210/169 233/234/183 140/235/184
f 139/210/169 140/235/184 162/209/168
f 162/209/168 140/235/184 161/236/185
f 162/209/168 161/236/185 246/207/167
f 246/207/167 161/236/185 245/237/186
f 246/207/167 245/237/186 258/205/166
f 258/205/166 245/237/186 257/238/187
f 258/205/166 257/238/187 270/203/165
f 270/203/165 257/238/187 269/239/188
f 270/203/165 269/239/188 282/201/164
f 282/201/164 269/239/188 281/240/189
f 282/201/164 281/240/189 294/199/163
f 294/199/163 281/240/189 293/241/190
f 294/199/163 293/241/190 41/197/162
f 41/197/162 293/241/190 42/242/191
f 41/197/162 42/242/191 62/195/161
f 62/195/161 42/242/191 61/243/192
f 62/195/161 61/243/192 66/194/160
f 66/194/160 61/243/192 65/244/193
f 66/194/160 65/244/193 69/192/159
f 69/192/159 65/244/193 68/245/194
f 69/192/159 68/245/194 72/190/158
f 72/190/158 68/245/194 71/246/195
f 72/190/158 71/246/195 75/188/157
f 75/188/157 71/246/195 74/247/196
f 75/188/157 74/247/196 78/248/197
f 78/248/197 74/247/196 77/87/84
f 78/248/197 77/87/84 84/249/198
f 84/249/198 77/87/84 83/89/86
f 84/249/198 83/89/86 94/250/199
f 94/250/199 83/89/86 93/97/94
f 94/250/199 93/97/94 303/99/96
f 30/227/69 31/251/67 137/228/177
f 137/228/177 31/251/67 136/252/200
f 137/228/177 136/252/200 173/229/178
f 173/229/178 136/252/200 172/253/201
f 173/229/178 172/253/201 185/230/179
f 185/230/179 172/253/201 184/254/202
f 185/230/179 184/254/202 197/231/180
f 197/231/180 184/254/202 196/255/203
f 197/231/180 196/255/203 209/232/181
f 209/232/181 196/255/203 208/256/204
f 209/232/181 208/256/204 221/233/182
f 221/233/182 208/256/204 220/257/205
f 221/233/182 220/257/205 233/234/183
f 233/234/183 220/257/205 232/258/206
f 233/234/183 232/258/206 140/235/184
f 140/235/184 232/258/206 141/259/207
f 140/235/184 141/259/207 161/236/185
f 161/236/185 141/259/207 160/260/208
f 161/236/185 160/260/208 245/237/186
f 245/237/186 160/260/208 244/261/209
f 245/237/186 244/261/209 257/238/187
f 257/238/187 244/261/209 256/262/210
f 257/238/187 256/262/210 269/239/188
f 269/239/188 256/262/210 268/263/211
f 269/239/188 268/263/211 281/240/189
f 281/240/189 268/263/211 280/264/212
f 281/240/189 280/264/212 293/241/190
f 293/241/190 280/264/212 292/265/213
f 293/241/190 292/265/213 42/242/191
f 42/242/191 292/265/213 43/266/214
f 42/242/191 43/266/214 61/243/192
f 61/243/192 43/266/214 60/267/215
f 61/243/192 60/267/215 65/244/193
f 65/244/193 60/267/215 64/79/76
f 65/244/193 64/79/76 68/245/194
f 68/245/194 64/79/76 67/81/78
f 68/245/194 67/81/78 71/246/195
f 71/246/195 67/81/78 70/83/80
f 71/246/195 70/83/80 74/247/196
f 74/247/196 70/83/80 73/85/82
f 74/247/196 73/85/82 77/87/84
f 31/251/67 32/66/65 136/252/200
f 136/252/200 32/66/65 135/64/63
f 136/252/200 135/64/63 172/253/201
f 172/253/201 135/64/63 171/62/61
f 172/253/201 171/62/61 184/254/202
f 184/254/202 171/62/61 183/60/59
f 184/254/202 183/60/59 196/255/203
f 196/255/203 183/60/59 195/58/57
f 196/255/203 195/58/57 208/256/204
f 208/256/204 195/58/57 207/56/55
f 208/256/204 207/56/55 220/257/205
f 220/257/205 207/56/55 219/54/53
f 220/257/205 219/54/53 232/258/206
f 232/258/206 219/54/53 231/52/51
f 232/258/206 231/52/51 141/259/207
f 141/259/207 231/52/51 142/50/49
f 141/259/207 142/50/49 160/260/208
f 160/260/208 142/50/49 159/48/47
f 160/260/208 159/48/47 244/261/209
f 244/261/209 159/48/47 243/46/45
f 244/261/209 243/46/45 256/262/210
f 256/262/210 243/46/45 255/44/43
f 256/262/210 255/44/43 268/263/211
f 268/263/211 255/44/43 267/42/41
f 268/263/211 267/42/41 280/264/212
f 280/264/212 267/42/41 279/40/39
f 280/264/212 279/40/39 292/265/213
f 292/265/213 279/40/39 291/38/37
f 292/265/213 291/38/37 43/266/214
f 43/266/214 291/38/37 44/36/35
f 43/266/214 44/36/35 60/267/215
f 60/267/215 44/36/35 59/35/34
f 60/267/215 59/35/34 64/79/76
f 64/79/76 59/35/34 63/77/74
f 33/113/110 27/67/64 119/268/216
f 119/268/216 27/67/64 118/69/66
f 119/268/216 118/69/66 302/98/95
f 34/115/109 35/269/134 133/270/217
f 133/270/217 35/269/134 132/271/218
f 133/270/217 132/271/218 169/272/219
f 169/272/219 132/271/218 168/273/220
f 169/272/219 168/273/220 181/274/221
f 181/274/221 168/273/220 180/275/222
f 181/274/221 180/275/222 193/276/223
f 193/276/223 180/275/222 192/277/224
f 193/276/223 192/277/224 205/278/225
f 205/278/225 192/277/224 204/279/226
f 205/278/225 204/279/226 217/280/227
f 217/280/227 204/279/226 216/281/228
f 217/280/227 216/281/228 229/282/229
f 229/282/229 216/281/228 228/283/230
f 229/282/229 228/283/230 144/284/231
f 144/284/231 228/283/230 145/285/232
f 144/284/231 145/285/232 157/286/233
f 157/286/233 145/285/232 156/287/234
f 157/286/233 156/287/234 241/288/235
f 241/288/235 156/287/234 240/289/236
f 241/288/235 240/289/236 253/290/237
f 253/290/237 240/289/236 252/291/238
f 253/290/237 252/291/238 265/292/239
f 265/292/239 252/291/238 264/293/240
f 265/292/239 264/293/240 277/294/241
f 277/294/241 264/293/240 276/22/22
f 277/294/241 276/22/22 289/20/20
f 35/269/134 36/295/132 132/271/218
f 132/271/218 36/295/132 131/296/242
f 132/271/218 131/296/242 168/273/220
f 168/273/220 131/296/242 167/297/243
f 168/273/220 167/297/243 180/275/222
f 180/275/222 167/297/243 179/298/244
f 180/275/222 179/298/244 192/277/224
f 192/277/224 179/298/244 191/299/245
f 192/277/224 191/299/245 204/279/226
f 204/279/226 191/299/245 203/300/246
f 204/279/226 203/300/246 216/281/228
f 216/281/228 203/300/246 215/301/247
f 216/281/228 215/301/247 228/283/230
f 228/283/230 215/301/247 227/302/248
f 228/283/230 227/302/248 145/285/232
f 145/285/232 227/302/248 146/303/249
f 145/285/232 146/303/249 156/287/234
f 156/287/234 146/303/249 155/304/250
f 156/287/234 155/304/250 240/289/236
f 240/289/236 155/304/250 239/305/251
f 240/289/236 239/305/251 252/291/238
f 252/291/238 239/305/251 251/306/252
f 252/291/238 251/306/252 264/293/240
f 264/293/240 251/306/252 263/24/24
f 264/293/240 263/24/24 276/22/22
f 36/295/132 28/128/123 131/296/242
f 131/296/242 28/128/123 130/130/125
f 131/296/242 130/130/125 167/297/243
f 167/297/243 130/130/125 166/307/253
f 167/297/243 166/307/253 179/298/244
f 179/298/244 166/307/253 178/308/254
f 179/298/244 178/308/254 191/299/245
f 191/299/245 178/308/254 190/309/255
f 191/299/245 190/309/255 203/300/246
f 203/300/246 190/309/255 202/310/256
f 203/300/246 202/310/256 215/301/247
f 215/301/247 202/310/256 214/311/257
f 215/301/247 214/311/257 227/302/248
f 227/302/248 214/311/257 226/312/258
f 227/302/248 226/312/258 146/303/249
f 146/303/249 226/312/258 147/313/259
f 146/303/249 147/313/259 155/304/250
f 155/304/250 147/313/259 154/314/260
f 155/304/250 154/314/260 239/305/251
f 239/305/251 154/314/260 238/315/261
f 239/305/251 238/315/261 251/306/252
f 251/306/252 238/315/261 250/26/26
f 251/306/252 250/26/26 263/24/24
f 37/316/124 28/138/123 123/317/262
f 123/317/262 28/138/123 122/140/133
f 123/317/262 122/140/133 298/318/263
f 298/318/263 122/140/133 299/108/105
f 298/318/263 299/108/105 90/107/104
f 38/319/126 37/316/124 124/320/264
f 124/320/264 37/316/124 123/317/262
f 124/320/264 123/317/262 297/321/265
f 297/321/265 123/317/262 298/318/263
f 297/321/265 298/318/263 89/322/266
f 89/322/266 298/318/263 90/107/104
f 89/322/266 90/107/104 99/118/113
f 126/179/153 40/181/130 39/323/128
f 39/323/128 38/319/126 125/324/267
f 125/324/267 38/319/126 124/320/264
f 125/324/267 124/320/264 296/325/268
f 296/325/268 124/320/264 297/321/265
f 296/325/268 297/321/265 88/326/269
f 88/326/269 297/321/265 89/322/266
f 88/326/269 89/322/266 100/327/270
f 100/327/270 89/322/266 99/118/113
f 100/327/270 99/118/113 103/328/271
f 103/328/271 99/118/113 102/117/112
f 103/328/271 102/117/112 106/329/272
f 106/329/272 102/117/112 105/119/114
f 106/329/272 105/119/114 109/330/273
f 109/330/273 105/119/114 108/121/116
f 109/330/273 108/121/116 113/331/274
f 113/331/274 108/121/116 112/123/118
f 113/331/274 112/123/118 54/13/13
f 54/13/13 112/123/118 55/11/11
f 25/332/73 79/333/275 86/187/156
f 86/187/156 79/333/275 85/334/276
f 86/187/156 85/334/276 96/335/277
f 96/335/277 85/334/276 95/336/278
f 96/335/277 95/336/278 305/337/279
f 305/337/279 95/336/278 304/338/280
f 305/337/279 304/338/280 116/73/70
f 116/73/70 304/338/280 117/71/68
f 79/333/275 25/332/73 75/188/157
f 66/194/160 25/339/73 62/195/161
f 162/209/168 25/340/73 139/210/169
f 289/20/20 45/19/19 290/37/36
f 46/2/2 288/21/21 47/4/4
f 47/4/4 288/21/21 287/341/281
f 47/4/4 287/341/281 48/6/6
f 48/6/6 287/341/281 286/342/282
f 48/6/6 286/342/282 49/8/8
f 49/8/8 286/342/282 285/343/283
f 49/8/8 285/343/283 50/10/10
f 50/10/10 285/343/283 284/344/284
f 50/10/10 284/344/284 51/12/12
f 51/12/12 284/344/284 283/163/145
f 51/12/12 283/163/145 52/14/14
f 113/331/274 54/13/13 53/15/15
f 113/331/274 53/15/15 114/166/146
f 111/125/120 56/9/9 55/11/11
f 111/125/120 55/11/11 112/123/118
f 79/333/275 75/188/157 78/248/197
f 85/334/276 79/333/275 78/248/197
f 85/334/276 78/248/197 84/249/198
f 81/91/88 12/93/90 93/97/94
f 93/97/94 83/89/86 81/91/88
f 95/336/278 85/334/276 84/249/198
f 95/336/278 84/249/198 94/250/199
f 97/185/155 86/187/156 96/335/277
f 87/175/151 88/326/269 101/173/150
f 101/173/150 88/326/269 100/327/270
f 101/173/150 100/327/270 104/171/149
f 104/171/149 100/327/270 103/328/271
f 104/171/149 103/328/271 107/169/148
f 107/169/148 103/328/271 106/329/272
f 107/169/148 106/329/272 110/167/147
f 110/167/147 106/329/272 109/330/273
f 110/167/147 109/330/273 114/166/146
f 114/166/146 109/330/273 113/331/274
f 88/326/269 87/175/151 296/325/268
f 296/325/268 87/175/151 295/177/152
f 296/325/268 295/177/152 125/324/267
f 125/324/267 295/177/152 126/179/153
f 125/324/267 126/179/153 39/323/128
f 91/102/99 300/109/106 92/101/98
f 92/101/98 300/109/106 301/345/285
f 92/101/98 301/345/285 82/96/93
f 82/96/93 301/345/285 302/98/95
f 304/338/280 95/336/278 94/250/199
f 304/338/280 94/250/199 303/99/96
f 306/183/154 97/185/155 96/335/277
f 306/183/154 96/335/277 305/337/279
f 26/346/16 110/167/147 114/166/146
f 305/337/279 116/73/70 115/75/72
f 305/337/279 115/75/72 306/183/154
f 303/99/96 117/71/68 304/338/280
f 33/113/110 119/268/216 120/111/108
f 120/111/108 119/268/216 301/345/285
f 120/111/108 301/345/285 300/109/106
f 301/345/285 119/268/216 302/98/95
f 299/108/105 122/140/133 121/110/107
f 128/134/129 127/136/131 164/347/286
f 164/347/286 127/136/131 163/143/135
f 164/347/286 163/143/135 176/348/287
f 176/348/287 163/143/135 175/145/136
f 176/348/287 175/145/136 188/349/288
f 188/349/288 175/145/136 187/147/137
f 188/349/288 187/147/137 200/350/289
f 200/350/289 187/147/137 199/149/138
f 200/350/289 199/149/138 212/351/290
f 212/351/290 199/149/138 211/151/139
f 212/351/290 211/151/139 224/352/291
f 224/352/291 211/151/139 223/153/140
f 224/352/291 223/153/140 149/353/292
f 149/353/292 223/153/140 150/32/32
f 149/353/292 150/32/32 152/30/30
f 166/307/253 130/130/125 129/132/127
f 129/132/127 128/134/129 165/354/293
f 165/354/293 128/134/129 164/347/286
f 165/354/293 164/347/286 177/355/294
f 177/355/294 164/347/286 176/348/287
f 177/355/294 176/348/287 189/356/295
f 189/356/295 176/348/287 188/349/288
f 189/356/295 188/349/288 201/357/296
f 201/357/296 188/349/288 200/350/289
f 201/357/296 200/350/289 213/358/297
f 213/358/297 200/350/289 212/351/290
f 213/358/297 212/351/290 225/359/298
f 225/359/298 212/351/290 224/352/291
f 225/359/298 224/352/291 148/360/299
f 148/360/299 224/352/291 149/353/292
f 148/360/299 149/353/292 153/361/300
f 153/361/300 149/353/292 152/30/30
f 153/361/300 152/30/30 237/28/28
f 170/61/60 134/63/62 133/270/217
f 133/270/217 134/63/62 34/115/109
f 170/61/60 133/270/217 169/272/219
f 143/49/48 144/284/231 158/47/46
f 158/47/46 144/284/231 157/286/233
f 158/47/46 157/286/233 242/45/44
f 242/45/44 157/286/233 241/288/235
f 242/45/44 241/288/235 254/43/42
f 254/43/42 241/288/235 253/290/237
f 254/43/42 253/290/237 266/41/40
f 266/41/40 253/290/237 265/292/239
f 266/41/40 265/292/239 278/39/38
f 278/39/38 265/292/239 277/294/241
f 278/39/38 277/294/241 290/37/36
f 290/37/36 277/294/241 289/20/20
f 144/284/231 143/49/48 229/282/229
f 229/282/229 143/49/48 230/51/50
f 229/282/229 230/51/50 217/280/227
f 217/280/227 230/51/50 218/53/52
f 217/280/227 218/53/52 205/278/225
f 205/278/225 218/53/52 206/55/54
f 205/278/225 206/55/54 193/276/223
f 193/276/223 206/55/54 194/57/56
f 193/276/223 194/57/56 181/274/221
f 181/274/221 194/57/56 182/59/58
f 181/274/221 182/59/58 169/272/219
f 169/272/219 182/59/58 170/61/60
f 147/313/259 148/360/299 154/314/260
f 154/314/260 148/360/299 153/361/300
f 154/314/260 153/361/300 238/315/261
f 238/315/261 153/361/300 237/28/28
f 238/315/261 237/28/28 250/26/26
f 148/360/299 147/313/259 225/359/298
f 225/359/298 147/313/259 226/312/258
f 225/359/298 226/312/258 213/358/297
f 213/358/297 226/312/258 214/311/257
f 213/358/297 214/311/257 201/357/296
f 201/357/296 214/311/257 202/310/256
f 201/357/296 202/310/256 189/356/295
f 189/356/295 202/310/256 190/309/255
f 189/356/295 190/309/255 177/355/294
f 177/355/294 190/309/255 178/308/254
f 177/355/294 178/308/254 165/354/293
f 165/354/293 178/308/254 166/307/253
f 165/354/293 166/307/253 129/132/127
f 236/29/29 151/31/31 235/155/141
f 235/155/141 151/31/31 26/362/16
f 236/29/29 235/155/141 248/363/301
f 248/363/301 235/155/141 247/157/142
f 248/363/301 247/157/142 260/364/302
f 260/364/302 247/157/142 259/159/143
f 260/364/302 259/159/143 272/365/303
f 272/365/303 259/159/143 271/161/144
f 272/365/303 271/161/144 284/344/284
f 284/344/284 271/161/144 283/163/145
f 236/29/29 248/363/301 249/27/27
f 249/27/27 248/363/301 261/366/304
f 249/27/27 261/366/304 262/25/25
f 262/25/25 261/366/304 274/367/305
f 262/25/25 274/367/305 275/23/23
f 275/23/23 274/367/305 287/341/281
f 275/23/23 287/341/281 288/21/21
f 261/366/304 248/363/301 260/364/302
f 261/366/304 260/364/302 273/368/306
f 273/368/306 260/364/302 272/365/303
f 273/368/306 272/365/303 285/343/283
f 285/343/283 272/365/303 284/344/284
f 261/366/304 273/368/306 274/367/305
f 274/367/305 273/368/306 286/342/282
f 274/367/305 286/342/282 287/341/281
f 286/342/282 273/368/306 285/343/283
f 335/369/307 307/370/308 366/371/309
f 366/371/309 307/370/308 308/372/310
f 366/371/309 308/372/310 365/373/311
f 365/373/311 308/372/310 364/374/312
f 365/373/311 364/374/312 372/375/313
f 372/375/313 364/374/312 371/376/314
f 372/375/313 371/376/314 379/377/315
f 379/377/315 371/376/314 380/378/316
f 379/377/315 380/378/316 378/379/317
f 378/379/317 380/378/316 377/380/318
f 378/379/317 377/380/318 390/381/319
f 390/381/319 377/380/318 391/382/320
f 390/381/319 391/382/320 388/383/321
f 388/383/321 391/382/320 387/384/322
f 388/383/321 387/384/322 404/385/323
f 404/385/323 387/384/322 405/386/324
f 404/385/323 405/386/324 401/387/325
f 401/387/325 405/386/324 400/388/326
f 401/387/325 400/388/326 415/389/327
f 415/389/327 400/388/326 414/390/328
f 415/389/327 414/390/328 424/391/329
f 424/391/329 414/390/328 425/392/330
f 424/391/329 425/392/330 422/393/331
f 422/393/331 425/392/330 421/394/332
f 422/393/331 421/394/332 434/395/333
f 434/395/333 421/394/332 435/396/334
f 434/395/333 435/396/334 433/397/335
f 433/397/335 435/396/334 432/398/336
f 433/397/335 432/398/336 447/399/337
f 447/399/337 432/398/336 448/400/338
f 447/399/337 448/400/338 444/401/339
f 444/401/339 448/400/338 443/402/340
f 444/401/339 443/402/340 461/403/341
f 461/403/341 443/402/340 462/404/342
f 461/403/341 462/404/342 458/405/343
f 458/405/343 462/404/342 457/406/344
f 458/405/343 457/406/344 471/407/345
f 471/407/345 457/406/344 470/408/346
f 471/407/345 470/408/346 480/409/347
f 480/409/347 470/408/346 481/410/348
f 480/409/347 481/410/348 477/411/349
f 477/411/349 481/410/348 476/412/350
f 477/411/349 476/412/350 491/413/351
f 491/413/351 476/412/350 490/414/352
f 491/413/351 490/414/352 500/415/353
f 500/415/353 490/414/352 501/416/354
f 500/415/353 501/416/354 498/417/355
f 498/417/355 501/416/354 497/418/356
f 498/417/355 497/418/356 513/419/357
f 513/419/357 497/418/356 514/420/358
f 513/419/357 514/420/358 510/421/359
f 510/421/359 514/420/358 509/422/360
f 510/421/359 509/422/360 523/423/361
f 523/423/361 509/422/360 522/424/362
f 523/423/361 522/424/362 532/425/363
f 532/425/363 522/424/362 533/426/364
f 532/425/363 533/426/364 529/427/365
f 529/427/365 533/426/364 528/428/366
f 529/427/365 528/428/366 543/429/367
f 543/429/367 528/428/366 542/430/368
f 543/429/367 542/430/368 552/431/369
f 552/431/369 542/430/368 553/432/370
f 552/431/369 553/432/370 550/433/371
f 550/433/371 553/432/370 549/434/372
f 550/433/371 549/434/372 565/435/373
f 565/435/373 549/434/372 566/436/374
f 565/435/373 566/436/374 562/437/375
f 562/437/375 566/436/374 561/438/376
f 562/437/375 561/438/376 575/439/377
f 575/439/377 561/438/376 574/440/378
f 575/439/377 574/440/378 584/441/379
f 584/441/379 574/440/378 585/442/380
f 584/441/379 585/442/380 581/443/381
f 581/443/381 585/442/380 580/444/382
f 581/443/381 580/444/382 595/445/383
f 595/445/383 580/444/382 594/446/384
f 595/445/383 594/446/384 604/447/385
f 604/447/385 594/446/384 605/448/386
f 604/447/385 605/448/386 602/449/387
f 602/449/387 605/448/386 601/450/388
f 602/449/387 601/450/388 308/451/310
f 308/451/310 601/450/388 309/452/389
f 309/452/389 601/450/388 600/453/390
f 309/452/389 600/453/390 310/454/391
f 310/454/391 600/453/390 599/455/392
f 310/454/391 599/455/392 598/456/393
f 598/456/393 599/455/392 608/457/394
f 598/456/393 608/457/394 359/458/395
f 359/458/395 608/457/394 590/459/396
f 359/458/395 590/459/396 3/460/397
f 3/460/397 590/459/396 576/461/398
f 3/460/397 576/461/398 4/462/399
f 4/462/399 576/461/398 589/463/400
f 4/462/399 589/463/400 357/464/401
f 357/464/401 589/463/400 588/465/402
f 357/464/401 588/465/402 571/466/403
f 571/466/403 588/465/402 587/467/404
f 571/466/403 587/467/404 572/468/405
f 572/468/405 587/467/404 586/469/406
f 572/468/405 586/469/406 573/470/407
f 573/470/407 586/469/406 585/442/380
f 573/470/407 585/442/380 574/440/378
f 308/372/310 309/471/389 364/374/312
f 364/374/312 309/471/389 363/472/408
f 364/374/312 363/472/408 371/376/314
f 371/376/314 363/472/408 370/473/409
f 371/376/314 370/473/409 380/378/316
f 380/378/316 370/473/409 381/474/410
f 380/378/316 381/474/410 377/380/318
f 377/380/318 381/474/410 376/475/411
f 377/380/318 376/475/411 391/382/320
f 391/382/320 376/475/411 392/476/412
f 391/382/320 392/476/412 387/384/322
f 387/384/322 392/476/412 386/477/413
f 387/384/322 386/477/413 405/386/324
f 405/386/324 386/477/413 406/478/414
f 405/386/324 406/478/414 400/388/326
f 400/388/326 406/478/414 399/479/415
f 400/388/326 399/479/415 414/390/328
f 414/390/328 399/479/415 413/480/416
f 414/390/328 413/480/416 425/392/330
f 425/392/330 413/480/416 426/481/417
f 425/392/330 426/481/417 421/394/332
f 421/394/332 426/481/417 420/482/418
f 421/394/332 420/482/418 435/396/334
f 435/396/334 420/482/418 436/483/419
f 435/396/334 436/483/419 432/398/336
f 432/398/336 436/483/419 431/484/420
f 432/398/336 431/484/420 448/400/338
f 448/400/338 431/484/420 449/485/421
f 448/400/338 449/485/421 443/402/340
f 443/402/340 449/485/421 442/486/422
f 443/402/340 442/486/422 462/404/342
f 462/404/342 442/486/422 463/487/423
f 462/404/342 463/487/423 457/406/344
f 457/406/344 463/487/423 456/488/424
f 457/406/344 456/488/424 470/408/346
f 470/408/346 456/488/424 469/489/425
f 470/408/346 469/489/425 481/410/348
f 481/410/348 469/489/425 482/490/426
f 481/410/348 482/490/426 476/412/350
f 476/412/350 482/490/426 475/491/427
f 476/412/350 475/491/427 490/414/352
f 490/414/352 475/491/427 489/492/428
f 490/414/352 489/492/428 501/416/354
f 501/416/354 489/492/428 502/493/429
f 501/416/354 502/493/429 497/418/356
f 497/418/356 502/493/429 496/494/430
f 497/418/356 496/494/430 514/420/358
f 514/420/358 496/494/430 515/495/431
f 514/420/358 515/495/431 509/422/360
f 509/422/360 515/495/431 508/496/432
f 509/422/360 508/496/432 522/424/362
f 522/424/362 508/496/432 521/497/433
f 522/424/362 521/497/433 533/426/364
f 533/426/364 521/497/433 534/498/434
f 533/426/364 534/498/434 528/428/366
f 528/428/366 534/498/434 527/499/435
f 528/428/366 527/499/435 542/430/368
f 542/430/368 527/499/435 541/500/436
f 542/430/368 541/500/436 553/432/370
f 553/432/370 541/500/436 554/501/437
f 553/432/370 554/501/437 549/434/372
f 549/434/372 554/501/437 548/502/438
f 549/434/372 548/502/438 566/436/374
f 566/436/374 548/502/438 567/503/439
f 566/436/374 567/503/439 561/438/376
f 561/438/376 567/503/439 560/504/440
f 561/438/376 560/504/440 574/440/378
f 574/440/378 560/504/440 573/470/407
f 309/471/389 310/505/391 363/472/408
f 363/472/408 310/505/391 362/506/441
f 363/472/408 362/506/441 370/473/409
f 370/473/409 362/506/441 369/507/442
f 370/473/409 369/507/442 381/474/410
f 381/474/410 369/507/442 382/508/443
f 381/474/410 382/508/443 376/475/411
f 376/475/411 382/508/443 375/509/444
f 376/475/411 375/509/444 392/476/412
f 392/476/412 375/509/444 393/510/445
f 392/476/412 393/510/445 386/477/413
f 386/477/413 393/510/445 385/511/446
f 386/477/413 385/511/446 406/478/414
f 406/478/414 385/511/446 407/512/447
f 406/478/414 407/512/447 399/479/415
f 399/479/415 407/512/447 398/513/448
f 399/479/415 398/513/448 413/480/416
f 413/480/416 398/513/448 412/514/449
f 413/480/416 412/514/449 426/481/417
f 426/481/417 412/514/449 427/515/450
f 426/481/417 427/515/450 420/482/418
f 420/482/418 427/515/450 419/516/451
f 420/482/418 419/516/451 436/483/419
f 436/483/419 419/516/451 437/517/452
f 436/483/419 437/517/452 431/484/420
f 431/484/420 437/517/452 430/518/453
f 431/484/420 430/518/453 449/485/421
f 449/485/421 430/518/453 450/519/454
f 449/485/421 450/519/454 442/486/422
f 442/486/422 450/519/454 441/520/455
f 442/486/422 441/520/455 463/487/423
f 463/487/423 441/520/455 464/521/456
f 463/487/423 464/521/456 456/488/424
f 456/488/424 464/521/456 455/522/457
f 456/488/424 455/522/457 469/489/425
f 469/489/425 455/522/457 468/523/458
f 469/489/425 468/523/458 482/490/426
f 482/490/426 468/523/458 483/524/459
f 482/490/426 483/524/459 475/491/427
f 475/491/427 483/524/459 474/525/460
f 475/491/427 474/525/460 489/492/428
f 489/492/428 474/525/460 488/526/461
f 489/492/428 488/526/461 502/493/429
f 502/493/429 488/526/461 503/527/462
f 502/493/429 503/527/462 496/494/430
f 496/494/430 503/527/462 495/528/463
f 496/494/430 495/528/463 515/495/431
f 515/495/431 495/528/463 516/529/464
f 515/495/431 516/529/464 508/496/432
f 508/496/432 516/529/464 507/530/465
f 508/496/432 507/530/465 521/497/433
f 521/497/433 507/530/465 520/531/466
f 521/497/433 520/531/466 534/498/434
f 534/498/434 520/531/466 535/532/467
f 534/498/434 535/532/467 527/499/435
f 527/499/435 535/532/467 526/533/468
f 527/499/435 526/533/468 541/500/436
f 541/500/436 526/533/468 540/534/469
f 541/500/436 540/534/469 554/501/437
f 554/501/437 540/534/469 555/535/470
f 554/501/437 555/535/470 548/502/438
f 548/502/438 555/535/470 547/536/471
f 548/502/438 547/536/471 567/503/439
f 567/503/439 547/536/471 568/537/472
f 567/503/439 568/537/472 560/504/440
f 560/504/440 568/537/472 559/538/473
f 560/504/440 559/538/473 573/470/407
f 573/470/407 559/538/473 572/468/405
f 362/506/441 310/505/391 361/539/474
f 361/539/474 310/505/391 311/540/475
f 361/539/474 311/540/475 312/541/476
f 361/539/474 312/541/476 360/542/477
f 360/542/477 312/541/476 1/543/478
f 360/542/477 1/543/478 24/544/479
f 23/545/480 337/546/481 24/544/479
f 24/544/479 337/546/481 367/547/482
f 24/544/479 367/547/482 360/542/477
f 360/542/477 367/547/482 368/548/483
f 360/542/477 368/548/483 361/539/474
f 361/539/474 368/548/483 369/507/442
f 361/539/474 369/507/442 362/506/441
f 337/546/481 23/545/480 339/549/484
f 339/549/484 23/545/480 22/550/485
f 339/549/484 22/550/485 395/551/486
f 395/551/486 22/550/485 341/552/487
f 395/551/486 341/552/487 384/553/488
f 384/553/488 341/552/487 408/554/489
f 384/553/488 408/554/489 407/512/447
f 407/512/447 408/554/489 398/513/448
f 22/550/485 21/555/490 341/552/487
f 341/552/487 21/555/490 409/556/491
f 341/552/487 409/556/491 408/554/489
f 408/554/489 409/556/491 397/557/492
f 408/554/489 397/557/492 398/513/448
f 398/513/448 397/557/492 412/514/449
f 409/556/491 21/555/490 396/558/493
f 396/558/493 21/555/490 20/559/494
f 396/558/493 20/559/494 410/560/495
f 410/560/495 20/559/494 343/561/496
f 410/560/495 343/561/496 428/562/497
f 428/562/497 343/561/496 418/563/498
f 428/562/497 418/563/498 419/516/451
f 419/516/451 418/563/498 437/517/452
f 20/559/494 19/564/499 343/561/496
f 343/561/496 19/564/499 417/565/500
f 343/561/496 417/565/500 418/563/498
f 418/563/498 417/565/500 438/566/501
f 418/563/498 438/566/501 437/517/452
f 437/517/452 438/566/501 430/518/453
f 417/565/500 19/564/499 345/567/502
f 345/567/502 19/564/499 18/568/503
f 345/567/502 18/568/503 347/569/504
f 347/569/504 18/568/503 17/570/505
f 347/569/504 17/570/505 452/571/506
f 452/571/506 17/570/505 439/572/507
f 452/571/506 439/572/507 440/573/508
f 440/573/508 439/572/507 465/574/509
f 440/573/508 465/574/509 464/521/456
f 464/521/456 465/574/509 455/522/457
f 17/570/505 16/575/510 439/572/507
f 439/572/507 16/575/510 466/576/511
f 439/572/507 466/576/511 465/574/509
f 465/574/509 466/576/511 454/577/512
f 465/574/509 454/577/512 455/522/457
f 455/522/457 454/577/512 468/523/458
f 466/576/511 16/575/510 453/578/513
f 453/578/513 16/575/510 15/579/514
f 453/578/513 15/579/514 349/580/515
f 349/580/515 15/579/514 14/581/516
f 349/580/515 14/581/516 485/582/517
f 485/582/517 14/581/516 472/583/518
f 485/582/517 472/583/518 473/584/519
f 473/584/519 472/583/518 487/585/520
f 473/584/519 487/585/520 488/526/461
f 488/526/461 487/585/520 503/527/462
f 14/581/516 13/586/521 472/583/518
f 472/583/518 13/586/521 486/587/522
f 472/583/518 486/587/522 487/585/520
f 487/585/520 486/587/522 504/588/523
f 487/585/520 504/588/523 503/527/462
f 503/527/462 504/588/523 495/528/463
f 486/587/522 13/586/521 351/589/524
f 351/589/524 13/586/521 12/590/525
f 351/589/524 12/590/525 493/591/526
f 493/591/526 12/590/525 11/592/527
f 493/591/526 11/592/527 518/593/528
f 518/593/528 11/592/527 505/594/529
f 518/593/528 505/594/529 506/595/530
f 506/595/530 505/594/529 519/596/531
f 506/595/530 519/596/531 520/531/466
f 520/531/466 519/596/531 535/532/467
f 11/592/527 10/597/532 505/594/529
f 505/594/529 10/597/532 353/598/533
f 505/594/529 353/598/533 519/596/531
f 519/596/531 353/598/533 536/599/534
f 519/596/531 536/599/534 535/532/467
f 535/532/467 536/599/534 526/533/468
f 10/597/532 9/600/535 353/598/533
f 353/598/533 9/600/535 537/601/536
f 353/598/533 537/601/536 536/599/534
f 536/599/534 537/601/536 525/602/537
f 536/599/534 525/602/537 526/533/468
f 526/533/468 525/602/537 540/534/469
f 537/601/536 9/600/535 524/603/538
f 524/603/538 9/600/535 8/604/539
f 524/603/538 8/604/539 538/605/540
f 538/605/540 8/604/539 355/606/541
f 538/605/540 355/606/541 556/607/542
f 556/607/542 355/606/541 546/608/543
f 556/607/542 546/608/543 547/536/471
f 547/536/471 546/608/543 568/537/472
f 8/604/539 7/609/544 355/606/541
f 355/606/541 7/609/544 545/610/545
f 355/606/541 545/610/545 546/608/543
f 546/608/543 545/610/545 569/611/546
f 546/608/543 569/611/546 568/537/472
f 568/537/472 569/611/546 559/538/473
f 7/609/544 6/612/547 545/610/545
f 545/610/545 6/612/547 570/613/548
f 545/610/545 570/613/548 569/611/546
f 569/611/546 570/613/548 558/614/549
f 569/611/546 558/614/549 559/538/473
f 559/538/473 558/614/549 572/468/405
f 570/613/548 6/612/547 557/615/550
f 557/615/550 6/612/547 5/616/551
f 557/615/550 5/616/551 357/464/401
f 357/464/401 5/616/551 4/462/399
f 3/460/397 2/617/552 359/458/395
f 359/458/395 2/617/552 597/618/553
f 359/458/395 597/618/553 598/456/393
f 598/456/393 597/618/553 312/619/476
f 598/456/393 312/619/476 311/620/475
f 2/617/552 1/621/478 597/618/553
f 597/618/553 1/621/478 312/619/476
f 311/620/475 310/454/391 598/456/393
f 602/449/387 308/451/310 603/622/554
f 603/622/554 308/451/310 307/623/308
f 603/622/554 307/623/308 313/624/555
f 603/622/554 313/624/555 358/625/556
f 358/625/556 313/624/555 314/626/557
f 358/625/556 314/626/557 596/627/558
f 596/627/558 314/626/557 582/628/559
f 596/627/558 582/628/559 581/443/381
f 581/443/381 582/628/559 584/441/379
f 314/626/557 315/629/560 582/628/559
f 582/628/559 315/629/560 583/630/561
f 582/628/559 583/630/561 584/441/379
f 584/441/379 583/630/561 575/439/377
f 583/630/561 315/629/560 356/631/562
f 356/631/562 315/629/560 316/632/563
f 356/631/562 316/632/563 563/633/564
f 563/633/564 316/632/563 317/634/565
f 563/633/564 317/634/565 564/635/566
f 564/635/566 317/634/565 551/636/567
f 564/635/566 551/636/567 550/433/371
f 550/433/371 551/636/567 552/431/369
f 317/634/565 318/637/568 551/636/567
f 551/636/567 318/637/568 354/638/569
f 551/636/567 354/638/569 552/431/369
f 552/431/369 354/638/569 543/429/367
f 318/637/568 319/639/570 354/638/569
f 354/638/569 319/639/570 544/640/571
f 354/638/569 544/640/571 543/429/367
f 543/429/367 544/640/571 529/427/365
f 544/640/571 319/639/570 530/641/572
f 530/641/572 319/639/570 320/642/573
f 530/641/572 320/642/573 531/643/574
f 531/643/574 320/642/573 352/644/575
f 531/643/574 352/644/575 523/423/361
f 523/423/361 352/644/575 510/421/359
f 320/642/573 321/645/576 352/644/575
f 352/644/575 321/645/576 511/646/577
f 352/644/575 511/646/577 510/421/359
f 510/421/359 511/646/577 513/419/357
f 321/645/576 322/647/578 511/646/577
f 511/646/577 322/647/578 512/648/579
f 511/646/577 512/648/579 513/419/357
f 513/419/357 512/648/579 498/417/355
f 512/648/579 322/647/578 499/649/580
f 499/649/580 322/647/578 323/650/581
f 499/649/580 323/650/581 350/651/582
f 350/651/582 323/650/581 324/652/583
f 350/651/582 324/652/583 492/653/584
f 492/653/584 324/652/583 478/654/585
f 492/653/584 478/654/585 477/411/349
f 477/411/349 478/654/585 480/409/347
f 324/652/583 325/655/586 478/654/585
f 478/654/585 325/655/586 479/656/587
f 478/654/585 479/656/587 480/409/347
f 480/409/347 479/656/587 471/407/345
f 479/656/587 325/655/586 348/657/588
f 348/657/588 325/655/586 326/658/589
f 348/657/588 326/658/589 459/659/590
f 459/659/590 326/658/589 327/660/591
f 459/659/590 327/660/591 460/661/592
f 460/661/592 327/660/591 445/662/593
f 460/661/592 445/662/593 444/401/339
f 444/401/339 445/662/593 447/399/337
f 327/660/591 328/663/594 445/662/593
f 445/662/593 328/663/594 446/664/595
f 445/662/593 446/664/595 447/399/337
f 447/399/337 446/664/595 433/397/335
f 446/664/595 328/663/594 346/665/596
f 346/665/596 328/663/594 329/666/597
f 346/665/596 329/666/597 344/667/598
f 344/667/598 329/666/597 330/668/599
f 344/667/598 330/668/599 423/669/600
f 423/669/600 330/668/599 342/670/601
f 423/669/600 342/670/601 424/391/329
f 424/391/329 342/670/601 415/389/327
f 330/668/599 331/671/602 342/670/601
f 342/670/601 331/671/602 416/672/603
f 342/670/601 416/672/603 415/389/327
f 415/389/327 416/672/603 401/387/325
f 416/672/603 331/671/602 402/673/604
f 402/673/604 331/671/602 332/674/605
f 402/673/604 332/674/605 403/675/606
f 403/675/606 332/674/605 340/676/607
f 403/675/606 340/676/607 388/383/321
f 388/383/321 340/676/607 390/381/319
f 332/674/605 333/677/608 340/676/607
f 340/676/607 333/677/608 389/678/609
f 340/676/607 389/678/609 390/381/319
f 390/381/319 389/678/609 378/379/317
f 389/678/609 333/677/608 338/679/610
f 338/679/610 333/677/608 334/680/611
f 338/679/610 334/680/611 336/681/612
f 336/681/612 334/680/611 335/369/307
f 336/681/612 335/369/307 373/682/613
f 373/682/613 335/369/307 366/371/309
f 373/682/613 366/371/309 365/373/311
f 373/682/613 365/373/311 372/375/313
f 382/508/443 369/507/442 368/548/483
f 368/548/483 367/547/482 383/683/614
f 383/683/614 367/547/482 337/546/481
f 383/683/614 337/546/481 374/684/615
f 374/684/615 337/546/481 339/549/484
f 374/684/615 339/549/484 394/685/616
f 394/685/616 339/549/484 395/551/486
f 394/685/616 395/551/486 384/553/488
f 336/681/612 373/682/613 372/375/313
f 336/681/612 372/375/313 379/377/315
f 374/684/615 375/509/444 383/683/614
f 383/683/614 375/509/444 382/508/443
f 383/683/614 382/508/443 368/548/483
f 375/509/444 374/684/615 393/510/445
f 393/510/445 374/684/615 394/685/616
f 393/510/445 394/685/616 385/511/446
f 385/511/446 394/685/616 384/553/488
f 385/511/446 384/553/488 407/512/447
f 336/681/612 379/377/315 338/679/610
f 338/679/610 379/377/315 378/379/317
f 338/679/610 378/379/317 389/678/609
f 403/675/606 388/383/321 404/385/323
f 409/556/491 396/558/493 397/557/492
f 397/557/492 396/558/493 411/686/617
f 397/557/492 411/686/617 412/514/449
f 412/514/449 411/686/617 427/515/450
f 403/675/606 404/385/323 402/673/604
f 402/673/604 404/385/323 401/387/325
f 402/673/604 401/387/325 416/672/603
f 396/558/493 410/560/495 411/686/617
f 411/686/617 410/560/495 428/562/497
f 411/686/617 428/562/497 427/515/450
f 427/515/450 428/562/497 419/516/451
f 344/667/598 423/669/600 422/393/331
f 422/393/331 423/669/600 424/391/329
f 344/667/598 422/393/331 434/395/333
f 347/569/504 429/687/618 345/567/502
f 345/567/502 429/687/618 438/566/501
f 345/567/502 438/566/501 417/565/500
f 450/519/454 430/518/453 429/687/618
f 429/687/618 430/518/453 438/566/501
f 429/687/618 347/569/504 451/688/619
f 451/688/619 347/569/504 452/571/506
f 451/688/619 452/571/506 440/573/508
f 344/667/598 434/395/333 346/665/596
f 346/665/596 434/395/333 433/397/335
f 346/665/596 433/397/335 446/664/595
f 440/573/508 441/520/455 451/688/619
f 451/688/619 441/520/455 450/519/454
f 451/688/619 450/519/454 429/687/618
f 441/520/455 440/573/508 464/521/456
f 460/661/592 444/401/339 461/403/341
f 466/576/511 453/578/513 454/577/512
f 454/577/512 453/578/513 467/689/620
f 454/577/512 467/689/620 468/523/458
f 468/523/458 467/689/620 483/524/459
f 460/661/592 461/403/341 459/659/590
f 459/659/590 461/403/341 458/405/343
f 459/659/590 458/405/343 348/657/588
f 348/657/588 458/405/343 471/407/345
f 348/657/588 471/407/345 479/656/587
f 453/578/513 349/580/515 467/689/620
f 467/689/620 349/580/515 484/690/621
f 467/689/620 484/690/621 483/524/459
f 483/524/459 484/690/621 474/525/460
f 485/582/517 473/584/519 484/690/621
f 484/690/621 473/584/519 474/525/460
f 474/525/460 473/584/519 488/526/461
f 492/653/584 477/411/349 491/413/351
f 349/580/515 485/582/517 484/690/621
f 350/651/582 492/653/584 491/413/351
f 350/651/582 491/413/351 500/415/353
f 493/591/526 494/691/622 351/589/524
f 351/589/524 494/691/622 504/588/523
f 351/589/524 504/588/523 486/587/522
f 516/529/464 495/528/463 494/691/622
f 494/691/622 495/528/463 504/588/523
f 494/691/622 493/591/526 517/692/623
f 517/692/623 493/591/526 518/593/528
f 517/692/623 518/593/528 506/595/530
f 350/651/582 500/415/353 499/649/580
f 499/649/580 500/415/353 498/417/355
f 499/649/580 498/417/355 512/648/579
f 506/595/530 507/530/465 517/692/623
f 517/692/623 507/530/465 516/529/464
f 517/692/623 516/529/464 494/691/622
f 507/530/465 506/595/530 520/531/466
f 531/643/574 523/423/361 532/425/363
f 537/601/536 524/603/538 525/602/537
f 525/602/537 524/603/538 539/693/624
f 525/602/537 539/693/624 540/534/469
f 540/534/469 539/693/624 555/535/470
f 531/643/574 532/425/363 530/641/572
f 530/641/572 532/425/363 529/427/365
f 530/641/572 529/427/365 544/640/571
f 524/603/538 538/605/540 539/693/624
f 539/693/624 538/605/540 556/607/542
f 539/693/624 556/607/542 555/535/470
f 555/535/470 556/607/542 547/536/471
f 564/635/566 550/433/371 565/435/373
f 570/613/548 557/615/550 558/614/549
f 558/614/549 557/615/550 571/466/403
f 558/614/549 571/466/403 572/468/405
f 357/464/401 571/466/403 557/615/550
f 564/635/566 565/435/373 563/633/564
f 563/633/564 565/435/373 562/437/375
f 563/633/564 562/437/375 356/631/562
f 356/631/562 562/437/375 575/439/377
f 356/631/562 575/439/377 583/630/561
f 588/465/402 589/463/400 577/694/625
f 577/694/625 589/463/400 576/461/398
f 577/694/625 576/461/398 591/695/626
f 591/695/626 576/461/398 590/459/396
f 591/695/626 590/459/396 608/457/394
f 587/467/404 588/465/402 578/696/627
f 578/696/627 588/465/402 577/694/625
f 578/696/627 577/694/625 592/697/628
f 592/697/628 577/694/625 591/695/626
f 592/697/628 591/695/626 607/698/629
f 607/698/629 591/695/626 608/457/394
f 607/698/629 608/457/394 599/455/392
f 586/469/406 587/467/404 579/699/630
f 579/699/630 587/467/404 578/696/627
f 579/699/630 578/696/627 593/700/631
f 593/700/631 578/696/627 592/697/628
f 593/700/631 592/697/628 606/701/632
f 606/701/632 592/697/628 607/698/629
f 606/701/632 607/698/629 600/453/390
f 600/453/390 607/698/629 599/455/392
f 585/442/380 586/469/406 580/444/382
f 580/444/382 586/469/406 579/699/630
f 580/444/382 579/699/630 594/446/384
f 594/446/384 579/699/630 593/700/631
f 594/446/384 593/700/631 605/448/386
f 605/448/386 593/700/631 606/701/632
f 605/448/386 606/701/632 601/450/388
f 601/450/388 606/701/632 600/453/390
f 596/627/558 581/443/381 595/445/383
f 358/625/556 596/627/558 595/445/383
f 358/625/556 595/445/383 604/447/385
f 358/625/556 604/447/385 603/622/554
f 603/622/554 604/447/385 602/449/387
f 635/702/633 609/703/634 664/704/635
f 664/704/635 609/703/634 610/705/636
f 664/704/635 610/705/636 663/706/637
f 663/706/637 610/705/636 611/707/638
f 663/706/637 611/707/638 662/708/639
f 662/708/639 611/707/638 661/709/640
f 662/708/639 661/709/640 667/710/641
f 667/710/641 661/709/640 666/711/642
f 667/710/641 666/711/642 674/712/643
f 674/712/643 666/711/642 675/713/644
f 674/712/643 675/713/644 671/714/645
f 671/714/645 675/713/644 670/715/646
f 671/714/645 670/715/646 681/716/647
f 681/716/647 670/715/646 682/717/648
f 681/716/647 682/717/648 677/718/649
f 677/718/649 682/717/648 676/719/650
f 677/718/649 676/719/650 691/720/651
f 691/720/651 676/719/650 692/721/652
f 691/720/651 692/721/652 686/722/653
f 686/722/653 692/721/652 685/723/654
f 686/722/653 685/723/654 696/724/655
f 696/724/655 685/723/654 695/725/656
f 696/724/655 695/725/656 705/726/657
f 705/726/657 695/725/656 706/727/658
f 705/726/657 706/727/658 701/728/659
f 701/728/659 706/727/658 700/729/660
f 701/728/659 700/729/660 711/730/661
f 711/730/661 700/729/660 712/731/662
f 711/730/661 712/731/662 708/732/663
f 708/732/663 712/731/662 707/733/664
f 708/732/663 707/733/664 720/734/665
f 720/734/665 707/733/664 721/735/666
f 720/734/665 721/735/666 715/736/667
f 715/736/667 721/735/666 714/737/668
f 715/736/667 714/737/668 730/738/669
f 730/738/669 714/737/668 731/739/670
f 730/738/669 731/739/670 725/740/671
f 725/740/671 731/739/670 724/741/672
f 725/740/671 724/741/672 734/742/673
f 734/742/673 724/741/672 733/743/674
f 734/742/673 733/743/674 743/744/675
f 743/744/675 733/743/674 744/745/676
f 743/744/675 744/745/676 738/746/677
f 738/746/677 744/745/676 737/747/678
f 738/746/677 737/747/678 748/748/679
f 748/748/679 737/747/678 747/749/680
f 748/748/679 747/749/680 757/750/681
f 757/750/681 747/749/680 758/751/682
f 757/750/681 758/751/682 753/752/683
f 753/752/683 758/751/682 752/753/684
f 753/752/683 752/753/684 766/754/685
f 766/754/685 752/753/684 767/755/686
f 766/754/685 767/755/686 761/756/687
f 761/756/687 767/755/686 760/757/688
f 761/756/687 760/757/688 770/758/689
f 770/758/689 760/757/688 769/759/690
f 770/758/689 769/759/690 779/760/691
f 779/760/691 769/759/690 780/761/692
f 779/760/691 780/761/692 774/762/693
f 774/762/693 780/761/692 773/763/694
f 774/762/693 773/763/694 784/764/695
f 784/764/695 773/763/694 783/765/696
f 784/764/695 783/765/696 793/766/697
f 793/766/697 783/765/696 794/767/698
f 793/766/697 794/767/698 789/768/699
f 789/768/699 794/767/698 788/769/700
f 789/768/699 788/769/700 802/770/701
f 802/770/701 788/769/700 803/771/702
f 802/770/701 803/771/702 797/772/703
f 797/772/703 803/771/702 796/773/704
f 797/772/703 796/773/704 806/774/705
f 806/774/705 796/773/704 805/775/706
f 806/774/705 805/775/706 815/776/707
f 815/776/707 805/775/706 816/777/708
f 815/776/707 816/777/708 810/778/709
f 810/778/709 816/777/708 809/779/710
f 810/778/709 809/779/710 820/780/711
f 820/780/711 809/779/710 819/781/712
f 820/780/711 819/781/712 829/782/713
f 829/782/713 819/781/712 830/783/714
f 829/782/713 830/783/714 825/784/715
f 825/784/715 830/783/714 824/785/716
f 825/784/715 824/785/716 611/786/638
f 611/786/638 824/785/716 612/787/717
f 612/787/717 824/785/716 823/788/718
f 612/787/717 823/788/718 307/789/719
f 307/789/719 823/788/718 313/790/720
f 313/790/720 823/788/718 659/791/721
f 313/790/720 659/791/721 314/792/722
f 314/792/722 659/791/721 818/793/723
f 314/792/722 818/793/723 808/794/724
f 808/794/724 818/793/723 819/781/712
f 808/794/724 819/781/712 809/779/710
f 611/707/638 612/795/717 661/709/640
f 661/709/640 612/795/717 660/796/725
f 661/709/640 660/796/725 666/711/642
f 666/711/642 660/796/725 665/797/726
f 666/711/642 665/797/726 675/713/644
f 675/713/644 665/797/726 637/798/727
f 675/713/644 637/798/727 670/715/646
f 670/715/646 637/798/727 639/799/728
f 670/715/646 639/799/728 682/717/648
f 682/717/648 639/799/728 683/800/729
f 682/717/648 683/800/729 676/719/650
f 676/719/650 683/800/729 641/801/730
f 676/719/650 641/801/730 692/721/652
f 692/721/652 641/801/730 693/802/731
f 692/721/652 693/802/731 685/723/654
f 685/723/654 693/802/731 684/803/732
f 685/723/654 684/803/732 695/725/656
f 695/725/656 684/803/732 694/804/733
f 695/725/656 694/804/733 706/727/658
f 706/727/658 694/804/733 643/805/734
f 706/727/658 643/805/734 700/729/660
f 700/729/660 643/805/734 699/806/735
f 700/729/660 699/806/735 712/731/662
f 712/731/662 699/806/735 645/807/736
f 712/731/662 645/807/736 707/733/664
f 707/733/664 645/807/736 647/808/737
f 707/733/664 647/808/737 721/735/666
f 721/735/666 647/808/737 722/809/738
f 721/735/666 722/809/738 714/737/668
f 714/737/668 722/809/738 713/810/739
f 714/737/668 713/810/739 731/739/670
f 731/739/670 713/810/739 732/811/740
f 731/739/670 732/811/740 724/741/672
f 724/741/672 732/811/740 723/812/741
f 724/741/672 723/812/741 733/743/674
f 733/743/674 723/812/741 649/813/742
f 733/743/674 649/813/742 744/745/676
f 744/745/676 649/813/742 745/814/743
f 744/745/676 745/814/743 737/747/678
f 737/747/678 745/814/743 736/815/744
f 737/747/678 736/815/744 747/749/680
f 747/749/680 736/815/744 746/816/745
f 747/749/680 746/816/745 758/751/682
f 758/751/682 746/816/745 651/817/746
f 758/751/682 651/817/746 752/753/684
f 752/753/684 651/817/746 751/818/747
f 752/753/684 751/818/747 767/755/686
f 767/755/686 751/818/747 768/819/748
f 767/755/686 768/819/748 760/757/688
f 760/757/688 768/819/748 759/820/749
f 760/757/688 759/820/749 769/759/690
f 769/759/690 759/820/749 653/821/750
f 769/759/690 653/821/750 780/761/692
f 780/761/692 653/821/750 781/822/751
f 780/761/692 781/822/751 773/763/694
f 773/763/694 781/822/751 772/823/752
f 773/763/694 772/823/752 783/765/696
f 783/765/696 772/823/752 782/824/753
f 783/765/696 782/824/753 794/767/698
f 794/767/698 782/824/753 655/825/754
f 794/767/698 655/825/754 788/769/700
f 788/769/700 655/825/754 787/826/755
f 788/769/700 787/826/755 803/771/702
f 803/771/702 787/826/755 804/827/756
f 803/771/702 804/827/756 796/773/704
f 796/773/704 804/827/756 795/828/757
f 796/773/704 795/828/757 805/775/706
f 805/775/706 795/828/757 657/829/758
f 805/775/706 657/829/758 816/777/708
f 816/777/708 657/829/758 817/830/759
f 816/777/708 817/830/759 809/779/710
f 809/779/710 817/830/759 808/794/724
f 612/795/717 307/831/719 660/796/725
f 660/796/725 307/831/719 335/832/760
f 660/796/725 335/832/760 665/797/726
f 665/797/726 335/832/760 637/798/727
f 335/832/760 334/833/761 637/798/727
f 637/798/727 334/833/761 639/799/728
f 334/833/761 333/834/762 639/799/728
f 639/799/728 333/834/762 683/800/729
f 683/800/729 333/834/762 641/801/730
f 641/801/730 333/834/762 332/835/763
f 641/801/730 332/835/763 693/802/731
f 693/802/731 332/835/763 684/803/732
f 332/835/763 331/836/764 684/803/732
f 684/803/732 331/836/764 694/804/733
f 694/804/733 331/836/764 643/805/734
f 643/805/734 331/836/764 330/837/765
f 643/805/734 330/837/765 699/806/735
f 699/806/735 330/837/765 645/807/736
f 330/837/765 329/838/766 645/807/736
f 645/807/736 329/838/766 647/808/737
f 329/838/766 328/839/767 647/808/737
f 647/808/737 328/839/767 722/809/738
f 722/809/738 328/839/767 713/810/739
f 713/810/739 328/839/767 327/840/768
f 713/810/739 327/840/768 732/811/740
f 732/811/740 327/840/768 723/812/741
f 327/840/768 326/841/769 723/812/741
f 723/812/741 326/841/769 649/813/742
f 326/841/769 325/842/770 649/813/742
f 649/813/742 325/842/770 745/814/743
f 745/814/743 325/842/770 736/815/744
f 736/815/744 325/842/770 324/843/771
f 736/815/744 324/843/771 746/816/745
f 746/816/745 324/843/771 651/817/746
f 324/843/771 323/844/772 651/817/746
f 651/817/746 323/844/772 751/818/747
f 323/844/772 322/845/773 751/818/747
f 751/818/747 322/845/773 768/819/748
f 768/819/748 322/845/773 759/820/749
f 759/820/749 322/845/773 321/846/774
f 759/820/749 321/846/774 653/821/750
f 653/821/750 321/846/774 320/847/775
f 653/821/750 320/847/775 781/822/751
f 781/822/751 320/847/775 772/823/752
f 320/847/775 319/848/776 772/823/752
f 772/823/752 319/848/776 782/824/753
f 782/824/753 319/848/776 655/825/754
f 655/825/754 319/848/776 318/849/777
f 655/825/754 318/849/777 787/826/755
f 787/826/755 318/849/777 317/850/778
f 787/826/755 317/850/778 804/827/756
f 804/827/756 317/850/778 795/828/757
f 317/850/778 316/851/779 795/828/757
f 795/828/757 316/851/779 657/829/758
f 316/851/779 315/852/780 657/829/758
f 657/829/758 315/852/780 817/830/759
f 817/830/759 315/852/780 808/794/724
f 808/794/724 315/852/780 314/792/722
f 825/784/715 611/786/638 826/853/781
f 826/853/781 611/786/638 610/854/636
f 826/853/781 610/854/636 827/855/782
f 827/855/782 610/854/636 609/856/634
f 827/855/782 609/856/634 613/857/783
f 827/855/782 613/857/783 658/858/784
f 658/858/784 613/857/783 614/859/785
f 658/858/784 614/859/785 822/860/786
f 822/860/786 614/859/785 812/861/787
f 822/860/786 812/861/787 811/862/788
f 811/862/788 812/861/787 814/863/789
f 811/862/788 814/863/789 815/776/707
f 815/776/707 814/863/789 806/774/705
f 614/859/785 615/864/790 812/861/787
f 812/861/787 615/864/790 813/865/791
f 812/861/787 813/865/791 814/863/789
f 814/863/789 813/865/791 807/866/792
f 814/863/789 807/866/792 806/774/705
f 806/774/705 807/866/792 797/772/703
f 813/865/791 615/864/790 656/867/793
f 656/867/793 615/864/790 616/868/794
f 656/867/793 616/868/794 799/869/795
f 799/869/795 616/868/794 617/870/796
f 799/869/795 617/870/796 800/871/797
f 800/871/797 617/870/796 791/872/798
f 800/871/797 791/872/798 790/873/799
f 790/873/799 791/872/798 792/874/800
f 790/873/799 792/874/800 793/766/697
f 793/766/697 792/874/800 784/764/695
f 617/870/796 618/875/801 791/872/798
f 791/872/798 618/875/801 654/876/802
f 791/872/798 654/876/802 792/874/800
f 792/874/800 654/876/802 785/877/803
f 792/874/800 785/877/803 784/764/695
f 784/764/695 785/877/803 774/762/693
f 618/875/801 619/878/804 654/876/802
f 654/876/802 619/878/804 786/879/805
f 654/876/802 786/879/805 785/877/803
f 785/877/803 786/879/805 775/880/806
f 785/877/803 775/880/806 774/762/693
f 774/762/693 775/880/806 779/760/691
f 786/879/805 619/878/804 776/881/807
f 776/881/807 619/878/804 620/882/808
f 776/881/807 620/882/808 777/883/809
f 777/883/809 620/882/808 652/884/810
f 777/883/809 652/884/810 771/885/811
f 771/885/811 652/884/810 762/886/812
f 771/885/811 762/886/812 761/756/687
f 761/756/687 762/886/812 766/754/685
f 620/882/808 621/887/813 652/884/810
f 652/884/810 621/887/813 763/888/814
f 652/884/810 763/888/814 762/886/812
f 762/886/812 763/888/814 765/889/815
f 762/886/812 765/889/815 766/754/685
f 766/754/685 765/889/815 753/752/683
f 621/887/813 622/890/816 763/888/814
f 763/888/814 622/890/816 764/891/817
f 763/888/814 764/891/817 765/889/815
f 765/889/815 764/891/817 754/892/818
f 765/889/815 754/892/818 753/752/683
f 753/752/683 754/892/818 757/750/681
f 764/891/817 622/890/816 755/893/819
f 755/893/819 622/890/816 623/894/820
f 755/893/819 623/894/820 650/895/821
f 650/895/821 623/894/820 624/896/822
f 650/895/821 624/896/822 750/897/823
f 750/897/823 624/896/822 740/898/824
f 750/897/823 740/898/824 739/899/825
f 739/899/825 740/898/824 742/900/826
f 739/899/825 742/900/826 743/744/675
f 743/744/675 742/900/826 734/742/673
f 624/896/822 625/901/827 740/898/824
f 740/898/824 625/901/827 741/902/828
f 740/898/824 741/902/828 742/900/826
f 742/900/826 741/902/828 735/903/829
f 742/900/826 735/903/829 734/742/673
f 734/742/673 735/903/829 725/740/671
f 741/902/828 625/901/827 648/904/830
f 648/904/830 625/901/827 626/905/831
f 648/904/830 626/905/831 727/906/832
f 727/906/832 626/905/831 627/907/833
f 727/906/832 627/907/833 728/908/834
f 728/908/834 627/907/833 717/909/835
f 728/908/834 717/909/835 716/910/836
f 716/910/836 717/909/835 719/911/837
f 716/910/836 719/911/837 720/734/665
f 720/734/665 719/911/837 708/732/663
f 627/907/833 628/912/838 717/909/835
f 717/909/835 628/912/838 718/913/839
f 717/909/835 718/913/839 719/911/837
f 719/911/837 718/913/839 709/914/840
f 719/911/837 709/914/840 708/732/663
f 708/732/663 709/914/840 711/730/661
f 718/913/839 628/912/838 646/915/841
f 646/915/841 628/912/838 629/916/842
f 646/915/841 629/916/842 644/917/843
f 644/917/843 629/916/842 630/918/844
f 644/917/843 630/918/844 703/919/845
f 703/919/845 630/918/844 642/920/846
f 703/919/845 642/920/846 704/921/847
f 704/921/847 642/920/846 697/922/848
f 704/921/847 697/922/848 696/724/655
f 696/724/655 697/922/848 686/722/653
f 630/918/844 631/923/849 642/920/846
f 642/920/846 631/923/849 698/924/850
f 642/920/846 698/924/850 697/922/848
f 697/922/848 698/924/850 687/925/851
f 697/922/848 687/925/851 686/722/653
f 686/722/653 687/925/851 691/720/651
f 698/924/850 631/923/849 688/926/852
f 688/926/852 631/923/849 632/927/853
f 688/926/852 632/927/853 689/928/854
f 689/928/854 632/927/853 640/929/855
f 689/928/854 640/929/855 678/930/856
f 678/930/856 640/929/855 680/931/857
f 678/930/856 680/931/857 681/716/647
f 681/716/647 680/931/857 671/714/645
f 632/927/853 633/932/858 640/929/855
f 640/929/855 633/932/858 679/933/859
f 640/929/855 679/933/859 680/931/857
f 680/931/857 679/933/859 672/934/860
f 680/931/857 672/934/860 671/714/645
f 671/714/645 672/934/860 674/712/643
f 679/933/859 633/932/858 638/935/861
f 638/935/861 633/932/858 634/936/862
f 638/935/861 634/936/862 636/937/863
f 636/937/863 634/936/862 635/702/633
f 636/937/863 635/702/633 669/938/864
f 669/938/864 635/702/633 664/704/635
f 669/938/864 664/704/635 663/706/637
f 663/706/637 662/708/639 668/939/865
f 668/939/865 662/708/639 667/710/641
f 668/939/865 667/710/641 673/940/866
f 673/940/866 667/710/641 674/712/643
f 673/940/866 674/712/643 672/934/860
f 636/937/863 669/938/864 668/939/865
f 668/939/865 669/938/864 663/706/637
f 636/937/863 668/939/865 673/940/866
f 636/937/863 673/940/866 638/935/861
f 638/935/861 673/940/866 672/934/860
f 638/935/861 672/934/860 679/933/859
f 681/716/647 677/718/649 678/930/856
f 678/930/856 677/718/649 690/941/867
f 678/930/856 690/941/867 689/928/854
f 689/928/854 690/941/867 688/926/852
f 690/941/867 677/718/649 691/720/651
f 690/941/867 691/720/651 687/925/851
f 698/924/850 688/926/852 687/925/851
f 687/925/851 688/926/852 690/941/867
f 704/921/847 696/724/655 705/726/657
f 704/921/847 705/726/657 702/942/868
f 702/942/868 705/726/657 701/728/659
f 702/942/868 701/728/659 710/943/869
f 710/943/869 701/728/659 711/730/661
f 710/943/869 711/730/661 709/914/840
f 644/917/843 703/919/845 702/942/868
f 702/942/868 703/919/845 704/921/847
f 644/917/843 702/942/868 710/943/869
f 644/917/843 710/943/869 646/915/841
f 646/915/841 710/943/869 709/914/840
f 646/915/841 709/914/840 718/913/839
f 720/734/665 715/736/667 716/910/836
f 716/910/836 715/736/667 729/944/870
f 716/910/836 729/944/870 728/908/834
f 728/908/834 729/944/870 727/906/832
f 729/944/870 715/736/667 730/738/669
f 729/944/870 730/738/669 726/945/871
f 726/945/871 730/738/669 725/740/671
f 726/945/871 725/740/671 735/903/829
f 648/904/830 727/906/832 726/945/871
f 726/945/871 727/906/832 729/944/870
f 648/904/830 726/945/871 735/903/829
f 741/902/828 648/904/830 735/903/829
f 743/744/675 738/746/677 739/899/825
f 739/899/825 738/746/677 749/946/872
f 739/899/825 749/946/872 750/897/823
f 750/897/823 749/946/872 650/895/821
f 749/946/872 738/746/677 748/748/679
f 749/946/872 748/748/679 756/947/873
f 756/947/873 748/748/679 757/750/681
f 756/947/873 757/750/681 754/892/818
f 754/892/818 755/893/819 756/947/873
f 756/947/873 755/893/819 650/895/821
f 756/947/873 650/895/821 749/946/872
f 755/893/819 754/892/818 764/891/817
f 771/885/811 761/756/687 770/758/689
f 771/885/811 770/758/689 778/948/874
f 778/948/874 770/758/689 779/760/691
f 778/948/874 779/760/691 775/880/806
f 775/880/806 776/881/807 778/948/874
f 778/948/874 776/881/807 777/883/809
f 778/948/874 777/883/809 771/885/811
f 776/881/807 775/880/806 786/879/805
f 793/766/697 789/768/699 790/873/799
f 790/873/799 789/768/699 801/949/875
f 790/873/799 801/949/875 800/871/797
f 800/871/797 801/949/875 799/869/795
f 801/949/875 789/768/699 802/770/701
f 801/949/875 802/770/701 798/950/876
f 798/950/876 802/770/701 797/772/703
f 798/950/876 797/772/703 807/866/792
f 656/867/793 799/869/795 798/950/876
f 798/950/876 799/869/795 801/949/875
f 656/867/793 798/950/876 807/866/792
f 813/865/791 656/867/793 807/866/792
f 815/776/707 810/778/709 811/862/788
f 811/862/788 810/778/709 821/951/877
f 811/862/788 821/951/877 822/860/786
f 822/860/786 821/951/877 658/858/784
f 821/951/877 810/778/709 820/780/711
f 830/783/714 819/781/712 818/793/723
f 821/951/877 820/780/711 828/952/878
f 828/952/878 820/780/711 829/782/713
f 828/952/878 829/782/713 826/853/781
f 826/853/781 829/782/713 825/784/715
f 823/788/718 824/785/716 659/791/721
f 659/791/721 824/785/716 830/783/714
f 659/791/721 830/783/714 818/793/723
f 826/853/781 827/855/782 828/952/878
f 828/952/878 827/855/782 658/858/784
f 828/952/878 658/858/784 821/951/877
f 635/953/879 862/954/880 609/955/881
f 609/955/881 862/954/880 871/956/882
f 609/955/881 871/956/882 613/957/883
f 613/957/883 871/956/882 982/958/884
f 613/957/883 982/958/884 614/959/885
f 614/959/885 982/958/884 977/960/886
f 614/959/885 977/960/886 615/961/887
f 615/961/887 977/960/886 972/962/888
f 615/961/887 972/962/888 616/963/889
f 616/963/889 972/962/888 967/964/890
f 616/963/889 967/964/890 617/965/891
f 617/965/891 967/964/890 957/966/892
f 617/965/891 957/966/892 618/967/893
f 618/967/893 957/966/892 966/968/894
f 618/967/893 966/968/894 952/969/895
f 952/969/895 966/968/894 965/970/896
f 952/969/895 965/970/896 953/971/897
f 953/971/897 965/970/896 964/972/898
f 953/971/897 964/972/898 954/973/899
f 954/973/899 964/972/898 963/974/900
f 954/973/899 963/974/900 955/975/901
f 955/975/901 963/974/900 962/976/902
f 955/975/901 962/976/902 956/977/903
f 956/977/903 962/976/902 838/978/904
f 956/977/903 838/978/904 839/979/905
f 862/954/880 635/953/879 872/980/906
f 872/980/906 635/953/879 634/981/907
f 872/980/906 634/981/907 877/982/908
f 877/982/908 634/981/907 633/983/909
f 877/982/908 633/983/909 882/984/910
f 882/984/910 633/983/909 632/985/911
f 882/984/910 632/985/911 887/986/912
f 887/986/912 632/985/911 631/987/913
f 887/986/912 631/987/913 892/988/914
f 892/988/914 631/987/913 630/989/915
f 892/988/914 630/989/915 857/990/916
f 857/991/916 630/992/915 897/993/917
f 857/991/916 897/993/917 898/994/918
f 898/994/918 897/993/917 903/995/919
f 898/994/918 903/995/919 904/996/920
f 904/996/920 903/995/919 909/997/921
f 904/996/920 909/997/921 910/998/922
f 910/998/922 909/997/921 915/999/923
f 910/998/922 915/999/923 916/1000/924
f 916/1000/924 915/999/923 921/1001/925
f 916/1000/924 921/1001/925 846/1002/926
f 846/1002/926 921/1001/925 845/1003/927
f 845/1003/927 921/1001/925 926/1004/928
f 845/1003/927 926/1004/928 844/1005/929
f 844/1005/929 926/1004/928 931/1006/930
f 844/1005/929 931/1006/930 843/1007/931
f 843/1007/931 931/1006/930 936/1008/932
f 843/1007/931 936/1008/932 842/1009/933
f 842/1009/933 936/1008/932 941/1010/934
f 842/1009/933 941/1010/934 841/1011/935
f 841/1011/935 941/1010/934 946/1012/936
f 841/1011/935 946/1012/936 840/1013/937
f 840/1013/937 946/1012/936 951/1014/938
f 840/1013/937 951/1014/938 839/979/905
f 839/979/905 951/1014/938 956/977/903
f 630/992/915 629/1015/939 897/993/917
f 897/993/917 629/1015/939 902/1016/940
f 897/993/917 902/1016/940 903/995/919
f 903/995/919 902/1016/940 908/1017/941
f 903/995/919 908/1017/941 909/997/921
f 909/997/921 908/1017/941 914/1018/942
f 909/997/921 914/1018/942 915/999/923
f 915/999/923 914/1018/942 920/1019/943
f 915/999/923 920/1019/943 921/1001/925
f 921/1001/925 920/1019/943 926/1004/928
f 629/1015/939 628/1020/944 902/1016/940
f 902/1016/940 628/1020/944 907/1021/945
f 902/1016/940 907/1021/945 908/1017/941
f 908/1017/941 907/1021/945 913/1022/946
f 908/1017/941 913/1022/946 914/1018/942
f 914/1018/942 913/1022/946 919/1023/947
f 914/1018/942 919/1023/947 920/1019/943
f 920/1019/943 919/1023/947 925/1024/948
f 920/1019/943 925/1024/948 926/1004/928
f 926/1004/928 925/1024/948 931/1006/930
f 628/1020/944 627/1025/949 907/1021/945
f 907/1021/945 627/1025/949 912/1026/950
f 907/1021/945 912/1026/950 913/1022/946
f 913/1022/946 912/1026/950 918/1027/951
f 913/1022/946 918/1027/951 919/1023/947
f 919/1023/947 918/1027/951 924/1028/952
f 919/1023/947 924/1028/952 925/1024/948
f 925/1024/948 924/1028/952 930/1029/953
f 925/1024/948 930/1029/953 931/1006/930
f 931/1006/930 930/1029/953 936/1008/932
f 627/1025/949 626/1030/954 912/1026/950
f 912/1026/950 626/1030/954 917/1031/955
f 912/1026/950 917/1031/955 918/1027/951
f 918/1027/951 917/1031/955 923/1032/956
f 918/1027/951 923/1032/956 924/1028/952
f 924/1028/952 923/1032/956 929/1033/957
f 924/1028/952 929/1033/957 930/1029/953
f 930/1029/953 929/1033/957 935/1034/958
f 930/1029/953 935/1034/958 936/1008/932
f 936/1008/932 935/1034/958 941/1010/934
f 626/1030/954 625/1035/959 917/1031/955
f 917/1031/955 625/1035/959 922/1036/960
f 917/1031/955 922/1036/960 923/1032/956
f 923/1032/956 922/1036/960 928/1037/961
f 923/1032/956 928/1037/961 929/1033/957
f 929/1033/957 928/1037/961 934/1038/962
f 929/1033/957 934/1038/962 935/1034/958
f 935/1034/958 934/1038/962 940/1039/963
f 935/1034/958 940/1039/963 941/1010/934
f 941/1010/934 940/1039/963 946/1012/936
f 625/1035/959 624/1040/964 922/1036/960
f 922/1036/960 624/1040/964 927/1041/965
f 922/1036/960 927/1041/965 928/1037/961
f 928/1037/961 927/1041/965 933/1042/966
f 928/1037/961 933/1042/966 934/1038/962
f 934/1038/962 933/1042/966 939/1043/967
f 934/1038/962 939/1043/967 940/1039/963
f 940/1039/963 939/1043/967 945/1044/968
f 940/1039/963 945/1044/968 946/1012/936
f 946/1012/936 945/1044/968 951/1014/938
f 624/1040/964 623/1045/969 927/1041/965
f 927/1041/965 623/1045/969 932/1046/970
f 927/1041/965 932/1046/970 933/1042/966
f 933/1042/966 932/1046/970 938/1047/971
f 933/1042/966 938/1047/971 939/1043/967
f 939/1043/967 938/1047/971 944/1048/972
f 939/1043/967 944/1048/972 945/1044/968
f 945/1044/968 944/1048/972 950/1049/973
f 945/1044/968 950/1049/973 951/1014/938
f 951/1014/938 950/1049/973 956/977/903
f 623/1045/969 622/1050/974 932/1046/970
f 932/1046/970 622/1050/974 937/1051/975
f 932/1046/970 937/1051/975 938/1047/971
f 938/1047/971 937/1051/975 943/1052/976
f 938/1047/971 943/1052/976 944/1048/972
f 944/1048/972 943/1052/976 949/1053/977
f 944/1048/972 949/1053/977 950/1049/973
f 950/1049/973 949/1053/977 955/975/901
f 950/1049/973 955/975/901 956/977/903
f 622/1050/974 621/1054/978 937/1051/975
f 937/1051/975 621/1054/978 942/1055/979
f 937/1051/975 942/1055/979 943/1052/976
f 943/1052/976 942/1055/979 948/1056/980
f 943/1052/976 948/1056/980 949/1053/977
f 949/1053/977 948/1056/980 954/973/899
f 949/1053/977 954/973/899 955/975/901
f 621/1054/978 620/1057/981 942/1055/979
f 942/1055/979 620/1057/981 947/1058/982
f 942/1055/979 947/1058/982 948/1056/980
f 948/1056/980 947/1058/982 953/971/897
f 948/1056/980 953/971/897 954/973/899
f 620/1057/981 619/1059/983 947/1058/982
f 947/1058/982 619/1059/983 952/969/895
f 947/1058/982 952/969/895 953/971/897
f 619/1059/983 618/967/893 952/969/895
f 832/1060/984 867/1061/985 831/1062/986
f 831/1062/986 867/1061/985 866/1063/987
f 831/1062/986 866/1063/987 856/1064/988
f 856/1064/988 866/1063/987 876/1065/989
f 856/1064/988 876/1065/989 855/1066/990
f 855/1066/990 876/1065/989 881/1067/991
f 855/1066/990 881/1067/991 854/1068/992
f 854/1068/992 881/1067/991 886/1069/993
f 854/1068/992 886/1069/993 853/1070/994
f 853/1070/994 886/1069/993 891/1071/995
f 853/1070/994 891/1071/995 852/1072/996
f 852/1072/996 891/1071/995 896/1073/997
f 852/1072/996 896/1073/997 851/1074/998
f 851/1074/998 896/1073/997 861/1075/999
f 851/1074/998 861/1075/999 850/1076/1000
f 850/1077/1000 861/1078/999 901/1079/1001
f 850/1077/1000 901/1079/1001 849/1080/1002
f 849/1080/1002 901/1079/1001 906/1081/1003
f 849/1080/1002 906/1081/1003 848/1082/1004
f 848/1082/1004 906/1081/1003 911/1083/1005
f 848/1082/1004 911/1083/1005 847/1084/1006
f 847/1084/1006 911/1083/1005 916/1000/924
f 847/1084/1006 916/1000/924 846/1002/926
f 867/1061/985 832/1060/984 986/1085/1007
f 986/1085/1007 832/1060/984 833/1086/1008
f 986/1085/1007 833/1086/1008 981/1087/1009
f 981/1087/1009 833/1086/1008 834/1088/1010
f 981/1087/1009 834/1088/1010 976/1089/1011
f 976/1089/1011 834/1088/1010 835/1090/1012
f 976/1089/1011 835/1090/1012 971/1091/1013
f 971/1091/1013 835/1090/1012 836/1092/1014
f 971/1091/1013 836/1092/1014 961/1093/1015
f 961/1093/1015 836/1092/1014 837/1094/1016
f 961/1093/1015 837/1094/1016 962/976/902
f 962/976/902 837/1094/1016 838/978/904
f 857/990/916 858/1095/1017 892/988/914
f 892/988/914 858/1095/1017 893/1096/1018
f 892/988/914 893/1096/1018 887/986/912
f 887/986/912 893/1096/1018 888/1097/1019
f 887/986/912 888/1097/1019 882/984/910
f 882/984/910 888/1097/1019 883/1098/1020
f 882/984/910 883/1098/1020 877/982/908
f 877/982/908 883/1098/1020 878/1099/1021
f 877/982/908 878/1099/1021 872/980/906
f 872/980/906 878/1099/1021 873/1100/1022
f 872/980/906 873/1100/1022 862/954/880
f 862/954/880 873/1100/1022 863/1101/1023
f 862/954/880 863/1101/1023 871/956/882
f 871/956/882 863/1101/1023 870/1102/1024
f 871/956/882 870/1102/1024 982/958/884
f 982/958/884 870/1102/1024 983/1103/1025
f 982/958/884 983/1103/1025 977/960/886
f 977/960/886 983/1103/1025 978/1104/1026
f 977/960/886 978/1104/1026 972/962/888
f 972/962/888 978/1104/1026 973/1105/1027
f 972/962/888 973/1105/1027 967/964/890
f 967/964/890 973/1105/1027 968/1106/1028
f 967/964/890 968/1106/1028 957/966/892
f 957/966/892 968/1106/1028 958/1107/1029
f 957/966/892 958/1107/1029 966/968/894
f 966/968/894 958/1107/1029 965/970/896
f 858/1095/1017 859/1108/1030 893/1096/1018
f 893/1096/1018 859/1108/1030 894/1109/1031
f 893/1096/1018 894/1109/1031 888/1097/1019
f 888/1097/1019 894/1109/1031 889/1110/1032
f 888/1097/1019 889/1110/1032 883/1098/1020
f 883/1098/1020 889/1110/1032 884/1111/1033
f 883/1098/1020 884/1111/1033 878/1099/1021
f 878/1099/1021 884/1111/1033 879/1112/1034
f 878/1099/1021 879/1112/1034 873/1100/1022
f 873/1100/1022 879/1112/1034 874/1113/1035
f 873/1100/1022 874/1113/1035 863/1101/1023
f 863/1101/1023 874/1113/1035 864/1114/1036
f 863/1101/1023 864/1114/1036 870/1102/1024
f 870/1102/1024 864/1114/1036 869/1115/1037
f 870/1102/1024 869/1115/1037 983/1103/1025
f 983/1103/1025 869/1115/1037 984/1116/1038
f 983/1103/1025 984/1116/1038 978/1104/1026
f 978/1104/1026 984/1116/1038 979/1117/1039
f 978/1104/1026 979/1117/1039 973/1105/1027
f 973/1105/1027 979/1117/1039 974/1118/1040
f 973/1105/1027 974/1118/1040 968/1106/1028
f 968/1106/1028 974/1118/1040 969/1119/1041
f 968/1106/1028 969/1119/1041 958/1107/1029
f 958/1107/1029 969/1119/1041 959/1120/1042
f 958/1107/1029 959/1120/1042 965/970/896
f 965/970/896 959/1120/1042 964/972/898
f 857/991/916 898/994/918 858/1121/1017
f 858/1121/1017 898/994/918 899/1122/1043
f 858/1121/1017 899/1122/1043 859/1123/1030
f 859/1123/1030 899/1122/1043 900/1124/1044
f 859/1123/1030 900/1124/1044 860/1125/1045
f 860/1125/1045 900/1124/1044 901/1079/1001
f 860/1125/1045 901/1079/1001 861/1078/999
f 859/1108/1030 860/1126/1045 894/1109/1031
f 894/1109/1031 860/1126/1045 895/1127/1046
f 894/1109/1031 895/1127/1046 889/1110/1032
f 889/1110/1032 895/1127/1046 890/1128/1047
f 889/1110/1032 890/1128/1047 884/1111/1033
f 884/1111/1033 890/1128/1047 885/1129/1048
f 884/1111/1033 885/1129/1048 879/1112/1034
f 879/1112/1034 885/1129/1048 880/1130/1049
f 879/1112/1034 880/1130/1049 874/1113/1035
f 874/1113/1035 880/1130/1049 875/1131/1050
f 874/1113/1035 875/1131/1050 864/1114/1036
f 864/1114/1036 875/1131/1050 865/1132/1051
f 864/1114/1036 865/1132/1051 869/1115/1037
f 869/1115/1037 865/1132/1051 868/1133/1052
f 869/1115/1037 868/1133/1052 984/1116/1038
f 984/1116/1038 868/1133/1052 985/1134/1053
f 984/1116/1038 985/1134/1053 979/1117/1039
f 979/1117/1039 985/1134/1053 980/1135/1054
f 979/1117/1039 980/1135/1054 974/1118/1040
f 974/1118/1040 980/1135/1054 975/1136/1055
f 974/1118/1040 975/1136/1055 969/1119/1041
f 969/1119/1041 975/1136/1055 970/1137/1056
f 969/1119/1041 970/1137/1056 959/1120/1042
f 959/1120/1042 970/1137/1056 960/1138/1057
f 959/1120/1042 960/1138/1057 964/972/898
f 964/972/898 960/1138/1057 963/974/900
f 860/1126/1045 861/1075/999 895/1127/1046
f 895/1127/1046 861/1075/999 896/1073/997
f 895/1127/1046 896/1073/997 890/1128/1047
f 890/1128/1047 896/1073/997 891/1071/995
f 890/1128/1047 891/1071/995 885/1129/1048
f 885/1129/1048 891/1071/995 886/1069/993
f 885/1129/1048 886/1069/993 880/1130/1049
f 880/1130/1049 886/1069/993 881/1067/991
f 880/1130/1049 881/1067/991 875/1131/1050
f 875/1131/1050 881/1067/991 876/1065/989
f 875/1131/1050 876/1065/989 865/1132/1051
f 865/1132/1051 876/1065/989 866/1063/987
f 865/1132/1051 866/1063/987 868/1133/1052
f 868/1133/1052 866/1063/987 867/1061/985
f 868/1133/1052 867/1061/985 985/1134/1053
f 985/1134/1053 867/1061/985 986/1085/1007
f 985/1134/1053 986/1085/1007 980/1135/1054
f 980/1135/1054 986/1085/1007 981/1087/1009
f 980/1135/1054 981/1087/1009 975/1136/1055
f 975/1136/1055 981/1087/1009 976/1089/1011
f 975/1136/1055 976/1089/1011 970/1137/1056
f 970/1137/1056 976/1089/1011 971/1091/1013
f 970/1137/1056 971/1091/1013 960/1138/1057
f 960/1138/1057 971/1091/1013 961/1093/1015
f 960/1138/1057 961/1093/1015 963/974/900
f 963/974/900 961/1093/1015 962/976/902
f 898/994/918 904/996/920 899/1122/1043
f 899/1122/1043 904/996/920 905/1139/1058
f 899/1122/1043 905/1139/1058 900/1124/1044
f 900/1124/1044 905/1139/1058 906/1081/1003
f 900/1124/1044 906/1081/1003 901/1079/1001
f 911/1083/1005 906/1081/1003 905/1139/1058
f 911/1083/1005 905/1139/1058 910/998/922
f 910/998/922 905/1139/1058 904/996/920
f 916/1000/924 911/1083/1005 910/998/922
f 856/1140/988 1012/1141/1059 831/1142/986
f 831/1142/986 1012/1141/1059 987/1143/1060
f 831/1142/986 987/1143/1060 832/1144/984
f 832/1144/984 987/1143/1060 988/1145/1061
f 832/1144/984 988/1145/1061 833/1146/1008
f 833/1146/1008 988/1145/1061 989/1147/1062
f 833/1146/1008 989/1147/1062 834/1148/1010
f 834/1148/1010 989/1147/1062 990/1149/1063
f 834/1148/1010 990/1149/1063 835/1150/1012
f 835/1150/1012 990/1149/1063 991/1151/1064
f 835/1150/1012 991/1151/1064 836/1152/1014
f 836/1152/1014 991/1151/1064 992/1153/1065
f 836/1152/1014 992/1153/1065 837/1154/1016
f 837/1154/1016 992/1153/1065 993/1155/1066
f 837/1154/1016 993/1155/1066 838/1156/904
f 838/1156/904 993/1155/1066 994/1157/1067
f 838/1156/904 994/1157/1067 839/1158/905
f 839/1158/905 994/1157/1067 995/1159/1068
f 839/1158/905 995/1159/1068 840/1160/937
f 840/1160/937 995/1159/1068 996/1161/1069
f 840/1160/937 996/1161/1069 841/1162/935
f 841/1162/935 996/1161/1069 997/1163/1070
f 841/1162/935 997/1163/1070 842/1164/933
f 842/1164/933 997/1163/1070 998/1165/1071
f 842/1164/933 998/1165/1071 843/1166/931
f 843/1166/931 998/1165/1071 999/1167/1072
f 843/1166/931 999/1167/1072 844/1168/929
f 844/1168/929 999/1167/1072 1000/1169/1073
f 844/1170/929 1000/1171/1073 845/1172/927
f 845/1172/927 1000/1171/1073 1001/1173/1074
f 845/1172/927 1001/1173/1074 846/1174/926
f 846/1174/926 1001/1173/1074 1002/1175/1075
f 846/1174/926 1002/1175/1075 847/1176/1006
f 847/1176/1006 1002/1175/1075 1003/1177/1076
f 847/1176/1006 1003/1177/1076 848/1178/1004
f 848/1178/1004 1003/1177/1076 1004/1179/1077
f 848/1178/1004 1004/1179/1077 849/1180/1002
f 849/1180/1002 1004/1179/1077 1005/1181/1078
f 849/1180/1002 1005/1181/1078 850/1182/1000
f 850/1182/1000 1005/1181/1078 1006/1183/1079
f 850/1182/1000 1006/1183/1079 851/1184/998
f 851/1184/998 1006/1183/1079 1007/1185/1080
f 851/1184/998 1007/1185/1080 852/1186/996
f 852/1186/996 1007/1185/1080 1008/1187/1081
f 852/1186/996 1008/1187/1081 853/1188/994
f 853/1188/994 1008/1187/1081 1009/1189/1082
f 853/1188/994 1009/1189/1082 854/1190/992
f 854/1190/992 1009/1189/1082 1010/1191/1083
f 854/1190/992 1010/1191/1083 855/1192/990
f 855/1192/990 1010/1191/1083 1011/1193/1084
f 855/1192/990 1011/1193/1084 856/1140/988
f 856/1140/988 1011/1193/1084 1012/1141/1059
f 1050/1194/1085 1013/1195/1086 1082/1196/1087
f 1082/1196/1087 1013/1195/1086 1014/1197/1088
f 1082/1196/1087 1014/1197/1088 1081/1198/1089
f 1081/1198/1089 1014/1197/1088 1015/1199/1090
f 1081/1198/1089 1015/1199/1090 1080/1200/1091
f 1080/1200/1091 1015/1199/1090 1016/1201/1092
f 1080/1200/1091 1016/1201/1092 1079/1202/1093
f 1079/1202/1093 1016/1201/1092 1017/1203/1094
f 1079/1202/1093 1017/1203/1094 1078/1204/1095
f 1078/1204/1095 1017/1203/1094 1018/1205/1096
f 1078/1204/1095 1018/1205/1096 1077/1206/1097
f 1077/1206/1097 1018/1205/1096 1019/1207/1098
f 1077/1206/1097 1019/1207/1098 1076/1208/1099
f 1076/1208/1099 1019/1207/1098 1020/1209/1100
f 1076/1208/1099 1020/1209/1100 1075/1210/1101
f 1075/1210/1101 1020/1209/1100 1021/1211/1102
f 1075/1210/1101 1021/1211/1102 1074/1212/1103
f 1074/1212/1103 1021/1211/1102 1073/1213/1104
f 1074/1212/1103 1073/1213/1104 1083/1214/1105
f 1083/1214/1105 1073/1213/1104 1052/1215/1106
f 1083/1214/1105 1052/1215/1106 1109/1216/1107
f 1109/1216/1107 1052/1215/1106 1110/1217/1108
f 1109/1216/1107 1110/1217/1108 1093/1218/1109
f 1093/1218/1109 1110/1217/1108 1092/1219/1110
f 1093/1218/1109 1092/1219/1110 1112/1220/1111
f 1112/1220/1111 1092/1219/1110 1111/1221/1112
f 1112/1220/1111 1111/1221/1112 1137/1222/1113
f 1137/1222/1113 1111/1221/1112 1054/1223/1114
f 1137/1222/1113 1054/1223/1114 1121/1224/1115
f 1121/1224/1115 1054/1223/1114 1055/1225/1116
f 1121/1224/1115 1055/1225/1116 1156/1226/1117
f 1156/1226/1117 1055/1225/1116 1157/1227/1118
f 1156/1226/1117 1157/1227/1118 1139/1228/1119
f 1139/1228/1119 1157/1227/1118 1138/1229/1120
f 1139/1228/1119 1138/1229/1120 1159/1230/1121
f 1159/1230/1121 1138/1229/1120 1158/1231/1122
f 1159/1230/1121 1158/1231/1122 1184/1232/1123
f 1184/1232/1123 1158/1231/1122 1057/1233/1124
f 1184/1232/1123 1057/1233/1124 1168/1234/1125
f 1168/1234/1125 1057/1233/1124 1059/1235/1126
f 1168/1234/1125 1059/1235/1126 1202/1236/1127
f 1202/1236/1127 1059/1235/1126 1203/1237/1128
f 1202/1236/1127 1203/1237/1128 1186/1238/1129
f 1186/1238/1129 1203/1237/1128 1185/1239/1130
f 1186/1238/1129 1185/1239/1130 1205/1240/1131
f 1205/1240/1131 1185/1239/1130 1204/1241/1132
f 1205/1240/1131 1204/1241/1132 1232/1242/1133
f 1232/1242/1133 1204/1241/1132 1060/1243/1134
f 1232/1242/1133 1060/1243/1134 1215/1244/1135
f 1215/1244/1135 1060/1243/1134 1214/1245/1136
f 1215/1244/1135 1214/1245/1136 1234/1246/1137
f 1234/1246/1137 1214/1245/1136 1233/1247/1138
f 1234/1246/1137 1233/1247/1138 1260/1248/1139
f 1260/1248/1139 1233/1247/1138 1062/1249/1140
f 1260/1248/1139 1062/1249/1140 1243/1250/1141
f 1243/1250/1141 1062/1249/1140 1242/1251/1142
f 1243/1250/1141 1242/1251/1142 1262/1252/1143
f 1262/1252/1143 1242/1251/1142 1261/1253/1144
f 1262/1252/1143 1261/1253/1144 1288/1254/1145
f 1288/1254/1145 1261/1253/1144 1064/1255/1146
f 1288/1254/1145 1064/1255/1146 1271/1256/1147
f 1271/1256/1147 1064/1255/1146 1270/1257/1148
f 1271/1256/1147 1270/1257/1148 1289/1258/1149
f 1289/1258/1149 1270/1257/1148 1065/1259/1150
f 1289/1258/1149 1065/1259/1150 1316/1260/1151
f 1316/1260/1151 1065/1259/1150 1317/1261/1152
f 1316/1260/1151 1317/1261/1152 1299/1262/1153
f 1299/1262/1153 1317/1261/1152 1298/1263/1154
f 1299/1262/1153 1298/1263/1154 1318/1264/1155
f 1318/1264/1155 1298/1263/1154 1067/1265/1156
f 1318/1264/1155 1067/1265/1156 1344/1266/1157
f 1344/1266/1157 1067/1265/1156 1345/1267/1158
f 1344/1266/1157 1345/1267/1158 1327/1268/1159
f 1327/1268/1159 1345/1267/1158 1326/1269/1160
f 1327/1268/1159 1326/1269/1160 1346/1270/1161
f 1346/1270/1161 1326/1269/1160 1069/1271/1162
f 1346/1270/1161 1069/1271/1162 1372/1272/1163
f 1372/1272/1163 1069/1271/1162 1373/1273/1164
f 1372/1272/1163 1373/1273/1164 1355/1274/1165
f 1355/1274/1165 1373/1273/1164 1354/1275/1166
f 1355/1274/1165 1354/1275/1166 1374/1276/1167
f 1374/1276/1167 1354/1275/1166 1070/1277/1168
f 1374/1276/1167 1070/1277/1168 1401/1278/1169
f 1401/1278/1169 1070/1277/1168 1402/1279/1170
f 1401/1278/1169 1402/1279/1170 1384/1280/1171
f 1384/1280/1171 1402/1279/1170 1383/1281/1172
f 1384/1280/1171 1383/1281/1172 1403/1282/1173
f 1403/1282/1173 1383/1281/1172 1072/1283/1174
f 1403/1282/1173 1072/1283/1174 1429/1284/1175
f 1429/1284/1175 1072/1283/1174 1430/1285/1176
f 1429/1284/1175 1430/1285/1176 1412/1286/1177
f 1412/1286/1177 1430/1285/1176 1411/1287/1178
f 1412/1286/1177 1411/1287/1178 1432/1288/1179
f 1432/1288/1179 1411/1287/1178 1431/1289/1180
f 1432/1288/1179 1431/1289/1180 1021/1290/1102
f 1021/1290/1102 1431/1289/1180 987/1291/1181
f 987/1291/1181 1431/1289/1180 988/1292/1182
f 988/1292/1182 1431/1289/1180 1411/1287/1178
f 988/1292/1182 1411/1287/1178 989/1293/1183
f 989/1293/1183 1411/1287/1178 1430/1285/1176
f 989/1293/1183 1430/1285/1176 1072/1283/1174
f 1021/1211/1102 987/1294/1181 1073/1213/1104
f 1073/1213/1104 987/1294/1181 1012/1295/1184
f 1073/1213/1104 1012/1295/1184 1052/1215/1106
f 1052/1215/1106 1012/1295/1184 1011/1296/1185
f 1052/1215/1106 1011/1296/1185 1110/1217/1108
f 1110/1217/1108 1011/1296/1185 1092/1219/1110
f 1011/1296/1185 1010/1297/1186 1092/1219/1110
f 1092/1219/1110 1010/1297/1186 1111/1221/1112
f 1111/1221/1112 1010/1297/1186 1054/1223/1114
f 1054/1223/1114 1010/1297/1186 1009/1298/1187
f 1054/1223/1114 1009/1298/1187 1055/1225/1116
f 1055/1225/1116 1009/1298/1187 1008/1299/1188
f 1055/1225/1116 1008/1299/1188 1157/1227/1118
f 1157/1227/1118 1008/1299/1188 1138/1229/1120
f 1008/1299/1188 1007/1300/1189 1138/1229/1120
f 1138/1229/1120 1007/1300/1189 1158/1231/1122
f 1158/1231/1122 1007/1300/1189 1057/1233/1124
f 1057/1233/1124 1007/1300/1189 1006/1301/1190
f 1057/1233/1124 1006/1301/1190 1059/1235/1126
f 1059/1235/1126 1006/1301/1190 1005/1302/1191
f 1059/1235/1126 1005/1302/1191 1203/1237/1128
f 1203/1237/1128 1005/1302/1191 1185/1239/1130
f 1005/1302/1191 1004/1303/1192 1185/1239/1130
f 1185/1239/1130 1004/1303/1192 1204/1241/1132
f 1204/1241/1132 1004/1303/1192 1060/1243/1134
f 1060/1243/1134 1004/1303/1192 1003/1304/1193
f 1060/1243/1134 1003/1304/1193 1214/1245/1136
f 1214/1245/1136 1003/1304/1193 1002/1305/1194
f 1214/1245/1136 1002/1305/1194 1233/1247/1138
f 1233/1247/1138 1002/1305/1194 1062/1249/1140
f 1002/1305/1194 1001/1306/1195 1062/1249/1140
f 1062/1249/1140 1001/1306/1195 1242/1251/1142
f 1001/1306/1195 1000/1307/1196 1242/1251/1142
f 1242/1251/1142 1000/1307/1196 1261/1253/1144
f 1261/1253/1144 1000/1307/1196 1064/1255/1146
f 1064/1255/1146 1000/1307/1196 999/1308/1197
f 1064/1255/1146 999/1308/1197 1270/1257/1148
f 1270/1257/1148 999/1308/1197 998/1309/1198
f 1270/1257/1148 998/1309/1198 1065/1259/1150
f 1065/1259/1150 998/1309/1198 997/1310/1199
f 1065/1259/1150 997/1310/1199 1317/1261/1152
f 1317/1261/1152 997/1310/1199 1298/1263/1154
f 997/1310/1199 996/1311/1200 1298/1263/1154
f 1298/1263/1154 996/1311/1200 1067/1265/1156
f 996/1311/1200 995/1312/1201 1067/1265/1156
f 1067/1265/1156 995/1312/1201 1345/1267/1158
f 1345/1267/1158 995/1312/1201 1326/1269/1160
f 1326/1269/1160 995/1312/1201 994/1313/1202
f 1326/1269/1160 994/1313/1202 1069/1271/1162
f 1069/1271/1162 994/1313/1202 993/1314/1203
f 1069/1271/1162 993/1314/1203 1373/1273/1164
f 1373/1273/1164 993/1314/1203 1354/1275/1166
f 993/1314/1203 992/1315/1204 1354/1275/1166
f 1354/1275/1166 992/1315/1204 1070/1277/1168
f 992/1315/1204 991/1316/1205 1070/1277/1168
f 1070/1277/1168 991/1316/1205 1402/1279/1170
f 1402/1279/1170 991/1316/1205 1383/1281/1172
f 1383/1281/1172 991/1316/1205 990/1317/1206
f 1383/1281/1172 990/1317/1206 1072/1283/1174
f 1072/1283/1174 990/1317/1206 989/1293/1183
f 1432/1288/1179 1021/1290/1102 1433/1318/1207
f 1433/1318/1207 1021/1290/1102 1020/1319/1100
f 1433/1318/1207 1020/1319/1100 1434/1320/1208
f 1434/1320/1208 1020/1319/1100 1019/1321/1098
f 1434/1320/1208 1019/1321/1098 1435/1322/1209
f 1435/1322/1209 1019/1321/1098 1018/1323/1096
f 1435/1322/1209 1018/1323/1096 1436/1324/1210
f 1436/1324/1210 1018/1323/1096 1017/1325/1094
f 1436/1324/1210 1017/1325/1094 1437/1326/1211
f 1437/1326/1211 1017/1325/1094 1016/1327/1092
f 1437/1326/1211 1016/1327/1092 1438/1328/1212
f 1438/1328/1212 1016/1327/1092 1015/1329/1090
f 1438/1328/1212 1015/1329/1090 1439/1330/1213
f 1439/1330/1213 1015/1329/1090 1014/1331/1088
f 1439/1330/1213 1014/1331/1088 1440/1332/1214
f 1440/1332/1214 1014/1331/1088 1013/1333/1086
f 1440/1332/1214 1013/1333/1086 1022/1334/1215
f 1440/1332/1214 1022/1334/1215 1420/1335/1216
f 1420/1335/1216 1022/1334/1215 1023/1336/1217
f 1420/1335/1216 1023/1336/1217 1421/1337/1218
f 1421/1337/1218 1023/1336/1217 1024/1338/1219
f 1421/1337/1218 1024/1338/1219 1071/1339/1220
f 1071/1339/1220 1024/1338/1219 1025/1340/1221
f 1071/1339/1220 1025/1340/1221 1392/1341/1222
f 1392/1341/1222 1025/1340/1221 1393/1342/1223
f 1392/1341/1222 1393/1342/1223 1394/1343/1224
f 1394/1343/1224 1393/1342/1223 1381/1344/1225
f 1394/1343/1224 1381/1344/1225 1380/1345/1226
f 1380/1345/1226 1381/1344/1225 1361/1346/1227
f 1380/1345/1226 1361/1346/1227 1360/1347/1228
f 1360/1347/1228 1361/1346/1227 1367/1348/1229
f 1360/1347/1228 1367/1348/1229 1368/1349/1230
f 1368/1349/1230 1367/1348/1229 1350/1350/1231
f 1368/1349/1230 1350/1350/1231 1349/1351/1232
f 1349/1351/1232 1350/1350/1231 1330/1352/1233
f 1349/1351/1232 1330/1352/1233 1329/1353/1234
f 1329/1353/1234 1330/1352/1233 1342/1354/1235
f 1329/1353/1234 1342/1354/1235 1343/1355/1236
f 1343/1355/1236 1342/1354/1235 1319/1356/1237
f 1343/1355/1236 1319/1356/1237 1318/1264/1155
f 1318/1264/1155 1319/1356/1237 1299/1262/1153
f 1025/1340/1221 1026/1357/1238 1393/1342/1223
f 1393/1342/1223 1026/1357/1238 1382/1358/1239
f 1393/1342/1223 1382/1358/1239 1381/1344/1225
f 1381/1344/1225 1382/1358/1239 1362/1359/1240
f 1381/1344/1225 1362/1359/1240 1361/1346/1227
f 1361/1346/1227 1362/1359/1240 1366/1360/1241
f 1361/1346/1227 1366/1360/1241 1367/1348/1229
f 1367/1348/1229 1366/1360/1241 1351/1361/1242
f 1367/1348/1229 1351/1361/1242 1350/1350/1231
f 1350/1350/1231 1351/1361/1242 1331/1362/1243
f 1350/1350/1231 1331/1362/1243 1330/1352/1233
f 1330/1352/1233 1331/1362/1243 1341/1363/1244
f 1330/1352/1233 1341/1363/1244 1342/1354/1235
f 1342/1354/1235 1341/1363/1244 1320/1364/1245
f 1342/1354/1235 1320/1364/1245 1319/1356/1237
f 1319/1356/1237 1320/1364/1245 1300/1365/1246
f 1319/1356/1237 1300/1365/1246 1299/1262/1153
f 1299/1262/1153 1300/1365/1246 1316/1260/1151
f 1026/1357/1238 1027/1366/1247 1382/1358/1239
f 1382/1358/1239 1027/1366/1247 1363/1367/1248
f 1382/1358/1239 1363/1367/1248 1362/1359/1240
f 1362/1359/1240 1363/1367/1248 1365/1368/1249
f 1362/1359/1240 1365/1368/1249 1366/1360/1241
f 1366/1360/1241 1365/1368/1249 1352/1369/1250
f 1366/1360/1241 1352/1369/1250 1351/1361/1242
f 1351/1361/1242 1352/1369/1250 1332/1370/1251
f 1351/1361/1242 1332/1370/1251 1331/1362/1243
f 1331/1362/1243 1332/1370/1251 1340/1371/1252
f 1331/1362/1243 1340/1371/1252 1341/1363/1244
f 1341/1363/1244 1340/1371/1252 1321/1372/1253
f 1341/1363/1244 1321/1372/1253 1320/1364/1245
f 1320/1364/1245 1321/1372/1253 1301/1373/1254
f 1320/1364/1245 1301/1373/1254 1300/1365/1246
f 1300/1365/1246 1301/1373/1254 1315/1374/1255
f 1300/1365/1246 1315/1374/1255 1316/1260/1151
f 1316/1260/1151 1315/1374/1255 1289/1258/1149
f 1027/1366/1247 1028/1375/1256 1363/1367/1248
f 1363/1367/1248 1028/1375/1256 1364/1376/1257
f 1363/1367/1248 1364/1376/1257 1365/1368/1249
f 1365/1368/1249 1364/1376/1257 1353/1377/1258
f 1365/1368/1249 1353/1377/1258 1352/1369/1250
f 1352/1369/1250 1353/1377/1258 1333/1378/1259
f 1352/1369/1250 1333/1378/1259 1332/1370/1251
f 1332/1370/1251 1333/1378/1259 1339/1379/1260
f 1332/1370/1251 1339/1379/1260 1340/1371/1252
f 1340/1371/1252 1339/1379/1260 1322/1380/1261
f 1340/1371/1252 1322/1380/1261 1321/1372/1253
f 1321/1372/1253 1322/1380/1261 1302/1381/1262
f 1321/1372/1253 1302/1381/1262 1301/1373/1254
f 1301/1373/1254 1302/1381/1262 1314/1382/1263
f 1301/1373/1254 1314/1382/1263 1315/1374/1255
f 1315/1374/1255 1314/1382/1263 1290/1383/1264
f 1315/1374/1255 1290/1383/1264 1289/1258/1149
f 1289/1258/1149 1290/1383/1264 1271/1256/1147
f 1364/1376/1257 1028/1375/1256 1068/1384/1265
f 1068/1384/1265 1028/1375/1256 1029/1385/1266
f 1068/1384/1265 1029/1385/1266 1335/1386/1267
f 1335/1386/1267 1029/1385/1266 1030/1387/1268
f 1335/1386/1267 1030/1387/1268 1336/1388/1269
f 1336/1388/1269 1030/1387/1268 1031/1389/1270
f 1336/1388/1269 1031/1389/1270 1066/1390/1271
f 1066/1390/1271 1031/1389/1270 1032/1391/1272
f 1066/1390/1271 1032/1391/1272 1307/1392/1273
f 1307/1392/1273 1032/1391/1272 1308/1393/1274
f 1307/1392/1273 1308/1393/1274 1309/1394/1275
f 1309/1394/1275 1308/1393/1274 1296/1395/1276
f 1309/1394/1275 1296/1395/1276 1295/1396/1277
f 1295/1396/1277 1296/1395/1276 1277/1397/1278
f 1295/1396/1277 1277/1397/1278 1276/1398/1279
f 1276/1398/1279 1277/1397/1278 1283/1399/1280
f 1276/1398/1279 1283/1399/1280 1284/1400/1281
f 1284/1400/1281 1283/1399/1280 1266/1401/1282
f 1284/1400/1281 1266/1401/1282 1265/1402/1283
f 1265/1402/1283 1266/1401/1282 1246/1403/1284
f 1265/1402/1283 1246/1403/1284 1245/1404/1285
f 1245/1404/1285 1246/1403/1284 1258/1405/1286
f 1245/1404/1285 1258/1405/1286 1259/1406/1287
f 1259/1406/1287 1258/1405/1286 1235/1407/1288
f 1259/1406/1287 1235/1407/1288 1234/1246/1137
f 1234/1246/1137 1235/1407/1288 1215/1244/1135
f 1032/1391/1272 1033/1408/1289 1308/1393/1274
f 1308/1393/1274 1033/1408/1289 1297/1409/1290
f 1308/1393/1274 1297/1409/1290 1296/1395/1276
f 1296/1395/1276 1297/1409/1290 1278/1410/1291
f 1296/1395/1276 1278/1410/1291 1277/1397/1278
f 1277/1397/1278 1278/1410/1291 1282/1411/1292
f 1277/1397/1278 1282/1411/1292 1283/1399/1280
f 1283/1399/1280 1282/1411/1292 1267/1412/1293
f 1283/1399/1280 1267/1412/1293 1266/1401/1282
f 1266/1401/1282 1267/1412/1293 1247/1413/1294
f 1266/1401/1282 1247/1413/1294 1246/1403/1284
f 1246/1403/1284 1247/1413/1294 1257/1414/1295
f 1246/1403/1284 1257/1414/1295 1258/1405/1286
f 1258/1405/1286 1257/1414/1295 1236/1415/1296
f 1258/1405/1286 1236/1415/1296 1235/1407/1288
f 1235/1407/1288 1236/1415/1296 1216/1416/1297
f 1235/1407/1288 1216/1416/1297 1215/1244/1135
f 1215/1244/1135 1216/1416/1297 1232/1242/1133
f 1033/1408/1289 1034/1417/1298 1297/1409/1290
f 1297/1409/1290 1034/1417/1298 1279/1418/1299
f 1297/1409/1290 1279/1418/1299 1278/1410/1291
f 1278/1410/1291 1279/1418/1299 1281/1419/1300
f 1278/1410/1291 1281/1419/1300 1282/1411/1292
f 1282/1411/1292 1281/1419/1300 1268/1420/1301
f 1282/1411/1292 1268/1420/1301 1267/1412/1293
f 1267/1412/1293 1268/1420/1301 1248/1421/1302
f 1267/1412/1293 1248/1421/1302 1247/1413/1294
f 1247/1413/1294 1248/1421/1302 1256/1422/1303
f 1247/1413/1294 1256/1422/1303 1257/1414/1295
f 1257/1414/1295 1256/1422/1303 1237/1423/1304
f 1257/1414/1295 1237/1423/1304 1236/1415/1296
f 1236/1415/1296 1237/1423/1304 1217/1424/1305
f 1236/1415/1296 1217/1424/1305 1216/1416/1297
f 1216/1416/1297 1217/1424/1305 1231/1425/1306
f 1216/1416/1297 1231/1425/1306 1232/1242/1133
f 1232/1242/1133 1231/1425/1306 1205/1240/1131
f 1034/1417/1298 1035/1426/1307 1279/1418/1299
f 1279/1418/1299 1035/1426/1307 1280/1427/1308
f 1279/1418/1299 1280/1427/1308 1281/1419/1300
f 1281/1419/1300 1280/1427/1308 1269/1428/1309
f 1281/1419/1300 1269/1428/1309 1268/1420/1301
f 1268/1420/1301 1269/1428/1309 1249/1429/1310
f 1268/1420/1301 1249/1429/1310 1248/1421/1302
f 1248/1421/1302 1249/1429/1310 1255/1430/1311
f 1248/1421/1302 1255/1430/1311 1256/1422/1303
f 1256/1422/1303 1255/1430/1311 1238/1431/1312
f 1256/1422/1303 1238/1431/1312 1237/1423/1304
f 1237/1423/1304 1238/1431/1312 1218/1432/1313
f 1237/1423/1304 1218/1432/1313 1217/1424/1305
f 1217/1424/1305 1218/1432/1313 1230/1433/1314
f 1217/1424/1305 1230/1433/1314 1231/1425/1306
f 1231/1425/1306 1230/1433/1314 1206/1434/1315
f 1231/1425/1306 1206/1434/1315 1205/1240/1131
f 1205/1240/1131 1206/1434/1315 1186/1238/1129
f 1280/1427/1308 1035/1426/1307 1063/1435/1316
f 1063/1435/1316 1035/1426/1307 1036/1436/1317
f 1063/1435/1316 1036/1436/1317 1251/1437/1318
f 1251/1437/1318 1036/1436/1317 1037/1438/1319
f 1251/1437/1318 1037/1438/1319 1252/1439/1320
f 1252/1439/1320 1037/1438/1319 1038/1440/1321
f 1252/1439/1320 1038/1440/1321 1061/1441/1322
f 1061/1441/1322 1038/1440/1321 1039/1442/1323
f 1061/1441/1322 1039/1442/1323 1223/1443/1324
f 1223/1443/1324 1039/1442/1323 1224/1444/1325
f 1223/1443/1324 1224/1444/1325 1225/1445/1326
f 1225/1445/1326 1224/1444/1325 1212/1446/1327
f 1225/1445/1326 1212/1446/1327 1211/1447/1328
f 1211/1447/1328 1212/1446/1327 1192/1448/1329
f 1211/1447/1328 1192/1448/1329 1191/1449/1330
f 1191/1449/1330 1192/1448/1329 1197/1450/1331
f 1191/1449/1330 1197/1450/1331 1198/1451/1332
f 1198/1451/1332 1197/1450/1331 1172/1452/1333
f 1198/1451/1332 1172/1452/1333 1171/1453/1334
f 1171/1453/1334 1172/1452/1333 1181/1454/1335
f 1171/1453/1334 1181/1454/1335 1182/1455/1336
f 1182/1455/1336 1181/1454/1335 1161/1456/1337
f 1182/1455/1336 1161/1456/1337 1160/1457/1338
f 1160/1457/1338 1161/1456/1337 1140/1458/1339
f 1160/1457/1338 1140/1458/1339 1139/1228/1119
f 1139/1228/1119 1140/1458/1339 1156/1226/1117
f 1039/1442/1323 1040/1459/1340 1224/1444/1325
f 1224/1444/1325 1040/1459/1340 1213/1460/1341
f 1224/1444/1325 1213/1460/1341 1212/1446/1327
f 1212/1446/1327 1213/1460/1341 1193/1461/1342
f 1212/1446/1327 1193/1461/1342 1192/1448/1329
f 1192/1448/1329 1193/1461/1342 1196/1462/1343
f 1192/1448/1329 1196/1462/1343 1197/1450/1331
f 1197/1450/1331 1196/1462/1343 1173/1463/1344
f 1197/1450/1331 1173/1463/1344 1172/1452/1333
f 1172/1452/1333 1173/1463/1344 1180/1464/1345
f 1172/1452/1333 1180/1464/1345 1181/1454/1335
f 1181/1454/1335 1180/1464/1345 1162/1465/1346
f 1181/1454/1335 1162/1465/1346 1161/1456/1337
f 1161/1456/1337 1162/1465/1346 1141/1466/1347
f 1161/1456/1337 1141/1466/1347 1140/1458/1339
f 1140/1458/1339 1141/1466/1347 1155/1467/1348
f 1140/1458/1339 1155/1467/1348 1156/1226/1117
f 1156/1226/1117 1155/1467/1348 1121/1224/1115
f 1040/1459/1340 1041/1468/1349 1213/1460/1341
f 1213/1460/1341 1041/1468/1349 1058/1469/1350
f 1213/1460/1341 1058/1469/1350 1193/1461/1342
f 1193/1461/1342 1058/1469/1350 1195/1470/1351
f 1193/1461/1342 1195/1470/1351 1196/1462/1343
f 1196/1462/1343 1195/1470/1351 1174/1471/1352
f 1196/1462/1343 1174/1471/1352 1173/1463/1344
f 1173/1463/1344 1174/1471/1352 1179/1472/1353
f 1173/1463/1344 1179/1472/1353 1180/1464/1345
f 1180/1464/1345 1179/1472/1353 1163/1473/1354
f 1180/1464/1345 1163/1473/1354 1162/1465/1346
f 1162/1465/1346 1163/1473/1354 1142/1474/1355
f 1162/1465/1346 1142/1474/1355 1141/1466/1347
f 1141/1466/1347 1142/1474/1355 1154/1475/1356
f 1141/1466/1347 1154/1475/1356 1155/1467/1348
f 1155/1467/1348 1154/1475/1356 1122/1476/1357
f 1155/1467/1348 1122/1476/1357 1121/1224/1115
f 1121/1224/1115 1122/1476/1357 1137/1222/1113
f 1041/1468/1349 1042/1477/1358 1058/1469/1350
f 1058/1469/1350 1042/1477/1358 1194/1478/1359
f 1058/1469/1350 1194/1478/1359 1195/1470/1351
f 1195/1470/1351 1194/1478/1359 1175/1479/1360
f 1195/1470/1351 1175/1479/1360 1174/1471/1352
f 1174/1471/1352 1175/1479/1360 1178/1480/1361
f 1174/1471/1352 1178/1480/1361 1179/1472/1353
f 1179/1472/1353 1178/1480/1361 1164/1481/1362
f 1179/1472/1353 1164/1481/1362 1163/1473/1354
f 1163/1473/1354 1164/1481/1362 1143/1482/1363
f 1163/1473/1354 1143/1482/1363 1142/1474/1355
f 1142/1474/1355 1143/1482/1363 1153/1483/1364
f 1142/1474/1355 1153/1483/1364 1154/1475/1356
f 1154/1475/1356 1153/1483/1364 1123/1484/1365
f 1154/1475/1356 1123/1484/1365 1122/1476/1357
f 1122/1476/1357 1123/1484/1365 1136/1485/1366
f 1122/1476/1357 1136/1485/1366 1137/1222/1113
f 1137/1222/1113 1136/1485/1366 1112/1220/1111
f 1194/1478/1359 1042/1477/1358 1176/1486/1367
f 1176/1486/1367 1042/1477/1358 1043/1487/1368
f 1176/1486/1367 1043/1487/1368 1056/1488/1369
f 1056/1488/1369 1043/1487/1368 1044/1489/1370
f 1056/1488/1369 1044/1489/1370 1167/1490/1371
f 1167/1490/1371 1044/1489/1370 1147/1491/1372
f 1167/1490/1371 1147/1491/1372 1146/1492/1373
f 1146/1492/1373 1147/1491/1372 1149/1493/1374
f 1146/1492/1373 1149/1493/1374 1150/1494/1375
f 1150/1494/1375 1149/1493/1374 1127/1495/1376
f 1150/1494/1375 1127/1495/1376 1126/1496/1377
f 1126/1496/1377 1127/1495/1376 1132/1497/1378
f 1126/1496/1377 1132/1497/1378 1133/1498/1379
f 1133/1498/1379 1132/1497/1378 1116/1499/1380
f 1133/1498/1379 1116/1499/1380 1115/1500/1381
f 1115/1500/1381 1116/1499/1380 1096/1501/1382
f 1115/1500/1381 1096/1501/1382 1095/1502/1383
f 1095/1502/1383 1096/1501/1382 1107/1503/1384
f 1095/1502/1383 1107/1503/1384 1108/1504/1385
f 1108/1504/1385 1107/1503/1384 1084/1505/1386
f 1108/1504/1385 1084/1505/1386 1083/1214/1105
f 1083/1214/1105 1084/1505/1386 1074/1212/1103
f 1044/1489/1370 1045/1506/1387 1147/1491/1372
f 1147/1491/1372 1045/1506/1387 1148/1507/1388
f 1147/1491/1372 1148/1507/1388 1149/1493/1374
f 1149/1493/1374 1148/1507/1388 1128/1508/1389
f 1149/1493/1374 1128/1508/1389 1127/1495/1376
f 1127/1495/1376 1128/1508/1389 1131/1509/1390
f 1127/1495/1376 1131/1509/1390 1132/1497/1378
f 1132/1497/1378 1131/1509/1390 1117/1510/1391
f 1132/1497/1378 1117/1510/1391 1116/1499/1380
f 1116/1499/1380 1117/1510/1391 1097/1511/1392
f 1116/1499/1380 1097/1511/1392 1096/1501/1382
f 1096/1501/1382 1097/1511/1392 1106/1512/1393
f 1096/1501/1382 1106/1512/1393 1107/1503/1384
f 1107/1503/1384 1106/1512/1393 1085/1513/1394
f 1107/1503/1384 1085/1513/1394 1084/1505/1386
f 1084/1505/1386 1085/1513/1394 1075/1210/1101
f 1084/1505/1386 1075/1210/1101 1074/1212/1103
f 1045/1506/1387 1046/1514/1395 1148/1507/1388
f 1148/1507/1388 1046/1514/1395 1129/1515/1396
f 1148/1507/1388 1129/1515/1396 1128/1508/1389
f 1128/1508/1389 1129/1515/1396 1130/1516/1397
f 1128/1508/1389 1130/1516/1397 1131/1509/1390
f 1131/1509/1390 1130/1516/1397 1118/1517/1398
f 1131/1509/1390 1118/1517/1398 1117/1510/1391
f 1117/1510/1391 1118/1517/1398 1098/1518/1399
f 1117/1510/1391 1098/1518/1399 1097/1511/1392
f 1097/1511/1392 1098/1518/1399 1105/1519/1400
f 1097/1511/1392 1105/1519/1400 1106/1512/1393
f 1106/1512/1393 1105/1519/1400 1086/1520/1401
f 1106/1512/1393 1086/1520/1401 1085/1513/1394
f 1085/1513/1394 1086/1520/1401 1076/1208/1099
f 1085/1513/1394 1076/1208/1099 1075/1210/1101
f 1129/1515/1396 1046/1514/1395 1053/1521/1402
f 1053/1521/1402 1046/1514/1395 1047/1522/1403
f 1053/1521/1402 1047/1522/1403 1120/1523/1404
f 1120/1523/1404 1047/1522/1403 1048/1524/1405
f 1120/1523/1404 1048/1524/1405 1051/1525/1406
f 1051/1525/1406 1048/1524/1405 1049/1526/1407
f 1051/1525/1406 1049/1526/1407 1101/1527/1408
f 1101/1527/1408 1049/1526/1407 1091/1528/1409
f 1101/1527/1408 1091/1528/1409 1090/1529/1410
f 1090/1529/1410 1091/1528/1409 1081/1198/1089
f 1090/1529/1410 1081/1198/1089 1080/1200/1091
f 1049/1526/1407 1050/1194/1085 1091/1528/1409
f 1091/1528/1409 1050/1194/1085 1082/1196/1087
f 1091/1528/1409 1082/1196/1087 1081/1198/1089
f 1076/1208/1099 1086/1520/1401 1077/1206/1097
f 1077/1206/1097 1086/1520/1401 1087/1530/1411
f 1077/1206/1097 1087/1530/1411 1078/1204/1095
f 1078/1204/1095 1087/1530/1411 1088/1531/1412
f 1078/1204/1095 1088/1531/1412 1079/1202/1093
f 1079/1202/1093 1088/1531/1412 1089/1532/1413
f 1079/1202/1093 1089/1532/1413 1080/1200/1091
f 1080/1200/1091 1089/1532/1413 1090/1529/1410
f 1108/1504/1385 1083/1214/1105 1109/1216/1107
f 1086/1520/1401 1105/1519/1400 1087/1530/1411
f 1087/1530/1411 1105/1519/1400 1104/1533/1414
f 1087/1530/1411 1104/1533/1414 1088/1531/1412
f 1088/1531/1412 1104/1533/1414 1103/1534/1415
f 1088/1531/1412 1103/1534/1415 1089/1532/1413
f 1089/1532/1413 1103/1534/1415 1102/1535/1416
f 1089/1532/1413 1102/1535/1416 1090/1529/1410
f 1090/1529/1410 1102/1535/1416 1101/1527/1408
f 1108/1504/1385 1109/1216/1107 1094/1536/1417
f 1094/1536/1417 1109/1216/1107 1093/1218/1109
f 1094/1536/1417 1093/1218/1109 1113/1537/1418
f 1113/1537/1418 1093/1218/1109 1112/1220/1111
f 1113/1537/1418 1112/1220/1111 1136/1485/1366
f 1108/1504/1385 1094/1536/1417 1095/1502/1383
f 1095/1502/1383 1094/1536/1417 1114/1538/1419
f 1095/1502/1383 1114/1538/1419 1115/1500/1381
f 1115/1500/1381 1114/1538/1419 1134/1539/1420
f 1115/1500/1381 1134/1539/1420 1133/1498/1379
f 1133/1498/1379 1134/1539/1420 1125/1540/1421
f 1133/1498/1379 1125/1540/1421 1126/1496/1377
f 1126/1496/1377 1125/1540/1421 1151/1541/1422
f 1126/1496/1377 1151/1541/1422 1150/1494/1375
f 1150/1494/1375 1151/1541/1422 1145/1542/1423
f 1150/1494/1375 1145/1542/1423 1146/1492/1373
f 1146/1492/1373 1145/1542/1423 1166/1543/1424
f 1146/1492/1373 1166/1543/1424 1167/1490/1371
f 1167/1490/1371 1166/1543/1424 1056/1488/1369
f 1114/1538/1419 1094/1536/1417 1113/1537/1418
f 1104/1533/1414 1105/1519/1400 1098/1518/1399
f 1103/1534/1415 1104/1533/1414 1099/1544/1425
f 1099/1544/1425 1104/1533/1414 1098/1518/1399
f 1099/1544/1425 1098/1518/1399 1118/1517/1398
f 1102/1535/1416 1103/1534/1415 1100/1545/1426
f 1100/1545/1426 1103/1534/1415 1099/1544/1425
f 1100/1545/1426 1099/1544/1425 1119/1546/1427
f 1119/1546/1427 1099/1544/1425 1118/1517/1398
f 1119/1546/1427 1118/1517/1398 1130/1516/1397
f 1101/1527/1408 1102/1535/1416 1051/1525/1406
f 1051/1525/1406 1102/1535/1416 1100/1545/1426
f 1051/1525/1406 1100/1545/1426 1120/1523/1404
f 1120/1523/1404 1100/1545/1426 1119/1546/1427
f 1120/1523/1404 1119/1546/1427 1053/1521/1402
f 1053/1521/1402 1119/1546/1427 1130/1516/1397
f 1053/1521/1402 1130/1516/1397 1129/1515/1396
f 1114/1538/1419 1113/1537/1418 1135/1547/1428
f 1135/1547/1428 1113/1537/1418 1136/1485/1366
f 1135/1547/1428 1136/1485/1366 1123/1484/1365
f 1123/1484/1365 1124/1548/1429 1135/1547/1428
f 1135/1547/1428 1124/1548/1429 1134/1539/1420
f 1135/1547/1428 1134/1539/1420 1114/1538/1419
f 1134/1539/1420 1124/1548/1429 1125/1540/1421
f 1125/1540/1421 1124/1548/1429 1152/1549/1430
f 1125/1540/1421 1152/1549/1430 1151/1541/1422
f 1151/1541/1422 1152/1549/1430 1144/1550/1431
f 1151/1541/1422 1144/1550/1431 1145/1542/1423
f 1145/1542/1423 1144/1550/1431 1165/1551/1432
f 1145/1542/1423 1165/1551/1432 1166/1543/1424
f 1166/1543/1424 1165/1551/1432 1177/1552/1433
f 1166/1543/1424 1177/1552/1433 1056/1488/1369
f 1056/1488/1369 1177/1552/1433 1176/1486/1367
f 1152/1549/1430 1124/1548/1429 1153/1483/1364
f 1153/1483/1364 1124/1548/1429 1123/1484/1365
f 1160/1457/1338 1139/1228/1119 1159/1230/1121
f 1152/1549/1430 1153/1483/1364 1143/1482/1363
f 1152/1549/1430 1143/1482/1363 1144/1550/1431
f 1144/1550/1431 1143/1482/1363 1164/1481/1362
f 1144/1550/1431 1164/1481/1362 1165/1551/1432
f 1165/1551/1432 1164/1481/1362 1178/1480/1361
f 1165/1551/1432 1178/1480/1361 1177/1552/1433
f 1177/1552/1433 1178/1480/1361 1175/1479/1360
f 1177/1552/1433 1175/1479/1360 1176/1486/1367
f 1176/1486/1367 1175/1479/1360 1194/1478/1359
f 1160/1457/1338 1159/1230/1121 1183/1553/1434
f 1183/1553/1434 1159/1230/1121 1184/1232/1123
f 1183/1553/1434 1184/1232/1123 1169/1554/1435
f 1169/1554/1435 1184/1232/1123 1168/1234/1125
f 1169/1554/1435 1168/1234/1125 1201/1555/1436
f 1201/1555/1436 1168/1234/1125 1202/1236/1127
f 1201/1555/1436 1202/1236/1127 1187/1556/1437
f 1187/1556/1437 1202/1236/1127 1186/1238/1129
f 1187/1556/1437 1186/1238/1129 1206/1434/1315
f 1169/1554/1435 1170/1557/1438 1183/1553/1434
f 1183/1553/1434 1170/1557/1438 1182/1455/1336
f 1183/1553/1434 1182/1455/1336 1160/1457/1338
f 1182/1455/1336 1170/1557/1438 1171/1453/1334
f 1171/1453/1334 1170/1557/1438 1199/1558/1439
f 1171/1453/1334 1199/1558/1439 1198/1451/1332
f 1198/1451/1332 1199/1558/1439 1190/1559/1440
f 1198/1451/1332 1190/1559/1440 1191/1449/1330
f 1191/1449/1330 1190/1559/1440 1210/1560/1441
f 1191/1449/1330 1210/1560/1441 1211/1447/1328
f 1211/1447/1328 1210/1560/1441 1226/1561/1442
f 1211/1447/1328 1226/1561/1442 1225/1445/1326
f 1225/1445/1326 1226/1561/1442 1222/1562/1443
f 1225/1445/1326 1222/1562/1443 1223/1443/1324
f 1223/1443/1324 1222/1562/1443 1061/1441/1322
f 1170/1557/1438 1169/1554/1435 1200/1563/1444
f 1200/1563/1444 1169/1554/1435 1201/1555/1436
f 1200/1563/1444 1201/1555/1436 1188/1564/1445
f 1188/1564/1445 1201/1555/1436 1187/1556/1437
f 1188/1564/1445 1187/1556/1437 1207/1565/1446
f 1207/1565/1446 1187/1556/1437 1206/1434/1315
f 1207/1565/1446 1206/1434/1315 1230/1433/1314
f 1188/1564/1445 1189/1566/1447 1200/1563/1444
f 1200/1563/1444 1189/1566/1447 1199/1558/1439
f 1200/1563/1444 1199/1558/1439 1170/1557/1438
f 1199/1558/1439 1189/1566/1447 1190/1559/1440
f 1190/1559/1440 1189/1566/1447 1209/1567/1448
f 1190/1559/1440 1209/1567/1448 1210/1560/1441
f 1210/1560/1441 1209/1567/1448 1227/1568/1449
f 1210/1560/1441 1227/1568/1449 1226/1561/1442
f 1226/1561/1442 1227/1568/1449 1221/1569/1450
f 1226/1561/1442 1221/1569/1450 1222/1562/1443
f 1222/1562/1443 1221/1569/1450 1241/1570/1451
f 1222/1562/1443 1241/1570/1451 1061/1441/1322
f 1061/1441/1322 1241/1570/1451 1252/1439/1320
f 1189/1566/1447 1188/1564/1445 1208/1571/1452
f 1208/1571/1452 1188/1564/1445 1207/1565/1446
f 1208/1571/1452 1207/1565/1446 1229/1572/1453
f 1229/1572/1453 1207/1565/1446 1230/1433/1314
f 1229/1572/1453 1230/1433/1314 1218/1432/1313
f 1189/1566/1447 1208/1571/1452 1209/1567/1448
f 1209/1567/1448 1208/1571/1452 1228/1573/1454
f 1209/1567/1448 1228/1573/1454 1227/1568/1449
f 1227/1568/1449 1228/1573/1454 1220/1574/1455
f 1227/1568/1449 1220/1574/1455 1221/1569/1450
f 1221/1569/1450 1220/1574/1455 1240/1575/1456
f 1221/1569/1450 1240/1575/1456 1241/1570/1451
f 1241/1570/1451 1240/1575/1456 1253/1576/1457
f 1241/1570/1451 1253/1576/1457 1252/1439/1320
f 1252/1439/1320 1253/1576/1457 1251/1437/1318
f 1228/1573/1454 1208/1571/1452 1229/1572/1453
f 1228/1573/1454 1229/1572/1453 1219/1577/1458
f 1219/1577/1458 1229/1572/1453 1218/1432/1313
f 1219/1577/1458 1218/1432/1313 1238/1431/1312
f 1228/1573/1454 1219/1577/1458 1220/1574/1455
f 1220/1574/1455 1219/1577/1458 1239/1578/1459
f 1220/1574/1455 1239/1578/1459 1240/1575/1456
f 1240/1575/1456 1239/1578/1459 1254/1579/1460
f 1240/1575/1456 1254/1579/1460 1253/1576/1457
f 1253/1576/1457 1254/1579/1460 1250/1580/1461
f 1253/1576/1457 1250/1580/1461 1251/1437/1318
f 1251/1437/1318 1250/1580/1461 1063/1435/1316
f 1239/1578/1459 1219/1577/1458 1238/1431/1312
f 1259/1406/1287 1234/1246/1137 1260/1248/1139
f 1254/1579/1460 1239/1578/1459 1255/1430/1311
f 1255/1430/1311 1239/1578/1459 1238/1431/1312
f 1259/1406/1287 1260/1248/1139 1244/1581/1462
f 1244/1581/1462 1260/1248/1139 1243/1250/1141
f 1244/1581/1462 1243/1250/1141 1263/1582/1463
f 1263/1582/1463 1243/1250/1141 1262/1252/1143
f 1263/1582/1463 1262/1252/1143 1287/1583/1464
f 1287/1583/1464 1262/1252/1143 1288/1254/1145
f 1287/1583/1464 1288/1254/1145 1272/1584/1465
f 1272/1584/1465 1288/1254/1145 1271/1256/1147
f 1272/1584/1465 1271/1256/1147 1290/1383/1264
f 1259/1406/1287 1244/1581/1462 1245/1404/1285
f 1245/1404/1285 1244/1581/1462 1264/1585/1466
f 1245/1404/1285 1264/1585/1466 1265/1402/1283
f 1265/1402/1283 1264/1585/1466 1285/1586/1467
f 1265/1402/1283 1285/1586/1467 1284/1400/1281
f 1284/1400/1281 1285/1586/1467 1275/1587/1468
f 1284/1400/1281 1275/1587/1468 1276/1398/1279
f 1276/1398/1279 1275/1587/1468 1294/1588/1469
f 1276/1398/1279 1294/1588/1469 1295/1396/1277
f 1295/1396/1277 1294/1588/1469 1310/1589/1470
f 1295/1396/1277 1310/1589/1470 1309/1394/1275
f 1309/1394/1275 1310/1589/1470 1306/1590/1471
f 1309/1394/1275 1306/1590/1471 1307/1392/1273
f 1307/1392/1273 1306/1590/1471 1066/1390/1271
f 1264/1585/1466 1244/1581/1462 1263/1582/1463
f 1254/1579/1460 1255/1430/1311 1249/1429/1310
f 1254/1579/1460 1249/1429/1310 1250/1580/1461
f 1250/1580/1461 1249/1429/1310 1269/1428/1309
f 1250/1580/1461 1269/1428/1309 1063/1435/1316
f 1063/1435/1316 1269/1428/1309 1280/1427/1308
f 1264/1585/1466 1263/1582/1463 1286/1591/1472
f 1286/1591/1472 1263/1582/1463 1287/1583/1464
f 1286/1591/1472 1287/1583/1464 1273/1592/1473
f 1273/1592/1473 1287/1583/1464 1272/1584/1465
f 1273/1592/1473 1272/1584/1465 1291/1593/1474
f 1291/1593/1474 1272/1584/1465 1290/1383/1264
f 1291/1593/1474 1290/1383/1264 1314/1382/1263
f 1273/1592/1473 1274/1594/1475 1286/1591/1472
f 1286/1591/1472 1274/1594/1475 1285/1586/1467
f 1286/1591/1472 1285/1586/1467 1264/1585/1466
f 1285/1586/1467 1274/1594/1475 1275/1587/1468
f 1275/1587/1468 1274/1594/1475 1293/1595/1476
f 1275/1587/1468 1293/1595/1476 1294/1588/1469
f 1294/1588/1469 1293/1595/1476 1311/1596/1477
f 1294/1588/1469 1311/1596/1477 1310/1589/1470
f 1310/1589/1470 1311/1596/1477 1305/1597/1478
f 1310/1589/1470 1305/1597/1478 1306/1590/1471
f 1306/1590/1471 1305/1597/1478 1325/1598/1479
f 1306/1590/1471 1325/1598/1479 1066/1390/1271
f 1066/1390/1271 1325/1598/1479 1336/1388/1269
f 1274/1594/1475 1273/1592/1473 1292/1599/1480
f 1292/1599/1480 1273/1592/1473 1291/1593/1474
f 1292/1599/1480 1291/1593/1474 1313/1600/1481
f 1313/1600/1481 1291/1593/1474 1314/1382/1263
f 1313/1600/1481 1314/1382/1263 1302/1381/1262
f 1274/1594/1475 1292/1599/1480 1293/1595/1476
f 1293/1595/1476 1292/1599/1480 1312/1601/1482
f 1293/1595/1476 1312/1601/1482 1311/1596/1477
f 1311/1596/1477 1312/1601/1482 1304/1602/1483
f 1311/1596/1477 1304/1602/1483 1305/1597/1478
f 1305/1597/1478 1304/1602/1483 1324/1603/1484
f 1305/1597/1478 1324/1603/1484 1325/1598/1479
f 1325/1598/1479 1324/1603/1484 1337/1604/1485
f 1325/1598/1479 1337/1604/1485 1336/1388/1269
f 1336/1388/1269 1337/1604/1485 1335/1386/1267
f 1312/1601/1482 1292/1599/1480 1313/1600/1481
f 1312/1601/1482 1313/1600/1481 1303/1605/1486
f 1303/1605/1486 1313/1600/1481 1302/1381/1262
f 1303/1605/1486 1302/1381/1262 1322/1380/1261
f 1312/1601/1482 1303/1605/1486 1304/1602/1483
f 1304/1602/1483 1303/1605/1486 1323/1606/1487
f 1304/1602/1483 1323/1606/1487 1324/1603/1484
f 1324/1603/1484 1323/1606/1487 1338/1607/1488
f 1324/1603/1484 1338/1607/1488 1337/1604/1485
f 1337/1604/1485 1338/1607/1488 1334/1608/1489
f 1337/1604/1485 1334/1608/1489 1335/1386/1267
f 1335/1386/1267 1334/1608/1489 1068/1384/1265
f 1323/1606/1487 1303/1605/1486 1322/1380/1261
f 1343/1355/1236 1318/1264/1155 1344/1266/1157
f 1338/1607/1488 1323/1606/1487 1339/1379/1260
f 1339/1379/1260 1323/1606/1487 1322/1380/1261
f 1343/1355/1236 1344/1266/1157 1328/1609/1490
f 1328/1609/1490 1344/1266/1157 1327/1268/1159
f 1328/1609/1490 1327/1268/1159 1347/1610/1491
f 1347/1610/1491 1327/1268/1159 1346/1270/1161
f 1347/1610/1491 1346/1270/1161 1371/1611/1492
f 1371/1611/1492 1346/1270/1161 1372/1272/1163
f 1371/1611/1492 1372/1272/1163 1356/1612/1493
f 1356/1612/1493 1372/1272/1163 1355/1274/1165
f 1356/1612/1493 1355/1274/1165 1375/1613/1494
f 1375/1613/1494 1355/1274/1165 1374/1276/1167
f 1375/1613/1494 1374/1276/1167 1400/1614/1495
f 1400/1614/1495 1374/1276/1167 1401/1278/1169
f 1400/1614/1495 1401/1278/1169 1385/1615/1496
f 1385/1615/1496 1401/1278/1169 1384/1280/1171
f 1385/1615/1496 1384/1280/1171 1404/1616/1497
f 1404/1616/1497 1384/1280/1171 1403/1282/1173
f 1404/1616/1497 1403/1282/1173 1428/1617/1498
f 1428/1617/1498 1403/1282/1173 1429/1284/1175
f 1428/1617/1498 1429/1284/1175 1413/1618/1499
f 1413/1618/1499 1429/1284/1175 1412/1286/1177
f 1413/1618/1499 1412/1286/1177 1433/1318/1207
f 1433/1318/1207 1412/1286/1177 1432/1288/1179
f 1343/1355/1236 1328/1609/1490 1329/1353/1234
f 1329/1353/1234 1328/1609/1490 1348/1619/1500
f 1329/1353/1234 1348/1619/1500 1349/1351/1232
f 1349/1351/1232 1348/1619/1500 1369/1620/1501
f 1349/1351/1232 1369/1620/1501 1368/1349/1230
f 1368/1349/1230 1369/1620/1501 1359/1621/1502
f 1368/1349/1230 1359/1621/1502 1360/1347/1228
f 1360/1347/1228 1359/1621/1502 1379/1622/1503
f 1360/1347/1228 1379/1622/1503 1380/1345/1226
f 1380/1345/1226 1379/1622/1503 1395/1623/1504
f 1380/1345/1226 1395/1623/1504 1394/1343/1224
f 1394/1343/1224 1395/1623/1504 1391/1624/1505
f 1394/1343/1224 1391/1624/1505 1392/1341/1222
f 1392/1341/1222 1391/1624/1505 1071/1339/1220
f 1348/1619/1500 1328/1609/1490 1347/1610/1491
f 1338/1607/1488 1339/1379/1260 1333/1378/1259
f 1338/1607/1488 1333/1378/1259 1334/1608/1489
f 1334/1608/1489 1333/1378/1259 1353/1377/1258
f 1334/1608/1489 1353/1377/1258 1068/1384/1265
f 1068/1384/1265 1353/1377/1258 1364/1376/1257
f 1348/1619/1500 1347/1610/1491 1370/1625/1506
f 1370/1625/1506 1347/1610/1491 1371/1611/1492
f 1370/1625/1506 1371/1611/1492 1357/1626/1507
f 1357/1626/1507 1371/1611/1492 1356/1612/1493
f 1357/1626/1507 1356/1612/1493 1376/1627/1508
f 1376/1627/1508 1356/1612/1493 1375/1613/1494
f 1376/1627/1508 1375/1613/1494 1399/1628/1509
f 1399/1628/1509 1375/1613/1494 1400/1614/1495
f 1399/1628/1509 1400/1614/1495 1386/1629/1510
f 1386/1629/1510 1400/1614/1495 1385/1615/1496
f 1386/1629/1510 1385/1615/1496 1405/1630/1511
f 1405/1630/1511 1385/1615/1496 1404/1616/1497
f 1405/1630/1511 1404/1616/1497 1427/1631/1512
f 1427/1631/1512 1404/1616/1497 1428/1617/1498
f 1427/1631/1512 1428/1617/1498 1414/1632/1513
f 1414/1632/1513 1428/1617/1498 1413/1618/1499
f 1414/1632/1513 1413/1618/1499 1434/1320/1208
f 1434/1320/1208 1413/1618/1499 1433/1318/1207
f 1357/1626/1507 1358/1633/1514 1370/1625/1506
f 1370/1625/1506 1358/1633/1514 1369/1620/1501
f 1370/1625/1506 1369/1620/1501 1348/1619/1500
f 1369/1620/1501 1358/1633/1514 1359/1621/1502
f 1359/1621/1502 1358/1633/1514 1378/1634/1515
f 1359/1621/1502 1378/1634/1515 1379/1622/1503
f 1379/1622/1503 1378/1634/1515 1396/1635/1516
f 1379/1622/1503 1396/1635/1516 1395/1623/1504
f 1395/1623/1504 1396/1635/1516 1390/1636/1517
f 1395/1623/1504 1390/1636/1517 1391/1624/1505
f 1391/1624/1505 1390/1636/1517 1410/1637/1518
f 1391/1624/1505 1410/1637/1518 1071/1339/1220
f 1071/1339/1220 1410/1637/1518 1421/1337/1218
f 1358/1633/1514 1357/1626/1507 1377/1638/1519
f 1377/1638/1519 1357/1626/1507 1376/1627/1508
f 1377/1638/1519 1376/1627/1508 1398/1639/1520
f 1398/1639/1520 1376/1627/1508 1399/1628/1509
f 1398/1639/1520 1399/1628/1509 1387/1640/1521
f 1387/1640/1521 1399/1628/1509 1386/1629/1510
f 1387/1640/1521 1386/1629/1510 1406/1641/1522
f 1406/1641/1522 1386/1629/1510 1405/1630/1511
f 1406/1641/1522 1405/1630/1511 1426/1642/1523
f 1426/1642/1523 1405/1630/1511 1427/1631/1512
f 1426/1642/1523 1427/1631/1512 1415/1643/1524
f 1415/1643/1524 1427/1631/1512 1414/1632/1513
f 1415/1643/1524 1414/1632/1513 1435/1322/1209
f 1435/1322/1209 1414/1632/1513 1434/1320/1208
f 1358/1633/1514 1377/1638/1519 1378/1634/1515
f 1378/1634/1515 1377/1638/1519 1397/1644/1525
f 1378/1634/1515 1397/1644/1525 1396/1635/1516
f 1396/1635/1516 1397/1644/1525 1389/1645/1526
f 1396/1635/1516 1389/1645/1526 1390/1636/1517
f 1390/1636/1517 1389/1645/1526 1409/1646/1527
f 1390/1636/1517 1409/1646/1527 1410/1637/1518
f 1410/1637/1518 1409/1646/1527 1422/1647/1528
f 1410/1637/1518 1422/1647/1528 1421/1337/1218
f 1421/1337/1218 1422/1647/1528 1420/1335/1216
f 1397/1644/1525 1377/1638/1519 1398/1639/1520
f 1397/1644/1525 1398/1639/1520 1388/1648/1529
f 1388/1648/1529 1398/1639/1520 1387/1640/1521
f 1388/1648/1529 1387/1640/1521 1407/1649/1530
f 1407/1649/1530 1387/1640/1521 1406/1641/1522
f 1407/1649/1530 1406/1641/1522 1425/1650/1531
f 1425/1650/1531 1406/1641/1522 1426/1642/1523
f 1425/1650/1531 1426/1642/1523 1416/1651/1532
f 1416/1651/1532 1426/1642/1523 1415/1643/1524
f 1416/1651/1532 1415/1643/1524 1436/1324/1210
f 1436/1324/1210 1415/1643/1524 1435/1322/1209
f 1397/1644/1525 1388/1648/1529 1389/1645/1526
f 1389/1645/1526 1388/1648/1529 1408/1652/1533
f 1389/1645/1526 1408/1652/1533 1409/1646/1527
f 1409/1646/1527 1408/1652/1533 1423/1653/1534
f 1409/1646/1527 1423/1653/1534 1422/1647/1528
f 1422/1647/1528 1423/1653/1534 1419/1654/1535
f 1422/1647/1528 1419/1654/1535 1420/1335/1216
f 1420/1335/1216 1419/1654/1535 1440/1332/1214
f 1408/1652/1533 1388/1648/1529 1407/1649/1530
f 1408/1652/1533 1407/1649/1530 1424/1655/1536
f 1424/1655/1536 1407/1649/1530 1425/1650/1531
f 1424/1655/1536 1425/1650/1531 1417/1656/1537
f 1417/1656/1537 1425/1650/1531 1416/1651/1532
f 1417/1656/1537 1416/1651/1532 1437/1326/1211
f 1437/1326/1211 1416/1651/1532 1436/1324/1210
f 1417/1656/1537 1418/1657/1538 1424/1655/1536
f 1424/1655/1536 1418/1657/1538 1423/1653/1534
f 1424/1655/1536 1423/1653/1534 1408/1652/1533
f 1423/1653/1534 1418/1657/1538 1419/1654/1535
f 1419/1654/1535 1418/1657/1538 1439/1330/1213
f 1419/1654/1535 1439/1330/1213 1440/1332/1214
f 1437/1326/1211 1438/1328/1212 1417/1656/1537
f 1417/1656/1537 1438/1328/1212 1418/1657/1538
f 1438/1328/1212 1439/1330/1213 1418/1657/1538
f 1050/1658/1539 1472/1659/1540 1013/1660/1541
f 1013/1660/1541 1472/1659/1540 1441/1661/1542
f 1013/1660/1541 1441/1661/1542 1442/1662/1543
f 1472/1659/1540 1050/1658/1539 1471/1663/1544
f 1471/1663/1544 1050/1658/1539 1049/1664/1545
f 1471/1663/1544 1049/1664/1545 1470/1665/1546
f 1470/1665/1546 1049/1664/1545 1048/1666/1547
f 1470/1665/1546 1048/1666/1547 1469/1667/1548
f 1469/1667/1548 1048/1666/1547 1047/1668/1549
f 1469/1667/1548 1047/1668/1549 1468/1669/1550
f 1468/1669/1550 1047/1668/1549 1046/1670/1551
f 1468/1669/1550 1046/1670/1551 1467/1671/1552
f 1467/1671/1552 1046/1670/1551 1045/1672/1553
f 1467/1671/1552 1045/1672/1553 1466/1673/1554
f 1466/1673/1554 1045/1672/1553 1044/1674/1555
f 1466/1673/1554 1044/1674/1555 1465/1675/1556
f 1465/1675/1556 1044/1674/1555 1043/1676/1557
f 1465/1675/1556 1043/1676/1557 1464/1677/1558
f 1464/1677/1558 1043/1676/1557 1042/1678/1559
f 1464/1677/1558 1042/1678/1559 1463/1679/1560
f 1463/1679/1560 1042/1678/1559 1041/1680/1561
f 1463/1679/1560 1041/1680/1561 1462/1681/1562
f 1462/1681/1562 1041/1680/1561 1040/1682/1563
f 1462/1681/1562 1040/1682/1563 1461/1683/1564
f 1461/1683/1564 1040/1682/1563 1039/1684/1565
f 1461/1683/1564 1039/1684/1565 1460/1685/1566
f 1460/1685/1566 1039/1684/1565 1038/1686/1567
f 1460/1685/1566 1038/1686/1567 1459/1687/1568
f 1459/1687/1568 1038/1686/1567 1037/1688/1569
f 1459/1687/1568 1037/1688/1569 1458/1689/1570
f 1458/1689/1570 1037/1688/1569 1036/1690/1571
f 1458/1689/1570 1036/1690/1571 1457/1691/1572
f 1457/1692/1572 1036/1693/1571 1456/1694/1573
f 1456/1694/1573 1036/1693/1571 1035/1695/1574
f 1456/1694/1573 1035/1695/1574 1455/1696/1575
f 1455/1696/1575 1035/1695/1574 1034/1697/1576
f 1455/1696/1575 1034/1697/1576 1454/1698/1577
f 1454/1698/1577 1034/1697/1576 1033/1699/1578
f 1454/1698/1577 1033/1699/1578 1453/1700/1579
f 1453/1700/1579 1033/1699/1578 1032/1701/1580
f 1453/1700/1579 1032/1701/1580 1452/1702/1581
f 1452/1702/1581 1032/1701/1580 1031/1703/1582
f 1452/1702/1581 1031/1703/1582 1451/1704/1583
f 1451/1704/1583 1031/1703/1582 1030/1705/1584
f 1451/1704/1583 1030/1705/1584 1450/1706/1585
f 1450/1706/1585 1030/1705/1584 1029/1707/1586
f 1450/1706/1585 1029/1707/1586 1449/1708/1587
f 1449/1708/1587 1029/1707/1586 1028/1709/1588
f 1449/1708/1587 1028/1709/1588 1448/1710/1589
f 1448/1710/1589 1028/1709/1588 1027/1711/1590
f 1448/1710/1589 1027/1711/1590 1447/1712/1591
f 1447/1712/1591 1027/1711/1590 1026/1713/1592
f 1447/1712/1591 1026/1713/1592 1446/1714/1593
f 1446/1714/1593 1026/1713/1592 1025/1715/1594
f 1446/1714/1593 1025/1715/1594 1445/1716/1595
f 1445/1716/1595 1025/1715/1594 1024/1717/1596
f 1445/1716/1595 1024/1717/1596 1444/1718/1597
f 1444/1718/1597 1024/1717/1596 1023/1719/1598
f 1444/1718/1597 1023/1719/1598 1443/1720/1599
f 1443/1720/1599 1023/1719/1598 1022/1721/1600
f 1443/1720/1599 1022/1721/1600 1442/1662/1543
f 1442/1662/1543 1022/1721/1600 1013/1660/1541
f 1472/1722/1601 1504/1723/1602 1441/1724/1603
f 1441/1724/1603 1504/1723/1602 1473/1725/1604
f 1441/1724/1603 1473/1725/1604 1442/1726/1605
f 1442/1726/1605 1473/1725/1604 1474/1727/1606
f 1442/1726/1605 1474/1727/1606 1443/1728/1607
f 1443/1728/1607 1474/1727/1606 1475/1729/1608
f 1443/1728/1607 1475/1729/1608 1444/1730/1609
f 1444/1730/1609 1475/1729/1608 1476/1731/1610
f 1444/1730/1609 1476/1731/1610 1445/1732/1611
f 1445/1732/1611 1476/1731/1610 1477/1733/1612
f 1445/1732/1611 1477/1733/1612 1446/1734/1613
f 1446/1734/1613 1477/1733/1612 1478/1735/1614
f 1446/1734/1613 1478/1735/1614 1447/1736/1615
f 1447/1736/1615 1478/1735/1614 1479/1737/1616
f 1447/1736/1615 1479/1737/1616 1448/1738/1617
f 1448/1738/1617 1479/1737/1616 1480/1739/1618
f 1448/1738/1617 1480/1739/1618 1449/1740/1619
f 1449/1740/1619 1480/1739/1618 1481/1741/1620
f 1449/1740/1619 1481/1741/1620 1450/1742/1621
f 1450/1742/1621 1481/1741/1620 1482/1743/1622
f 1450/1742/1621 1482/1743/1622 1451/1744/1623
f 1451/1744/1623 1482/1743/1622 1483/1745/1624
f 1451/1744/1623 1483/1745/1624 1452/1746/1625
f 1452/1746/1625 1483/1745/1624 1484/1747/1626
f 1452/1746/1625 1484/1747/1626 1453/1748/1627
f 1453/1748/1627 1484/1747/1626 1485/1749/1628
f 1453/1748/1627 1485/1749/1628 1454/1750/1629
f 1454/1750/1629 1485/1749/1628 1486/1751/1630
f 1454/1750/1629 1486/1751/1630 1455/1752/1631
f 1455/1752/1631 1486/1751/1630 1487/1753/1632
f 1455/1752/1631 1487/1753/1632 1456/1754/1633
f 1456/1754/1633 1487/1753/1632 1488/1755/1634
f 1456/1754/1633 1488/1755/1634 1457/1756/1635
f 1457/1756/1635 1488/1755/1634 1489/1757/1636
f 1457/1758/1635 1489/1759/1636 1458/1760/1637
f 1458/1760/1637 1489/1759/1636 1490/1761/1638
f 1458/1760/1637 1490/1761/1638 1459/1762/1639
f 1459/1762/1639 1490/1761/1638 1491/1763/1640
f 1459/1762/1639 1491/1763/1640 1460/1764/1641
f 1460/1764/1641 1491/1763/1640 1492/1765/1642
f 1460/1764/1641 1492/1765/1642 1461/1766/1643
f 1461/1766/1643 1492/1765/1642 1493/1767/1644
f 1461/1766/1643 1493/1767/1644 1462/1768/1645
f 1462/1768/1645 1493/1767/1644 1494/1769/1646
f 1462/1768/1645 1494/1769/1646 1463/1770/1647
f 1463/1770/1647 1494/1769/1646 1495/1771/1648
f 1463/1770/1647 1495/1771/1648 1464/1772/1649
f 1464/1772/1649 1495/1771/1648 1496/1773/1650
f 1464/1772/1649 1496/1773/1650 1465/1774/1651
f 1465/1774/1651 1496/1773/1650 1497/1775/1652
f 1465/1774/1651 1497/1775/1652 1466/1776/1653
f 1466/1776/1653 1497/1775/1652 1498/1777/1654
f 1466/1776/1653 1498/1777/1654 1467/1778/1655
f 1467/1778/1655 1498/1777/1654 1499/1779/1656
f 1467/1778/1655 1499/1779/1656 1468/1780/1657
f 1468/1780/1657 1499/1779/1656 1500/1781/1658
f 1468/1780/1657 1500/1781/1658 1469/1782/1659
f 1469/1782/1659 1500/1781/1658 1501/1783/1660
f 1469/1782/1659 1501/1783/1660 1470/1784/1661
f 1470/1784/1661 1501/1783/1660 1502/1785/1662
f 1470/1784/1661 1502/1785/1662 1471/1786/1663
f 1471/1786/1663 1502/1785/1662 1503/1787/1664
f 1471/1786/1663 1503/1787/1664 1472/1722/1601
f 1472/1722/1601 1503/1787/1664 1504/1723/1602
f 1473/1788/1665 1504/1789/1666 1474/1790/1667
f 1474/1790/1667 1504/1789/1666 1475/1791/1668
f 1475/1791/1668 1504/1789/1666 1503/1792/1669
f 1475/1791/1668 1503/1792/1669 1476/1793/1670
f 1476/1793/1670 1503/1792/1669 1502/1794/1671
f 1476/1793/1670 1502/1794/1671 1477/1795/1672
f 1477/1795/1672 1502/1794/1671 1501/1796/1673
f 1477/1795/1672 1501/1796/1673 1478/1797/1674
f 1478/1797/1674 1501/1796/1673 1500/1798/1675
f 1478/1797/1674 1500/1798/1675 1479/1799/1676
f 1479/1799/1676 1500/1798/1675 1499/1800/1677
f 1479/1799/1676 1499/1800/1677 1480/1801/1678
f 1480/1801/1678 1499/1800/1677 1498/1802/1679
f 1480/1801/1678 1498/1802/1679 1481/1803/1680
f 1481/1803/1680 1498/1802/1679 1497/1804/1681
f 1481/1803/1680 1497/1804/1681 1482/1805/1682
f 1482/1805/1682 1497/1804/1681 1496/1806/1683
f 1482/1805/1682 1496/1806/1683 1483/1807/1684
f 1483/1807/1684 1496/1806/1683 1495/1808/1685
f 1483/1807/1684 1495/1808/1685 1484/1809/1686
f 1484/1809/1686 1495/1808/1685 1494/1810/1687
f 1484/1809/1686 1494/1810/1687 1485/1811/1688
f 1485/1811/1688 1494/1810/1687 1493/1812/1689
f 1485/1811/1688 1493/1812/1689 1486/1813/1690
f 1486/1813/1690 1493/1812/1689 1492/1814/1691
f 1486/1813/1690 1492/1814/1691 1487/1815/1692
f 1487/1815/1692 1492/1814/1691 1491/1816/1693
f 1487/1815/1692 1491/1816/1693 1488/1817/1694
f 1488/1817/1694 1491/1816/1693 1490/1818/1695
f 1488/1817/1694 1490/1818/1695 1489/1819/1696
# 1504 vertices
# 1819 texture params
# 1696 normals
# 3004 facets

# 1 groups
